{
  "auc": 0.5396574440052702,
  "f1": 0.7369973533680525,
  "bal_acc": 0.5096508563899869,
  "prec_0": 0.35111111111111104,
  "rec_0": 0.21060606060606063,
  "prec_1": 0.6787487684729063,
  "rec_1": 0.808695652173913
}