{
  "per_fold": {
    "auc": [
      0.5797101449275363,
      0.6837944664031621,
      0.5889328063241106,
      0.45454545454545453,
      0.6126482213438735
    ],
    "f1": [
      0.6938775510204082,
      0.782608695652174,
      0.7450980392156863,
      0.7450980392156863,
      0.7755102040816326
    ],
    "bal_acc": [
      0.4945652173913043,
      0.6640316205533596,
      0.5039525691699605,
      0.5039525691699605,
      0.5948616600790514
    ],
    "prec_0": [
      0.3333333333333333,
      0.5454545454545454,
      0.3333333333333333,
      0.3333333333333333,
      0.5
    ],
    "rec_0": [
      0.25,
      0.5454545454545454,
      0.18181818181818182,
      0.18181818181818182,
      0.36363636363636365
    ],
    "prec_1": [
      0.6538461538461539,
      0.782608695652174,
      0.6785714285714286,
      0.6785714285714286,
      0.7307692307692307
    ],
    "rec_1": [
      0.7391304347826086,
      0.782608695652174,
      0.8260869565217391,
      0.8260869565217391,
      0.8260869565217391
    ]
  },
  "median": {
    "auc": 0.5889328063241106,
    "f1": 0.7450980392156863,
    "bal_acc": 0.5039525691699605,
    "prec_0": 0.3333333333333333,
    "rec_0": 0.25,
    "prec_1": 0.6785714285714286,
    "rec_1": 0.8260869565217391
  }
}