{
  "auc": 0.6171277997364953,
  "f1": 0.7318499378314713,
  "bal_acc": 0.5704874835309617,
  "prec_0": 0.5082051282051282,
  "rec_0": 0.3757575757575758,
  "prec_1": 0.7116696914700544,
  "rec_1": 0.7652173913043478
}