{
  "REPS": 1,
  "M": 1,
  "ORDER": 2,
  "DELTA_T": 1e-07,
  "A0": 94247779607.69379,
  "B0": 69115038378.97545,
  "TAU": 1e-07,
  "RANDOM_STATE": 42
}