{
  "REPS": 50,
  "M": 40,
  "ORDER": 2,
  "DELTA_T": 5e-10,
  "A0": 94247779607.69379,
  "B0": 69115038378.97545,
  "TAU": 2e-08,
  "RANDOM_STATE": 42
}