q1_z_1,q1_z_8,q1_z_4,q1_z_2,q1_z_0,q1_z_6,q1_z_7,q1_z_5,q1_z_9,q1_z_3,q2_z_2_3,q2_z_0_8,q2_z_3_9,q2_z_7_8,q2_z_2_5,q2_z_1_4,q2_z_6_9,q2_z_3_6,q2_z_2_6,q2_z_4_5,q2_z_2_4,q2_z_5_9,q2_z_0_2,q2_z_4_7,q2_z_1_5,q2_z_1_7,q2_z_5_8,q2_z_4_8,q2_z_0_6,q2_z_3_4,q2_z_8_9,q2_z_3_8,q2_z_5_7,q2_z_2_9,q2_z_4_6,q2_z_0_1,q2_z_0_4,q2_z_3_5,q2_z_0_7,q2_z_4_9,q2_z_0_9,q2_z_0_3,q2_z_6_8,q2_z_1_6,q2_z_5_6,q2_z_1_2,q2_z_1_3,q2_z_6_7,q2_z_0_5,q2_z_7_9,q2_z_2_8,q2_z_2_7,q2_z_3_7,q2_z_1_8,q2_z_1_9,y,split,set
2.4911327192166732,2.6436617888421288,0.4221080641306308,-1.7443202225177294,-1.0137769464454116,2.83546421400691,1.6703026470170363,2.2278864259053286,2.964144103307784,2.32618029185256,-5.582472336859546,-2.270995011831196,4.750498210744727,2.341301384930899,-3.4834856808410835,0.6837494726259769,4.922918532172039,3.9914833592312324,-4.925527028159205,-0.06302771114274619,-2.0696436473154343,4.949155038250595,1.4368268710801528,0.43426733366448567,3.5908544125622197,2.453786294710521,3.740258544044731,0.8683576355759018,-2.7208874230394526,-1.1750106784913743,4.190460354920939,4.300109594871796,2.1203230059347566,-4.807421823565455,-1.1128659779318195,-2.35151614255239,-0.29269288318739506,4.171022543746654,-1.4140651223907825,0.7596219863224077,-2.5534655676538036,-2.1409238855751553,5.232491016805825,4.770254619122371,4.703838087233249,-3.9110982869754602,3.961587051472587,3.569309060062576,-2.136634495660851,3.107116611695697,-3.6183574931475033,-2.425023326713588,3.0467427210683304,3.746470110990775,4.541819392169934,1,44,train
0.30466343258293516,-0.1375445871230458,1.268564792549839,0.8803185020809108,2.397733262747707,1.3719825361047788,-1.0853986375899094,1.353294513485901,0.7263413045632144,1.259779782113656,0.48110926520400693,-0.35952219392430806,0.1674963773293637,-0.11309598259451524,0.17305022174160792,-0.23498311833361873,0.7002129789765912,0.9959526346741631,0.345133639002129,1.287928471909096,0.2458472686664859,0.3880117534969132,1.652058277873362,-1.7783510383240912,-0.07400558011455415,-0.7197839887222267,-0.5699733635800742,-0.8120792672955398,3.0544208513880884,0.6340940864135557,-0.43694808455454304,-0.6169486262753491,-1.1249045304038925,0.005202318373582905,0.8339248503239669,0.4728774727407829,2.816425320827193,1.2357209150549824,-2.0307367674184613,0.09259370811342552,1.580970452295621,3.0813686890703997,-0.6896477655477599,-0.148420622037299,1.1392722697255215,0.003826683712749866,-0.1703728248239081,-1.7683787269752718,2.7684594819043395,-1.1773189545064895,-0.5621197651661901,-0.9981124649919572,-1.6102540916188905,-0.21117530487171882,-0.21475738013041848,1,44,train
0.3890381622068585,0.14802571040909265,1.759186208385176,1.0362844286927146,2.4701473945466175,1.7508041208714809,-1.0033500367135217,1.6677380940380366,0.9182215016688581,1.6102164276096167,0.841853993428041,0.4304795776383652,0.47150025363851794,-0.49927738657578674,0.49367930275165733,-0.0011984858126502071,0.8344446786808173,1.7428593720637227,0.903155672542394,2.6226080744422413,0.9409840764242716,1.0282716183132687,1.84038575881742,-2.0232082022262476,0.1128801066338725,-0.7814665987014833,-0.2565800077467966,-0.26424452606638843,3.7718224261021347,0.8079145189455086,-0.03550819648750245,-0.3038582802524098,-1.4076950856009154,-0.03457143486558269,1.6103905563913037,0.5943146462138597,3.927897529025645,2.1005865735087785,-1.8495894716915806,0.9025566173671895,2.0823115129824017,3.7006494014619964,-0.5346179544913834,0.12916462901231762,2.1650750994305232,-0.06943879580379109,0.22903818118251099,-1.902754083851749,3.502555179227021,-1.2542560690510853,-0.11517692193772502,-1.0508461272729739,-1.995031511406506,-0.18706782010504372,-0.07513183886915567,1,44,train
0.22465291311197333,1.2944456005018803,1.6010371805701222,1.5703495713331344,-0.5937749820117304,1.4205494059466637,0.22313508328351195,0.44360192230716533,0.8126873932607541,1.5397937524381795,1.075954295786191,-0.5860261983583612,0.655049763862913,-0.16029593197000397,0.2549129658292801,-0.23498311833361873,0.2863319048885605,1.2370177721385183,1.233081108431164,-0.052176657463614926,1.376668413680912,0.059382796334536095,-0.8096509373239673,0.04694781985562008,-0.24188594278686962,-0.4360439828176468,0.23712185418233941,1.2130626412931207,-0.776232840009554,0.6752620835921761,0.5503770455562865,0.84585053137281,-0.21063991991254719,0.5961266522126146,1.1527634252791534,0.05764068602639129,-0.6982300402327761,0.16555886292781075,-0.08822108558127305,0.7528155753202752,-0.40486102185331513,-0.8284184951332637,0.9329975901756481,-0.23982064372436787,-0.15981393932173893,-0.20959884357456507,-0.18451126751440078,-0.1372112004469224,-0.08033234350129403,-0.2877335675845989,0.7403993779567651,-0.008580802189348037,-0.05527730237409441,-0.20715739074393963,-0.0611692847430294,1,44,train
1.9703369742965946,1.6938301470504509,1.496802594055655,0.6345540116623105,-0.5406712853591961,1.6876671900770306,1.915033818596606,1.3328191175429713,1.6689527728446891,1.3452930305361153,0.5540257528237585,-0.8843485456617483,1.004941017728166,1.8178110373118421,0.029790419588181568,2.1356750851246233,1.7852525515857527,1.5017942345993673,0.28403633605976425,1.651438770159993,0.34864919094052466,1.15292398137486,-0.3567681855299231,2.3441532121013053,1.5382794123422112,2.123784331321499,1.031337892937906,1.8347627408902474,-0.79428067836714,0.6844105274096474,1.7546967097574084,1.3129197360955556,1.442174781336071,0.44271360400440446,1.4040832431850063,-0.7297422774603323,-0.5930907772950847,1.2662969736871874,-0.647079763887607,1.385811798518595,-0.6392542450315503,-0.6666660702548615,1.8735117772509993,2.0858021303132737,1.277894273739711,0.274590412360836,1.7948707091545786,2.4793756098422604,-0.818599039104218,2.005954159776168,0.09765300340916308,0.28300533042333303,2.062981895219582,1.6531368504178214,1.7027667198575906,1,44,train
2.315109576380557,2.227722442436623,2.1096300768389886,1.4395902591232381,-0.6517062874508589,2.0163030093404517,2.47522771423539,2.188398162301107,2.3189469405400573,2.0629336251402832,1.486589252381634,-1.2323912841823665,3.2362147513934683,3.10508238391608,1.6465796153197074,3.6286155454339664,2.993337848923788,2.8889067468942637,1.8644199055022666,3.8325005596653763,2.130549177023863,3.974600199769063,-0.8141349249654924,4.405405337314004,3.3121096594459223,3.514727186353733,3.1907469064192577,3.5275105368230184,-1.1913331222340333,1.0251900596104495,2.9427417839017584,3.088809239766654,3.251485226722848,1.8632047911174614,2.2443166642433807,-1.2624989094712498,-1.484271196481231,3.620653488366965,-1.3678147490137065,3.7136043612479,-1.4205649889590006,-1.3460262547441506,3.139588567544741,3.1690616466044608,3.226523587310602,1.6825618013308838,3.3112186877099217,3.894049505847396,-1.1773048912050739,3.6168249955536456,1.421455139066807,1.9797884638184027,4.292310863473601,2.6777049530015127,3.0617886548005484,1,44,train
0.3512150075478584,0.1914820600335485,-0.3650427788579321,-0.10273945959348992,2.167617243920058,-0.5350765530199004,1.2883522636269564,-0.425139876985711,0.23224979701618179,-0.3180234877987794,0.03977262961077363,0.5022979205076992,-0.4003599199273584,-0.19462316787945033,-0.5500706843661631,-0.2144756944282706,-0.3736406186572182,-0.25679570264060064,-0.5102286021909779,-0.7357930392488844,-0.2387903649111253,-0.4392266559118292,-0.3433162226053475,-0.5451613219441399,-0.5301333579412226,-0.18314528190269508,-0.30809672377418473,-0.31964354484237,-0.9296394660490356,0.25443366798850087,-0.3881243143842273,-0.35005193786235167,-0.5263769475597084,-0.43799093200569084,-0.025063781025888805,0.6491572406855718,-0.39783214612508644,-0.6818347620218681,2.490237230190709,-0.24092043099106558,0.7280395568414877,-0.14443681279030604,-0.7154860673904894,-0.5343318247160344,-0.6509318964005814,-0.38479890328803257,-0.4778839533421245,-0.8352165264441794,-0.7810600545820355,-0.3117764158797851,-0.4897575905482481,-0.5328154448653385,-0.4797224973975464,-0.24733653202173145,-0.4102331378961864,1,44,train
0.6567097182551671,-0.8659557808282106,-1.9069958000547058,-0.715575272239871,1.0637040347188884,-1.9677992133555045,0.08733050252259471,-1.5161859750875386,-1.5282510114280994,-1.754981407368341,0.5386749133248634,-0.81805469070544,1.0164128621171906,-0.33193211151723573,0.4698026690594196,-1.1496142245121448,1.2651047152318762,1.2686328721338436,0.5650839295946423,1.7816514143095683,0.5101950687997283,1.4192267570064414,-0.7154871968519383,-0.5763249609862325,-1.0939579721991877,-0.36510898134150177,0.3744997635887077,0.5236526298586831,-1.7553280709085979,0.7278656355426355,0.6914234927149765,0.563555957089832,-0.36988120342155023,0.06770393060655741,1.2840498973195245,0.6099839589200631,-1.709569617061998,1.340553116079685,0.050530034549954694,1.256489989478078,-1.3294120688341313,-1.3968627311345054,0.5144171003234314,-1.119969000710957,1.5630595391403292,-0.5154025841653447,-0.926779508765268,-0.23799271810428035,-1.456761775981322,-0.24926501031230092,-0.20030889207648028,-0.3218807957412713,-0.42418761206737515,-0.701360828460779,-0.8570348699322273,1,44,train
-0.44743545044410593,-0.20790248651502194,-0.42614581233193016,-0.4083696592166209,-0.4988320092087144,-0.4638451439184693,0.17786688969653952,0.23299784975131646,-0.4777069322747,-0.46389902922532766,-0.4859936232263825,-0.18273858070748603,-0.38315215334382136,-0.6837862795890609,-0.5773582657287205,-0.42365141826282143,-0.5078723183614443,-0.7112627650734014,-0.5672527516038517,-0.8877077907567221,-0.7870672837059985,-0.42789462290623,0.27099008428360355,-0.08661063318191978,-0.45727961564946307,-0.5038948537948289,-0.424009334835808,-0.547395066476961,0.166766714174318,-0.18240452429574897,-0.52374589819066,-0.3397866806156979,-0.16122021123733934,-0.15389269458307947,-0.4526825756716685,0.19474717220567153,0.18794374738490846,-0.8958671724473024,-0.022699723297082173,-0.4723384050635696,-0.16395687580901797,0.22528301550318458,-0.40025878490919037,-0.0570206003502301,-0.6826169258895389,-0.2987916012468758,-0.42839940392540005,-0.547802568680603,-0.293053255793662,-0.6243334437172061,-0.3578030368331775,-0.380818418290643,-0.21791518084102462,-0.5125188644551575,-0.1542529789172046,1,44,train
-0.5012607089972985,-0.5886628832245399,-0.2266623795197601,-0.31226944180934774,-0.47952157406233825,-0.31005005608583386,-0.37242458859509386,1.2479924772079767,-0.6480006072059589,-0.3331140610498017,-0.11373576537817708,0.2039755732043121,-0.5724375857627287,-0.6365863302135721,-0.8672888177058928,-0.3416217226414289,-0.40719854358327473,-0.6124655775880099,-0.6405695151346894,-0.7086654050510562,-0.6304167354788919,-0.9888302566833909,0.18579431909462493,-0.6831717234162644,-0.7962078950067792,-0.3311835458529107,-1.0078654498128732,-0.5904831921916134,0.29761354226681697,0.03487101636919207,-0.07348223995330358,-0.6580096552619641,-0.5648144987515368,-0.3357155665335508,-0.41517215508870536,0.37886159650356216,0.132870800131832,-0.7036748039020144,0.5207421638835598,-0.635692269114749,0.1681001903601484,0.2437690069178591,-0.5294502941228375,-0.2465910157011878,-0.7103413266923768,-0.1586315534761018,-0.21985737424063256,-0.38356602138713075,-0.6851270941364578,-0.6243334437172061,-0.3450332413123642,-0.09543624594631686,-0.17428062808160433,-0.33974855696065265,-0.2566450425087973,1,44,train
0.1533708139469346,0.056974311195947064,0.17589878219128577,0.8046986588751875,-0.4038890364056984,-0.012173254388939982,-0.24369316308214106,-0.20722316302167304,0.009189067880870927,0.20343965454209983,-0.45529194422859237,-0.30980180270707686,-0.3888880755383337,-0.7181135154985072,-0.5944130040803189,-0.4728692356356569,-0.7204058428931358,-0.8653863775506121,-0.5468869839563968,-0.9419630591523784,-0.5276148132048532,-0.31457429285023786,-0.2536364697748437,-0.38489117829909214,-0.16586464648242488,-0.5254837672875687,-0.3510273204636748,-0.5043069407623086,0.1938384717106971,-0.3447894020558628,-0.6268183018835487,-0.28846039438242915,-0.22985869550846136,-0.42094503776033415,-0.5502096691873726,0.045888701496738696,0.10783764228952453,-0.9177072143274487,0.05823843011280068,-0.5948538031019541,-0.059782109952024605,-0.09360033639995108,-0.6121328600195717,-0.45647254698260525,-0.8410420733343268,-0.27012250056649023,-0.3895186865265451,-0.37236807498075764,-0.03445136241862643,-0.3117764158797851,-0.5536065681523146,-0.47387782231596676,-0.27345006617119594,-0.22724696138283554,-0.4614291696919827,1,44,train
-0.22922494279602826,-0.21411053646137276,-1.9555187972252337,-1.2023780128767136,-0.6050394025137832,-1.804290751554492,1.9192777117453848,-1.7238649910801118,-0.6935721540185492,-1.934391556019383,1.1987610117773515,0.08796132703077263,0.39119734291534514,-1.1472039643665868,1.189512627496871,0.17106387499227396,0.2751459299132083,1.3713819471186506,1.0945938884284703,2.3404806787848282,1.4598890174265624,0.3993437865025124,0.495189466359863,-3.229686227998691,0.13188543070998368,-0.8647381221734796,0.12120924312071617,-0.38735345667968085,0.8706324101201746,0.8193500737173476,-0.12773087347587664,-0.3397866806156979,-2.3274507748339506,0.07338589535500964,1.3065561496693023,0.1869125158525698,0.7436798514841344,2.0525384813724563,-0.7819766862374118,0.3512373261944594,0.23972034188683136,0.95085817852916,-0.27106727569554323,0.09192758313980808,1.788815374249152,-0.018471505705327816,0.1760190210931633,-2.768728605944603,0.7496963142669653,-1.2734903476872343,-0.004505360757343214,-1.9473183860502594,-3.0263936675382586,-0.4843934655607032,-0.4428124308571477,1,44,train
-0.5710880714446833,-0.6714368825092176,-1.1503964738031422,-0.9298314946560865,-0.580901358580813,-1.0595987473122572,-0.25501021147888414,-0.8448854938157708,-0.679181139235626,-1.0960263754070367,0.3429517097139513,0.3862836743341597,-0.27416963164808683,-0.3576775384493205,0.09800937299457506,0.05212081634125489,-0.03806136939665278,-0.05920132766981773,0.06408604546725102,-0.00877244274708988,0.1626266649208355,0.13304101087093098,0.46828554051071186,0.05139976829020474,0.01785348625331658,-0.46996941830623784,-0.024754785623550137,-0.07342568361578514,0.6405224710609522,0.11034567786332948,-0.06805737660104628,-0.2422667367724873,0.028222005350957445,-0.10275501184700943,0.19624770041359366,0.382778924680113,0.608500799135674,0.07383068703119604,0.1430307813041065,-0.37024224003158257,0.41551525927050764,0.5672738566746635,0.23019578005340763,0.03437942133683878,0.1926820137429141,0.18539765468852526,0.1159306396585693,-0.21186417648940978,0.3993324587265945,-0.6147163043991317,0.1402189884785407,-0.03649862339694516,-0.22188195836460828,-0.07456622452722662,-0.0006648835298155182,1,44,train
0.4239518434305509,1.9338747449760165,0.8426407062752055,0.7857936980737568,1.250371574467191,0.6159582622327711,2.4143985791028952,2.4194776307998858,1.2060417973273236,0.8405971918074829,0.5501880429490347,2.0160076086767376,0.6493138416684007,2.5773011318083427,0.7017471106411575,0.023410422873767534,0.8400376661684934,1.00780829717241,0.20257326546994453,1.287928471909096,0.6129969910737672,2.0141584898004,0.5086414292844386,1.3869842986656034,0.34727910357257713,0.08208994100810793,2.907404968268623,1.14535272945581,0.6269865922927627,0.9016860680745884,1.2610341447019935,0.8561157886194638,3.495838230728042,0.4256677097590478,0.8339248503239669,-0.0637964874466855,1.0641042718656701,1.5283774762489437,2.482528834627863,0.7119771093074804,1.4442410721083172,1.0063161527731836,0.49891411921779366,-0.22627989977072804,0.8857920338138611,0.09301944138506059,0.020496151497743507,0.9004651665436522,2.559909567892214,1.7751428161423801,0.47223367201968613,0.7824241320259038,1.4600317116348651,0.049989113433928,0.09241881064435968,1,44,train
1.4219012317410928,0.7233050054376035,-0.35785418668452057,-0.27288410680636693,-0.5197516472839552,-0.4865096831780156,1.8046925967283607,0.401188602139668,0.5536491271681351,-0.38006251116409306,-0.2557310307429565,-0.27665487522892274,-0.7731948625706608,0.44043069644530725,-0.6694538528273517,-0.46056478129244804,-0.6532899930410228,-0.4425344151131366,-0.5835453657218157,-0.784622780804975,-0.3269062982888728,0.00838864780933965,0.26650609664207836,-0.5674210641170633,0.1128801066338725,1.2818167051046472,-0.28233836576049065,-0.7320584623968996,0.4059005724123334,0.2612950008516043,0.24658469782987744,-0.44243925308223536,0.21491868256840935,-0.5970859449623532,-0.14509712689137083,-0.6670650266355185,0.19295037895336994,-0.5857385777492241,-0.6894759394832599,-0.622079447110484,-0.30068625599632176,0.24839050477152774,-0.7103184070219435,-0.6968207521597123,-0.9321365331150798,-0.6969735551411201,-0.5803876628481967,-0.6672473303485827,-0.301395252354147,0.5201061351336586,-0.6813045233604474,-0.8709312794906814,-0.5590580478692198,0.2307952491839912,0.16688576598369984,1,44,train
-0.12011968897198942,0.8867836540248422,0.8444378543185583,0.7605870836718491,-0.5583725175767075,1.0061121166292462,-0.281888201421149,0.8194716906880898,0.807890388333113,0.7316097183278779,0.19328102459972432,-0.38162014557641083,0.17323229952387603,-0.743858942430592,-0.22603065568579403,-0.46466626607351763,0.24158800498715174,-0.16985417765345617,0.0029887425248862364,-0.16068719425492756,0.19689397234551506,0.24636134092692308,-0.09221291467993685,-0.7187873108929417,-0.3369125631674255,-0.5100631147927546,0.09974394477597112,0.018906014344184183,-0.523563103003349,0.03715812732355987,0.14351229413698863,0.152945667223682,-0.32046149474634245,-0.07434518810474829,0.16623936394722316,0.1869125158525698,-0.26265309377662605,-0.1707777820264432,0.22396893471398938,0.03814242009636574,-0.7304071651564195,-0.19989478703432964,0.19402215747358642,-0.392154013202816,-0.03703445005202832,-0.44213710464880374,-0.308222641056212,-0.618722895920966,-0.6350751147735477,-0.7733991031473607,-0.09815052790997399,-0.5328154448653385,-0.7097955937653989,-0.4241247536440154,-0.7453344369232171,1,44,train
1.6895727877894013,-2.0330691707421678,2.111427224882341,0.888195569081507,-0.9156155677846662,1.822035529972912,-0.3865708990910227,1.919292958479745,-0.6240155825677534,2.242343773791325,-0.47448049360221123,1.8005525800687356,-1.4328259149395803,0.03279477002063177,0.5141449887735754,2.5663309871369338,-0.6588829805286988,2.8454359844006913,0.30032895017772815,3.3713307783022977,0.020662105590020085,-1.1644767682701787,-0.8948467025129458,-1.0615873403559606,1.918385893864435,-1.1762353025687249,-3.1930328213079187,-3.994445123649149,-1.5252181318493756,1.0983776101502192,0.25200956118213474,-3.9428919741911637,-0.7377834791147643,-0.8811841823849647,1.9404822575213792,-1.4348613492394877,-1.779662459020459,3.511453278966233,0.3550116592823711,-1.690685974445282,0.3438951077438247,-1.969928464989416,-3.3148192327690698,1.7811353913563777,2.545295453298014,-0.2924206899845679,2.4311006302267506,-0.7754941456101895,-1.70285067451563,-0.06653936326888553,-1.5198544292271867,-0.5669372263412905,-0.9835032428926718,-2.4933505294502942,-1.094398290076374,1,44,train
0.5156002566427436,0.5660344067967156,1.0726756558243744,0.32734839863906035,-0.49561360335098503,1.1259103955725622,-0.2804735703715561,0.5664542979647438,0.6975592749973678,0.8556877650585051,0.08198743823273508,-0.44791400053271907,0.035570166855579774,-0.6580408526569761,-0.3488247718173023,0.12594754240050812,0.29751787986391265,0.15420059729862784,-0.506155448661487,-0.19324035529232134,-0.1261977833728924,-0.22391802880544417,-0.1549887416612895,-0.6831717234162644,-0.07717313412723935,-0.5285678977865316,-0.16642575469886742,0.17894762414146434,-0.5100272242351594,0.2498594460797653,-0.30675136410036774,0.10675200961374014,-0.46872062077196597,-0.0572992938593916,0.10997373307277845,-0.15781236368390622,-0.6331438298427767,-0.2537699411709994,0.11605139683414557,-0.11840503295268111,-0.4504374819157498,-0.5742361131814889,0.2405311007904994,-0.050250228373410186,0.030296237612006522,-0.040769695123405496,-0.043126840609473686,-0.7792267944123139,-0.318079245475117,-0.6243334437172061,-0.03855814881284531,-0.272249113594432,-0.7058288162418153,-0.126799108188356,-0.3311119978481375,1,44,train
2.8504526884771746,2.5774425894143866,1.958669641197346,2.2603806405853577,1.3614065765588539,2.137720183945164,1.3562545540074151,1.072489083411436,2.5228196499648035,2.066287085862733,2.641739924673488,2.734191037370077,3.7925992042611654,1.671920284696695,1.230443999540707,4.202823414783714,3.6197524475435103,3.0667416843679685,3.3063162549420753,1.6677153506786901,3.163463729396347,2.2181350839011857,2.2349766712716366,2.0681324091570565,1.8582023676234163,2.1916352022986807,1.5937287095702262,3.779883844580268,2.3189714383164564,1.0709322786978055,3.572025932763606,3.833040390149051,0.6212585094534517,3.658705651628365,2.2105572857187137,2.9486288803209284,1.985324480462585,1.5895295935133535,1.5613755648677679,3.693185128241503,2.9808188684989694,2.4112515002884476,3.7287018495589717,4.099987793417199,1.4125556490677806,3.533311523031331,4.145386806448992,2.0202598071809628,1.058350187004911,1.8568885003460132,3.175173723925165,1.5144914436917838,2.0828157828375002,4.248709376963173,4.4347731438696325,1,44,train
-0.7078333229041452,1.4827564488745224,2.0611070796684605,2.1753083169789194,-0.7192928104631754,1.8754590867989853,-0.10223005812285227,1.4147207013146903,1.676148280236151,2.0947915020035524,2.6148759555504215,-0.9672158643571336,2.0947662346855114,-0.722404419987188,1.5306073945288383,-1.6007775504298034,1.925077238777655,2.572755746941011,2.6709043043414815,2.345906205624394,3.325009607255551,1.3852306579896438,-1.6616085892137533,-0.6030366515937405,-1.0939579721991877,-0.42062333032283267,0.988407296248416,2.068669709055503,-1.213892920181016,1.043486947245392,1.391230865156169,1.7799889408183012,-0.3808633609049298,2.323443935742092,2.0867728977949356,0.6256532716262666,-1.2589727759004634,2.2141547912855395,0.11990559461556856,2.3182901058107435,-1.0038659255310272,-1.3876197354271682,1.4394283062931448,-1.3163097880387347,1.6501933702349625,-1.5889011318642274,-1.5700786511826863,-0.6635146815464584,-0.9812679720336759,-0.5473963291726102,1.493817313684749,-0.5173055441944512,-0.5193902726333831,-1.3803883160554609,-1.3596868184727733,1,44,train
-0.0910249546189124,-0.2203185864077236,-0.6921237227481569,-0.6194750548325979,0.7981855514562165,-0.5464088226496736,0.08167197832422315,-0.8785236442934411,-0.12272856762925914,-0.6869041672682117,-0.21351622212099503,-0.3374242422722053,-0.35447254237125964,-0.700949897543784,-0.004319057115015177,-0.3621291465467771,-0.41279153107095085,-0.6006099150897629,-0.11513270983035234,-0.3234529994418965,-0.3171156390246786,-0.22391802880544417,-0.4464479383604269,-0.6386522390704178,-0.295734361002518,-0.803055512194223,-0.41542321549790995,-0.46121881504765627,-0.2708933659971441,-0.16639474761517434,-0.5888442584177476,-0.498898167938831,-0.238095313620996,-0.2220762715645062,-0.29138776716492704,-0.02854053385772772,-0.39282551455662496,-0.10525765638600412,-0.022699723297082173,-0.6765307351275438,0.18763295895833465,-0.16754430205864923,-0.4054264452777363,-0.2872132475621073,-0.3142784580804071,-0.20004247668110323,-0.28701497702047296,-0.6112575983167172,-0.6183911216525777,-0.6339505830352806,-0.34928983981930195,-0.306370895070384,-0.4836892749211301,-0.35582021347176934,-0.5405503097400317,1,44,train
1.781221201001594,0.7605533051157085,-0.3596513347278735,1.6270644537374266,-0.4553835301293681,-1.0304586254071262,0.9460115496254776,0.09844524784063531,-0.4009548534324425,-0.034656056751806476,-0.21735393199571879,-0.4423895126196934,-0.09635604361820416,0.08428562388480129,-0.5705363703880811,-0.6984508985944862,-0.2953387938297529,-0.6717438900792448,-1.5692485198586341,-0.42653800939364345,-0.7136373392245423,-0.3938985238894323,-0.3612521731714483,-0.5941327547245712,-0.3369125631674255,0.7205049542934129,-0.2608730674157456,-0.36888711708768696,0.24347002719405877,0.2590078898972365,-0.4260983578500284,-0.18580782191589168,-0.05414417577438898,-0.34707949603045524,-0.111337748366704,-0.6161397603403572,-0.09242762044893527,-0.4328582845881995,-0.48520345706784135,-0.1660499099676084,0.3373841848777626,0.09125957774679425,-0.9376954632379624,-1.4043246237373936,-0.6271681242838631,1.3576453269531805,-0.18804587818702398,-1.103967240197134,-0.030280364138383923,-0.7637819638292862,0.21258116309648264,0.7017726485372898,-0.09494507760993104,0.315171445867354,-0.7499886216319258,1,44,train
0.1330044998997807,0.061113011160180954,-0.5375689910198089,-0.23349877180338616,-0.4183718627654805,-0.6144024404283124,0.3575250329948363,-0.036107354070045866,-0.29302224256051795,-0.4974336364498215,-0.48215591335165875,0.11558376659590107,-0.49213467503955594,-0.5507682404399562,-0.5193721553332861,-0.5425944769138404,-0.5302442683121488,-0.9997505525307444,-0.24954677630355485,-0.844303576040197,-0.5667774502616298,-0.3655684413754343,-0.2087965933595918,-0.27804441586906026,-0.3337450091547403,-0.5100631147927546,-0.2093563513883575,-0.32579899137303464,0.1081112395121633,-0.38367028828011535,-0.5183210348384026,-0.45270451032888914,-0.29575164040873847,-0.4152630730118819,-0.4489315336133722,0.05764068602639129,0.45830185208182916,-0.502746418604668,0.004279661172878778,-0.6969499681339412,0.02485988730678251,0.12361006272247467,-0.3950911245406445,-0.49709477884352476,-0.6865775545756586,-0.496289850378421,-0.36124180114555965,-0.21932947409365852,-0.09284533834202155,-0.2877335675845989,-0.43867840846499495,-0.5048976236577414,-0.41228727949662414,-0.46028598079402805,-0.4428124308571477,1,44,train
-0.05611127339521997,-0.3155086855851031,-0.06671620366135347,-0.18466095639968996,-0.35883135439748737,0.17723753799441103,0.6729877570540503,0.36316286681708415,0.08114414179548733,-0.06651393361507563,-0.5896117898439243,-0.00043047957763836417,-0.4634550640669942,-0.700949897543784,-0.7786041782775813,-0.3621291465467771,-0.34567568121883774,-0.8653863775506121,-0.8686661127861847,-0.5784527609014811,-0.8262299207627752,-0.18992192978864653,-0.08324493939688647,-0.34482364238783014,-0.2862316989644624,-0.5378202892834201,-0.3510273204636748,-0.5104623872929732,-0.018223628990939177,-0.34021518014712715,-0.9848592831325309,-0.6015507404053685,-0.07061741199945827,-0.1823025183253406,-0.42267423920529795,0.1869125158525698,-0.06739446260662778,-0.41538625108408245,0.0428216389871087,-0.4246935280486423,0.04439265590496877,-0.12595082137563152,-0.8240069351299529,-0.4463169890173754,-0.5439949218753495,-0.37205708076341676,-0.2728765343299802,-0.234260069302156,-0.15123931426541667,-0.38871353042438106,-0.5876593562078166,-0.4180421799007725,-0.14254640789293502,-0.3638560417273277,-0.3869622143526426,1,44,train
0.16064449753520385,-0.1561687369620983,1.2272303875527224,0.9764187194881839,-0.5728553439364896,1.1858095350442202,-0.31725397766097124,1.1968039873506522,0.5056790778917241,1.0518652173217942,0.3621402590875701,0.17635313363918362,-0.11929973239625354,-0.4735319596437019,0.23444727980736205,-0.16935936183650477,-0.043654356884328865,0.49406292224837445,0.32884102488416506,1.1577158277595208,0.3535445205726217,0.13304101087093098,-0.8275868878900681,-0.7633067952387883,-0.3464152252054811,-0.5532409417782341,-0.3896648574842159,-0.8613228395408568,-0.6228262139700724,0.3207598856651671,-0.5942691217700049,-0.6836727983785985,-0.5044126325929494,-0.4323089672572386,0.6388706632925586,0.17124320314636635,-0.5830775141581618,0.8557041863404358,0.17771856133691344,-0.45872558305930466,-0.30719717886238385,-0.5881006067424949,-0.8033362936557694,-0.1145687621531994,0.6085480257854823,-0.22552612173033484,-0.1809766568417776,-0.5963270031082198,-0.7226660786586404,-0.662802000989504,-0.5961725532216922,-0.5452233654020483,-0.6383935983408929,-0.49242929381626155,-0.554512863866158,1,44,train
0.266840277923935,-0.8369848810785733,0.5353283908618623,-0.5170731838248479,2.190146084924163,0.24199336445025754,-0.6412044880177425,0.13062087003666778,-0.6503991096697794,0.3258409709115024,-0.8006858329537315,-1.4478463127903685,-0.4233036087054078,-0.40487748782480926,-0.498906469311368,-0.3498246922035682,-0.1275491691994702,-0.5492353775973594,-0.8238614239617839,-0.31802747260233083,-1.051415083839241,-0.4618907219230276,-1.343245466665465,-0.7098834140237724,-0.295734361002518,-0.4915583317989776,-0.3982509768221139,-0.9351881979088322,0.8390486929943989,0.22012700367298388,-0.14400546353264856,-0.7965906280917897,-0.1365103568997354,-0.3641253902758119,-0.07382732778374088,0.4376215191518251,1.3094292187202832,-0.4372262929642288,-0.9862491686528304,-0.7241756121424711,-0.7173853194242953,0.8722927150167933,-0.7826656521815858,-0.24320582971277782,-0.4132941752333995,-0.5090316729030367,-0.28701497702047296,-0.6933758719634534,0.2700315120390767,-0.6195248740581688,-0.3109804532568621,-0.002376841920993122,-0.7415298139540683,-0.5888592328829619,-0.4660833544006915,1,44,train
0.17664660142939623,1.008875302969742,0.6557373097665056,1.1497141935012993,-0.5117056326396319,0.556059122761113,0.33630556725094296,0.05018181454658663,0.5680401419510583,0.7232260665217545,0.20095644434917187,-0.591550686271387,-0.2569618650645498,-0.18604135890208873,-0.46138604493785157,-0.18166381617971364,-0.17229306910087894,-0.15799851515520918,0.007061896054377222,-0.6652611903345312,-0.14577910190128074,-0.47888877143142644,-0.2536364697748437,-0.059898942574411806,-0.34958277921816633,-0.4514646353124609,-0.2479938884088986,-0.10420291626910824,-0.38369235573205696,0.06460345877597347,-0.03550819648750245,0.09135412374375952,-0.2902605616670487,0.13588750758798415,-0.01756169690929618,-0.0520445029170329,-0.1525071992704732,-0.7866669630465706,-0.0072829321713902,-0.5131768710763644,0.08345819310134128,-0.1629228042049806,-0.1832170494302632,-0.49370959285511484,-0.6469712677144617,-0.2987916012468758,-0.07847294733570546,-0.12228060523842493,-0.15541031254565918,-0.4800763539460888,0.1742717765340428,-0.1729857493007533,-0.20204807074668996,-0.5968950611385202,-0.1775239024607484,1,44,train
0.8923770665150911,0.02800341144630983,0.510168318254922,0.34152711924013346,-0.46342954477369147,0.46216317440013566,0.2867934805151919,0.9949750844846305,0.09073815165076951,0.42476806222375924,-0.34016064798687934,-0.2048365323595888,-0.46919098626150657,-0.5164410045305099,-0.362468562498581,0.10133863371409038,-0.6253250556026423,-0.5531872650967751,-0.485789681014032,-0.33430405312102773,-0.5667774502616298,-0.06526956672705522,-0.03392107534010939,-0.3181119517803222,0.3409439955472067,-0.343520067848762,-0.2050632917194085,-0.29502175871971154,-0.20321397215619635,0.04401946018666327,-0.4098237677932565,-0.3705824523556592,-0.10081834507875195,-0.6027679097108055,-0.1413460848330745,-0.31058816256938987,-0.5680576194527773,-0.12272968989012122,-0.0034287343899672075,-0.07756656693988627,0.2983186476813901,-0.421726684010424,-0.772330331444494,0.26457206854871596,-0.2033808548690556,-0.21915521046802694,0.04170381553348257,-0.21559682529153415,-0.530800157767485,-0.4512249359918653,-0.6387385382910697,-0.3280847560096262,-0.2853503987419469,-0.5727875763718452,-0.3869622143526426,1,44,train
0.33084869350070445,-0.4293229346015351,-1.508028934430366,-0.545430625026994,2.3752044217436015,-1.5404107587469174,-0.4686194999674102,-1.505948277116074,-1.038956508808708,-1.4649070548764689,0.25084667272058087,-0.9837893280962107,0.13881676635680198,-0.6065499987928066,0.1457626403790505,-0.526188537789562,0.5492023168093367,0.6798016347209104,0.2310853401763814,1.5266516528499836,0.4122884761577867,0.6883106281452923,-1.3028895778917382,0.3363244681036231,-0.7043488286389085,-0.6395965957491933,0.2285357348444414,0.07430503312016577,-2.99611695799264,0.574629201599993,-0.051782786544274366,0.09135412374375952,0.31650363928966996,0.03361214211584404,0.7138915044584848,0.613901287096614,-2.5857301415427596,0.9736404124932261,-0.9284362019314855,0.1674642291368827,-2.0521245069670226,-2.3026763104535575,-0.06952852132225372,-0.49032440686670486,0.9729258649084944,-0.34975889134533905,-0.6121991589018053,0.06435183486779353,-3.1585290743202656,-0.3502449731520831,-0.05984114134753412,-0.058212484336187365,0.27396523208334966,-0.35180229934399015,-0.7453344369232171,1,44,train
0.21301501937074252,0.2783947592824602,0.4903996897780403,0.10521510922224868,-0.4972228062798497,0.24523115577304988,1.5189371247105974,-1.3904085428666848,1.071725659353373,0.496867467756421,-0.16746370362430982,-0.09434677409907505,-0.07914827703466712,-0.4735319596437019,-0.46820794027849094,-0.21857717920934025,-0.2058509940269355,-0.3437372276277451,-0.502082295131996,-1.5170689041463352,-0.33669695755306694,-1.6404221545053455,-0.23570051920874294,0.44762317896823967,-0.6283275323344637,-0.20165006489647203,-0.5742664232490233,-0.30733265178104074,-0.15358241667283468,0.19954300508367367,-0.1819795069984497,-0.5348265683021192,-1.5394809754014696,-0.8243645349004424,-0.12259087454159294,0.15165656226361202,-0.32773930416662556,-1.3370360184262589,-0.5815584016034161,-0.20008196497827077,-0.3397517931926943,-0.03352086430225885,-0.4364324074890116,-0.2939836195389272,-0.9994672207791147,-0.1650024647384097,-0.19158048885964715,0.14647010851452963,0.5953693778979924,0.6932146428589995,-0.6004291517286299,-0.4180421799007725,0.4366031105502799,-0.49242929381626155,-0.1635613483346221,1,44,train
0.7483581314673597,1.4123985494825462,0.9774268095266717,1.4443164993235957,0.9076113506190145,0.8280335938756683,0.30376905311030655,-0.17065995598072703,1.1077031963106814,1.0250375315421991,0.5885651416962724,0.9166345139846258,0.15028861074582667,-0.25469583072098145,-0.6182896377725566,0.1956727836786917,0.23599501749947566,0.2529977847840193,0.30440210370721915,-0.8171759418423689,0.6276829799700584,-0.3769004743810335,1.1408836867394903,-0.12222622065859708,-0.3432476711927959,-0.22940723938713745,-0.5828525425869213,0.8191140633305849,0.6360105114715556,0.4053829909767757,0.23573497112536282,0.8561157886194638,-0.2792784041836692,0.8177232774022515,0.4213102239113724,0.6334879279793683,0.6435472201149045,-0.712410820654073,0.24323992362110433,0.43972066922218156,1.053585700144592,0.9554796763828287,0.3800579307412383,0.04453497930206866,-0.6350893816561025,0.3510413475085309,0.32800728001595997,-0.2753192061255241,-0.318079245475117,-0.4416077966737908,0.744655976463703,-0.03649862339694516,0.008191138003244213,0.11025782535061572,0.09241881064435968,1,44,train
-0.48525860510310603,0.7750387549905271,0.9684410693099073,1.2804735057111958,-0.5680277351498956,0.86526819408778,0.19908635544043285,0.8487222563208466,1.0429436297875265,0.8489808436136064,0.6307799503182339,-0.271130387315897,0.505915786805592,-0.022986988332218558,0.12188600668681278,-0.776379109434809,0.0905773428198973,7.698482141715022e-05,0.4143772490034758,0.37643996286206993,0.4955090799034371,0.3596816709829152,-0.6661633327951612,-0.19790934404653632,-0.777202570930668,-0.5933346382647509,-0.12349515800937734,0.18510307067212897,-0.5641707393079176,0.3276212185282705,0.035015027091842524,0.13241515273037452,-0.13376481752889052,0.5620348637219013,0.3237831303956683,0.24567243850083276,-0.6481637245481612,0.38832729010530365,-0.1614508434283099,0.6575258212904206,-0.46997025051393604,-0.6897735595232047,0.17851917636794878,-0.6291170323915132,-0.009310049249190447,-0.7702390346576611,-0.6369414336101675,-0.16707239086391734,-0.44320919388239227,-0.2156050226990402,0.2508905496589225,-0.1667817890323984,-0.33691850654853456,-0.8460057370608295,-1.0106229653196164,1,44,train
0.5330570972545898,-0.1520300369978644,-0.29675115321052253,-0.354805603612567,-0.46503874770255615,-0.32300122137700316,0.9969382674108216,0.8925981047699818,-0.32420277459018504,-0.2777819591293868,-0.4668050738527637,0.2371225006824662,-0.6642123408749263,-0.4692410551550212,-0.8672888177058928,-0.3826365704521252,-0.3121177562927812,-0.7349740900698953,-0.46542391336657707,-0.8497291028797627,-0.5912540984221153,-0.9095060256441964,-0.08324493939688647,-0.5095457344674627,-0.1436917683936285,-0.09370549743277312,-0.3724926188084199,-0.43044158239433317,0.0043361689560434055,-0.10235564089287594,-0.6485177552925779,-0.26792987988912165,0.28355716683953136,-0.13116483558927056,-0.32889818774789015,-0.02070587750462599,0.3932156416918297,-0.7822989546705413,-0.3310355458109216,-0.5812409810976892,0.37644972207413513,0.16058204555182373,-0.2555642945899056,-0.31767992145779694,-0.7459869848674541,-0.5345153179522685,-0.29054958769309613,-0.5104760806593593,-0.2763692626726919,-0.7253134065569883,-0.4131388174233684,-0.6134669283539523,-0.3924533918787058,-0.4683218090495864,-0.5172793861964878,1,44,train
-0.11284600538372017,-0.025799688088730746,0.0860413800236416,-0.0980132193931322,-0.3523945426820287,0.31646256487448104,0.2627447526721128,-0.32568795383433796,0.08833964918694896,0.020676045168608367,-0.708580795960361,0.16530415781313224,-0.9051210730444448,-0.8468406501589311,-0.5944130040803189,-0.4195499334817518,-0.6197320681149662,-0.5887542525915159,-0.6364963616051985,-1.0450480691041253,-0.816439261498581,-0.8018517120910038,-0.08772892703841166,-0.38489117829909214,-0.39392853539575906,-0.6334283347512676,-0.7073512729864425,-0.6274158713756011,-0.0001757906333531106,-0.32877962537528815,-0.827538245917069,-0.7247338273652134,-0.35889904593817074,-0.61413183920771,-0.6889982253443362,-0.02854053385772772,0.057771326604909586,-0.41975425946011174,-0.08051269001842706,-0.7650140781552659,0.5457337165917493,0.03118010564910201,-0.45193538859464927,-0.15180580802570895,-0.8568845880788055,-0.1936715654187953,-0.2976188090383425,-0.2715865573233997,0.04479760490598124,-0.4319906573557163,-0.5834027577008789,-0.3342887162779811,-0.15047996294010232,-0.4080530971328987,0.013297670596310762,1,44,train
-1.0802459226235313,1.5386288983916798,1.9083494959834655,1.5593216775322998,2.597274425926927,1.9175503739952857,0.5230368657972042,1.3313565892613335,1.632975235887381,1.8919071282953648,1.5096155116299765,3.3971295869331595,1.9972555573788016,-0.04873241526430332,0.9916776626183298,-1.9904186046314176,1.7572876141473721,2.315883059478993,1.7707373743239738,1.8793108974217496,1.8074574213054553,1.640201400615626,3.0734823602368473,0.6123452710478722,-1.4645617916833558,-0.7722142072045948,1.1515435636684783,2.056358815994174,4.439592445332819,1.043486947245392,1.6461994427122624,1.8929067705314924,0.2972848636937558,1.3404640342598564,1.7679343228397488,-2.3475988143758393,4.498653527830255,1.7948259871867294,1.1027260288784317,2.0664528987318422,3.6644657694354885,4.380009585951285,1.4549312873987825,-2.033969217581646,1.5749414251986882,-1.5283774748723022,-1.9270743291176273,0.5160023399248421,3.0312323735596176,0.22197481627334928,1.0000518868799686,0.08758058197015316,0.5000715509276186,-1.6335169061055492,-1.7227132257520565,1,44,train
-0.17249021080752808,-0.7397254319190769,-0.5411632871065147,-0.33905146961137467,0.7724383045943816,-0.46222624825707315,-0.6426191190673355,0.1891220013021813,-0.5880380456104451,-0.641632447515145,-0.1559505740001385,-0.5086833675760016,-0.3372647757877226,-0.430622914756894,-0.5910020564099993,-0.44415884216816953,-0.3121177562927812,-0.6124655775880099,-0.5631795980743607,-0.9419630591523784,-0.33669695755306694,-0.4618907219230276,-0.3119283091146712,-0.059898942574411806,-0.32740990112936996,-0.3897820253332044,-0.4025440364910629,-0.4919960477009794,-0.1355345783152486,-0.07719742039483014,-0.42067349449777114,-0.4475718817055623,-0.40282767587168883,-0.3811712845211686,-0.21636692599900076,0.19082984402912065,-0.33274593573508704,-0.6599947201417217,-0.14603405230261793,-0.7854333111616633,-0.17697872154114214,-0.2645957569856905,-0.462270709331741,-0.2601317596548276,-0.7974751577870102,-0.3656861695011088,-0.5026262280504867,-0.35743747977226015,0.19912454127495408,-0.35505354281112034,-0.14071651297935162,-0.21951545131341518,-0.27345006617119594,-0.31162315806619834,-0.27060759663492356,1,44,train
0.1330044998997807,-0.5948709331708907,-1.3462856105286065,-0.4650845416209132,-0.5648093292921662,-1.355856653347755,0.2500130732257768,-0.34177576493235423,-1.04855051866399,-1.1832163541907206,0.12420224685469652,0.33656328311692857,-0.25122594287003747,-0.5550591449286371,-0.3761123531798597,-0.4195499334817518,0.2695529424255322,0.12653738480271823,-0.204742087479154,-0.697814351371925,-0.04297717962724199,-0.1502598142690493,0.21269824494377607,-0.6520080843741718,-0.5016253718270558,-0.485390070801052,-0.3896648574842159,0.04968324699750729,0.6540583498291417,0.1812461174487313,0.056714480500871745,0.20427195345695073,-0.18867560494578814,-0.21071234206760175,0.36879563509522406,0.3592749556208078,0.7036267989364424,-0.3804421840758483,0.015842254517147755,0.22191551715394248,0.5327118708596251,0.687432800870048,0.15784853489376524,-0.42939105907532554,-0.15981393932173893,-0.3147188794026456,-0.5273685027588491,-0.6075249495145929,0.06565259630719378,-0.42718208769667904,-0.21733528610423133,-0.30947287520456146,-0.5193902726333831,-0.40001726887734035,-0.40092476847876884,1,44,train
1.9834296047554794,1.4889644988208732,1.511179778402478,0.5794145426581374,-0.6323958523044827,1.5079697716620566,1.8556193145137048,1.280168099404009,1.7576973640060494,1.2648099731973301,0.4350567467073217,-0.6191731258365154,1.2974730496482956,1.2642843582720196,0.04684515793977994,2.180791417716389,1.61746292695547,1.3634781721198193,0.2677437219418003,1.4669708576147618,0.3633351798368159,1.498550988045636,-0.47335186420957803,2.2729220371479513,1.4400852379489701,2.1207002008225357,0.6234972243877502,1.4715913955810347,-1.028902577015759,0.7804691874930949,1.537702175667116,0.9074420748527325,1.260969182860309,0.4881693219920223,1.3028051076110059,-1.0117899061719946,-1.1788666708050797,1.100312655398075,-0.9746865753085614,1.7057131156188212,-0.6132105535673019,-0.8376614908406009,1.1293686841803918,1.9300835748464158,1.3135399319147882,0.3510413475085309,1.664090114267521,2.065051592806455,-0.9061900029893107,1.8665056396640878,-0.03855814881284531,0.2116597873372515,1.7773739135215583,1.291524578917695,1.991326171797534,1,44,train
0.21010554593543482,0.31150435899633133,1.018761214523788,0.48646515205110274,-0.5004412121375791,1.014206594936227,0.04913546418358673,0.07065721048951637,0.6711757478953418,0.7014285718258334,-0.12908660487707213,-0.2821793631419484,-0.13077157678527823,-0.6408772347022529,-0.2737839230702695,-0.210374209647201,-0.22822294397763984,-0.04734566517157075,-0.2373273157150819,-0.7303675124093187,-0.2681623427037078,-0.1672578637774481,0.1050825415471715,-0.2958522096073989,-0.2577237128502956,-0.3836137643352787,-0.30380366410523574,-0.2580890795357238,-0.5370989817715386,0.13092967645263967,-0.11145628341910473,-0.44243925308223536,-0.2655507073294448,-0.3186696722881941,0.3312852145122609,0.3475229710911552,-0.4378851986727784,-0.7211468374061315,0.03896744120568571,-0.016308867920694033,-0.38532825325512887,-0.25535276127835327,-0.2245583323786303,-0.09425764622273965,-0.5479555505614692,-0.2287115773614888,-0.18451126751440078,-0.3910313189913795,0.157414558472529,-0.6147163043991317,-0.4301652114511194,-0.2412293122526574,-0.2099816257938573,-0.34778438521621097,-0.42884987673102143,1,44,train
0.84291601811486,0.18734336006931462,-0.6274263931874531,-0.13267231419575531,-0.5084872267819025,-0.549646613972466,0.21747655908514038,-0.724958174721468,0.016384575272332565,-0.5795934241498314,-0.4092394257319072,-0.09987126201210074,-0.5380220525956547,-0.6022590943041258,-0.39998898687209744,-0.5672033856002582,-0.33448970624348556,-0.3002664651341729,-0.6242769010167255,-0.3614316873188559,-0.6548933836393773,-0.3429043753642359,-0.0025331618494330564,-0.34482364238783014,-0.8310509891463164,-0.4823059403020892,-0.449767692849502,-0.7997683742342105,0.09908732033337025,-0.13437519425402514,-0.8655122893828702,-0.5245613110554653,-0.3506624278256361,-0.7277711341767544,-0.38141277656403855,-0.27141488080388126,0.32812943130183025,-0.5376904856129021,0.03896744120568571,-0.8262717771744581,-0.22906610446963882,0.257633500478865,-0.6173005203881176,-0.5377170107044443,-0.27071154253309043,-0.47717711659149725,-0.5485761667945881,-0.43209045581474753,0.18661154643422656,-0.4223735180376418,-0.5025273860690613,-0.5017956435235639,-0.3488188391192855,-0.5366263492218325,-0.4660833544006915,1,44,train
0.9243812743034757,0.4873991074762717,-0.14938501365558612,0.33680087903977574,-0.5100964297107672,-0.39747042180122666,1.407181271792759,0.8340969735044682,-0.19228513908005498,-0.11010892300691763,-0.1098980555034533,-0.2435079477507686,-0.5322861304011424,-0.17316864543604635,-0.37270140550954006,-0.2636935118011061,-0.07161929432270932,-0.4820532901072932,-0.6650084363116354,-0.5241974925058248,-0.31222030939258155,-0.8358478111078015,-0.1594727293028147,-0.4561223532524467,0.3346088875218363,0.34115690292098527,-0.17930493370571446,-0.3627316705570223,-0.1400465379046451,0.16752345172252447,-0.257927593930052,-0.5502244541720998,0.5032003165071218,-0.3811712845211686,-0.12634191659988925,-0.14997770733080448,0.11284427385798602,-0.29308201655526284,-0.5237454348820713,-0.4246935280486423,-0.059782109952024605,0.04042310135643928,-0.5811268978082964,-0.4700132909362451,-0.7222232127507359,-0.19685702104994926,-0.2728765343299802,-0.8837409608717962,-0.6100491250920926,-0.4896934932641632,-0.3194936502707376,-0.1822916897032857,-0.22584873588819196,-0.21117530487171882,-0.4055789531874776,1,44,train
-0.5463575472445678,0.7895242048653457,-0.15657360582899765,0.8472348206784069,2.0855478945479593,-0.191870672803914,0.4282565854744807,0.3134369052413976,0.10273066396987225,-0.026272404945683014,-0.11757347525290084,1.319922131635501,-0.2971133204261362,-0.1474232185039616,-0.46820794027849094,-0.275997966144315,-0.22822294397763984,-0.6045618025891786,-0.506155448661487,-0.6652611903345312,-0.23389503527902822,-0.6602012995210138,1.3875030070233758,-0.2958522096073989,-0.3464152252054811,-0.5624933332751226,-0.428302394504757,-0.498151494231644,-0.2393096488713685,0.25443366798850087,-0.5345956248951745,-0.38598033822563976,-0.10630942382044171,-0.3754893197727164,-0.07007628572544457,-0.9099393735816721,-0.12246740985970424,-0.5114824353567264,0.7597024263317853,-0.24092043099106558,0.0313708101728446,0.27611949189353957,-0.3899234641720986,-0.3346058513998467,-0.8212389299037283,-0.773424490288815,-0.3895186865265451,-0.3649027773765089,0.4785814260512022,-0.3598621124701576,0.2508905496589225,-0.11404812675138161,-0.4003869469258732,-0.657163773055208,-0.4893542779442353,1,44,train
-0.5434480738092601,0.4460121078339328,0.23879896370863668,-0.19411343680040535,-0.4698663564891502,0.5382512704857553,0.626304932417485,-0.6138060253169922,0.7671158464481637,0.09445218106249482,-0.48983133310110627,-0.1606406290553833,-0.658476418680414,-0.2675685441870238,-0.3692904578392204,-0.4564632965113784,-0.060433319347357135,-0.727070315071064,-0.9134708016105855,-0.8063248881632377,-0.6402073947430861,-1.1191486362477818,0.06472665277344479,-0.21571713778487497,-0.2513886048249252,-0.7105315972253383,-0.6000247812627173,-0.4858406011703148,-0.3340608002486953,-0.07491030944046234,-0.6810669354061218,-0.293593023005756,-0.4467563058052069,-0.841410429145799,-0.30639193539811227,0.4924641136235372,-0.28267962005047204,-0.6512587033896632,0.019696452298570748,-0.8058525441680607,-0.0011838041574658328,-0.3524042162053945,-0.19872003053590087,-0.6494281483219729,-0.8014357864731299,-0.3115334237714916,-0.25520348096686435,-0.1372112004469224,0.18661154643422656,-0.2877335675845989,-0.5536065681523146,-0.3218807957412713,-0.09097830008634739,-0.5285905209662741,-0.4660833544006915,1,44,train
-0.4896228152560676,-0.02993838805296464,0.06267845546005413,0.009114891814975554,-0.3346933104645172,0.018585763177587106,0.1920132001924684,-0.48071595168794884,0.10512916643369279,0.060917573838000984,-0.693229956461466,-0.13854267740328055,-0.5437579747901671,-0.4606592461776596,-0.2737839230702695,-0.3047083596118023,-0.860230530085038,-0.9049052525447686,-0.6283500545462165,-0.7032398782114906,-0.7136373392245423,-0.5128848704482241,-0.05634101354773534,-0.2379768799577983,-0.09301090419066534,-0.43295985231868395,-0.07197844198198923,-0.5597059595382903,-0.1851661337986103,-0.26702762960735754,-0.6702172087016072,-0.38598033822563976,-0.41930091209675807,-0.6766334514406844,-0.6327325944698915,0.2848457202663414,0.17793048424798547,-0.6556267117656924,-0.022699723297082173,-0.737788434146736,0.011838041574658339,0.396278436088924,-0.3589175019608233,-0.4733984769246551,-0.7143019553784965,-0.28604977872226,-0.13149210742505313,-0.12974590284267368,0.0739945928676788,-0.5137363415593494,-0.45570480249274603,-0.3218807957412713,-0.38055305930795486,-0.25135444614951064,-0.5638212332835755,1,44,train
-0.8227575235987995,-0.5555532835106687,-0.7316609797019203,-0.41309589941697855,-0.5422804882880607,-0.7973376501660787,-0.4926682278104893,-0.2569491245973596,-0.5376694938702137,-0.7506199209947501,-0.2557310307429565,0.24264698859549189,-0.6011171967352905,-0.34909572947195894,-0.2976605567625072,0.32281881189185,-0.4910933558984161,-0.5571391525961907,-0.18844947336119008,-0.5024953851475623,-0.16536042042966906,-0.30324225984463865,0.1454384303208982,-0.10441842692025843,-0.15636198444436927,-0.25716441387780287,-0.17071881436781644,-0.2888663121890469,0.3968766532335404,-0.06576186562299113,-0.2687773206345666,-0.18067519329256482,-0.010215545840870888,-0.5743580859685443,-0.43767840743848324,0.6844131942745295,0.4132421679656757,-0.29308201655526284,0.3511574615009481,-0.6969499681339412,0.3438951077438247,0.6227318309186871,-0.30724089827536444,0.27472762651394583,-0.654892525086701,0.04842306254890523,0.29619578396235136,0.079282430076291,0.10736257910961887,0.024823460252822154,-0.3450332413123642,-0.2102095109108828,-0.2615497336004449,-0.10269162342168091,-0.02858999178206808,1,44,train
2.847543215041867,2.5422636397183984,1.8867837194632309,2.181609970579396,-0.8029713627641386,1.3865525970573442,2.6647882748808365,0.7975337664635223,2.839421975189116,1.906997701546387,2.3846133630669955,-1.74064417218073,3.7065603713434805,3.817372529037092,0.6505828955863624,4.030561053978789,2.2550635005505444,1.8456084470485297,2.059931274917834,0.7996310563481891,3.045975818226017,1.5042170045484355,-1.5988327622324008,4.227327399930617,1.2690373212639696,4.8779128668953025,1.1171990863168861,3.613686788252323,-0.916103587280846,1.0503482801084953,4.174185764864167,3.258185984336441,1.2060583954434114,3.851892453075741,1.422838453476488,-2.07730317019383,-1.41417835452277,1.0872086302699873,-1.683858967090392,3.8973774583054768,-1.9088842039136569,-1.4892926882078783,2.369607172631404,2.637587446424097,0.38279219067665954,3.3740387414736333,3.7742526858235586,2.8377098948461996,-0.6726140992957302,4.968033069743112,2.80484965382158,3.4035973454058563,4.256609865761348,4.204512321557602,5.011892047749519,1,44,train
-0.0939344280542201,0.21010620987260104,-0.151182161698939,-0.07123119159110526,-0.28158961381198283,0.08172269397203744,-0.04281555403995098,0.19497211442873266,-0.15390909965892624,-0.22915677865387074,-0.7316070552087036,0.054814399552618506,-0.8477618510993213,-0.44349562822293637,-0.6387553237944746,-0.09553263577725155,-0.7427777928438402,-0.8653863775506121,-0.5876185192513067,-0.42653800939364345,-0.9975664578861732,-0.1275957482578509,0.08714659098107075,-0.20681324091570566,-0.3400801171801107,-0.3280994153539479,-0.30380366410523574,-0.3442653309650285,0.04945576485000857,-0.5277582784052868,-0.7678647490422387,-0.6374791407686566,-0.14474697501227005,-0.6482236276984232,-0.7527659403353735,0.13206992138085769,0.29808964189106135,-0.34549811706761413,0.2124063413697204,-0.7309820231446035,0.4220261821365697,0.27611949189353957,-0.550120935597021,-0.3007539915157471,-0.6311287529699828,-0.5185880397964987,-0.26934192365735704,-0.5590005150869761,0.2533475189181067,-0.561822038149722,-0.21307868759729356,-0.2939629745336742,-0.17824740560518798,-0.18706782010504372,-0.2473366730913798,1,44,train
-0.1390312663014895,-0.6072870330635923,-0.5303803988463974,-0.4572074746203171,-0.4038890364056984,-0.5625977792636352,-0.3427173365536432,-0.06097033485788912,-0.5064889618405466,-0.5561191990926857,-0.6088003392175431,0.2039755732043121,-0.6527404964859016,-0.40487748782480926,-0.2771948707405891,-0.5138840834463532,-0.4910933558984161,-0.5848023650921003,-0.3554487680703205,-1.0124949080667316,-0.4884521761480765,-0.3089082763474382,0.1454384303208982,-0.3270158486494915,-0.32107479310399956,-0.4237074608217955,-0.25228694807784763,-0.3319544379036992,0.26602982514104134,-0.17096896952390994,-0.7244658422241802,-0.43217399583558164,-0.1529835931248047,-0.2845778837974807,-0.351404440097668,-0.012871221151524262,0.3331360628702918,-1.035643440480239,0.15844757242979848,-0.8262717771744581,-0.2746425645320734,0.3824139425279181,-0.13154044574480434,-0.13487987808365914,-0.46082171946683587,-0.12996245279571622,-0.43900323594326957,-0.23799271810428035,-0.09284533834202155,-0.5185449112183868,-0.2726710666944222,0.06276474089673349,-0.12667929779860035,-0.3799276982384444,-0.21010319542170972,1,44,train
-0.47943965823249063,0.3901396583167753,0.603620016509272,0.40926989544526043,-0.39101541297478093,0.45083090477036253,-0.22105906628865485,0.146708681134684,0.5560476296319555,0.5052511195625444,-0.48983133310110627,-0.21588550818564015,-0.17092303214686463,-0.48211376862106353,-0.5023174169816876,-0.5425944769138404,-0.27296684387904857,-0.6282731275856726,-0.3310098468933746,-0.7357930392488844,-0.5618821206295328,-0.21258599579984497,-0.10566487760451243,-0.5362574250749707,-0.4224365215099259,-0.3990344168300929,-0.25228694807784763,-0.091892023207779,-0.20321397215619635,-0.12522675043655396,-0.5454453515996892,-0.18067519329256482,-0.22985869550846136,-0.31298770753974187,-0.24262422040707496,0.3318536583849518,-0.27266635691354907,-0.46343434322040444,0.36657425262664006,-0.18646914297400582,-0.03373841848777626,-0.3524042162053945,-0.2555642945899056,-0.5749540565769539,-0.5479555505614692,-0.6205226199934252,-0.7182374790805006,-0.4171598606062501,-0.3514472317170571,-0.6483762920123923,-0.45996140099968374,-0.4335520805716598,-0.44005472216170977,-0.5808234046274036,-0.8756516087670624,1,44,train
-0.5390838636562986,-0.696269082294621,-0.7406467199186848,-0.4650845416209132,-0.47791237113347357,-0.690490536513932,-0.699204361051051,-0.7629839100440519,-0.8015047648904738,-0.7372060781049525,-0.2825949998660228,0.26474494024759465,-0.4519832196779695,-0.3147684935625126,-0.23285255102643337,0.12594754240050812,-0.11077020673644195,-0.5334278275996968,-0.2739856974805008,-0.00877244274708988,-0.635312065110989,-0.1332617647606505,0.2396021707929272,0.16715042758940596,0.011518378227946185,-0.24791202238091442,0.10403700444492013,-0.2580890795357238,0.03591988608181902,0.07832612450218028,-0.27962704733908117,-0.3243887947457173,0.12157034395968339,-0.21639430681605398,-0.351404440097668,0.3592749556208078,0.25803658934336937,-0.24066591604291157,0.5053253727578678,-0.15924349896547593,0.6954849425111773,0.28998398545454546,-0.3692528226979151,-0.06717615831545998,-0.3459634875693647,-0.12996245279571622,-0.1032152220440677,0.04195594205504731,0.3075704965612593,-0.03287937565562481,-0.23861827863892013,-0.002376841920993122,0.10339379856925214,0.0057920580283570035,-0.08909439299528196,1,44,train
-0.10411758507779706,0.1997594599620163,0.2711476284889886,0.13357255042439486,-0.355612948539758,0.21285324254512664,-0.1927664452967971,0.17157166192252726,0.19147525513123248,0.3258409709115024,-0.543559271347239,-0.1937875565335374,-0.29137739823162384,-0.5336046224852331,-0.5637144750474418,-0.4564632965113784,-0.7483707803315163,-0.6440806775833352,-0.31471723277541064,-0.5404740730245217,-0.6597887132714744,-0.3429043753642359,0.07817861569802036,-0.38934312673367677,-0.3685881032942775,-0.3928661558321672,-0.36819955913947083,-0.7135921228049058,-0.1084628207788695,-0.24415652006367955,-0.8058387925080398,-0.2781951371357754,-0.17769344746240862,-0.5345843327293788,-0.5802180056537432,-0.13822572280115192,0.17292385267952398,-0.5944745945012826,0.37428264818948603,-0.4246935280486423,-0.13791318434476962,0.049666097063776546,-0.3537498415922774,-0.3413762233766666,-0.5479555505614692,-0.46443529406688144,-0.4319340145980232,-0.3014477477403946,0.06148159802695127,-0.5714391774677965,-0.36205963534011526,-0.5793451468780003,-0.4598886097796281,-0.45225015253846973,-0.3636912908090988,1,44,train
-0.427069136396952,-0.07546408765953742,0.4023394356537491,0.13042172362415638,-0.37331418075726946,0.5528213314383208,0.3249885188541999,-0.03318229750677019,0.320994388177542,0.3576988477747715,-0.5627478207208578,-0.017003943316715425,-0.6986278740420003,-0.47782286413238273,-0.352235719487622,-0.4769707204167265,-0.34567568121883774,-0.7428778650687267,-0.6161305939577435,-0.7520696197675814,-0.7919626133380957,-0.5922091014874186,-0.2581204574163689,-0.4205067657757694,-0.3812583193450183,-0.6149235517574907,-0.6043178409316663,-0.8243901603568691,-0.07687910365309389,-0.21213696670253035,-0.7570150223377241,-0.822253771208424,-0.26005962858775505,-0.5118564737355699,-0.36640860833085326,0.1869125158525698,-0.07740772574355077,-0.7997709881746584,-0.08436688779985005,-0.4723384050635696,-0.13140226147870754,-0.1629228042049806,-0.49327667154301635,-0.395539199191226,-0.5400342931892298,-0.5663698742638079,-0.41426096123490735,-0.33877423576163834,0.007258620383798657,-0.39833066974245557,-0.6983309173881984,-0.3311867361438037,-0.24964940102969393,-0.4321605818995738,-0.8384181310973923,1,44,train
-0.3892459817379519,0.2990882591036297,0.30349629326934047,0.020142785615810177,-0.5937749820117304,0.6127204709099787,0.44381752702000243,-0.26133670944227305,0.6711757478953418,0.31745731910537894,-0.3862131664835646,-0.40371809722851354,-0.5380220525956547,-0.4392047237342556,-0.7137961725415075,-0.5220870530084923,-0.23940891895299202,-0.5966580275903473,-0.6039111333692706,-0.8877077907567221,-1.1003683801602118,-0.6828653655322122,0.0602426651319196,-0.12222622065859708,-0.35591788724353673,-0.5100631147927546,-0.47123299119424705,-0.8613228395408568,-0.45588370916240123,-0.22814674338310495,-0.4260983578500284,-0.7247338273652134,-0.20514884117085744,-0.6368596982015188,-0.2988898512815196,0.44153884732837595,-0.18755362024970365,-0.5464265023649606,-0.31947295246665264,-0.6833371461296762,0.0313708101728446,-0.32467522908338275,-0.2555642945899056,-0.6020355444842335,-0.7816326430425313,-0.2796788674599521,-0.6334068229375444,-0.08868676601930561,0.2867155051600468,-0.25407357997133817,-0.5578631666592523,-0.4180421799007725,-0.13064607532218403,-0.4843934655607032,-0.6243256344967894,1,44,train
-0.153578633478028,0.31771240894268216,-0.14579071756888035,-0.025544202987647546,-0.3572221514686227,-0.026743315341505446,0.3674274503419865,-0.06535791970280264,0.12911419107189825,-0.14867372131508555,-0.6510151478395045,0.038240935813541446,-0.5953812745407782,-0.4263320102682132,-0.5534816320364828,-0.22678014877147948,-0.737184805356164,-0.8930495900465216,-0.6120574404282526,-0.7574951466071469,-0.7723812948097073,-0.3089082763474382,-0.11014886524603762,-0.33591974551866083,-0.4446093995987223,-0.5100631147927546,-0.3810787381463179,-0.7074366762742411,0.06750360320759463,-0.27846318437919654,-0.8980614694964141,-0.45270451032888914,-0.17769344746240862,-0.46071879099949975,-0.6927492674026325,0.030219388790535238,0.28807637875413833,-0.7211468374061315,-0.07665849223700406,-0.5608217480912917,0.06392542450315503,-0.15367980849764332,-0.596629878913934,-0.5241762667508044,-0.5400342931892298,-0.6587480875672727,-0.3718456331634292,-0.18200298607241483,-0.04279335897911145,-0.42718208769667904,-0.4471916054788705,-0.3963283189615303,-0.3924533918787058,-0.4964472079440407,-0.4102331378961864,1,44,train
-0.1593975803486434,-0.6114257330278262,-0.7011094629649214,-0.1956888502005246,-0.4022798334768337,-0.6759204755613666,-0.7190091957453514,0.16718407707761374,-0.6336095924230356,-0.5846236152335055,-0.3670246171099457,0.26474494024759465,-0.4003599199273584,-0.1302596005492384,-0.46138604493785157,-0.14885193793115664,-0.4631284184600356,-0.7310222025704797,-0.4613507598370861,-0.9202609517941158,-0.5227194835727561,-0.5185508869510237,0.06921064041496998,0.2650932931502685,-0.32740990112936996,-0.3558565898446133,-0.17501187403676544,-0.4858406011703148,0.008848128545439923,-0.13894941616276074,-0.5345956248951745,-0.39624559547229354,-0.41106429398422345,-0.5516302269747354,-0.32514714568959385,0.3592749556208078,0.06277795817337108,-0.4546983264683459,0.32417807703098717,-0.7037563791360737,-0.05327118708596252,0.09588107560046287,-0.10053448353352903,-0.229665085759138,-0.8489633307065662,-0.27012250056649023,-0.1526997714607922,0.015827400440176727,-0.13872631942468913,-0.3310106945159341,-0.4344218099580572,-0.3591045573514008,-0.08304474503918005,-0.2754619309161857,-0.38230802964393384,1,44,train
-0.8954943594814921,0.7295130553839543,0.634171533246271,1.2237586233069033,2.2352037669323743,0.29217912995353856,0.31508610150704963,0.6571310514262898,0.18907675266741195,0.6578335824339915,0.20095644434917187,1.4856567690262714,-0.23975409848101276,-0.07447784219638809,0.07754368697265701,-0.9240325615533155,-0.30093178131742904,-0.3081702401330042,-0.3839608427767574,0.06718493300682896,-0.02339586109885366,-0.4732227549286268,2.033197227403003,-0.07325478787816579,-0.7867052329687236,-0.7105315972253383,-0.17930493370571446,-0.0611147905544559,0.8255128142262094,0.3550665499806841,-0.3989740410887419,0.06055835200379827,-0.07610849074114803,-0.142528765086175,-0.036316907200777744,-1.7756689005994128,1.6148337443964345,-0.07031358937776995,0.6710558773590565,-0.5404025150848943,0.5587555623238735,1.630218363018449,-0.19355237016735496,-0.6765096362292525,-0.22714462698577378,-0.8849154373792034,-0.8772949593485436,-0.234260069302156,1.0291531990432135,-0.6002905954220199,0.012521033270407834,-0.11715010688555907,0.012157915526827877,-0.6852891719496622,-0.4893542779442353,1,44,train
0.6654381385610902,1.4103291995004292,0.7096517510670921,1.5561708507320613,-0.42641787740980386,0.34236489545681964,0.9813773258652998,0.35000011228234357,1.040545127323706,0.8590412257809545,0.6653193391907477,-0.45343848844574475,0.2822148212196106,0.34603079769432976,-0.1373460162574825,-0.0011984858126502071,-0.03246838190897668,-0.2251806026452754,0.16184173017503467,-0.345155106800159,0.4710324317429517,-0.03693948421305719,-0.5630316170400819,0.37639200401488504,-0.13735666036825808,-0.09987375843069878,-0.27804530609154166,0.09277137271215964,-0.3160129618911092,0.2773047775321789,0.5883510890220877,0.5070970422332363,-0.034925400178474814,0.9938641846042705,-0.01756169690929618,-0.0637964874466855,-0.3377525673035485,-0.09652163963394558,-0.26551418352673073,0.051755242100630684,-0.21604425873751465,-0.06124985142427065,-0.17288172869317142,-0.08748727424591973,-0.37368788837220257,0.3510413475085309,0.038169204860859396,0.10914362049328595,-0.1637523091061442,0.1017605747974181,1.068157462990973,0.6397330458537407,0.5873406564464592,-0.09867370929390172,0.05053114826598084,1,44,train
-0.36015124738487486,-0.02993838805296464,0.36280217869998566,-0.09328697919277451,-0.47952157406233825,0.6564306537676752,-0.30310766716504234,-0.04049493891495939,0.2802198462925927,0.12798678828698867,-0.3670246171099457,0.0161429841614387,-0.3200570092041856,-0.6666226616343377,-0.3351809811360236,-0.3211142987360808,-0.5302442683121488,-0.5255240526008654,-0.7790567351373829,-0.6272825024575718,-0.7723812948097073,-0.22958404530824378,0.0019508257920921334,-0.3492755908224148,-0.4224365215099259,-0.38669789483424155,-0.35961343980157284,-0.5166178338236379,-0.39271627491085004,-0.11836541757345055,-0.8709371527351275,-0.6015507404053685,-0.26280516795859993,-0.48344664999330866,-0.27638359893174175,0.02238473243743351,-0.2876862516189335,-0.808507004926717,-0.08436688779985005,-0.6288858581126164,-0.3723064075230047,0.05428759491744518,-0.6069651996510258,-0.6595837062872028,-0.7341050988090949,-0.3943552701814944,-0.29054958769309613,-0.4731495926381156,-0.09701633662226407,-0.4416077966737908,-0.88562125169346,-0.3684104977539332,-0.5154234951097995,-0.44823223841069054,-0.28457015076104986,1,44,train
-0.46489229105595214,0.27011735935399245,0.2370018156652838,0.1162430030230833,-0.32021048410473507,0.17076195534882638,-0.43042446162840226,0.2344603780329543,0.18667825020359138,0.2319440706829196,-0.3708623269846695,0.06033888746564419,-0.5322861304011424,-0.576513667372041,-0.46820794027849094,-0.25549054223896683,-0.5805811557012335,-0.8179637275576241,-0.6120574404282526,-0.3777082678375528,-0.7087420095924453,-0.3938985238894323,-0.20431260571806661,-0.5095457344674627,-0.3464152252054811,-0.3373518068508364,-0.3381481414568278,-0.5350841734156317,-0.1355345783152486,-0.28761162819666775,-0.6105437118267768,-0.2781951371357754,-0.32869811285887707,-0.36980735502426415,-0.6739940571111509,0.09681396779189992,-0.2526398306397031,-0.45033031809231666,0.18157275911833645,-0.7854333111616633,-0.03373841848777626,-0.2645957569856905,-0.4674383697002869,-0.4090799431448658,-0.6311287529699828,-0.3019770568780298,-0.4319340145980232,-0.45821899742961814,-0.301395252354147,-0.44641636633282805,-0.545093371138439,-0.5204075243286286,-0.555091270345636,-0.7254683132274541,-0.3636912908090988,1,44,train
-0.060475483548181524,-0.6093563830457093,-0.15837075387235053,-0.05232623078967449,-0.4054982393345631,-0.1449226986234253,0.05903788153073695,0.007768494379089299,-0.34578929676457,-0.21071274468039916,-0.5819363700944767,-0.26008141148984565,-0.4863987528450436,-0.6923680885664225,-0.5773582657287205,-0.6000152638488152,-0.6756619429917271,-0.9404722400395096,-0.6853742039590903,-0.5350485461849561,-0.4297082205629115,-0.45622470542022797,0.12750247975479745,-0.1801015503081977,-0.2545561588376104,-0.38669789483424155,-0.32956202211892976,-0.5535505130076256,-0.1084628207788695,-0.30590851583161016,-0.5942691217700049,-0.4475718817055623,-0.26005962858775505,-0.6027679097108055,-0.5802180056537432,-0.0011192366218716714,-0.08742098888047377,-0.9177072143274487,0.00042546339145578527,-0.8126589551701932,0.19414388182439674,-0.04738535786326475,-0.374420483066461,-0.31767992145779694,-0.6469712677144617,-0.43895164901764977,-0.4177955719075305,-0.1260132540405493,-0.18460730050735674,-0.6387591526943178,-0.34928983981930195,-0.2629431731918996,-0.3488188391192855,-0.23126487551061473,-0.4195415073136039,1,44,train
0.6203413003138208,0.39841705824524304,0.5461112791219797,0.3651583202419219,-0.4038890364056984,0.5609158097453015,0.26557401477129855,0.8765102936719655,0.8150858957245746,0.5052511195625444,-0.3670246171099457,-0.17168960488143467,-0.06767643264564242,-0.2675685441870238,-0.34200287647666294,-0.017604424936928702,0.06261240538151686,-0.5176202776020341,-0.6242769010167255,0.257078372391626,-0.4248128909308144,0.3143535389605183,-0.07876095175536128,-0.3047561064765682,0.15089075478609487,-0.5532409417782341,-0.11061597900253031,-0.33810988443436385,-0.34759667901688485,-0.006296980809428334,-0.05720764989653167,-0.25253199401914106,-0.26005962858775505,-0.4720827204964042,-0.16010129512455606,0.01846740426088265,0.007705010920294637,0.08256670378325458,-0.011137129952813194,-0.15924349896547593,-0.30719717886238385,0.02655860779543338,-0.27623493606408916,-0.12133913413001932,-0.3063572007081677,-0.05988242891032922,0.0028230981346276185,-0.23052742050003164,-0.48074817840457484,-0.15790218679059323,-0.45996140099968374,-0.3280847560096262,-0.13857963036935134,-0.10670953754946008,0.1482690271488648,1,44,train
-0.3077807255493362,-0.2844684358533489,0.18847881849475595,0.024869025816167872,-0.4022798334768337,0.11571950286135685,0.24859844217618393,-0.14140939034797026,-0.22106716864590154,0.22523714923802085,-0.42459026523080223,0.45257752929046796,-0.4978705972340683,-0.5078591955531483,-0.6285224807835157,-0.3416217226414289,-0.4799073809230639,-1.0550769775225637,-0.6690815898411263,-0.8226014686819345,-0.6842653614319598,-0.3769004743810335,0.14095444267937302,-0.33591974551866083,-0.32424234711668476,-0.6457648567471189,-0.30809672377418473,-0.775146588111552,-0.3656445173744709,-0.33106673632965594,-0.7081912521674083,-0.7196011987418865,-0.0513986364035441,-0.4948105794902131,-0.6102263421201136,0.2652590793835871,-0.26265309377662605,-0.8390830635589219,0.05438423233137769,-0.9692064082192401,0.5587555623238735,-0.24148826771734735,-0.9221924821323247,-0.5309466387276244,-0.7063806980062571,-0.2510097667795665,-0.24813425962161798,-0.19693358128091232,0.1323885687910739,-0.23483930133518918,-0.49401418905518585,-0.4831837627184991,-0.32501817397778354,-0.5245726068384949,-0.5870921568271192,1,44,train
0.2741139615122043,-0.19548638662232026,-0.49443743797933976,-0.6320783620335518,-0.5728553439364896,-0.4460372916431115,2.004155574720958,-2.156773362444912,-0.30501475487962065,-0.42701096127838445,0.08966285798218261,0.27026942816062033,-0.5552298191791917,-0.9369496444212277,0.6505828955863624,-0.35802766176570744,-0.26737385639137246,-0.45439007761138356,-0.3269366933638836,-0.10643192585927123,-0.033186520363047825,-0.22391802880544417,0.5669332686242661,-0.9458366810567594,-0.6853435045627972,-0.24174376138298875,-0.011875606616703109,-0.26424452606638843,0.12615907786974936,0.3847989923874655,0.12723770408021673,-0.5450918255487729,-2.9369605151615135,-0.21071234206760175,0.023699765731963262,0.25742442303048535,0.21798353679567742,-0.3018180333073214,-0.8359354551773337,-0.5540153370891593,-0.09884764714839712,0.22528301550318458,-0.44676772822610333,-0.33799103738825664,-0.23506588435801318,-0.2223406660991809,-0.3223610837467047,-0.86134506805905,1.1250861594887909,-0.48488492360512603,-0.2641578696805467,-1.227658994921089,-0.60269260062864,-0.681271257821883,-0.4800459085268178,1,44,train
-0.4343428199852213,0.6198375063317562,0.06088130741670124,0.0012378248143793949,-0.4344638920541273,0.0962927549246029,0.7097681643434653,-0.10484618330702429,0.36896443745395296,-0.06819066397630032,-0.5473969812219628,-0.18273858070748603,-0.6642123408749263,-0.10880507810583444,-0.6694538528273517,-0.4072454791385429,-0.34567568121883774,-0.9957986650313287,-0.7057399716065452,-0.4862188046288654,-1.1444263468490856,-0.643203250012615,-0.14153677873671394,-0.3314677970840762,-0.2925668069898328,-0.6735220312377843,-0.7889194066964738,-0.15960193504508985,-0.19419005297740333,-0.28532451724229996,-0.5291707615429172,-0.3192561661223904,-0.284769482925359,-0.7050432751829455,-0.36640860833085326,0.3631922837973587,-0.05738119946970479,-0.664362728517751,-0.053533305548466116,-0.7173692011403386,0.28529680194926593,0.10512407130780015,-0.596629878913934,-0.4869392208782949,-0.551916179247589,-0.23826794425495065,-0.4814185640147477,-0.48061489024236437,0.10319158082937636,-0.2636907192894127,-0.5365801741245635,-0.31877881560709387,-0.28931717626553055,-0.8861848783386214,-0.7313718827970909,1,44,train
-0.23213441623133596,0.926101303685064,0.05548986328664259,-0.29336448100791696,-0.6323958523044827,0.4718765483685126,2.1456186796802466,-1.3392200530093603,1.1964477874720416,0.0357666184196306,-0.23654248136933764,-0.39819360931548786,-0.38315215334382136,0.6163577804812198,-0.18168833597163825,-0.5795078399434671,0.40937762961743446,-0.2844589151365103,-0.8727392663156757,-0.860580156558894,-0.4101269020345232,-1.8500647651089308,0.02885475164124327,0.11372704637439,0.0020157161898905923,-0.9942716031299182,-1.2439837316050686,-0.39966434974101006,-0.3069890427123162,0.3619278828437875,0.5286775921472573,-0.23713410814916042,-2.0007315897034097,-0.7504989931705633,0.07246331248981533,0.13598724955740857,-0.27767298848201055,-0.7866669630465706,-1.0787499154069822,-0.20008196497827077,-0.7824945480849161,-0.09360033639995108,-0.327911539749548,-0.6189614744262832,-1.2331443132601767,-0.37205708076341676,-0.5980607162113125,0.5234676375290909,0.7246703245855102,1.3712229647832512,-0.6600215308257585,-0.8833392000273912,0.024058248097578866,-0.568769662244066,-0.7779137298841784,1,44,train
-0.10557232179545091,-0.6486740327059313,-0.5142060664562215,-0.4146713128170978,-0.4988320092087144,-0.5593599879408429,-0.33564418130567875,-0.015631958127116125,-0.6384065973506766,-0.5359984347579895,-0.4437788146044211,0.29789186772574877,-0.41756768651089543,-0.47782286413238273,-0.4954955216410483,-0.2595920270200365,-0.6644759680163749,-0.8219156150570398,-0.35952192159981144,-0.8063248881632377,-0.459080198355494,-0.3202403093530375,0.05575867749039441,-0.37153533299533814,-0.32740990112936996,-0.5532409417782341,-0.428302394504757,-0.6089495317836072,0.15323083540612845,-0.18697874620448454,-0.5996939851222622,-0.3911129668489666,-0.2353497742501511,-0.14821072983462724,-0.29513880922322333,0.16732587496981546,0.28306974718567685,-0.5770025609971655,0.38969943931517803,-0.4723384050635696,0.11601280743165172,0.24839050477152774,-0.44160006785755745,-0.30752436349256707,-0.575679951364307,-0.23826794425495065,-0.14563055011554585,-0.11481530763417619,-0.09284533834202155,-0.4416077966737908,-0.40462562040949285,-0.25984119305772213,-0.2655165111240286,-0.24733653202173145,0.13430647302273852,1,44,train
-0.18558284126641272,0.7936629048295796,0.5640827595555086,-0.08698532559229759,-0.6130854171581066,0.9025027942998918,0.9276213459807701,-0.3110626710179596,1.2923878860248634,0.453272478364579,-0.6356643083406095,-0.3208507785331282,-0.25122594287003747,0.011340247577227796,-0.5296049983442451,-0.4769707204167265,0.5547953042970127,-0.30421835263358854,-0.6568621292526534,-0.74121856608845,-0.5080334946764649,-1.3571213293653652,0.006434813433617324,0.3808439524494697,-0.2672263748883512,-0.713615727724301,-0.5957317215937683,-0.1472910419837606,-0.4964913454669699,0.055455014958502274,0.2899836046479359,-0.2833277657591023,-0.4247919908384479,-0.6539055924468755,0.03120184984855589,0.13598724955740857,-0.4529050933781629,-0.5420584939889314,-0.31176455690380667,0.010916776087835853,-0.6392542450315503,-0.6528015766938556,-0.06952852132225372,-0.6798948222176625,-0.9440184191734389,-0.5281444066899605,-0.5521107774672113,0.6018532623737026,0.21997953267616663,0.702831782177074,-0.6472517353049453,-0.5173055441944512,0.10339379856925214,-0.6893070860774414,-0.7499886216319258,1,44,train
-0.019742855453873692,0.4729136576014531,1.0547041753908457,0.5337275540546798,0.8335880158912393,1.163144995784674,0.022257474241321865,0.7419576917612845,0.6423937183294952,0.9847960028728064,0.14339079622831535,0.18740210946523503,-0.010317210700518983,-0.5593500494173178,-0.215797812674835,-0.2842009357064542,-0.1834790440762311,0.14629682229979651,-0.31064407924591964,0.08888704036509147,-0.05276783889143616,0.18970117589892702,0.10059855390564632,-0.3626314361261688,-0.3622529952689071,-0.485390070801052,0.04393416907963401,0.1727921776107997,1.0375749149278457,0.2704434446690755,-0.3935491777364846,-0.1601446787992573,-0.3424258097131015,-0.35276146077890747,0.24876228922974203,-0.032457862034278584,0.9289252195172097,0.26602305557648404,0.09292621014560762,0.03814242009636574,0.18112203609227256,0.9739656677975032,-0.2142230116415385,-0.4260058730869156,0.1926820137429141,-0.3179043350337995,-0.3577071904729365,-0.15587444445754425,0.3993324587265945,-0.581056316785871,-0.5663763636731278,-0.3311867361438037,-0.35278561664286917,-0.5326084350940533,-0.42884987673102143,1,44,train
-0.1841281045487589,0.35082200865655333,-1.306748353574843,-0.906200293654298,-0.5117056326396319,-1.1713025479485923,1.2402548079407982,-0.9896757936979169,-0.03878098139554001,-1.2201044221376638,0.28538606159309476,0.11558376659590107,-0.658476418680414,-0.04444151077562253,0.15258453571968986,0.15465793586799548,-0.4183845185586269,0.03169208481674242,0.16184173017503467,0.41441865073902934,0.17241732418502964,-0.5355489364594225,0.44138161466156073,-1.622532843113628,-0.12468644431751731,-0.6827744227346728,-0.6730067956348504,-0.6581931040289242,0.5502832792730219,0.3459181061632129,-0.1819795069984497,-0.581020225912061,-1.1194134516622027,-0.7845907816612767,0.39130188744500194,0.4572081600345794,0.6285273254095199,0.31407114771280603,-0.4350988859093424,-0.6833371461296762,0.050903578771030855,0.5071943845769712,-0.7154860673904894,0.017453491394788988,0.11346944002052016,0.02293941749967359,-0.1032152220440677,-1.3540547099394669,0.5161204105733848,-0.4896934932641632,-0.7153573114159495,-1.2772906770679284,-1.2889451122086137,-0.4683218090495864,-0.5358961250313229,1,44,train
2.451854827840019,0.5205087071901429,1.6711259542608847,1.4616460467249073,-0.5503265029323842,1.9839250961125283,0.26415938372170567,2.09187129571301,1.0885151766001169,1.4375132004034734,1.3292431475179596,-0.3926691214024622,0.7238808301970612,-0.15600502748132317,1.5715387665726746,3.0297987673978013,1.242732765281172,1.8021376845549575,1.6363233078507713,2.975267319014007,1.5333189619080188,1.283242360939251,-0.9262346160036222,-0.01537945822856519,3.3627905236488855,-0.041275278950405093,0.2328287945133904,0.36976646659206763,-0.9612231831748111,0.7758949655843593,0.4256051884543685,0.11188463823706701,0.10235156836376923,0.982500255107366,1.6741582713823409,-1.258581581294699,-0.9786014080666198,2.2272588164136273,0.0428216389871087,0.8481053293501298,-0.7043634736921711,-0.7637175251819028,0.054495327522847525,3.148750530674001,2.9809646087711807,1.6570781562816521,2.459377515607736,0.03822329325292294,-1.064687937638526,-0.1434764778134815,0.1061662004230386,-0.1822916897032857,0.024058248097578866,0.3754401577840417,1.484020038548279,1,44,train
-1.3406437950835706,-1.1742889281636353,-0.9581016331643837,-0.9014740534539404,0.9591058443426842,-0.5334576573585043,-1.6116413880384635,-0.7878468908318951,-1.3651528438883023,-1.023926969874375,0.3237631603403324,-0.8953975214877996,0.15602453294033902,0.569157831105731,0.11506411134617343,0.5771108683181667,0.19125111759806693,-0.20146927764878145,-0.08662063512391545,-0.04132560378448367,0.31438188351584506,0.3880117534969132,-1.0248823441171764,0.8616543833846133,0.48665148013072573,1.139946702152357,0.10403700444492013,0.22203574985611668,-0.11748673995766253,0.3573536609350519,0.4147554617498539,0.2709961255602001,0.5938031157450029,0.4654414629982134,-0.07382732778374088,-0.9099393735816721,-0.9035019345396974,0.09130272053531313,-1.2676056066967087,0.05856165310276315,-1.1145516142540826,-0.49567064966912217,-0.1108698042706208,0.054690537267298535,-0.2033808548690556,0.7555942126650831,0.5400839203733506,0.2957760605995044,-0.785231052862278,1.053857367286793,0.033804025805096644,0.8599736353803402,0.9602177436633235,0.6808016314952595,0.6835002686503722,1,44,train
-0.1477596866074126,0.3197817589247991,0.23879896370863668,0.029595266016525568,-0.33791171632224654,0.30998698222889637,0.21181803488676884,-0.15164708831943513,0.6375967134018542,0.19673273309720105,-0.5166953022241727,-0.08882228618604937,-0.13650749897979056,-0.6022590943041258,-0.6012348994209582,-0.5220870530084923,-0.3121177562927812,-0.6164174650874256,-0.7057399716065452,-0.6652611903345312,-0.6695793725356686,-0.23525006181104338,-0.19534463043501624,-0.19345739561195166,-0.30840457705325874,-0.6581013787429703,-0.424009334835808,-0.7135921228049058,-0.10395086118947298,-0.30590851583161016,-0.827538245917069,-0.4783676534455235,-0.21887653802508183,-0.5914039802139011,-0.302640893339816,-0.008953892974973399,0.03774480033106361,-0.5245864604848143,-0.030408118859928158,-0.2885653080059929,-0.05327118708596252,-0.2183807784490042,-0.4054264452777363,-0.2939836195389272,-0.575679951364307,-0.2924206899845679,-0.4920223960326172,-0.3014477477403946,-0.00525437445692887,-0.7349305458750628,-0.6855611218673852,-0.21331149104506028,-0.2972507313126979,-0.49242929381626155,-0.32645781313942873,1,44,train
-0.5463575472445678,1.0523316525941977,1.3332621221105425,1.411232817921092,-0.6533154903797236,1.244089778854482,0.5315246520947615,0.8823604067985169,1.2036432948635032,1.2731936250034535,0.9070950612983452,-0.4755364400978475,0.8615429628653574,0.03279477002063177,0.5243778317845343,-0.9363370158965243,0.4317495795681388,0.6363308722273382,0.630254386066498,0.5826099827655639,0.9556700653205629,0.42767386901651044,-0.8096509373239673,0.5322101992253482,-0.6916786125881677,-0.6581013787429703,0.11262312378281815,0.9668447800665358,-0.9025677085126564,0.5837776454174641,0.7782213063510934,0.7945242451395412,0.03645862346349209,0.8234052421507037,0.6576258735840401,0.6021493025669614,-1.0887473025727727,0.7814480439479381,-0.35416073249945956,0.8753309733586596,-0.7043634736921711,-0.7082595509378792,0.4575728362694266,-0.9067022834411298,0.4144772201656171,-0.8753590704857416,-0.9373833407831376,0.17259865012940023,-0.6017071285316076,0.05367487820704563,0.510543058582126,0.16823206545876707,0.4564369981681982,-0.6049308893940786,-0.5405503097400317,1,44,train
0.1446423936410115,-0.4438083844763537,-0.6202378010140416,-0.2917890676077977,-0.41193505105002176,-0.5431710313268813,0.18776930704368974,-0.3081376144546839,-0.18988663661623442,-0.6567230207661673,-0.528208431848344,0.259220452334569,-1.0313113613237164,-0.48211376862106353,-0.4272765682346548,-0.2144756944282706,-0.7483707803315163,-0.6559363400815822,-0.3187903863049016,-0.5730272340619155,-0.6891606910640569,-0.6092071509958173,-0.06082500118926053,-0.5273535282058013,-0.4414418455860371,-0.38052963383631594,-0.5270427668905842,-0.17806827463708372,0.1351829970485424,-0.16182052570643876,-0.4911967180771161,-0.3449193092390248,-0.2737873254419794,-0.4493548615025953,-0.45643361772996477,-0.02854053385772772,0.12786416856337052,-0.22756189091482376,0.050530034549954694,-1.112141039264022,-0.07280395568414877,0.4240074232109358,-0.38475580380355273,-0.5377170107044443,-0.5439949218753495,-0.4293952821241879,-0.2728765343299802,-0.45821899742961814,0.09902058254913386,-0.8695704963281057,-0.4088822189164306,-0.37771643815646555,-0.3051842863598652,-0.5727875763718452,-0.6801758510012944,1,44,train
0.11554765928793446,0.12319351062368931,0.06267845546005413,0.05007564021807558,-0.4103258481211571,-0.047788958939655554,0.2768910631680417,0.15548385082451102,-0.1107360553101564,-0.021242213862008936,-0.5589101108461341,0.13215723033497812,-0.6756841852639509,-0.3662593474266821,-0.39316709153145807,-0.5097825986652835,-0.9217533924494751,-0.9997505525307444,-0.5102286021909779,-0.8063248881632377,-0.7136373392245423,-0.5865430849846189,0.13647045503784783,0.10927509793980535,-0.27356148291372157,-0.5624933332751226,-0.41113015582896095,-0.6212604248449365,-0.06785518447430086,-0.44313517309367817,-0.6702172087016072,-0.5861528545353879,-0.1804389868332535,-0.7561809579190156,-0.6889982253443362,0.21041648491187498,-0.08742098888047377,-0.7954029797986292,-0.07280429445558108,-0.9555935862149751,-0.11186949288052128,-0.10284333210728834,-0.5397856148599293,-0.3684577112839463,-0.5162705210725116,-0.3688716251322628,-0.28348036634784973,-0.09615206362355434,-0.23465927987026686,-0.5522048988316475,-0.47273119652049705,-0.1729857493007533,-0.17824740560518798,-0.40403518300511954,-0.23802830367396227,1,44,train
-0.719471216645376,-1.4453737758209553,-1.8620670989708838,-1.3993046878916175,-0.656533896237453,-1.655352350706045,-1.1504716658711822,-1.1871171117190251,-1.7752967652016158,-1.9243311738520348,1.5479926103772144,0.8558651469413432,1.452342948900129,0.6764304433227509,0.7938426977397887,0.6509375943774199,1.3322205650839893,1.3081517471280002,1.163837498429817,1.3259071597860552,1.6214348952857662,1.237914228916854,0.7956166383420508,1.3469167627543415,0.2902631313442436,0.18078211697491836,0.7394098354493734,1.4161923768050533,0.7713692991534512,0.7370140793601068,1.2718838714065082,1.1948692777590375,0.7448077811414714,1.1415952680640284,1.1490123832208572,0.6060666307435122,0.9739849036333632,1.2531929485590996,0.7134520529547094,1.5559720735719067,1.1447386202694612,1.1542040840905798,1.160374646391667,0.6504832712274512,0.9293589493611777,0.5549105079023839,0.7309528966950022,1.2550668027454672,0.6370793607004175,0.9913459617193088,0.9064067197273379,0.7731181916233714,1.1625233973660904,0.31918935999513315,0.35770733904075896,1,44,train
-0.006650224994989031,0.11077741073098765,0.6377658293329768,0.4344765098471681,0.7820935221675697,0.7066164192709562,0.1948424622916542,0.35585022540889494,0.5080775803555446,0.4515957480033543,-0.25956874061768026,0.22607352485641483,-0.5036065194285806,-0.743858942430592,-0.5330159460145647,-0.2965053900496631,-0.015689419445948413,-0.38325610262190174,-0.20066893394966304,-0.2040914089714526,-0.5080334946764649,-0.1275957482578509,0.0602426651319196,-0.17564960187361303,-0.5174631418904818,-0.8153920341900743,-0.3467342607947258,-0.547395066476961,0.4419962491275055,0.06917768068470907,-0.7027663888151511,-0.47323502482219665,-0.24358639236268576,-0.3811712845211686,-0.006308570734407242,0.04197137332018783,0.3982222732602912,-0.49401040185260936,0.22396893471398938,-0.17966273197187335,0.519690025127501,0.4933298910159653,-0.508779652648654,-0.1721169239561687,-0.6152862382255041,-0.3943552701814944,-0.39658790787179143,-0.305180396542519,0.17409855159349902,-0.2156050226990402,-0.6259687427702565,-0.3218807957412713,-0.13857963036935134,-0.4281426677717946,-0.7220635133796733,0,44,train
1.177505463175246,0.21217555985471798,0.29810484913928187,-0.1563035151975438,-0.44572831255618,0.5269190008559822,0.41976879917692334,-0.05073263688642425,0.6423937183294952,0.13804717045433681,-0.49750675285055385,-0.0280529191427668,-0.47492690845601887,-0.4263320102682132,-0.5364268936848844,-0.18576530096078325,-0.2561878814160203,-0.6045618025891786,-0.762764121019419,-0.7195164587301875,-1.0856823912639206,-0.6828653655322122,-0.0025331618494330564,-0.22016908621945963,-0.27672903692640677,-0.078284844937959,-0.445474633180553,-0.498151494231644,-0.2167498509243859,0.0005643520536750668,-0.4803469913726015,-0.4013782240956204,-0.3341891916005668,-0.5459482622262832,-0.171354421299445,-0.33800945980524594,-0.19256025181816513,-0.7167788290301023,-0.09207528336269605,-0.4723384050635696,-0.22906610446963882,-0.1906517913269924,-0.4674383697002869,0.07500165319775828,-0.7222232127507359,-0.44850801591111167,-0.13149210742505313,-0.26785390852127533,-0.22214628502953931,-0.16271075644963048,-0.3535464383262397,-0.4273481203033049,-0.16238029551085334,-0.23126487551061473,0.124998103605321,0,44,train
1.6706612104599012,0.26597865938975856,-0.6040634686238656,-0.24925290580457846,0.984853091204519,-0.9317059900619603,0.5400124383923188,-0.7278832312847436,0.009189067880870927,-0.6164814920967746,-0.3708623269846695,0.04376542372656713,-0.3716803089547967,-0.3791320608927245,-0.24990728937803175,-0.960945924582942,-0.6644759680163749,-0.3793042151224861,-0.19252262689068106,-0.1715382479340588,-0.4346035501950086,-0.22391802880544417,-0.3612521731714483,-0.687623671850849,-1.081287756148447,0.038912114022628376,-0.47552605086319605,-0.5843277456609487,-0.6498979715064516,0.055455014958502274,-0.5888442584177476,-0.41164348134227413,-0.6691449948436422,-0.3243516370366463,0.11747581718937108,1.3777802815240323,-0.42787193553585545,-0.13583371501820904,0.46292919716221487,-0.3634358290294501,-0.18348964440720422,-0.34316122049805725,-0.7413243692332188,-1.292613486119865,-0.17565645406621772,-0.6969735551411201,-0.88436418069379,-0.8053553360271845,-0.5141161646465149,-0.3213935551978596,-0.6813045233604474,-0.6010590078172425,-0.7930979217606559,-0.05045873976055154,-0.18683227187816592,0,44,train
0.8807391727738603,-0.3299941354599217,0.06806989959011277,1.04573690909343,-0.5068780238530378,-0.15949275957599077,-0.27057115302440593,0.4743150162215599,-0.4801054347385206,0.20008619381965043,-0.19816538262209996,0.27026942816062033,-0.8133463179322472,-0.3748411564040437,-0.2703729753999498,-0.20217124008506174,-0.8714165050603903,-0.70335899007457,-0.6772278969001083,-0.33430405312102773,-0.7087420095924453,-0.4505586889174284,-0.4912878147756788,-0.41605481734118477,0.08753967453239092,-0.6704379007388215,-0.31238978344313373,-0.547395066476961,-0.2708933659971441,-0.08405875325793354,-0.5345956248951745,-0.8479169143250584,-0.3643901246798605,-0.7675448874159201,-0.3364002718644828,-0.4085213669831615,-0.16252046240739618,-0.34986612544364337,0.13146818795983753,-0.9487871752128427,-0.11186949288052128,0.017315612088096115,-0.49844433191156223,-0.32445029343461684,-0.7341050988090949,0.16628492090160155,0.10532680764069977,-0.23799271810428035,-0.15958131082590168,-0.5185449112183868,-0.49401418905518585,-0.5173055441944512,-0.40435372444945683,-0.480375551432924,-0.45212080027456525,0,44,train
0.2522929107473965,0.1128467607131046,1.4285109684082453,0.8629889546795992,2.434744930111594,1.4642595888043601,-0.6765702642575647,1.4191082861596038,0.8582589400733445,1.2631332428361053,0.6691570490654715,0.27026942816062033,0.5288594755836414,-0.4563683416889788,0.2276253844667227,-0.09963412055832116,0.5995392041984215,1.1974988971443616,0.4836208590048225,1.8413322095447902,0.5101950687997283,0.6033203806032982,1.418890920514052,-1.2619250199122705,-0.1341891063555729,-0.6426807262481561,-0.3467342607947258,-0.6027940852529425,3.162707881533605,0.6592523069116015,-0.2742021839868239,-0.1601446787992573,-0.8942792232529225,-0.017525540620226005,1.1265061308710793,0.4846294572704355,3.0567436361133447,1.4322812919762997,-1.4603154957678584,0.5282040122499037,2.101844281580588,2.9011302727773227,-0.14187576648189612,-0.03670948441977035,1.2897761597980701,-0.037584239492251544,-0.036057619264227334,-1.021848966550398,2.8018274681462794,-0.8695704963281057,-0.2556446726666712,-0.7065263323792761,-1.074739125935096,-0.5285905209662741,-0.2938785201784674,0,44,train
-0.18121863111345118,-0.3693117851201437,-1.29237116922802,-0.7313294062410634,-0.5084872267819025,-1.1502569043504423,0.061867143629922725,-1.0028385482326574,-0.4561204101003151,-1.256992490084607,0.08966285798218261,0.14873069407405518,-0.29137739823162384,-0.49498648208710594,0.19351590776352595,-0.20627272486613138,0.04583344291848858,-0.03549000267332378,0.12111019488012481,0.47409944597425124,0.22626595013809755,-0.09926566574385286,0.5355453551335897,-0.21126518935029032,-0.06450291807649855,-0.6858585532336356,-0.04192702429934617,-0.38735345667968085,0.5277234813260393,0.08976167927401928,-0.7136161155196656,-0.39624559547229354,-0.26280516795859993,-0.13116483558927056,0.3050279201041867,0.3945309092097656,0.7787262724633649,0.2747590723285426,0.17771856133691344,-0.41108070604437735,0.7410614025736119,0.7012972944310538,-0.4105941056462822,-0.2635169456432376,0.14515446950947772,-0.012100594443019906,-0.12442288607980677,-0.45821899742961814,0.4785814260512022,-0.5906734561039454,-0.12369011895160055,-0.3404926765463361,-0.0235430821854251,-0.29153358742730245,-0.21010319542170972,0,44,train
0.1330044998997807,-0.37758918504861144,-0.0649190556180006,0.13042172362415638,-0.3491761368242993,-0.20805962941787562,-0.30027840506585657,0.29588656586174356,-0.4873009421299822,0.0139691237237096,-0.8045235428284553,0.3089408435518001,-0.9395366062115188,-0.700949897543784,-0.46479699260817126,-0.32521578351715047,-0.5078723183614443,-1.0708845275202263,-0.38803399630624835,-0.800899361323672,-0.8017532726022898,-0.3542364083698351,-0.13705279109518875,-0.028735303532319175,-0.5142955878777966,-0.5193155062896431,-0.2394077690710006,-0.30733265178104074,-0.18065417420921379,-0.4385609511849426,-0.5128961714861453,-0.5194286824321385,-0.1529835931248047,-0.48344664999330866,-0.6664919729945583,0.0772273269091456,0.027731537194140617,-0.4328582845881995,0.16615596799264448,-0.6833371461296762,0.24623126475289345,-0.07049284713160792,-0.2969055775382727,-0.5952651725074136,-0.9875853347207556,-0.3402025244518772,-0.48495317468737087,-0.38356602138713075,-0.10118733490250657,-0.5570134684906847,-0.6557649323188208,-0.27535109372860944,-0.2853503987419469,-0.16296033533836862,-0.43815824614843896,0,44,train
1.0247581078215915,0.3963477082631261,0.404136583697102,-0.06492953799062834,-0.4199810656943452,0.42492857418802393,0.32923241200297854,1.5975367365194202,0.5104760828193652,0.14643082226046028,-0.37853774673411705,-0.06672433453394662,-0.31432108700967326,-0.30189578009647017,-0.7922479689588601,-0.06272075752869456,-0.23381593146531593,-0.5650429275950221,-0.7261057392540001,-0.1335595600570994,-0.9045551948763285,0.41634183601091124,0.29341002249122944,0.01578418081352744,0.7939042193611899,-0.12454680242240139,0.018175811065939955,-0.33810988443436385,-0.10395086118947298,0.12406834358953628,-0.31760109080488236,-0.2576646226424679,0.11333372584714875,-0.6425416629499711,0.09872060689788952,-0.30275350621628816,-0.18755362024970365,-0.19261782390658957,-0.115200470051234,-0.45872558305930466,0.2592531104850176,0.02655860779543338,-0.6534741429679388,-0.019783554477720556,0.24417018666247015,-0.3433879800830312,-0.4496070679611391,-0.33877423576163834,-0.5433131526082124,-0.2059878833809657,-0.4003690219025551,-0.3591045573514008,-0.2615497336004449,-0.21519321899949798,0.02260604001372828,0,44,train
2.271467474850942,1.9794004445825892,1.9694525294574634,2.9204788552353156,-0.7933161451909506,1.066011256100904,1.5924979392894276,0.8574974260106736,1.4962605954496098,2.232283391623977,3.4323081588665842,-1.3870769457470857,1.9398963354336782,1.6032658128778023,1.2168002088594283,3.2594819151377004,1.0917221031139175,1.4188045971116385,1.9255172084446313,1.184843461957349,4.020146415013336,0.9432813707712746,-2.0965553904416967,2.508875304180938,1.0758165264901725,2.065185851841205,1.009872594593161,3.01045302824719,-0.9882949407111903,1.169278049735621,1.8848934302115836,2.9502282669368283,0.7420622417706265,2.755273256624461,0.822671724149078,-1.3251761602960637,-1.5643773015766147,1.3798651914639484,-1.0132285531227911,1.8690669796700004,-0.7629617794867299,-1.7111245851839725,1.2430572122884012,1.6288020218779293,0.3867528193627792,3.644802470121719,3.456137725287472,1.1356220410774873,-0.5349711560477275,1.1981144570579105,3.098554950800285,2.680835974142508,2.7889021820353923,2.4446659335903203,1.949438509419155,0,44,train
0.5432402542781667,0.09422261087405209,-0.13680497735211594,0.03904774641724096,0.55519590919765,-0.13035263767085983,-0.11071784442040959,0.06334456908132718,0.023580082663794206,-0.1151391140905917,-0.578098660219753,-0.00043047957763836417,-0.343000697982235,-0.8125134142494846,-0.48185173095976963,-0.6123197181920241,-0.547023230775177,-0.6796476650780761,-0.31471723277541064,-0.6652611903345312,-0.6451027243751831,-0.614873167498617,-0.19086064279349105,-0.4472184563832774,-0.30840457705325874,-0.5008107232958661,-0.13208127734727537,-0.5289287268849672,-0.04529538652731828,-0.2898987391510356,-0.9523101030189871,-0.5245613110554653,-0.19965776242916766,-0.466400755747952,-0.6439857206447804,0.06939267055604388,0.027731537194140617,-0.6862027703978973,-0.09592948114411903,-0.4314999390507748,-0.03373841848777626,0.05428759491744518,-0.5759592374397505,-0.37184289727235625,-0.6271681242838631,-0.09810789648417667,-0.23399581693112528,-0.3910313189913795,0.1198755739503464,-0.4560335056509025,-0.6387385382910697,-0.27535109372860944,-0.37658628178437115,-0.40403518300511954,-0.28457015076104986,0,44,train
-0.8663996251284151,0.48946845745838863,1.078067099954433,0.4139961356456181,0.8078407690294045,1.2149496569493512,-0.4431561410747382,0.8501847846024845,0.41933298919418444,0.8976060240891224,-0.2403801912440614,0.16530415781313224,-0.34873662017674734,-0.34909572947195894,-0.23626349869675306,-1.256252828819955,0.07939136784454512,0.5019666972472058,-0.19659578042017206,0.4958015533325138,-0.4101269020345232,0.0707148293401353,0.28892603484970425,-0.7722106921079577,-1.0907904181865025,-0.36510898134150177,-0.11920209834042833,0.031216907405513424,0.8390486929943989,0.2910274432583857,-0.1819795069984497,-0.12934890705929608,-0.34517134908394637,-0.48344664999330866,0.5676008641849286,-0.45552930510177186,0.9038920616749022,0.5018955078820647,-0.27322257908957676,-0.27495248600172795,0.13554557602983797,0.687432800870048,-0.059193200585161955,-1.1910579064675664,0.24020955797635046,-0.36250071386995486,-1.0151447755808476,-0.6597820327443341,0.3576224759241694,-0.5906734561039454,-0.3024672562429866,-0.4087362394982401,-0.7058288162418153,-0.9263640196164131,-0.6662132968751682,0,44,train
-0.4750754480795291,1.0254301028266775,1.5165712225325367,1.6428185877386188,0.93014019162312,0.9915420556766807,-0.30027840506585657,1.0461635743419548,0.9326125164517814,1.5247031791871573,1.3407562771421309,0.8669141227673945,0.6263701528903513,-0.8210952232268462,0.6574047909270017,-1.0962949223582397,0.381412692179054,0.5731006722366876,0.6994979960678448,0.9949500225725518,1.7144461582956108,0.35401565448011557,1.1050117856072887,-1.0526834434867913,-0.682175950550112,-0.30959463236017093,0.4775331956434839,0.8745130821065665,0.7488095012064686,0.5929260892349353,0.1055382506711875,0.9228399607227131,-0.4302830695801376,0.6529462996971369,0.6426217053508549,-0.36543075704110195,1.3344623765625907,1.0260565130055774,0.015842254517147755,0.8957502063650571,0.7085067882433015,1.380657478920343,0.483411138112156,-0.7882207738467812,0.36694967593218075,-1.0346318520434392,-1.1388561491226588,-0.8128206336314332,0.9582462282790907,-1.0378704343944094,0.6041882257347567,-0.7096283125134536,-0.8764002497559128,-0.7977907675274793,-0.8663432393496449,0,44,train
0.10972871241731906,-0.10236563742705772,-0.09906486844170538,0.13987420402487177,-0.3942338188325103,-0.5172687007445427,0.43391510967285224,-0.5757802899944083,-0.1251270700930797,-0.07657431578242378,-0.5205330120988965,0.3255143072908772,-0.8534977732938336,-0.6837862795890609,-0.5261940506739254,-0.25549054223896683,-0.5190582933367965,-0.8614344900511964,-0.758690967489928,-0.9256864786336815,-0.9437178319331052,-0.4505586889174284,0.07817861569802036,-0.2602366221307216,-0.21654551068538802,-0.5470726807803085,-0.22652859006415355,-0.676659443620918,0.08555144156518071,-0.22128541052000156,-0.5562950783042038,-0.8325190284550779,-0.28751502229620385,-0.9436857946179391,-0.6814961412277436,0.10856595232155251,-0.027341410058935825,-0.8609231054390682,-0.1614508434283099,-0.6833371461296762,-0.07280395568414877,-0.015034872887584316,-0.37958814343500685,-0.2872132475621073,-0.5479555505614692,-0.3019770568780298,-0.06079989397258958,-0.42089250940837447,-0.15123931426541667,-0.2877335675845989,-0.19179569506260474,-0.4831837627184991,-0.35278561664286917,-0.4241247536440154,-0.6289798192054981,0,44,train
2.192911692097634,2.0766598937420855,2.008989786411227,1.1544404337016572,-0.751476869040469,1.8139410516659313,2.486544762632133,1.9748690331819827,2.304555925757134,1.9053209711851622,1.1834101722784565,-1.5583360710508822,2.7085099094983325,2.714610075446128,1.0564856683544037,3.2020611282027254,2.5067479374959682,2.276364184484837,1.1068133490169434,3.4961178956123073,1.4696796766907565,3.1926899223827174,-0.5854515552477078,4.093768946893078,2.767290369264068,3.379025444399369,2.4823920610426713,3.0904738331458304,-1.3853473845780835,0.9931705062493004,2.4490792188463435,2.7654536364970608,2.987913447121739,1.255234563033073,1.820448911655897,-1.2624989094712498,-1.6144436172612298,3.0353403659790428,-1.4834406824563964,3.250768413102892,-1.5117179090838697,-1.429213216110186,2.3747748329999503,2.637587446424097,2.5571773393563735,1.2206707348135604,2.978965284483343,3.4423990007903473,-1.4359067845801095,3.722613528052465,0.8851237271926491,1.4369419403373473,3.784563340454892,2.223680656562465,2.801154311112858,0,44,train
-0.6292775401508374,1.2240877011099043,1.9496839009805818,1.9232421729598421,-0.6726259255260997,1.6293869462667687,-0.30169303611544945,1.3489069286409874,1.3523504476203771,1.8717863639606684,1.9125750484759723,-0.6909914687058493,1.7047235254586721,-0.5850954763494026,1.1383484124420757,-1.3710944026899046,1.2930696526702568,1.9127905345385958,2.051784967858852,2.1017574978439404,2.394896977157105,0.9432813707712746,-1.298405590250213,-1.0615873403559606,-1.1984872546177994,-0.41753919982386983,0.5934458067051072,1.6931874706849612,-0.9206155468702425,0.986309173386197,0.8921434367484968,1.369378650952151,-0.5565778806390022,1.57910655369485,1.5016103367007105,0.5590586926249019,-1.0937539341412341,1.7511459034264365,0.08136361680133863,1.6989067046166886,-0.6522760907636744,-1.0178999071336776,1.2275542311827636,-1.1809023485023364,1.2976974171703095,-1.2193882786503687,-1.3403289574621797,-0.9509286393100348,-0.7643760614610655,-0.662802000989504,0.9021501212204002,-0.7995857364045998,-0.931935135086084,-0.9183281913608548,-1.2247154619202192,0,44,train
1.6517496331304011,0.7067502055806679,-0.5249889547163388,-0.3012415480085131,-0.5036596179953085,-0.7908620675204941,0.52586612789639,-0.8229475695912032,0.32818989556900363,-0.4387480738069573,-0.06768324688149187,-0.27665487522892274,-0.8248181623212719,-0.1517141229926424,-0.4272765682346548,-1.0142652267368473,-0.5973601181642618,-0.691503327576323,-0.5102286021909779,-0.02504902326578677,-0.47866151688388237,-0.5978751179902181,0.26650609664207836,-0.5273535282058013,-1.3283569691378925,0.09134233250499642,-0.6901790343106465,-0.7012812297435765,0.6224746327033661,0.03258390541482427,-0.187404370350707,-0.498898167938831,-0.5455957231556227,-0.9607316888632959,-0.26888151481514916,-0.6435610575762133,0.3781957469864452,-0.2188258741627652,-0.111346272269811,-0.751401256151001,0.24623126475289345,0.3361989639912318,-0.8963541802895953,-1.1910579064675664,-0.08060136559934498,-0.8243917803872782,-0.746514364461486,-0.7045738183698265,0.37013547076489695,-0.114625059859258,-0.6898177203743229,-0.306370895070384,-0.33295172902495085,0.1182936536061741,0.06449370239210712,0,44,train
1.6182906886243626,1.0978573522007706,1.2613762003764273,1.7011088835430304,-0.5133148355684966,1.5273965195988104,0.803133813616596,1.0871143662278144,1.3307639254459922,1.112227510325883,1.0145509377906106,-0.6688935170537466,0.821391507503771,0.2130127585452251,0.8313631221133051,1.2702617963189329,1.0246062532618043,0.8062620347022115,1.5059823949070599,0.8755884321021079,1.2885524803031645,0.693976644648092,-0.7244551721349887,0.5945374773095335,0.8350824215260975,0.2979790759355057,0.3272761072302686,0.5728962021040002,-0.6498979715064516,0.5151643167864302,0.469004095272427,0.7431979589062725,0.2945393243229109,1.2268247392908118,0.8939415232567078,-0.49078525869072964,-0.6431570929796996,0.7115599099314698,-0.2500973924010388,0.8004604523352026,-0.4960139419781844,-0.5834791088888261,0.5557583832717984,1.4460019785037914,0.8857920338138611,1.4117980726827977,1.1338985133740445,0.5943879647694539,-0.6475881096142753,0.23159195559142376,0.7403993779567651,0.4412063172663834,0.49610477340403486,0.8174107118397517,1.055835045347073,0,44,train
1.1018591538572455,0.052835611231713174,-0.8233155299129175,-0.025544202987647546,2.2545142020787505,-0.9851295468880337,0.5569880109874334,-1.0467143966817927,-0.4705114248832384,-0.6718135940171895,-0.30562125911436544,-0.1551161411423576,-0.6412686520968769,-0.23753221276625827,-0.31812624278442525,-0.645131596440581,-0.23381593146531593,-0.13428719015871524,-0.506155448661487,0.023780718290303905,-0.4639755279875911,-0.08793363273825364,-0.2491524821333185,-0.660911981243341,-1.192152146592429,0.0419962445215912,-0.3767856784773689,-0.8982555187248445,-1.6786247578888571,0.2452852241710297,-0.5074713081338881,-0.3705824523556592,-0.6581628373602627,-0.48344664999330866,0.16623936394722316,1.8165210372977292,-1.334072249427386,-0.11399367313806268,1.0834550399713168,-0.635692269114749,-0.7238962422903574,-0.8700119758162814,-0.7619950107074023,-0.8660800515802103,0.0580206384148444,-0.24145339988610462,-0.47434934266950135,-0.689643223161329,-2.069898523176971,-0.6483762920123923,-0.3790860293678663,-0.30326891493620656,-0.7256627038597335,-0.30760524393841915,-0.49866264736165283,0,44,train
0.6727118221493595,0.4191105580664125,-0.9005928957770915,-0.8258542102482173,2.3446295660951724,-0.6613504146088012,1.4199129512390951,-1.1549414895229926,0.11712167875279553,-0.903202383866197,0.12420224685469652,0.7785223161589836,-0.42903953089992014,-0.07876874668506888,0.26173486116991945,-0.3826365704521252,-0.31771074378045727,-0.22913249014469103,-0.00923071806358672,0.3547378555038074,0.20668463160970924,-1.0341583887057877,-1.8364841072332359,-1.1995977418280852,-0.7581972468545568,0.23012820495832356,-0.7760402276896267,-0.7135921228049058,-1.1010939304461032,0.2933145542127535,0.013315573682813301,-0.7657948563518284,-1.2402171839793774,-0.5686761212200921,-0.0025575286761109284,1.2641777644040573,-1.4692513017758464,0.008310561390756954,2.7330516904203574,-0.880723065191518,0.4676026421990043,-1.267460791231784,-0.6948154259163057,-0.4632429189594252,-0.013270677935310143,-0.563184418632654,-0.40719173988966095,-1.0106510201440249,-2.578760313366557,-0.37428782144726935,-0.6983309173881984,-1.2028431538476694,-1.1382075663124347,-0.13885285057169353,-0.13563624008236955,0,44,train
-0.8402143642106458,0.7170969554912526,0.6000257204225662,1.0425860822931916,2.2432497815766976,0.525300105194586,0.19908635544043285,0.6995443715937871,0.19627226005887358,0.5874109072625544,0.11268911723052522,1.1707609579838074,-0.21107448750845104,-0.3147684935625126,0.036612314928820916,-0.8132924724644356,0.16328618015968646,-0.0710569901680647,0.14962226958656172,0.08888704036509147,0.2115799612418063,-0.17858989678304732,1.889709622874197,-0.26468857056530626,-0.8722291913112239,-0.6118394212585279,-0.1063229193335813,-0.22731184688240066,1.2270772176824993,0.2933145542127535,-0.21995355046425083,-0.18580782191589168,-0.27653286481282435,-0.26753198955212404,0.24501124717144573,-1.458365318298793,1.4045552185210515,-0.013529480489389407,0.3357406703752561,-0.036728100927091445,0.8191924769663569,1.3575499896519998,-0.03852255911097841,-0.6765096362292525,-0.15981393932173893,-0.9581809168957444,-0.8207411885865727,-0.1372112004469224,1.2126771233738836,-0.23003073167615193,-0.0172751562781565,-0.19469961023999552,-0.13857963036935134,-0.8861848783386214,-0.6615591121664595,0,44,train
-0.1506691600427203,-0.6817836324198024,-0.40637718385504845,-0.29651530780815544,-0.4441191096273153,-0.3764247782030765,-0.5138876935543827,-0.21307327614822438,-0.5544590111169575,-0.4488084559743054,-0.6088003392175431,-0.04462638288184387,-0.44624729748345715,-0.4177502012908516,-0.5023174169816876,-0.4359558726060303,-0.3848265936325704,-0.8416750525541181,-0.7098131251360362,-0.6489846098158343,-0.806648602234387,-0.3655684413754343,0.1499224179624234,0.020236129248112106,-0.3654205492815923,-0.5378202892834201,-0.24370082873994958,-0.5597059595382903,0.15774279499552496,-0.18240452429574897,-0.5617199416564611,-0.5656223400420803,-0.2930061010378936,-0.08002715285320051,-0.5839690477120394,0.296597704795994,0.06277795817337108,-0.5464265023649606,0.3203238792495642,-0.5880473920998216,0.23972034188683136,0.10974556916146877,-0.508779652648654,-0.3346058513998467,-0.7024200693201373,-0.13633336405802413,-0.28348036634784973,-0.11854795643630056,-0.04696435725935396,-0.25407357997133817,-0.6898177203743229,-0.4180421799007725,-0.17031385055802065,-0.24331861789395226,-0.4614291696919827,0,44,train
-0.048837589806950715,0.7005421556343171,0.6773030862867402,0.7022967878674375,-0.43768229791185664,0.7632777674198219,-0.3229125018593428,0.40850124354785716,0.4792955507896981,0.671247425323789,-0.22502935174516633,-0.00043047957763836417,-0.6355327299023645,-0.722404419987188,-0.3351809811360236,-0.5220870530084923,-0.05484033185968105,-0.24889192764176934,-0.1803031663022081,-0.00877244274708988,-0.23389503527902822,-0.3429043753642359,-0.3612521731714483,-0.7633067952387883,-0.4382742915733519,-0.5779139857699368,-0.2394077690710006,-0.17191282810641909,-0.4107641132684361,0.04401946018666327,-0.6973415254628937,-0.18580782191589168,-0.2655507073294448,-0.5061745089871176,-0.1976117157075192,0.2652590793835871,-0.322732672598164,-0.29745002493129213,0.1468849790855295,0.03814242009636574,-0.22255518160357673,-0.38013320332740635,-0.3124085586439103,-0.4700132909362451,-0.342002858883245,-0.45487892717341954,-0.5521107774672113,-0.6597820327443341,-0.24300127643075187,-0.8022505211015842,-0.2556446726666712,-0.3156768354729164,-0.7692972566191539,-0.6290383741607537,-0.32645781313942873,0,44,train
-0.466347027773606,0.15009506039120962,-0.3560570386411677,-0.6399554290341479,0.8480708422510214,-0.04293227195546707,0.7154266885418369,-0.733733344411295,0.5128745852831857,-0.46892922030900175,-0.45529194422859237,0.1929265973782607,-0.7846667069596855,-0.5336046224852331,0.00932473356626352,-0.5138840834463532,-0.4351634810216552,-0.8021561775599615,-0.7098131251360362,-0.594729341420178,-0.5814634391579211,-0.5752110519790197,-0.5989035181722834,-0.518449631336632,-0.11518378227946172,-0.7105315972253383,-0.3810787381463179,-0.091892023207779,-0.009199709812146144,-0.05890053275988774,-0.3284508175093969,-0.3808477096023129,-0.48793939636788014,-1.0289152658447225,-0.3439023559810754,-0.4241906796893649,-0.29269288318739506,-0.29308201655526284,0.5438673505720978,-0.5131768710763644,0.6303757138505565,-0.015034872887584316,-0.6224681807566634,-0.32445029343461684,-0.47270360552519497,-0.24782431114841252,-0.2587380916394875,-0.39849661659562824,-0.6267331182130627,-0.12905076883636973,-0.6217121442633188,-0.6817104913058565,-0.4519550547324608,-0.5366263492218325,-0.8151472075538485,0,44,train
0.4283160535835125,-0.4189761846909503,-0.9706816694678538,-0.5611847590281863,-0.485958385777797,-0.988367338210826,-0.044230185089543864,-0.6225811950068192,-0.6767826367718054,-0.881404889170276,-0.16362599374958606,0.17082864572615794,-0.16518710995235228,-0.34480482498327814,-0.2840167660812285,-0.559000416038119,-0.6253250556026423,-0.1856617276511188,-0.19659578042017206,-0.46451669727060285,-0.2094183871185428,-0.3599024248726347,0.2844420472081791,-0.33591974551866083,-0.568144006093445,-0.5933346382647509,-0.11920209834042833,0.061994140058836536,0.36529293610776475,0.0005643520536750668,-0.2687773206345666,0.024629951640510152,-0.21613099865423696,-0.16525662407998393,-0.036316907200777744,-0.22832427086182178,0.5634411150195205,-0.328026083563497,0.019696452298570748,-0.4995640490720995,-0.014205649889590005,0.41476442750359854,-0.37958814343500685,-0.4700132909362451,-0.2984359433359283,-0.37842799202572464,-0.4319340145980232,-0.3872986701892551,0.19495354299471157,-0.5858648864449082,-0.5919159547147544,-0.16367980889822095,-0.3051842863598652,-0.5526980057329492,-0.16821553304333087,0,44,train
0.2202887029590118,0.0859452109455843,0.44007954456415965,0.9386087978853224,-0.36044055732635205,0.275990173339577,-0.19842496949516863,-0.23208614380951628,0.3401824078881064,0.46165613017070245,-0.25956874061768026,0.09348581494379832,-0.23975409848101276,-0.49498648208710594,-0.6217005854428763,-0.427752903043891,-0.40719854358327473,-0.7468297525681423,-0.33915615395235654,-0.47536775094973416,-0.46887085761968816,-0.45622470542022797,-0.3343482473222971,-0.5585171672478939,-0.4477769536114075,-0.3897820253332044,-0.40683709616001196,-0.6212604248449365,-0.3521086386062814,-0.16868185856954215,-0.7787144757467533,-0.4219087385889279,-0.24358639236268576,-0.18798448307379284,-0.38891486068063114,0.11248328049810338,0.15790395797413947,-0.6774667536458387,-0.022699723297082173,-0.09798579994628369,-0.3397517931926943,-0.042763860009596116,-0.7981686332872235,-0.18565766790980853,-0.6390500103422222,-0.2796788674599521,-0.02898839791898098,-0.2827845037297728,0.20746653783543909,-0.561822038149722,-0.5152971815898747,-0.4707758421817893,-0.5114567175862157,-0.5406442633496117,-0.28457015076104986,0,44,train
0.21883396624135792,0.5660344067967156,1.0870528401711976,0.4927668056515797,0.8818641037571796,1.2165685526107473,0.3801591297883225,0.7200197675367168,0.9374095213794225,0.9512613956483126,-0.07152095675621563,0.7785223161589836,0.29368666560863527,-0.18175045441340795,-0.1782773883013186,-0.10373560533939079,0.29751787986391265,0.3557468597688264,-0.2414004692445729,0.22452521135423226,-0.27795300196790196,0.07638084584293492,0.306861985415805,-0.0376392004014885,-0.32740990112936996,-0.556325072277197,-0.14496045635412239,-0.06727023708512052,1.2586609348082751,0.22470122558171948,-0.40439890444099924,-0.0626247349560467,-0.040416478920164575,-0.13116483558927056,0.6126133688844844,0.20258182855877324,0.9289252195172097,0.29659911420868895,0.2124063413697204,0.3852693812051218,0.9819655486179091,0.863049719309456,0.18885449710504054,-0.07056134430386994,0.0580206384148444,-0.33701706882072324,-0.18804587818702398,0.0307579956486742,0.6287373641399325,-0.3310106945159341,-0.4088822189164306,-0.11094614661720416,0.13512801875792146,-0.29555150155508164,-0.09840276241269948,0,44,train
-0.11866495225433557,0.2825334592466941,0.17949307827799155,0.1461758576253487,-0.3636589631840814,0.25332563408003067,-0.2861320945699277,0.17449671848580295,0.20106926498651467,0.17661196876250473,-0.7469578947075988,0.26474494024759465,-0.6986278740420003,-0.9283678354438661,-0.5773582657287205,-0.39494102479533405,-0.6197320681149662,-0.715214652572817,-0.5957648263102886,-0.3831337946771184,-0.7430093170171248,-0.10493168224665246,-0.18637665515196583,-0.518449631336632,-0.2862316989644624,-0.44221224381557245,-0.49699134920794114,-0.7813020346422166,-0.29796512353352317,-0.26702762960735754,-0.9251857862577005,-0.6220812548986759,-0.28751502229620385,-0.42094503776033415,-0.5727159215371505,-0.032457862034278584,-0.29769951475585654,-0.7473548876623072,0.03896744120568571,-0.6629179131232789,-0.20953333587145256,-0.024277868594921582,-0.596629878913934,-0.3447614093650766,-0.6152862382255041,-0.5281444066899605,-0.4708147319968782,-0.2753192061255241,-0.07616134522105152,-0.581056316785871,-0.2854408622152355,-0.3373906964121586,-0.4638553873032118,-0.6290383741607537,-0.475391723818109,0,44,train
0.4995981527485512,-0.1892783366759694,-0.49623458602269266,-0.6068717476316441,0.7692198987366522,-0.27119656021232597,-0.34130270550405034,-0.7966220605217221,-0.017194459221155086,-0.5879770759559548,-0.28643270974074664,-0.166165116968409,-0.6699482630694386,-0.5808045718607218,-0.2567291847186711,-0.3908395400142644,-0.5358372557998248,-0.6519844525821665,-0.2780588510099918,-0.37228274099798714,-0.20452305748644573,-0.7225274810518094,-0.4464479383604269,-0.07770673631275046,-0.5491386820173338,-0.5285678977865316,-0.3424412011257768,-0.33810988443436385,0.1712786737637145,-0.09320719707540474,-0.7787144757467533,-0.5194286824321385,-0.026688782065940175,-0.34707949603045524,-0.482690912138039,0.29268037661944313,-0.017328146922012837,-0.2581379495470287,-0.26551418352673073,-1.0372705182405648,0.13554557602983797,-0.015034872887584316,-0.5346179544913834,-0.4361614310521455,-0.5598374366198283,-0.6460062650426568,-0.3541725798003133,-0.11481530763417619,-0.309737248914632,-0.5329706201954985,-0.4642179995066215,-0.09853822608049433,0.06372602333341551,-0.5446621774773909,-0.4195415073136039,0,44,train
0.21592449280605022,-0.28032973588911503,0.8228720777983237,0.39981741504454504,-0.5792921556519484,0.3601727477321774,0.23162286958106926,1.3693823245839172,-0.5760455332913424,0.5589064911217346,-0.19048996287265244,0.11005927868287538,-0.9854239837676175,-0.4649501506663404,-0.15440075460908087,-0.27189648136324535,-0.4966863433860922,-0.40696742761839566,-0.47764337395505,0.609737616963392,-0.19962772785434862,-0.7905196790854047,-0.28054039562399485,-0.05544699413982715,-0.10568112024140612,-0.4298757218197211,-0.5699733635800742,-1.0028981097461431,-0.4694195879305908,0.1538007859963177,-0.26335245728230927,-0.4270413672122548,-0.010215545840870888,-0.790272746409729,-0.13009295865818557,-0.08730045650599068,-0.48795151435739337,0.34027919796898165,0.02355065007999374,-1.0849153952554922,0.02485988730678251,-0.39399769688841224,-0.3485821812237315,-0.18904285389821848,-0.12020765246054196,-0.3975407258126484,-0.22339198491325574,-0.1857356348745392,-0.7727180580215505,-0.4560335056509025,-0.366316233847053,-0.2040055506425279,-0.13857963036935134,-0.49242929381626155,-0.34507455197426373,0,44,train
-0.39797440204387496,0.30322695906786357,-0.0020188741006496778,0.007539478414856322,-0.4441191096273153,-0.10121251576572891,-0.18710792109842553,0.04140664485675959,-0.0076004493658729,0.11624967575841583,-0.7009053762109135,0.01061849624841301,-0.38315215334382136,-0.7910588918060807,-0.6558100621460731,-0.3908395400142644,-0.7651497427945445,-0.8693382650500278,-0.7057399716065452,-0.7629206734467125,-0.806648602234387,-0.297576243341839,-0.06082500118926053,-0.34482364238783014,-0.4414418455860371,-0.6457648567471189,-0.441181573511604,-0.22115640035173606,-0.11297478036826601,-0.36994762255390856,-0.6593674819970926,-0.25253199401914106,-0.2737873254419794,-0.7789088169128245,-0.6552388468196694,0.2182511412649767,-0.07240109417508928,-0.4809063767245215,0.1468849790855295,-0.4178871170465098,0.27878587908320385,-0.22762377415634144,-0.6741447844421222,-0.3007539915157471,-0.7816326430425313,-0.356129802607647,-0.5132300600683563,-0.12974590284267368,-0.03862236069886894,-0.5858648864449082,-0.7025875158951362,-0.39943029909570776,-0.11477896522784936,-0.6611816871829872,-0.2938785201784674,0,44,train
-0.5332649167856831,0.5577570068682478,0.8174806336682651,0.5006438726521758,-0.46503874770255615,0.47997102667549346,-0.17720550375127533,0.12915834175502994,0.6471907232571363,0.6678939646013395,-0.34016064798687934,-0.2435079477507686,-0.19960264311942635,-0.6709135661230184,-0.39316709153145807,-0.7476687159673217,0.11854228025827775,-0.13428719015871524,-0.33915615395235654,-0.3939848483562497,-0.7234279984887365,-0.5978751179902181,-0.2670884326994193,-0.6520080843741718,-0.4699498317002039,-0.5470726807803085,-0.445474633180553,0.018906014344184183,-0.20321397215619635,-0.010871202718163935,-0.20367896040747893,0.18887406758697012,-0.1667112899790291,-0.5629941564716399,-0.11883983248329663,0.2887630484428923,-0.1475005677020117,-0.4852743851005508,0.02355065007999374,0.16065781813475022,-0.16395687580901797,-0.09822183425361972,0.15268087452521933,-0.646042962333563,-0.5796405800504268,-0.5982244305753475,-0.626337601592298,-0.3611701285743845,-0.08450334178153654,-0.7685905334883235,-0.25990127117360895,-0.39943029909570776,-0.543190937774885,-0.5085009503273783,-0.7406802522145083,0,44,train
-0.6438249073273759,0.15216441037332656,0.001575421986056089,0.19658908642916412,-0.41515345690775113,-0.049407854601051716,0.08308660937381604,0.13062087003666778,0.12671568860807772,0.0978056417849442,-0.7891727033295601,-0.05015087079486955,-0.4806628306505312,-0.44778653271161717,-0.625111533113196,-0.4687677508545873,-0.35126866870651385,-0.7705410775646363,-0.762764121019419,-0.551325126703653,-0.8653925578195519,-0.8018517120910038,-0.13256880345366356,-0.3403716939532455,-0.40976630545918513,-0.5594092027761598,-0.2952175447673377,-0.25193363300505917,0.166766714174318,-0.3127698486947136,-0.6105437118267768,-0.1601446787992573,-0.16945682934987397,-0.6539055924468755,-0.7527659403353735,0.15165656226361202,-0.022334778490474327,-0.5770025609971655,-0.11905466783265699,-0.6901435571318087,-0.0076947270235279185,-0.10284333210728834,-0.6896477655477599,-0.3447614093650766,-0.6350893816561025,-0.6077807974688094,-0.45667628930638543,-0.33504158695951397,0.023942613504768694,-0.523353480877424,-0.4344218099580572,-0.30326891493620656,-0.27345006617119594,-0.3317127287050943,-0.40092476847876884,0,44,train
1.0305770546922068,-0.05477058783836798,-1.632032149421715,-0.8699657854515557,1.0234739614972714,-1.7298215511302684,0.06045251258032983,-1.1476288481148034,-0.6024290603933684,-1.5688643372723998,0.38900422821063646,-0.0722488224469723,-0.2168104097029634,-0.3276412070285549,0.35383044826855065,-1.5843716113055248,0.17447215513503866,0.754887497209808,0.6180349254780251,1.0383542372890768,0.5640436947527963,0.22936329141852427,-1.0069463935510756,-0.40715092047201545,-1.0084340138566874,-0.3466041983477248,-0.31238978344313373,-0.24577818647439453,-1.213892920181016,0.47628343056217753,-0.2959016373958531,-0.38598033822563976,-0.2792784041836692,-0.06866322335629606,0.811418597974189,0.8371889931600132,-1.2589727759004634,0.812024102580143,0.1430307813041065,0.051755242100630684,-0.20302241300539048,-1.1195728599143875,-0.27623493606408916,-1.4110949957142136,1.0917447254920853,-0.8944718042726653,-1.3580020108252957,-0.42462515821049884,-1.0271489531163436,-0.44641636633282805,-0.5663763636731278,-0.3125748553387389,-0.3845198368315385,-0.3276948145773151,-0.5079710167790703,0,44,train
1.5208233285415547,0.2452851595685891,-0.6004691725371599,-0.25712997280517463,-0.4344638920541273,-0.9446571553531297,0.1113792303656738,0.2754111699188138,-0.24745069574792755,-0.46892922030900175,-0.06768324688149187,0.25369596442154324,-0.36594438676028435,-0.23753221276625827,-0.49208457397072863,-1.1455127397310751,-0.45753543097235955,-0.5689948150944377,-0.44098499218963116,-0.41026142887494654,-0.44928953909129987,-0.8188497615994027,0.10059855390564632,-0.2379768799577983,0.011518378227946185,-0.47922180980312634,-0.31238978344313373,-0.4858406011703148,0.3156613806244031,0.018861239688617467,-0.5291707615429172,-0.2576646226424679,-0.15023805375395982,-0.4493548615025953,-0.2651304727568528,-0.5769664785748486,0.4032289048287527,-0.5551625191170192,0.06594682567564666,-0.5472089260870268,-0.03373841848777626,0.1559605476981551,-0.5862945581768423,-1.2418356962937156,-0.864805845451045,-0.7543117565018913,-0.6334068229375444,-0.4955454854508618,-0.1637523091061442,-0.4560335056509025,-0.4642179995066215,-0.2102095109108828,-0.27345006617119594,-0.2794798450439649,-0.4102331378961864,0,44,train
1.6401117393891704,-0.3589650352095589,-0.12961638517870439,0.4833143252508643,-0.4730847623468796,-0.05588343724663637,0.30518368415989944,0.9569493491620467,-0.7655272279331656,-0.04639316928037932,-0.3747000368593933,0.20950006111733777,-0.3888880755383337,-0.7052408020324649,-0.3556466671579417,-0.36623063132784667,-0.3848265936325704,-0.5571391525961907,-0.5346675233679239,-0.8226014686819345,-0.8507065689232607,-1.1361466857561806,-0.2939923585485704,-0.21571713778487497,0.8794281777036902,-0.1615563684099553,-0.7760402276896267,-0.6458822109675949,-0.20321397215619635,0.023435461597353067,-0.4423729479068004,-0.46296976757554287,-0.10356388444959684,-0.6425416629499711,-0.1638523371828524,-0.53779319680934,-0.09743425201739676,-0.4590663348443752,0.12375979239699156,-0.5744345700955567,0.2527421876189555,0.017315612088096115,-0.3330792001180939,-0.24320582971277782,-0.654892525086701,0.04842306254890523,-0.17390743549653126,-0.33877423576163834,-0.3556182299972996,-0.7397391155341,-0.5663763636731278,-0.1388639678248013,-0.1108121877042657,-0.7616295403774667,-1.0618189971154128,0,44,train
0.23338133341789644,1.0606090525226655,0.7545804521509142,1.0945747244971262,-0.485958385777797,0.45730648741594715,0.3165007325566425,0.05018181454658663,0.5896266641254432,0.7332864486891025,0.12036453697997275,-0.17721409279446035,-0.2971133204261362,-0.4649501506663404,-0.4579750972675319,-0.23088163355254912,-0.16110709412552676,-0.43067875261488964,-0.22918100865609994,-0.7574951466071469,0.13815001676035008,-0.6771993490294126,-0.5271597159078804,-0.09106258161650445,-0.46044716966214827,-0.3558565898446133,-0.18359799337466345,0.3389892339387445,-0.34308471942748836,0.09891012309149047,-0.15485519023716318,0.09648675236708638,-0.284769482925359,-0.4323089672572386,-0.16010129512455606,-0.17348167639010967,-0.5680576194527773,-0.8914991640712732,0.07750941901991563,-0.29537171900812537,-0.1444241072108317,-0.4309696797177613,0.08550128973412284,-0.1958132258750384,-0.7301444701229752,-0.2223406660991809,-0.1809766568417776,-0.2006662300830367,-0.08867434006177904,-0.5329706201954985,0.25940374667279803,-0.31877881560709387,-0.23378229093535927,-0.3718918699828861,-0.1775239024607484,0,44,train
0.19701291547655017,0.8371192544540355,0.15433300567105118,0.8661397814798377,-0.4698663564891502,-0.10283141142712508,0.7578656200296235,-0.22331097411968925,0.5080775803555446,0.1866723509298529,-0.45912965410331613,-0.3539977060112824,-0.4118317643163831,-0.2246594993002159,-0.5875911087396796,-0.22678014877147948,-0.8210796176713054,-1.015558102528407,-0.5346675233679239,-0.6110059219388749,-0.4835568465159794,-0.7281934975546089,-0.23570051920874294,-0.07325478787816579,-0.30840457705325874,-0.6180076822564535,-0.454060752518451,-0.23962273994372993,0.09006340115457723,-0.03831653417057754,-0.0029590163739586146,-0.14987942155260356,-0.24358639236268576,-0.08570911760165274,-0.3701596503891496,0.06547534237949301,-0.17754035711278066,-0.6774667536458387,-0.2693683813081537,-0.8262717771744581,-0.13140226147870754,0.03118010564910201,-0.6483064825993929,-0.14503543604888902,-0.6865775545756586,-0.17137337600071761,-0.000711512537995559,-0.2081315276872854,0.04062660662573873,-0.3310106945159341,-0.042814747319783075,-0.011682782323525496,-0.14651318541651867,-0.48841137968848236,-0.3962705837700601,0,44,train
-0.15794284363098957,0.025934061464192883,0.11839004480399351,-0.09013615239253604,-0.38618780418818693,0.1480974160892801,0.49898813795412506,-0.40466448104278124,0.6759727528229829,0.012292393362484907,-0.42459026523080223,0.03271644790051576,-0.343000697982235,-0.743858942430592,-0.5705363703880811,-0.42365141826282143,-0.41279153107095085,-0.8140118400582085,-0.5916916727807976,-0.9365375323128128,-0.7625906355455132,-0.5355489364594225,0.13647045503784783,-0.34482364238783014,-0.35908544125622194,-0.5779139857699368,-0.23082164973310257,-0.8305456068875336,-0.16711829544102422,-0.3036214048772424,-0.7515901589854668,-0.48863291069217724,-0.22985869550846136,-0.5800400507169966,-0.5539607112456689,-0.036375190210829446,-0.2075801465235496,-0.6599947201417217,-0.1575966456468869,-0.3089845410123903,-0.04024934135383835,0.03118010564910201,-0.550120935597021,-0.3515317813418965,-0.7935145291008904,-0.35931525823880095,-0.21278815289538622,-0.5590005150869761,0.14907256191204396,-0.1434764778134815,-0.6855611218673852,-0.4831837627184991,-0.3567523941664528,-0.5446621774773909,-0.28457015076104986,0,44,train
-0.07938706087768159,-0.3382715353883895,-0.005613170187355444,-0.02239337618740908,-0.37009577489954015,0.2840846516465578,-0.6086679738771061,-0.45585297090010557,-0.1730971193694906,-0.06986739433752501,-0.7623087342064938,-0.06672433453394662,-0.692891951847488,-0.576513667372041,-0.6046458470912779,-0.22267866399040986,-0.6029531056519379,-0.8021561775599615,-0.5550332910153788,-0.697814351371925,-0.7332186577529306,-0.21258599579984497,0.13198646739632264,-0.22907298308862897,-0.15952953845705448,-0.4452963743145353,-0.23511470940205156,-0.5658614060689549,-0.19419005297740333,-0.18011741334138115,-0.6430928919403207,-0.8119885139617703,0.07215063528447553,-0.3243516370366463,-0.5202013327210021,-0.08338312832943981,-0.12246740985970424,-0.520218452108785,0.17001016577406747,-0.5063704600742319,0.18112203609227256,-0.14905831064397468,-0.550120935597021,-0.21612434180549817,-0.654892525086701,-0.5854826080507317,-0.2587380916394875,-0.5254066758678568,0.14490156363180146,-0.542587759513573,-0.366316233847053,-0.2412293122526574,-0.14254640789293502,-0.4080530971328987,-0.4800459085268178,0,44,train
0.6203413003138208,0.8371192544540355,0.6575344578098584,0.7511346032711337,-0.5471080970746548,0.784323411017972,0.20050098649002573,0.4509145637153545,0.8006948809416513,0.5790272554564309,-0.09454721600455823,-0.4202915609675906,-0.46919098626150657,-0.4134592968021708,-0.32835908579538425,-0.017604424936928702,0.16328618015968646,-0.17775795265228747,-0.1558642451252622,-0.6055803950993093,0.0010807870616317548,-0.03127346771025759,-0.18637665515196583,0.04249587142103541,-0.04233003998770217,-0.5285678977865316,-0.0548062033061932,-0.06727023708512052,-0.1896780933880068,0.08061323545654807,-0.33930054421391154,-0.2217362222791798,-0.06512633325776851,-0.13684680033772278,-0.03256586514248143,-0.11080442556529586,-0.16752709397585766,-0.24503392441894084,-0.08436688779985005,0.004110365085703382,-0.4309047133175635,-0.2645957569856905,0.2405311007904994,0.21040909273415664,-0.3578453736277238,-0.2287115773614888,-0.20218432087751667,-0.1484091468532955,0.0698235945874363,-0.1867536047448167,-0.030044951798969786,-0.16988376916657585,-0.28138362121836324,-0.02635125499387645,-0.047206730616903114,0,44,train
0.026808719511049548,-0.0030368382854443488,0.3645993267433385,0.22967276783166798,0.6694493171470421,0.36341053905496973,-0.24652242518132683,-0.21307327614822438,0.12191868368043662,0.19002581165230228,-0.5819363700944767,0.021667472074464386,-0.38315215334382136,-0.8168043187381655,-0.37270140550954006,-0.3416217226414289,-0.6365110305779944,-0.8100599525587928,-0.5835453657218157,-0.7629206734467125,-0.987775798621979,-0.17292388028024772,0.2844420472081791,-0.6208444453320792,-0.23871838877418441,-0.41137093882594417,-0.6386623182832584,-0.9105664117861737,0.16225475458492147,-0.37909606637137977,-0.7136161155196656,-0.7144685701185597,-0.2078943805417023,-0.2845778837974807,-0.6439857206447804,-0.0011192366218716714,0.19795701052183146,-0.8303470468068633,-0.07665849223700406,-0.5404025150848943,0.17461111322621048,0.16058204555182373,-0.9583661047121459,-0.29059843355051723,-0.6192468669116238,-0.3656861695011088,-0.3435687477824438,-0.4619516462317425,-0.4140122059206947,-0.7397391155341,-0.6302253412771942,-0.4087362394982401,-0.37658628178437115,-0.34778438521621097,-0.27526178134363233,0,44,train
-0.1681260006545665,0.7667613550620593,0.6054171645526248,0.7353804692699414,-0.5261884589994139,0.7568021847742372,-0.2493516872805126,0.44945203543371665,0.5944236690530843,0.5052511195625444,-0.22502935174516633,-0.34847321809825665,-0.3085851648151609,-0.9369496444212277,-0.3113043474437859,-0.42365141826282143,0.12413526774595385,-0.4583419651107992,-0.33915615395235654,-0.3994103751958153,-0.3171156390246786,-0.2862442103362398,-0.5137077529833047,-0.5407093735095553,-0.2355508347614992,-0.27566919687157987,-0.08485762098883626,-0.07342568361578514,-0.3521086386062814,0.06460345877597347,0.08383879726215827,-0.10881839256598858,-0.2984971797795834,-0.6027679097108055,-0.07007628572544457,0.13598724955740857,-0.25764646220816456,-0.21445786578673592,0.03511324342426272,-0.1388242659590785,-0.2941753331302597,-0.4078621904494181,0.26636940263322884,-0.41585031512168574,-0.47666423421131465,-0.40072618144380234,-0.6121991589018053,-0.7717614968080652,-0.33893423687632956,-0.6579934313304668,-0.3961124233956173,-0.529713464731161,-0.5749251579635544,-0.7576116262496875,-0.7174093286709645,0,44,train
-0.3019617786787208,0.05490496121383012,0.030329790679702224,0.3840632810433527,-0.38940621004591625,-0.09311803745874811,-0.16022993115616066,0.13354592659994344,-0.13472107994836188,0.032413157697181214,-0.7968481230790077,-0.17721409279446035,-0.8133463179322472,-0.7696043693626767,-0.41022182988305644,-0.3170128139550112,-0.6756619429917271,-0.9365203525400939,-0.6242769010167255,-0.9853672738689034,-1.046519754207144,-0.39956454039223194,-0.2626044450578941,-0.24242882839238294,-0.33057745514205517,-0.39595028633113005,-0.6515414972901055,-0.5166178338236379,-0.0001757906333531106,-0.26474051865298975,-0.9360355129622152,-0.3243887947457173,-0.31222487663380777,-0.36980735502426415,-0.5989732159452247,0.06939267055604388,-0.06238783103816629,-0.4328582845881995,0.27407350587248824,-0.8466910101808556,0.06392542450315503,0.049666097063776546,-0.4726060300688328,-0.36507252529553635,-0.7499476135535738,-0.4867334834849591,-0.46374551065163183,-0.5179413782636081,-0.1679233073863867,-0.46084207530993976,-0.45144820398580826,-0.2257194115817701,-0.5154234951097995,-0.5085009503273783,-0.475391723818109,0,44,train
-0.5958185956447988,-1.2011904779311557,-1.0245961107684403,-0.6698882836364134,-0.5648093292921662,-0.8183832937642289,-0.7175945646957584,-0.24524889834425684,-1.1037160753318627,-1.0926729146845873,0.08582514810745884,0.5630672875509817,-0.2799055538425992,0.3074126572962026,-0.2806058184109088,0.08903417937088151,-0.015689419445948413,-0.49786084010495585,-0.3024977721869377,-0.4862188046288654,-0.0968258055803099,-0.18992192978864653,0.22166622022682644,0.1359867885473133,-0.264058820875666,0.12835189849255033,0.061106407755430046,0.36976646659206763,0.42846037035931595,0.04173234923229547,0.18691120095504707,0.39417921252004506,-0.04590755766185434,0.12452357809107968,0.16999040600551946,0.2770110639132397,0.648553851683366,-0.44159430134025807,0.30876128590529517,0.05856165310276315,0.40900433640444556,0.37317094682058083,-0.012684257268248985,-0.1551909940141189,-0.29447531464980864,0.038866695655443366,0.1477421357121779,0.15393540611877837,0.0739945928676788,0.09695200513838086,0.17001517802710503,0.07517266143344332,0.24223101189468038,0.17052653726730346,0.0551853329746896,0,44,train
-0.10848179523075861,0.08387586096346736,-0.34886844646775617,-0.19411343680040535,-0.43607309498299196,-0.06883460253780567,0.06045251258032983,-0.6796197979906949,0.09553515657841061,-0.39682981477634,-0.36318690723522196,0.038240935813541446,-0.9280647618224941,-0.34051392049459733,-0.2771948707405891,-0.5384929921327709,-0.6476970055533466,-0.8140118400582085,-0.5428138304269058,-0.7195164587301875,-0.5374054724690474,-0.7395255305602082,0.006434813433617324,-0.4605743016870314,-0.1310215523428877,-0.4545487658114237,-0.5828525425869213,-0.6458822109675949,0.14420691622733542,-0.2807502953335644,-0.4694972646680869,-0.745264341858521,-0.3177159553754975,-0.5914039802139011,-0.8015294870932256,0.19474717220567153,-0.04236130476432031,-0.598842602877312,0.30876128590529517,-0.7309820231446035,-0.11186949288052128,0.10050257345413151,-0.7258213881275811,-0.5546429406464941,-0.6509318964005814,-0.3975407258126484,-0.28348036634784973,-0.447021051023245,0.2616895154785917,-0.4512249359918653,-0.5663763636731278,-0.29706495466785166,-0.32501817397778354,-0.5526980057329492,-0.4893542779442353,0,44,train
0.2581118576180119,0.7170969554912526,0.7977120051913834,1.167043740902611,-0.4312454861963979,0.24523115577304988,0.16372057920061064,0.9803498016682521,0.6567847331124186,0.867424877587078,0.29689919121726605,-0.17721409279446035,-0.06767643264564242,-0.7910588918060807,0.3128990762247146,-0.14475045315008703,-0.423977506046303,-0.774492965064052,-0.41247291748319426,0.18654652347727282,0.22626595013809755,0.09337889535133373,-0.6078714934553338,-0.1801015503081977,-0.1278539983302025,-0.5069789842937917,0.34874140557501365,0.12970405189614737,-0.10395086118947298,0.08976167927401928,-0.12230601012361933,0.12728252410704763,-0.13101927815804565,0.22679894356321978,-0.32889818774789015,-0.11472175374184672,-0.4478984618097014,0.3490152147210402,0.031259045642839725,-0.11840503295268111,-0.7564508566206678,-0.5696146153278203,-0.3124085586439103,-0.16196136599093883,-0.4410185760362374,-0.21915521046802694,-0.21278815289538622,-0.1372112004469224,-0.2138042884690543,-0.44641636633282805,-0.021531754785094264,-0.20090357050835045,-0.28931717626553055,-0.35180229934399015,-0.22871993425654474,0,44,train
0.2493834373120888,0.286672159210928,-0.07390479583476502,0.3651583202419219,-0.4312454861963979,-0.025124419680109283,0.04347693998521518,-0.1019211267437486,0.2130617773056174,0.017322584446158983,-0.6625282774636758,-0.00043047957763836417,-0.2626977872590621,-0.7266953244758688,-0.5023174169816876,-0.22267866399040986,-0.8043006552082771,-1.1854892650032804,-0.5183749092499599,-0.8388780492006314,-0.6646840429035715,-0.5695450354762202,-0.3612521731714483,-0.5540652188133093,-0.18486997055853605,-0.732120510718078,-0.35532038013262385,-0.6151049783142718,0.05396772443940508,-0.376808955417012,-0.7787144757467533,-0.4013782240956204,-0.33144365222972194,-0.47776468524485644,-0.8465419917927813,0.11248328049810338,0.16791722111106247,-0.8434510719349512,0.10448880348987659,-0.4178871170465098,0.07043634736921711,0.29460548330821407,-0.3899234641720986,-0.2872132475621073,-0.6984594406340177,-0.21596975483687297,-0.3718456331634292,-0.376100723782882,-0.05530635381983898,-0.48488492360512603,-0.4088822189164306,-0.6289768290248396,-0.36865272673720384,-0.28751567329952327,-0.16821553304333087,0,44,train
-0.427069136396952,-0.16237678690844912,-0.9904502979447356,-0.824278796848098,0.7209438108707119,-0.8167643981028327,0.24718381112659105,-1.0891277168492899,-0.39136084357716033,-1.0457244645702959,0.06279888885911623,-0.271130387315897,-0.6642123408749263,-0.6537499481682953,0.1457626403790505,-0.09553263577725155,-0.1499211191501746,-0.1856617276511188,0.07630550605572398,0.24080179187292913,0.0059761166937288375,0.22936329141852427,-0.6975512462858375,-0.5006418375982933,-0.15952953845705448,-0.7352046412170409,-0.1406673966851734,-0.6089495317836072,-0.7536730420625714,0.09891012309149047,-0.8058387925080398,-0.48863291069217724,-0.3341891916005668,-0.3016237780428374,0.22250499482166786,-0.07163114379978722,-0.34275919887201,0.29659911420868895,0.05823843011280068,-0.5812409810976892,-0.3332408703266322,-0.4633201646934417,-0.6173005203881176,-0.050250228373410186,-0.07268010822710559,-0.012100594443019906,0.020496151497743507,-0.447021051023245,-0.8352830322251881,-0.41756494837860453,-0.2896974607221733,-0.37151247788811065,-0.4003869469258732,-0.17501407772170618,-0.3497287366829725,0,44,train
1.9819748680378255,1.4289533493394817,1.3296678260238368,0.3241975718388219,-0.5648093292921662,1.4982563976936796,1.8117657519763253,1.0739516116930738,1.553824654581303,1.167559612246298,0.020584080237154793,-0.5473547829671814,0.9705254845610919,1.3501024480456354,-0.45456414959721225,1.7542370004851484,1.376964464985398,0.9603856471794222,-0.14771793806628022,0.9461202810164612,-0.3269062982888728,0.9206173047600762,-0.46438388892652765,1.9879973373345328,1.0916542965535985,2.046681068847428,0.7007722984288324,0.8068031702692556,-0.9386633852278286,0.6226585316417167,1.2881584614632802,0.4916991563632557,0.9754330882924414,-0.13116483558927056,0.9614602803060415,-1.031376547054749,-0.47293161965200886,0.5368395748902989,-0.8474980485216026,1.1203617694354286,-0.6718088593618607,-0.7175025466452165,1.2482248726569471,1.8386835531593468,0.8897526624999808,-0.14907518658263993,1.604001732832927,1.88961709910661,-0.7101530838179129,1.5299057635314806,-0.38334262787480405,-0.13266000755644636,1.6782044754319667,1.3477753767066036,1.7213834586924257,0,44,train
-1.2591785388949548,-1.9523645214396068,-2.722901011736915,-2.3004411527598183,-0.9461904234330951,-2.3255751545240564,-0.938277008432249,-0.24817395490753252,-2.439681947679907,-2.967257458533793,3.420795029242413,1.5243281844174512,3.832750659622752,0.8523575273586634,-0.004319057115015177,2.2095018111838765,3.2058713734554796,3.2999030468334922,3.4936813172986607,-0.25292115052754327,4.279598885514482,-0.22958404530824378,1.71931809249624,1.9568336982924401,-0.10568112024140612,0.39358712140335333,0.013882751396990944,3.804505630702926,1.8903352773237874,1.260762487910333,2.5196024424256884,3.4686237578928427,-0.07336295137030314,3.658705651628365,2.3080843792344177,1.385614937877134,2.1405300590848912,-0.0047934637373308634,0.8059527997088612,3.9518287463225366,1.9455821327950977,2.189419603312354,2.7985229832207126,1.8319131811825269,-0.1954595974968162,1.5774417655028032,2.247300875250345,1.2625321003497159,0.1615855567527715,0.7461089091084092,2.5366839478845007,1.2073954104082156,1.9241446818941539,1.1308080138065277,1.698112535148882,1,44,train
-2.793925776019768,-1.82820352251259,-0.4513058849388705,-2.647032100786049,-1.1199843397504805,-1.4934627845664288,-1.05144749239968,-2.5194803762910962,-0.4489249027088535,0.06427103456045037,-2.3357697828432387,1.6237689668519135,-0.9051210730444448,-0.34051392049459733,4.433323861970882,0.3023113879865019,-3.136576437569207,0.1304892723021339,2.296174179628311,-0.41026142887494654,-0.2143137167506399,0.11604296136253216,2.6071476455182276,-0.06435089100899648,4.854708463623614,1.7105108444604802,2.7399756411796115,-0.3442653309650285,1.2947566115234472,-4.960179307970084,-3.1114057172173943,-0.5348265683021192,1.510813265607193,0.1472514370848886,-3.5810516522907934,2.5098881245472318,0.3381426944387533,-1.4768122864591957,1.3917908624851563,-0.29537171900812537,0.3569169534759489,-0.1398153149366374,1.568619815506792,2.4378614731079096,2.1848782428611218,4.645035538304061,-0.8525526846401813,0.777287756073548,2.3930696366825135,0.07290915684319463,2.7580270702452645,1.6478765894614147,-0.5511244928220523,3.0232455679905224,0.31581967666238014,1,44,train
-1.6534121893791487,-1.4805527255169433,-1.8189355459304148,-1.5127344527002022,-0.6146946200869713,-1.5679319849906521,-1.2664714119377989,-1.241230658139625,-1.6074015927341776,-1.8287575432622274,1.5288040610035956,0.806144755724112,1.2630575164812214,0.9210119991775562,0.8108974360913871,1.7665414548283573,1.2874766651825806,1.343718734622741,1.440811938435204,1.255375310871702,1.7389228064560962,0.8242950242124829,0.7149048607945973,1.4537635251843732,1.27537242928934,1.1800403986388739,1.005579534924212,1.533145860887681,0.753321460795865,0.8399340723066577,1.1579617410091048,1.2359303067456524,0.7750087142207651,1.505241011964971,1.1640165514540424,1.0213034174579039,0.7136400620733654,1.209512864798807,0.8753283597744751,1.3926182095207273,0.7801269397699844,0.6781898051627107,1.3102367970794977,1.3884538167008222,0.6877605995078762,1.4213544395762596,1.6181401755234197,1.1580179338902334,0.48275242433144466,0.9817288224012344,0.9362029092759022,1.0026647215525033,1.3251612758330207,1.311614149556591,1.3537028667044337,1,44,train
-1.0351490843762619,-0.7893898314898835,-1.2564282083609624,-1.5410918939023484,-0.6388326640199414,-0.7552463629697785,-0.8180333692168535,-1.1447037915515277,-0.806301769818115,-1.4347259083744244,0.826503153929146,0.27026942816062033,0.11013715538424025,0.04995838797535494,0.926869656882256,0.552501959631749,-0.06602630683503323,0.08306662230914598,0.21886587958790846,0.4469718117764231,0.7745428689329709,0.07638084584293492,0.8090686012666263,0.6346050132207955,0.6260238566888744,0.19311863897076967,0.34444834590606466,0.12354860536548275,0.2705417847304379,0.49686742915148774,0.1055382506711875,0.2658634969368732,0.36592334796487785,0.3915759212683344,0.3275341724539646,0.7079171633338347,0.6535604832518275,0.7770800355719089,0.5361589550092517,0.1198193521219554,0.17461111322621048,0.6689468094553734,-0.12637278537625846,0.01068311941796907,0.054060009728724705,0.8766415266489334,0.508272424319742,0.1763312989315246,0.6871313400633277,-0.052113654291773795,0.35730551233236657,0.5901013637069014,0.7460117573898056,0.21472359267287444,0.2506610907404575,1,44,train
-1.1689848624004162,-2.535921216396585,-0.6184406529706887,-2.372910169165303,-1.0556162225958932,-1.3898534622370744,-2.579249025959999,-2.3015636623270583,-1.605003090270357,-0.6466626385988191,-0.3248098084879843,2.3640503471973555,-0.23975409848101276,3.8731542873899425,3.5362446246768076,-0.13244599880687816,-1.4698661662417318,0.035643972316158075,1.8562735984432845,0.06718493300682896,-0.6695793725356686,2.388115578985174,2.2753325600453636,0.6880283944358114,1.7378353151413788,1.8616332389096586,3.6114667539762606,0.3389892339387445,1.1142782279475865,-4.093364256264688,0.9246926168620406,0.29665926867683445,3.633115199270286,2.1700308875338816,-3.577300610232497,1.5658120339984738,0.7136400620733654,-0.013529480489389407,2.339923516715212,-0.08437297794201874,1.4507519949743792,0.30384847901555134,1.754655588774444,0.74188329291452,1.6581146276072019,1.7813109258966564,0.20429590647414875,2.262881979319047,1.9801408069385054,2.2367655034099556,3.515701604480186,4.030197332509703,0.5992409890172101,1.6129577091400296,0.9348262429206452,1,44,train
-1.228629067824224,-2.4572859170761414,-0.5465547312365734,-2.3429773145630377,-1.1183751368216157,-1.465941558322694,-2.5976392296047064,-2.168473588698015,-1.5930105779512542,-0.7539733817171994,-0.0753586666309394,2.2590850768498676,-0.0389968216730807,3.637154540512499,3.2906563924137906,0.2818039640811538,-1.402750316389619,0.19767135979220007,1.9458829760920864,-0.448240116751906,-0.752799976281319,2.116146786850793,2.239460658913162,0.5500179929636869,1.630138478710082,1.9171475878909894,3.1349371307229204,0.35130012700007374,1.2315891772718959,-4.2671846887966405,0.9626666603278418,0.48143389911660195,3.429945285827765,1.9086605091050792,-3.731093334622646,1.5031347831736601,0.28807637875413833,0.36648724822515727,2.47867463684644,0.031336009094233265,1.5158612236350002,0.7428907751140715,1.8735117772509993,0.8095870126827193,1.5472170243958505,1.6411508781258823,0.20076129580152555,2.5017715026550063,2.1136127519062655,2.150211249547285,3.3752338537512396,3.9805656503628635,0.8967493032859849,1.4964381994344333,0.9255178735032277,1,44,train
-1.0642438187293388,-1.797163272780836,0.21184174305834344,-0.26343162640565154,-0.6452694757354002,0.19828318159256114,-1.3442761196654078,1.5258728507191661,-0.9358209028644244,0.04582700058697875,-0.18665225299792865,1.0602711997232936,-0.6986278740420003,1.1012299877021494,-0.8570559746949339,-0.7066538681566255,-0.31771074378045727,-0.20937305264761275,-0.6446426686641804,-0.14441061373623065,-0.6548933836393773,-1.3287912468513672,0.11405051683022188,-0.6698158781125104,-1.6166043842922453,0.5015316888670522,-2.2528527538080856,-0.6151049783142718,-0.13102261872585208,0.2956016651671213,0.3388073748182516,-0.6066833690286954,-1.577918526593298,-0.22775823631295844,0.07996539660640796,0.6295705998028174,-0.0523745679012433,-0.10088964800997485,0.7982444041460153,-0.5676281590934242,0.6173538681184323,0.035801603502770646,-0.8808511991839577,-0.5072503368087546,-0.13208953851890104,-0.05032606201686736,-0.6334068229375444,-0.6037923007124685,-0.989609968594161,0.45759472956617436,-0.1194335204446628,0.01003107861571671,-0.6066593781522237,0.9500018780564647,0.3809782625843028,1,44,train
-0.25250073027848985,-0.8204300812216377,-1.5763205600777754,-1.090523661468248,0.9237033799076613,-1.3202409487970392,-1.137739986424846,-1.0277015290205007,-1.3531603315691996,-1.6174895177479158,0.6768324688149191,-0.7020404445319006,0.5173876311946167,0.26879451689807543,0.3811180296311081,0.06032378590339414,0.5212373793709563,0.6205233222296755,0.5895228507715882,0.815907636866886,0.9507747356884658,0.7336387601676893,-1.10559412166463,1.0352803723334152,-0.21654551068538802,-0.21398658689232333,0.12550230278966518,0.5605853090426709,-1.0018308194793797,0.4534123210184995,0.035015027091842524,0.35825081215675697,0.5471289464406399,0.6529462996971369,0.6913852521087069,0.038054045143636965,-1.103767197278157,0.6940878764273527,-0.7627056973302968,0.6098809442754933,-0.8085382395491645,-1.0317644006946836,0.32838132705577944,-0.10102801819955956,0.3986347054211383,-0.3019770568780298,-0.05373067262734322,0.9415243033670202,-0.9270449943905233,0.4768290082023233,0.16575857952016726,0.5652855226334818,0.9324503009982379,-0.1910857342328229,-0.27060759663492356,1,44,train
-1.9894563711571884,-1.6481700740684158,-1.4271572724794863,-1.2575174818808867,2.483021017977535,-1.1356868433978768,-1.1306668311768817,0.23153532146967862,-1.5546345385301255,-1.530299538964232,0.8994196415488975,-3.514004792261975,0.7582963633641352,0.8480666228699827,-0.8297683933323764,1.705019183112313,0.8232587037054652,0.683753522220326,0.5569376225356603,-0.8117504150028032,1.024204680169922,-1.073820504225385,-2.993352918746735,0.6880283944358114,-0.682175950550112,1.195461051133688,-0.6772998553037995,0.9114457612905542,-2.1794522723118703,0.7484496341319458,1.0440396106117014,1.046023047682558,-0.45224738454689667,1.0506838320887928,0.6876342100504107,-4.235750995473355,-2.6057566678166055,-0.7429868792862779,-2.304384809899494,0.9978463713970441,-2.898544479555094,-2.7001251258690604,0.7314588358023586,1.1650315414657648,-0.7618294996119328,1.322605315010487,1.522705687362594,0.6989021312289363,0.5161204105733848,0.9240259864927873,1.0426178719493462,0.7545063108183067,0.8412144179558136,1.6250114515233671,1.3769737902479775,1,44,train
-1.4075616840956477,-0.7128238821515566,-0.16915364213246784,-0.728178579440825,2.302790289944691,0.1820942249785995,-1.1306668311768817,-0.05658275001297561,-1.0197684890981435,-0.3666486682742955,-0.10606034562872954,-1.2821116753995978,-0.5896453523462658,0.07570381490743971,-0.4170437252236958,-0.493376659541005,-0.9497183298878554,-0.43067875261488964,-0.8116419633733108,-0.31802747260233083,-0.4639755279875911,-0.6771993490294126,-1.5315729476095228,-0.38043922986450746,-0.18486997055853605,0.6958319103017102,-0.2866314254294397,-0.4550633685169917,0.5728430772200045,0.3184727747107993,0.42018032510211123,-0.4219087385889279,-0.1090549631912866,0.03361214211584404,-0.08508045395862981,-2.7550009447371293,0.08781111601567855,-0.46780235159643374,-2.1887588764568044,-0.8739166541893856,-1.5507834462802423,-0.038142362155927485,-0.6121328600195717,-0.6561985202987929,-0.7024200693201373,0.41793591576276395,-0.22339198491325574,-0.6597820327443341,-0.08033234350129403,-0.052113654291773795,-0.2513880741597334,0.21476176747142894,-0.2298155134117756,0.32320727412291234,0.38563244729301155,1,44,train
-0.915860673528646,-0.9487297801128883,-0.45849447711228203,-0.5564585188278287,2.2239393464303214,-0.19510846412670635,-1.1207644138297315,0.07211973877115421,-1.2308367059143517,-0.6181582224579993,0.03593491973604986,-1.862182906267295,-0.19960264311942635,0.2344672809886291,-0.4340984635752942,-0.1939682705229225,-0.3400826937311616,-0.252843815141185,-0.5672527516038517,-0.44281458991234035,-0.2681623427037078,-0.5412149529622221,-1.3791173677976665,-0.17564960187361303,-0.2989019150152032,0.2609695099479518,-0.3896648574842159,-0.16575738157575445,-0.12199869954705905,0.3802247704787299,0.14893715748924594,-0.4013782240956204,-0.1667112899790291,0.09611375434881855,-0.03256586514248143,-1.771751572422862,-0.49295814592585485,-0.38917820082790683,-2.0577161518884224,-0.18646914297400582,-2.065146352699147,-0.6343155852791811,-0.49327667154301635,-0.28044287558528735,-0.5400342931892298,0.24273585604929646,-0.05373067262734322,-0.12228060523842493,0.09902058254913386,0.58742611036018,-0.22159188461116908,0.22716968800813878,0.004224360479660548,0.1544548807561867,0.16223158127499107,1,44,train
-1.807614281450457,-2.0703174704202727,-1.6589893700720082,-1.6986332339142718,3.0542880577244955,-1.3914723578984705,-2.311883757586943,-0.8829112291383546,-2.2070272086893143,-1.8186971610948792,1.5978828387486232,-5.099532823300348,1.9628400242117277,2.654537412604597,0.5482544654767721,1.7870488787337055,1.561533052078709,1.3318630721244942,1.3063978719620015,0.669418412198614,1.8710967065227173,1.022605601810469,-4.746592086583084,2.6735973962605706,0.9491143659827646,2.719021517621324,0.7909265514767616,1.9517162249728752,-3.3209780484291893,0.9977447281580359,2.47620353560763,2.0828140295945867,1.0989823599804611,2.380263583226614,1.0064727850055972,-4.839019534662188,-3.9275074018904403,0.7945520690760259,-5.734620835365957,2.2570324067915513,-5.209922097007134,-4.109681971237993,1.5892904569809756,1.3850686307124123,0.33922527512934286,1.943769163085508,1.8655629226070423,1.994131265566092,-2.341013411392734,2.669536772723308,2.0046091345172803,2.5443488482387,2.780968626988225,2.1272507174957647,1.949438509419155,1,44,train
-1.4206543145545323,-1.60471372444396,-0.2931568571238168,0.3194713316384642,-0.7289480280363634,-0.10121251576572891,-1.910128539502563,0.8896730482067061,-1.9839664795540033,-0.32137694852122883,-0.11373576537817708,1.0436977359842166,-0.5953812745407782,1.4917022961721016,-0.38975614386113844,-0.11604005968259966,-0.31771074378045727,-0.39906365261956434,-0.44505814571912217,-0.6218569756180061,-0.34648761681726115,-1.8953928971313276,0.05127468984886922,-0.17564960187361303,-1.515242655886319,1.565556711009227,-1.437171416707774,-0.5166178338236379,-0.2167498509243859,0.5426096482388437,1.4346297719742274,-0.47323502482219665,-1.2731636564295161,-0.9493677593663914,0.04995706014003745,1.1035673091654719,-0.017328146922012837,-0.5376904856129021,1.3455404891080804,-0.635692269114749,1.1447386202694612,-0.015034872887584316,-0.5294502941228375,-0.28382806157369733,-0.7261838414368555,-0.5950389749441936,-0.28701497702047296,-0.27905185492764845,-0.8603090219066432,1.9722941721629073,-0.7621798949922649,-0.6103649482197749,-0.07114441246842906,1.1910767257232155,1.2187315101518796,1,44,train
-0.8751280454343382,-0.507958233921979,-0.8125326416528001,-0.49501739622317864,0.8046223631716751,-0.49460416148499636,-0.3554490159999792,-1.2500058278294521,-0.7439407057587807,-0.6936110887131105,-0.3324852282374318,-0.342948730185231,-0.5208142860121177,-0.34909572947195894,0.04684515793977994,0.31871732711078044,-0.45194244348468343,-0.5848023650921003,-0.6405695151346894,0.27878047974988857,0.06472007227889383,0.11037694485973254,-0.5047397777002544,-0.17564960187361303,0.473981264079985,-0.2232389783892118,-0.16213269502991842,-0.21500095382107143,-0.3611325577850744,0.1332167874070075,-0.4803469913726015,-0.22686885090250666,0.09960602899292434,-0.43799093200569084,-0.11508879042500032,-0.49470258686728047,-0.6581769876850841,-0.03536952236953577,-0.18843022789827085,-0.48595122706783456,0.02485988730678251,-0.45407716898610445,-0.4105941056462822,-0.08071690226909982,-0.28259342859144954,-0.09173698522186877,0.0841191436049607,-0.376100723782882,-0.9270449943905233,-0.34543640349304583,-0.4769877950274348,-0.21951545131341518,-0.36865272673720384,-0.11474536580501844,-0.0006648835298155182,1,44,train
-0.8111196298575687,-0.4169068347088334,-0.397391443638284,-0.26343162640565154,0.8335880158912393,-0.1578738639145946,-0.3314002881569001,-0.9867507371346412,-0.5424664987978548,-0.32976060032735227,-0.263406450492404,-0.5639282467062585,-0.6986278740420003,-0.39629567884744765,-0.2771948707405891,0.07672972502767264,-0.47431439343538784,-0.7231184275716483,-0.44913129924861317,-0.5187719656662592,-0.5423008021011444,0.042384746826137285,-0.401608061945175,-0.3537275392569995,0.1192152146592429,-0.3065105018612081,-0.04192702429934617,-0.4550633685169917,0.017872047724232953,-0.10006852993850815,-0.26335245728230927,-0.3243887947457173,-0.11180050256213148,-0.4891286147417609,-0.2613794306985565,-0.4163560233362632,-0.1525071992704732,-0.4765383683484923,-0.1691592389911559,-0.37024224003158257,-0.31370810172844593,-0.28308174840036504,-0.49327667154301635,-0.229665085759138,-0.8133176725314889,-0.10766426337763854,-0.1668382141512849,-0.2827845037297728,-0.8102570425437331,-0.523353480877424,-0.2428748771458579,-0.1450679280931562,-0.4003869469258732,-0.259390274405069,0.22273598248820495,1,44,train
-0.7485659509984531,-0.5990096331351246,-0.5052203262394571,-0.48556491582246325,0.7933579426696225,-0.21615410772485644,-0.27905893932196324,-0.8404979089708573,-0.5208799766234699,-0.5410286258416636,-0.12141118512762461,-0.31532629062010253,-0.4978705972340683,-0.3834229653814053,-0.25331823704835144,-0.11604005968259966,-0.4910933558984161,-0.7231184275716483,-0.30657092571642863,-0.18238930161319006,-0.37096426497774654,-0.07660159973265443,-0.42851198779432614,-0.25133272526155226,0.16039341682415045,-0.38669789483424155,-0.16213269502991842,-0.8367010534181983,0.0043361689560434055,-0.07262319848609454,-0.5725696683609757,-0.48863291069217724,-0.0815995694828378,-0.14821072983462724,-0.5389565430124836,-0.22048961450872004,-0.03735467319585881,-0.37170616732378975,-0.2154096123682318,-0.6629179131232789,-0.46997025051393604,-0.056628353570602016,-0.8240069351299529,-0.2601317596548276,-0.11624702377442227,0.032495784393135455,-0.11381905406193724,-0.42835780701262316,-0.5141161646465149,-0.8311019390558078,-0.3407766428054264,-0.2257194115817701,-0.08701152256276372,-0.03036916912165563,-0.6336340039142069,1,44,train
-0.6001828057977603,-1.0563359791829694,-2.0777248641732298,-1.109428622269679,1.0524396142168355,-2.027698352827162,-1.3386175954670363,-1.5366613710304684,-1.8064772972312828,-1.9243311738520348,0.956985289669754,-1.0003627918352878,1.320416738426345,0.6292304939472622,0.7426784826849936,0.552501959631749,1.7293226767089918,1.6480140720777468,1.0579355066630514,1.9823959073734967,1.3472964358883295,1.600539285096029,-1.1952738744951337,2.0547765638533027,0.3314413335091511,0.07900581050914511,0.6578417017393423,1.108420050271822,-1.6921606366570467,0.8284985175348187,1.14711201430459,0.84585053137281,1.1511476080265137,0.5677168284703534,1.7416770284316745,-0.49078525869072964,-1.789675722157382,1.5109054427448265,-1.1172918932212121,1.9167118566849277,-1.1666389971825792,-1.655666610939949,1.0983627219691166,0.43383136796921384,1.788815374249152,0.24273585604929646,0.3986994934684235,1.8186967718662468,-1.3775128086567143,1.0201973796735324,0.1742717765340428,0.8630756155145177,1.7377061382857215,0.10222199709505736,0.21342761307078745,1,44,train
-1.4963006238725327,-1.7350827733173275,-0.3021425973405812,-0.042873750388959096,2.5103774677682344,-0.02998110666429777,-1.4687636520295817,1.0871143662278144,-1.763304252882513,-0.28784234129673497,0.047448049360221164,-3.375892594436333,-0.2971133204261362,1.3243570211135507,-0.5023174169816876,-0.2842009357064542,-0.2617808689036964,-0.20937305264761275,-0.36359507512930245,-0.6544101366553999,-0.19473239822225155,-2.15036363975731,-0.3747041360960239,-0.189005447177367,-1.5564208580512267,1.318826271092201,-1.6346521614794285,-0.3319544379036992,0.166766714174318,0.4534123210184995,1.5051529955535723,-0.6015507404053685,-1.204525172158394,-0.540266297477831,0.1812435321804084,-3.240749638629436,-0.3077127778927795,-0.6818347620218681,-2.9056396638014808,-0.38385506203584746,-3.3412872344473152,-0.2599742591320219,-0.5656239167026588,-0.3447614093650766,-0.7143019553784965,-0.1873006541564874,-0.22339198491325574,-0.6224555447230904,2.2512556951542684,1.193305887398873,-0.4769877950274348,-0.15747584862986602,-0.2615497336004449,1.3718828614732788,1.2838900960738024,1,44,train
-1.4381111551663786,-1.0046022296300459,-1.2797911329245497,-0.8983232266537019,-0.6452694757354002,-1.2927197225533045,-1.2480812082930914,-0.915086851334387,-1.425115405483816,-1.2469321079172588,0.4427321664567692,0.40285713807323675,0.5345953977781538,0.5305396907076039,0.3094881285543949,0.9626504377387113,0.5603882917846889,0.30437232227642286,0.4388161701804217,0.5446312948886045,0.7402755615082912,0.5579922485809014,0.5938371944734172,0.7904232084312587,0.7210504770694304,0.788355825270595,-0.04622008396829518,0.363611020061403,0.7397855820276755,0.4579865429272351,0.4852786853291989,0.41984235563667943,0.544383407069795,0.2097530493178631,0.39880397156159453,0.9625434948096409,0.608500799135674,0.46695144087383056,0.7134520529547094,0.6166873552776259,0.8517470912966674,0.6227318309186871,0.44206985516378894,1.002542614022087,0.36694967593218075,0.5294268628531523,0.7733682247664803,0.8780692737309059,0.7914062970693904,0.7268746304722602,0.07637001087447427,0.5652855226334818,0.849147973002981,0.45178052621184617,0.8789760264161401,1,44,train
-0.5434480738092601,-0.20790248651502194,-0.7855754210025069,-0.4587828880204363,-0.46503874770255615,-0.6419236666720471,-0.9906183572671858,-0.5377545546718245,-0.49209794705762333,-0.7958916407478167,-0.10222263575400577,0.15425518198708088,-0.7158356406255374,-0.29760487560778937,-0.4033999345424171,-0.243186087895758,-0.4631284184600356,-0.5768985900932689,-0.33915615395235654,-0.10100639901970561,-0.39544091313823193,-0.6828653655322122,0.23063419550987682,0.22502575723900656,-0.16903220049511006,0.051248636018479676,-0.41113015582896095,-0.498151494231644,0.3517570573395752,-0.04060364512494534,-0.5562950783042038,-0.18580782191589168,0.1490257376681322,-0.5061745089871176,-0.21261588394070446,0.3005150329725449,0.2530299577749079,-0.27124197467511646,0.5361589550092517,-0.7173692011403386,0.5587555623238735,0.40552143179626127,-0.5346179544913834,-0.3684577112839463,-0.22714462698577378,-0.07580970706609899,0.12299986100381566,0.1166089180975347,0.05731059974670876,-0.4223735180376418,-0.49401418905518585,-0.02098872272605787,0.329500117413521,-0.35180229934399015,-0.28457015076104986,1,44,train
-1.2315385412595317,-2.2731137686677334,-0.6741522423146281,-2.3918151299667336,-1.1167659338927511,-1.6796357856269875,-2.640078161092493,-2.403940642041707,-1.8544473465076938,-1.1178238701029577,0.5924028515709961,2.1375463427633026,0.3625177319427834,3.341082130793524,3.795476647621103,0.25309357061366644,-0.737184805356164,0.5335817972425311,2.4876123955143874,0.13771678192118214,-0.23389503527902822,2.7394086021587496,2.3739802881589176,0.8661063318191979,1.823359273483879,1.9726619368723202,3.366762352846167,0.3759219131227322,1.6060818231918068,-3.6039225120299783,0.789071033055608,1.128145105655788,3.89943251824224,2.62458806741006,-3.142179731470125,1.4913827986440074,0.4983549046295211,1.117784688902192,2.6521135370104747,0.04494883109849821,1.646079680956242,1.2050405604809349,2.2507509841548488,1.0397796598945965,2.3749884197948674,1.7972382040524262,0.5436185310459738,2.964619954118428,2.338846659039361,2.732048178290792,3.119837943334974,4.144970597474269,1.6464702552432973,1.6129577091400296,0.8557051028725963,1,44,train
-0.060475483548181524,-0.6052176830814754,-0.6076577647105714,-0.3043923748087516,-0.4022798334768337,-0.33595238666817245,-0.9467647947298063,0.364625395098722,-0.583241040682804,-0.6902576279906611,-0.3747000368593933,0.3476122589429799,0.04704201124460446,0.024212961043270177,-0.7683713352666223,-0.06682224230976418,-0.26737385639137246,-0.5136683901026184,-0.34322930748184755,-0.8171759418423689,-0.5374054724690474,-0.6318712170070158,0.037822726924293656,0.18050627289315993,-0.33057745514205517,-0.556325072277197,-0.432595454173706,-0.270399972597053,0.26151786555164486,-0.07719742039483014,-0.5996939851222622,-0.27306250851244857,-0.38360890027577466,-0.1198009060923661,-0.3551554821559643,0.25742442303048535,0.11284427385798602,-0.7255148457821607,0.5592841416977897,-0.6016602141040865,0.46109171933294224,0.3130914747228886,-0.28140259643263504,-0.1958132258750384,-0.7182625840646162,-0.21596975483687297,-0.09261139002619817,-0.24172536690640473,0.023942613504768694,-0.39833066974245557,-0.4344218099580572,-0.0861303055437845,0.11529413114000313,-0.4723397231773656,-0.6475965580403331,1,44,train
-0.9202248836816076,-0.6693675325271007,-1.1719622503233769,-0.5233748374253248,-0.6726259255260997,-0.7115361801120822,-1.5974950775425345,0.08820754986917044,-1.1804681541741202,-1.023926969874375,0.2546843825953046,0.13215723033497812,0.06998570002265384,0.2173036630339059,-0.48185173095976963,0.5360960205074704,-0.2058509940269355,-0.1382390776581309,-0.47764337395505,-0.6381335561367031,-0.12130245374079532,-0.5752110519790197,0.2396021707929272,1.0976076504176004,-0.4446093995987223,0.5385412548546061,-0.4926982895389921,-0.12882470239176674,0.29761354226681697,0.2773047775321789,-0.2091038237597362,0.024629951640510152,-0.2930061010378936,-0.017525540620226005,0.28252166775440885,0.6687438815683261,0.5434145887456745,-0.5245864604848143,1.075746644408471,-0.11840503295268111,0.5457337165917493,0.5303018738453144,-0.09019916279643726,0.19348316279210684,-0.6113256095393844,-0.005729683180711997,0.3032650053075977,0.40029022705898676,-0.013596371017413887,0.8951745685385639,-0.008761959264280977,0.2333736482764937,0.6270084316822958,-0.0062616843549805415,0.5252579885542743,1,44,train
-0.08957021790125855,-0.6031483330993584,-0.720878091441803,-0.1610297553979015,-0.5036596179953085,-0.36185471725051105,-0.9849598330688143,0.2417730194411435,-0.7607302230055245,-0.7053482012416833,-0.40540171585718343,0.3586612347690313,0.12160899977326495,-0.11309598259451524,-0.5125502599926467,-0.07912669665297305,-0.06602630683503323,-0.5966580275903473,-0.6242769010167255,-1.007069381227166,-0.6646840429035715,-0.6318712170070158,0.010918801075142513,0.3674881071457157,-0.41293385947187033,-0.3681931118404646,-0.6601276166280035,-0.44275247545566243,0.14871887581673193,-0.08177164230356575,-0.6593674819970926,-0.18067519329256482,-0.3808633609049298,-0.341397531282003,-0.3138940195147049,0.01846740426088265,0.5434145887456745,-0.7386188709102486,0.6209513062005576,-0.145630676961211,0.3504060306098868,0.2853624876008768,-0.5862945581768423,-0.24997620168959775,-0.8370814446482071,-0.4039116370749563,-0.308222641056212,-0.26785390852127533,-0.5057741680860299,-0.2877335675845989,-0.187539096555667,-0.09853822608049433,-0.09097830008634739,-0.20313947661616044,-0.35903710610039,1,44,train
-1.8818058540508034,-2.285529868560435,-0.5699176558001608,-2.6612108213871224,-1.1634328188298266,-1.5695508806520484,-2.450517600447046,-2.4141783400131716,-1.3843408635988665,0.22523714923802085,-2.6159226036980736,2.2093646856326363,-1.1689734939920127,3.169445951246292,4.252543635443939,0.12594754240050812,-1.788666453039269,-0.13428719015871524,2.4102224784540587,-0.46451669727060285,-0.003814542570465328,1.9178362092528067,2.6609554972165297,0.5544699413982715,3.090380878557958,2.9996773930269414,3.422572128542504,0.47440905761336616,1.3128044498810332,-5.101980187140888,0.09468852396667289,-1.4125060628910147,3.638606278011976,2.1529849932885248,-3.44226309613383,2.00063546159562,0.4532952205133676,-1.4243961859468444,2.47867463684644,0.031336009094233265,1.652590603822304,-0.33853972264438864,1.837338154671178,1.6728094397272588,2.260130187897396,3.039565900202468,-0.7712566391698482,2.59882037151024,2.4389506177651814,1.520288624213406,3.5752939835773145,4.303171584317319,-1.110440123647349,2.436630105334762,1.251310803112841,1,44,train
-0.6685554315274913,-0.6031483330993584,-1.815341249843709,-1.129908996471229,-0.5696369380787603,-1.5873587329274061,-0.056961864535879855,-0.13994686206633242,-1.2140471886676079,-1.8321110039846766,0.7343981169357756,0.19845108529128638,0.7124089858080365,-0.19891407236813113,-0.42386562056433513,0.5730093835370971,0.6722480415382107,1.0117601846718258,0.9398140543078128,-0.594729341420178,0.9899373727452425,-0.21258599579984497,0.6566130214547699,-0.17119765343902835,-0.35908544125622194,-0.41137093882594417,-0.26945918675364366,0.6098288812879878,0.6540583498291417,0.620371420687349,0.46357923192016964,0.26073086831354636,-0.35615350656732586,0.7949954184084426,1.0364811214719678,0.6569918970386734,0.9439451142225942,-0.34986612544364337,0.05438423233137769,1.025072015405574,1.1707823117337095,0.8353207321874442,0.16301619526231112,0.4304461819808039,-0.41725480391951925,0.3000740574100676,0.5330146990281043,-0.010301141174693858,0.1699275533132565,-0.3502449731520831,0.11467939743691413,-0.3684104977539332,-0.25758295607686127,-0.082602052782785,0.06449370239210712,1,44,train
-1.5515806191433792,-1.2094678778596235,-1.842298470494002,-1.3977292744914984,-0.7402124485384162,-1.4983194715506172,-0.8449113591591184,-1.1622541309311818,-1.6793566666487938,-1.879059454098968,1.4098350548871588,0.49124894468164776,1.6301565369300115,0.08428562388480129,0.7392675350146739,1.5491627614316672,1.2818836776949045,1.0710384971630607,1.0742281207810154,1.1522903009199552,1.3962497322093004,1.15292398137486,0.8897803788140797,0.9061738677304599,0.9459468119700793,0.44601733988572134,0.6578417017393423,0.8560467425145726,0.7849051779216407,0.7049945259989575,0.9572417969755844,1.0870840766691732,0.3961242810441715,1.4427393997319966,1.051485289705153,1.1074846373420228,1.0190445877495167,1.017320496253519,0.4359498126922539,1.4402630865356547,0.9754546257518469,1.0294236420415268,0.8554826846474598,1.1684167274541748,0.8184613461498262,1.316234403748179,1.4484788632375072,0.8034162976884186,0.8748262626742406,0.4047004633167646,0.48500346754049944,0.45361423780309323,0.8094801977671443,0.7450882575397264,1.5119451468005316,1,44,train
-1.3508269521071474,-1.1370406284855303,-0.8880128594736212,-0.7707147412440442,-0.5615909234344368,-0.6079268577827277,-0.8972527079940552,-0.3052125578914082,-1.0461520162001696,-0.941767182174365,0.08582514810745884,0.6790815337245212,-0.3716803089547967,0.3589035111603721,-0.3113043474437859,0.388442568388964,-0.09399124427341368,-0.4899570651061245,-0.3839608427767574,-0.16611272109449318,-0.04787250925933907,-0.3769004743810335,0.4548335775861363,0.22947770567359121,-0.1183513362921469,0.43059668739090723,-0.33385508178787876,0.1420149449574766,0.4194364511805229,0.2567207789428687,-0.024658469782987837,0.10161938099041326,0.08587833213869994,0.07906786010346187,-0.10758670630840769,0.7510077732758942,0.4082355363972142,-0.4110182427080532,0.5515757461349438,0.11301294111982292,0.40900433640444556,0.4656009038939535,-0.3589175019608233,0.2814979984907658,-0.5598374366198283,0.5453541410089221,0.3633533867421917,-0.163339742061793,-0.07199034694080901,0.3325719184312059,0.3104829287560512,0.3016172112283978,0.2065300141824274,0.7973211412008558,0.4600994026323517,0,44,train
-1.9210837454274574,-2.0454852706348694,-0.8556641946932693,-2.647032100786049,-1.1602144129720973,-1.4270880624491862,-1.7403728135514163,-2.509242678319631,-0.47290992734705894,0.82886007927891,-3.8401520537349554,1.9552382416334548,-1.0542550501017658,1.0411573248606185,4.409447228278644,0.7247643204366732,-2.8848920006237826,-0.5452834900979437,2.1536138060961267,0.6531418316799171,0.6815316059231262,0.2690254069381215,2.7282153118394077,0.6034413741787029,3.2107479310399953,2.052849329845354,3.0662481760197364,0.5667407555733355,1.2045174197355168,-4.838962427388591,-2.3356502578446,-1.9976257259502783,2.663939801362043,0.2495268025570287,-3.1009182688288655,1.9810488207128654,0.7987527987372108,-3.0012472096934117,1.7617938495017635,-0.4246935280486423,0.7280395568414877,-0.9208484522066364,1.3825840422391402,1.5407871861792704,1.8917917200882641,3.1096459240878556,-1.9553512144986127,1.3969074572261932,2.4514636126059086,-0.06653936326888553,3.1113247463210985,3.0220537889020287,-1.840327187986743,2.19957317179579,-0.09374857770399071,0,44,train
