q1_z_1,q1_z_8,q1_z_7,q1_z_2,q1_z_9,q1_z_0,q1_z_3,q1_z_4,q1_z_6,q1_z_5,q2_z_0_8,q2_z_2_3,q2_z_7_8,q2_z_3_4,q2_z_3_9,q2_z_1_4,q2_z_3_8,q2_z_6_9,q2_z_2_5,q2_z_1_6,q2_z_1_7,q2_z_5_7,q2_z_0_3,q2_z_3_6,q2_z_0_7,q2_z_4_5,q2_z_1_9,q2_z_8_9,q2_z_0_6,q2_z_4_8,q2_z_4_9,q2_z_2_9,q2_z_5_6,q2_z_5_9,q2_z_4_7,q2_z_3_7,q2_z_0_9,q2_z_2_4,q2_z_1_3,q2_z_0_2,q2_z_0_4,q2_z_1_8,q2_z_1_2,q2_z_1_5,q2_z_2_8,q2_z_5_8,q2_z_0_5,q2_z_2_6,q2_z_7_9,q2_z_0_1,q2_z_4_6,q2_z_2_7,q2_z_6_7,q2_z_6_8,q2_z_3_5,y,split,set
2.498743317900616,2.579034595620278,1.6787277085073795,-1.823044804128954,2.951412182287746,-1.0159586184232356,2.306427705162539,0.4089946865869855,2.81005532320645,2.2716960459464586,-2.1049526634490405,-5.71468066073051,2.4892640427520187,-1.3350912337070615,4.766609278545431,0.7616847848094895,4.231475171759895,4.959370659499472,-3.5801686389139196,5.12309873216498,2.6161136532151925,2.263359508439607,-1.9784279966484688,3.948531146031718,-1.4120304723692527,-0.045926344005235015,4.984064411191322,4.159321223645733,-2.5129120098846918,0.8249992629494908,0.7481964009591487,-4.782110232317648,4.680698996061603,4.932727563521504,0.4633696848418756,3.1304898222298174,-2.361001831220572,-2.059983979730019,4.2422272171737605,1.3498159548433397,-0.2601321251292393,4.0619647557594085,-4.19303795142503,3.794404594855144,-3.7376456020752666,3.864758164190086,-2.0838245250571417,-4.904619183042451,3.232482206329733,-2.401831511794529,-1.1846999085429106,-2.5865741663142487,3.751327399937858,5.1990949367323696,4.1037719057482365,1,19,train
0.17192021128832705,0.5068649087484068,1.085110168573818,0.3285623484509624,0.6740903697369311,-0.4947806462807363,0.6442474220482309,0.729999969044045,0.649631496211912,-0.8334253985588013,-0.1117258550180356,-0.27420241642991405,-0.24394045908114464,0.17133999070104045,-0.03492625434451034,-0.1808458431533158,-0.28072003913078064,-0.33776597139873316,-0.8428693569825639,-0.2557297327770283,-0.6354405254108099,-0.6273928830133068,-0.570075252049357,-0.19346339489788397,-0.35489728415908317,-1.3550863261680048,-0.4446627668531776,-0.44888643440567344,-0.34610940697132947,-0.48006289193955826,-0.16118700599441468,-0.8902681400145267,-0.9031357668528781,-0.8104678086779253,0.28072588789882763,0.33812531184468453,-0.17114597055739572,-0.2996220429380019,-0.16427157502035677,-0.526650035182667,-0.45867925890123357,-0.5103723868905877,-0.35373673126273003,-0.538581006158914,-0.3552195681973521,-0.6068529419402664,0.3379922444411769,-0.3294082350475082,-0.15453673587794634,0.201042193209468,0.0016615706992187315,-0.09559451816196742,0.2442445334360746,-0.3170756849016575,-1.0714788798785237,1,19,train
0.285316020914369,-0.17838724512803364,-1.1485753912250836,0.8302324099333263,0.7148424442773141,2.332215020795245,1.242899878139702,1.2536510443371252,1.3536622287970073,1.3776841904750357,-0.31827785589171487,0.45614175563341075,-0.10342745815771504,0.6475828070696583,0.1555192655898263,-0.21125005695856758,-0.6254720327718659,0.6911335662997443,0.22084798055552754,-0.10461883275859062,-0.7197280714170671,-1.1398967930517716,2.8441132197060655,0.9782077193291273,-2.0455185252292796,1.279199003793666,-0.20113108036146174,-0.44349040670303713,2.810518569249864,-0.8018590397204197,0.0880514092447101,0.002200728757451902,1.1565396085279194,0.4133998268445337,-1.8059794921754955,-1.6413237661139177,1.4592137498813973,0.2275193062662009,-0.1605053367364302,1.5495285214093004,2.6072578765546783,-0.21104481303589157,0.031224537007796017,-0.029595664773586067,-0.5795417108862645,-0.549693704595434,2.686789412849094,0.34389408531344956,-1.1989919162944112,0.5032334128306751,0.827462208210897,-1.0464523408437523,-1.8086820225649693,-0.6813995120049281,1.2224392396826333,1,19,train
0.370731046346972,0.10474089030594477,-1.0643949087895173,0.9879001435420692,0.9066169127026459,2.403284744269222,1.592392513120477,1.7432289332241488,1.7306489368631683,1.699109857575965,0.4201455472316885,0.8232666335689858,-0.5113684285805752,0.8380799336171055,0.46138631275709424,0.03632711259848263,-0.31620921494677473,0.826812626216027,0.5541460796507962,0.19040721013454964,-0.7845646452680343,-1.436458044366164,3.4159897887250987,1.7188292597602481,-1.8594314097016467,2.588358985956436,-0.04892377630413933,-0.04418435670795045,3.4717884615017347,-0.27149131467418514,0.889656042040814,-0.03733903125143322,2.1707143656070573,1.0477899314960835,-2.0571147129721865,-2.035587750840785,1.9224524896370692,0.9142539079817679,0.26507958934727516,1.7242770171545163,3.6323151718426487,-0.18501632835287452,-0.04783000915490129,0.16540521277014347,-0.11770200535026838,-0.2287226025821442,3.4007588457330207,0.899571301514963,-1.2785694538499515,0.6281391169407741,1.630000855933514,-1.1033698865676618,-1.9486542877468587,-0.5274598667500251,2.0714033287912486,1,19,train
0.20431901403862476,1.241356738352496,0.1939581648593765,1.5277926858992799,0.8011409550687134,-0.603754222274168,1.5221595434114217,1.5854162803960974,1.4019938580362588,0.44779226053653226,-0.5299936567872361,1.061507245846327,-0.15328691009828682,0.6927005475677379,0.6460607563297843,-0.21125005695856758,0.8194444111650359,0.2727897982245392,0.3059453675585748,-0.20176155419901484,-0.42147983170261827,-0.18111138831689075,-0.7663910891752937,1.2172443011613938,-0.0500311587201953,-0.03528276691448079,-0.033703045898407086,0.5385866351767707,-0.7204131195667279,1.1587137865740877,0.7414602275743075,0.5896485917466023,-0.1278207015954677,0.08778366693488865,0.06611942649074624,-0.04800951855791752,-0.3756929465534066,1.3446720738457498,-0.17557028987213658,-0.734683958688876,-0.6341395166532285,-0.20670673225538871,-0.19906479311832226,-0.20476594460100414,0.7663911452472099,0.2769168046990658,-0.08389878408114322,1.2281103855465147,-0.27887663830847786,0.07613648909936906,1.157007063555933,0.021588664210787756,-0.10957424799592351,0.9298354416630574,0.1719533718462156,1,19,train
1.9715264367821355,1.6373257973290019,1.9298177681858784,0.5817862842468222,1.6569345204167563,-0.5516364250599181,1.3281827699292692,1.4814033955776087,1.6678178188521415,1.3567541470359055,-0.8088388579667031,0.5303478479820908,1.9362773939565858,0.7027267121228667,0.9980964143902248,2.2992693115322225,1.2808036967729588,1.787872633956363,0.07192755330019472,2.269981024674002,2.2692379831125185,1.552188352374996,-0.6170203435359941,1.4797926779279817,-0.6241297066245945,1.6357588363339326,1.8891825620257663,1.7365047851620308,-0.7370488401265234,1.7605917666827358,1.36792435236454,0.4371380888551883,1.2935902513764514,1.1712995093928453,2.422224407056065,2.1224746860209196,-0.5922720976080065,0.3290786487734326,1.9335231491267568,-0.31445543320633357,-0.5371746373692313,1.8018246691174276,0.3233826423916774,1.6527000414935045,0.10222166395258692,1.0903367207601429,-0.801924861470092,0.28305351419649555,2.093528700066064,-0.7337359794854659,1.4167659495337848,0.33630921115475876,2.615996804573644,1.8637359562094693,1.2524531216208168,1,19,train
2.320549902773979,2.166652311401222,2.5045672689528473,1.3956066062071015,2.3065705322075676,-0.6606100010533497,2.0438901755358323,2.092927425286309,1.994861843371076,2.231330962170993,-1.134158259342748,1.4794047132836305,3.2960806286994533,1.0762013418014145,3.243045119070738,3.880288429405315,3.034982958534952,3.0089841732029075,1.7526009466103791,3.421302167671622,3.7313027234518272,3.4496045136971776,-1.244377475221053,2.8552326815857776,-1.364518868404751,3.7751178315755323,3.3706669881837046,2.918234852039382,-1.103034692442024,3.399368445196382,3.6716956499802342,1.8492723748868,3.220130716561532,3.9671072272377286,4.536326356671845,4.40676705113947,-1.3142026011233392,2.089440585565449,3.5492393729312663,-0.7388446371590003,-1.3590674236812077,2.9080352681456523,1.8426047903878608,3.5035558283492425,1.4701468870163468,3.301959519564044,-1.1507962889020107,1.8567962870883727,3.759683392635187,-1.2817093910652548,2.285213568325409,2.167714947094675,4.089593707460757,3.120909725791178,3.563522030860936,1,19,train
0.3324415521875293,0.14782560656763713,1.2868530488935368,-0.16355209281268987,0.22102318808208485,2.1063712328668283,-0.33065308605603616,-0.37648192635263483,-0.5441597459975975,-0.4402395825237106,0.48727494751563427,0.006999617733505126,-0.18954832969142996,0.23149697803181324,-0.4158172942131836,-0.18953276138338773,-0.3618381552816242,-0.3942989130305176,-0.5308456046380571,-0.514776989951493,-0.15564987891365298,-0.5122234650271348,-0.13476622190054074,-0.26399877970084784,2.5987407623007917,-0.705828123631997,-0.41422130604171314,-0.3949261573793104,-0.8618167443249896,-0.3251240059709954,-0.24202108661250923,-0.43838516848441095,-0.6133715505445531,-0.406254644652159,-0.5411711983448882,-0.4829192749061114,0.6711062835438257,-0.25126045126789154,-0.48816806743804403,-0.30197339779596105,-0.3570970044132365,-0.25008754006041717,-0.38810827307259843,-0.5055300099650615,-0.5047676633232937,-0.2814849755158357,-0.7654150609248912,-0.5078739103239067,-0.3037446187945842,0.6845481446033994,-0.06037040207161156,-0.5442387021033729,-0.8366524032462932,-0.707056119547412,-0.6598599275834377,1,19,train
0.6417028511676437,-0.9005691558002105,0.05462495255223258,-0.7830748036591647,-1.538507559720334,1.022952781685754,-1.7637401108336639,-1.9151552914261378,-1.9699428085555137,-1.555511897208797,-0.7468732577045993,0.5147255127507897,-0.33459400806400247,0.7503509937597286,1.009638567113518,-1.1798414396115886,0.5406008868965109,1.2621162767807674,0.5293260084415741,-1.1372099828845816,-0.34691777177400607,-0.34810704439684,-1.2913225667076902,1.2485933610738222,0.09250365317331072,1.7634817614229834,-0.9012846790251449,0.6788833554453146,-1.622900959935633,0.49128473932489375,1.239937058052557,0.06433463734284281,1.5755230023791462,1.4351608803541094,-0.5731338628099216,-0.4260151946362543,-1.229977375713217,0.48867190128479676,-0.9664803294967217,-0.6473097108162682,-1.5668493078612016,-0.7402906682572384,-0.5290315944930588,-1.0938377422156353,-0.2056714730714105,0.41761646585557644,-1.4225914707385054,0.5629201413344841,-0.2390878695307078,0.6442559819872384,1.2927020039921242,-0.3165685192077343,-0.21455344688234051,0.5141983994748192,1.325343977756405,1,19,train
-0.47605584371762694,-0.2481434524088689,0.1475137607569952,-0.47251714655103466,-0.4885423450916426,-0.5105739181638423,-0.47613566616765063,-0.43745499676347294,-0.4732733564466955,0.2325118137340491,-0.15303625519277145,-0.5280653639385563,-0.7062735588937196,-0.2472523794755869,-0.39850406512824393,-0.41104917625022214,-0.35169839076276876,-0.5299779729468004,-0.5592114003057396,-0.007476111318166382,-0.4928000629386821,-0.1292851502231134,0.20665262527500147,-0.7146415159420061,0.017276946896182546,-0.8548382029025562,-0.13517458193662205,-0.5298268499452181,0.14880327968258625,-0.5456139590801041,-0.4710509816971104,-0.1559583112780886,-0.6446974117670746,-0.39502650120699884,-0.07086342121653974,-0.21465718220535632,-0.1530977079695124,-0.7929102779731274,-0.43544073146307166,0.26803955261105206,0.18313589445474798,-0.5364008715736047,-0.29530511018595373,-0.4295127187192009,-0.36841498835552344,-0.4002003146166415,-0.290787653837281,-0.5646584433663971,-0.6270283651139662,0.21715905825593237,-0.5023482080637774,-0.3801822467815157,-0.537267280496141,-0.39404550752910905,-0.8699571011507212,1,19,train
-0.5305447392522186,-0.6256476329875068,-0.4170760266125777,-0.3753683409941324,-0.6587421858191246,-0.4916219919041151,-0.345703008136548,-0.23839585512808972,-0.3202231971890661,1.2700439670737942,0.20842974633616723,-0.14922373457950552,-0.6564141069531477,-0.009130971291277932,-0.5889495850625805,-0.32417999394950275,-0.6660310908472877,-0.4282186780095883,-0.8605979792748655,-0.20895731134274997,-0.3112576561559741,-0.552532761322295,0.2237235676337786,-0.6166757037156673,0.5755382934790811,-0.6792191809051115,-0.24679327157865846,-0.0819565506264046,0.26941225374110356,-0.5873282745331787,-0.6327191429332994,-0.3367114998901349,-0.6721075403367811,-0.9508196017424275,-0.6827201409757504,-0.16994683342189712,0.15372275602450403,-0.6381531846287744,-0.21323267271140253,0.1889866616786926,0.13234476721074945,-0.3498633980119825,-0.1440703262225328,-0.7831583779934223,-0.3552195681973521,-0.9981738745318115,-0.6721122373093781,-0.6376671287067419,-0.6270283651139662,0.4065322225518888,-0.46357822508200847,-0.07215788168741638,-0.366190067496054,-0.5223285452415283,-0.6812984146821401,1,19,train
0.13215804427659805,0.01446815147192267,-0.28499975244643083,0.7537874481836327,-0.0019146314623632896,-0.4173936140535167,0.18940533250387306,0.16330907934331432,-0.02378920452165751,-0.2174841202072524,-0.27180365569513704,-0.4968206934759542,-0.7425349784868627,-0.42521680032912307,-0.40427514148989047,-0.4631706856306538,-0.30099956816849155,-0.7448031511475813,-0.576940022598041,-0.4320257827985389,-0.5154928637865206,-0.20126603646447083,-0.08782113041390369,-0.8674681830150944,0.10042225383406106,-0.9080560883563273,-0.4700306508627314,-0.6323513762953079,0.17375686052227948,-0.5038996436270294,-0.5923021026242522,-0.42143955705203157,-0.8013267178796828,-0.28274506675539707,-0.3767917810961451,-0.27156126247521345,-0.05684030750080136,-0.5365938421215426,-0.3940121103398791,-0.21875982839347738,0.1092578911907501,-0.22839713615790294,-0.2643707225570722,-0.12544355373575822,-0.5707447641141503,-0.3254536196272452,-0.03927569452589782,-0.544378252994079,-0.3037446187945842,0.06404884031452078,-0.6031501638163766,-0.4806249745295915,-0.3545257120642299,-0.6044296893774767,-0.8913955882494237,1,19,train
-0.2551549158746881,-0.25429841187482494,1.9341719310704768,-1.275189244922817,-0.7042886220701409,-0.6148095125923422,-1.9426669622353048,-1.9635750826347445,-1.8072263234500339,-1.76780233780569,0.09998994587748564,1.1864859276967354,-1.1958027234011517,0.8506126393110165,0.3805912436940423,0.2187523954299933,-0.35169839076276876,0.2614832098981823,1.2774738691766983,0.15083054584400643,-0.8720940199668399,-2.4010019200003536,0.8766871128570032,1.3504778057892146,-0.7627052181877254,2.311625981596826,-0.44973634365508836,-0.13591682765276766,0.7975963815146103,-0.3906750731115412,0.3440259978686761,0.06998317448696927,1.7987197635896128,0.42462797028969385,-3.2945264372613368,-3.0923778129952746,0.21989971884674286,1.4268867796849374,0.2085860150883762,0.47607347611726125,0.6956645420987332,-0.5060343061100848,0.007164457740888141,0.18523581048645496,-0.0033416973127836243,0.15820146559825998,0.7233734724182963,1.0902050910147523,-1.2984638382388365,0.2091006257327002,1.3159639937811856,-2.070968163874126,-2.8506977744745905,-0.26576246981668983,2.024238657174103,1,19,train
-0.601233036161959,-0.7077137592002541,-0.29661085347202615,-0.9996688619499631,-0.689905536938241,-0.5911196047676831,-1.1065601799846467,-1.1601652136919365,-1.0661413417815127,-0.8693054730258818,0.37883514705695265,0.31554073855170117,-0.3617900727588598,0.07358488628853466,-0.2888536142569592,0.09279208109395022,-0.255370627833642,-0.05510126323981077,0.14284204246940083,0.08966661012225785,-0.45713994732065016,0.06938209580303308,0.522465058912378,-0.06806715524817038,0.18752686110231473,0.007291541448536111,0.03225345252643263,-0.07656052292376829,0.5854909443772178,-0.08675648909628322,-0.37000838092449223,-0.10512147698095058,0.22067950450508544,0.1607665993284298,0.07068552141432244,-0.21872175936748897,0.3823340821376927,0.1453046004270133,0.14455996426162407,0.45110940529651616,0.5709954115907369,-0.0635500664987949,0.22714232532404588,0.06625222418858609,0.14620639781315797,0.008708075619467459,0.38261533399642234,0.0640274581754611,-0.6170811729195237,0.41056143881350493,0.16837249752082514,-0.008544154113635002,-0.1873366175414176,0.23197571650749682,0.0819117260316655,1,19,train
0.4060751948018422,1.8753175633459693,2.4421576009402726,0.7346762077462093,1.1942786153406435,1.206154735529784,0.824846487014373,0.8286328770615772,0.6012998669726606,2.4675414524126063,1.9021561535003373,0.5264422641742655,2.738561302454878,0.9408481203071757,0.6402896799681377,0.06238786728869845,0.8295841756838913,0.8324659203792055,0.7704352716168748,-0.18737003991154458,0.12314738864550573,3.70585646871641,0.9278999399333345,0.989963616796288,2.590822161640041,1.279199003793666,0.13372498856464757,1.2454662642221268,0.5730141539573712,1.093162719433542,0.7010431872652603,0.42019247742280896,0.9059327187477462,2.0246384112250184,1.4405139984871822,1.504658957376756,1.3328759117662141,0.5902312437920285,0.04287153059560599,0.4885555115276338,0.9911765551547247,0.07093043769679322,0.12746485407542754,0.40998258460465176,0.48928732192561225,3.0117664684287404,2.4839571875979787,0.20193275270722355,1.8547960873994436,-0.04876921501072988,0.827462208210897,0.8753518500694325,0.9713226886864443,0.49880443494932886,1.5097149668052456,1,19,train
1.416328771470216,0.6751004674845389,1.816609533186324,-0.3355532567495003,0.5422454226945156,-0.5311051716118802,-0.39252498794258484,-0.36930862395135977,-0.49582811675834615,0.4044371705554766,-0.24082085556408517,-0.29373033546904037,0.4812879327817179,0.23901660144815984,-0.7909372577202103,-0.45014030828554585,-0.4530960359513233,-0.67696362118944,-0.6549459606841678,-0.6874751614011361,1.3842187500468166,0.26517010637952526,0.22799130322347286,-0.44817450668636466,-0.6676820102587213,-0.753724220540391,0.21490221739521953,0.2364090838291375,0.36922657709987644,-0.7243895967361382,-0.619246796163617,-0.5965442085199514,-0.8913885688944325,0.03725702143166787,-0.5640016729627693,-0.5642108181487645,-0.2794355460846956,-0.33831131627409017,-0.5973889776719153,0.2638788741409279,0.18775326965874786,0.26614407281942115,-0.7249493828093088,0.16540521277014347,-0.7026989656958634,-0.25510378904898995,-0.29890094284732566,-0.5808825956642515,0.5566875060246941,-0.6692685192996084,-0.18443434761327215,-0.9091806129213819,-0.6616870717689315,-0.7019247980389153,-0.5655305843491472,1,19,train
-0.14470445195321863,0.8371810667547149,-0.32418721840781506,0.7091945538296448,0.7963465933580801,-0.5690090241313347,0.7161526053217876,0.830426202661896,0.9895639551946468,0.8320080579548528,-0.3389330559790828,0.1632229700465158,-0.76973104318172,-0.006624430152495732,0.16129034195147285,-0.45448376740058183,0.13501030614229287,0.2275634449191116,-0.19400178108432814,-0.3636660899330552,-0.4992837203237788,-0.29628080630306264,-0.1859790489768721,-0.17778886494166976,0.27067216804019323,-0.14171853782202304,-0.7795188357792869,0.13388455747904768,-0.4875130317295911,0.0026313297317338375,0.03416202216598041,-0.07687879126031835,-0.006432989358196391,0.2730480337800315,-0.71924890036436,-0.7186647503098054,-0.6764973230181287,0.17915771459609053,-0.30738862980956744,-0.06897540346900675,-0.23242787390524006,-0.4409630944025422,-0.44997704833036156,-0.3039189331825615,-0.10010811180603996,0.1362171435425552,-0.6234325032491104,0.0031868870585070822,-0.7812098441278252,0.2091006257327002,0.13735651113541,-0.5442387021033729,-0.6111415315643604,0.19605646594801943,-0.15819932947380144,1,19,train
1.6873005762908875,-2.057701535399948,-0.4315899028945719,0.8381954267822527,-0.6347703772659581,-0.9196196599362888,2.2228170269374727,2.0947207508866272,1.8015353264140705,1.9562503912567089,1.7007679526485,-0.5163486125150806,0.05068357511314326,1.156410658242445,-1.4546110393095653,2.755332518610999,-3.910755736881032,-0.6826169153526185,0.575420426401558,1.9461719532059212,-1.199518717914224,-0.7339245946505157,-1.8205217798297806,2.8121277242061886,0.4052883792729489,3.3227658052184776,-1.160037095922593,0.2418051115317738,-1.4107955227982405,-3.8827591953260745,-1.676826017583687,-0.8789710657262737,2.5466247002773166,-1.1248558251424101,-1.0708382094797273,-0.9991205744969585,0.31615711931545387,0.005055984583693292,2.611446040233544,-0.8137368496212355,-1.6314925607171997,-2.6750746963615066,-0.28843080182398007,2.049311995819734,-1.5691982227491135,-3.2361778598025586,-1.6619334965348216,0.29927766649434995,-0.05009121783629984,-1.458994906576363,1.9711767061730807,-0.5810677022776674,-0.774442507609898,-3.288110838321287,3.456329595367424,1,19,train
0.4988535844958765,0.519174827680319,-0.32273583077961565,0.2712286271386922,0.6860762740135143,-0.5074152637872211,0.8398964090948849,1.0581785539023796,1.1087819739848002,0.5733725211713141,-0.4008986562411866,0.04996103961958306,-0.6790774941988622,0.22648389575424882,0.022784509271955307,0.17097434516459767,0.08938136580744332,0.2840963865508961,-0.32164786158889913,-0.000280354174431254,-0.518734692479069,-0.4517595205843946,-0.5316656317421086,0.1435389991607213,0.15981175878968856,-0.17364926909428574,-0.3279705004092304,-0.3139857418397658,-0.47503624130974453,0.15757021570029672,-0.12076996568536744,-0.05993317982793901,0.06013446573966208,-0.1929199191941157,-0.6827201409757504,-0.7146001731476728,-0.4178055592584678,-0.14002879042663774,-0.024920758515072732,-0.12722490205074533,-0.5741136390012302,-0.11994511664533186,-0.016895621526019738,-0.032900764392971314,-0.038529484401240474,-0.1363884499481841,-0.31512752086741486,-0.5038178722494431,-0.6270283651139662,-0.14547040528951616,0.0792015366627566,-0.26299906440876053,-0.7783306260871726,0.24223835952449035,-0.23966558044887057,1,19,train
-0.7396642842768674,1.4280571754864961,-0.13986098962648918,2.1393523798968284,1.6641260629827064,-0.7269417429623951,2.0756622332613572,2.0445076340777018,1.854700118577247,1.4404743207924267,-0.8862958582943328,2.6276463527842586,-0.7470676559360055,1.0962536709116721,2.094600923103072,-1.6576219422655452,1.742162982380882,1.9292049880358242,1.632046315022729,-1.3458869400529003,-0.4052706882398765,-0.35962398619545716,-1.2827870955283016,2.541742082461494,0.16377105912006373,2.316947770142203,-1.4492309736315054,1.3749709290853982,-1.1238293431417685,1.9870409077137123,2.290780106087786,2.306803883561042,1.6616691207410808,1.401476450018629,-0.6005304323513788,-0.5235650465274381,-0.9291729992484952,3.2694634223161416,-1.6519356971713621,-1.525212868012471,-1.1512855395012138,-1.4734263201622189,-1.687352553485624,-1.0938377422156353,1.5449209345793176,1.0463680766487333,-0.960133997165962,2.6598918258321658,-0.547450827558426,0.6603728470337028,2.1223796398019794,-0.5274982474786936,-0.6577989532916568,1.4327049494957407,2.182883461704501,1,19,train
-0.11525099490749346,-0.260453371340781,0.04881940203943491,-0.6859259981022625,-0.13375957850477888,0.7623637956145044,-0.6985400702463256,-0.7028671856106506,-0.5554371261534229,-0.9036905443901673,-0.29762265580434694,-0.25076891358296244,-0.7244042686902911,-0.2297065915041115,-0.3696486833200111,-0.3458972895246826,-0.5088647408050283,-0.43387197217276674,0.036470308715591676,-0.25213185420516077,-0.8072574461158728,-0.2099037428134337,-0.15610489984901213,-0.6049198062485066,0.017276946896182546,-0.30137219418333644,-0.5562814564952141,-0.5945791823768537,-0.2546129438924543,-0.46218532817395486,-0.6731361832423467,-0.22374075700760596,-0.2805342750552607,-0.1929199191941157,-0.6370591917399884,-0.48698385206824407,0.17177101861238733,-0.3286389979400681,-0.28479120010600784,-0.39766900260881727,-0.35247962920923664,-0.3672157211339939,-0.18875333057536173,-0.2609526381305533,-0.3596180415834092,-0.3914065857943596,-0.6072059252290212,-0.11443821710093735,-0.6369755573084087,-0.012506268656185026,-0.335637281242171,-0.299828064583055,-0.6033652946098109,-0.3991768290376058,-0.09388386817769422,1,19,train
1.7800789659849219,0.7120302242802753,0.9356172428692782,1.58512640721155,-0.41183255772150995,-0.467932084079456,-0.04804899365531378,-0.3711019495516785,-1.0371423642379618,0.09497152827690712,-0.3957348562193446,-0.25467449739078774,0.10507570450285796,0.23651006030937763,-0.10995024704591567,-0.702060936957632,-0.19960192297993704,-0.31515279474601937,-0.552119951388819,-1.439431782921457,0.7942059280030157,-0.016994967686595832,0.08288829317386744,-0.6754551910514706,-0.45783909274883755,-0.40248617654550156,-0.7845924125811977,-0.4326983512977645,0.21950509206171706,-0.3727975093459378,-0.1679231793792559,-0.34800857417838776,-0.5898771546276618,-0.3613420708715183,-0.5913982425042263,-0.08865529017924406,0.3101410317861594,-0.7203678904679619,-0.17933652815606316,-0.31861611167645776,-0.07543711696924459,0.35724376920998085,1.492015063927203,-0.3039189331825615,0.22098044537612876,-0.23311946699328515,-0.03521905002087551,-1.562443809684443,-0.7712626519333827,-0.6168887078985992,-0.14954136292968012,0.7883014860211002,-1.116596933610072,-0.9277029444127731,-0.4154611746582303,1,19,train
0.11154062434459043,0.018571457782560037,0.33183998953832106,-0.2957381725048683,-0.30395941923226083,-0.43160755874831214,-0.5095799374576769,-0.5486411839832366,-0.6231014070883748,-0.04256875718023487,0.12580894598669556,-0.5241597801307311,-0.5657605579702899,-0.4678279996884205,-0.5081545159995287,-0.5370094905862652,-0.46323580047017876,-0.5525911495995142,-0.49893408451191434,-0.4752003256609498,-0.4992837203237788,-0.27036768725617394,0.11276244230172737,-1.0007016876429151,0.04499204920880872,-0.8122638945395393,-0.44973634365508836,-0.5244308222425818,0.09473718786325092,-0.33108319389286317,-0.6933447033968704,-0.4157910199079051,-0.6486131444198898,-0.33327171225861785,-0.2672055029303163,-0.41382146314985635,0.021368830380026356,-0.5752831154576309,-0.36388220406846633,-0.17715304369223553,0.4324741554707408,-0.4800058214270678,-0.5084086694071378,-0.3006138335631763,-0.4519859826906084,-0.18035709405959366,-0.09606871759621015,-0.2482874735582362,-0.27887663830847786,0.07613648909936906,-0.49847120976560055,-0.5141058837789502,-0.195112854495967,-0.3889141860206123,-0.48406433337407795,1,19,train
0.13952140853802936,-0.1968521235259018,-0.36047190911280047,0.9273812154902284,0.4943018055881826,-0.5832229688261301,1.0355453961415388,1.2124045555297935,1.168390983379877,1.2177188584759684,0.18261074622695733,0.3350686575908275,-0.4841723638857179,0.30418667105649705,-0.13303455249250193,-0.1417547111179921,-0.6913805021444264,-0.06075455740298922,0.28467102080781304,-0.06864004703991497,-0.5446693220194558,-0.48918958142990043,-0.5444688385111914,0.48054139321932654,0.22316056407569124,1.1514760787046154,-0.5715021869009463,-0.5999752100794901,-0.5790094948084662,-0.8495325430953621,-0.45757863492742795,-0.4327366313402845,0.6318314330506819,0.1607665993284298,-0.764909849600122,-0.6455023613914176,-0.28545163361399006,0.33391480794044365,-0.17180405158820997,-0.7513266725693728,-0.5279398869612316,-0.5147104676710905,-0.21625056402325643,-0.31383423204071725,-0.6147294979747213,-0.3650253993275138,-0.7086220378545789,0.32766993301559516,-0.6668171338917362,0.1929837606862358,0.6258582967056986,-0.5576310658031164,-0.5878128207007122,-0.7942885851918571,0.8494095641652115,1,19,train
0.24702652675492626,-0.8718460116257488,-0.6928396759704668,-0.5824067790662192,-0.6611393666744412,2.1284818135031767,0.31147692271246913,0.5219741994070679,0.2291463218304248,0.1278615965383976,-1.3355464601945852,-0.8483232361802282,-0.4116495246994316,0.19389886095008024,-0.4389015996597699,-0.3328669121795747,-0.8029179118518363,-0.14555396985066593,-0.4776597377611525,-0.2053594327708824,-0.4798327481684887,-0.10337203117622473,0.8041356078322004,-0.5539775838908105,-0.9725481356976092,-0.2960504056379593,-0.4751042276646421,-0.1521049107606766,0.7684838705349682,-0.9210427981577758,-0.7202893969362352,-0.36495418561076715,-0.3784275913756408,-0.42871093154247936,-0.7101167105172076,-0.7511813676068666,-0.6644651479595398,-1.0540628729917234,-0.28479120010600784,-1.229804696633654,1.2174279401507184,-0.6188244064031588,-0.5221572861310851,-0.2609526381305533,-0.32003178110889524,-0.37381912814979573,0.25685935434073076,-0.820188842057604,-0.622054769016745,0.4669704664761303,-0.11077137994791118,0.02828484606065948,-0.6889039011098544,-0.77376329915787,-0.41974887207797074,1,19,train
1.3588945302310518,0.8966790082589569,0.7077493852419698,1.35897672870204,0.15390212413321874,-0.4789873743976303,0.6342141406612231,0.5919138978194999,0.07931827118874547,0.6705477228529905,-0.4112262562848706,0.34678540901430327,0.10960838195200084,0.3843959874975274,-0.3869619124049508,0.3881473009163961,0.1654295996988592,-0.3208060889091978,0.06838182884173442,-0.2557297327770283,0.1490820181858926,0.10393292119888463,-0.11769527954176362,-0.5461403189127034,-0.1490136669795745,0.044544061266175904,0.017032722120700387,-0.5406189053504907,-0.12984503969398814,0.2529172224501816,-1.0099448524844072,-0.20114660843110016,-0.4880681056544665,-0.36695614259409837,0.13917694526796542,0.14302560806231718,-0.02074378232503472,0.26137242043527814,0.5663786520614028,-0.597381569174778,-0.06620236656124485,0.6609094238451798,0.8870759280735191,0.5521018682382174,0.1681987647434435,0.026295533264031286,-0.27050443131216945,-0.3740246538666078,-0.38829575244734565,-0.2824637581844634,-0.32788328464581723,0.36309393855424565,-0.1756722621095935,-0.1323481105957738,0.23198113572258233,1,19,train
0.15572080991317822,0.9582286029185173,0.31006917511532983,1.1025675861666095,0.5566285078264154,-0.5232085356703272,0.7077915374992809,0.6421270146284254,0.5416908575775838,0.04563642588467141,-0.5351574568090781,0.1710341376621663,-0.18048297479314418,0.023454063512890665,-0.2715403851720195,-0.1547850884631,0.07417171902916016,-0.1907803231560935,-0.4386567687180892,-0.4716024470890822,-0.43768897516536004,-0.26460921635686535,-0.15183716425931787,-0.1660329674745091,0.033114148217683215,-0.6366448725420946,-0.16054246594617577,-0.04418435670795045,-0.3585861973911761,-0.11655242870562224,-0.5114680220061576,0.13211708307236017,-0.6094558178917379,-0.4455531467102196,-0.04346685167508254,-0.1983988735568257,0.07551361814367631,-0.15937342709468189,-0.06258314135433869,-0.21875982839347738,-0.130845619417243,-0.6275005679641644,-0.29530511018595373,-0.3171393316601025,0.18139418490161482,-0.21992887375986228,-0.1569183851715448,0.007242925132970684,-0.47782048219732837,-0.03668156622588159,-0.052616405475257776,-0.15586015481081292,-0.09402177408682469,-0.17853000417224474,-0.7627646656572092,1,19,train
0.8802758532380176,-0.014254992702538908,0.25927060812835023,0.2855620574667598,0.0795895176184027,-0.47582872002100907,0.41013752301804673,0.49686764100260516,0.44824970771503114,1.0114084302902555,-0.1736914552801394,-0.37965317924119624,-0.5294991383771468,0.000895193263850867,-0.48507021055294236,0.14491359047438185,-0.3821176843193351,-0.6486971503735478,-0.3358307594227403,0.3343223530092522,-0.32422497092616753,-0.06594197033071887,-0.3908303572821974,-0.5578962163798641,0.037073448548058385,-0.3120157712740907,-0.3888534220321594,-0.41651026818985565,-0.19222899179322123,-0.30128725428352415,-0.08035292537632018,-0.6021927456640779,-0.17089376077643495,-0.03572591096187326,-0.3083003572425021,-0.2837549939616114,0.2740445066103928,-0.5752831154576309,0.06546896029916557,-0.014886583357392373,-0.514087761349232,-0.6014720832811474,-0.20937625566128276,0.4033723853658812,-0.6587142318352924,-0.1759602296484527,-0.5220163906235527,-0.4835376818771251,-0.4479789056140008,-0.30260983949254383,-0.18055734931509526,-0.323264701057606,-0.1912247360186923,-0.7635006561408765,-0.11103465785665614,1,19,train
0.31182413225552164,-0.4676703400279681,-0.515770385330138,-0.6110736397223542,-1.049482665235738,2.3101044401588964,-1.4744471641749362,-1.5170370081553712,-1.5446244712501016,-1.5450468754892317,-0.9017872583598587,0.22180672716389477,-0.6246853648091475,0.5824127374613212,0.12666388378159346,-0.5196356541261213,0.07417171902916016,0.5384946238939262,0.19248218488784508,-0.4680045685172146,-0.6354405254108099,0.3717018180167343,-2.1277987422877684,0.6647171202048434,-0.9131586307419817,1.5133576997902591,-0.7795188357792869,-0.060372439815859366,-2.766606748421573,0.056264021028544074,0.1621493164779634,0.030443414478084133,0.9920788371096806,0.7109456281412783,0.3629155965231992,0.28935038589909273,-1.8977630914649,0.3919487179445761,-0.6312851222272546,-1.1923585904025364,-2.3748899685611784,-0.36287764035349107,-0.3502995770817432,-0.6873104890312501,-0.060521851331526,0.2681230758767839,-3.0777024287876076,0.23032501922846876,-0.3435333875723543,0.6482851982488546,0.7033982626692364,-0.03198079058818604,0.10038414977691053,-0.06564093098531582,0.9651773944982045,1,19,train
0.19253763122033468,0.23399503909102184,1.523429232290042,0.0466715519989674,1.0600364874429113,-0.5089945909755318,0.48204270629160334,0.47714105939909873,0.2323684304463749,-1.4269416303684248,-0.07041545484329975,-0.20390190788905926,-0.4841723638857179,0.17133999070104045,-0.09263701796097598,-0.1938762204984237,-0.5443539166210224,-0.2247000881351642,-0.44574821763500977,-0.25932761134889587,-0.17510085106894313,-1.5746613459495704,-0.032340567747878066,-0.35020869446002595,-0.5568216010082166,-1.4721656741663012,-0.14532173554044353,-0.18987710467913074,-0.14648076025378365,-0.31320563012725977,-0.20160404630346196,-0.8224856942850093,-0.957956023992291,-1.5964378498391376,0.47706796961260417,0.4559980495465315,-0.31553207126046223,-0.34798363460811227,-0.18310276643998977,-0.20211711451298064,-0.29245375155723835,-0.5147104676710905,-0.1509446345845065,-0.6079880981660042,-0.6191279713607785,-0.5540905690065749,0.5732776257324709,-0.4997618341749795,0.7357369655246596,0.17283767937815533,-0.1611723578242108,-0.42035933788074603,0.18592275627695404,-0.4299647580885864,-1.3030145405445097,1,19,train
0.734481240861678,1.3583009682056608,0.27668725966674323,1.4003844163164574,1.095994200272661,0.8697580444196253,1.0087899791095178,0.9631322970854849,0.8123479813173917,-0.18010904263737687,0.874559949153783,0.5654981022525182,-0.25300581397943045,0.3969286931914384,0.1382060365048866,0.24481315012020913,0.8295841756838913,0.22191015075593315,-0.6017600938072631,0.10046024583786053,-0.20427730930187835,-0.2530922745582482,0.8809548484466975,0.24150481138706004,0.2904686696920691,-0.7856549518126538,0.13372498856464757,0.22561702842386488,0.581332014237269,0.7773257595745483,0.4315962518716118,0.8099415403675337,-0.5977086199332922,-0.34449985570377806,-0.10739218060514934,0.017023716036204933,0.9719106600085478,0.6047397212930616,0.37053426129721984,1.0752111758151437,0.6033170380187358,0.13600164940433587,0.40587434273536155,-0.310529132421332,0.770789618633267,-0.5628842978288568,-0.31512752086741486,0.3033337045688136,-0.43803171341955827,0.668431279556935,0.4009923954114388,-0.008544154113635002,-0.25343463165508756,0.38078404025390317,-0.689873809521621,1,19,train
-0.5143453378770697,0.7263917963675061,0.16928457517998646,1.2347536658587879,1.0312703171791116,-0.5784849872611983,0.8332075548368797,0.954165669083891,0.8494022304008177,0.8619081200107532,-0.23565705554224317,0.6084595241385962,-0.008241231725714324,0.31170629447284365,0.4960127709269736,-0.7845866601433155,0.11473077710458196,0.07492450251329352,0.16766211367862296,-0.6155175899637848,-0.5868130950225845,-0.10049279572657044,-0.6383590214844654,-0.009287667912367133,-0.12525786499732347,0.38513852817031113,-1.0687127134881995,0.025964003426321543,-0.524943402989131,0.16352940362216453,0.6471538001865306,0.5557573688818437,0.020977139211510037,0.3853294682316333,-0.18501579430594473,-0.3365944970693359,-0.4358538218463511,0.47416342378376364,-0.6576487902147409,-0.6015422476449022,-0.5879657646132298,-0.8964615763553407,-0.804003928972006,-0.7633277802771108,0.26056670585064273,-0.09241980583677455,-0.4368268560180842,0.4128467325793308,-0.20427269685015895,0.2695388696569416,0.3001904396588395,-0.1491639729609412,-0.14067919581412114,0.18066250142252913,0.3906259402529801,1,19,train
0.5577604985873269,2.351301095379904,0.36667329261510706,2.582096116697137,2.4120464898415,2.7223088363079637,2.170978406437932,2.1341739140936404,2.3009621618863347,1.814225096491182,5.1346949671734174,3.2095783401502236,-0.04450265131885745,1.2190741867119999,3.6239361589394115,0.7008763571989859,3.6332290651474235,3.596926766173466,2.9936045070714856,0.6761208173366707,-0.3534014291591028,0.26517010637952526,5.199903265217307,3.270607725425454,1.046695032793726,3.157790360311787,0.8389521640302414,3.231204458792288,5.2767641422395455,3.9535729219300877,3.9478787587587236,4.272494809717045,3.051754212490478,3.2316638315797372,0.4177087356061136,0.29747954022335804,5.483976306979378,4.072265844039974,0.5776773669131826,5.473048318736406,5.082170985898607,0.517752758088586,0.4539945012691773,0.27777859982924186,3.594609532481929,2.673207908770887,4.110671634111925,4.213354408351725,0.05435430020534666,1.1398495821660182,2.607004427074091,0.3865305750287967,0.3531118507997663,3.859820023014713,3.181916960504033,1,19,train
0.5165256587233116,-0.19274881721526443,0.9878671974844572,-0.41836863197833507,-0.3351227703513772,-0.4774080472093197,-0.29051996050800455,-0.30833555354052167,-0.33311163165286645,0.9067582130946039,0.23941254646721913,-0.50853744489943,-0.47963968643657495,-0.15952343961820992,-0.6812868068489256,-0.36761458509986245,-0.28072003913078064,-0.3321126772355547,-0.8605979792748655,-0.2845127613519688,-0.061636846829750624,0.33715099262088266,0.14690432701928158,-0.7381533108763273,-0.29946707953383084,-0.8175856830849164,-0.5309135724856603,-0.6539354871058531,-0.0009182053555731273,-0.43238938856461584,-0.5788297558545697,-0.1333641627015828,-0.7073491342121179,-0.8722225976263063,-0.5046424389562787,-0.3934985773391931,0.3462375569619261,-0.5994639112926861,-0.2885574383899344,-0.06065404652875839,0.37244827781874257,-0.4886819829880735,-0.5496545195789799,-0.10230785640006149,-0.42559514237426577,-0.34743794168295,-0.2745610758171918,-0.46325749150480705,-0.7314738831556127,-0.0044478361329528355,-0.37440726422393994,-0.6312890661517053,-0.49838609572339393,-0.25036850529119953,-0.7584769682374688,1,19,train
-0.13734108769178735,-0.0675979747408247,0.23459701844896017,-0.15877428270333402,0.07719233676308605,-0.3668551440275774,0.007134053973229642,0.07364279932737591,0.30325481999727694,-0.33857937153364914,0.17228314618327337,-0.7545892247924217,-0.8785153019611494,-0.4076710123576477,-0.9236720140380813,-0.40670571713518616,-0.7319395602198482,-0.6430438562103693,-0.576940022598041,-0.10821671133045818,-0.6289568680257132,-0.33659010259822275,0.02740773050784182,-0.5931639087813461,-0.042112558059444964,-1.0091700707184925,0.04747418293216487,-0.8320044012928512,-0.005077135495521999,-0.6230834020643855,-0.7607064372452824,-0.6134898199523308,-0.8169896484909436,-0.7655552348972846,-0.3767917810961451,-0.1455593704491012,0.5026558327235815,-0.8219272329751937,-0.29608991495778764,-0.06481472499888258,0.06308413915075144,-0.4236107712805309,-0.18187902221338806,-0.36341072633149596,-0.60153407781655,-0.6903933657519445,0.03780055106952606,-0.6336110906322783,-0.42808452122511575,-0.012506268656185026,-0.7465991008489217,-0.3299608829074777,-0.24954651317781287,-0.4453587226140768,-0.40259808239900885,1,19,train
-1.1166685344621496,1.4834518106801007,0.5016523420376527,1.5166444623107829,1.6209768075870066,2.5280515921457596,1.873324391956698,1.8920749580506067,1.8965875305845983,1.3552591439331103,3.1931061589608327,1.5028382161305822,-0.03543729642057167,1.0962536709116721,1.9964926249550805,-2.0702505581939623,1.853700392088292,1.759606163140471,1.0718218505860007,-2.108637197288824,-0.7748391591903891,0.35154716986915413,4.0433469204101575,2.2870309706730128,1.1733926433657313,1.8592739552397715,-1.8449699641805437,1.6285842311093046,4.087310122214167,1.9751225318699768,2.041541690848661,1.3296069576271667,1.5872702003375918,1.6541096775347328,0.6460134817849236,0.5210312841406539,3.3843617592556186,1.770254080542721,-2.0323257638479486,2.868463596438667,4.158695945098634,-1.746725409333898,-1.6220466240468738,-1.4805343976837093,1.0346980217966935,1.2134489242720896,2.9423580166654997,1.76350741137571,0.24832454799697587,-2.3978022955329132,1.7928347844569434,0.12537948288379946,0.5708464855271498,1.448098914021231,1.7712645094094148,1,19,train
-0.19772067463552395,-0.7754183133257707,-0.6942910635986662,-0.4024425982804822,-0.5988126644362084,0.7370945606015347,-0.6533903040047901,-0.5522278351838741,-0.47166230213872046,0.18766172065019845,-0.4577004564814484,-0.19218515646558346,-0.43884558939428897,-0.1319514870916057,-0.3523354542350714,-0.432766471825402,-0.45816591821075103,-0.3321126772355547,-0.5733942981395808,-0.22334882563022024,-0.3728524013143929,-0.38265786979269145,-0.24572734723259199,-0.6166757037156673,-0.1094206636758228,-0.9080560883563273,-0.26201400198439073,-0.42730232359512826,-0.12984503969398814,-0.4919812677832939,-0.7809149573998061,-0.38189979704314647,-0.7582536586987155,-0.42871093154247936,-0.04346685167508254,-0.27156126247521345,-0.16512988302810128,-0.34798363460811227,-0.5145317354255302,-0.2728486485050918,-0.2970711267612382,-0.3194968325484626,-0.36748534798667737,-0.2940036343244058,-0.144092845666611,-0.3782159925609367,0.1878963977553515,-0.5606024052919335,-0.34850698366957555,0.21312984199431628,-0.2580973152786331,-0.20608151868485086,-0.3389732381551311,-0.4556213656310703,-0.6384214404847353,1,19,train
0.11154062434459043,-0.6318025924534628,0.2215345297951654,-0.5298508678633048,-1.0590713886570047,-0.5753263328845771,-1.1935152853387152,-1.3556377041266823,-1.3609642801409463,-0.3550244056643944,0.3323609468603748,0.09292246150566098,-0.5702932354194328,0.15128766159078286,-0.2657693088103729,-0.40670571713518616,0.1857091287365701,0.25582991573500385,-0.35001365725658157,-0.40324275422359845,-0.473349090783392,-0.15807750471965637,0.6334261842444293,0.11610857173734646,0.05686995019993422,-0.6685756038143572,-0.40407415243789163,0.04754811423686677,0.5979677347970644,0.03242726934107286,0.2160387035566931,-0.21244368271935307,-0.1278207015954677,-0.11993698680057456,-0.650757476510717,-0.5235650465274381,0.4906236576649926,-0.05781408458745016,-0.5408954034130163,0.2139507324994377,0.6587255404667343,-0.41493460971952517,-0.31249088109088796,-0.4757841133905943,-0.22326536661563892,-0.3650253993275138,0.05808377359463761,-0.20367105473913658,-0.4231109251278945,0.3863861412438084,0.3467144192369622,-0.3031761555079909,-0.5994771761325363,0.16013721538854206,-0.3640088056213445,1,19,train
1.984780492452712,1.4342121349524521,1.868859487801503,0.5260451663043374,1.7456302120634724,-0.6416580747936225,1.247916518833206,1.495750000380159,1.4889907906669113,1.3029340353352847,-0.560976456918288,0.4092747499395076,1.351562003017153,0.8080014399517191,1.2924213088341996,2.347047361797618,0.8802829982781686,1.6182738090610096,0.08965617559249625,2.1044786103680937,2.26599615441997,1.3621588126978124,-0.7749265603546823,1.3426405408111075,-0.9606702347064837,1.4548180257911107,2.2037443237442327,1.5206636770565785,-0.9533132074038647,1.4089996792925354,1.6845245014520769,0.4823263860081999,1.3288318452517882,1.5137578844702306,2.349166888278846,1.8298251303473683,-0.5682077474908288,0.34358712627446575,1.7941723326214731,-0.42263307342956236,-1.0774075362372157,1.4113973988721717,0.40587434273536155,1.5502419532925618,-0.038529484401240474,0.6726346017017519,-0.8871143960755605,0.26682936189864115,1.9492944132466474,-1.0238395503218247,1.3120869954830088,0.25930311988123395,2.184415653596152,1.1248256589859347,1.0895206196706784,1,19,train
0.18959228551576215,0.2668214895761208,0.015437486590848336,0.4320815674870057,0.6597072846050313,-0.5121532453521529,0.6860527611607639,1.0043787858928166,0.9976192267345221,0.06656646932380171,-0.24598465558592714,-0.1648460698108066,-0.6609467844022906,0.09614375653757445,-0.14457670521579508,-0.18518930226835179,-0.4530960359513233,-0.247313264787878,-0.2436419235027724,-0.04705277560870959,-0.3663687439292962,-0.23869609730997668,-0.2371918760532034,-0.056311257781009726,0.08062575218218522,-0.7005063350866199,-0.4345156132493561,-0.11972874454485874,-0.4999898221494377,-0.26553212675231735,-0.019727364912749273,-0.31976588845775555,-0.5115625015713577,-0.13677920196831483,-0.2854698826246211,-0.206528027881091,-0.35764468396552335,-0.2802774062699578,-0.17557028987213658,0.11409444921645731,-0.3940360060452354,-0.3585395595729882,-0.2196877182042433,-0.22129144269793036,-0.44318903591849423,-0.2770881111046947,0.1473299527051284,-0.2361193593348454,-0.6170811729195237,0.3742984924589601,0.3079444362551933,-0.22951815515940188,-0.3739663044506034,-0.2195805762402189,-0.698449204361102,1,19,train
0.8302049762602848,0.14372230025699975,0.18815261434657884,-0.19381155683861023,0.005276911103586651,-0.520049881293706,-0.5915184021182414,-0.6383074639991749,-0.558659234769373,-0.74671521859669,-0.07557925486514173,-0.449953687782051,-0.6201526873600046,-0.1946150155611607,-0.5543231268927011,-0.563070245276481,-0.5342141521021669,-0.3547258538882685,-0.3748337284658037,-0.5183748685233606,-0.47010726209084364,-0.32795239624925987,0.2365267744028614,-0.3071037370804369,0.08062575218218522,-0.3386247140009762,-0.4751042276646421,-0.8697765952113053,0.08641932758335318,-0.789940663876684,-0.8213319977088533,-0.7264605628348597,-0.23746121587429342,-0.31081542536829754,-0.3356969267839593,-0.3487882285557339,-0.21325858326245678,-0.6623339804638295,-0.5634928331165759,0.014238165933476911,0.3124224001667443,-0.5624293562566218,-0.4877857443212168,-0.81951447380666,-0.517963083481465,-0.42658150108348725,0.17572646424028457,-0.6214429764088875,-0.4181373290306732,-0.2623176768763829,-0.42868524039841643,-0.5107577928540142,-0.4167356077006252,-0.6095610108859734,-0.5183659127320018,1,19,train
0.9126746559883153,0.44121200777820896,1.408769609662288,0.2807842473574039,-0.20327782330896166,-0.5216292084820165,-0.12329860405787299,-0.1612828543143827,-0.4072201298197186,0.846958088982803,-0.20983805543303327,-0.14531815077168025,-0.1668849424457155,0.13624841475808966,-0.5485520505310546,-0.24165427076381937,-0.5595635633993056,-0.08902102821888146,-0.3464679327981212,-0.4464172970860092,0.39546099881956776,0.5674898285932265,0.03594320168723038,-0.4873608315769002,-0.4974320960525892,-0.4982783703622896,-0.4091477292398024,-0.265421492516039,-0.13400396983393703,-0.36683832142407,-0.42389776800322193,-0.38189979704314647,-0.6838547382952267,-0.7992396652327651,-0.4498492998733643,-0.22278633652962163,-0.05684030750080136,-0.32380283877305704,-0.26972624697030145,-0.13138558052086952,0.11387526639474997,-0.21104481303589157,-0.1853161763943749,0.3967621861271107,-0.3288287278810095,-0.14957904318160697,-0.5990926362189766,-0.6620033571535235,-0.4877676743917709,-0.13741197276628397,-0.1650493561223877,-0.16590442758562052,-0.8871979434508644,-0.5736417603264959,-0.27825485722653487,1,19,train
-0.5761975976730925,0.7407533684547368,0.4044093709482919,0.7967877391678353,0.09157542189498594,2.0258255462629875,-0.0396879258328072,-0.16845615671565778,-0.2026162327068877,0.3147369843877753,1.2515173507482475,-0.1531293183873308,-0.13968887775085817,0.23149697803181324,-0.31193791970354545,-0.25468464810892727,-0.3973273310976183,-0.247313264787878,-0.44574821763500977,-0.30250215421130666,-0.554394808097101,-0.07170044123002747,0.2535977167616385,-0.6088384387375602,0.8210149139623415,-0.6366448725420946,-0.5004721116741958,-0.5406189053504907,-0.22550043291281222,-0.49794045570516166,-0.24202108661250923,-0.37625125989902003,-0.7817480546156068,-0.6252034418327824,-0.2854698826246211,-0.4016277316634584,0.027384917909320794,-0.24642429210088052,-0.3940121103398791,1.3040484916719737,-0.10314136819324378,-0.6925717796717071,-0.8074410831529929,-0.31383423204071725,0.26056670585064273,-0.40459717902778247,0.4596915795918462,-0.5038178722494431,-0.3534805797667968,-0.9190799275198063,-0.10689438164973429,-0.09224642723703155,-0.34674947510968046,-0.3837828645121155,-0.49263972821355895,1,19,train
-0.57325225196852,0.4001789446718353,0.6076036388962102,-0.25592308826023624,0.7555945188176971,-0.4821460287742515,0.08071145081128754,0.2260754753544712,0.5239692601898583,-0.6330949827842683,-0.13238105510540354,-0.5319709477463817,-0.26660384632685913,-0.12944494595282352,-0.675515730487279,-0.4457968491705099,-0.3060694504279193,-0.07771443989252456,-0.3429222083396609,-0.6371048613949901,-0.7100025853394221,-0.4287256369871602,-0.32681432343678324,-0.7303160458982203,0.06082925053030939,-0.7750113747218995,-0.4751042276646421,-0.686311653321671,-0.3128379658517385,-0.4860220798614261,-0.8011234775543297,-0.8394313057173887,-0.7621693913515307,-1.0799432513617695,-0.20328017400024953,-0.08459071301711141,-0.002695519737151402,-0.6478255029627964,-0.2508950555506685,0.07664834298533967,-0.2508973747212395,-0.5537531946956161,-0.3090537269099011,-0.21468124345915987,-0.5707447641141503,-0.5804717554734207,0.17572646424028457,-0.9094216796958032,-0.27887663830847786,0.5233794941387556,-0.3511452744348786,-0.3165685192077343,-0.10957424799592351,-0.19392396869773504,-0.6298460456452544,1,19,train
-0.5187633564339285,-0.07170128105146206,0.16202763703898937,-0.05047725355793482,0.09397260275030259,-0.34948254495616077,0.04726717952126122,0.05032956652323193,0.006820827329868377,-0.4970497004299214,-0.1117258550180356,-0.7389668895611208,-0.4705743315382892,-0.3399944016105283,-0.5600942032543478,-0.28508886191417904,-0.3973273310976183,-0.8861355052270425,-0.2436419235027724,-0.45001517565787674,-0.4182380030100699,-0.39993328249061727,0.36455884209368977,-0.90665450790563,0.017276946896182546,-0.6738973923597343,-0.5816493405047678,-0.6755195979163984,-0.17559327123342575,-0.5575323349238397,-0.7337617437059176,-0.6756237285377217,-0.6760232729895963,-0.47923757704570014,-0.22611064861813052,-0.3813048458527951,0.009336655321437477,-0.7203678904679619,-0.11907671561323763,-0.03568997570801329,0.17390114404674825,-0.25442562084091996,-0.2815564934620064,-0.049426262489897545,-0.4695798762348369,-0.039657432903083066,0.06619706260468222,-0.6254990144833511,-0.5126356548778772,0.30983103227310255,-0.6884441263762683,-0.3165685192077343,-0.1017980110413741,-0.3529949354611349,-0.6341337430649948,1,19,train
-0.8560054396074818,-0.5928211825024078,-0.5404439750095281,-0.4772949566603905,-0.5484718664745588,-0.5532157522482286,-0.7620841856973756,-0.7423203488176635,-0.8051505438895551,-0.26831422570228314,0.2445763464890611,-0.29373033546904037,-0.352724717860574,-0.11941878139769471,-0.6178049668708133,0.37946038268632415,-0.1945320407205093,-0.513018090457265,-0.26846199471199456,0.3451159887248549,-0.23345376753481356,0.029072799507872917,0.5736778859887094,-0.5618148488689176,0.40132907894257375,-0.47699121618078116,0.0018119917149681446,-0.27621354792131164,0.3609087168199787,-0.29532806636165637,-0.6933447033968704,-0.5739500599434456,-0.6172872831973683,-0.2715169233102369,-0.08912780091084453,-0.2593675309888155,0.31615711931545387,-0.17871806376272603,0.3366381167418805,0.15154055544757494,0.39091777863474203,-0.0939166319623148,0.07934469554161178,-0.11552825487760247,-0.3552195681973521,-0.14078531435932506,0.0986502186448607,-0.18744690244128218,0.04440710801090413,0.7208110909579443,-0.4868402148710698,-0.19603724591004326,0.11593662368600935,-0.3016817203761672,-0.27825485722653487,1,19,train
2.85954816671075,2.4785035910096624,2.699053211131569,2.1457227933759695,2.82675877781128,-0.8090667567545465,1.8883743140372098,1.8705550508467814,1.3681617175687828,0.8095830114129275,-1.6092278613522102,2.393311324314743,4.048505085257173,1.1037732943280187,3.7162733807257564,4.30594742267884,3.202289073096067,2.262749343663353,0.7172494047399702,2.856435231888415,5.164191005558201,1.3045741037047265,-1.3766772785015757,1.8207137044756405,-1.6891814954955144,0.800238034709726,5.496495668184307,4.143133140537824,-0.8493399539051429,3.482797076102531,3.853572331370947,3.8262603753310565,0.40863467184021524,1.5193719561928107,4.353682559728798,4.370185856680276,-1.7654091658204223,2.9938023497965127,4.04261658812565,-1.4669633694307325,-1.2944241708252096,4.556505964736733,3.667733660491873,1.3717665738457585,2.8996507374849063,1.178274008982962,-0.6599423037943112,2.0514861146626258,5.157263895954361,-2.1197863734814026,1.4361509410246693,3.704488681640236,2.9892561783920155,2.356342821025159,1.076657527411457,1,19,train
1.5194158711302541,1.7234952298523867,0.4552079379352714,1.2666057332544935,1.2398250515916598,1.0576979798285873,1.1375504235761191,1.162191438720868,1.026618204278073,0.1487916399775279,1.4890521517529787,0.7412493736046551,0.09601034960457216,0.5773996551837568,0.7672533599243622,1.226434910118338,1.4937387516689233,0.6572138013206736,-0.09826722070589991,1.079083217385838,0.07451995825728037,-0.16383597561896496,1.2991929362367365,0.6255307953143079,0.2983872703528194,-0.20558000036654842,0.8693936248417059,1.3156146243563989,0.7892785212347125,1.4983874981205525,0.8020857880378784,0.9003181346735569,-0.45282651177912964,-0.25467470814249665,0.16657351480942262,0.24464003711563354,1.098248498123731,0.6579374721301829,1.161444300921805,1.2541203500304834,1.1666368129067197,1.3289738640426176,1.0211249411320058,-0.22790164193670087,0.981916341164008,-0.21113514493758037,0.13516001919006146,0.6075365601535837,-0.20427269685015895,1.4581576668336895,0.7266602524582978,0.1421199375084788,0.018733661754141737,1.0427245148499864,-0.36829650304108497,1,19,train
-0.11819634061206598,0.16629048496550528,-0.0789027092421137,-0.13170002541698422,-0.1649229296238953,-0.29736474774191085,-0.2420257671374664,-0.16307617991470147,0.0696519453408952,0.19364173306137855,0.06900714574643375,-0.7780227276393734,-0.45244362174171765,-0.6257400914316991,-0.8659612504216156,-0.06357244704734465,-0.6457515618095768,-0.7674163278002951,-0.623034440558025,-0.266523368492631,-0.30801582746342576,-0.11200973752518763,0.2535977167616385,-0.8674681830150944,0.2587942670490677,-0.40248617654550156,-0.23664611797483698,-0.7726480965638519,0.04067109604391559,-0.34896075765846657,-0.7270255703210764,-0.6473810428170894,-0.593792887280477,-0.09748069991025421,-0.19414798415309711,-0.17401141058402977,0.3883501696669871,-1.0008651221546019,-0.26596000868637487,0.09745173533596058,0.28471814894274505,-0.18501632835287452,-0.5324687486740457,-0.30722403280194677,-0.2188668932295818,-0.2770881111046947,0.2406327763206415,-0.5849386337387151,-0.5623716158500898,0.15269159807007485,-0.8125080719179288,-0.28643570088331155,-0.5489316359279651,-0.5428538312755153,-0.32970722626342064,1,19,train
0.24997187245949878,-0.014254992702538908,0.1997637153721742,0.7601578616627739,-0.14095112107072882,-0.39686236060547886,-0.06644334286482825,-0.31730218154211554,-0.6553224932478758,0.21008676719212377,-0.13238105510540354,-0.391369930664672,-0.6972082039954337,-0.4377495060230341,-0.583178508700934,-0.2633715663389992,-0.5494237988804501,-0.5978175029049417,-0.3996537996750258,-0.33128518278624713,-0.45713994732065016,-0.16671521106861925,-0.05367924569634946,-0.9419222003071119,0.14397455746818788,-0.5248873130891751,-0.33811765401305194,-0.9561130384534863,0.3609087168199787,-0.34896075765846657,-0.551885062315205,-0.6586781171053423,-0.8796413709359869,-0.1816917757489555,-0.2854698826246211,-0.22685091369175428,0.08152970567297076,-0.9138142571484034,-0.2395963406988887,-0.2811700054453401,-0.10775874339724366,-0.43662501362203937,-0.2299991807472038,-0.052731362109282795,-0.47397834962089397,-0.2287226025821442,-0.12446522913136632,-0.7796284613129679,-0.5424772314612047,-0.028623133702649402,-0.5566261842382539,-0.26634715533369635,-0.28453957947328523,-0.5941670463604831,-0.3811595953003064,1,19,train
-0.5084546464679247,0.3447843094782308,-0.2617775503952402,0.3540440023675269,0.5446426035498322,-0.4047589965470319,0.4904037741141099,0.5901205722191811,0.43697232755920584,0.14430663066914282,-0.18401905532382337,-0.5319709477463817,-0.49323771878400363,-0.1845888510060319,-0.18497423974732102,-0.5370094905862652,-0.1945320407205093,-0.2925396180933056,-0.4812054622196128,-0.5579515328139037,-0.38257788739203796,-0.20126603646447083,-0.32681432343678324,-0.6323502336718815,0.41716628026407443,-0.705828123631997,-0.9215789862327879,-0.5514109607557633,-0.19222899179322123,-0.10463405286188664,-0.18813169953377953,-0.3141173513136291,-0.5115625015713577,-0.1816917757489555,-0.5320390084977359,-0.4422735032847849,-0.0327759573836236,-0.5704469562906198,-0.7442722707450525,-0.08145743887937931,-0.24166262431323982,-0.6101482448421531,-0.6424576824656246,-0.3931566229059632,-0.47397834962089397,-0.22432573817100324,-0.34758067690759337,-0.3294082350475082,-0.6518963456000725,0.3581816274124957,-0.28523630336587136,-0.4370997925054253,-0.4011831337915263,-0.25036850529119953,-0.4454750565964136,1,19,train
-0.5688342334116613,-0.7323335970640783,-0.7523465687266429,-0.5298508678633048,-0.8121617605593899,-0.4900426647158045,-0.7487064771813651,-0.7512869768192574,-0.698820959563202,-0.7855852992693606,0.26523154657642906,-0.3210694221238172,-0.3164632982674309,0.03849331034558386,-0.4677569814680027,0.17097434516459767,-0.33648874398448564,-0.1285940873611306,-0.20109323000124874,-0.018269747033769074,-0.22372828145716847,0.16727610109127916,0.26640092353072137,-0.5383030539345963,0.5597010921575805,0.007291541448536111,-0.06414450670987157,-0.28700560332658426,0.028194305624068973,-0.26553212675231735,-0.16118700599441468,-0.21809221986347951,-0.3118601362777823,-0.1030947716328343,0.18940398942730363,0.11457356792738861,0.6410258458973536,-0.6429893437957853,-0.08894680934182486,0.2389148033201828,0.24777914731074613,0.023211549111261956,-0.11313593859365124,0.05964202494981559,-0.24525773354592445,0.14061400795369616,0.2933691548859315,-0.2726237020050178,-0.015276045155751008,0.3863861412438084,-0.3976692540130013,0.02828484606065948,0.0770554389132623,-0.36325757847812845,-0.22680248818964913,1,19,train
-0.1285050505780698,0.15603221918891186,-0.23274979783125185,0.07533841265510248,0.18027111354170186,-0.3700137984041986,0.31147692271246913,0.258355336160209,0.20014734428687397,0.1697216834166582,-0.1633638552364554,-0.5866491210559354,-0.5476298481737183,-0.31492899022270626,-0.30616684334189886,-0.4457968491705099,-0.2908598036496361,-0.7730696219634736,-0.5450285024718983,-0.30969791135504177,-0.37609423000694125,-0.1465605629210392,0.04447867286661893,-0.6480247636280957,0.42508488092482477,-0.514243735998421,-0.3634855380226057,-0.810420290482306,-0.10489145885429492,-0.7065120329705348,-0.42389776800322193,-0.5344102999345605,-0.5115625015713577,-0.31081542536829754,-0.38135787601972126,-0.46259638909544815,-0.12903335785233463,-0.6671701396308405,-0.43920696974699824,0.08913037839571221,0.16928376884274837,-0.4713296598660621,-0.4740371275972694,-0.336969929376414,-0.37281346174158053,-0.34304107727180905,0.054027129089615294,-0.3131840827496538,-0.5723188080445323,-0.12532432398143567,-0.6341661502017918,-0.5944600659774109,-0.2806514609960105,-0.34786361395263815,-0.574105979188628,1,19,train
-0.45543842378561933,-0.11683765046847311,0.29845807408973446,0.07215320591553191,0.3097188797288008,-0.38738639747561526,0.3432489804379941,0.3892681049834791,0.5384687489616338,-0.039578750974644826,0.0018777454624879916,-0.6061770400950617,-0.48870504133486076,-0.2798374142797555,-0.7159132650188049,-0.46751414474568975,-0.8282673231489749,-0.3660324422146254,-0.32519358604735943,-0.36726396850492277,-0.6095058958704229,-0.2329376264106681,-0.15183716425931787,-0.7459905758544344,-0.04607185838982013,-0.7217934892681284,-0.880990371817502,-0.7618560411585793,-0.07577894787465282,-0.8137774155641553,-0.4710509816971104,-0.5118161513580547,-0.5037310362657273,-0.5578345811618214,-0.4133205404847547,-0.24717379950241752,-0.12301727032304019,-0.7977464371401385,-0.4203757783273653,-0.22292050686360157,-0.06158499135724498,-0.4496392559635479,-0.5840260613888483,-0.350190327853955,-0.7202928592400919,-0.5848686198845616,0.0012907505243252738,-0.6133309002599603,-0.3932693485445669,0.2091006257327002,-0.41317724720570886,-0.3266127919825419,-0.31953264576875756,-0.4864092946820509,-0.7756277579164307,1,19,train
-0.4171489296261766,0.2545115706442087,0.4203746348584854,-0.03932902996943785,0.6597072846050313,-0.603754222274168,0.30311585488996257,0.29063519696594686,0.5980777583567105,-0.2727992350106682,-0.35958825606645073,-0.4265201849350994,-0.4479109442925747,-0.2973832022512309,-0.5543231268927011,-0.5152921950110854,-0.7319395602198482,-0.2586198531142349,-0.7010403786441517,-0.5867345613888443,-0.4992837203237788,-0.17535291741758216,-0.30120790989861757,-0.6010011737594532,-0.2875891785427053,-0.8548382029025562,-0.6476058389296075,-0.4326983512977645,-0.42512907963035806,-0.8495325430953621,-0.6798723566271879,-0.6360839685288365,-0.7425907280874547,-0.6476597287231027,-0.10739218060514934,-0.12523648463843792,0.027384917909320794,-1.1024244646618337,-0.6538825519308142,0.07248766451521547,-0.16316724584524206,-0.5060343061100848,-0.2746821851000327,-0.32374953089887304,-0.5751432375002073,-0.448565823139192,0.27308593236082,-0.6011627860365695,-0.24406146562792905,0.47099968273774634,-0.3433912778385248,-0.42035933788074603,-0.05902870779135235,-0.25036850529119953,-0.5269413075714828,1,19,train
-0.18446661896494762,-0.6482158176960123,-0.7726659955214347,-0.2575156916300215,-0.6443591006872247,-0.4158142868652061,-0.5965350428117454,-0.7118338136122445,-0.6843214707914266,0.16523667410827314,0.26523154657642906,-0.4069922658959731,-0.1215581679542866,-0.1996280978387251,-0.4158172942131836,-0.12003741554281225,-0.40746709561647376,-0.48475161964137276,-0.4386567687180892,-0.19096791848341216,-0.33719228569636095,-0.3912955761416544,0.08715602876356171,-0.7342346783872737,0.3736139766299476,-0.8867689341748188,-0.38377984523024866,-0.5406189053504907,0.0032407247843757444,-0.4860220798614261,-0.7000808767817115,-0.5513559113669398,-0.8091581831853132,-0.4848516487682802,0.28985807774598,-0.0764615586928461,-0.05082421997150692,-0.5317576829545315,-0.1416741453167972,0.08080902145546384,0.0677015143547513,-0.28045410552393707,-0.2643707225570722,-0.2940036343244058,-0.4475875093045513,-0.14518217877046602,-0.14069180715145557,-0.45920145343034346,-0.3236390031834692,0.3863861412438084,-0.37053026592576305,-0.3567456103069646,0.049838609572339376,-0.09642886003629643,-0.4368996617569327,1,19,train
-0.9296390822217947,0.681255426950495,0.28829836069233855,1.1774199445465179,0.1778739326863852,2.1727029747758735,0.6425752084837296,0.6206071074246001,0.27908900537765124,0.6660627135446054,1.406431351403507,0.1710341376621663,-0.06263336111542901,0.34178478813823004,-0.2542271560870798,-0.9409511882846103,0.0437524254725938,-0.3208060889091978,0.121567695718639,-0.6658878899699306,-0.7100025853394221,-0.04002885128383021,1.5040442445420619,-0.314941002058544,0.7299510063637127,0.0817965810838157,-0.5004721116741958,-0.40571821278458303,0.7560070801151216,-0.0748381132525476,-0.5384127155455225,-0.1446612369898357,-0.19438815669332618,-0.4399390749876395,-0.057165136445811136,0.021088293198337587,0.5146880077821704,-0.03846944791940602,-0.9137529935217493,1.903186191369856,1.4990878275947102,-0.722938345135227,-0.9277414794875323,-0.7732430791352665,0.014252196231444799,-0.14957904318160697,0.9951686542547911,-0.38213673001553505,-0.6021603846278599,-1.8095367213369633,-0.07200139696614224,-0.09559451816196742,-0.21066532840506583,-0.18879264718923827,-0.059582288819770374,1,19,train
-0.5069819736156383,0.2545115706442087,0.34925664107671406,0.3158215214926801,0.4990961672988159,-0.46161477532621364,0.44859843500157703,0.513007571405474,0.47402657664263187,0.7602479090206917,-0.24598465558592714,-0.27029683262208876,-0.3617900727588598,-0.059261794066921926,-0.5196966687228217,-0.7454955281079917,-0.311139332687347,-0.14555396985066593,-0.3890166262996449,-0.5867345613888443,-0.8364339043488079,-0.025632674035558724,-0.05794698128604374,-0.48344219908784664,0.0014397455746818777,-0.5408526787253065,-0.6983416069487149,-0.3193817695424021,-0.2379772233326588,-0.14634836831496126,-0.26896578015187406,-0.026041956963180332,-0.2883657403608911,-0.08625255646509404,-0.04803294659865874,-0.23091549085388693,-0.11098509526445131,-0.48823225045143226,-0.6312851222272546,-0.18131372216235972,-0.15393249543724233,-0.6058101640616502,-0.39841973561555893,-0.6278186958823156,-0.2716485738622671,-0.16276963641502984,-0.19342818571674558,-0.3902488061644622,-0.2540086578223716,0.6200806844175419,-0.2154503339986873,-0.5208020656288219,-0.020147523018605305,-0.27602511283368336,-0.16677472431328239,1,19,train
0.6505388882813612,1.356249315050342,0.9719019335742636,1.5134592555712123,1.0288731363237948,-0.4395041946898652,0.8432408362238876,0.6959267826379884,0.3290316889248777,0.3521120619576508,-0.40606245626302856,0.6436097784090236,0.3815690289005743,0.2565623894196352,0.27094079282275757,0.03632711259848263,0.4848321820428059,-0.04944796907663233,-0.10181294516436021,-0.039857018464974456,-0.06812050421484733,0.0031596804609842453,-0.05794698128604374,-0.23264971978841945,-0.232158973917453,-0.3226593483648449,0.08806279734745084,0.5763588290952248,-0.296202245291943,0.07414158479414748,0.047634368935662835,0.9850461918354536,-0.33927026484748873,-0.007655552348972824,0.404010450835385,0.6104519817075723,-0.20122640820386792,0.44998262794870847,0.06170272201523897,-0.5058466428320461,-0.30168850196523805,-0.08957855118181196,0.40587434273536155,-0.095697657161291,1.105073595973607,-0.250706924637849,-0.16503167418158943,0.16137237196258752,0.12398464556644433,-0.04876921501072988,-0.052616405475257776,0.7213396675223829,0.147041571504207,-0.1682673611552512,-0.08530847333821326,1,19,train
-0.3876954725804514,-0.07170128105146206,-0.34595803283080634,-0.1539964725939782,0.2689668051884178,-0.4916219919041151,0.11415572210131385,0.34981494177646616,0.6415762246720368,-0.04705376648861993,0.03286054559353988,-0.4069922658959731,-0.688142849097148,-0.1770692275896853,-0.3350222251501317,-0.30246269837432294,-0.6102623859935828,-0.5525911495995142,-0.3074649637550579,-0.6478984971105929,-0.36961057262184455,-0.23581686186032239,0.04874640845631321,-0.5304657889564892,-0.04607185838982013,-0.5993923527244548,-0.277234732390123,-0.8751726229139417,-0.36690405767107387,-0.5158180194707651,-0.6259829695484582,-0.4835734656374225,-0.6956019362536723,-0.19853399091669577,-0.3402630217075355,-0.5195004693653054,-0.34561250890693446,-0.7784018004720943,-0.2885574383899344,0.018398844403601095,-0.2555147499252394,-0.46699157908555927,-0.39841973561555893,-0.3931566229059632,-0.9138256882266046,-0.33424734844952714,-0.10012536210123246,-0.7755724232385044,-0.43803171341955827,0.03987354274482421,-0.32012928804946345,-0.36678988308177224,-0.4595049109506469,-0.5992983678689798,-0.7842031527559117,1,19,train
-0.49372791794506204,0.22578842646974712,-0.47658291936875374,0.057819775587464366,0.17547675183106856,-0.33526860026136535,0.21783296310039543,0.22428214975415242,0.15825993227952276,0.23400681683684413,0.07417094576827574,-0.4108978497037984,-0.5929566226651473,-0.3625532718595681,-0.5485520505310546,-0.23296735253374742,-0.2908598036496361,-0.6034707970681201,-0.44574821763500977,-0.38165548279239303,-0.3177413135410708,-0.3049185126520255,-0.24572734723259199,-0.8204445931464519,0.2271198644060664,-0.3545900796371076,-0.3634855380226057,-0.6161632931873989,-0.12984503969398814,-0.5336955832363685,-0.7809149573998061,-0.3706027227548936,-0.593792887280477,-0.3613420708715183,-0.5046424389562787,-0.5601462409866319,-0.0327759573836236,-0.7155317313009509,-0.43920696974699824,-0.17299236522211137,-0.22319312349724033,-0.7663191529402554,-0.2987422643669406,-0.31383423204071725,-0.561947817342036,-0.31226302639382236,-0.29890094284732566,-0.6092748621854968,-0.4430053095167795,0.11642865171553,-0.7310911076562141,-0.5308463384036295,-0.4439524370415481,-0.4607526871395671,-0.4326119643371922,1,19,train
-0.08432486500948203,-0.6461641645406936,0.02559719998824425,-0.11258878497956085,-0.35669739804922707,-0.4189729412418273,-0.22363141792795194,-0.17024948231597653,-0.15589565777561132,0.00228133590361578,-0.2253294554985592,-0.625704959134188,-0.7153389137920053,-0.38260560096982565,-0.5023834396378821,-0.5978179181967688,-0.45816591821075103,-0.6995767978421538,-0.5592114003057396,-0.2845127613519688,-0.36961057262184455,-0.2329376264106681,-0.0451437745169609,-0.9419222003071119,0.04103274887843355,-0.5089219474530439,-0.42436845964553466,-0.5999752100794901,-0.10489145885429492,-0.5515731470019719,-0.8078596509391709,-0.6021927456640779,-0.6094558178917379,-0.42309685981989925,-0.16675141461163992,-0.3487882285557339,0.17778710614168178,-0.4398706587813219,-0.42414201661129186,0.1348978415670782,-0.07081974176524472,-0.23273521693840576,-0.4465398941493747,-0.21798634307854511,-0.3596180415834092,-0.30346929757154045,-0.18531489670670098,-0.6822835475258415,-0.64194915340563,0.015698245175127638,-0.6341661502017918,-0.2529547916339529,-0.09790989256409939,-0.3683888999866252,-0.8913955882494237,1,19,train
-0.33467924989814607,-0.3240546191556602,0.220083142166966,-0.034551219860082,-0.2320439935727614,-0.4158142868652061,0.21114410884239018,0.1758623585455457,0.10348408580837118,-0.15020898058147644,0.4408007473190564,-0.4655760230133521,-0.520433783478861,-0.41017755349642987,-0.5139255923611752,-0.32417999394950275,-0.7268696779604205,-0.5017115021309081,-0.6123972671826441,-0.5111791113796255,-0.6419241827959066,-0.014115732236941535,-0.22438866928412057,-1.0555625424896649,0.09646295350368589,-0.7909767403580308,-0.6070172245143215,-0.7132917918348525,-0.34195047683138063,-0.7661039121892128,-0.9627916387905189,-0.49487053992567537,-0.6681918076839659,-0.34449985570377806,-0.3265647369368069,-0.32440076558293796,0.5146880077821704,-0.6913509354658958,-0.2433625789828153,0.14737987697745075,-0.23242787390524006,-0.5494151139151133,-0.24374779747115116,-0.29069853470502055,-0.5091661367093508,-0.2814849755158357,0.12299008567499456,-0.6660593952279871,-0.224167081239044,0.28968495096502206,-0.6651821365872069,-0.4906692473043991,-0.17178414363231878,-0.9123089798872828,-0.814217034694095,1,19,train
2.510524700718906,1.4095922970886279,1.3594224303035076,-0.3228124297912181,0.3816343053883002,-0.5990162407092362,-0.8339893689709322,-0.9826259792603784,-1.214358338115217,-0.4940596942243314,-0.43188145637223846,-0.18437398884993292,0.7487159022811485,0.5498277026571526,-0.4158172942131836,-2.0441898035037465,-1.1628795522712048,-0.42256538384640985,-0.3110106882135182,-2.3173141544571423,2.0066498590161013,-0.7310453592008613,0.23225903881316715,0.26501660632138135,-0.612251805633469,-0.2375107316388111,0.36710952145254194,0.18784483450541076,0.5314248525578824,-1.6659412883912514,-0.8145958243240121,-0.4892220027815489,-0.1199892362898373,-0.670116015613423,-1.5183155119901948,-1.1779619696307952,0.16575493108309292,-0.2415881329338695,-1.5201173572339313,0.243075481790307,0.22007489608674694,1.979685981118044,-1.127096421984769,-1.1434142365064142,-1.0281859962640894,-0.9278240439535562,0.1392166636950838,-0.45920145343034346,-0.29877102269736294,-1.330059986204648,0.5677033222330452,-0.6312890661517053,-1.5987236247921353,-1.666613241636308,-0.13247314495535856,1,19,train
0.25438989101635756,-0.2358335334769568,2.0212551887624417,-0.6986668250605448,-0.3159453235088441,-0.5832229688261301,-0.4393469677486217,-0.5056013695755861,-0.45555175905897,-2.2103232562330164,0.270395346598271,0.05777220723523359,-0.97370152839315,0.3743698229423986,-0.5716363559776408,-0.34155383040964665,-0.5544936811398778,-0.28688632393012714,0.7172494047399702,-0.3061000327831742,-0.21724462407207176,-3.0401921898236073,0.20665262527500147,-0.4599304041535253,-0.8181354228129777,-0.08850065236825193,-0.49032495807037435,0.11769647437113875,0.11137290842304641,-0.27149131467418514,-0.551885062315205,-0.21244368271935307,-0.2022196219989566,-0.1929199191941157,-0.9521197414667462,-0.6089211669322238,-0.092936832676568,-0.048141766253428094,-0.3224535829452738,0.5426443316392483,0.21084014567874718,-0.7186002643547241,-0.2128134098422696,-0.6674798913149386,-0.2716485738622671,0.021898668852890327,1.0884714778703042,-0.3253521969730446,-0.4827940782945496,0.2816265184417899,-0.009969424195311948,-1.2942110692890059,-0.8638692325872162,-0.44022740110558,-0.28683025206601587,1,19,train
-0.46280178804705063,0.5725178097186048,0.6932355089599757,-0.05844027040686124,0.35766249683513374,-0.44740083063141817,-0.0814932649453401,0.04853624092291316,0.08415143411267062,-0.11283390301160089,-0.15303625519277145,-0.5905547048637606,-0.09889478070857215,-0.36004673072078586,-0.6812868068489256,-0.3936753397900783,-0.3314188617250579,-0.3660324422146254,-0.6549459606841678,-0.46440668994534706,-0.6711006410288417,-0.25885074545755676,0.09569149994295026,-0.9967830551538616,-0.01439745574681879,-0.46102585054464984,-0.7642981053735547,-0.5352228776478544,-0.18391113151332347,-0.17018512000243247,-0.713553223551394,-0.703866414258354,-0.5154782342241729,-0.6083612266650421,-0.3219986420132307,-0.28781957112374407,0.2620123315518039,-1.145949897164933,-0.4919343057219706,-0.11474286664037278,-0.04311549054124551,-0.9398423841603691,-0.2299991807472038,-0.25764753851116806,-0.5531508705699218,-0.7739337895636227,0.09459357413983839,-0.7025637378981595,-0.2540086578223716,0.39041535750542444,-0.41317724720570886,-0.31322042828279845,-0.4672811479051963,-0.5890357248519863,-0.6427091379044758,1,19,train
-0.2581002615792606,0.87616247670577,2.1663939515823833,-0.356257100556709,1.184689891919377,-0.6416580747936225,0.022183976053741485,0.043156264121956854,0.4579160335628814,-1.374616521770599,-0.35442445604460876,-0.27420241642991405,0.6671277081965764,0.34930441155457664,-0.39850406512824393,-0.5761006226215889,-0.2503007455742143,0.397162269814465,-0.14790736312434416,-0.604723954248182,-1.0082508250538709,-2.058372901491492,-0.08782113041390369,-0.2914292071242227,-1.0675713436266132,-0.8282292601756707,-0.8150338733926622,0.5170025243662255,-0.2878843850120453,-0.4025934489552768,-0.20160404630346196,-0.7490547114113655,-1.1889842505083879,-1.8041585035746006,0.13461085034438924,0.033282024684735546,-0.7246260232524842,-0.4205260221132778,-0.6162201690915483,0.043362915224346196,-0.24627999951723967,-0.5971340025006445,-0.3743596563486511,0.04972672609165985,-0.6807065987655779,-1.2400014171445641,0.6990336053881625,-0.8688612989511671,1.4370140152328574,0.15672081433169097,0.040431553680987664,-0.9225729766211253,0.5786227224816992,-0.32220700641015426,-0.7627646656572092,1,19,train
0.27500731094836517,1.2885447609248255,0.003826385565253007,1.3605693320718253,0.9449718063877123,-0.5863816232027513,1.1910612576401611,1.2070245787288372,1.0443398016657983,0.2325118137340491,-0.6126144571367078,0.752966125028131,-0.3436593629622883,0.34930441155457664,0.4960127709269736,-0.1808458431533158,1.0374493483204281,0.18233709161368403,-0.2578248213366136,-0.12980398276166355,-0.392303373469683,-0.2530922745582482,-0.5572720452802742,0.41000600841636264,0.21920126374531607,0.09776194671994703,-0.4192948828436239,0.5116064966635891,-0.6913006085870858,1.1706321624178233,0.3574983446383585,0.26768197453139486,-0.3940905219869016,-0.2715169233102369,-0.17131750953521613,-0.25530295382668283,-0.42983773431705663,0.5321973337878961,0.057936483731312376,-0.6681131031668891,-0.7172522703252262,-0.419272690500028,0.06559607881766441,-0.28408833546625006,0.687218624298182,-0.21992887375986228,-0.3232408098774595,0.6075365601535837,-0.433058117322337,0.11239943545391391,0.3854844022187312,-0.15251206388587707,-0.23788215774598875,0.7502391888656705,-0.03385610430132749,1,19,train
-0.12997772343035605,-0.6851455744917486,-0.3793399482793929,-0.4788875600301758,-0.649153462397858,-0.5105739181638423,-0.5480408494412072,-0.5253279511790926,-0.5683255606172233,-0.021638713741104567,0.2962143467074809,-0.4851039420524784,-0.48870504133486076,-0.2522654617531513,-0.4331305232981233,-0.2373108116487834,-0.40239721335704604,-0.6882702095157969,-0.4741140133026922,-0.27371912563636613,-0.5446693220194558,-0.20702450736377942,0.22799130322347286,-0.8243632256355055,0.44092208224632545,-0.7750113747218995,0.1793871797818443,-0.6053712377821263,0.13632648926273963,-0.6052058382987822,-0.4710509816971104,-0.15030977413396215,-0.5389726301410641,-0.2883591384779772,-0.3630934963254165,-0.26343210815094814,0.10559405579014851,-0.4688876137833881,-0.134141668748944,0.0683269860450913,0.27086602333074544,-0.25008754006041717,-0.2299991807472038,-0.2940036343244058,-0.4167981956021516,-0.40459717902778247,-0.09606871759621015,-0.3578005015687534,-0.43803171341955827,0.1889545444246197,-0.3395142795403479,-0.24960670070901705,-0.08624553713227529,-0.43509607959708324,-0.5569551895096662,1,19,train
-0.21097473030610028,0.7448566747653742,0.9167492037026858,-0.14762605911483706,1.2805771261320429,-0.6227061485338953,0.4385651536145691,0.5506674090121682,0.8864564794842438,-0.3236293405056989,-0.28213125573882103,-0.6803831324437417,0.028020187867428804,0.013427898957761865,-0.2657693088103729,-0.46751414474568975,-0.2959296859090638,0.5441479180571046,-0.5095712578872953,-0.6694857685417982,-0.7132444140319704,-0.40569175338992586,-0.6042171367669112,-0.3110223695694904,-0.279670577881955,-0.7111499121773741,-0.7845924125811977,0.27957730545022796,-0.4625594508898979,-0.15826674415869688,0.007217328626615569,-0.6530295799612159,-0.9031357668528781,-1.3157342637101332,0.4085765457589612,0.11457356792738861,-0.5922720976080065,-0.5172492054534985,-0.5672590714005026,0.022559522873725278,-0.40788813165723503,-0.7272764259157298,-0.5427802112170063,-0.23120674155608611,-0.6675111786074066,-0.5760748910622797,0.20817962028046305,-0.6538912810045964,0.7456841577191021,0.15672081433169097,-0.002215427598958162,-0.5274982474786936,0.660273210504468,-0.06564093098531582,-0.5226536101517423,1,19,train
-0.043090025145466775,0.42685043569097814,-0.012138878344940571,0.47985966858056417,0.6309411143412315,0.7971089937573377,0.9686568535614862,1.0402452978991918,1.1458362230682264,0.7527728935067167,0.1929383462706413,0.11245038054478732,-0.5748259128685757,0.24904276600328862,-0.02338410162121721,-0.2633715663389992,-0.1742525116827984,-0.20208691148245042,-0.18336460770894722,-0.39964487565173085,-0.473349090783392,-0.319314689900297,0.8980257908054745,0.1357017341826142,0.13605595680743754,0.10308373526532415,-0.4345156132493561,-0.4003221850819467,0.9514767966927186,0.15161102777842894,0.03416202216598041,-0.3536571113225142,0.22067950450508544,0.21690731655423065,-0.35396130647826407,-0.35285280571786654,0.16575493108309292,-0.06748640292147223,-0.36011596578453975,0.10993377074633313,0.8665074246467283,-0.558091275476119,-0.3159280352718748,-0.3303597301376435,-0.5839401842723216,0.07905790619772277,0.38261533399642234,-0.30912804467519023,-0.5822660002389749,-0.01653548491780112,0.22265047369530166,-0.3266127919825419,-0.12901484038229702,-0.20931793322322537,0.27057041250024666,1,19,train
-0.20950205745381403,0.3058028995271758,1.2375058695347567,-0.9757798114031839,-0.04985824856869623,-0.5232085356703272,-1.230303983757744,-1.3161845409196693,-1.177304089031791,-1.017310780202589,0.12580894598669556,0.25695698143432216,-0.03090461897142878,0.3317586235831012,-0.675515730487279,0.20137855896984944,-0.5899828569558719,-0.4395252663359452,0.1995736338047657,0.07167721726292003,-0.6808261271064868,-1.134138322152463,0.4669844962463524,0.022061392000061263,-0.4063681884539604,0.4223910479879509,-0.5512078796933033,-0.18987710467913074,0.5023123415782403,-0.6528793416737246,-0.6798723566271879,-0.7829459342761241,0.14236485144878136,-0.5016938639360204,-1.6461661698503285,-1.3120930159811728,0.045433180497204115,0.15497691876103536,-0.08894680934182486,0.4261453344757711,0.5894649124067363,-0.4886819829880735,0.05184746209371706,-0.08247725868375001,-0.7378867527843204,-0.6552184504628169,0.496201380137047,0.16137237196258752,-0.4877676743917709,0.4871165477842107,0.36997640902602363,-1.3477805240879797,-1.377100871587477,-0.707056119547412,0.31773508411739193,1,19,train
2.4589811508888872,0.47403845826330787,0.23604840607715957,1.4179030533840955,1.0768167534301278,-0.5611123881897817,1.4201545159768414,1.6553559788085292,1.9626407572115752,2.1326607573865215,-0.3492606560227668,1.3192757771627945,-0.14875423264914395,0.8029883576741548,0.715313672669543,3.2461433986100636,0.09445124806687105,1.2395031001280536,1.6745950085242525,3.399714896240417,-0.006525759056428552,0.14712145294369908,-0.7066427909195739,1.7776087470960515,0.08458505251256039,2.934275241405948,1.6507244523359612,0.41447799801613566,-0.8909292553046316,0.34230504127819866,0.8357666549620845,0.9737491175472007,2.977355292086989,1.3004231590121873,0.0021940975606794515,0.033282024684735546,-0.6524329729009509,1.499429167190103,2.641575946504957,-0.8428615989121048,-0.8927125280772211,0.4223149809175235,1.815107556939966,3.5564374222594064,0.11101861072470114,0.27251994028792487,-1.0412668872664084,1.6296581549184113,-0.12966875539184003,-1.2776801748036386,1.6959098270025212,-0.16590442758562052,0.0731673204359876,0.05751078521860666,2.1957465539637226,1,19,train
-0.8147705997434666,-0.8595360926938368,-0.4417496162919678,-0.513924834165452,-0.6419619198319081,-0.5437397891183651,-0.3891805608135822,-0.4266950431615604,-0.40238696689579345,0.6047675863300095,0.49243874753747624,-0.36403084400989516,-0.008241231725714324,-0.08683374659352612,-0.4331305232981233,-0.20256313872849566,-0.5950527392152997,-0.5186713846204435,-0.903146672776389,-0.02186762560563664,-0.2529047396901037,-0.3049185126520255,0.09995923553264455,-0.6989669859857919,0.44884068290707574,-0.5940705641790777,-0.29752903959776594,-0.5945791823768537,0.0032407247843757444,-0.27149131467418514,-0.2959104736912389,-0.09947293983682413,-0.7895795199212372,-0.9395914582972673,-0.24437502831243532,-0.3284653427450706,0.24998015649321506,-0.3866729079442005,-0.19440148129176954,0.07248766451521547,0.12311001680274972,-0.007155016352257945,-0.054704317516874976,-0.8162093741872747,-0.17488215936901075,-0.6068529419402664,-0.18531489670670098,-0.41052899653678027,-0.30871821489180545,0.5918761705862292,-0.40930024890753197,0.008196300511044308,-0.04736435235952824,-0.06564093098531582,-0.6427091379044758,1,19,train
-1.38027697502139,-1.2062654759426943,-1.688491588915266,-0.9710020012938281,-1.375499261558802,0.9202965144455647,-1.03465499671109,-0.9682793744578283,-0.5425486916896225,-0.8110003520168759,-0.819166458010387,0.29601281951257485,0.6172682562560047,0.3442913292770122,0.14397711286653317,0.6487548478185543,0.25161759810913054,0.17668379745050558,0.16057066476170234,0.11125388155346323,1.2350946301895922,0.6625045984318182,-0.45911412671730584,-0.20913792485409816,-1.2615770598149965,-0.024639189823726565,0.7780692424073125,0.40368594261086305,-0.11320931913419266,0.19928453115337136,0.05437054232050404,0.45973223743169406,-0.17089376077643495,0.4133998268445337,0.9017147975051908,0.9925222349480417,-1.0314464872465006,0.29522553460435536,0.5965085583328156,-0.9343965252548369,-0.8234519000172231,0.7520091202357395,0.8423929237206902,0.5554069678576026,0.03624456316173033,0.14061400795369616,-0.7694717054299135,-0.08604595057969215,1.1087566728162541,-0.9190799275198063,-0.11077137994791118,0.9590541231928291,0.3414474953679422,-0.10669150305328996,0.09906251571062742,1,19,train
-0.5761975976730925,1.0013133191802097,0.5103606678068492,1.3669397455509664,1.1918814344853268,-0.6621893282416603,1.2562775866557125,1.3182107659486009,1.2263889384669786,0.8962931913750387,-0.4267176563503965,0.8896615583020153,0.05068357511314326,0.59243890201645,0.8538195053490606,-0.9539815656297181,0.7687455885707586,0.4197754464671788,0.5860575997769389,-0.910543632856925,-0.6548914975661,0.07801980215199596,-0.6554299638432426,0.6216121628252543,-0.32322288151608186,0.5873664928946414,-0.5562814564952141,0.7652197986874956,-0.8368631634852963,0.9203462696993756,0.8627113485014493,0.8155900775116602,0.43996053306273686,0.4526983289025943,0.563823773160552,0.4763209353571948,-0.6524329729009509,0.9287623854828009,-0.9777790443485015,-0.734683958688876,-0.9942947825652182,-0.6361767295251701,-0.9174300169445717,-0.674090090553709,0.5288735824001262,0.14940773677597807,-0.590979347208932,0.6278167505259017,0.0742486845942317,0.6361975494640063,0.645243288196583,0.21242984693213188,0.21313958561787696,0.45775386288135467,0.7765187080296234,1,19,train
0.09386855011715532,0.08012105244212056,0.24911089473095432,-0.009069565943517485,-0.12177367422819564,-0.42371092280675915,-0.03467128513930325,0.05032956652323193,-0.05923239929710854,0.15327664928591295,0.1413003460522215,-0.6022714562872364,-0.3708554276571456,-0.5329980692967576,-0.6928289595722187,-0.5022618176659776,-0.5950527392152997,-0.9483217410220055,-0.36774227954888306,-0.3384809399299823,-0.554394808097101,-0.1494397983706935,-0.09635660159329223,-1.0007016876429151,-0.03419395739869463,-0.7750113747218995,-0.2264989643710155,-0.6755195979163984,-0.06746108759475508,-0.6171242141425177,-0.9493192920208364,-0.754703248555492,-0.48023664034883606,-0.5522205094392413,0.13004475542081304,-0.17401141058402977,-0.10496900773515687,-0.7203678904679619,-0.28102496182208125,0.1432191985073266,-0.07081974176524472,-0.419272690500028,-0.37092250216766426,-0.2378169407948566,-0.4871737697790653,-0.38700972138321865,-0.2339946307669687,-0.5078739103239067,-0.5524244236556473,0.23327592330239674,-0.7465991008489217,-0.15586015481081292,-0.06680494474590176,-0.5325911882585218,-0.7713400604966902,1,19,train
-0.7514456670951574,-1.4750320392894418,-1.2153392221222565,-1.4742646661459773,-1.7854171878179486,-0.6653479826182815,-1.932633680848297,-1.8703221514181685,-1.6590093271163295,-1.2191361990799168,0.8177581489135212,1.5418940542088349,0.7305851924845769,0.7603771583148573,1.4482403705986568,0.7269371118892017,1.1641964048061213,1.3299558067389088,0.866169831995303,0.7444805102021544,0.22688590680705317,0.8208625481628046,1.0644674788035513,1.2877796859643578,0.7735033099978396,1.316451523611306,0.4229188662735602,1.2562583196273995,0.7060999184357352,1.3553669879957253,1.5363286869855703,1.1319081575827412,0.9490057779287134,1.2555105852315467,1.3994191441749966,1.199815670216807,1.05613588541867,1.5864800321963015,0.7998854256648518,0.7548389336155816,0.908063801482727,0.3615818499904837,0.6258522103185193,0.35049079145571727,0.937931607303437,0.7913499408025578,0.613844070782694,1.1591577382806335,1.0440999235523778,0.6402267657256224,1.153130065257756,0.8653075772946249,1.3406939440275412,1.1556135880369154,1.2395900293615953,1,19,train
-0.02983596947489044,0.06781113351020845,0.1649304122953882,0.3795256562840914,0.49669898644349925,0.7465705237313983,0.4368929400500678,0.6241937586252376,0.6915189082192632,0.35809207436883095,0.22908494642353516,-0.29763591927686567,-0.76973104318172,0.028467145790455062,-0.5196966687228217,-0.27640194368410714,-0.48351532950788967,-0.03248808658709698,-0.5131169823457555,-0.12980398276166355,-0.8202247608860662,-0.2156622137127423,0.4541812894772696,-0.3893950193505614,0.27067216804019323,-0.18429284618503997,-0.7541509517697332,-0.7078957641322162,0.40249801821946746,-0.5456139590801041,-0.18139552614893834,-0.38189979704314647,-0.5781299566692162,-0.09748069991025421,-0.1621853196880637,-0.13336563896270323,0.4785914826064037,-0.5172492054534985,-0.4015445869077323,0.07248766451521547,0.3770656530227424,-0.4453011751830451,-0.39841973561555893,-0.49230961148752056,-0.6455188116771211,-0.3210567552161043,0.16355653072521764,-0.199615016664673,-0.20427269685015895,0.06001962405290468,-0.0409854105807271,-0.3165685192077343,-0.28453957947328523,-0.5018032592075412,-0.475488938534597,0,19,train
1.1689197322861244,0.16834213812082396,0.3957010451790954,-0.21770060738538946,0.6309411143412315,-0.4584561209495924,0.12418900348832175,0.28525522016499055,0.512691880034033,-0.05751878820818509,-0.008449854581195971,-0.5397821153620321,-0.4343129119451461,-0.04672908837301092,-0.49084128691458895,-0.15912854757813596,-0.4125369778759015,-0.27557973560377025,-0.5166627068042159,0.13284115298466861,-0.04542770336700884,-0.3106769835513341,-0.17744357779748354,-0.6088384387375602,-0.05399045905057046,-0.6898627579958657,0.1692400261780228,-0.4866586283241276,-0.20470578221306784,-0.49794045570516166,-0.4710509816971104,-0.5457073742228135,-0.6838547382952267,-0.6476597287231027,-0.2078462689238257,-0.15775310193549916,-0.21325858326245678,-1.0879159871608006,-0.11907671561323763,0.014238165933476911,-0.16778462104924194,-0.23273521693840576,-0.45685135669233523,-0.24112204041424184,-0.3640165149694663,-0.4221846366723463,-0.22182469725190176,-0.7593482709406499,-0.14956313978072508,-0.3308143533238565,-0.2115733357005104,-0.4304036106555536,-0.24565839470053816,-0.4607526871395671,-0.6941615069413616,0,19,train
1.6681558292111662,0.22168512015910974,0.5190689935760457,-0.3116642062027211,-0.0019146314623632896,0.9455657494585343,-0.6283071005372703,-0.6149942311950309,-0.938868051451484,-0.7497052248022801,0.05867954570274979,-0.4108978497037984,-0.38445346000457425,0.013427898957761865,-0.3869619124049508,-0.980042320319934,-0.42267674239475694,-0.6882702095157969,-0.21882185229355028,-1.3207017900498272,0.07776178694982873,-0.6619437084091583,-0.3182788522573947,-0.38547638686150787,0.5161487885234537,-0.15236211491277726,-0.17068961954999726,-0.5945791823768537,-0.6039630756481594,-0.5813690866113109,-0.363272207539651,-0.325414425601882,-0.14348363220672852,-0.1929199191941157,-0.6872862358993266,-0.8040208707145912,-0.17114597055739572,-0.44470681794833294,-0.9212854700896025,-0.31861611167645776,-0.3848012556372357,-0.037521581815777846,-0.7249493828093088,-1.0806173437380944,-0.7026989656958634,-0.452962687550333,-0.5057898126034635,-0.1915029405157458,-0.3136918109890267,1.433982369263993,0.08695553325911039,-0.6178967024519618,-0.8055474554280956,-0.7327127270898959,-0.12389775011587759,0,19,train
0.8684944704197275,-0.3691909885726713,-0.31257611738221974,0.9974557637607809,-0.4909395259469593,-0.5184705541053953,0.18606090537487044,0.05570954332418823,-0.17039514654738674,0.4791873256952277,0.270395346598271,-0.2351465783516614,-0.3799207825554314,-0.1394711105079523,-0.8313347922517362,-0.17650238403827984,-0.8536167344461135,-0.8974420935533994,-0.2400961990443121,-0.29170851849570395,-0.6678588123362934,-0.34234857349753134,0.014604523738758987,-0.706804250963899,0.17564896011118922,-0.3120157712740907,-0.45988349725890987,-0.5406189053504907,-0.2546129438924543,-0.5456139590801041,-0.9425831186359952,-0.7660003228437449,-0.6956019362536723,-0.41748278809731915,-0.40875444556117846,-0.40569230882559104,-0.10496900773515687,-0.7155317313009509,0.1332612494098443,-0.4392757873100591,-0.14008036982524272,-0.501696225329582,0.20651940023812485,0.1389644158150615,-0.5091661367093508,-0.28588183992697663,-0.16097502967656713,-0.6741714713769144,-0.5176092509750985,-0.4033402460329462,-0.3821612608202937,-0.5274982474786936,-0.21455344688234051,-0.4915406161905477,-0.33399492368316114,0,19,train
0.23229979823206368,0.06986278666552714,-0.7291243666754522,0.8127137728656881,0.8466873913197297,2.3685395461263887,1.2462443052687047,1.4132570227654957,1.445492324351585,1.4449593301008117,0.270395346598271,0.6475153622168488,-0.46604165408914633,0.6751547595962626,0.5190970763735598,-0.06791590616238062,-0.1742525116827984,0.5893742713625323,0.2775795718908924,0.014111160113039003,-0.6386823541033582,-0.8980410152808106,2.6776715317079884,1.1780579762708583,-1.4595420763337548,1.8220214354221316,-0.28738188599394443,-0.28160957562394795,2.9103328926086367,-0.5992466503769144,0.5191665058745476,-0.020393419819053883,1.305337449334897,0.626734552302577,-1.2763124810406563,-1.0926058492260096,1.9405007522249524,0.48867190128479676,-0.01738828194721954,1.333173240962843,2.828891886346672,-0.5537531946956161,-0.013458467345032898,-0.09239255754190576,-0.26285162709015286,-0.3210567552161043,2.719242568889273,0.48179937984521204,-0.8806817660722505,0.5153210616155234,1.1298680754686947,-0.7317317938997812,-1.0310583271100284,-0.13747943210427058,1.415385623570955,0,19,train
-0.2065567117492415,-0.4081723985237263,0.02849997524464308,-0.7990008373570175,-0.46696771739379284,-0.520049881293706,-1.267092682176773,-1.301837936117119,-1.1563603830281153,-1.0307658081277442,0.15679174611774743,0.05777220723523359,-0.5068357511314323,0.05102601603949486,-0.30616684334189886,-0.1808458431533158,-0.40746709561647376,0.029698149207865936,0.24212232730628935,-0.2269467042020878,-0.6840679557990352,-0.23581686186032239,0.6462293910135122,-0.04455536031384908,0.22316056407569124,0.4809307219870992,-0.196057503559551,-0.7186878195374888,0.481517690878496,-0.3906750731115412,-0.4104254212335395,-0.1333641627015828,0.17369071267130298,-0.06941034129735378,-0.19871407907667332,-0.015492901260856295,0.6831384586024146,0.20817466959815675,-0.11154423904538444,0.5135195823483789,0.7279861685267323,-0.2978064286459484,0.01403876610286182,-0.019680365915430327,-0.1264989521223826,-0.008879382025096368,0.4596915795918462,0.12081199121795151,-0.5922131924334174,0.4226490875983532,0.28080544816795505,-0.33665706475734947,-0.4439524370415481,-0.4043081505461026,0.2791458073397276,0,19,train
0.11154062434459043,-0.416379011145001,-0.34305525757440747,0.07215320591553191,-0.4981310685129092,-0.3636964896509562,0.00044519971522437876,-0.0769965510994006,-0.21872677578663816,0.29679694715423505,0.3065419467511649,-0.8522288199880534,-0.7244042686902911,-0.5279849870191933,-0.9582984722079607,-0.3068061574893589,-0.5291442698427392,-0.5299779729468004,-0.44220249317654947,-0.5795388042451092,-0.5090092064014239,-0.12064744387415051,-0.06648245246543229,-1.071237072445879,0.21128266308456572,-0.7696895861765224,-0.4446627668531776,-0.5190347945399455,-0.17143434109347688,-0.31320563012725977,-0.6798723566271879,-0.4835734656374225,-0.9462088260338454,-0.3220435688134577,-0.011504187210049147,-0.2837549939616114,0.2259158063760373,-0.8074187554741605,-0.4957005440058972,-0.11058218817024859,0.03537988792675223,-0.15898784366985744,-0.3399881145387827,-0.4890045118681353,-0.6763081253795208,-0.21113514493758037,-0.10418200660625478,-0.38619276808999864,-0.5573980197528685,0.09628257040744953,-0.7233371110598603,-0.26634715533369635,-0.366190067496054,-0.29141907735917366,-0.4154611746582303,0,19,train
1.014289082796067,0.35093926894418687,0.30281223697433274,-0.1253296119378431,0.4990961672988159,-0.43318688593662275,0.13255007131082833,0.39106143058379783,0.41119545863160506,1.627349708641804,-0.044596454734089845,-0.4187090173194489,-0.30286526592000224,0.08862413312122785,-0.32925114878848516,-0.0288247741270569,-0.2705802746119252,-0.2529665589510564,-0.7825920411887387,0.03210055297237682,-0.0940551337552342,0.15863839474231628,0.02313999491814754,-0.5696521138470247,-0.07774626103282146,-0.11510959509513749,0.05762133653598637,-0.3247777972450384,-0.10073252871434606,-0.3430015697365988,-0.45757863492742795,-0.641732505672963,0.2715840289916831,0.4414701854574341,0.03415676202571285,-0.2593675309888155,0.23794798143462617,-0.9089780979813923,-0.45803816116663126,0.288842944961673,-0.16316724584524206,-0.21538289381639442,-0.3434252687197695,0.8760016309379716,-0.4123997222160945,0.05267671973087702,-0.5341863241386196,-0.7228439282704775,-0.19432550465571644,-0.29455140696931165,0.06757054176822593,-0.3567456103069646,-0.31953264576875756,-0.6454802614454508,-0.17963781657250383,0,19,train
2.2763697172053914,1.9204539327629804,1.5989013889564117,2.8926537738052667,1.4843374988339577,-0.7995907936246829,2.212783745550465,1.9530480284614447,1.0491729645897236,0.8708781386275234,-1.2787446599543233,3.4595357038510404,1.7096435214994414,1.234113433544693,1.9387818613386147,3.4893771090520778,2.8980961375304033,1.0868641577222355,1.3058396648443809,1.7842674174718804,2.2076432379540996,0.8179833127131503,-1.581528586806901,1.3975013956578572,-1.0002632380102354,1.1780850214315008,2.158082132527036,1.8660094500253022,-0.9158828361443249,2.8987966597594865,1.8461926626882659,2.7360927065146523,0.41255040449303043,0.9635788556573821,2.5911699192283844,2.866292306691195,-0.7065777606646009,3.9561980240317087,3.703655142572257,-1.928798679614517,-1.4329454269452055,2.6564265828764873,3.959891765875754,1.1701554970632584,3.2031454011228466,1.068352398704438,-0.526073035128575,1.917636858205327,1.257964555732892,-1.3461768512511123,0.8158312133163663,2.92438349613018,1.2162741527547507,1.2377147321728637,1.3639332545340692,0,19,train
0.5268343686893154,0.051397908267658984,-0.14856931539568569,-0.02021778953201446,0.012468453669536592,0.5238853901796032,-0.12831524475137693,-0.14872957511215132,-0.14139616900383592,0.0590914538098266,0.017369145528013937,-0.6217993753263628,-0.8422538823680062,-0.3650598129983503,-0.358106530596718,-0.6108482955418767,-0.5342141521021669,-0.5695510320890494,-0.459931115468851,-0.34207881850184985,-0.48955823424613376,-0.16959444651827357,0.04874640845631321,-0.6832924560295777,-0.05794975938094563,-0.6366448725420946,-0.277234732390123,-0.9561130384534863,-0.04666643689501072,-0.5277363953145007,-0.4306339413880631,-0.46662785420504316,-0.5898771546276618,-0.5802908680521417,-0.4407171100262119,-0.37724026869066246,-0.0327759573836236,-0.6526616621298075,-0.22829762584710891,-0.1605103298117388,0.03537988792675223,-0.419272690500028,-0.07876439678378286,-0.27417303660809433,-0.6587142318352924,-0.10121353465905646,0.11082015215992763,-0.3131840827496538,-0.45295250171122203,0.08822413788421735,-0.700075121270799,-0.26634715533369635,-0.3739663044506034,-0.5685104388179992,-0.6641476250031781,0,19,train
-0.9001856251760696,0.44326366093352765,-0.4896454080225485,0.3588218124768828,0.4080032947967833,0.7718397587443679,0.8817017482074178,1.063558530703336,1.1973899609234278,0.8634031231135483,0.17228314618327337,-0.2781080002377393,-0.352724717860574,0.2716016362523284,-0.3638776069583645,-1.2927713766025237,-0.14383321812623204,0.06361791418693662,-0.20463895445970906,-1.2127654328938005,-0.34691777177400607,-0.3221939253499513,0.6334261842444293,0.48837865819743365,-0.24007757457820333,0.5022178761686076,-0.6932680301468043,-0.18987710467913074,0.7684838705349682,0.014549705575469446,-0.2757019535367153,-0.4835734656374225,0.2676682963388679,0.09901181038004883,-0.7740420394472743,-0.7146001731476728,0.12364231837803183,-0.4205260221132778,-1.0606362865948866,0.2846822664915488,0.843420548626729,-0.9832231919653975,-0.36404819380569053,-1.0905326425962503,-0.31123483433678106,-0.08802294142563359,0.3420488889461992,-0.19555897859020938,-0.5922131924334174,-0.4516908411723394,0.5521953290403376,-0.4103150651059384,-0.6539108348143822,-0.05537828796832227,0.5021060731662326,0,19,train
0.08797785870801028,-0.143509141487616,0.4102149214610895,0.0817088261342436,-0.13615675936009553,-0.4079176509236531,-0.08985433276784667,-0.11106973750545719,-0.526438148609872,-0.5942249021115978,0.3220333468166908,-0.5632156182089838,-0.7062735588937196,-0.2898635788348843,-0.8717323267832622,-0.23296735253374742,-0.8384070876678303,-0.5412845612731573,-0.5060255334288349,-0.25213185420516077,-0.5381856646343591,-0.26172998090721106,-0.015269625389100958,-0.8635495505260409,-0.12525786499732347,-0.892090722720196,-0.6526794157315182,-0.562203016161036,0.07394253716350656,-0.670756905439328,-0.6798723566271879,-0.9411049743116646,-0.5115625015713577,-0.41748278809731915,-0.2489411232360115,-0.35285280571786654,-0.06887248255939024,-0.9476673713174806,-0.043751949934705714,0.08913037839571221,-0.015411239317246311,-0.4409630944025422,-0.2987422643669406,-0.17832514764592217,-0.19687452629929628,-0.1979445517041575,-0.1528617406665225,-0.7552922328661863,-0.27887663830847786,0.1285163005003783,-0.7388451042525679,-0.4906692473043991,-0.40507125226880103,-0.373520221495122,-0.8356555217927975,0,19,train
2.196845383181933,2.0168816310629585,2.5161783699784426,1.1073453962759654,2.292187447075668,-0.7585282867286072,1.8867021004727085,1.9925011916684576,1.7934800548741952,2.0130605091629197,-1.4388224606314248,1.1708635924654345,2.8836069808274503,1.0411097658584638,2.7121060937992545,3.428568681441574,2.715580376191005,2.517147581006383,1.1391906152967464,2.856435231888415,3.5886622609797,3.173197910530365,-1.32119671583555,2.2478446457824774,-1.4832978783160058,3.445166941762151,3.086546687276703,2.427196331099478,-1.2818686884598256,2.9762661027437676,3.2136358598110317,1.24487890046527,2.5583718982357624,3.1923653295216767,4.216699712021511,3.886501174386491,-1.3984278265334613,1.4365590980189595,3.1952129742421667,-0.526650035182667,-1.479119178985204,2.417832139948831,1.3442174341447688,2.93507869381498,0.9159392403731516,2.576476891725786,-1.4023082482133937,1.102373205238143,3.8691025067740545,-1.2817093910652548,1.84711276063142,1.5817990352308995,3.619131371710518,2.361474142533656,2.9889705766157113,0,19,train
-0.6601399502534093,1.1716005310716606,-0.3445066452026069,1.8845358407311832,1.340506647514959,-0.6811412545013875,1.853257829182682,1.9333214468579383,1.6098198637650398,1.3731991811666506,-0.6281058572022338,1.912924515952235,-0.602021977563433,1.0335901424421172,1.7021677305111056,-1.4143882318235308,1.3365724016266638,1.2903827475966596,1.2242880022997937,-1.2019717971781978,-0.40202885954732814,-0.5438950549733321,-0.9413682483527592,1.8873304567895508,0.12417805581631207,2.077467285600233,-1.3020972463760938,0.878536380442858,-0.8534988840450918,1.6235304444797762,1.6777883280672357,1.5668455176804776,1.3131689146405274,0.9635788556573821,-1.0708382094797273,-0.946281071389234,-0.6043042726665954,2.350593180584045,-1.4071302087161335,-1.1881979119324122,-0.9989121577692182,-0.974547030404392,-1.2886426684911505,-1.2029060296553487,0.9335331339173799,0.6418565508237652,-0.749188482904802,2.0433740385136985,-0.6668171338917362,0.5918761705862292,1.5175679052863842,-0.832174521647857,-0.9571840760418091,1.2223207676473733,1.7283875352120102,0,19,train
1.6490110821314448,0.6586872422419895,0.5045551172940516,-0.3642201174056354,0.31691042229475075,-0.5153118997287741,-0.4510524627001309,-0.5360879047810052,-0.798706326657655,-0.8468804264839564,-0.24082085556408517,-0.10235672888560234,-0.14422155520000104,-0.01163751243006013,-0.8428769449750294,-1.0365072888154017,-0.5088647408050283,-0.6204306795576555,-0.40319952413348614,-1.2127654328938005,0.1328728747231508,-0.532378113174715,0.30907827942766414,-0.6950483534967383,-0.0737869607024463,-0.008673824187595228,0.10328352775318309,-0.19527313238176705,0.5688552238174224,-0.6945936571267992,-0.7472340904756,-0.958050585744044,-0.049506048539163634,-0.5634486528844014,-0.5229068186505834,-0.33252991990720326,0.2259158063760373,-0.48823225045143226,-0.7744021770164653,0.2638788741409279,0.35859615220674296,0.14467781096534155,-0.8624355500487824,-1.3384151140501437,-0.7114959124679777,-0.6728059081073807,0.3542188224612662,-0.5078739103239067,-0.09982717880851245,-0.6450932217299118,-0.31237529145310966,-0.299828064583055,-0.7005682565416785,-0.886652372344799,-0.2053640010909467,0,19,train
0.24997187245949878,1.1880137563142101,0.4900412410120574,1.010196590719063,1.3213292006724258,-0.5516364250599181,0.7730078665148323,0.8268395514612584,0.8042927097775164,-0.2159891171044574,-0.3492606560227668,0.26086256524214746,-0.09889478070857215,0.16382036728469385,0.3863623200556889,-0.15912854757813596,0.4037140658919623,0.6798269779733874,-0.6194887160995647,-0.014671868461901511,-0.28856485530813564,-0.29052233540375405,-0.3780271505131146,-0.04847399280290263,-0.2440368749085785,-0.7643677976311453,-0.033703045898407086,0.6195270507163153,-0.3045201055718408,0.42573367218434793,0.12173227616891615,0.6348368888996139,-0.44499504647349925,-0.3781842860392586,0.12547866049723683,0.033282024684735546,-0.5922720976080065,-0.009452492917339812,-0.07388185620611848,-0.734683958688876,-0.4402097580852341,-0.28045410552393707,-0.034081392430953934,-0.3270546305182583,0.4101148009765843,-0.4881376028394606,0.4475216460767793,0.17354048618597834,-0.06501200612796362,-0.14144118902790007,0.1412335094335869,-0.10229070001183914,0.18981087475422873,0.41157196930488377,-0.6255583482255138,0,19,train
1.6151396065288608,1.0464496885972208,0.7890270924211371,1.6599787655914584,1.318932019817109,-0.5247878628586378,1.0957450844635863,1.2464777419358501,1.5083234423626117,1.1055936257663417,-0.6074506571148659,0.9990179049211227,0.24105602797714468,0.517242667852984,0.8134219708175346,1.382799438259633,0.7180467659764813,1.0190246277640942,0.9051728010383664,1.589981974591032,0.35007539712389074,0.34866793441949984,-0.5402011029214971,0.790113359854557,-0.21632177259595234,0.8747430743450055,1.1839553865601722,0.45764621963722607,-0.6039630756481594,0.5389582426998362,0.788613441268196,1.216636214744638,0.9059327187477462,0.7165596998638584,0.6277491020906188,0.5169667069785213,-0.45991817196352885,1.257621208839551,1.2292365900324838,-0.6556310677565166,-0.58334838940923,0.8995038667728362,1.550446685003979,0.9189679259899798,0.7663911452472099,0.3692509573330259,-0.6356024367641773,1.4998649365355758,0.2582717401914184,-0.4879537875268842,0.8894941809817274,0.5070618483264877,0.6524969735499185,0.5552489715427933,0.7079155493137756,0,19,train
1.092340743967239,0.0103648451612853,0.5364856451144387,-0.08551452769321104,-0.4813508025256927,2.191654901035601,-0.6834901481658138,-0.8337799544339207,-0.9920328436146605,-1.0756159012115947,-0.12721725508356155,-0.34450292497076884,-0.23487510418285887,0.22147081347668443,-0.6582025014023394,-0.6455959684621644,-0.3821176843193351,-0.2529665589510564,-0.28973634146275634,-0.8673690899945142,0.08100361564237708,-0.6504267666105411,-0.8048007094825423,-0.1425211725401878,1.1535961417138556,0.03922227272079879,-0.5106192652780174,-0.5136387668373091,-1.5521991475565022,-0.8852876706265689,-0.6327191429332994,-0.4835734656374225,0.0875445943093685,-0.058182197852193605,-0.6598896663578694,-0.734923058958336,-0.6704812354888342,-0.47372377295039914,-0.48440182915411745,-0.2145991499233532,-1.2205461675612117,-0.31515875176795977,-0.23343633492819063,-1.196295830416578,-0.39040735528580894,-0.35183480609409096,-2.018918212976785,-0.5038178722494431,-0.6518963456000725,1.8852545905649956,0.13735651113541,-0.2964799736581191,-0.6850157826325798,-0.7532380131238829,-0.10245926301717519,0,19,train
0.4811815102684414,0.5622595439420113,0.575673111075823,0.4591558247733555,0.3984145713755167,-0.4947806462807363,0.13923892556883358,0.05929619452482577,-0.1993941240909376,-0.7676452620358203,-0.15820005521461344,-0.43823693635857525,-0.29833258847085936,-0.11941878139769471,-0.5716363559776408,-0.3719580442148984,-0.5798430924370165,-0.6882702095157969,-0.7223147253949136,-0.4823960828046849,-0.4247216603951666,-0.6417890602615782,-0.31401111666770043,-0.6441061311390421,-0.20048457127445166,-0.7696895861765224,-0.09458596752133605,-0.6431434317005805,-0.14232183011383476,-0.42643020064274806,-0.5586212357000461,-0.6473810428170894,-0.5311411648354337,-0.8834507410714665,-0.3265647369368069,-0.22685091369175428,0.03941709296790968,-0.580119274624642,-0.20193395785962273,-0.3519015394374512,-0.21857574829324047,-0.23707329771890862,-0.3056165727289143,-0.551801404636455,-0.24525773354592445,-0.7167745522187903,0.26497264335077536,-0.7877405374618952,-0.3136918109890267,-0.12935354024305176,-0.3511452744348786,-0.1592082457357488,-0.4011831337915263,-0.45049004412257354,-0.8656694037309808,0,19,train
0.7374265865662505,0.01651980462724135,0.4261801853712831,0.06259758569682021,-0.5436775047639255,-0.444242176254797,-0.4360025406196191,-0.5414678815819615,-0.4491075418270698,0.4702173070784576,0.17228314618327337,-0.317163838315992,-0.15781958754742972,-0.3625532718595681,-0.6004917377858737,-0.5066052767810134,-0.8029179118518363,-0.3829923247041607,-0.541482778013438,-0.3564703327893201,-0.36961057262184455,0.03483127040718151,0.20665262527500147,-0.985027157686701,0.08854435284293556,-0.8495164143571791,-0.7287830677601794,-0.9075487891297596,0.1862336509421261,-0.46814451609582264,-0.4643148083122692,-0.47792492849329604,-0.7543379260459003,-0.5859049397747218,-0.5731338628099216,-0.6780189786884788,0.4304627823720482,-0.6381531846287744,-0.3149211063774206,-0.048172011118385843,0.19237064486274771,-0.38456804425600527,-0.3502995770817432,0.06294712456920083,-0.43439208914638,-0.20673828052643942,-0.2948442983423033,-0.7715163851640408,-0.7613154597389402,-0.04876921501072988,-0.4519472301874778,-0.19938533683497914,-0.39340689683697694,-0.3427322924441414,-0.8399432192125379,0,19,train
0.6579022525427924,0.3735074536526924,1.4218320983160826,-0.8945570395441345,0.10595850702688582,2.2800972235809946,-0.9142556200669953,-0.9108929552476277,-0.6698219820196512,-1.1862461308184264,0.7454649486077334,0.09292246150566098,-0.0671660385645719,0.27410817739111065,-0.4446726760214164,-0.36761458509986245,-0.7724986182952699,-0.33776597139873316,0.31303681647549547,-0.4392215399422741,0.2787551658878269,-1.260824681937252,-1.1718259701962503,-0.236568352277473,2.8481766831144273,0.3638513739888027,-0.11488027472897905,0.004379892615776315,-1.0198560896430466,-0.7065120329705348,-0.8752213847875832,-0.5683015227993192,0.017061406558694835,-0.9957321755230683,-1.2123871521105896,-1.157639083820132,0.4304627823720482,0.1888300329301126,-0.4128433017595121,-1.6874793283473142,-1.345215298069208,-0.1329593589868404,-0.5805889072078615,-0.7434971825607993,-0.7202928592400919,-0.7607431963301998,-2.5138288425895063,-0.008981227164883721,-0.3684013680584606,1.3171350976771263,-0.037108412282550206,-1.267426341889519,-1.0193939716782043,-0.6865308335134249,0.01759626473555828,0,19,train
-0.39653150969416895,0.0883276650633953,0.7425826883187558,0.17885763169114582,0.04842616649928629,-0.5658503697547135,0.5271924725331388,0.6654402474325694,0.9428433802633704,0.3685570960883961,0.05867954570274979,-0.49291510966812896,-0.3436593629622883,0.005908275541415266,-0.6062628141475203,-0.7628693645681356,-0.3618381552816242,-0.5017115021309081,-0.3961080752165655,-0.4787982042328173,-0.7326953861872605,-0.09185508937760754,-0.019537360978795236,0.010305494532900614,-0.49347279572221403,-0.5036001589076667,-0.4700306508627314,-0.810420290482306,-0.4500826604700513,-0.5873282745331787,-0.6259829695484582,-0.8168371571408828,-0.4254163832094232,-0.535378294271501,0.381179976217504,0.1592839167108478,-0.09895292020586244,-0.44470681794833294,-0.7518047473129057,-0.08145743887937931,-0.10314136819324378,-0.30214450942645127,-0.40185688979654577,-0.4063770213835042,-0.24965620693198157,-0.5892654842957026,-0.10418200660625478,-0.280735778153945,-0.1595103319751676,0.3742984924589601,0.14898750602994068,-0.2897837918082474,0.4775316420725569,-0.29655039886767043,-0.5398043998307043,0,19,train
-0.8736775138349169,0.6689455080185829,0.16928457517998646,0.9942705570212104,0.18506547525233516,2.180599610717427,0.5723422387746744,0.5865339210185435,0.511080825726058,0.7094178035256611,1.1120947501585141,0.08120571008218519,-0.3164632982674309,0.27410817739111065,-0.22537177427884697,-0.8236777921786391,-0.19960192297993704,0.14841732663461332,0.07901900221711533,-0.6658878899699306,-0.6062640671778746,-0.2502130391085939,1.2522478447500995,-0.07982305271533102,0.38549187762107306,0.10308373526532415,-0.6881944533448935,-0.22764929859758487,1.126151862570571,-0.2357361871429783,-0.03993588506727291,-0.2689290541606175,-0.1278207015954677,-0.148007345413475,-0.2535072181595877,-0.13336563896270323,0.755331508953948,0.19366619209712366,-0.8534931809789238,1.7700444803258821,1.3051580690267157,-0.9398423841603691,-1.0067960256502295,-0.8624807688586682,-0.016537117470954942,-0.07483234819221071,1.1736610124757727,0.14920425773919674,-0.21919348514182274,-1.4831702041460595,0.21877347539712477,-0.17929679128536397,-0.10957424799592351,-0.034853001934335194,-0.0038422223631441243,0,19,train
-0.17563058185123007,-0.7179720249768475,-0.5622147894325193,-0.3594423072962796,-0.5652521324617753,-0.4568767937612818,-0.46108574408713876,-0.4177284151599665,-0.386276423816043,-0.22346413261843248,-0.023941254646721918,-0.6530440457889649,-0.4252475570468603,-0.2472523794755869,-0.4619859051063561,-0.42407955359533006,-0.5747732101775888,-0.4056055013568745,-0.4812054622196128,-0.30250215421130666,-0.528460178556714,-0.26748845180651964,0.09995923553264455,-0.8439563880807732,0.36965467629957244,-0.6206795069059632,-0.4700306508627314,-0.5675990438636722,0.14048541940268852,-0.5575323349238397,-0.585565929239411,-0.0825273284044448,-0.6642760750311507,-0.33327171225861785,0.03872285694928904,-0.16588225625976447,0.21989971884674286,-0.8122549146411716,-0.28102496182208125,0.15570123391769913,0.0677015143547513,-0.2457494592799143,-0.12001024695562493,-0.33366482975702877,-0.7114959124679777,-0.21553200934872133,-0.051445628040964746,-0.7066197759726232,-0.24406146562792905,0.32191868105795085,-0.6380431484999687,-0.42035933788074603,-0.09013365560954999,-0.5018032592075412,-0.5269413075714828,0,19,train
-0.07254348219119194,0.6525322827760334,-0.36627745962559816,0.6502682291475894,0.4679328161796995,-0.4505594850080394,0.6559529169997401,0.6636469218322506,0.7479058089983898,0.41191218606945174,0.017369145528013937,-0.2624856650064383,-0.7470676559360055,0.000895193263850867,-0.6524314250406927,-0.5152921950110854,-0.19960192297993704,-0.07206114572934612,-0.3074649637550579,-0.4464172970860092,-0.5706039515598427,-0.23869609730997668,-0.3524207369749489,-0.25616151472274074,0.1914861614326899,0.007291541448536111,-0.3228969236073197,-0.7024997364295799,-0.3835397782308693,-0.18210349584616808,0.03416202216598041,-0.5061676142139283,-0.3079444036249671,-0.31081542536829754,-0.764909849600122,-0.7796334077417952,-0.20724249573316234,-0.24642429210088052,-0.5672590714005026,-0.31861611167645776,-0.2878363763532385,-0.6622052142081872,-0.4637256650543089,-0.4096821210028894,-0.26285162709015286,-0.21113514493758037,-0.24210791977701332,-0.17933482629235498,-0.8110514207111528,0.28968495096502206,-0.23871232378774868,-0.30987233735786257,-0.6539108348143822,-0.30681304188466396,-0.28254255464627537,0,19,train
0.199900995481766,0.04319129564638425,-0.2385553483440495,0.8891587346153818,0.32889632657133394,-0.3747517799691304,0.4469262214370757,0.4269279425901732,0.2629784622979008,-0.24289917295476776,0.10515374589932762,-0.29763591927686567,-0.5068357511314323,-0.2322131326428937,-0.2542271560870798,-0.4153926353652581,-0.4328165069136124,-0.4282186780095883,-0.6053058182657235,-0.14419549704913381,-0.3728524013143929,-0.2156622137127423,-0.04087603892726663,-0.749909208343488,0.017276946896182546,-0.4503822734538956,-0.277234732390123,-0.7834401519691245,-0.329473686411534,-0.6171242141425177,-0.1005614455308438,-0.18984953414284728,-0.6016243525861074,-0.42309685981989925,-0.5548694831156169,-0.5154358922031727,-0.31553207126046223,-0.47855993211741016,-0.009855805379366348,-0.29365204085571267,0.1554316432307488,-0.5667674370371246,-0.2746821851000327,-0.41959741986104515,-0.5311585036396363,-0.3826128569720777,0.19600968676539612,-0.33752031119643544,-0.5623716158500898,0.1325455167619944,-0.4364392369947702,-0.47727688360465564,-0.261210868609637,-0.7891572636833604,-0.6555722301636973,0,19,train
0.1984283226294797,0.519174827680319,0.3550621915895117,0.43845198096614685,0.9257943595451791,0.8444888094066557,0.9352125822714599,1.0725251587049296,1.1990010152314028,0.7303478469647914,0.7454649486077334,-0.10626231269342759,-0.17595029734400128,0.19891194322764463,0.28248294554605075,-0.07225936527741658,-0.07792474875367161,0.2840963865508961,-0.14436163866588386,-0.02186762560563664,-0.5479111507120041,-0.0025987904383243483,0.7956001366528118,0.3433892561024523,0.2587942670490677,0.23612844889975196,-0.07429166031369307,-0.41111424048721934,1.1552643735502133,-0.08079730117441541,0.3777068647928821,-0.1333641627015828,0.0875445943093685,0.10462588210262891,-0.020636377057201546,0.14709018522444983,0.9057336971863089,-0.28994972460397983,-0.17933652815606316,0.3013249803720455,0.8665074246467283,-0.30214450942645127,-0.33655096035779586,-0.2940036343244058,-0.4211966689882087,-0.11440412789247932,0.6057307817726494,-0.240175397409309,-0.3236390031834692,0.22521749077916456,0.5987193086184603,-0.08889833631209569,0.0653910834814382,0.19092514443952266,0.30058429443843,0,19,train
-0.14323177910093238,0.23809834540165922,-0.32854138129241334,0.08807923961338474,0.18985983696296846,-0.3779104343457516,0.162649915471852,0.16689573054395185,0.24042370198625013,0.17271168962224823,0.26523154657642906,-0.7936450628706745,-0.9646361734948643,-0.3399944016105283,-0.7159132650188049,-0.38064496244497037,-0.6305419150312936,-0.6430438562103693,-0.5592114003057396,-0.3132957899269093,-0.427963489087715,-0.26172998090721106,-0.023805096568489514,-0.7185601484310596,0.08062575218218522,-0.35991186818248466,-0.4852513812684636,-0.9291328999403048,-0.27956652473214755,-0.7720631001110807,-0.6596638364726642,-0.42143955705203157,-0.5781299566692162,-0.07502441301993387,-0.513774628803431,-0.4666609662575808,-0.19521032067457347,-0.7493848454700281,-0.4806355908701908,-0.15634965134161463,-0.26474950033323913,-0.6622052142081872,-0.5427802112170063,-0.2510373392723976,-0.2936409407925526,-0.47494700960603775,-0.07984213957612092,-0.5930507098876423,-0.5822660002389749,-0.01653548491780112,-0.626412153605438,-0.3333089738324136,-0.25343463165508756,-0.5890357248519863,-0.7241753888795449,0,19,train
0.48265418312072766,-0.22967857401100075,-0.38514549879219057,-0.6731851711439802,-0.028283620870846404,0.7339359062249134,-0.599879469940748,-0.507394695175905,-0.281557893797665,-0.8199703706336461,-0.1375448551272455,-0.3249750059316425,-0.5974893001142901,-0.1494972750630811,-0.6870578832105722,-0.3763015033299344,-0.5291442698427392,-0.5582444437626926,-0.22591330121047087,-0.41043851136733356,-0.518734692479069,0.011797386809947135,-0.015269625389100958,-0.6558620286062028,-0.232158973917453,-0.34926829109173047,-0.42436845964553466,-0.7834401519691245,0.15296220982253514,-0.3430015697365988,-1.030153372638931,-0.34800857417838776,-0.5233096995298033,-0.6869582307811634,-0.06173123136938734,0.07392779630606208,0.12364231837803183,-0.2174073370988143,-0.35634972750061317,-0.39766900260881727,-0.006176488909246577,-0.5711055178176275,-0.6699549159135193,-0.525360607681373,-0.47837682300695106,-0.3166598908049633,-0.30701423185737026,-0.27667974007948143,-0.5325300392667622,0.31788946479633473,-0.5333641944491926,-0.07550597261235224,-0.08624553713227529,-0.5274598667500251,-0.24395327786861104,0,19,train
-0.42598496673989417,0.2586148769548461,-0.2269442473184542,-0.052069856927720114,-0.018694897449579816,-0.4568767937612818,0.10245022714980465,-0.01423015508824372,-0.11239719146028507,0.036666407267901276,0.0276967455716979,-0.7467780571767713,-0.8195904951222918,-0.4527887528557273,-0.39850406512824393,-0.3763015033299344,-0.26551039235249746,-0.7900295044530089,-0.6407630628503266,-0.266523368492631,-0.6419241827959066,-0.24733380365893956,-0.21158546251503776,-0.871386815504148,0.1914861614326899,-0.7324370663588826,-0.28738188599394443,-0.6647275425111258,-0.1090503889942438,-0.2297769992211105,-0.4171615946183807,-0.7772973971319977,-0.7425907280874547,-0.2659028515876568,-0.3356969267839593,-0.10897817598990732,0.2559962440225095,-0.8122549146411716,-0.52583045027731,-0.039850654178137476,-0.05696761615324512,-0.6969098604522099,-0.35717388544371687,-0.41298722062227466,-0.724691332626149,-0.41778777226120534,-0.04333233903092013,-0.7025637378981595,-0.5872395963361962,0.24133435582562895,-0.7117061161653296,-0.40027079233113083,-0.1017980110413741,-0.6660055474794379,-0.46262584627537556,0,19,train
-0.6748666787762719,0.10884419661658214,0.05027078966763433,0.13904254744651376,0.1155472304481524,-0.4284489043716909,0.08405587794029017,-0.010643503887606183,-0.06084345360508358,0.1278615965383976,-0.029105054668563897,-0.8366064847567524,-0.4569762991908605,-0.39012522438617225,-0.49661236327623554,-0.4588272265156178,-0.1742525116827984,-0.37168573637780383,-0.6088515427241838,-0.3132957899269093,-0.5511529794045525,-0.13792285657207629,-0.09635660159329223,-0.7734210032778093,-0.08170556136319664,-0.5248873130891751,-0.40407415243789163,-0.6161632931873989,0.14880327968258625,-0.2595729388304495,-0.6866085300120292,-0.6530295799612159,-0.5977086199332922,-0.7655552348972846,-0.3311308318603831,-0.27156126247521345,-0.00871160726644584,-0.870288824645304,-0.4655706377344844,-0.10642150970012441,-0.010793864113246444,-0.34118723645097687,-0.6287090657416772,-0.37993622442842223,-0.4475875093045513,-0.2682943822824128,0.017517328544414512,-0.7593482709406499,-0.5225828470723197,0.17283767937815533,-0.8125080719179288,-0.2964799736581191,-0.31564452729148285,-0.6813995120049281,-0.5569551895096662,0,19,train
1.020179774205212,-0.09632111891528627,0.027048587616443666,-0.9391499338981224,-0.6131957495681083,0.9834696019779888,-1.5781244051740178,-1.6407764745773663,-1.7331178252831818,-1.1787711153044513,-0.04976025475593183,0.36240774424560435,-0.3300613306148596,0.4746314684936866,-0.23114285064049353,-1.6402481058054013,-0.3973273310976183,0.15972391496097021,0.4087713768539237,-1.446627540065192,-0.3274667996187159,-0.2530922745582482,-1.0352584313260333,0.7391711374968608,0.18752686110231473,1.0343967307063189,-0.5207664188818388,-0.3031936864344932,-1.1238293431417685,-0.25361375090858174,0.047634368935662835,-0.0712302541161919,1.1095508166941368,0.25620581861229125,-0.3996222557140261,-0.38536942301492777,-0.18919423314527903,0.5418696521219182,-1.4259614001357663,-0.9177538113743401,-1.1512855395012138,-0.336849155670474,-0.9380529420304928,-1.0046000524922338,-0.5839401842723216,-0.28588183992697663,-1.0047570867212074,0.6156486363025109,-0.4430053095167795,0.8779505251609719,0.8042002184218356,-0.3065242464329267,-0.40895937074607575,-0.2708937913251866,0.8065325899678067,0,19,train
1.5164705254256816,0.2011685886059229,0.07929854223162265,-0.31962722305164754,-0.25841298298124454,-0.44740083063141817,-0.48115230686115457,-0.6114075799943934,-0.9517564859152844,0.27586690371510475,0.25490394653274506,-0.10235672888560234,-0.23487510418285887,-0.026676759262753327,-0.3811908360433042,-1.1754979804965526,-0.2705802746119252,-0.4790983254781943,-0.4705682888442319,-1.266733611471814,-0.4668654333982953,-0.11776820842449622,0.14263659142958732,-0.5735707463360783,0.1083408544948114,-0.38652081090937024,-0.41422130604171314,-0.5352228776478544,0.286047974300899,-0.4860220798614261,-0.5451488889303637,-0.44968224277266383,-0.8248211137965741,-0.7823974500650249,-0.22611064861813052,-0.27156126247521345,-0.0327759573836236,-0.45921529544936607,-0.6538825519308142,0.10993377074633313,0.38168302822674227,-0.28479218630443986,-0.7868181580670719,0.05964202494981559,-0.47837682300695106,-0.28588183992697663,-0.16503167418158943,-0.4389212630580255,-0.45295250171122203,-0.5765965452824382,-0.30849829315493277,-0.19603724591004326,-0.4828336218142951,-0.5787730818349928,-0.5355167024109637,0,19,train
1.6372296993131548,-0.39791413274713283,0.27813864729494264,0.42889636074743515,-0.7762040477296402,-0.48530468315087266,-0.05975448860682299,-0.14155627271087626,-0.06728767083698377,0.9725383496175849,0.21359354635800923,-0.41480343351162363,-0.7289369461394339,-0.02166367698518893,-0.40427514148989047,-0.3502407486397186,-0.4733755649890342,-0.4056055013568745,-0.3287393105058197,-0.2053594327708824,-0.13295707806581447,-0.06882120578037318,0.014604523738758987,-0.5618148488689176,0.16773035945043888,-0.7909767403580308,-1.1245220583092177,-0.44888643440567344,-0.19222899179322123,-0.640960965829989,-0.5720935824697285,-0.641732505672963,-0.6172872831973683,-1.0967854665295098,-0.20328017400024953,-0.10491359882777467,0.23193189390533173,-0.8557803471442709,-0.16427157502035677,-0.256205934624595,-0.08005449217324445,-0.805361879964781,0.07934469554161178,0.9652393206613732,-0.5839401842723216,-0.7607431963301998,-0.35163732141261567,-0.5322101387706882,-0.7463946714472764,-0.5363043826662773,-0.20381933910415662,-0.11903115463651845,-0.31953264576875756,-0.32733832791865103,-0.4411873591766732,0,19,train
0.21315505115234232,1.0095199318014845,0.28974974832053796,1.0468264682241246,0.5782031355242653,-0.49793930065735753,0.7178248188862889,0.7407599226459576,0.443416544791106,0.04563642588467141,-0.14787245517092948,0.08901687769783571,-0.4751070089874321,0.06105218059462366,-0.31193791970354545,-0.20690659784353163,0.07924160128858788,-0.1794737348297366,-0.4351110442596289,-0.1549891327647365,-0.33719228569636095,-0.25885074545755676,-0.39936582846158597,-0.43641860921920406,0.1202187554859369,-0.7271152778135055,-0.16054246594617577,-0.1628969661659492,-0.32115582613163624,0.31250910166885965,-0.2959104736912389,-0.4327366313402845,-0.6916862036008571,-0.6420456570005226,-0.07542951614011593,-0.23091549085388693,-0.13504944538162908,0.12112380459195812,-0.17180405158820997,-0.4725612150710526,-0.514087761349232,-0.38456804425600527,-0.2128134098422696,-0.4328178183385861,0.26936365262275697,-0.15397590759274793,-0.09201207309118785,-0.22800728318591817,-0.5325300392667622,-0.16158727033598053,-0.19994234080597972,-0.31322042828279845,-0.1756722621095935,0.08829871426958728,-0.8656694037309808,0,19,train
0.17633822984518582,0.7879413910270665,0.7425826883187558,0.8158989796052587,0.49669898644349925,-0.4821460287742515,0.1726831968588599,0.1417891721394891,-0.11400824576826012,-0.23392915433799763,-0.3131140558698729,-0.5007262772837795,-0.2212770718354302,-0.08934028773230832,-0.42735944693647676,-0.20256313872849566,-0.16411274716394295,-0.8465624460847934,-0.5698485736811204,-0.10102095418672305,-0.6127477245629713,-0.2156622137127423,0.02740773050784182,-1.0163762175991293,-0.23611827424782816,-0.5834269870883234,-0.3990005756359809,-0.011808190492132605,0.07810146730345544,-0.24765456298671393,-0.8213319977088533,-0.08817586554857124,-0.6486131444198898,-0.6925723025037435,-0.057165136445811136,-0.14149479328696854,-0.12301727032304019,-0.4930684096184433,0.02027410089204642,-0.20211711451298064,-0.15393249543724233,-0.5103723868905877,-0.15781894294648016,-0.27417303660809433,-0.04292795778729758,-0.4309783654946282,0.033743906564503746,-0.5322101387706882,-0.3236390031834692,0.08419492162260125,-0.41705424550388576,0.018240573285851894,-0.1834484990641429,-0.640348939936954,-0.6555722301636973,0,19,train
-0.18299394611266137,-0.016306645857857592,0.47697875235826265,-0.15081126585440763,0.6645016463156646,-0.4000210149821001,-0.001227013849276937,0.10592266013311373,0.1357051719678721,-0.4193095390845803,0.04835194565906582,-0.4655760230133521,-0.76973104318172,-0.3800990598310435,-0.358106530596718,-0.41104917625022214,-0.49872497628617285,-0.43387197217276674,-0.552119951388819,-0.3204915470706445,-0.5706039515598427,-0.20126603646447083,0.02740773050784182,-0.8165259606573984,-0.12129856466694831,-0.9027342998109502,-0.277234732390123,-0.7564600134559429,-0.15895755067363027,-0.8197366034860231,-0.3093828204609213,-0.5795985970875721,-0.7543379260459003,-0.5016938639360204,-0.3356969267839593,-0.3569173828799992,-0.03879204491291804,-0.7687294821380722,-0.20570019614354934,0.1432191985073266,-0.18163674666124152,-0.5711055178176275,-0.3606110396247037,-0.3270546305182583,-0.7070974390819206,-0.20234141611529846,0.1392166636950838,-0.5889946718131787,-0.12966875539184003,-0.020564701179417215,-0.6070271621145535,-0.4906692473043991,-0.5489316359279651,-0.5428538312755153,-0.6384214404847353,0,19,train
-0.10346961208920338,-0.377397601193946,-0.6594577605218802,-0.08232932095364048,-0.18410037646642846,-0.38422774309899405,-0.0831654785098414,-0.017816806288881257,0.271033733837776,-0.47163464768240604,-0.044596454734089845,-0.8092673981019756,-0.5929566226651473,-0.2447458383368047,-0.7101421886571584,-0.19821967961345968,-0.8181275586301194,-0.626083973720834,-0.587577195973422,-0.1765764041959419,-0.43120531778026333,0.11544986299750182,-0.13903395749023503,-0.8047700631902377,0.2152419634149409,-0.6685756038143572,-0.49032495807037435,-0.6485394594032168,-0.18391113151332347,-0.5634915228457075,-0.5047318486213165,-0.325414425601882,-0.6172872831973683,-0.1816917757489555,-0.21697845877097813,-0.13743021612483589,0.16575493108309292,-0.7397125271360061,-0.25466129383459507,0.1390585200372024,-0.10314136819324378,-0.4236107712805309,-0.6046489864747694,-0.11883335449698773,-0.3772119351276376,-0.20673828052643942,0.13516001919006146,-0.5524903291430063,-0.5424772314612047,-0.06891529631881035,-0.5721341774309615,-0.22951815515940188,-0.5139385696324927,-0.5428538312755153,-0.50121512305304,0,19,train
0.6048860298604871,0.7879413910270665,0.17073596280818587,0.6996389336109331,0.7891550507921302,-0.5579537338131605,0.5639811709521678,0.6439203402287441,0.7688495150020654,0.4552672760505074,-0.3750796561319767,-0.1296958155403792,-0.4207148795977174,0.04099985148436606,-0.48507021055294236,0.018953276138338755,-0.2350910987959311,0.14841732663461332,-0.3003735148381373,0.27675629585937117,-0.518734692479069,-0.028511909485213018,-0.24572734723259199,-0.18562612991977687,-0.04607185838982013,-0.5781051985429463,-0.018482315492674845,-0.34636190805558364,-0.1797522013733746,-0.08079730117441541,0.0004811552417743585,-0.13901269984570927,-0.3236073342362279,-0.002041480626392737,0.06155333156717004,-0.27969041679947876,-0.39975729667058446,-0.014288652084350846,-0.19440148129176954,-0.15634965134161463,-0.1446977450292426,-0.011493097132760787,-0.2196877182042433,0.0034553314202663984,-0.02973253762912626,-0.022069975258519236,0.062140418099659915,-0.15499859784557338,-0.17443112026683139,-0.09711981015012301,-0.06812439866796535,-0.15251206388587707,-0.12123860342774762,0.24223835952449035,-0.2310901856093896,0,19,train
0.004035506127693517,-0.04502979003231917,-0.28790252770282965,0.1724872182120047,0.11075286873751912,0.636017620549656,0.17602762398786254,0.35160826737678497,0.3499753949285533,-0.22346413261843248,0.038024345615381865,-0.625704959134188,-0.8467865598171491,-0.46281491741085606,-0.39850406512824393,-0.32417999394950275,-0.7217997957009927,-0.6600037386999047,-0.3464679327981212,-0.2557297327770283,-0.3955452021622314,-0.17823215286723645,0.14690432701928158,-0.8126073281683448,-0.038153257729069794,-0.7324370663588826,-0.26708757878630146,-0.7186878195374888,0.14464434954263738,-0.8972060464703046,-0.5384127155455225,-0.28587466559299685,-0.5820456893220314,-0.1423932736908949,-0.6187948120456835,-0.37724026869066246,0.15973884355379847,-0.9911928038205798,-0.34505101264883337,0.28052158802142463,0.19237064486274771,-0.3585395595729882,-0.36748534798667737,-0.2014608449816189,-0.6499172850631783,-0.6200435351736893,-0.408430344482928,-0.5808825956642515,-0.7463946714472764,0.015698245175127638,-0.700075121270799,-0.4103150651059384,-0.4478405555188228,-0.9482282304467602,-0.805641639854614,0,19,train
-0.19330265607866517,0.7181851837462313,-0.2908053029592285,0.6837128999130803,0.5829974972348986,-0.5374224803651226,0.4904037741141099,0.5919138978194999,0.7414615917664896,0.45377227294771233,-0.30795025584803093,-0.2624856650064383,-0.97370152839315,0.023454063512890665,-0.32348007242683857,-0.41104917625022214,-0.12355368908852114,0.1088442674923642,-0.28264489254583575,-0.3888512399361282,-0.2529047396901037,-0.27324692270582823,-0.3780271505131146,-0.46384903664257887,0.07666645185181005,-0.37587723381861604,-0.7490773749678225,0.0745282527500483,-0.329473686411534,-0.08675648909628322,-0.14097848583989106,-0.6021927456640779,-0.44107931382068405,-0.25467470814249665,-0.5366051034213121,-0.5804691267972951,-0.2734194585554012,-0.3286389979400681,-0.6312851222272546,-0.46007917966068,-0.2278104987012402,-0.8010237991842782,-0.40529404397753266,-0.19815574536223365,-0.40800124883003736,-0.05284802613650593,-0.3354107433925264,-0.33752031119643544,-0.661843537794515,0.15672081433169097,-0.10689438164973429,-0.5408906111784371,-0.7705543891326233,0.2678949670669742,-0.20107630367120624,0,19,train
-0.328788558489001,0.012416498316603986,-0.19936788238266528,0.3285623484509624,-0.1457454827813621,-0.4031796693587213,0.018839548924738853,0.018049705717494105,-0.10434191992040984,0.13085160274398763,-0.14787245517092948,-0.844417652372403,-0.7969271078765774,-0.33748786047174606,-0.8313347922517362,-0.29811923925928696,-0.33648874398448564,-0.6995767978421538,-0.3854709018411846,-0.33488306135811474,-0.3793360586994896,-0.2876430999540997,0.04447867286661893,-0.9380035678180584,0.3221430723350704,-0.9506303967193442,-0.4852513812684636,-0.9399249553455774,-0.005077135495521999,-0.5158180194707651,-0.8415405178633769,-0.3706027227548936,-0.7112648668649332,-0.36695614259409837,-0.23067674354170672,-0.5195004693653054,0.05746535555579299,-1.0492267138247122,-0.47310311430233765,-0.22708118533372573,-0.04773286574524538,-0.5320627907931019,-0.4980972068641773,-0.29730873394379104,-0.46518140284877973,-0.6332341284071121,-0.16908831868661173,-0.6214429764088875,-0.4579260978084433,0.08822413788421735,-0.6535511416926763,-0.21277770053472259,-0.5061623326779433,-0.46588400864806384,-0.4154611746582303,0,19,train
-0.6262684746508254,-1.232936966961837,-0.7712146078932353,-0.7368893059353916,-1.1142065483292876,-0.5753263328845771,-1.103215752855644,-1.0346324216696228,-0.8260942498932308,-0.25635420087992294,0.5440767477558961,0.05386662342740832,0.3407749318582883,-0.0016113478749313326,-0.29462469061860574,0.13188321312927395,0.373294772335396,-0.03248808658709698,-0.250733372419693,-0.11181458990232575,0.1717748190337311,-0.008357261337632942,0.3432201641452184,-0.5030353615331143,0.3577767753084469,-0.46102585054464984,0.0931363741493616,0.17705277910013814,0.39002122779962084,0.34230504127819866,0.05437054232050404,0.12082000878410727,-0.26095561179118465,-0.15923548885863517,0.15744132496227023,0.2568337686020315,0.37631799460839827,-0.11101183542457155,0.17845610881696344,0.22227208943968607,0.6079344132227357,0.20107286111187853,0.06903323299865126,-0.22790164193670087,0.1769957115155577,0.09664536384228659,0.06619706260468222,-0.301015968526263,0.11901104946922306,0.30177259974987036,0.1412335094335869,0.11198711918405603,0.19369899323150344,-0.009196394391851343,-0.42403656949771124,0,19,train
-0.43629367670589797,-0.1578707135748468,0.5306800946016411,-0.22088581412496003,0.2593780817671512,-0.35895850808602436,0.05730046090826912,0.07184947372705715,0.38219648108805426,0.10394154689367724,0.06384334572459177,-0.9069069932976072,-0.4615089766400034,-0.34500748388809266,-0.8197926395284432,-0.5109487358960494,-0.38718756657876285,-0.44517856049912363,-0.552119951388819,-0.5111791113796255,-0.6127477245629713,-0.08897585392795325,-0.22438866928412057,-0.8557122855479339,0.0014397455746818777,-0.47166942763540404,-0.4649570740608206,-0.9830931769666679,-0.11320931913419266,-0.5813690866113109,-0.7270255703210764,-0.6191383570964573,-0.382343324028456,-0.5185360791037608,-0.2809037877010449,-0.48698385206824407,0.28006059413968726,-0.7155317313009509,-0.24712881726674188,0.1182551276865815,-0.06620236656124485,-0.5060343061100848,-0.4431027399683879,-0.15518945031022544,-0.6587142318352924,-0.4002003146166415,-0.19342818571674558,-0.5281541006962247,-0.4579260978084433,0.1325455167619944,-0.6768131314817376,-0.36678988308177224,-0.07458118170045117,-0.5531164742925089,-0.5226536101517423,0,19,train
-0.13292306913492857,0.04113964249106556,0.027048587616443666,-0.25592308826023624,0.084383879329036,-0.4489801578197288,-0.409247123587598,-0.36034199594976596,-0.08017610530078415,-0.7003701224100444,0.053515745680907806,-0.40308668208814785,-0.3436593629622883,-0.3550336484432215,-0.9467563194846675,-0.5326660314712293,-0.752219089257559,-0.6713103270262616,-0.24718764796123271,-0.5363642613826983,-0.4409308038579084,-0.29340157085340834,0.09142376435325598,-0.8165259606573984,0.3577767753084469,-0.6898627579958657,-0.5004721116741958,-0.475866572918855,0.1280086289828419,-0.640960965829989,-0.7270255703210764,-0.590895671375825,-0.6133715505445531,-0.7038004459489036,-0.4544153947969405,-0.32440076558293796,-0.10496900773515687,-0.5462661604555646,-0.28102496182208125,0.022559522873725278,-0.029263364929245913,-0.5797816793786332,-0.40185688979654577,-0.0890874579225205,-0.5839401842723216,-0.5628842978288568,0.24874606533068613,-0.5403222149196155,-0.4479789056140008,0.21715905825593237,-0.8629090497942286,-0.2897837918082474,-0.432288081609724,-0.7173187625644055,-0.5783936766083686,0,19,train
0.2381904896412087,0.6689455080185829,0.13299988447500105,1.1200862232342477,0.6453241994731314,-0.444242176254797,0.8516019040463941,0.7837997370536081,0.2323684304463749,0.9964583992623052,-0.14787245517092948,0.26867373285779794,-0.8195904951222918,0.05102601603949486,-0.08109486523768286,-0.11569395642777627,0.10966089484515423,-0.44517856049912363,0.36622268335240005,-0.11901034704606087,-0.49604189163123047,-0.09761356027691614,-0.5273978961524143,-0.7773396357668628,0.07270715152143489,0.19887592908211219,-0.21635181076719398,-0.13052079995013136,-0.10073252871434606,0.1098967123253543,-0.12076996568536744,0.22249367737838333,-0.40583771994534723,0.12146809727036917,-0.16675141461163992,-0.28781957112374407,-0.7005616731353064,0.20817466959815675,-0.20570019614354934,-0.5474534275332879,-0.4032707564532352,-0.36287764035349107,-0.20937625566128276,-0.08578235830313526,-0.02093559085701205,0.39123527938873065,-0.21371140824185714,-0.41052899653678027,-0.4430053095167795,-0.1011490264117391,-0.37440726422393994,-0.1859929731352357,-0.10957424799592351,-0.30681304188466396,0.35203666347531576,0,19,train
0.22935445252749115,0.2422016517122966,0.00963193607805067,0.309451108013539,0.20184574123955168,-0.444242176254797,0.0037896268442270103,-0.08596317910099444,-0.03667763898545788,-0.10984389680601085,0.017369145528013937,-0.7077222190985186,-0.7516003333851484,-0.4603083762720739,-0.27731146153366604,-0.19821967961345968,-0.4125369778759015,-0.8296025635952581,-0.4812054622196128,-0.25213185420516077,-0.7326953861872605,-0.3077977481016798,0.27066865912041566,-1.184877414628432,0.14793385779856305,-0.8069421059941622,-0.1503953123423543,-0.7834401519691245,0.04483002618386446,-0.6111650262206499,-0.4171615946183807,-0.47792492849329604,-0.6603603423783355,-0.535378294271501,-0.5503033881920406,-0.36911111436639715,0.06348144308508744,-0.6720062987978516,-0.37518091892024613,-0.31861611167645776,0.16466639363874852,-0.29346834786544557,-0.20593910148029593,-0.1452741514520697,-0.4211966689882087,-0.3298504840383862,-0.059558917051009366,-0.5159859864728339,-0.4827940782945496,0.1325455167619944,-0.9094330293723513,-0.6480295207763846,-0.3584138305415046,-0.3837828645121155,-0.8185047321138355,0,19,train
-0.45543842378561933,-0.20300708299185785,0.2186317545387666,-0.8929644361743492,-0.40224383430024335,0.6865560905755954,-1.0563937730496071,-1.0005592352635662,-0.8244831955852556,-1.1189709911926504,-0.23565705554224317,0.030433120580456725,-0.6745448167497193,0.06105218059462366,-0.6812868068489256,-0.06357244704734465,-0.49872497628617285,-0.16816714650337972,0.19248218488784508,-0.000280354174431254,-0.7359372148798089,-0.3106769835513341,-0.42923997758944593,-0.19346339489788397,0.10042225383406106,0.2520938145358833,-0.3482648076168734,-0.810420290482306,-0.6996184688669835,-0.6052058382987822,-0.5788297558545697,-0.3028202770253762,-0.04167458323353323,0.25620581861229125,-0.4955102491091263,-0.4016277316634584,-0.30951598373116784,-0.009452492917339812,0.04287153059560599,-0.6306669969357714,-0.30630587716923796,-0.17200208601136596,0.01403876610286182,-0.11883335449698773,-0.29803941417860974,-0.11000726348133837,-0.8181514394901812,0.0761955723988519,-0.41316373293345193,-0.056827647533962064,0.19551148560806342,-0.37013797400670806,-0.432288081609724,-0.6095610108859734,0.30058429443843,0,19,train
-1.2978072952933595,-1.9776870623425196,-0.9976310778923442,-2.3852337936631587,-2.44943628474066,-0.9496268765141903,-2.9727505179681155,-2.7293251139708583,-2.325985810617999,-0.25934420708551303,1.442577951556401,3.4478189524275646,0.9164249678994354,1.334375079095981,3.843237060681981,2.37745157560287,3.4101542457326035,3.2238093514036885,0.036470308715591676,2.0001401317839345,0.4505720865928898,-0.037149615834175906,2.0204402508950694,3.2627704604473466,0.8685265179268435,-0.23218894309343396,1.8841089852238555,2.4973446912337502,1.7375145931430553,3.667531901680433,3.9074617184496763,3.634210112430757,-0.16306229547080456,-0.19853399091669577,2.0249741487049358,1.9802144853462764,1.796114651521886,4.212514459883294,2.415601649469361,1.6119386984611632,1.9839122240146962,1.237874167652058,1.729178702415295,-0.06264666096743854,2.6225469141633084,0.04827985531973607,0.15138659721015071,3.479211516873813,0.7904465225940934,1.4420408017872253,2.351122539394416,1.3340403067856457,1.3484701809820907,2.782242506230391,0.004733172476336837,1,19,train
-2.8514771544553628,-1.8545878730233984,-1.1137420881482976,-2.7356065350159207,-0.4597761748278429,-1.1201942128517355,0.05061160665026385,-0.46256155516793573,-1.4979038963188251,-2.581084025726182,1.5355263519495566,-2.4105567593103348,-0.3436593629622883,-5.483416818391602,-0.9236720140380813,0.35774308711114433,-0.5443539166210224,-3.187026229640671,4.649457829172448,2.6441603961482283,1.8348329383110384,1.6241692386163533,-0.13049848631084646,0.12002720422640001,1.470340168143869,-0.38652081090937024,0.37725667505636346,-3.103732064102736,1.1885358146698042,-0.34896075765846657,-0.2959104736912389,0.14341415736061305,2.190293028871133,0.14392438416068953,-0.04803294659865874,-0.5560816638244993,0.32818929437404276,-0.22707965543283637,-0.8873893255342632,2.4357530355457517,0.321657150574744,3.281110215268897,5.039158178705621,5.113139342989857,2.851267530238278,2.8402887563942434,2.3216914073970867,2.2867363229815143,0.09414306898311675,2.598425868871044,-3.7357647887433068,1.8094692181265377,0.8430147789363791,1.56098798720816,-1.4402208579762052,1,19,train
-1.6969016382629356,-1.5099101429298596,-1.3343530076346088,-1.5889321087705175,-1.6176145279457834,-0.6242854757222058,-1.8373175076717219,-1.8272823370105182,-1.5720123944856772,-1.2744513138833327,0.7712839487169433,1.5223661351697084,0.9889478070857217,0.8731715095600563,1.2577948506643202,1.9083579911789852,1.2047554628815431,1.2847294534334812,0.8838984542876045,1.5288180388692834,1.2772384031927209,0.8525341381090018,0.6248907130650407,1.3230473783658396,0.9397939238735966,1.2472682725214035,1.5086643018824601,1.142941737872037,0.6894641978759396,1.4685915585112135,1.3746605257493811,1.493414534806834,0.7101460861069859,0.8456833494832003,1.5090054223408254,1.3664633338642458,0.7192349837781813,1.7025478522045663,1.7452112349304274,0.6799467211533463,0.667960290874734,1.4330878027746858,1.5607581475469396,1.378376773084529,0.9687209210058367,1.0639555342932971,0.46374822409686856,1.4349683273441582,1.0341527313579353,1.0673236894569285,1.1686380584504636,1.1130663057398786,1.2396028636183989,1.3044219117833216,1.1967130551641905,1,19,train
-1.2065015784516115,-2.556253252142388,-2.681240726603667,-2.4584935486732817,-1.6152173470904667,-1.0570211253193114,-0.6584069446982941,-0.6293408359975812,-1.3947964206084222,-2.3583285634097235,2.2274755548763823,-0.36403084400989516,4.107429892096031,-4.5334377267931485,-0.2542271560870798,-0.10266357908266838,0.27696700940626917,-1.5023445690134933,3.716932296597388,0.8416232316425787,1.9936825442459079,3.8498182411991246,0.2792041302998042,0.025980024489114812,2.44432804941616,0.0817965810838157,1.052042389710493,0.9109125466586758,1.0221786090718494,0.31250910166885965,-0.08708909876116137,2.1542933806696283,1.6695005860467111,2.3951671449153045,0.723637095485719,0.6226457131939702,1.3388919992955086,-0.6768424579648626,0.23871592135978897,2.127862828756562,0.667960290874734,1.7584438613123992,1.9491565699984528,1.8609213175147747,3.634195792956443,3.7328522318558575,1.9200836013998777,1.8486842109394457,2.3322613127326846,1.6273847498215657,-3.7318877904451297,4.380803048477279,2.3904859328917114,1.7457155615140436,-0.0038422223631441243,1,19,train
-1.266881165395348,-2.4782904322402786,-2.7001087657702594,-2.4282340846473613,-1.6032314428138834,-1.1186148856634248,-0.7654286128263783,-0.5576078119848304,-1.4705159730832493,-2.2222832810553763,2.1293633544613844,-0.11016789650125286,3.858132632393172,-4.723934853340595,-0.052239483429450034,0.33602579153596446,0.4594827707456673,-1.434505039055352,3.461640135588246,0.91358080307993,2.0520354607117786,3.636754817924707,0.6846390113207607,0.18664395654031035,2.5868628613096663,-0.42377333072701,1.0418952361066713,0.94868474057713,1.13031079271052,0.32442747751259526,0.0274258487811392,1.8944606720398116,1.5598600717678854,2.1256917022314603,0.5820881528548567,0.9274890003539192,1.399052874588453,-0.7590571638040502,0.2349496830758624,2.0945774009955684,0.27548339853474535,1.6326395186778166,1.7979217860350318,1.7485479304556764,3.4890461712165584,3.2448002822192112,2.0498962255605915,1.937917048577645,2.242736582982702,1.562917289635708,-3.8908447206703825,4.327233593678306,2.6393255154372923,1.8637359562094693,0.3691874531542777,1,19,train
-1.100469133087001,-1.8238130756936182,-1.4141793271855767,-0.32599763653078867,-0.9464038884571222,-0.6542926923001073,0.03221725744074938,0.19917559134968968,0.18564785551509855,1.554094556604848,1.0088187497216745,-0.22342982692818558,1.179320259949723,0.27661471852989283,-0.7159132650188049,-0.7107478551877039,-0.6153322682530106,-0.33776597139873316,-0.8499608058994845,-0.48599396137655243,0.5640360908320823,-1.6149706422447305,0.0316754660975361,-0.21697518983220526,0.8606079172660932,-0.12575317218589172,0.44828675028311393,0.32814155477395474,-0.12568610955403928,-0.6111650262206499,-0.5653574090848873,-0.2293892941517324,-0.10041057302576128,-1.2876639050972327,-0.6690218562050217,-0.6129857440943564,0.5688327955458203,-0.6623339804638295,-0.6538825519308142,0.12241580615670568,-0.03849811533724565,1.04266053252943,-0.02720708406898026,-1.6391791794142012,-0.12210047873632549,-2.273264553762689,-0.9682472861760067,-0.6417231667812056,0.4920307567608177,0.6644020632953189,0.048185550277341456,0.04167720976040293,-0.5955890576552616,-0.8712584078193086,-0.08959617075795374,1,19,train
-0.2787176815112682,-0.8554327863831994,-1.2022767334684619,-1.162114405668062,-1.3635133572822187,0.8855513163027313,-1.6266185985445558,-1.5851833809674845,-1.325521085365495,-1.0561808608752594,-0.6384334572459177,0.6553265298324993,0.29998083481600224,0.4495660571058646,0.5075549236502668,0.10147899932402216,0.3378055965194019,0.5102281530780339,0.4371371725216061,-0.05424853275244471,-0.18806816583913655,0.6135575957876952,-0.954171455121842,0.6059376328690401,-0.7429087165358496,0.8162034003458573,-0.26201400198439073,0.025964003426321543,-0.9283596265641715,0.5270398668561006,0.6000005864926421,0.6461339631878668,0.4242976024514761,0.7558582019219189,1.0797924995246626,0.9640701948131131,-0.7486903733696619,0.9239262263157899,-0.03621947336685252,-1.009288737717072,-1.0081469081772179,-0.18935440913337734,-0.2987422643669406,-0.17832514764592217,0.17259723812950062,0.16259833000940094,-0.907397618600672,0.5872563697812656,0.5119251411497028,0.05599040779128858,0.6801362728801751,0.6409854853239222,1.0140919919364662,0.32947082516893544,0.6907647596348138,1,19,train
-2.0370890671410615,-1.676094048510673,-1.1950197953274648,-1.3309303628653018,-1.564876549128817,2.415919361775707,-1.5396634931904876,-1.4363373561410266,-1.14186089425634,0.2310168106312541,-3.2668076683634863,0.8818503906863647,0.9118922904502925,0.7729098640087684,0.7499401308394225,1.8432061044534458,1.0171698192827172,0.8155060378896701,-0.821595010231802,1.2913580531260243,1.2934475466554627,-0.4344841078864688,-2.4948240030014763,0.668635752693897,-2.3266288486859166,-0.7803331632672766,1.534032185892014,1.0296251561166747,-2.013840393090827,0.8667135784025654,0.983962469428591,1.0415315632767181,-0.7230120648233788,-1.0350306775811289,0.723637095485719,0.8705849200840621,-2.679854470273177,0.9964686138209554,1.6435228012644092,-2.7609343736393535,-2.393359469377178,1.7714581036539077,1.4542063679363477,-0.6641747916955534,1.0786827556572645,-0.6596153148739579,0.496201380137047,0.5548080651855568,0.9744695781912801,-4.339884533631871,0.6762592745819982,0.8452190317450098,0.7613642909136102,0.7297139028316835,-0.7198876914598045,1,19,train
-1.4480199262265578,-0.7487468223066278,-1.1950197953274648,-0.795815630617447,-1.0303052183932049,2.239034716684919,-0.37914727942657434,-0.18100943591788915,0.1695373124353481,-0.06349880061936518,-1.1806324595393258,-0.14141256696385499,0.09601034960457216,0.3016801299177148,-0.6062628141475203,-0.4848879812058336,-0.4328165069136124,-0.9765882118378977,-0.3925623507581052,-0.6443006185387252,0.7682712984626288,-0.07457967667968177,-0.03660830333757235,-0.43641860921920406,-2.2078498387746612,-0.2960504056379593,0.45336032708502466,0.40908197031349935,0.5231069922779847,-0.4562261402520871,-0.8684852114027419,0.030443414478084133,-0.6642760750311507,-0.6420456570005226,-0.3722256861725689,-0.22685091369175428,-1.434524351709228,-0.47372377295039914,-0.21699891099532911,-1.4045531923788697,0.09078839037475064,0.36591993077098656,0.4780545805360852,-0.1452741514520697,-0.2584531537040958,-0.2595006534601309,-0.08389878408114322,-0.8080207278342132,-0.035170429544636055,-2.816840786740987,-0.12240237484244186,0.2626512108061698,-0.6539108348143822,-0.6044296893774767,-0.4497627540161541,1,19,train
-0.9502565021538024,-0.9826352820129578,-1.184860081930069,-0.6222218633108512,-1.2412571336610698,2.1616476844576993,-0.6299793141017717,-0.4697348575692108,-0.20583834132283776,0.06806147242659673,-1.7228314618327338,0.0030940339256798604,0.26371941522285913,0.3693567406648342,-0.21382962155555385,-0.16781546580820791,-0.4125369778759015,-0.36037914805144694,-0.41029097305040674,-0.2449360970614256,0.31117345281331044,-0.135043621122422,-0.5871461944081341,-0.2600801472117943,-2.0732336275419057,-0.41845154218163294,0.20982864059330877,0.13928058518168399,-0.11736824927414154,-0.17614430792430028,-0.18813169953377953,0.09257732306347505,-0.5037310362657273,-0.5073079356586006,-0.1621853196880637,0.01295913887407228,-1.9097952665234887,-0.2802774062699578,-0.03621947336685252,-1.2630901243946475,-0.44482713328923396,0.18372053798986715,0.289011100581809,-0.26425773774993855,-0.22766384000169604,-0.3650253993275138,0.09053692963481608,-0.5646584433663971,0.6263178513857918,-1.805507505075347,-0.06812439866796535,0.27604357450591327,-0.09402177408682469,-0.4864092946820509,-0.37258420046082547,1,19,train
-1.8530049606052792,-2.0946312921956847,-2.4069284648739773,-1.776859306405181,-2.2169097417749453,2.976580513625971,-1.827284226284714,-1.6676763585821477,-1.3964074749163973,-0.9081755536985524,-4.748818274632135,1.5926666437105632,2.82014949653945,1.046122848136028,1.961866166785201,1.930075286754165,2.0412860356871176,1.5617408674292252,0.6108776709861611,1.5252201602974158,2.8949109207743513,1.1922839211682088,-3.796483357858231,1.311291480898679,-5.850406142719816,0.6725151096206752,2.158082132527036,2.45417646961266,-3.066049718497892,1.8738163371982242,2.230154545624215,2.363289255002307,0.36556161265924797,1.0421758597735034,2.7601154314007035,2.85816315236693,-4.815565543172703,1.8331241497138644,2.0088479148052887,-4.387759655457909,-3.6123465232331426,2.3137182012167625,2.124451433228782,1.0379515122878487,2.0727377409061702,0.8441123137362493,-2.2826001058032346,1.3011190708868594,2.779884961482598,-4.96038383792075,1.0058041299270342,2.777067495433002,2.1105414025279323,1.581513273242147,0.7893818002888449,1,19,train
-1.4612739818971343,-1.6330093322489805,-1.9947343784653429,0.2632656102897658,-1.9939719222304968,-0.7364177060922587,-0.3339975131850388,-0.3047489023398841,-0.11239719146028507,0.9037682068890138,0.9933273496561486,-0.14922373457950552,1.5917939078217263,0.5473211615183704,-0.6120338905091668,-0.08528974262252449,-0.48351532950788967,-0.33776597139873316,-0.36419655509042276,-0.24853397563329319,1.6824669897612656,-1.2953755073331035,-0.015269625389100958,-0.40506954930677563,1.422828564179367,-0.5940705641790777,1.3615305746270485,1.4181391507064887,-0.20470578221306784,-0.5158180194707651,-0.6327191429332994,-0.9467535114557911,-0.6877704709480419,-1.8490710773552415,-0.1621853196880637,-0.06426782720644814,1.05613588541867,-0.3576559529421343,-0.28479120010600784,0.06416630757496711,-0.006176488909246577,1.3029453793596006,-0.6149604490177298,-1.5334159915938732,-0.7862699600309485,-1.437860315645907,-0.8424913065203151,-0.44297730113248907,2.0587135273855153,1.1519372309508664,0.017169563891926306,-0.6279409752267695,-0.2573227501323623,-0.5223285452415283,-0.5183659127320018,1,19,train
-0.9090216622897871,-0.5456331599300781,-0.3996593750741847,-0.5601103318892252,-0.7546294200317905,0.7686811043677467,-0.7052289245043308,-0.8230200008320081,-0.5038833882982214,-1.2834213325001027,-0.30278645582618896,-0.3718420116255457,-0.352724717860574,0.09865029767635665,-0.5370098978077614,0.3751169235712882,-0.24016098105535882,-0.47344503131501586,0.08965617559249625,-0.03266126132123933,-0.1977936519167816,0.14424221749404478,-0.42070450641005736,-0.5892452762922925,-0.15297296730994966,0.2893463343535231,0.03225345252643263,-0.4866586283241276,-0.33779154669143174,-0.22381781129924272,-0.4845233284667928,-0.43838516848441095,-0.24920841383273903,0.13831031243810943,-0.1621853196880637,-0.36911111436639715,0.021368830380026356,0.0485814170867926,0.11066381970628472,-0.45175782272043163,-0.5972005150212296,-0.10693087430382334,-0.07189008842180918,0.5421865693800616,-0.4915722431651224,-0.13199158553704315,-0.907397618600672,-0.6376671287067419,-0.33855979147513304,-0.4919830037885003,-0.15341836122785701,-0.20608151868485086,-0.3584138305415046,-0.4043081505461026,-0.025280709461846528,1,19,train
-0.8442240567891918,-0.455360421096056,-0.37498578539479466,-0.32599763653078867,-0.5532662281851921,0.7971089937573377,-0.34235858100754535,-0.4087617871583727,-0.1687840922394117,-1.0143207739969988,-0.5093384566998682,-0.3015415030846909,-0.4025841698011458,-0.1570168984794277,-0.7159132650188049,0.11885283578416604,-0.33648874398448564,-0.49605820796772965,-0.24718764796123271,-0.19096791848341216,-0.2853230266155873,-0.07745891212933606,-0.2627982895913691,-0.7263974134091667,-0.1331764656580738,-0.4929565818169125,0.2757851390181485,-0.27081752021867533,0.011558585064273487,-0.4562261402520871,-0.37000838092449223,-0.4892220027815489,-0.7739165893099764,0.07094145176714839,-0.3448291166311117,-0.4016277316634584,-0.2914677211432845,-0.5511023196225757,-0.15673909845250358,-0.3560622179075754,-0.130845619417243,-0.26310178240192567,-0.08907585932674338,0.172015412008914,-0.24965620693198157,-0.008879382025096368,-0.7938115724600474,-0.44703333920695265,-0.5225828470723197,-0.4113986785561784,-0.3046212948567559,-0.12572733648639017,-0.261210868609637,-0.4864092946820509,-0.45833814885563506,1,19,train
-0.7808991241408826,-0.6359058987641002,-0.32128444315141624,-0.5505547116705135,-0.5316916004873423,0.7576258140495725,-0.5530574901347112,-0.5163613231774987,-0.2267820473265134,-0.8648204637174968,-0.27696745571697906,-0.15703490219515606,-0.3889861374537172,-0.1269384048140413,-0.5139255923611752,-0.08528974262252449,-0.49872497628617285,-0.513018090457265,-0.22236757675201058,-0.22334882563022024,-0.36961057262184455,-0.0457873221831388,-0.05367924569634946,-0.7263974134091667,-0.18068806962257583,-0.16300569200353152,-0.657752992533429,-0.5783910992689448,-0.0009182053555731273,-0.8256957914078908,-0.6596638364726642,-0.15030977413396215,-0.08474764241450047,-0.04695405440703343,-0.2398089333888591,-0.08052613585497875,-0.4358538218463511,-0.3818367487771895,-0.10024552419360465,-0.3810262887283205,-0.024645989725246047,-0.01583117791326363,0.062158924636677576,0.21498170706092218,-0.350821094811295,-0.13199158553704315,-0.5057898126034635,-0.3050720066007266,-0.8408929972944804,-0.20993786547537366,-0.591519168921846,-0.21277770053472259,-0.41284748922335046,-0.8148138712258441,-0.3554334107818635,1,19,train
-1.2182829612699015,-0.5743563041045396,-0.4533607173175631,-0.35307189381713844,-0.6970970795041909,0.7307772518482922,-0.24704240783097037,-0.27067571593382755,0.0873735427286207,-1.0516958515668744,-0.07557925486514173,-0.29373033546904037,-0.19408100714057286,-0.07179449976083292,-0.5370098978077614,-0.19821967961345968,-0.28072003913078064,-0.3434192655619116,-0.2400961990443121,-0.3744597256486579,-0.05191136075210555,0.16727610109127916,0.11703017789142166,-0.7263974134091667,-0.06982766037207114,-0.33330292545559914,-0.02862946909649634,-0.42190629589249196,0.22366402220166595,-0.19998105961177148,-0.44410628815774555,-0.1446612369898357,-0.632950213808629,0.06532738004456831,-0.4041883506376023,-0.12117190747630528,-0.23130684585034011,-0.37700058961017846,-0.311154868093494,-0.42679375189968655,-0.16316724584524206,-0.08090238962080627,-0.023769929887993417,0.6446446575810043,-0.24525773354592445,0.03948612649745415,-0.5220163906235527,-0.4064729584623166,-0.41316373293345193,-0.7095606819157694,-0.4907172131692467,-0.07550597261235224,-0.6461345978598327,-0.6044296893774767,-0.5955444662873305,1,19,train
-0.27135431724983694,-1.8586911793340357,-0.8495895398160037,-1.0474469630435217,-1.8477438900561813,0.895027279432595,-1.900861623122772,-1.7483760105964923,-1.602622426337203,-0.5538598183361322,-1.387184460413005,0.5928371889072951,0.517549352374861,0.6726482184574804,1.3963006833438376,0.22309585454502928,1.5495074565226283,1.3243025125757304,-0.052172802745915944,0.10765600298159567,-0.427963489087715,0.21334386828574792,-1.0395261669157276,1.138871651380323,-0.47763559440071335,0.09776194671994703,0.09820995095127234,1.4451192892196703,-1.011538229363149,1.8023060821358103,1.5902180740643,0.7929959289351544,-0.022095919969457208,0.37410132478647307,0.8514877533458526,0.9031015373811233,-1.2660739008889836,0.7740052921384478,0.08053391343487196,-0.8095761711511114,-1.1605202899092135,-0.0939166319623148,0.03466169118878286,-0.2014608449816189,0.6344369436654967,0.2989011267547706,-0.5179597461185304,0.5385839128877025,0.5566875060246941,-0.15755805407436443,0.939895158858027,0.23586648340668293,0.7302593430954126,1.5148060936316892,0.26199501766076566,1,19,train
-0.6306864932076841,-1.0893212460895292,-1.408373776672779,-1.1812256461054853,-1.816580538937065,1.0118974913675798,-1.932633680848297,-2.085521223456421,-2.0295518179505905,-1.576441940647927,-0.9172786584253847,0.9404341478037438,0.6807257405440051,0.8606388038661453,1.3155056142807857,0.6226940931283385,0.8194444111650359,1.7313396923245785,0.8129839651183984,0.5142162816026303,0.11990555995295737,1.2469893947116404,-1.5303157597305697,1.624782080022963,-1.107164346930365,1.9603879376019366,0.265637985414327,1.1321496824667645,-1.5646759379763489,1.0574075919023351,1.8933458763821545,0.5614059060259701,1.7987197635896128,1.6148111754766723,2.125428237023612,1.7891793587260418,-1.0795751874808561,1.3156551188436836,0.44585902697575175,-1.0925023071195559,-1.6407273111251994,0.12732548784333017,0.289011100581809,0.3934570865077255,0.18139418490161482,0.7078095169908796,-1.3455152251430815,1.0537007483445797,1.0739415001357053,-0.4879537875268842,1.7656957963697053,0.9624022141177649,1.9277998340960216,1.0940377299349542,1.4925641771262836,1,19,train
-1.5378529702160197,-1.7622634810340576,-1.541901438467125,-0.10303316476084914,-1.7734312835413655,2.442767923976987,-0.3005532418950125,-0.313715530341478,-0.04151080190938302,1.1055936257663417,-3.137712667817437,0.01481078534915566,1.4150194873051534,0.4495660571058646,-0.31193791970354545,-0.2633715663389992,-0.6102623859935828,-0.2812330297669487,-0.4812054622196128,-0.3132957899269093,1.4231206943573969,-1.2233946210917461,-0.2414596116428977,-0.21697518983220526,-2.9442797002244427,-0.6260012954513403,1.432560649853799,1.4882875108407607,0.14880327968258625,-0.33704238181473095,-0.38348072769417463,-0.540058837078687,-0.6760232729895963,-2.1017043048713453,-0.1758836044587923,-0.2593675309888155,-3.0889484222651986,-0.20773501876479225,-0.21699891099532911,-0.33109814708683033,-0.2739842507412389,1.4981590144822285,-0.17500471385141436,-1.5763822866458814,-0.4915722431651224,-1.6401160785583913,2.183765494226328,-0.361856539643217,1.2529909596356708,-3.316463603181383,0.15286450432811757,-0.13911970018613362,-0.6150296500416351,-0.5582477958010057,-0.6598599275834377,1,19,train
-1.4789460561245693,-1.0380299172065623,-1.3154849684680163,-0.9678167945542575,-1.4354287829417183,-0.6542926923001073,-1.257059400789765,-1.2892846569148877,-1.2981331621299195,-0.9410656219600428,0.39432654712247855,0.41708591755515806,0.5764741592137186,0.454579139383429,0.5248681527352065,1.0570400046319353,0.39864418363253457,0.5498012122202831,0.3626769588939397,1.118659881676381,0.8655261592390795,0.6106783603380409,0.5736778859887094,0.29244703374475617,0.7735033099978396,0.5501139730770016,0.9911594680875638,0.473834302745135,0.676987407456093,0.3363458533563308,0.6067367598774833,0.20554806594600397,0.3929717412289544,0.5818219785219363,0.8286572787279716,0.8787140744083274,0.7854119466004201,0.7159713821343154,0.8450802850719709,0.5676084024599933,0.5709954115907369,0.5047385157470775,0.5983549768706246,0.7999843396921109,0.08022929702230139,-0.013276246436237324,0.7639399174685194,0.4371829610261124,0.7705521382052084,1.006885445532687,0.3777304056223774,0.6409854853239222,0.947993977822796,0.44235989835586437,0.46780449380830874,1,19,train
-0.57325225196852,-0.2481434524088689,-1.0513324201357226,-0.5234804543841637,-0.5029254302235425,-0.4774080472093197,-0.8072339519389111,-0.7961201168272266,-0.6504893303239506,-0.5553548214389272,0.16195554613958943,-0.13750698315602972,-0.29833258847085936,-0.09184682887109052,-0.7332264941037446,-0.21993697518863953,-0.19960192297993704,-0.48475161964137276,-0.378379452924264,-0.3384809399299823,0.09072910172002216,0.19606845558782213,0.3730943132730783,-0.5814080113141854,0.5913754948005818,-0.0831788638228748,-0.277234732390123,-0.562203016161036,0.31931941542048997,-0.49794045570516166,-0.713553223551394,-0.5061676142139283,-0.19438815669332618,-0.6476597287231027,0.2487632234337942,0.34625446616894984,0.5146880077821704,-0.40601754461224465,0.15209244082947726,0.23059344637993442,0.24316177210674625,-0.36287764035349107,-0.054704317516874976,-0.12874865335514346,-0.5091661367093508,-0.38700972138321865,0.04997048458459299,-0.33752031119643544,-0.4181373290306732,0.3259478973195669,-0.2542203169804562,0.008196300511044308,0.1548178084587564,-0.5274598667500251,-0.2568163701278325,1,19,train
-1.2698265110999205,-2.2956933014169154,-2.7436503946162416,-2.477604789110705,-1.864524156043398,-1.1170355584751144,-1.1282989563231638,-0.6849339296074629,-1.6831751417359553,-2.462978780605375,2.015759753980861,0.5694036860603434,3.5453778884023124,-3.9970379230937576,0.3517358618858095,0.3056215777307127,1.0982879354335608,-0.7617630336371167,3.986407355440371,1.1582365459669244,2.1103883771776486,4.129104079815591,1.1114125702901883,0.5197277181098621,2.7650313761765486,0.15097983217371816,0.9657915840780101,0.7760118540927682,1.4755019943262764,0.34826422920006644,0.04089819555082162,2.606176352199744,2.378248196206263,2.7432395917152697,0.906280892428767,1.6956940839969907,1.5193746251743419,-0.24642429210088052,0.6002747966167422,2.2193977550992945,0.46941315710273973,1.7584438613123992,1.966342340903387,1.9501590072381765,3.225137768053132,3.482230960420823,2.2689550288317966,2.4773701124813035,2.8445417107464745,1.5508296408508597,-3.2821559878566102,4.504682412699907,3.1214522066193555,2.2383224263297334,1.1066714093496404,1,19,train
-0.08432486500948203,-0.6420608582300562,-1.0063394036615407,-0.367405324145206,-0.5940183027255751,-0.4158142868652061,-0.7018844973753282,-0.6185808823956686,-0.34600006611666684,0.36706209298560105,0.34268854690405876,-0.41480343351162363,0.041618220214857476,-0.1319514870916057,0.034326661995248434,-0.03316823324209287,-0.28578992139020837,-0.28688632393012714,-0.7577719699795166,-0.1549891327647365,-0.5479111507120041,-0.36250322164511145,0.28773960147919275,-0.5187098914893286,0.6151312967828328,-0.7856549518126538,-0.6729737229391612,-0.6053712377821263,0.23614081262151257,-0.2774505025960529,-0.5990382760090934,-0.12206708841332992,-0.6799390056424115,-0.5971330832198819,0.20310227419803223,0.1267672994137866,0.42444669484275377,-0.5462661604555646,-0.07764809449004507,0.051684272164594564,0.11387526639474997,-0.4930200637685763,-0.20593910148029593,-0.29730873394379104,-0.4475875093045513,-0.4089940434389234,0.017517328544414512,-0.341576349270899,-0.3932693485445669,0.2816265184417899,-0.4015462523111782,-0.062113608912608795,-0.21844156535961523,-0.27602511283368336,-0.7027369017808425,1,19,train
-0.9546745207106612,-0.7056621060449355,-1.673977712633272,-0.5887771925453603,-1.1909163356994201,-0.6811412545013875,-1.03465499671109,-1.1816851208957617,-0.7197646655668777,0.08450650655734196,0.1413003460522215,0.22571231097172004,0.24558870542628758,0.2565623894196352,0.057410967441834694,0.6053202566681946,0.008263249656599723,-0.2247000881351642,-0.459931115468851,0.25876690300003335,0.6029380351426625,-0.26748845180651964,0.4883231741948238,-0.14643980502924137,1.1456775410531053,-0.610035929815209,0.6055676311423471,-0.21685724319231225,0.26941225374110356,-0.14038918039309345,-0.12076996568536744,-0.020393419819053883,-0.574214224016401,-0.5409923659940811,1.1437178284547294,0.6510977533288989,0.5026558327235815,-0.13519263125962672,0.34417059330973365,0.2389148033201828,0.5109695339387386,0.010197306769753426,0.0209130744648355,-0.4162923202416599,-0.00774017069884073,-0.4705501451948968,-0.018992472000786274,-0.47542560572819786,0.9446280016079526,0.7046942259114799,0.2575434583788937,0.28273975635578497,0.45031481273163393,-0.08616621701930288,-0.5055028204727804,1,19,train
-0.6999021172651383,-0.6400092050747376,-0.09341658552410788,-1.201929489912694,-1.2244768676738533,-0.5800643144495089,-1.8406619348007245,-1.8236956858098805,-1.5913450461813778,-0.1487139774786814,0.20326594631432526,0.7139102869498783,-0.19408100714057286,0.6325435602369652,0.70377151994625,0.6444113887035183,0.2414778335902751,0.662867095483852,-0.3996537996750258,0.5106184030307628,-0.3955452021622314,-0.33371086714856846,0.7699937231146462,0.9938822492853415,0.09646295350368589,-0.567461621452192,0.10328352775318309,0.45225019193458976,0.5979677347970644,0.574713370231043,1.0109071629679558,0.787347391791028,-0.382343324028456,-0.1816917757489555,-0.15761922476448753,-0.25530295382668283,1.0802002355358478,0.9626154996518782,0.5889760817649624,0.6258579010417319,0.8803595502587279,-0.07222622805980058,0.35087987583957214,-0.3270546305182583,0.11981555749681534,-0.24191319581556706,0.1594998862201953,0.9360756441851353,-0.3435333875723543,0.6926065771266317,1.0368201163124493,-0.36678988308177224,0.022621780231416443,0.16526853689703883,-0.33399492368316114,1,19,train
-1.5938145386028977,-1.2411435795831118,-0.9018394944311827,-1.472672062776192,-1.6895299536052828,-0.747472996410433,-1.8874839146067615,-1.8505955698146621,-1.5027370592427503,-1.1937211463324016,0.4769473474719503,1.4012930371271253,0.10507570450285796,0.7252855823719065,1.6271437378097002,1.678154658082079,1.057728877358139,1.2790761592703028,0.8094382406599381,1.2949559316978918,0.5056831743662119,0.4551996460567089,0.9492386178818059,1.0526617366211448,0.48843368621082744,1.1461542901592383,1.6811659131474257,0.9432887128744937,0.7185767088555818,0.8130808871057551,1.4218137394432697,1.4312806262214428,0.8393652636498877,1.1712995093928453,0.9473757467409528,0.8380683027870008,0.8997176096570145,1.364016710513794,1.5644317973019506,0.8422131814881895,0.9496201783187259,0.821418412723785,1.447332059574374,1.0346464126684634,0.5024827420837835,0.7078095169908796,0.8450728075689656,1.0699249006424343,0.43732119969138383,1.1559664472124824,1.0523281095051569,0.5204542120262312,0.8702316082773021,0.852865619035606,1.0080543686956094,1,19,train
-1.3905856849873939,-1.169335719146958,-0.9555408366745611,-0.8388159216016496,-1.056674207801688,-0.5721676785079559,-0.9527165320505256,-0.8983396760453963,-0.6166571898564747,-0.31764932809451885,0.6525165482145776,0.05386662342740832,0.395167061248003,0.23400351917059542,-0.3869619124049508,0.4489557285268997,0.08431148354801561,-0.11163420487159526,-0.28264489254583575,0.35231174586859004,0.4894740309034701,0.12984604024577331,0.4285748759391039,-0.4951980965550073,0.6072126961220825,-0.14704032636740016,0.5345375559155966,-0.03339230130267783,0.38170336751972306,0.12181508816908991,0.10825992939923373,0.07563171163109571,-0.5233096995298033,-0.34449985570377806,0.25332931835737044,0.2202525741428376,0.37631799460839827,-0.0626502437544612,0.40819664413648576,0.4386273698861436,0.3863004034307421,0.877813462870322,0.6155407477755588,-0.07586705944497953,0.3221453332554422,-0.3078661619826814,-0.07578549507109861,-0.38213673001553505,0.3627172582330649,0.7893077674054179,-0.14566436463150323,0.35639775670437396,-0.13679107733684645,-0.3529949354611349,-0.39402268755952785,0,19,train
-1.9678734430836073,-2.07001145433186,-1.820567863081413,-2.7356065350159207,-0.4837479833810093,-1.1596773925595005,0.8131409920628638,-0.8660598152396585,-1.4318506696918483,-2.5706190040066166,1.8453543532600756,-3.941545611977839,1.1158627756617225,-5.350570138036145,-1.073719999440892,0.8051193759598492,-1.989270360557924,-2.932627992297641,4.624637757963226,1.6907225746033239,2.194675923183906,2.833448127471158,-0.8517458009691794,-0.550058951401757,1.850432999859885,0.6565497439845439,-0.06921808351178232,-2.3321001026257444,1.1053572118708268,0.5329990547779684,-0.42389776800322193,0.2450878259548891,1.9005288125628081,0.29550432067035187,0.6368812919377712,-1.8770692415176116,0.6711062835438257,0.6579374721301829,-2.0624556701193613,2.5480913542391046,0.7464556693427318,2.391803655265814,3.382449863469965,3.3977926405289147,3.2163408212810176,3.174450451640956,2.378484430467399,2.1447749903752884,-0.05009121783629984,2.0544816735528717,-3.239509006576664,3.2926734978731247,1.48844244616398,1.3762604129022762,-2.936627257465633,0,19,train
