q1_z_1,q1_z_8,q1_z_3,q1_z_7,q1_z_9,q1_z_0,q1_z_2,q1_z_6,q1_z_5,q1_z_4,q2_z_2_3,q2_z_0_8,q2_z_1_4,q2_z_7_8,q2_z_0_7,q2_z_5_9,q2_z_0_1,q2_z_3_6,q2_z_3_9,q2_z_3_4,q2_z_6_9,q2_z_4_7,q2_z_2_6,q2_z_3_8,q2_z_1_7,q2_z_8_9,q2_z_2_9,q2_z_0_6,q2_z_4_9,q2_z_4_8,q2_z_1_6,q2_z_5_6,q2_z_1_8,q2_z_2_5,q2_z_0_2,q2_z_4_5,q2_z_6_8,q2_z_5_7,q2_z_0_3,q2_z_1_3,q2_z_2_7,q2_z_6_7,q2_z_4_6,q2_z_3_5,q2_z_1_9,q2_z_0_9,q2_z_1_5,q2_z_2_8,q2_z_1_2,q2_z_3_7,q2_z_0_5,q2_z_0_4,q2_z_2_4,q2_z_7_9,q2_z_5_8,y,split,set
2.492434705730637,2.5492108893735423,2.3120601227331465,1.715803835337415,2.9433183671212357,-1.013542610602882,-1.7070873059247214,2.8357211055143794,2.2892581515115134,0.44076098768725935,-5.427529484442332,-2.081828561184699,0.7143474037260306,2.4106726192032024,-1.5052490366523548,4.9519259873380355,-2.3759048240608207,3.9256169680522683,4.628109314836437,-1.1746065613609726,4.784767184008268,0.4555159009367816,-4.709200841682047,4.121861997982949,2.5619417353015783,4.049868462504069,-4.580381611998836,-2.5971925283231654,0.7310589320076231,0.7917177527050496,4.85189704112065,4.729873944686379,3.77110336023698,-3.3921797752156606,1.2885982855535905,-0.03477586007662403,4.993350941609057,2.211205710656024,-2.022291485301181,4.075335142875077,-2.4913041114265626,3.745846196640558,-1.1118365825915852,4.203396817379655,4.67595331785151,-2.386995750717616,3.6981018472049185,-3.527415617100974,-3.926945136816027,3.241181189621974,-2.16513291077681,-0.28619225172809803,-2.0077457252880353,3.3042909761050328,3.704245350094945,1,15,train
0.19535383244644797,0.533193450968641,0.6643375823106993,1.1182080048284544,0.6910929753169929,-0.469558373370332,0.35383127280531435,0.6778734831560799,-0.7884822665646387,0.7606919297465845,-0.24833443772896804,-0.14219944311530858,-0.19861196363348027,-0.2527722851317425,-0.4141073500513019,-0.8260056072198729,0.194671744909997,-0.18656362454593187,-0.040591696795060306,0.19716837750671926,-0.3274636487489424,0.2641513814134525,-0.34082075672077955,-0.2884772458871707,-0.6330028736340046,-0.4403270433987387,-0.8752770826576008,-0.3653449433103039,-0.16705104828183404,-0.5004557339253464,-0.27878574308478477,-0.9167957178228359,-0.5122046395686659,-0.8309612491402163,-0.5269672956379923,-1.397184012240866,-0.3428996289302129,-0.6574135620428048,-0.5870968410105748,-0.16872114086138457,-0.13918588183091146,0.19966239191929205,0.029798208841845506,-1.082571612502596,-0.4468374280284811,-0.20109677824074537,-0.5724972773086909,-0.3736069887305844,-0.3622548295066516,0.3304733761967503,0.3241810334612736,-0.4910749642625268,-0.30572388216144014,-0.1568977157451391,-0.6224343298230939,1,15,train
0.3073001788027028,-0.13348954351377187,1.2577829238310576,-1.1304472107052614,0.7313959560124372,2.481144004345621,0.8343563300221619,1.381064691933542,1.4031297114491452,1.2825904497539753,0.4469343876374347,-0.34319727918467546,-0.2280622658063677,-0.11584559850755789,-2.1591167140162812,0.405264273145351,0.493113297035092,0.9766738373148646,0.14458514621436205,0.6308409871321127,0.6655203550523514,-1.9221882541405828,0.30204368840649914,-0.6254469858682585,-0.7158229731677286,-0.43506920322789233,-0.025630470704168164,2.8860414617276264,0.07909761298268383,-0.8190738539164029,-0.1346461598495819,1.1660571871419936,-0.2317983283859434,0.1643309242051636,1.481829212154912,1.3442470256505965,-0.69534036428676,-1.1659934729396093,2.892162902724228,-0.1650937423282765,-1.0370374640959181,-1.8761525181614487,0.8244655636631552,1.2604218506183686,-0.2170299926992852,1.4263170172021995,-0.07084032446727528,-0.582767248869583,-0.004828406571423289,-1.732866805954755,2.7384402859132835,2.6726952944086513,0.20394749393965572,-1.2242246251262494,-0.5671277065793038,1,15,train
0.22733850283394935,1.247781810324042,1.5346135719704426,0.2210837018150032,0.8167434445439664,-0.5833005320644107,1.5025149810093976,1.429338687959455,0.4814375881735714,1.613245334005233,1.0232267295186777,-0.5492200611557765,-0.2280622658063677,-0.1644324873096879,-0.09943353031991208,0.07767870864451164,0.07131590336495776,1.2139898412396424,0.621555802450753,0.671925760675571,0.2617796062540232,0.03929807097354077,1.146287357308588,0.7868526596407123,-0.4227672363560899,0.5218577078661486,0.533630590328471,-0.7508848332357502,0.7244062654869604,1.122136543806886,-0.22730732050078373,-0.13275603116307114,-0.22773446880358508,0.24395429807279398,-0.7282495108477021,-0.023699371034638327,0.8633411977126172,-0.21454903289109314,-0.787154276275326,-0.17960333646070883,-0.028535158664449393,-0.15810116265901744,1.1415863390613303,0.18746222731998305,-0.05903738091046303,-0.4052741547907827,-0.24348849654906118,0.672194311964408,-0.2186459988630331,-0.0720262486582661,-0.1094682968582585,-0.6721341055720219,1.284076740539226,-0.28396044305241414,0.2326911526385833,1,15,train
1.9719568876067513,1.6330207861776518,1.3423240199694326,1.968576643841205,1.6631060391482977,-0.5289021083411556,0.5963820159719136,1.6948456661019748,1.3823842295747755,1.509580559483217,0.5175766747067484,-0.8205671398494218,2.2036912564691957,1.8717998524886696,-0.6920011129309708,1.1677479146559253,-0.7285074563302967,1.4746484029275133,0.9638523910439277,0.681055710351895,1.7239758316317526,2.5079003728244866,0.24395352770222695,1.2377974587330502,2.221105171835868,1.6890982257940448,0.3884378148680743,-0.768019939454659,1.3431042519085863,1.7180704349012694,2.130404433846463,1.3046500610464975,1.6538325178283066,0.024990019936810413,-0.3216594361240882,1.7153094085571177,1.7667808291899632,1.5054796545239417,-0.6349366624869284,1.8517398420798197,0.2686410692683345,2.5978576478837843,1.3915521267281272,1.2910778398554654,1.755483827209646,-0.6214619652555282,1.5872336300540268,0.05291589469011844,0.26643271797763396,2.190445326842563,-0.8475060994213083,-0.5720751064273009,0.3021410618123439,2.1403963939703936,1.0197469449540575,1,15,train
2.3165190185993794,2.14800345856227,2.0518061601110897,2.5471779858498804,2.305582966705087,-0.6426442670352343,1.3759004421236887,2.021499705877318,2.2492490078966574,2.119057940724725,1.4210543461721807,-1.1371387316586745,3.7351069694593426,3.196896819819488,-1.4562089608500601,3.9804653477838223,-1.269681470850469,2.840188032068448,3.146694570761058,1.0211463357949668,2.9024623416376834,4.722944686307021,1.746552351252734,2.952378782754468,3.6577153599016183,2.8405652232094014,1.7328153654273033,-1.1449922762706508,3.6183162019752113,3.340662712633502,3.2286107823051515,3.2528698885040948,2.6901167113296727,1.5975516538225107,-0.7322751551518962,3.9416837059962444,2.9829495638710064,3.3883682010463807,-1.2742506403981986,3.4078938127831893,1.9979537998984702,4.087883880687952,2.2272586407186123,3.651589011111914,3.1534790587955874,-1.3420880001380129,3.411440731295538,1.328383363380874,1.6769905656327317,4.571548370721713,-1.2061007379547675,-1.4201942420349358,2.0041629049389393,3.843036939887879,3.1596878289253194,1,15,train
0.3538233357299775,0.183883498769772,-0.302083183349549,1.3213029203314997,0.24301866052646465,2.2454175015448494,-0.11754092617883145,-0.5144942186839648,-0.3987635713532627,-0.34208679232382677,0.01936265011264158,0.4406942814858553,-0.20702633568287668,-0.1997684064385097,2.6345506956580067,-0.4193476650808998,0.672178228310149,-0.2565912978352106,-0.410945382813905,0.2519480755646637,-0.3820232093973651,-0.5969889564415286,-0.5112185614533112,-0.3677642435297796,-0.16156538398049894,-0.3877486416902749,-0.4450762664786476,-0.8965332360964744,-0.24688304652978577,-0.347047009485208,-0.5258821714879897,-0.623770784424742,-0.2683730646271681,-0.5390088782922382,-0.3095825032115056,-0.7215181806797378,-0.7201601343822915,-0.5431259416165566,-0.14349122368438744,-0.4806774147086801,-0.5628200790967948,-0.8932856099792799,-0.029895113586046296,-0.6621466172509837,-0.4181114986123316,0.6396335957888203,-0.5399221505008068,-0.5130471621565834,-0.3941679029830113,-0.5253679313897056,-0.8099787535282718,-0.3862512508728191,-0.2589650403173029,-0.30937298851386913,-0.30761201289690426,1,15,train
0.6591315530652178,-0.8361015616509258,-1.7227051321845968,0.08081670981290007,-1.4971218000886028,1.1145896629341547,-0.7109512349323354,-1.9385771014483908,-1.5042013912303978,-1.8756105257702007,0.5027046142711034,-0.7602677890286117,-1.1662647493140677,-0.341112082953797,0.047686697086971444,1.4332051824410883,0.6323860213601363,1.245113251590433,0.9750752300141957,0.7244229713144344,1.2165719176014211,-0.6304777473581111,0.5111682669418789,0.5143036052442443,-0.34950330215318026,0.6585615523081545,0.033522141520437906,-1.6804643456115484,1.2167035880159962,0.4612989616032132,-1.119599978623468,1.5897554016500484,-0.7275891974336556,0.4529656544753238,-0.6437109804596239,1.8482272770609462,0.4612609221650072,-0.380266082509153,-1.322090461874552,-0.9413570284134071,-0.34784153123052564,-0.2642507887426917,1.2721654818723436,1.3655280994312717,-0.8777263692707234,-1.2580149627350563,-1.1197594076811443,-0.23416681530458539,-0.525011504236086,-0.4660521972005453,-1.4854709796029275,-1.634606383059338,0.4564452398979968,-0.24330037031408613,0.3688305329309896,1,15,train
-0.4981319755007408,-0.5686299411100774,-0.3170022003151446,-0.3940455026942199,-0.6270515697810692,-0.46626149920528626,-0.32042928367038936,-0.29082470376390246,1.296438661809529,-0.2044628675273573,-0.12935795424380822,0.16934720279221008,-0.33744910244852105,-0.6547183652220907,0.5462608010769656,-0.967206281573683,0.3976120003550616,-0.6067296642816041,-0.5792879673679253,0.03282928333288594,-0.41475894578641875,-0.7452964590721086,-0.6351442376224252,-0.665090484689563,-0.31446402927352785,-0.08279391178118492,-0.3482810828383831,0.26865398678931895,-0.6327377047282192,-0.6066617739223652,-0.23417111017865053,-0.6831677303838151,-0.36184183502140893,-0.847549452029306,0.16544352468340956,-0.6938269580747736,-0.5414577896944648,-0.5831266087657435,0.22183104940776685,-0.2158773217917897,-0.11705573719761905,-0.41757802641911,-0.417901709367343,-0.6840437524203384,-0.2601188868235094,0.1231849374563728,-0.8135532156870335,-0.3736069887305844,-0.1675850813008576,-0.19913139334932392,-0.7140755362460676,0.1188084590957726,-0.6330357750704008,-0.6397360795127842,-1.0010719812613489,1,15,train
0.15609991878905996,0.05413980223876349,0.2134517362393656,-0.26108408319222637,0.02253764848668087,-0.38878495632671095,0.7611334641605472,0.00525580519502903,-0.1779723714046124,0.195897640971463,-0.460261298936909,-0.29797276606906786,-0.4720790552388637,-0.7386411731530426,0.05586004305402053,-0.29509107164954695,0.05937824127995397,-0.8557169470879286,-0.39972254384363703,-0.34606362823456305,-0.7202924854175861,-0.42476088887053237,-0.5460726578758746,-0.3082989952978229,-0.5151435012206282,-0.6190936092075155,-0.42894373587193685,0.17012712603059377,-0.5928217056042433,-0.5240570761469061,-0.4469485901925214,-0.8138410114937759,-0.24805376671537657,-0.5821382058038713,-0.22906961712762172,-0.9319714724774664,-0.6208810540001656,-0.23454936646568658,-0.0956514022080339,-0.3899924513809779,-0.5027525436635726,-0.405783623520924,-0.5522116848300995,-0.8986356770800156,-0.47077570254193896,-0.0869976560510186,-0.16530819221013926,-0.5745648857268771,-0.27928083846811647,-0.30505234725853875,-0.06360154076676953,0.09498488787083904,-0.5348422071977126,-0.30937298851386913,-0.3501555692382813,1,15,train
-0.22626227720697914,-0.20734364769296135,-1.9000756672200112,1.9729599873412706,-0.6720960776171541,-0.5948395916420708,-1.1823234339164812,-1.7760546481611512,-1.7146198502418633,-1.923868265633898,1.1422032130038375,0.06382333885579246,0.18844915063875473,-1.1803401622633156,-0.8350346673543297,0.4165603270936558,0.20263018629999954,1.3462643352305024,0.3634305061345885,0.8157224680776751,0.2508676941243386,-3.481809088255716,1.0146163263789045,-0.35785336882445345,-0.8655362300171527,-0.1353723134896487,0.03889965172267482,0.812693609239671,0.33189894076786436,-0.4119507005944973,0.10901837371468961,1.8154637962945261,-0.5081407799863076,1.1529878163949077,0.44321298167280915,2.41866646272321,-0.29326008873914994,-2.4174429166070266,0.887239475397048,0.19039131391631603,-2.0044409294941294,-2.9297858437327338,1.294550477782803,2.0793747059522385,-0.45162508293117265,0.18924232398726723,0.14089799978397155,-0.04551246302235145,-0.02716755800487506,-3.2454180277783427,0.7203030178877693,0.7001035969841516,1.3635667716742592,-1.3258748069720694,0.11782355051686547,1,15,train
-0.5679167108916529,-0.6484722158983903,-1.0712413913535888,-0.2727729991924016,-0.6578714961952326,-0.5701130354042276,-0.9184160215402443,-1.0358533757638224,-0.8240459497778442,-1.1231472486362575,0.3130858437166299,0.3351704175494377,0.06644075592250673,-0.3676140223004134,0.14576684869156045,0.15110305930849288,0.40159122105006284,-0.062069983142769715,-0.2874941541409568,0.10815136816255955,-0.0546658455068287,0.04408218396162401,0.034828949166847145,-0.2637000591238554,-0.4578065092357424,-0.07753607161033854,-0.12780316454666957,0.5942210049485848,-0.373283710422376,-0.11103358726961057,0.05067616145282179,0.21966584819409585,-0.09362710258576128,0.09134283149316907,0.419059115847644,0.0206065851333045,0.18824345111416085,0.03402654153599661,0.5262662769845622,0.12872553885347854,-0.056988201764396784,-0.23673051531359096,0.1902240128668047,0.09549425960869284,0.0032021328245275186,0.35138318183582634,0.023627543275588695,0.09392771040364756,0.17707611224382686,-0.24997345122574705,0.3700477895527625,0.5714563123695103,0.12445746280462242,-0.6295710613282023,-0.026824541043816246,1,15,train
0.4265157684288442,1.8645633830637593,0.8433657858978465,2.4843500623489385,1.2055486700764884,1.3058083645068086,0.7428277476951434,0.6295994871301671,2.4833765890502595,0.8589947331726341,0.5138586595978372,1.8175294585610184,0.03699045374961929,2.653607063213853,2.6263773496909577,2.0262480147270905,-0.05203993818008148,0.9883451161964111,0.615944382965619,0.8978920151645918,0.8019192566734082,1.4793160803865926,0.16649998009653072,0.7967635343460384,0.11237802216951112,1.2106347702470244,0.3723052842613636,0.5813696752844032,0.6844902663629845,1.0572328526975967,-0.21357974114505013,0.9126302177166152,0.03235254446734595,0.6785652137669432,0.45528991458539175,1.3442470256505965,0.4463690601076883,3.642658156494783,0.93942837155307,0.0307857784595602,0.77763439583406,0.9348468392395544,0.8244655636631552,1.5538434618877233,0.09895523087835913,1.3002074610977647,0.36240886207758366,0.41381987296917466,0.0845281991623838,1.5464459270745368,2.52995503095197,1.0050453086633013,0.554638807770685,1.8964359575404255,2.878900357072231,1,15,train
-0.11722362815867901,0.8545586069916006,0.7356173300352116,-0.30053417469281785,0.812001917403326,-0.5470349162489073,0.7184201257412718,1.0174005885383328,0.8622653625816461,0.8607820568712895,0.16808325446909136,-0.36329706279161217,-0.4636646831894673,-0.7651431124996589,0.23158698134557584,0.26406359879154095,0.20263018629999954,-0.1710019193705366,0.15019656569949608,0.03511177075196696,0.218131957735285,-0.7835693629767745,-0.02326121153742503,0.11786861703119986,-0.49921655900260437,0.12751969505267025,-0.10091561353548499,-0.5109933461710281,0.025876280817382673,-0.022528553938761544,-0.3817425882527868,-0.01000234284765342,-0.44718288625093316,-0.22383302339953456,-0.08414642217663064,-0.1344642614544954,0.15349577298041678,-0.3288366533173413,-0.1956801198404095,-0.30656228511949185,-0.5628200790967948,-0.6652604872810166,0.16037735165285882,-0.14975365428808105,-0.7628226516061255,-0.7055350026584848,-0.34121387697271355,-0.1357384575921155,-0.4516114352404587,-0.771104544459084,-0.6640390750553523,-0.2576039662581778,0.15718865209551847,-0.7972938613738052,0.09655177234617698,1,15,train
1.6913640973891255,-1.9618776361661379,2.229176695146504,-0.408656647694439,-0.6033439340778666,-0.9129879485689864,0.8419837118827468,1.8284037217736668,1.9765941032620824,2.1208452644233806,-0.4788513744814652,1.6215565683933857,2.6454457890625074,0.03433205778993488,0.3705338627854103,-1.1422951177724074,-1.4447671814305247,2.797393342836111,-1.421000890138027,1.0941859332055595,-0.6602769687043211,-1.1519460630591831,0.2594442372233662,-3.836570390393918,-1.1872604628212344,0.23267649846959781,-0.864522062253127,-1.4619917413204624,-1.663901015430929,-3.8695473360529995,1.821533898342457,2.57178490817339,-2.5400705711654563,0.4960949819869569,-0.8047367526273917,3.470932921711852,-3.217029005992759,-0.7631296109370844,-1.8613757221534464,2.5046715780392756,-0.5975960206633972,-0.830382127855621,1.9250611959274102,3.54210333526514,-1.121896769307994,0.2853257953049319,1.9781351517486367,-1.5055331024239882,-0.30161998990156824,-1.063446377248517,-1.7314835804572775,-1.701312382489152,-0.011143178543375565,-0.05016502480702808,-3.166538999037437,1,15,train
2.8515353232630387,2.4853370695428922,2.0551214972145555,1.3914364163325512,2.507097870182309,1.4195505232008874,2.1706736319966335,2.1421846959420994,1.118620245743502,1.9689227500376674,2.5401768939544653,2.4707724257864605,4.324113012917092,1.721622196191177,1.649662506628592,2.229576985796577,3.0079807762758923,3.015257215291645,3.691002260819057,1.0667960841765871,3.513529420900018,2.2112853675633266,3.117480143873557,3.670917198890611,2.291183717595173,3.4504746830275814,3.4321085893341685,2.1877858833070962,3.5983582024132232,3.5825764704044896,4.172381863011837,1.43928313855373,4.279085808031766,1.1927995033287229,2.0051629717001576,1.7319241421200962,3.548840322049124,0.6511796918377367,2.2615470741722947,4.263959866596697,1.523736414899347,2.114287129058157,2.1936811468529234,1.6151554403619166,4.565837255089604,2.717438663033318,1.9162424108136569,3.0180701707782736,3.531140134609229,2.211629517624406,1.0288611952305133,1.8817527297408567,2.990774467850235,1.9828386121093726,1.5770675330260957,1,15,train
-0.7045784843655223,1.4294229854674538,2.083301862594014,-0.11497263319003556,1.6702183298592583,-0.7118786245011952,2.0882979079023167,1.8815051174021706,1.4653661570722547,2.070800200861028,2.5141507881920866,-0.8959413283754344,-1.6290552120308703,-0.7430581630441453,0.1212468107904132,1.3993170205961738,0.6483029041401414,2.5289539285605427,2.0300220932193898,1.039406235147615,1.8603747332528093,-0.6591824252866105,2.5133424725491267,1.6887422578253883,-0.4068402941380661,1.3368229343473375,2.1683936918084936,-1.1664111590442867,2.254519565239369,1.942283186006087,-1.3186498792816055,1.6768709223900222,-1.414381466852208,1.484751874176701,-1.4931219286445994,2.424204707244203,1.3498086915850342,-0.39169484455177783,-1.313392312515215,-1.601543561439079,-0.5470128329301573,-0.7124380988737608,2.0705636693453964,2.2414135062054643,-1.394793098761414,-0.9577541148673544,-1.1197594076811443,1.3981034500938734,-1.600482080389407,-0.5677363129533916,-1.0101245982911327,-1.2057821010105338,3.145078645935888,-0.5584159340361282,0.9772033886126804,1,15,train
-0.0881466550791323,-0.2133318183020848,-0.6667702647307747,0.07497225181281243,-0.10785434788093318,0.8425975443178796,-0.6178971762331998,-0.5257581510900111,-0.858127812857166,-0.6673797054791183,-0.22602634707550057,-0.32309749557773876,-0.3584850325720121,-0.7209732135886316,-0.02996008959999486,-0.20472264006310853,-0.016226951925070086,-0.5950583854000577,-0.36605402693283295,-0.16802960954624366,-0.42021490185126104,-0.6974553291912763,-0.13556885556568457,-0.5114719267570083,-0.8018284611450573,-0.5822887280115909,-0.2407308787936448,-0.2711018591063059,-0.672653703852195,-0.4827547272591765,-0.27535384824585135,-0.2871880906566612,-0.3780972733508421,-0.008186385841368916,-0.4021723222079721,-0.300611597084281,-0.42232289323591365,-0.2431209379976552,-0.16523659708272997,-0.28479789392084337,-0.3320342850638882,-0.6573975520155593,-0.29478423185981617,-0.0840622487800166,-0.5521658358876959,0.14120058832843493,-0.29886621212246417,-0.3777081703019373,-0.2090720768201252,-0.5296047695460743,-0.6473602546584473,-0.3814865366278324,-0.3337791872679225,-0.6499010976973663,-0.41397090375034673,1,15,train
1.7829565625896977,0.7327991379394233,-0.021937198106698287,0.967713211326198,-0.3828629220380828,-0.44153494296744306,1.557432130405609,-1.0068889781482748,0.13172803657705145,-0.33672482122786046,-0.22974436218441183,-0.41857146771068804,-0.7034742865972651,0.08733593648316762,-0.52036084762294,-0.37416344928768064,-0.6131100561752599,-0.6650860586893365,-0.11354015010180245,0.25651305040282574,-0.3056398244895733,-0.6496141993104441,-1.5181146803273622,-0.2091902482445618,0.7717534299956982,-0.4245535228861996,-0.35903610324285695,0.21724866813259278,-0.1737037148024967,-0.3942496939283275,-1.407879145093874,-0.6000120060411128,0.30056727690299356,-0.5589147217591458,-0.3256850804282824,-0.40583824298314525,-0.9336101572038623,-0.05168917378368952,0.07831158497870623,-0.18323073499381692,0.6954367157675453,-1.1763512795357445,-0.11570426457614076,-0.4125192763203388,-0.767610306508817,0.27932057834757784,-0.34121387697271355,0.16364779711664706,1.3514772161738628,-0.11439463022195204,-0.05943183566754326,-0.0956036819286295,-0.712525806205434,-0.7871288431892232,-0.2608141009213896,1,15,train
0.13574603763337725,0.058131915978179134,-0.4794537183849633,0.35988957931708443,-0.2761785613736713,-0.4036208900694168,-0.24415546506454053,-0.5933417455262889,-0.004599415740235981,-0.5136698673947497,-0.4862874046992877,0.08894806836446333,-0.5436012176587331,-0.5663785674000362,-0.001353378715323064,-0.3459233144169186,0.07131590336495776,-0.9879914410787883,-0.5007280945760492,-0.38486591435894035,-0.5347899792129488,-0.3099421771565349,-0.2633672091150833,-0.4668729905830407,-0.49921655900260437,-0.513936805790588,-0.4235662256696999,0.08873537149077733,-0.692611703414183,-0.35294734504059794,-0.4881313282597223,-0.6594089520001859,-0.4837576224921578,-0.5091501130918767,-0.18881317408567974,-0.832283071099595,-0.41239498519770107,-0.3031219387214355,0.10875510773638576,-0.36097326311611316,-0.5343670359968474,-0.2445934505790483,-0.45147920323303214,-0.48259010886227416,-0.45162508293117265,-0.008929835605416072,-0.33795636429192516,-0.46383298330034844,-0.5058636601502702,-0.45334168273143954,-0.12197741215593731,0.428514885019909,-0.5722492806730224,-0.28396044305241414,-0.20976183331173726,1,15,train
-0.05325428738367627,-0.3051504343086447,-0.05343290058962233,0.6857181128219699,0.09366055559628854,-0.3426287180160703,-0.19686569752891425,0.19352438969608873,0.39993748080997565,-0.045391058347022444,-0.5903918277488026,-0.01657579557195428,-0.3584850325720121,-0.7209732135886316,0.03951335111992236,-0.1708344782181941,0.20263018629999954,-0.8557169470879286,-0.47267099715037914,-0.341498653396401,-0.35474342907315376,-0.3817038719777833,-0.8520141709183746,-0.6105806738102693,-0.5278850549950473,-0.9661110604833766,-0.2030883073779864,-0.03121037204158375,-0.4265050425876772,-0.529957411702296,-0.43665290567572124,-0.5168562816984105,-0.3862249925155587,-0.7612907970060397,-0.07609513356824224,-0.5609090895709451,-0.8244031687835238,-0.06883231684762674,-0.12609492496571342,-0.270288299788411,-0.4458464574636778,-0.260319321109963,-0.42536337467082946,-0.39500156818485493,-0.3941732240988737,0.009085815266646048,-0.28909367408009895,-0.6073743382977004,-0.38140267359246743,-0.16523668809837516,-0.1803532835451051,-0.07178011070369594,-0.8200711424469497,-0.3906931339905252,-0.3501555692382813,1,15,train
0.16336916205894664,-0.15145405534114229,1.0522320234161848,-0.3370620371933655,0.5132857075429738,-0.5618708499916132,0.9274103887212974,1.19601437383421,1.2445749571236044,1.2414820046849,0.3316759192611861,0.1442224732835392,-0.16074728941119643,-0.48687274936018704,0.18254690554328135,0.15110305930849288,0.18671330351999446,0.48258969799606477,-0.1359858280423385,0.3181402107180132,-0.06012180157167098,-0.8314104928576067,0.2865529788853599,-0.6898676714528783,-0.5438119972130712,-0.5875465681824373,-0.4396987562764107,-0.6052364303750261,-0.4597683751909904,-0.8662765383595223,-0.10032721146024788,0.6354444699076075,-0.5162684991510242,0.2240484546058864,-0.7443520880644788,1.211329157146768,-0.8045473527070987,-0.520268417531307,-0.5610023929325637,-0.17597593792760075,-0.5754658760301048,-0.6416716814846446,0.6304622657725067,0.8794116986715951,-0.5665288005957706,-0.31519590043047213,-0.3509864150150788,-0.6155767014404062,-0.23460253560121294,-0.6948414576444494,-0.751602882139104,-0.5625456779373275,0.30681694599675763,-0.6803961522511122,-0.3884447699455205,1,15,train
0.26950011379929206,-0.8081567654750162,0.33446154051586324,-0.6716572576983824,-0.6294223333513894,2.26849562070017,-0.5187412120455963,0.25788971773063907,0.16432807952248976,0.5533623807025525,-0.794882658738921,-1.3331116218263073,-0.3458634744979175,-0.4162009111025434,-1.0516283354811304,-0.44193977297750947,0.4573003107800806,-0.5444828435800231,-0.43339106075444106,0.2177107642784484,-0.14196114254430509,-0.774001137000608,-0.8094147197352417,-0.7988872932114655,-0.48010422834097577,-0.15114583400218784,-0.37516863384956767,0.7827071733565808,-0.7192223694968336,-0.9370805650242016,-0.23073921533971714,-0.3861830005884497,-0.6138011291276233,-0.4892442696249692,-1.2073011830468114,-0.29507335256328815,-0.7846915366306735,-0.13740488910337564,0.8133052058426834,-0.28479789392084337,-0.022212260197794417,-0.7438898399355902,-0.07839593805870838,-0.41689870335420975,-0.4755633574446306,-0.6935245687437767,-0.29886621212246417,-0.3407975361597611,-0.518628889540814,-0.8049992497100328,0.24078693147674815,1.2385163066676503,-1.035161814929981,-0.6346535704204932,-0.3969534812137959,1,15,train
1.36715584755218,0.9124442562131274,0.6543915710003022,0.7383182348227586,0.1766372805574975,-0.4530740025451032,1.3408144855649982,0.10824033005030954,0.7022287881222218,0.623068004950115,0.34282996458791987,-0.43364630541589055,0.35252940560198476,0.09175292637427035,-0.20160035490802564,-0.37981147626183304,-0.2828347384901549,-0.5367019909923255,-0.382888285388235,0.39117980812860575,-0.31109578055441556,0.11584387878287243,-0.3834202079039125,0.14760124114717818,0.13786112971834927,-0.5297103263031271,-0.21922083798469713,-0.14258856246449045,-1.0052870298853274,0.22528553938761575,-0.27878574308478477,-0.49705729971205276,0.5850374476680744,0.02167237935899248,-0.5954032488092936,0.05937429678025448,-0.16419728424238622,0.06831282766387105,-0.12609492496571342,0.5349941745615843,0.29393266313495436,-0.22493611241540493,-0.2873225665563297,0.24877420579417653,-0.011160831883547224,-0.050966354306894356,0.5024819073514853,0.11443361826041211,0.7898071229899326,0.12710514469105783,-0.3012747314226669,-0.08607425343865609,0.23667868323055177,-0.39577564308281615,-0.009807118507265457,1,15,train
0.17936149725269732,0.9723259623043622,0.7273289872765474,0.3379728618167558,0.5749255603713004,-0.4992302408557438,1.095212789654165,0.5700615586982081,0.08282797215889401,0.6731130685124675,0.17551928468691386,-0.5542450070575107,-0.17336884748529102,-0.19093442665630428,-0.013613397665896691,-0.45888385389996666,-0.04010227609507768,-0.15933064048899015,-0.27065989568555476,0.06250161978093918,-0.1856087910630433,-0.07552064074045671,-0.019388534157140216,0.05840336879924318,-0.4386941785741138,-0.04598903058526027,0.0980522639472809,-0.3781962729744855,-0.5129897073562916,-0.14053526504656025,-0.48469943342078886,-0.6198109880274705,-0.6219288482923399,-0.4527502232689719,-0.22906961712762172,-0.6495210019068308,-0.2088728704143429,-0.29740755770012306,-0.16088752240306148,-0.07078138046746624,-0.19609196803080625,-0.14237529212810274,-0.02243344828255982,-0.7672528660638868,-0.17872875347775255,0.04511711701077029,-0.3542439276958672,0.12673716297447085,-0.3080026045968402,-0.22878926044390407,-0.18452298864433136,-0.15278025286847008,-0.17012324081344216,-0.4872608067440542,-0.24805103401897652,1,15,train
0.3334694545742948,-0.414933562142575,-1.4359284727348145,-0.49340128869570965,-1.0134860317432708,2.458065885190301,-0.546199786743702,-1.5137659364203586,-1.493828650293213,-1.4788246646686916,0.22385348110276004,-0.9110161660806368,-0.5267724735599404,-0.6237994359843716,-0.9903282407282623,0.7046097027754284,0.6363652420551376,0.6654397338069592,0.11652804878869201,0.5714963142360062,0.51820954130161,0.3502654151989506,0.19360872175852442,0.05840336879924318,-0.6330028736340046,-0.061762551097799406,0.0012570803070164139,-2.8585028981615235,0.15227694470997294,0.03057446605974788,-0.48126753858185545,0.9997457384565891,-0.3740334137684838,0.13778979958262014,-1.1710703843090637,1.5879297845742821,-0.09966588199400438,0.334031545154898,-2.174509099089579,-0.6185185589667874,-0.0791183463976892,0.054198089508331056,0.7050789188073715,0.997656228586111,-0.7628226516061255,-1.9245940450013548,-0.7190853479441696,-0.0988278234499393,-0.35906352215901566,0.27963131832032717,-3.186710660087246,-2.468431375932013,0.36292755620972234,-0.35003306125219713,0.2241824413703079,1,15,train
0.21570771360213067,0.26771788729750057,0.5035437327926133,1.5594645838350707,1.072785910138554,-0.4843943071130379,0.08382195494060946,0.2611079841323666,-1.3767648597164117,0.5086792882361664,-0.18141016576856564,-0.10199987590143521,-0.2112335217075749,-0.48687274936018704,-0.6225276722110535,-1.6167293836012093,0.16681720004498815,-0.3421806762998846,-0.09670589164640042,0.19716837750671926,-0.21834452745209693,0.4698682399010313,-0.5034732066927416,-0.5461599882256496,-0.18067771464212756,-0.1879507151981125,-0.8107469602307579,-0.15972366868339918,-0.2069670474058099,-0.33524633837442813,-0.2822176379237182,-0.9722328673846374,-0.5162684991510242,-0.4593855044246078,-0.21296703991084492,-1.5190253917027088,-0.45210661735055147,-1.597429240048696,-0.03911343137234336,-0.186858133526925,-0.4458464574636778,0.1406903774283619,-0.12689676253137047,-1.319060672331628,-0.1643657887696778,-0.34522198521724234,-0.6409050436052476,-0.6196778830117592,-0.17396769599612957,0.45334168273143954,0.5660239292163972,-0.3195452514430051,-0.3524827240055774,0.7528714117749502,-0.5713820622134415,1,15,train
0.7507240182657899,1.3615570518973878,1.0257093265884594,0.3043672283162519,1.1083473636933578,0.9546912659294354,1.3804768712400395,0.8403959364433194,-0.1409268680575234,0.9930440105717927,0.5510388106869496,0.8175652241159181,0.21369226678694395,-0.2616062649139479,0.2520203462631986,-0.3572193683652234,0.6562613455301439,0.24527369407128688,0.12775088775896,0.4025922452240109,0.2126760016704427,-0.1424982225736219,0.26331691460365103,0.7967635343460384,-0.20934621063457048,0.21690297795705868,0.7433534882157108,0.5899372283938575,0.41838360553647874,0.7445150682619301,0.060971845969622,-0.6079315988356558,0.0933104382027204,-0.6053616898485968,1.0229057614767734,-0.8045918484946307,0.3321981176682435,-0.28597879565749823,0.8915885500767164,0.34636945083996373,-0.056988201764396784,-0.30356546506997845,0.414073971971399,-0.6928026064880803,0.09895523087835913,0.9398944436565223,-0.3477289023342904,0.676295493535761,0.34302409432089714,-0.004236838156368594,-0.3471414875141559,0.6048093120844173,0.5686664603239261,-0.4466007340057262,-0.5798907734817169,1,15,train
0.5762621797885097,2.327648576835974,2.177788970042786,0.39495632731761027,2.4098965637991783,2.8883079637287725,2.512380339350836,2.3272350140414315,1.8358211905431443,2.1601663857938003,3.0681350394198623,4.96314559304661,0.6554467993802556,-0.05842472992322242,1.0325748861163861,3.2405738141698577,1.121830166845292,3.2525732192164227,3.5170482567799026,1.1512481186825847,3.46988177238128,0.40767477105594935,3.996577909198209,3.5371203903687083,-0.3558740790403898,3.1455199531184914,4.03976724218694,5.426320958680845,3.8910755293223795,3.889393919284766,0.6100750201989662,3.0825986434214188,0.4509300814502506,2.758725856058787,5.278011791010039,3.2992473415610735,3.697758942622313,0.22831549626061848,5.292852125901242,0.5458763701609085,0.31606280776824675,0.309743485635695,2.536917750813301,3.2618200050973987,0.7644392623524888,5.443807161672052,0.23210835484604714,3.3092540623443303,0.3877023971878007,0.2881049946330644,4.202006775741705,5.22658212972153,3.9212754205485663,0.05656766613108295,2.5513149732436284,1,15,train
0.5355544174771444,-0.14746194160172665,-0.26229913810796074,1.0203133333269867,-0.3069984877878346,-0.45142556546258034,-0.3616171457175477,-0.3036977693708125,0.9363563692758241,-0.2741684917749198,-0.47141534426364273,0.1994968782026151,-0.3795209626955032,-0.4824557594690843,-0.35689392828195826,-0.8881339039355494,-0.008268510535067554,-0.7273328793909175,-0.6690706791300696,-0.10411996181197514,-0.3220076926841001,-0.5587160525368627,-0.46861911027017833,-0.2884772458871707,-0.06918911911596066,-0.6401249698909011,-0.15469071555785416,-0.009791489267947843,-0.579516372562918,-0.45325304948222683,-0.30624090179625196,-0.718805897959259,-0.4918853416568744,-0.847549452029306,-0.07609513356824224,-0.8378213156205878,-0.2783682266818311,0.2997452590270236,0.14354770517373378,-0.28842529245395143,-0.6450177591633095,-0.5512479259318851,-0.33209255837724855,-0.7628734390300158,-0.528227561374238,0.31535188009170206,-0.14250560344462038,-0.439225893872231,-0.5441593483219018,-0.4321574919495966,-0.3054444365218932,0.3665735998350817,-0.595628701595091,-0.7464687704508952,-0.37142734740896977,1,15,train
-0.10995438488879233,-0.025702472549549438,0.03276586410048558,0.2619949078156166,0.1007728463072493,-0.3360349696859788,-0.11296449706248052,0.3319098449703719,-0.29799980224918066,0.10653145603869062,-0.7056502961250511,0.13417258148007086,-0.417385636917787,-0.8711508698861244,-0.091260184352863,-0.7808213914266537,-0.016226951925070086,-0.5833871065185113,-0.904750297505698,-0.33008621630099594,-0.6220852762504252,-0.42476088887053237,-0.6312715602421404,-0.7295111702741827,-0.6266320967467951,-0.8136336955288316,-0.611779082747992,-0.014075265822675024,-0.7591383686208094,-0.6420637872547048,-0.1380780546885153,-0.829680197082862,-0.43092744792149995,-0.5821382058038713,-0.08012077787243643,-1.0371981183763306,-0.46699847940787037,-0.3688373204665282,0.021773614143015686,-0.2956800895201676,-0.3604873281638356,-0.2996339974372498,-0.6902524929445993,-0.3993809952187259,0.01756509753260226,0.47148752098290714,-0.399849105226905,-0.6032731567263475,-0.20268946212485328,-0.17371036441111234,0.015622856118529597,0.04733774542097189,-0.8107193740781223,-0.43643571582114415,-0.7032670868717101,1,15,train
-1.07676373978372,1.483316520949565,1.8827239678343397,0.5308399758196477,1.6275445855934938,2.685550202578458,1.491836646404579,1.9233425806246285,1.3809024094408917,1.9188776864753148,1.4433624368256484,3.073765933994561,-2.0287378843772,-0.04959075014101696,1.1633484215891714,1.653478234433032,-2.371925603365819,2.2760762194603696,1.9346279619721116,1.039406235147615,1.696696051307541,0.6468804204601108,1.6574807715061832,1.7977618795839756,-0.7699745767090097,1.583941422377117,1.238084426821507,4.201160864028871,2.008370903974851,1.930482514895307,-2.0462115851354867,1.6016347908418629,-1.6704046205407808,0.9605646628814675,2.7579584565844724,1.9479156784388176,1.364700553642353,0.3140312115803046,4.1142528877110776,-1.9679108132829954,0.06946976756870273,0.5299056730685008,1.7534428939472213,1.820988510953852,-1.7682301811713574,3.347986443555492,-1.5008883913333886,0.9223663878169357,-1.5398472407843236,0.5211310932333371,3.0011317071645385,4.273639280724187,1.6955545487676336,0.254785520730432,1.138868902709913,1,15,train
-0.16956217970186305,-0.7143420925987485,-0.622013213833988,-0.6731183721984043,-0.5677824805230627,0.8162225509975135,-0.346362381996378,-0.4420832246450957,0.22360088487783214,-0.5172445147920607,-0.17025612044183192,-0.4788708185314981,-0.44262875306597627,-0.4427028504491598,-0.16073362507278022,-0.44193977297750947,0.2066094069950008,-0.6067296642816041,-0.3492197684774309,-0.07901260020208395,-0.3220076926841001,-0.07552064074045671,-0.5615633673970138,-0.46191755323037764,-0.3749864097020184,-0.41929568271535317,-0.39130116445627844,-0.14258856246449045,-0.7790963681827974,-0.5122564050361262,-0.24789868953438415,-0.7702832511237889,-0.33339481794490083,-0.5788205652260534,-0.2814029930821462,-0.9319714724774664,-0.47692638744608296,-0.41455236863702744,-0.25656716535576857,-0.5060692044404367,-0.24351370653071855,-0.3900577529900093,-0.22016757882495142,-0.6402494820816288,-0.27448185153158416,-0.19509156128339133,-0.33144133893034833,-0.17675027330564463,-0.37502005889719553,-0.30505234725853875,0.16990194478990156,-0.3243099656879918,-0.3524827240055774,-0.35511557034448815,-0.40120783684793365,1,15,train
0.13574603763337725,-0.5746181117192009,-1.1574401560436967,0.24884487731541943,-1.022969086024552,-0.5536286645789988,-0.4684004917657361,-1.3303247515218901,-0.3142998237218998,-1.3179655317897012,0.10115898250868896,0.2899459044338302,-0.417385636917787,-0.570795557291139,0.010906640235250563,-0.13129828939912727,0.37771589688005525,0.12078005266812472,-0.26504847620042077,0.1789084781540711,0.24541173805949634,-0.711807668155526,-0.22076775793195041,0.16742299055783041,-0.4737334514537662,0.043394252319128176,-0.22997585838917098,0.6070723346127663,0.20549827687527408,0.006973123838188136,-0.4194934314810542,-0.13275603116307114,-0.4227997287567834,-0.3698092088235236,0.18959739050857474,-0.6827504690327879,0.11874809484667269,-0.1916915088058435,0.6393422186559432,-0.5314609941721933,-0.3351957342972157,-0.6534660843828306,0.36184231484699364,-0.35996615191388726,-0.4085361888069484,0.45947708706819906,-0.5106045363737111,-0.25057154158999706,-0.32395914133502,-0.5677363129533916,0.036471381614660944,0.661985883024258,-0.07192967294075397,-0.4313532067288532,-0.3884447699455205,1,15,train
1.9850415254925473,1.4354111560765772,1.262755929486256,1.9072098348402848,1.750824291250147,-0.6228630220449597,0.5429903429478194,1.516231880806098,1.3290387047549672,1.5238791490724606,0.4023182063304998,-0.5793697365661815,2.249970302740876,1.3020081565364179,-1.039368316530557,1.512277560079222,-1.0150113463703878,1.3384834826428047,1.2500347847857622,0.7769201819532978,1.5602971496864844,2.431354565015155,0.2284628181810877,0.8463179078726689,2.2179197833922633,1.4787846189601896,0.43145789648596966,-0.9907763203004724,1.6557795783797307,1.3699506371332633,1.9725372712555267,1.3402882286219413,1.28808515541606,0.041578222825900076,-0.4263261880331373,1.5270090948433608,1.0519714504386564,1.3169050808206322,-0.795852425634663,1.7175260963548205,0.19592773690180224,2.1614647406509016,1.2908196451310598,1.1246596125683688,2.052318431176524,-0.5974410974261121,1.486250736949586,-0.07832191559317474,0.34302409432089714,1.8853929795840243,-0.93506990650506,-1.1295466730907464,0.3161687143655851,1.9930036302939544,0.6155831597109761,1,15,train
0.212800016294176,0.2996547972128258,0.7057792961040203,0.041366618312308555,0.6768683938950714,-0.48769118127808364,0.4529872369929178,1.0254462545426517,0.10357345403326383,1.0341524556408679,-0.14423001467945318,-0.272848036560397,-0.2028191496581785,-0.6591353551131934,0.03542667813639782,-0.1482423703215845,0.36577823479505145,-0.05039870426122326,-0.14720866701260651,0.1286937549342887,-0.24016835171146603,-0.3290786291088678,-0.2517491769742289,-0.45696211587771457,-0.36861563281480886,-0.11959879297710957,-0.3321485522316724,-0.5238446758352097,-0.027345051347918488,-0.28804365393130865,-0.07973584242664747,-0.520816078095682,-0.3699695541861255,-0.2702799914889856,0.09298192720791401,-0.715979936158745,-0.24858450256719328,-0.27169284310421726,-0.24786901599643155,-0.17960333646070883,-0.26564385116401096,-0.42544096168456735,0.32453398832956126,-0.7015614605558222,-0.4372621182230979,-0.38725850391872063,-0.25977605995300324,-0.4556306201576426,-0.23779384294884892,-0.23726293675664126,0.12820489379763889,-0.4243689648327128,-0.28702034542378524,-0.6295710613282023,-0.3033576572627666,1,15,train
0.8452241807743167,0.17989138503035637,-0.5606794774198727,0.21523924381491555,0.029649939197641636,-0.49593336669069804,-0.146524977249054,-0.5289764174917386,-0.7025366987993923,-0.6030360523275222,-0.4156451176299741,-0.10702482180316937,-0.5688443338069225,-0.6193824460932689,0.03542667813639782,-0.323331206520309,-0.2629386350151485,-0.2993859870675476,-0.5456194504571213,-0.13607478567910938,-0.3438315169434692,-0.3817038719777833,-0.6196535281012859,-0.5362491135203235,-0.47054806301016144,-0.8504385767247562,-0.7193292867927303,0.08016781838132297,-0.8190123673067732,-0.807273182805623,-0.529314066326923,-0.24363033028667425,-0.5609709545569654,-0.39303269286824916,-0.003633536092746703,-0.33937930873123096,-0.6258450080192719,-0.36026574893455954,0.23487827344677237,-0.5532253853708419,-0.5312055867635199,-0.4686871056445828,-0.38432421550165385,-0.5176255251332419,-0.4755633574446306,-0.24313329694222366,-0.8493858551757061,-0.5253507068706422,-0.48671581606445435,-0.385552272229542,0.15739282949222275,0.3046323146502544,-0.6564151959924694,-0.42627069763656217,-0.4480057488234483,1,15,train
0.9266397053970474,0.46931963113799074,-0.09653228293467629,1.4440365383333398,-0.17660649142022058,-0.4975818037732209,0.30806698164180507,-0.3777178966105454,0.8770835639204817,-0.12760794848517304,-0.12563993913489696,-0.23767341524825783,-0.25751256797925515,-0.1776834569829961,-0.5612275774581854,-0.8147095532715681,-0.13958279347010932,-0.4783455965845932,-0.5400080309719872,0.16521355363958498,-0.08740158189588235,-0.501306696679864,-0.6583803019041341,-0.5610263002836388,0.37995065143231166,-0.2615604775899618,-0.39130116445627844,-0.14687233901921765,-0.4265050425876772,-0.38834935837293755,-0.460676169548255,-0.6950471195756297,-0.2317983283859434,-0.36649156824570567,-0.1445310867395436,-0.5055266443610166,-0.5910973298855278,0.5283204998795199,0.030471763502352693,-0.270288299788411,-0.20557631573078872,-0.9443946892047527,-0.1306275951831137,-0.272377611236468,-0.41332384370964,-0.0869976560510186,0.34937881135443,-0.34899989930246694,-0.20588076947248923,-0.25421028938211565,-0.6390208444599947,0.09974960211582574,-0.32910330308350877,-0.4974258249286362,-0.17998134387277337,1,15,train
-0.5432012837740381,0.7607439341153329,-0.013648855348034067,0.43294530431817985,0.11499742772917083,2.161347210336183,0.8023213262077054,-0.1733579801008481,0.34955559625793464,-0.13475724327979482,-0.13307596935271945,1.1843862749425127,-0.2701341260533498,-0.15118151763637971,0.7996345260554872,-0.6396207170728435,-0.9115516083003549,-0.5989488116939066,-0.30993983208149284,0.2519480755646637,-0.24016835171146603,-0.3290786291088678,-0.5073458840730265,-0.402452304998421,-0.5533681625438854,-0.5297103263031271,-0.3859236542540415,-0.24111542322321564,-0.24688304652978577,-0.5181567405915162,-0.323400375990919,-0.7940420295074182,-0.6828867420277144,-0.4593855044246078,1.2443161982074542,-0.6495210019068308,-0.4074310311785948,-0.10597579348615739,0.25227457216544635,-0.3899924513809779,-0.13602443259758398,-0.39792068825546667,-0.07466510540696515,-0.4913489629300161,-0.49950163195808844,-0.002924618648062032,-0.3509864150150788,0.20055843125882325,-0.7835073993945993,-0.4406311682623338,0.44927218643806166,-0.12419196739854979,-0.25428915613288916,-0.3601980794367792,-0.4267339706527598,1,15,train
-0.5402935864660835,0.42939849374383426,0.10570328037673073,0.6375013343212469,0.7716989367078816,-0.456370876710149,-0.2060185557616161,0.5523610934887068,-0.5899183686242419,0.25845397042440366,-0.4937234349171102,-0.16229922672224525,-0.45525031114007086,-0.2748572345872561,0.014993313218775105,-1.0971109019791883,0.5130094005100984,-0.71955202680322,-0.6634592596449356,-0.07673011278300293,-0.0764896697661978,-0.2429645953233697,-0.8946136221015076,-0.31325443265048597,-0.7062668078369143,-0.6716720109159794,-0.8268794908374686,-0.33107473087248646,-0.7990543677447853,-0.5063560694807363,-0.6425665960117253,-0.7742430475210605,-0.5528432353922489,-0.36317392766788775,0.056751128470166244,-0.793515359452645,-0.2237647324716618,-0.4602674168075267,-0.33919958426947006,-0.2521513071228706,-0.34784153123052564,-0.15810116265901744,-0.3097075624667891,-0.6314906280138869,-0.4755633574446306,-0.03295070343483223,-0.2532610345914264,-0.5745648857268771,-0.32076783398738407,-0.11015779206558345,0.15739282949222275,-0.27666282323812463,-0.6423875434392282,-0.28396044305241414,-0.5969081960182676,1,15,train
-0.4865011862689221,-0.029694586288965083,0.07254990934207384,0.1889391828145212,0.11736819129949108,-0.31790216177822717,-0.009232103758526119,0.035829336011440435,-0.45507273644083795,0.0832962479561698,-0.6907782356894062,-0.14219944311530858,-0.2995844282262372,-0.4736217796868789,-0.02996008959999486,-0.4927720157448811,0.30211070367503123,-0.8946212100264167,-0.5512308699422553,-0.26845905598580844,-0.856691387038643,-0.26688516026378584,-0.6235262054815708,-0.402452304998421,-0.41958184791248515,-0.6611563305742866,-0.6709316949725981,-0.18971010456648946,-0.7325277025381588,-0.5771600961454155,-0.46410806438718843,-0.6871275267810867,-0.27243692420952637,-0.2702799914889856,-0.051941267743077064,-0.6882887135537807,-0.377647307063957,-0.43169551170096465,0.3653505138368275,-0.12519235846408755,-0.34784153123052564,-0.15023822739356008,-0.6342900031684507,-0.6358700550477578,-0.5761041104011537,-0.020940269520124153,-0.09038540055200577,-0.4802377095857601,-0.29523737520629634,-0.4194469774804908,0.04481079181311349,0.16169088730065304,-0.712525806205434,-0.5228383703900912,-0.07362245301933092,1,15,train
-0.8194325280297318,-0.5366930311947522,-0.7297616696966228,-0.5182402351960821,-0.5179964455463374,-0.5305505454236785,-0.41805977148587586,-0.7751737972238937,-0.2283542559566534,-0.7067008268495382,-0.2669245132735243,0.2045218241043493,0.3441150335525884,-0.35878004251820794,0.36644718980188573,-0.28379501770124216,0.7079912145651603,-0.5522636961677208,-0.6073450647935954,-0.06760016310667885,-0.4965982867590529,-0.12336177062128899,-0.20527704841081115,-0.20423481089189877,-0.23801470662701338,-0.27207615793165457,-0.5741365113323336,0.3628970709933169,-0.692611703414183,-0.3175453317082583,0.2943406950170933,-0.6277305808220135,-0.12207411966226936,-0.29350347553371114,0.12921272594566177,-0.4833736662770452,-0.328007766872894,-0.005974125613190252,0.5784551731405841,0.31372286404199096,-0.23402935883073608,0.06992396003924575,-0.44028670527780245,-0.272377611236468,-0.025523796591621965,0.2853257953049319,-0.155535654167774,-0.3736069887305844,0.039849896295480254,-0.292341832789433,0.07816843260692365,0.38563245681502856,-0.18882677755109706,0.046402647946500945,-0.17147263260449797,1,15,train
2.8486276259550842,2.4514041027578592,1.8976429847999352,2.742967328852816,2.8200386614645825,-0.7975973527923849,2.0943998133907846,1.395546890741316,0.8400380605733927,1.8974298020914495,2.291069881657412,-1.5994337546182185,4.147411199879767,3.9301171417425413,-1.7913161454990727,1.5179255870533743,-2.097359375410732,1.8131154904923603,3.606830968542047,1.046253697404858,2.1822761410785034,4.531580166783692,1.932440865506405,3.1159082153923485,5.0656570519749256,4.03409494199153,3.614943936210224,-0.8836819064322928,3.7979381980331026,3.423267410408961,2.6898032925926074,0.4097360752631297,4.234383352625825,0.6288006050996742,-1.4367629083858806,0.8458050187612397,2.2433204150241677,1.259761270607508,-1.409071955467922,3.8830830206203486,3.4490589979957873,2.9752785406257374,1.4102062899868435,1.111521331466756,5.1595064630233605,-1.792479271939566,1.3103450521870117,2.66126737407057,3.3715747672274303,4.5334168273143955,-0.7015664209483888,-1.353488242605122,2.8785532474243056,5.2712219948216505,1.1048340576368114,1,15,train
-0.09105435238708698,0.2018480105971424,-0.21422675010770822,-0.05360582418911544,-0.13867427429509652,-0.2635037380549721,-0.08703139873649193,0.098585530845127,0.22952816541336638,-0.12939527218382849,-0.7279583867785187,0.033673663445387435,-0.0850179409666287,-0.455953820122468,0.2193269623950022,-0.10870618150251767,0.1469210965699818,-0.8557169470879286,-0.8486361026543578,-0.5286626217610445,-0.7421163096769552,-0.23339636934720326,-0.5847994316787227,-0.6452687352789108,-0.31127864082992307,-0.7557974536495214,-0.6440441439614135,0.03304627627932397,-0.7258750360174963,-0.37064835170676774,-0.28908142760158495,-0.6039718024383843,-0.2074151708917936,-0.6252675333155044,0.07687934999113723,-0.40583824298314525,-0.56131360577089,-0.14597646063534425,0.25227457216544635,-0.2666609012553029,-0.31938848813057824,-0.6023570051573578,-0.7536766480242344,-0.3249307356429195,-0.25054357701812624,0.35738839879318035,-0.344471389653502,-0.2464703600186441,-0.528202811583722,-0.2033682315056925,0.22410811107984308,0.27604402918033416,-0.98372708890143,-0.5736634613130012,-0.3033576572627666,1,15,train
-0.13612366066038437,-0.5865944529374478,-0.5374721176956129,-0.3633620981937599,-0.487176519132174,-0.38878495632671095,-0.4607731099051512,-0.5418494830986487,-0.02979035801625649,-0.506520572600128,-0.6089819032933588,0.16934720279221008,-0.5141509154858458,-0.4162009111025434,0.16211354062565864,-0.28944304467539456,-0.00031006914506502233,-0.5794966802246625,-0.6578478401598016,-0.1725945843844057,-0.4965982867590529,-0.3625674200254504,-0.36405682100248843,-0.4470512411723885,-0.4100256825816709,-0.7137347322827504,-0.29988349101825085,0.23866755090622868,-0.8190123673067732,-0.3588476805959879,-0.12091858049384828,-0.4337005573557081,-0.4024804308449919,-0.27359763206680354,0.12921272594566177,-1.0039686512503734,-0.15923333022327993,-0.15454803216731286,0.352303289797822,-0.4407760308444911,0.044178173702082824,-0.2642507887426917,-0.354477554287708,-1.0168802069945315,-0.21224233779659363,-0.2851698156437019,-0.3249263135687715,-0.3038869020175849,-0.13886331517213393,-0.1482893354729008,-0.12197741215593731,0.3093970288952411,-0.49743513372240283,-0.5279208794823822,-0.2523053896531142,1,15,train
0.2724078111072467,0.026195006062853965,-0.04017155217575958,0.22692815981509082,-0.11496663859189395,-0.3673552742539135,0.7672353696490151,-0.6255244095435641,0.24582818688608554,-0.283105110268197,-0.3598748909963054,-0.16229922672224525,-0.2785484981027462,-0.6944712742420153,0.1008134458727905,-0.1934265861148037,-0.03214383470507515,-0.929635046671056,-0.5736765478827913,-0.3574760653299682,-0.5784376277316869,-0.3290786291088678,-0.7706879459323936,-0.5511154255783126,-0.4578065092357424,-0.9345640194582983,-0.6547991643658874,0.3628970709933169,-0.5529057064802675,-0.37064835170676774,-0.3508555347023862,-0.8930369394392067,-0.44311902666857483,-0.4162561769129747,-0.2894542816905346,-0.5332178669659808,-0.6109531459619529,-0.20026308033781212,-0.06085880477068588,-0.24126911152354633,-0.3004197927306133,-0.33501720613180785,-0.5074416930091807,-0.37748386004937107,-0.3462966750719579,0.05112233396812433,-0.09364291323279418,-0.48433889115711304,-0.2473677649917568,-0.2584471275384842,-0.15116534785052121,-0.1289566816435365,-0.8995611735819831,-0.5533334249438372,-0.2565597452872519,1,15,train
-0.4763242456910807,0.37550495826172303,0.5118320755512776,-0.23770625119187583,0.5630717425196992,-0.3755974596665279,0.378238894759186,0.46546790064206384,0.1806281009952089,0.6212806812514595,-0.4937234349171102,-0.21254868573958696,-0.5436012176587331,-0.4957067291423925,0.3827938817359839,-0.1934265861148037,0.3498613520150464,-0.6222913694569995,-0.1864886034085446,-0.12694483600278533,-0.2838160002302042,-0.5874207304653621,-0.34082075672077955,-0.20423481089189877,-0.38454257503283273,-0.5402260066448199,-0.32677104202943547,-0.2068452107853982,-0.19366171436448462,-0.12873459393578038,-0.5670649095551905,-0.520816078095682,-0.6056734099629068,-0.4925619102027871,-0.09622335508921323,-0.7215181806797378,-0.2783682266818311,-0.23454936646568658,-0.33919958426947006,-0.72734051496003,-0.4616537036303152,-0.4529612351136681,-0.24628340738715407,-0.4431752655574355,-0.8968769888814897,-0.06297678822160244,-0.42916671935400075,-0.48433889115711304,-0.6303246467080729,-0.48299954982601967,-0.38049912830796606,-0.2671333947481512,-0.5675733964886086,-0.6651486249742392,-0.2523053896531142,1,15,train
-0.5359320405041514,-0.6724248983348842,-0.7165003212827601,-0.7315629521992806,-0.7787804382815655,-0.4646130621227634,-0.4684004917657361,-0.6689710059668856,-0.7410640222803648,-0.7156374453428154,-0.29295061903590297,0.22462160771128598,0.14217010436707445,-0.3234441233893861,0.5299141091428674,-0.11435420847667006,0.37771589688005525,-0.5289211384046278,-0.46144815818011115,0.07619654429542529,-0.12559327434977827,0.16846912165178796,-0.2866032733967922,-0.3429870567664643,-0.22845854129619908,-0.28259183827334733,-0.23535336859140787,0.02019494661514243,-0.16705104828183404,-0.28804365393130865,-0.05228068371518026,-0.31886646183483347,-0.012349910938595325,-0.23046830455517042,0.21375125633373993,0.0206065851333045,-0.3875752151021696,0.13117101889830754,0.2653217962044519,-0.09617317019922283,-0.022212260197794417,0.030609283711959,-0.354477554287708,-0.21982448683001643,-0.08776331032661251,0.60960751100205,0.017112517914011867,-0.2710774494467616,-0.13886331517213393,0.09744727759647766,0.2783142773697846,0.23792631522044044,-0.6377116592548145,-0.014587461160991069,0.10080612798031469,1,15,train
-0.10123129296492832,0.19186772624860332,0.33446154051586324,-0.20848396119143767,0.2027156798310203,-0.33933184385102455,0.11128052963871506,0.2289253201150914,0.20581904327122943,0.2906257970002017,-0.5457756464418676,-0.19244890213265028,-0.45525031114007086,-0.5487106078356253,0.390967227703033,-0.323331206520309,-0.12764513138510553,-0.6378530746323947,-0.30432841259635884,-0.24563418179499827,-0.7475722657417975,-0.4295450018586156,-0.3253300471996403,-0.2983881205924968,-0.3781717981456232,-0.7926023348454461,-0.5364939399166752,-0.11688590313612737,-0.4265050425876772,-0.7246684850301639,-0.3302641656687858,-0.520816078095682,-0.47562990332744126,-0.55227944060351,0.06882806138274884,-0.5221413779239952,-0.37268335304485073,-0.1802627467632187,0.0391699128616897,-0.4335212337782749,-0.6102418175967071,-0.3310857384990792,-0.5820583460440455,-0.5745580765735644,-0.37023494958541575,-0.15906025953926708,-0.3737890037805977,-0.390011715015996,-0.4739505866739105,-0.5041837406078626,0.032301676515434675,0.1569261730556663,-0.6610910801768831,-0.5838284794975832,-0.36717299177483204,1,15,train
-0.42398569414789666,-0.0736078374225372,0.3659572429987873,0.32628394581658055,0.3307369126283141,-0.35746465175877623,0.1082295768944811,0.5668432922964806,-0.0016357754724688628,0.4211004270020494,-0.5643657219864239,-0.031650633277156795,-0.4762862412635619,-0.49128973925128977,-0.09534685733638754,-0.5718443933830147,0.20263018629999954,-0.7351137319786152,-0.7027391960408736,-0.21367935792786402,-0.35474342907315376,-0.46303379277519824,-0.6119081733407163,-0.8236644799747808,-0.6075197660851666,-0.7452817733078286,-0.5149838991077275,-0.0868994672530371,-0.4730737082323157,-0.8308745250271827,-0.3851744830917202,-0.512896485301139,-0.45531060541564977,-0.34658572477879807,-0.23309526143181591,-0.7381329142427164,-0.5067101115607208,-0.2659784620829048,-0.16088752240306148,-0.4153842411127345,-0.3573258789305081,-0.37040041482636593,-0.3694008848946809,-0.7803911471654996,-0.8585757496599571,-0.15305504258191305,-0.38681905450375137,-0.7140050591528762,-0.5760724217982615,-0.27963131832032717,-0.021904489774506833,-0.08130953919366937,-0.7873399531560537,-0.4008581521751072,-0.6011625516524054,1,15,train
-0.38618562914448595,0.2876784559945788,0.32617319775719905,0.44901756381842084,0.6768683938950714,-0.5833005320644107,0.0014462308462927175,0.6263812207284396,-0.23279971635830407,0.3227976235759998,-0.3933370269765066,-0.3833968463985488,-0.5225652875352421,-0.45153683023136526,-0.34463390933138466,-0.6622128249694532,0.4612795314750818,-0.5911679591062089,-0.5456194504571213,-0.22965676986143113,-0.25108026384115056,-0.1424982225736219,-0.6002901411998619,-0.7295111702741827,-0.49921655900260437,-0.4245535228861996,-0.6332891235569397,-0.4467366978501204,-0.6793063703728577,-0.8662765383595223,-0.5945200682666577,-0.7544440655347028,-0.5081407799863076,-0.698255626027499,0.05272548416597205,-0.8765890272675377,-0.2783682266818311,-0.20883465186978076,-0.3131051361914591,-0.6402829501654359,-0.4458464574636778,-0.10699208343354465,-0.30224589716330263,-0.5263843792009838,-0.6383436241361443,-0.002924618648062032,-0.36075895305744404,-0.57866606729823,-0.2888547605110244,-0.15252617362926937,0.2574657518736532,-0.18613325258337707,-1.0819206567741182,-0.24838287940637713,-0.4692775269941368,1,15,train
-0.1506621472001577,0.3056429678219492,-0.13465865962453172,0.3701173808172378,0.14107582700269364,-0.34098028093354743,-0.042792583945099605,-0.009226393612744792,-0.03423581841790717,-0.12403330108786215,-0.6498800694913824,0.01859882574018492,-0.2196478937569713,-0.43828586055805707,-0.08717351136933846,-0.28944304467539456,0.0434613584999489,-0.8829499311448702,-0.6017336453084614,-0.2798714930812135,-0.7366603536121129,-0.37213564600161686,-0.6080354959604315,-0.4668729905830407,-0.49921655900260437,-0.8819856177498345,-0.46658630728759526,0.050181382498232695,-0.55955837300093,-0.718768149474774,-0.5155864869711895,-0.512896485301139,-0.5203323587333825,-0.5423265188700561,-0.10024899939340742,-0.7436711587637093,-0.6059891919428466,-0.1802627467632187,-0.15218937304372446,-0.37185545871543746,-0.42371631283038536,-0.20527877425176155,-0.6939833255963426,-0.7015614605558222,-0.4181114986123316,0.027101466138708168,-0.45196930811951963,-0.4720353464430543,-0.6686203348797045,-0.4321574919495966,-0.07194095096522207,0.2665146006903607,-0.7686364164183987,-0.4313532067288532,-0.37993605867724517,1,15,train
-0.15647754181606705,-0.5905865666768635,-0.5656524830750712,-0.7520185551995874,-0.6128269883591476,-0.38713651924418807,-0.20754403213373307,-0.6544888071591117,0.20137358286957877,-0.6763163239723955,-0.37474695143195036,0.22462160771128598,-0.1397113592877054,-0.1335135580719688,0.3378404789172139,-0.4984200427190335,0.37771589688005525,-0.7234424530970687,-0.410945382813905,-0.14063976051727142,-0.4693185064348415,0.273719607389619,-0.46474643288989353,-0.4123631797037471,-0.339947136822366,-0.5297103263031271,-0.5526264705233859,-0.005507712713220662,-0.6992643699348456,-0.5063560694807363,-0.21701163598398354,-0.821760604288319,-0.29682008170367613,-0.4527502232689719,0.060776772774360444,-0.9098184943934949,-0.12944960610864215,-0.42312394016899607,0.08266065965837474,-0.14695674966273606,-0.3857789220304555,0.003089010282858269,-0.3283617257255053,-0.43441641148969357,-0.3893855691961821,-0.08099243909366455,-0.33144133893034833,-0.4597318017289955,-0.27928083846811647,-0.10168411575284625,-0.1678441682474263,0.052102459665958605,-0.5301663230132989,-0.32970302488303316,-0.17572698823863567,1,15,train
-0.8921249607285985,0.702858284893806,0.6626799137589664,0.3160561443164272,0.20034491626070006,2.3146518590108105,1.166910179143663,0.3077728469574155,0.6977833277205711,0.6516651841286022,0.17551928468691386,1.335134651994538,-0.9348695179556664,-0.07609268948763333,0.7056410474344227,-0.45323582692581427,-1.7909593818956349,-0.3071668396552452,-0.2538256372301527,0.35237752200422845,-0.31109578055441556,-0.0898729797047064,-0.3911655626644821,0.028670744683264852,-0.7062668078369143,-0.39826432203196765,-0.16544573596232798,0.7698558436923992,-0.5396003734389422,-0.0992329161588307,-0.6700217547231926,-0.20007256991668732,-0.7113337591042225,0.07143698802626147,1.8240089780114186,0.09814200842720446,-0.2188007784525555,-0.07454669786893915,1.5265534533083178,-0.8905734489498939,-0.13918588183091146,-0.260319321109963,-0.04108761154127601,-0.04902683250904891,-0.49950163195808844,0.4834979548976152,-0.8037806776446683,-0.0291077367369398,-0.8952031565618582,0.0,0.9996732595359293,1.5291638756118398,-0.05322613620309908,-0.6143235340513292,-0.17998134387277337,1,15,train
0.6678546449890818,1.35956099502768,0.8616001399669078,1.0042410738267458,1.0419659837243906,-0.4118630754820312,1.488785693660345,0.35765597618419204,0.38660109960502365,0.726732779472131,0.6253991128651745,-0.42862135951415636,0.011747337601430048,0.35677231984043406,-0.2874204875620411,-0.018337749916079213,-0.05203993818008148,-0.22546788748442007,0.25681353591704226,0.27477294975547384,-0.04920988944198643,0.3933224320916997,0.1277732062936826,0.45979379436495066,-0.0755598960031702,0.5586625890620733,0.9100563044850551,-0.3139396246535777,0.03918161385870796,0.04827547272591769,-0.07287205274878067,-0.34658503661573425,-0.11801026007991106,-0.1375743683762683,-0.5068390741170212,-0.3227645751682524,-0.19894496237613032,-0.03168884020909609,-0.06520787945035439,0.048922771125100635,0.6322077311009956,0.10137570110107516,-0.02243344828255982,-0.07530339471227468,0.05586633675413491,-0.23112286302751556,-0.13599057808304355,0.9879852929585823,0.34302409432089714,0.6143415326734462,-0.19286239884278392,-0.3290746799329785,0.419038166422687,0.12772279342315698,-0.27783152345794043,1,15,train
-0.3571086560649393,-0.029694586288965083,0.13885665141138762,-0.3224508921931465,0.29043393193286976,-0.46626149920528626,-0.1083880679461296,0.6698278171517611,-0.009044876141886659,0.38177930563162954,-0.37474695143195036,-0.0015009578667517654,-0.31641317232503,-0.6856372944598098,-0.09534685733638754,-0.21037066703726093,0.03550291710994637,-0.5211402858169302,-0.3323855100220289,-0.12009737374554227,-0.5347899792129488,-0.38648798496586656,-0.7668152685521088,-0.6105806738102693,-0.37180102125841363,-0.8556964168956026,-0.4880963480965429,-0.38676382608393983,-0.6260850382075566,-0.535857747257686,-0.6528622805285256,-0.7069265087674443,-0.47156604374508293,-0.32999752188970843,0.00039210821144749374,-0.6107532902598808,-0.6159170999810593,-0.268835652593561,0.0435189875413582,-0.28842529245395143,-0.39526326973043796,-0.5119332496045983,-0.27986090125284324,-0.7891500012332415,-0.2888448162396589,-0.37524807000401256,-0.42916671935400075,-0.8944570482924042,-0.4037418250259192,-0.563499474797023,-0.1261471172551636,-0.28142753748311133,-0.7686364164183987,-0.4466007340057262,-0.3586642805065567,1,15,train
-0.057615833345608276,-0.5885905098071557,-0.19599239603864696,0.05159441981246191,-0.32833535992071694,-0.39043339340923383,-0.0687256822710882,-0.12669311727579913,0.03985518827627079,-0.13654456697845027,-0.58295579753098,-0.2527482529534603,-0.6025018220045081,-0.7121392338064262,-0.005440051698847606,-0.4362917460033571,0.011627592939938775,-0.929635046671056,-0.4951166750909152,-0.30726134211018574,-0.6766448368988479,-0.20469169141870389,-0.6777436888055581,-0.46191755323037764,-0.37180102125841363,-0.5875465681824373,-0.6010240623435181,-0.11688590313612737,-0.805707034265448,-0.5712597605900256,-0.30624090179625196,-0.6198109880274705,-0.2521176262977349,-0.5655500029147816,0.113110148728885,-0.5166031334030023,-0.3925391691212759,-0.2659784620829048,-0.05216065541134887,-0.4190116396458426,-0.2877739957973034,-0.1463067597608314,-0.5820583460440455,-0.8986356770800156,-0.4276868084177147,0.14720580528578897,-0.25651854727221485,-0.3777081703019373,-0.44842012789282276,-0.385552272229542,-0.21371092433891525,-0.0908389676836428,-0.4413245235094381,-0.6549836067896572,-0.3288837910675928,1,15,train
0.6227853367157844,0.38348918574055435,0.5118320755512776,0.2649171368156604,0.8191142081142867,-0.38878495632671095,0.3355255563399106,0.5748889583007993,0.920056347803105,0.5640863228944852,-0.37474695143195036,-0.17234911852571358,-0.005081406497362777,-0.2748572345872561,-0.017700070649421234,0.3318399224813698,0.0315236964149451,-0.5133594332292326,-0.08548305267613239,-0.008255490210572381,0.043541363660332226,-0.3386468550850343,-0.6196535281012859,-0.27361093382918156,-0.5438119972130712,-0.06702039126864578,-0.4773413276920691,-0.343926060536668,-0.16705104828183404,-0.3647480161513778,-0.10719100113811468,-0.2792684978621181,-0.12613797924462766,-0.33663280304534426,-0.07206948926404805,0.2919805666619543,-0.29822404275825626,-0.2659784620829048,0.017424539463347183,0.012648785794019764,-0.35416442969718065,-0.2563878534772343,-0.16420508904880285,0.10425311367643478,0.15640708971065811,-0.31519590043047213,0.16044307586870205,-0.48433889115711304,-0.06865455352414264,-0.16099984994200656,-0.5097599863839805,-0.0003093970288952412,-0.4366486393250244,-0.1467326975605571,-0.11191165372657019,1,15,train
-0.30477010452175524,-0.27520958126302736,0.2350014274118926,0.24738376281539753,-0.20505565426406364,-0.38713651924418807,0.006022659962643648,0.1323773280632659,-0.11129046537985224,0.20840890686205113,-0.430517178065619,0.3954697683702478,-0.33744910244852105,-0.5222086684890089,0.05177337007049599,-0.3572193683652234,0.28221460020002487,-1.0424574091926717,-0.5063395140611833,-0.33236870372007693,-0.4856863746293683,-0.37213564600161686,-0.662252979284419,-0.7245557329215196,-0.6393736505212142,-0.6979612117702113,-0.49885136850101675,-0.36106116675557676,-0.9587183642406888,-0.7836718405840633,-0.5224502766490563,-0.6792079339865436,-0.5487793758098906,-0.6153146115820507,0.12518708164146758,-0.8101300930156236,-0.9187182951465435,-0.048831983273033314,-0.23482179195742603,-0.24489651005665442,-0.512236891363555,-0.22100464478267626,-0.6119050072579914,-0.8198059904703383,-0.6000423849146117,0.4834979548976152,-0.32818382624955994,-0.5171483437279363,-0.2601329943823007,-0.36013124329133045,0.10318666320228126,-0.2576039662581778,-0.6844705010989518,-0.22805284303721313,-0.30761201289690426,1,15,train
2.5040654949624557,1.4114584736400835,-0.8010414174211351,1.3943586453325951,0.4018598197379218,-0.578355220816842,-0.2700885633905291,-1.183893630243288,-0.4521090961730708,-0.9462022024693681,-0.16282009022400942,-0.45374608902282726,-2.0034947682290105,0.7145485010197551,-0.6797410939803972,-0.6848049328660628,-1.317432119190484,0.2686162518343798,-0.410945382813905,0.541823977787953,-0.4093029897215765,-1.6207891358913393,-0.46474643288989353,-1.1507233452505425,1.9630887079038817,0.18009809676113403,-0.4934738582987798,0.5385319097371314,-0.8123597007861106,-1.6746225094479434,-2.2452614857936237,-0.12483643836852806,1.820450760704997,-0.33331516246752635,0.21777690063793412,-0.23415266283236677,-1.648419535955169,-0.7602724204264282,0.23052919876710387,-1.474584612780296,-0.6450177591633095,-1.6638532659941003,0.5744997759963582,-0.12347709208485527,0.31918735640217183,0.13519537137108087,-1.1686220978929704,-1.00108776914758,-1.0802989827247442,-1.2498672561287352,0.11986548359918635,0.20933802975052015,-0.24961327194847546,-0.30429047942157816,-0.9330022911151458,1,15,train
0.2767693570691787,-0.18937913586559094,-0.40983163921218385,2.060626857342585,-0.2880323792252726,-0.5618708499916132,-0.6301009872101356,-0.42599189263645815,-2.153238609871397,-0.470774098627019,0.06769684652848776,0.22964655361302014,-0.3542778465473139,-0.9639076575992818,-0.8922480891236734,-0.20472264006310853,0.27425615881002235,-0.4511126125276515,-0.5624537089125233,0.38204985845228173,-0.2783600441653619,-1.027559125369019,-0.33694807934049475,-0.5560708629309757,-0.22208776440898956,0.1117461745401311,-0.22997585838917098,0.10587047770968606,-0.5529057064802675,-0.2939439894866986,-0.3268322708298524,-0.2079921627112304,-0.7072698995218641,0.6288006050996742,0.5076232905399163,-0.07908181624456687,-0.46203452538876405,-3.0517392099727036,0.20443475068909284,-0.3210718792519242,-1.270984707362152,-0.9208058834083805,0.018605710886615792,-0.2811364653042099,-0.4899263221527053,-0.12302895779514285,-0.699540271859439,-0.29568453887487905,-0.23141122825357696,-0.656709914237132,1.0955764768181335,0.19980860126054673,-0.06257790457192652,-0.4923433158363452,-0.014061474141403154,1,15,train
-0.43125493741778337,0.5970672707992913,-0.055090569141355177,0.7237070898225395,0.37815218403471923,-0.4201052608946456,-0.016859485619111002,0.11306772965290082,-0.07424496203276326,0.08150892425751435,-0.5494936615507788,-0.18239901032918193,-0.40476407884369237,-0.11142860861645516,-0.0626534734681912,-0.6226766361503864,0.38169511757505653,-0.9841010147849395,-0.6690706791300696,-0.2867189553384566,-0.35474342907315376,-0.3673515330135336,-0.6971070757069822,-0.3380316194138013,-0.6680421465136571,-0.5244524861322808,-0.6978192459837826,-0.19827765767594382,-0.712569702976171,-0.1936382850450697,-0.47783564374292203,-0.5247758744929535,-0.9145267382221373,-0.6551262985158658,-0.1284285095227668,-0.4667589327140666,-0.6059891919428466,-0.2916931766788107,0.09135880901771175,-0.4843048132417882,-0.3446800819971982,-0.5197961848700556,-0.3694008848946809,-0.6446289091154997,-0.7484596868980508,0.23127884268874552,-0.2956086994416758,-0.5581601594414655,-0.2473677649917568,-0.3219996998840131,0.07399872750769737,-0.06225068221372252,-1.1240036144338417,-0.25854789759095914,-0.7840998439203264,1,15,train
-0.22916997451493382,0.8924836875160492,0.047684881066081174,2.206738307344776,1.1960656157952072,-0.6228630220449597,-0.3021235672049856,0.4863866322532927,-1.3249011550304872,0.076146953161548,-0.24833443772896804,-0.3783719004968147,-0.581465891881017,0.635042682979906,-1.1497084870857195,-1.8257063816448482,0.15090031726498307,-0.2838242818921523,-0.394111124358503,0.35922498426147154,0.3818106396805532,0.1110597657947892,-0.8558868482986595,-0.2587446217711924,-0.999322544648553,0.5008263471827631,-0.7408393276016779,-0.3053720715441234,-0.2069670474058099,-0.42375137170527716,-0.6116795424613247,-1.2058608548236585,-0.5934818312158318,-0.18070369588790142,0.024545974036612673,-0.8488978046625735,-0.34786358294931924,-2.0774372458389383,-0.0956514022080339,-0.6040089648343551,-0.920063842462801,0.5377686083339581,0.06710653535927788,-0.7672528660638868,-0.7963362359249665,-0.7535767383173171,0.007339979871646629,-0.6770944250106999,-0.38140267359246743,0.012710514469105781,0.6952847872924116,-0.27189810899313793,-0.4226209867717832,1.4695051937879815,-1.2350615411389223,1,15,train
0.2971232382248614,1.2936911183273219,1.2063951987273394,0.02967770231213329,0.9589892587631818,-0.565167724156659,1.3423399619371152,1.0721111173677007,0.2680554888943389,1.2361200335889335,0.7295035359146893,-0.6296191955835232,-0.19861196363348027,-0.3499460627360025,0.1784602325597568,-0.28379501770124216,0.10712888961996915,0.41256202470678605,0.4756588958372687,0.35922498426147154,0.17448430921654678,-0.2094758044067871,0.5537677181250119,0.9999364658052237,-0.394098740363647,0.49556850701191674,0.22711250880096687,-0.7208983973526599,0.3452042738091896,1.1339372149176659,-0.1586694237221157,-0.4020221861775358,-0.4268635883391417,-0.28355055380025734,-0.6638392019805949,0.11475674199018301,0.6896028070438968,-0.28597879565749823,-0.5740496169715693,0.045295372591992546,-0.19293051879747874,-0.2878395945390637,0.399150641364426,-0.022750270305823134,-0.42289915351502316,-0.4593211074069691,-0.3216688008879831,0.5983730436800556,0.027084666904936383,-0.2881049946330644,-0.35548089771260843,-0.7578989619817827,0.4985281975577203,-0.4415182249134352,-0.24805103401897652,1,15,train
-0.10268514161890566,-0.6265155903316043,-0.5175800950748187,-0.35605652569365037,-0.6175685154997882,-0.48604274419556076,-0.41958524785799284,-0.5386312166969212,0.016146066134133847,-0.49043465931222896,-0.4491072536101753,0.254771283121691,-0.25330538195455693,-0.49128973925128977,0.40731391963713115,-0.30073909862369935,0.1827340828249932,-0.8129222578555915,-0.42777964126930706,-0.1885719963179728,-0.6657329247691633,-0.41040854990628267,-0.3679294983827732,-0.407407742351084,-0.5438119972130712,-0.5928044083532836,-0.1708232461645649,0.13157313703804915,-0.4730737082323157,-0.624362780588535,-0.2959452172794518,-0.5485346528765828,-0.2683730646271681,-0.4859266290471513,0.04869983986177785,-0.793515359452645,-0.45707057136965773,-0.240263747486999,0.22618012408743535,-0.13970195259651988,-0.2846125465639759,-0.13451235686264537,-0.2985150645115594,-0.5570403684380806,0.14204412500258337,0.07514320179754048,-0.33144133893034833,-0.43102353072952515,-0.2473677649917568,-0.2965786709458016,-0.12197741215593731,0.261749886445374,-0.4693798286159205,-0.4466007340057262,-0.4267339706527598,1,15,train
-0.18264681758765908,0.7647360478547485,0.46044435044755944,0.9487187228259132,1.2908961586080174,-0.6030817770546852,-0.10228616245766169,0.9144160636830523,-0.28318160091034505,0.5819595598810398,-0.6350080090557375,-0.30802265787253624,-0.4762862412635619,0.012247108334421235,-0.33646056336433555,-1.3343280348935893,0.15090031726498307,-0.30327641336139644,-0.26504847620042077,0.053371670104615104,0.5236654973664523,0.39810654507978294,-0.6506349471435645,-0.3033435579451599,-0.7094521962805191,0.2694813796655225,-0.6494216541636504,-0.485290686842665,-0.0007343852652679076,-0.1818376139342898,-0.6734536495621259,-0.9167957178228359,-0.7153976186865807,-0.5191030348253306,0.00441775251564169,-0.7270564252007308,-0.09966588199400438,-0.4374098927222771,-0.6218894384479228,-0.5568527839039499,-0.5470128329301573,0.6203294286212603,0.026067376190102267,-0.5220049521671128,-0.767610306508817,-0.6214619652555282,-0.26954859799536846,-0.6647908802966412,-0.5377767336266298,0.09744727759647766,0.19075047028603292,-0.4386631075676729,-0.5161386704600577,0.7630364299595322,-0.5926538403841299,1,15,train
-0.016908071034242897,0.455347233050036,0.9859252813468711,0.013605442811892307,0.6484192310512282,0.8788631601333831,0.49875152815642715,1.1734865090221174,0.7837288954858175,1.069898929613977,0.11974905805324519,0.15427236508700756,-0.2785484981027462,-0.5752125471822417,0.09264009990574142,0.20758332905001692,-0.020206172620071353,0.1402321841373688,-0.029368857824792285,0.2679254874982308,-0.19652070319272782,-0.40084032393011626,-0.3214573698193555,-0.18441306148124653,-0.4737334514537662,-0.3930064818611213,-0.3644136134450939,0.9711933417645767,0.025876280817382673,0.12497983494598686,-0.4160615366421208,0.21966584819409585,-0.5569070949746071,-0.21388010166608076,0.08895628290371982,0.12029498651117586,-0.2386565945289807,-0.35169417740259096,0.9089848487953904,-0.3573458645830051,-0.3573258789305081,-0.17775850082266081,0.24245566999121004,0.2881890490990152,-0.4372621182230979,0.13519537137108087,-0.3672739784190209,-0.5868684304409358,-0.32715044868265597,-0.38978911038591063,0.3700477895527625,0.8763980240486601,-0.08128144130958141,-0.5939934976821653,0.04124514910238691,1,15,train
-0.18119296893368173,0.3375798777372744,-1.1939088641818192,1.2716250273307548,-0.02487762291972424,-0.4992302408557438,-0.8955338759584897,-1.1468835666234218,-0.9707461430323165,-1.2786444104192813,0.25731561708296125,0.08894806836446333,0.17162040653996188,-0.045173760249914235,-0.4672340988371209,-0.5153641236414906,0.4771964142550869,0.027409821615753095,-0.6634592596449356,0.3432475723279044,-0.4256708579161033,-1.7547442995576699,0.1277732062936826,-0.5907589243996171,-0.6775983118444714,-0.1879507151981125,-0.7731043888150995,0.508545473854041,-0.6793063703728577,-0.6715654650316545,0.033516687258154786,0.14046992024866506,-0.4918853416568744,0.144425080738256,0.3949052500224788,0.45258965777074706,-0.7201601343822915,-1.1602790919182968,0.46972830614887157,-0.09617317019922283,-1.321567895095392,-1.4397596109285657,0.3842273107574531,0.33636274647159575,-0.5473781809850042,0.015091032224000088,-0.1229605273598899,-0.7304097854382878,0.014319437514392516,-1.3896829152888988,0.4867995323310981,0.5905151693494572,0.13380923117344987,-0.4974258249286362,-0.6692322417986085,1,15,train
2.453180792073249,0.501256541053316,1.4334957903147392,0.2634560223156385,1.0893812551307958,-0.5387927308362929,1.3972571113333263,1.9893170418600425,2.1514488790603425,1.6829509582527955,1.2686157267068199,-0.3733469545950805,3.1208578098534048,-0.16001549741858517,0.03951335111992236,1.2976525350614307,-1.2657022501554676,1.7703208012600233,0.6888928362723611,0.7723552071151358,1.194748093342052,-0.02767951085962442,1.5296824179567845,0.0782251182098954,-0.015037515574679607,0.4009273839366819,0.8993012840805813,-0.9265196719795646,0.8175435967762374,0.3137905727184648,3.2080194132715514,3.0073625118732594,0.36152517063836803,1.5245635611105162,-0.8329162627567511,3.0666410716793737,0.019469014464546755,0.11117068532371412,-0.7262672307599669,2.53369076630414,-0.20557631573078872,0.026677816079230324,1.6601720776536404,2.254551787307077,1.5304640467831416,-0.6815141348290685,3.463560934188153,0.06111825783282426,1.651460106851644,0.012710514469105781,-1.0935187002756581,-0.9389581032912778,1.433705034440465,-0.1314851702836841,0.2284367970044456,1,15,train
-0.7787247657183664,-0.7961804242567693,-0.36010158266019854,-0.41888444919459233,-0.6104562247888274,-0.5206599229285412,-0.4531457280445663,-0.3728904970079541,0.6370287022313451,-0.3921318558861793,-0.3338487852339267,0.4457192273875895,-0.2196478937569713,-0.02308881079440059,0.4154872656041802,-0.9559102276253783,0.5806561523251198,-0.6884286164524294,-0.42777964126930706,-0.03792782665862562,-0.5020542428238951,-0.28602161221611877,-0.4182743043264758,-0.5957143617522801,-0.257127037288642,-0.5822887280115909,-0.12242565434443264,-0.005507712713220662,-0.30010437869508694,-0.2939439894866986,-0.055712578554113656,-0.8019616223019613,-0.04079692801510341,-0.8873611389631212,0.05272548416597205,-0.605215045738888,-0.09966588199400438,-0.33740822484930993,0.09570788369738024,-0.19774032912624928,-0.04118095559775934,-0.09519768053535863,-0.3656700522429377,-0.6446289091154997,-0.3079954358504252,0.21926840877403744,-0.8461283424949176,-0.205458544305115,-0.08461109026232247,-0.36436808144769905,-0.21371092433891525,0.10927903060579917,-0.38988979748088715,-0.31445549760616015,-0.6224343298230939,1,15,train
-1.337002648845663,-1.1335140352373914,-0.9999616436290765,-1.673981804713411,-1.3359098773068256,1.0074412525701675,-0.8909574468421387,-0.5128850854831011,-0.7662549645563853,-0.9319036128801246,0.2944957681720737,-0.8306170316528901,0.6049605670838771,0.5864557941777759,-1.349955463278422,0.405264273145351,-0.9115516083003549,-0.20212532972132716,0.13336230724409404,0.3546600094233095,0.16902835315170453,0.9147907477927717,-0.10846011390369088,0.23184367614245013,1.2049662583259466,0.39041170359498917,0.409947855677022,-0.12545345624558174,0.04583428037937061,0.17218251938910634,0.0712675304864222,-0.17631379153305807,0.6703784988975987,0.10793103438225873,-0.9214804374490235,-0.01262288199265262,-0.13937751414685476,0.6226077867311747,-0.47402089933919367,0.5640133628264489,0.8566706266672471,0.2979490827375089,-0.07839593805870838,0.1130119677441767,0.7069874035201898,-1.059842803142373,0.5057394200322738,-0.00860182888017524,0.748320127470665,1.012604319372094,-0.8141484586274981,-0.8674873896164772,0.2694098725214478,1.1340595936967752,0.10080612798031469,1,15,train
-0.14484675258424837,0.30763902469165705,0.20682106203243422,0.20939478581482793,0.6436777039105878,-0.32119903594327287,0.010599089078994577,0.3254733121669169,-0.12166320631703716,0.25845397042440366,-0.5197495406794889,-0.09697492999970103,-0.5225652875352421,-0.6193824460932689,-0.03813343556704395,-0.21601869401141333,0.0036691515499362435,-0.610620090575453,-0.15282008649774054,-0.30726134211018574,-0.3220076926841001,-0.21904403038295356,-0.6971070757069822,-0.49165017734635597,-0.6521152042956333,-0.8136336955288316,-0.5902690419390443,-0.11260212658140019,-0.2934517121744243,-0.7246684850301639,-0.2822176379237182,-0.5485346528765828,-0.5162684991510242,-0.5887734869595072,-0.17673624117309716,-0.6495210019068308,-0.42232289323591365,-0.22312060442306175,-0.21307641855908352,-0.49518700884111244,-0.2371908080640636,-0.3310857384990792,-0.30597672981504587,-0.504487244031629,-0.33193371036388314,-0.08099243909366455,-0.31189626284561783,-0.7017015144388175,-0.30161998990156824,-0.3304733761967503,-0.03441360507218564,0.02827888844102504,-0.6704428485457106,-0.7566337886354771,-0.42247961501862213,1,15,train
-0.5432012837740381,1.0142431565682264,1.2710442722449202,0.5396066628197791,1.203177906506168,-0.6442927041177572,1.3484418674255831,1.2539431690653053,0.9259836283386391,1.3469341029055713,0.8596340647265829,-0.44872114312109307,-0.947491076029761,0.03433205778993488,-0.3814139661831055,0.44480046196441786,0.6244275799701338,0.6226450445746222,0.8235669039155774,0.5806262639123303,0.4036344639399223,0.5607663866746126,0.5731311050264359,0.7372982861140818,-0.6521152042956333,0.7426869950416966,0.7487309984179477,-0.8708305767681113,0.844154262858888,0.8861231215912886,-0.9033906037706638,0.44141444644130207,-0.6300565674570565,0.5060479037204106,-0.7282495108477021,0.6242752379215255,0.4066574279548379,0.04259811306796522,-0.6740783346039448,-0.9522392240127314,0.15166744763521742,0.16821065085746265,0.6491164290312229,0.8049614390957888,-0.5521658358876959,-0.6815141348290685,-0.7060552972210159,0.4507305071113509,-0.8856292345189503,0.4745258735132825,-0.6306814342615422,-1.0437818166809856,0.8819507006796456,0.07689770250024695,0.10931483924859008,1,15,train
0.14737682686519593,-0.42890596023052974,-0.6369322307995835,0.18455583931445552,-0.17423572784990032,-0.39702714173932535,-0.30059809083286865,-0.5225398846882836,-0.280217960642578,-0.5958867575329004,-0.5309035860062227,0.2195966618095518,-0.20702633568287668,-0.4957067291423925,0.047686697086971444,-0.588788474305472,-0.016226951925070086,-0.6495243535139412,-1.0282015261786464,-0.16346463470808162,-0.7475722657417975,-0.5778525044891957,-0.3292027245799251,-0.3628088061771165,-0.36543024437120414,-0.4876476049363561,-0.4558312868831214,0.11443803081914042,-1.0984243611746043,-0.2113392917112395,-0.529314066326923,-0.5168562816984105,-0.5975456907981901,-0.4195738174907926,-0.05596691204727126,-0.5553708450499523,-0.4024670771594885,-0.28026441463618584,0.3914449619148385,-0.270288299788411,-0.4047476174304204,-0.49620737907368356,-0.4589408685365186,-0.20668620572840354,-0.6957954829684433,-0.09900808996572669,-0.44871179543873124,-0.43512471230087807,-0.43884620584991485,-0.3389470525094875,0.06982902240847111,0.11404374485078589,-0.6891463852833655,-0.8989440432196253,-0.5245841502379268,1,15,train
0.11829985378564925,0.11801362206941383,-0.008675849692835533,0.27660605281583567,-0.09600053002933191,-0.39537870465680247,0.030430281916515273,-0.030145125223973647,0.18951902179851027,0.0832962479561698,-0.5606477068775126,0.10402290606966584,-0.5099437294611475,-0.37644800208261886,-0.0830868383858139,-0.5661963664088623,0.22650551047000714,-0.9879914410787883,-0.6802935181003376,-0.44421058725504686,-0.916706903751908,0.10627565280670598,-0.5112185614533112,-0.5957143617522801,-0.5533681625438854,-0.6611563305742866,-0.7462168378039149,-0.07833191414358275,-0.9454130311993635,-0.6361634516993149,-0.357719324380253,-0.4891377069175097,-0.4268635883391417,-0.38639741171261327,0.12116143733727339,-0.793515359452645,-0.5513856977326774,-0.1831199372738749,-0.10434955156737091,-0.28117049538773525,-0.19609196803080625,-0.114855018699002,-0.6902524929445993,-0.7760117201316287,-0.2409682672127431,-0.13503939170985094,-0.2760636233569453,-0.49664243587117174,-0.3782113662448315,-0.2033682315056925,-0.2637473855296305,-0.0908389676836428,-0.712525806205434,-0.5634984431284192,-0.40971654811620906,1,15,train
-0.716209273597341,-1.394997485169116,-1.8901296559096141,-1.1976584777062693,-1.7413104478315893,-0.647589578282803,-1.3730079804311033,-1.6280143936816853,-1.170791861106597,-1.8309274333038146,1.4805425879147607,0.7622908191968423,0.6806899155284448,0.6968805414553442,0.7505944502531927,1.2524683192682113,0.628406800665135,1.2840175145289212,1.4015431108843805,0.7335529209907585,1.2820433903795283,1.4362590634938435,1.0804518418437463,1.1238223996218,0.2143104523648637,1.221150450588717,1.049871569743215,0.718450525035673,1.5094209149251525,1.3168476171347538,0.6752810221387009,0.9561879780866022,0.3046311364853519,0.7681415093680274,0.7129311500538204,1.3830147372975465,1.0817551745532943,0.7797532648172658,1.0785987613024621,0.7598928836142856,0.7681500481340775,1.3083362643487786,1.137855506409587,1.2779395587538525,0.37185156033177924,1.023967481059479,0.30377363382339223,0.8321403932471716,0.547267764569599,1.2286830653468923,0.6077209802086599,0.9192804522535405,1.517870949759912,1.0679869754969924,0.730450761832694,1,15,train
-0.0038234331484468835,0.1060372808511669,0.45878668189582655,0.19186141181456504,0.515656471113294,0.8261131734926508,0.4026465167130576,0.7197109463785376,0.3925283801405579,0.655239831525913,-0.2706425283824355,0.18944698639914678,-0.29117005617684083,-0.7651431124996589,0.23158698134557584,-0.10870618150251767,0.0553990205849527,-0.3810849392383728,-0.5119509335463173,0.06706659461910121,-0.03284202124745961,-0.19990757843062065,-0.2168950805516656,-0.48669473999369295,-0.8145700149194764,-0.6927033715993649,-0.39130116445627844,0.40573483654058873,-0.18700904784382197,-0.5653594250346357,-0.1586694237221157,-0.5881326168492982,-0.45124674583329144,-0.5224206754031485,0.05272548416597205,-0.17877021762243822,-0.5216019736180396,-0.2488353190189676,0.4566810821098661,-0.39724724844719406,-0.34784153123052564,-0.33501720613180785,-0.011240950327330109,-0.47383125479453225,-0.7388843770926675,0.447466653153491,-0.5268920997776532,-0.6442849724398766,-0.4037418250259192,-0.16099984994200656,0.14488371419454396,0.3713383140800684,-0.5161386704600577,-0.20772280666804913,-0.34590121360414355,0,15,train
1.1796093711891036,0.20384406746685024,0.1488026627217847,0.4241786173180484,0.6484192310512282,-0.4316443204723058,-0.16940712283080867,0.5410971610826605,-0.019417617079071574,0.3174356524800334,-0.5011594651349327,-0.04170052508062514,-0.17757603350998924,-0.43828586055805707,-0.10352020330343663,-0.6622128249694532,-0.3305853868301701,-0.5989488116939066,-0.4838938361206472,-0.0014080279533293274,-0.2674481320356774,-0.24774870831145293,-0.7513245590309696,-0.41731861705641016,-0.05326217689793683,-0.47713192459466336,-0.547248960321149,-0.21969654044957973,-0.4730737082323157,-0.5181567405915162,0.09185889952002262,-0.6950471195756297,-0.2521176262977349,-0.5257383159809664,-0.003633536092746703,-0.7049034471167593,-0.4818903414651892,-0.3431226058706223,-0.18698197048107248,-0.12519235846408755,-0.45533080516366026,-0.2957025298045211,-0.17539758700403257,-0.6971820335219513,0.1324688151972002,-0.24313329694222366,-0.27932113603773373,-0.38180935187329024,-0.4579940499357307,-0.18642087888021813,-0.25123827023195167,-0.19089796682836377,-1.067893004220877,-0.15181520665284812,-0.4437513931893106,0,15,train
1.6724640648874203,0.25574154607925365,-0.5971481855579953,0.5483733498199106,0.02253764848668087,1.0338162458905336,-0.2594102287857103,-0.9087318528955856,-0.7055003390671595,-0.5798008442450013,-0.3784649665408616,0.023623771641919093,-0.9727341921779502,-0.38969897175592705,0.48496070632409743,-0.20472264006310853,1.4123132775803844,-0.37719451294452394,-0.382888285388235,0.053371670104615104,-0.6657329247691633,-0.7500805720601919,-0.20914972579109598,-0.42722949176173625,0.06778258395904437,-0.5822887280115909,-0.33752606243390926,-0.6309390897033891,-0.36663104390171336,-0.6007614383669753,-1.2946266154090715,-0.14859521675215728,-0.0692439450916115,-0.24705650744426008,-0.3256850804282824,-0.1455407504964811,-0.744979904477823,-0.6916998481706792,-0.33050143491013306,-0.8978282460161101,-0.6323719622299996,-0.8618338689174504,0.11187652718019674,-0.11471823801711334,-0.1883040632831357,-0.20109677824074537,-1.1067293569579906,-0.6976003328674645,-0.7069160230513362,-0.8600781457428246,-0.5431176271777906,-0.41483953634273935,-0.44600040769385185,-0.31953800669845117,-0.4735318826282745,0,15,train
0.8830242457777274,-0.31912283239659944,0.21013639913589993,-0.2888452586926426,-0.46109811985865123,-0.49428492960817516,0.9945313490944445,-0.14117531608357295,0.5125558109851261,0.08865821905213614,-0.21115428663985558,0.22964655361302014,-0.19440477760878205,-0.3852819818648243,0.13350682974098682,-0.4306437190292047,-0.40221135934019286,-0.696209469040127,-0.8149675857435539,-0.085860062459327,-0.8676032991683275,-0.458249679787115,-0.6699983340449885,-0.8484416667380961,-0.6648567580700523,-0.5297103263031271,-0.7569718582083887,-0.2711018591063059,-0.9387603646787008,-0.5653594250346357,-0.3131046914741188,-0.7069265087674443,-0.5040769204039494,-0.2669623509111677,-0.4424287652499141,-0.3116880861262667,-0.511674065579827,-0.37455170148784056,0.008726390104010176,0.11784334325415428,-0.5470128329301573,-0.2642507887426917,-0.339554223680735,-0.3293101626767905,-0.46120039273655583,-0.13503939170985094,0.09529282225293378,-0.5171483437279363,0.15792826815801106,-0.44486800641870233,-0.18869269374355765,-0.1623096813584435,-0.7078499220210204,-0.5279208794823822,-0.311866368531042,0,15,train
0.2549616272595187,0.10803333772087471,1.2610982609345232,-0.7081851201989301,0.8617879523800512,2.5190580572436474,0.8175760899288752,1.4727852843827764,1.4698116174739053,1.44166225893431,0.6291171279740857,0.22964655361302014,-0.08922512699132691,-0.4692047897957762,-1.5542891124546492,0.6198892981631423,0.5050509591200958,1.1750855783011542,0.49810457377780476,0.6559483487420039,0.5673131458851906,-1.3672311475229284,0.4337147193361827,-0.18441306148124653,-0.6361882620776094,-0.2773339981025009,-0.04714051151311583,2.988852099041079,0.5048682703050931,-0.6184624450331451,-0.02139363016477964,1.316529450238312,-0.5528432353922489,0.21741317345025052,1.2724957083368136,1.9091479667918676,-0.16916123826149254,-0.9259894700444881,2.7225489902171565,-0.027252598070169193,-0.7398612361631342,-1.0898589916157135,1.1154705104991276,1.457496067142562,-0.2984201260450421,1.906734373790523,-0.13273306540225513,-0.2874821757321733,-0.04631540209069086,-1.1608936548449946,2.771797926707094,2.9014015781680134,0.4564452398979968,-0.8989440432196253,-0.34590121360414355,0,15,train
-0.17828527162572708,-0.3570479129210481,-1.230377572319942,0.05451664881250573,-0.4373904841554487,-0.49593336669069804,-0.7262059986535051,-1.125964835012193,-0.9840825242372685,-1.2643458208300378,0.06769684652848776,0.11909774377486836,-0.19861196363348027,-0.5089576988157007,0.18254690554328135,-0.08046604663175565,0.41352888313506664,-0.03872742537967681,-0.30432841259635884,0.08760898139083038,0.027173495465805404,-0.23818048233528646,0.0890464324908345,-0.4123631797037471,-0.6807837002880762,-0.7032190519410576,-0.15469071555785416,0.4871265910804052,-0.4131997095463519,-0.4119507005944973,-0.25133058437331757,0.17214829142683738,-0.31307552003310934,0.1842367676720712,0.4794437804105569,0.5135103475016685,-0.42728684725502,-0.268835652593561,0.6523894426949487,-0.11793756139787136,-0.36681022663049057,-0.49620737907368356,0.29841815976735864,0.2969479031667571,-0.21224233779659363,0.6516440297035283,-0.061067786424910044,-0.160345547020233,-0.020784943309603128,-0.03813154340731734,0.44927218643806166,0.7334565966990586,0.18524395720200082,-0.6041585158667472,-0.04384196358036704,0,15,train
0.13574603763337725,-0.36503214039987936,0.0261351898935542,-0.31952866319310264,-0.468210410569612,-0.33273809552093303,0.1082295768944811,-0.1894493121094857,0.33177375465133196,-0.04360373464836699,-0.7986006738478323,0.26482117492515933,-0.32062035834972824,-0.7209732135886316,0.17028688659270771,-0.3346272604686138,0.0912120068399641,-1.058019114368067,-0.9384188144165021,-0.4396456124168848,-0.5129661549535797,-0.04203184982387411,-0.3950382400447669,-0.5312936761676604,-0.5087727243334187,-0.5086789656197416,-0.4880963480965429,-0.1854263280117623,-0.6793063703728577,-0.33524633837442813,-0.5876562785887909,-0.9603534781928228,-0.18303201339764383,-0.4560678638467899,-0.1244028652185726,-0.7879771149316521,-0.31807985883468143,-0.15454803216731286,-0.0739060288096914,-0.48793221177489626,-0.3004197927306133,-0.41757802641911,-0.66786749703414,-0.4125192763203388,-0.4468374280284811,0.1952475409446213,-0.5236345870968647,-0.672993243439347,-0.34948960011610775,-0.31776286172764456,-0.13031682235438985,0.018749459951051612,-0.7966917215248811,-0.5685809522207103,-0.23954232275070111,0,15,train
1.0269552625214835,0.3814931288708465,0.1570910054804489,0.33066728931664624,0.5180272346836143,-0.4052693271519397,-0.08092949324802402,0.4397217694282437,1.6505936738076994,0.42288775070070483,-0.3859009967586841,-0.07687514639276434,-0.051360452769043045,-0.3101931537160779,-0.12804024120458388,0.43350440801611306,-0.2947724005751587,-0.5600445487554184,-0.3267740905368949,0.12184629267704565,-0.24562430777630828,0.005809280056958177,-0.7164704626084063,-0.2785663711818446,-0.10104300355200835,-0.31939671946927195,-0.6386666337591765,-0.11260212658140019,-0.4597683751909904,-0.3647480161513778,-0.004234155970112633,0.27114320135862585,-0.2358621879683017,-0.7745613593173114,0.2620589879840703,-0.10677303884953113,-0.660592686153016,0.12259944736633893,0.017424539463347183,-0.45165822644381537,-0.3857789220304555,-0.37040041482636593,0.09322236392148055,-0.17165078945743587,0.027140407337985423,0.20725797485932937,0.8217181500687498,-0.42692234915817223,-0.35268090746374375,-0.292341832789433,-0.5723055628723744,-0.18613325258337707,-0.8948852893975693,-0.1975577884834671,0.01571901529756073,0,15,train
2.2729035589800595,1.9084766341973314,2.2192306838361073,1.6354425378362099,1.4924110620852393,-0.7877067302972476,2.8098482319136466,1.0769385169702919,0.9007926860626186,1.9796466922296,3.306088006390182,-1.2778372169072314,3.356460227236504,1.6509503579335334,-1.0802350463658024,0.9587709166122864,-1.3333490019704892,1.3929494507566882,1.8785137671207714,1.1649430431970709,1.0474372795913105,2.684912553383566,1.804642511957006,2.8185819742325653,2.160582791407377,1.8152863898943579,2.577084467178499,-0.9522223313079277,1.8154435748756343,2.845034525980747,1.6670986305904538,0.4136958716604013,2.4544128555528912,1.179528941017451,-1.8836094261514365,1.2390203797517323,1.161178438858995,0.7768960743066096,-1.6178275400920104,3.5566171526406207,2.7124413266304823,1.182529300101461,0.8132730657079255,1.4049429427361104,2.0092295370523,-0.735561087445255,1.1116367786589185,2.9442489024939213,3.6428358917764876,2.9657867094580155,-0.5639661526739219,-1.4964296699547233,3.809054200122637,1.2865348664655054,0.9984751667833689,0,15,train
0.5457313580549856,0.0900688258935043,-0.10150528858987481,-0.12373932019016701,0.0367622299086024,0.5936835448569249,0.01975194731169644,-0.1122109184680253,0.09616435336384603,-0.1150966825945849,-0.5792377824220688,-0.01657579557195428,-0.6151233800786027,-0.8358149507573026,-0.10760687628696117,-0.5944365012796243,0.08325356544996156,-0.6728669112770341,-0.3548311879625649,-0.29128393017661863,-0.5511578474074756,-0.4917384707036976,-0.3253300471996403,-0.5362491135203235,-0.4896603936717901,-0.9345640194582983,-0.4719638174898322,-0.05691303136994684,-0.43315770910833984,-0.5476584183684658,-0.3611512192191864,-0.6000120060411128,-0.4268635883391417,-0.4726560667358795,-0.17271059686890297,-0.6495210019068308,-0.5861333758664214,-0.20312027084846834,0.0435189875413582,-0.23038691592422206,-0.3004197927306133,-0.42544096168456735,-0.6454825011236806,-0.6665260442848546,-0.2888448162396589,-0.06297678822160244,-0.31189626284561783,-0.6565885171539354,-0.10695024169577425,-0.4152101393241222,0.09067754790460246,0.018749459951051612,-0.647063427623642,-0.4618482612825992,-0.13318343189725868,0,15,train
-0.4719626997291487,0.9882944172620247,1.519694555004847,-0.31952866319310264,0.9352816230599792,0.9777693850847557,1.5726868941267786,1.0029183897305591,1.0919474833335978,1.529241120168427,1.2797697720335535,0.7723407110003107,-1.1115713309929909,-0.8446489305395081,0.010906640235250563,0.37137611130043663,-0.3584399316951789,0.5603982238730412,0.593498705025083,0.5897562135886544,0.3545308593563418,-1.1423778370830167,0.6389666204912777,0.8611842199306581,-0.2921663101682945,0.09071481385674558,0.5874056923508403,0.6970316422620371,0.8641122624208759,0.7976180882604396,-0.7832742844079947,0.39389688967404357,-0.8251218274102547,0.6354358862553101,0.9907006070432199,1.0451818215169824,0.4314771980503694,-0.4431242737435895,1.2917034206062186,-1.1590009403998924,-0.7430226853964617,-0.8696968041829078,0.63419309842425,1.0502093529925627,-0.8873016790761066,0.6216179449167581,-0.6962827591786507,0.5409565016811149,-1.0451946019007488,-0.949051747026565,0.9287882728490827,1.2623398778925838,1.6067127492637727,-1.0768318614498102,0.4709350681502944,0,15,train
-0.6260706570507463,1.179915876753976,1.8628319452135456,-0.3209897776931246,1.350165247866024,-0.6640739491080317,1.8442216883636005,1.6369168708708797,1.3986842510474946,1.95998613154439,1.833754023261329,-0.6446940332887258,-1.3934527946477708,-0.601714486528858,0.08038008095516778,0.9587709166122864,0.5806561523251198,1.8792527374877903,1.648445568230277,0.9823440496705894,1.2438516979256324,-1.1519460630591831,1.9246955107458352,1.2923072696123439,-0.40365490569446133,0.8531016386294705,1.4639398553154575,-0.8879656829870199,1.6491269118590681,1.582362717127301,-1.1813740857242694,1.3244490430328553,-0.9470376148810037,1.1032232077276387,-1.1670447400048696,2.1749837037995245,1.1462865768016761,-0.5745550372337749,-0.9654663381417345,-1.3657626567870533,-0.8347047131629589,-1.0151611065938688,1.4885537756734515,1.7771942406151422,-1.2559511065833582,-0.6334723991702362,-1.227257326147162,0.8280392116758187,-1.2302904280636349,-1.0083674812157253,-0.7932999331313667,-1.0485465309259723,2.25666065089728,-0.6803961522511122,0.5858026702720123,0,15,train
1.6535640323857148,0.68090165932702,-0.4214353190743138,0.5337622048196915,0.3378492033392749,-0.4909880554431294,-0.3097509490655705,-0.7687372644204385,-0.8018186477695908,-0.5011586015041617,-0.08474177293687328,-0.26782309065866283,-1.027427610499027,-0.15559850752748244,-0.12395356822105934,-0.5774924203571671,-0.6409646010402688,-0.6845381901585805,-0.8261904247138219,0.030546795913804926,-0.6002614519910561,-0.5778525044891957,-0.5112185614533112,-0.5114719267570083,0.12193418750032543,-0.19320855536895887,-0.9398072050844438,0.5770858987296761,-0.7458330355794841,-0.712867813919384,-1.1916697702410697,-0.053560103217640355,0.101438157367437,-0.4195738174907926,0.23790512215890508,0.00399185157032594,-0.893898525051012,-0.5631262751911501,0.308812543001137,-0.7563597032248947,-0.3320342850638882,-0.7556842428337762,-0.2723992359493567,-0.19792735166066164,0.07022930146220965,0.1952475409446213,-1.360815346059487,-0.7058026960101703,-0.8345683169567748,-0.36860491960406766,0.34085985385817863,0.35227945710012154,-0.4880833653535754,-0.10099011572993809,-0.6862496643351593,0,15,train
0.2724078111072467,1.1958843317116385,0.7919780607941282,0.5191510598194724,1.331199139303462,-0.5289021083411556,1.0067351600713803,0.8323502704390007,-0.17649055127072885,0.8572074094739787,0.2610336321918725,-0.3733469545950805,-0.17757603350998924,-0.11142860861645516,-0.2996805065126147,-0.39110753021013783,-0.1435620141651106,-0.04261785167352562,0.3690419256197225,0.1903209152494762,0.6546084429226668,0.10149153981862274,0.13939123843453705,0.3805067967223418,-0.2921663101682945,0.6007253104288444,0.5766506719463664,-0.3225071777630321,0.11236094558599706,0.39639527049392387,-0.04884878887624685,-0.4534995393420658,-0.29682008170367613,-0.6219498927376865,-0.7282495108477021,-0.7824388704106593,0.36198184178288123,-0.3231222722960289,-0.3913884804254921,-0.08166357606679049,-0.14550878029756645,0.1446218450610906,0.16410818430460206,-0.6271112009800159,-0.05903738091046303,-0.6214619652555282,-0.36401646573823243,0.3399986046848223,-0.06546324617650667,0.012710514469105781,0.4367630711403828,-0.4720161072825799,-0.025170831096616737,-0.06541255208390108,-0.5075667277013761,0,15,train
1.620125513344236,1.0581564077017986,1.1119080912785673,0.8201406468239854,1.3288283757331416,-0.5008786779382667,1.6291295198951068,1.535541479216463,1.1334384470823375,1.2754411549593534,0.9637384877760977,-0.6245942496817891,1.3159750052578743,0.21984563321624948,-0.27107379562794287,0.7102577297495808,-0.48577499393521945,0.7899333752101213,0.7842869675196393,0.5121516413398998,0.9819658068132033,0.6277439685077779,1.4057567417876704,0.6877439125874512,0.3353552132218449,0.44299010530345295,1.1305342227767687,-0.6309390897033891,0.7709749311315989,0.5085016460463326,1.4817763092880503,0.9126302177166152,0.8085497246977809,0.8046355557240247,-0.6517622690680124,0.9233404420551397,0.5009725543178576,0.3111740210696484,-0.5566533182528952,1.1734163163886075,0.4298749801680363,0.6124664933558029,0.8841588860910469,0.7348906065538533,1.0899997957355163,-0.4893471921937393,0.8640658149189993,0.672194311964408,1.4057294410836743,0.5168942550769684,-0.6765481903530312,-0.6197222488771681,1.1999108252197788,0.264950538915014,0.32203262095547497,0,15,train
0.5006620497816883,0.5870869864507523,0.16372167968738027,0.6053568153207649,0.41845516473016353,-0.469558373370332,0.47892033531890643,-0.1701397136991206,-0.7232821806737622,0.09223286644944703,-0.40449107230324033,-0.1874239562309161,-0.38372814872020133,-0.3057761638249752,-0.2547271036938447,-0.8994299578838542,-0.1316243520801068,-0.6339626483385459,-0.5624537089125233,-0.06760016310667885,-0.6657329247691633,-0.37213564600161686,-0.7784333006929632,-0.5808480496942909,-0.4259526247996947,-0.6296092895492084,-0.6440441439614135,-0.155439892128672,-0.55955837300093,-0.4473527139268369,-0.49499511793758905,-0.5406150600820396,-0.25618148588009315,-0.7181614694944066,-0.35789023486183597,-0.7879771149316521,-0.47196243342697664,-0.6716995145960858,-0.32615236023046457,-0.20499512619246546,-0.19925341726413373,-0.4529612351136681,-0.3097075624667891,-0.8723591148767899,-0.116489239742762,0.009085815266646048,-0.5855273280318446,-0.2710774494467616,-0.3175765266397481,-0.2584471275384842,0.2491263416752007,-0.24330982352321764,-0.5769251648574361,-0.31953800669845117,-0.7287932206765363,0,15,train
0.7536317155737445,0.05613585910847131,-0.4065163021087182,0.45486202181850843,-0.5132549184056968,-0.41680838672959986,0.09907671866177924,-0.41955535983300307,0.5036648901818248,-0.506520572600128,-0.28923260392699174,0.13417258148007086,-0.5141509154858458,-0.16884947720079063,0.043600024103446905,-0.6000845282537768,-0.05203993818008148,-0.9724297359033931,-0.5905108063381934,-0.2890014427575376,-0.3711112972676806,-0.6304777473581111,-0.762942591171824,-0.7988872932114655,-0.37180102125841363,-0.8872434579206809,-0.48271883789430603,0.18297845569477533,-0.46642104171165305,-0.48865506281456644,-0.37487879857492,-0.7663234547265174,-0.3943527116802753,-0.548961800025692,-0.06401820065565965,-0.8710507827465449,-0.3677193990257444,-0.0002597445918778441,0.20443475068909284,-0.31381708218570803,-0.2371908080640636,-0.44509829984821075,-0.4067092114121133,-0.846082552673564,-0.7149461025792097,0.39942491749465864,0.020370030594800283,-0.4474282570149368,-0.35906352215901566,-0.7287361628953981,-0.32629296201802455,0.1807497442805999,-0.6330357750704008,-0.7769638250046412,-0.23528796711656344,0,15,train
-0.3658317479888033,0.12599784954824514,0.5483007836894002,0.7733849828232843,0.07232368346340623,-0.5437380420838616,0.21043649382631854,0.9707357257132838,0.4029011210777428,0.6963482765949883,-0.45654328382799775,0.023623771641919093,-0.7623748909430399,-0.3499460627360025,-0.5571409044746608,-0.5492522854864051,0.36577823479505145,0.01573854273420664,-0.5961222258233274,0.04652420784737205,-0.4856863746293683,0.36940186715128354,-0.29434862815736185,-0.3677642435297796,-0.7285645269421477,-0.7926023348454461,-0.805369450028521,-0.47243935717848345,-0.6260850382075566,-0.6066617739223652,-0.49156322309865563,-0.4337005573557081,-0.3171393796154676,-0.41293853633515676,-0.09622335508921323,-0.5110648888820094,-0.32304381285378775,-0.12597612706075081,-0.026066207333337855,-0.7345953120262462,-0.32254993736390575,0.4355504498830126,0.17156984960808852,-0.5395226603025967,-0.47077570254193896,-0.1290341747524969,-0.4421967700771544,-0.2751786310181145,-0.40693313237355516,0.1440524973165322,-0.13031682235438985,-0.12419196739854979,-0.44600040769385185,-0.1619802248374301,-0.6054169072865431,0,15,train
-0.8368787118774598,0.6908819436755591,0.593057834586187,0.19624475531463076,0.2074572069716608,2.3228940444234247,0.9914803963502106,0.5394880278817967,0.7407561116031943,0.6177060338541487,0.09000493718195522,1.04871273559569,-0.8212754952888148,-0.3234441233893861,0.3501004978677876,-0.1595384242698893,-1.4686425056005323,-0.07374126202431616,-0.22576853980448267,0.290750361689041,0.14174857282749315,-0.29558983819228524,0.11615517415282818,-0.2091902482445618,-0.6043343776415617,-0.22475559639403717,-0.28375096041154013,1.1511119570631183,-0.04730305090990642,-0.258541976154359,-0.6700217547231926,-0.13275603116307114,-0.9145267382221373,0.03162530109244628,1.6951883602772042,0.12029498651117586,-0.0698821578793666,-0.28312160514684204,1.2699580472078762,-0.8325350724201646,-0.21822211266409866,-0.15810116265901744,0.2387248373394668,0.007905718931273602,-0.676644863357677,0.7237066331917769,-0.8917335200259554,-0.057816007736410185,-0.9686032255574855,-0.16099984994200656,1.1831402839018852,1.3290458773223979,0.17121630464875964,-0.22297033394492213,-0.1076572980924325,0,15,train
-0.14775444989220304,-0.6584525002469295,-0.4313813303847108,-0.5401569526964107,-0.5345917905385792,-0.4299958833897829,-0.30517451994921957,-0.3567991649993165,-0.18389965194014662,-0.3831952373929021,-0.6089819032933588,-0.056775362785827656,-0.43421438101657983,-0.4294518807758516,0.33375380593368936,-0.3459233144169186,0.31404836576003503,-0.8323743893248357,-0.45583673869497715,-0.18400702147981077,-0.3929351215270497,0.010593393045041406,-0.700979753087267,-0.5758926123416279,-0.5278850549950473,-0.555999527157359,-0.1062931237377219,0.13585691359277632,-0.5861690390835806,-0.5771600961454155,-0.323400375990919,-0.675248137589272,-0.26430920504480976,-0.4925619102027871,0.133238370249856,-0.6329062683438522,-0.5216019736180396,-0.30026474821077925,0.09570788369738024,-0.28117049538773525,-0.4458464574636778,-0.13844382449537407,-0.5857891786957887,-0.5263843792009838,-0.47077570254193896,0.18924232398726723,-0.37053149109980926,-0.7058026960101703,-0.14524592986740587,-0.19489455519295532,-0.07611065606444833,0.052102459665958605,-0.8013676057092949,-0.24838287940637713,-0.24379667838483882,0,15,train
-0.0459850441137896,0.6749134887178965,0.6759412621728292,-0.3429064951934532,0.48720730826945097,-0.4234021350596914,0.6619774999729436,0.7760306084087691,0.445873904960366,0.6945609528963329,-0.23718039240223432,-0.01657579557195428,-0.5225652875352421,-0.7430581630441453,0.149853521675085,-0.323331206520309,0.28221460020002487,-0.24881044524751297,-0.6410135817043995,0.04195923300921001,-0.07103371370135553,-0.8314104928576067,-0.19753169365024154,-0.2091902482445618,-0.5692951047619093,-0.6874455314285185,-0.5096063889054906,-0.40389893230284857,0.025876280817382673,-0.20543895615584956,-0.460676169548255,-0.31490666543756196,-0.6544397249512063,-0.32999752188970843,-0.3256850804282824,0.0206065851333045,-0.33297172089200033,-0.27169284310421726,-0.3652940323474811,-0.5568527839039499,-0.3415186327638707,-0.7085066312410321,-0.20151341556623523,-0.27675703827033893,-0.33193371036388314,-0.23712807998486962,-0.44545428275794285,-0.2874821757321733,-0.4643766646310026,-0.834657116804613,-0.27208679572808303,-0.31478053719801835,-0.25428915613288916,-0.8277889159275512,-0.23954232275070111,0,15,train
-0.4632396078052847,0.14396236137561555,-0.451273353005505,0.7295515478226271,0.5203979982539345,0.8936990938760889,-0.6377283690707205,-0.025317725621382372,-0.7114276196026936,-0.33315017383054957,-0.460261298936909,0.15929731098874172,-0.5141509154858458,-0.5487106078356253,0.5707808389781128,-0.5549003124605575,-0.4181282421201979,-0.7934701263863474,-0.7869104883178838,-0.0607527008494358,-0.44203872611063016,-0.5682842785130292,-0.700979753087267,-0.3974968676457579,-0.7062668078369143,-0.3299123998109647,-1.0043373275112868,-0.022642818932129386,-0.5129897073562916,-0.12873459393578038,-0.3131046914741188,-0.44557994654752275,-0.5609709545569654,0.0050841764699028165,-0.5390442285505748,-0.5775238231339237,-0.6308089620383781,-0.5031252744673698,-0.021717132653669348,-0.25577870565597866,-0.7145696422965142,-0.43330389695002475,-0.3470158889842215,-0.272377611236468,-0.8346374751464992,0.5495553414285097,-0.11318798931752465,-0.6401837908685237,-0.2569416870346647,-0.4957100642951255,-0.6556996648568998,-0.28619225172809803,-0.5862769332262635,-0.1162376430068111,-0.37993605867724517,0,15,train
0.4308773143907762,-0.40495327779403584,-0.8590598167317847,-0.05506693868913735,-0.6555007326249123,-0.4728552475353778,-0.5614545504648717,-0.9650515149258171,-0.5988092894275432,-0.9444148787707127,-0.17769215065965438,0.13919752738180505,-0.560429961757526,-0.3543630526271052,0.014993313218775105,-0.3402752874427662,-0.21916720737013465,-0.18656362454593187,-0.1808771839234106,-0.0014080279533293274,-0.6275412323152675,-0.37213564600161686,-0.2130224031713808,-0.006017316785376537,-0.5852220469799331,-0.27207615793165457,-0.18695577677127564,0.3329106351102266,-0.49968437431496626,0.018773794948968008,-0.460676169548255,-0.27134890506757503,-0.5772263928863987,-0.28023291322243943,0.2540076993756819,-0.4446059546300952,-0.39750312314038216,-0.22026341391240556,0.3827468125555015,-0.4335212337782749,-0.1866076203308238,-0.4215094940518387,-0.04108761154127601,-0.3074130275074357,-0.1691534436723694,-0.04496113734954031,-0.5790123026702678,-0.6114755198690534,-0.3877852882877394,-0.3389470525094875,0.1657322396906753,0.5285738841646299,-0.23090973521082056,-0.5990760067744563,-0.1204203649948456,0,15,train
0.22297695687201732,0.08208459841467301,0.4687326932062236,-0.21432841919152532,0.34970302119087615,-0.3442771550985932,0.8907989557904901,0.291681514948778,-0.2031633136806329,0.4586342246738138,-0.2706425283824355,0.06884828475752663,-0.4258000089671834,-0.5089576988157007,-0.02996008959999486,-0.4362917460033571,0.12702499309497547,-0.739004158272464,-0.2538256372301527,-0.17031209696532468,-0.41475894578641875,-0.6113412954057783,-0.3485661114813492,-0.4371403664670624,-0.3749864097020184,-0.7663131339912141,-0.2084658175802233,-0.3482098370913952,-0.10717704959587022,-0.6361634516993149,-0.1723970030778493,-0.6118913952329273,-0.5650348141393238,-0.6086793304264148,-0.3015312146031172,-0.4556824436720809,-0.7995833986879923,-0.2488353190189676,-0.04781158073168037,-0.019997801003953018,-0.4995910944302451,-0.3114284003354358,-0.3917858808051403,-0.6577671902171127,-0.2888448162396589,-0.34522198521724234,-0.4552268208003081,-0.5376542515847009,-0.2888547605110244,-0.5592626366406543,0.1782413549883541,0.14263203032070618,-0.47873159698474793,-0.5736634613130012,-0.4054621924820713,0,15,train
0.22152310821804,0.545169792186888,0.9527719103122142,0.38326741131743497,0.9400231502006197,0.9283162726090693,0.4590891424813857,1.2265879046506214,0.7615015934775641,1.102070756189775,-0.08845978804578451,0.6919415765725639,-0.09343231301602511,-0.18651743676520155,0.2193269623950022,0.09462278956696885,0.2185470690800046,0.34642477771135616,0.2680363748873103,0.22227573911661044,0.2726915183837077,-0.051600075800040564,-0.25562185435451373,-0.09025975178064848,-0.5469973856566759,-0.40352216220281406,-0.15469071555785416,1.1810983929462087,0.36516227337117757,-0.10513325171422064,-0.055712578554113656,0.08503277068686352,-0.3171393796154676,-0.1773860553100835,0.2741359208966529,0.25875109953599723,0.14853181896131049,-0.0374032212304085,0.8046070564833464,-0.18323073499381692,-0.13286298336425648,0.01881488081377297,0.6043464372103041,0.31884503833611194,-0.09733862013199568,0.8738370571256279,-0.33144133893034833,-0.43512471230087807,-0.3462982927684718,0.1313419828474264,0.5993815700102074,0.8763980240486601,-0.2963721137926127,-0.32970302488303316,-0.14594649879967178,0,15,train
-0.11576977950470167,0.2717100010369162,0.1869290394116401,-0.3049175181928836,0.21219873411230133,-0.34757402926363895,0.12348434061565086,0.26915365013668535,0.20878268353899654,0.1994722883687739,-0.7428304472141636,0.22462160771128598,-0.39214252076959777,-0.9550736778170763,0.03542667813639782,-0.08611407360590805,-0.020206172620071353,-0.7078807479216734,-0.7027391960408736,-0.26845905598580844,-0.6220852762504252,-0.5682842785130292,-0.5925447864392923,-0.6304024232209215,-0.4291380132432995,-0.9082748186040664,-0.42894373587193685,-0.29680451843466904,-0.6593483708108697,-0.7895721761394532,-0.33369606050771916,-0.5881326168492982,-0.6544397249512063,-0.5655500029147816,-0.16868495256470875,-0.3615322868152024,-0.6059891919428466,-0.29455036718946687,-0.030415282013006358,-0.4734226176424639,-0.3636487773971631,-0.30356546506997845,-0.574596680740559,-0.7278380227590481,-0.4851386672500137,-0.22511764607016152,-0.28909367408009895,-0.31619044673164365,-0.5377767336266298,-0.5084205787642313,-0.10529859175903222,-0.2909569659730848,-0.7405811113119164,-0.5939934976821653,-0.494803660798963,0,15,train
0.5021158984356656,-0.18339096525646748,-0.568967820178537,-0.36190098369373797,-0.003540750786841942,0.8129256768324677,-0.605693365256264,-0.2522055069431723,-0.7751458853596868,-0.4725614223256745,-0.2966686341448142,-0.16732417262397942,-0.38793533474489955,-0.5972974966377552,-0.2874204875620411,-0.70174901378852,0.31006914506503375,-0.6456339272200924,-0.6746820986152036,-0.09499001213565107,-0.5402459352777911,-0.09465709269278962,-0.290475950777077,-0.5312936761676604,-0.518328889664233,-0.7663131339912141,-0.35903610324285695,0.14870824325695786,-1.0252450294473152,-0.3647480161513778,-0.42635722115892105,-0.5326954672874966,-0.569098673721682,-0.25369178859989594,-0.4021723222079721,-0.35045579777321667,-0.5464217437135711,-0.023117268677127475,-0.021717132653669348,-0.353718466049897,-0.12021718643094653,-0.13451235686264537,-0.4850566970987213,-0.2373421949655003,-0.4276868084177147,0.09315885266960261,-0.5594672265855373,-0.4884400727284659,-0.6558551054891606,0.05507889603279172,-0.33880207731570333,-0.024132968253828806,-0.22623385102640683,-0.5431684067592553,-0.3416468579700059,0,15,train
0.21861541091008532,-0.2712174675236117,0.5648774692067287,0.22985038881513464,-0.5559286626714615,-0.5684645983217047,0.3690860365264841,0.3753564413936934,1.4194297329218644,0.8393341724874241,-0.20371825642203312,0.08392312246272915,-0.2659269400286516,-0.4780387695779816,0.01907998620229965,-0.769525337478349,-0.07591526235008908,-0.4044274970014657,-0.9833101702975742,0.1515186291250989,-0.5020542428238951,-0.07073652775237348,-0.48023714241103277,-0.4420958038197254,-0.41639645946888043,-0.26681831776080817,-0.7784818990173363,-0.4595880275143019,-1.0718136950919537,-1.0019842561334908,-0.17582889791678272,-0.09315806719035574,-0.5162684991510242,-0.15416257126535796,-0.2532234829527869,0.6519664605264898,-0.3677193990257444,-0.005974125613190252,-0.37834125638648664,-0.2195047203248978,-0.22770646036408113,-0.20921024188449022,-0.13435842783485696,0.3626393086748215,-0.35108432997464945,-0.008929835605416072,-0.10341545127515941,-0.39411289658734894,-0.40693313237355516,-0.16099984994200656,-0.8016393433298192,-0.4720161072825799,-0.2215579668419931,-0.4618482612825992,-0.5671277065793038,0,15,train
-0.39490872106835,0.29167056973399447,0.12725297154925772,-0.20263950319135005,0.00594230349443908,-0.4299958833897829,-0.010757580130643096,-0.08324652085247766,0.07393705135559266,0.018952594804573678,-0.6982142659072287,-0.006525903768485937,-0.38793533474489955,-0.813730001301789,0.149853521675085,-0.27814699072708976,0.23446395186000968,-0.8596073733817773,-0.394111124358503,-0.37117098984445424,-0.7639401339363243,-0.3817038719777833,-0.6971070757069822,-0.27361093382918156,-0.6393736505212142,-0.6506406502325939,-0.7677268786128626,-0.12116967969085456,-0.41985237606701453,-0.25264164059896904,-0.28908142760158495,-0.7544440655347028,-0.6869506016100727,-0.6418557362045941,-0.05596691204727126,-0.7492094032847021,-0.6804485022294412,-0.28026441463618584,-0.2217745679184205,-0.5169514000397609,-0.42687776206371286,-0.15023822739356008,-0.6566749990789102,-0.46069297369291934,-0.2984201260450421,0.22527362573139148,-0.44871179543873124,-0.718106240724229,-0.3654461368542876,-0.135578821003795,-0.0677712458659958,-0.07654482494868266,-0.8013676057092949,-0.5990760067744563,-0.43949703755517294,0,15,train
-0.5301166458882421,0.5371855647080567,0.6726259250693635,-0.1924117016911967,0.6531607581918688,-0.45142556546258034,0.46671652434197064,0.4944322982576115,0.1628462593886062,0.8339722013914579,-0.3487208456695717,-0.23767341524825783,-0.7539605188936435,-0.6900542843509125,0.01907998620229965,-0.5774924203571671,0.30608992437003246,-0.13598808272589724,-0.21454570083421465,-0.012820465048734417,0.09810092430875496,-0.711807668155526,-0.3485661114813492,0.15255667849984125,-0.5374412203258616,-0.208982075881498,-0.5633814909278597,-0.2068452107853982,0.14562427818931029,-0.022528553938761544,-0.6391347011727919,-0.5524944492738543,-0.5325239374804573,-0.38639741171261327,-0.2411465500402043,-0.3726087758571881,0.1137841408275664,-0.16883398472059388,-0.10000047688770242,-0.6330281530992198,-0.42687776206371286,-0.393989220622738,-0.12316592987962724,-0.46507240072679035,-0.7580349967034339,-0.18308112736868326,-0.47802940956582696,-0.29158335730352614,-0.6079854952746211,-0.5931573418916032,-0.11363800195748477,-0.14801553862348335,-0.7218775745742615,-0.7922113522815142,-0.4437513931893106,0,15,train
-0.6406091435905196,0.14595841824532338,0.10901861748019642,0.07643336631283434,0.13870506343237338,-0.4003240159043711,0.1722995845233941,-0.0317542584248374,0.16432807952248976,0.022527242201884574,-0.7837286134121872,-0.06180030868756183,-0.46787186921416546,-0.4603708100135707,-0.13212691418810843,-0.7808213914266537,0.16681720004498815,-0.7623467160355569,-0.4895052556057812,-0.31410880436742883,-0.36019938513799604,-0.3769197589897001,-0.7513245590309696,-0.18441306148124653,-0.5501827741002807,-0.6033200886949764,-0.6494216541636504,0.1444244667022307,-0.6859590368935203,-0.2821433183759187,-0.33369606050771916,-0.6079315988356558,-0.3537141158566923,-0.6119969710042327,-0.1203772209143784,-0.5332178669659808,-0.69534036428676,-0.1716911752312501,-0.10434955156737091,-0.45891302351003155,-0.3288728358305607,-0.36646894719363726,-0.7536766480242344,-0.5570403684380806,-0.4085361888069484,-0.038955920392186275,-0.4161366686308471,-0.4597318017289955,-0.6175594173175291,-0.30505234725853875,-0.0052256693776017524,-0.02889768249881552,-0.8574782159222595,-0.5330033885746732,-0.2948489459944912,0,15,train
1.032770657137393,-0.05364726872545897,-1.5387039229422508,0.05305553431248382,-0.5820070619449843,1.0733787358710827,-0.8604479193997991,-1.7020345209214185,-1.1307827174917409,-1.6021499998759174,0.35770202502356485,-0.08190009229449852,-1.6122264679320775,-0.3366950930626943,0.14576684869156045,0.24711951786908373,0.8631808216702097,0.7393578333900868,-0.2313799592896167,0.47334935521552246,0.1526604849571777,-0.44868145381094854,0.5615130728855815,-0.402452304998421,-0.33039097149155167,-0.29836535878588644,-0.09553810333324807,-1.1664111590442867,0.03918161385870796,-0.2762429828205288,-1.4147429347717406,1.1185396303747352,-0.349650256274334,0.34016587482951405,-0.9053778602322468,1.0894877776849252,-0.29822404275825626,-0.28597879565749823,-1.0611459810944417,-1.3838996494525937,-0.33835718353054317,-0.4608241703791255,0.8020805677526957,0.8356174283328854,-0.5186522515688547,-0.21911242911280748,-1.0318065652998571,-0.5868684304409358,-0.9047770786047661,-0.42368381563685936,-1.0559913543826218,-1.2057821010105338,0.5078799659265477,-0.45168324309801716,-0.311866368531042,0,15,train
1.5227176535277547,0.2357809773821754,-0.451273353005505,0.10565565631327249,-0.23113405353758645,-0.4201052608946456,-0.26703761064629516,-0.9216049185024956,0.31102827277696216,-0.5762261968476905,-0.08474177293687328,0.21457171590781762,-1.1620575632893695,-0.243938305349537,0.06403338902106961,-0.7977654723491109,-0.5733178492252473,-0.5639349750492672,-0.37727686590310094,0.01685187139931882,-0.46386255036999924,-0.26688516026378584,-0.44538304598846945,-0.2785663711818446,-0.4673626745665567,-0.5244524861322808,-0.4558312868831214,0.28578909300822763,-0.5462530399596048,-0.5063560694807363,-1.2431481928250705,-0.8375997898774051,-0.30088394128603446,-0.4826089884693333,0.08895628290371982,-0.38922350942016665,-0.5960612839046341,-0.15169084165665667,0.13919863049406528,-0.6402829501654359,-0.23402935883073608,-0.5355220554009703,-0.2686684032976135,-0.5351432332687257,-0.4181114986123316,-0.06297678822160244,0.017112517914011867,-0.4884400727284659,-0.7643595553087835,-0.30505234725853875,-0.19286239884278392,0.3761030283250551,-0.46002806024709303,-0.4618482612825992,-0.311866368531042,0,15,train
1.6419332431538962,-0.34706762857250895,-0.0335408779688282,0.30582834281627386,-0.7432189847267617,-0.45966775087519474,0.44993628424868387,-0.038190791228292435,1.0015564551667007,-0.10794738779996312,-0.3821829816497729,0.17437214869394427,-0.3626922185967103,-0.7253902034797344,0.12533348377393774,-1.1140549829016455,-0.5335256422752346,-0.5522636961677208,-0.39972254384363703,0.021416846237480854,-0.3929351215270497,-0.2429645953233697,-0.5344546257350201,-0.4767838652883668,-0.13926766487526557,-0.4403270433987387,-0.6386666337591765,-0.2068452107853982,-0.5728637060422553,-0.6597647939208746,-0.23073921533971714,-0.6277305808220135,-0.7885470911690301,-0.34990336535661604,-0.26530041586536945,-0.8101300930156236,-0.3528275369684255,-0.1031186029755012,0.008726390104010176,-0.16872114086138457,-0.16131602646420387,-0.37040041482636593,-0.16793592170054608,-0.4387958385235646,-1.088383184989153,0.20125275790197533,0.909670992450037,-0.5868684304409358,0.039849896295480254,-0.1313419828474264,-0.3846688334071923,-0.10036839617361622,-0.8434505633690184,-0.7617162977277682,-0.7713367770179133,0,15,train
0.23606159475781335,1.022227384047058,0.7372749985869445,0.3175172588164491,0.5962624325041828,-0.4728552475353778,1.0418211166300708,0.47190443344551886,0.08282797215889401,0.7714158719385171,0.09744096739977771,-0.17737406442744777,-0.22385507978166952,-0.4780387695779816,0.07629340797164325,-0.6565647979953008,-0.16345811764011692,-0.4277700547645586,-0.30993983208149284,0.09673893106715445,-0.17469687893335872,-0.1090094316570393,-0.24400382221365927,0.06335880615190624,-0.339947136822366,-0.1616615143438806,-0.4396987562764107,-0.33964228398194085,-0.30010437869508694,0.2842888949415151,-0.18269268759464952,-0.7029667123701728,-0.3943527116802753,-0.449432582691154,-0.4746339196834677,-0.7436711587637093,0.04925273857918454,-0.2916931766788107,-0.41313385382383466,-0.17597593792760075,-0.3446800819971982,-0.22493611241540493,-0.16420508904880285,-0.8723591148767899,-0.17872875347775255,-0.16506547649662112,-0.46825687152346174,0.2087607944015291,-0.23141122825357696,-0.2626839656948528,-0.11780770705671104,-0.5482515352023674,0.1010780418825538,-0.5431684067592553,-0.18423569950691107,0,15,train
0.19971537840837997,0.8066532421186128,0.19687505072203718,0.7733849828232843,0.515656471113294,-0.456370876710149,0.8206270426731092,-0.08485565405334142,-0.19427239287733153,0.17444975658759762,-0.4639793140458202,-0.3381723332829413,-0.2196478937569713,-0.23068733567622882,-0.2915071605455656,-0.7073970407626724,0.0792743447549603,-1.0035531462541836,-0.42216822178417307,-0.04021031407770664,-0.818499694584747,-0.0898729797047064,-0.5344546257350201,-0.17450218677592041,-0.6107051545287713,-0.014441989560181995,-0.11167063393995882,0.07160026527186861,-0.8190123673067732,-0.27034264726513885,-0.13121426501064848,-0.6594089520001859,-0.5122046395686659,-0.5755029246482355,-0.21296703991084492,-0.5941385566969023,-0.6556287321339097,-0.2488353190189676,0.021773614143015686,0.009021387260911676,-0.03169660789777688,-0.23279904768086226,-0.37313171754642416,-0.6577671902171127,-0.40374853390425686,-0.15305504258191305,-0.31189626284561783,-0.08242309716452766,-0.1803503106914015,-0.16947352625474374,0.011453151019303328,-0.17660382409340364,-0.4927592495379891,-0.32970302488303316,-0.452260104457586,0,15,train
-0.07651586584731362,-0.32710705987543076,-0.05674823769308802,-0.6380516241978785,-0.15764038285765852,-0.35416777759373047,-0.03974163120086565,0.29972718095309675,-0.4298817941648174,0.015377947407262782,-0.7577025076498086,-0.07687514639276434,-0.21544070773227308,-0.5928805067466525,0.17437355957623227,-0.1934265861148037,-0.07193604165508781,-0.7934701263863474,-0.6971277765557397,-0.18172453406072975,-0.6057174080558984,-0.25731693428761937,-0.5538180126364441,-0.8137536052694546,-0.43232340168690425,-0.6348671297200547,-0.33752606243390926,-0.19827765767594382,-0.5063370408356289,-0.5830604317008055,-0.20328405662824992,-0.6277305808220135,-0.43092744792149995,-0.5920911275373251,0.1171357930330792,-0.6827504690327879,-0.56131360577089,0.07974158970649588,-0.14784029836405596,-0.25577870565597866,-0.26564385116401096,-0.5669737964627998,-0.5223650236161537,-0.500107816997758,-0.4899263221527053,0.13519537137108087,-0.15879316684856243,-0.39411289658734894,-0.5952202658840773,-0.16523668809837516,0.11569577849996007,-0.12419196739854979,-0.731229342943089,-0.5533334249438372,-0.23528796711656344,0,15,train
0.6227853367157844,0.8066532421186128,0.5847694918275228,0.19770586981465266,0.8048896266923651,-0.5354958566712471,0.7092672675085699,0.796949340019998,0.4888466888429892,0.674900392211123,-0.11076787869925199,-0.39847168410375133,-0.005081406497362777,-0.4250348908847489,-0.09534685733638754,-0.01268972294192681,-0.09979058652009667,-0.17878277195823425,-0.4782824166355132,0.0784790317145063,0.14174857282749315,0.03451395798545755,-0.17429562936853268,-0.2438783097132032,-0.518328889664233,-0.34042808015265746,-0.16006822576009105,-0.19399388112121663,-0.007387051785930553,-0.10513325171422064,0.22913469307735868,-0.3307458510266481,-0.044860787597461704,-0.32336224073407255,-0.16868495256470875,-0.5886003121759094,0.19817135915237344,-0.06311793582631434,-0.25656716535576857,-0.19774032912624928,-0.19293051879747874,-0.16989556555720345,-0.037356778889532774,-0.2242039138638874,-0.04467441620238829,-0.4292950226201989,-0.038265197659391154,-0.07011955245046891,-0.23779384294884892,-0.31352602357127596,0.04064108671388722,-0.1670743956034302,-0.02984671528103046,-0.1772277521143031,-0.05660503048278013,0,15,train
0.029615085893031818,-0.003745846982763382,0.20019038782550286,-0.26400631219227016,0.13396353629173288,0.7107225777160493,0.20433458833785062,0.3785747077954209,-0.18389965194014662,0.383566629330285,-0.58295579753098,0.0035239880349824063,-0.33744910244852105,-0.8402319406484053,-0.08717351136933846,-0.1538903972957369,0.011627592939938775,-0.8012509789740451,-0.394111124358503,-0.3803009395207783,-0.638453144444952,-0.6783188772389435,-0.5809267542984379,-0.7196002955688566,-0.3972841288072518,-0.7032190519410576,-0.29988349101825085,0.14014069014750352,-0.5396003734389422,-0.9134792228026418,-0.27878574308478477,-0.5920924132465697,-0.3699695541861255,-0.36649156824570567,0.2540076993756819,-0.7492094032847021,-0.9534659732802875,-0.21169184238043695,0.14354770517373378,-0.34283627045057274,-0.4363621097636953,-0.5001388467064122,-0.6454825011236806,-0.8110471364025963,-0.2792695064342757,0.12919015441372683,-0.24023098386827277,-0.6483861540112296,-0.37502005889719553,-0.4152101393241222,-0.4430447047963601,0.1807497442805999,-0.9743753205326026,-0.7617162977277682,-0.6351973967255069,0,15,train
-0.16520063373993105,0.7387873085485468,0.5118320755512776,-0.26692854119231396,0.6010039596448232,-0.5140661745984497,0.6940125037874001,0.7695940756053141,0.48736486870910567,0.623068004950115,-0.23718039240223432,-0.33314738738120714,-0.42159282294248523,-0.9639076575992818,0.031340005152873274,-0.26685093677878496,0.15090031726498307,-0.4550030388215003,-0.3211626710517609,0.06250161978093918,0.10355688037359724,-0.5922048434534454,-0.3485661114813492,-0.13485868795461597,-0.257127037288642,0.06968345317336007,-0.6010240623435181,-0.3482098370913952,-0.1470930487198461,-0.11103358726961057,-0.4057658521253206,-0.44953974294479426,-0.7844832315866718,-0.30677403784498286,-0.4625569867708851,-0.37814702037818093,0.22299112924790493,-0.3059791292320917,-0.3913884804254921,-0.6185185589667874,-0.5596586298634674,-0.8264506602228924,-0.07466510540696515,-0.19354792462679066,-0.734096722189976,-0.30318546651576406,-0.23697347118748435,-0.4228211675868193,-0.41012443972119117,-0.6270520471425519,-0.3679900130102873,-0.2528392520131911,-0.3337791872679225,-0.6753136431588211,-0.08638551992174401,0,15,train
-0.2989547099058459,0.052143745369055666,0.044369543962615485,-0.17487832769093378,-0.11970816573253446,-0.37394902258400503,0.35383127280531435,-0.07520085484815887,0.16729171979025687,0.05112442138037174,-0.7911646436300098,-0.17737406442744777,-0.31220598630033186,-0.7916450518462753,0.2847137301313949,-0.37981147626183304,0.08325356544996156,-0.9257446203772073,-0.8149675857435539,-0.26617656856672745,-0.6766448368988479,-0.27166927325186907,-0.6196535281012859,-0.3429870567664643,-0.38135718658922796,-0.9187904989457591,-0.3805461440518046,-0.014075265822675024,-0.8389703668687611,-0.535857747257686,-0.3542874295413196,-0.7227656943565305,-0.5325239374804573,-0.40298561460170296,-0.2371209057360101,-0.9762774286454091,-0.48685429548429554,-0.3202650817853727,0.0391699128616897,-0.4661678205762477,-0.24983660499737353,-0.5591108611973424,-0.6007125093027617,-0.4125192763203388,-0.4851386672500137,0.027101466138708168,-0.3346988516111367,-0.4761365280144072,-0.49628973810736227,-0.563499474797023,-0.19703210394201018,-0.06701539645870923,-1.0304859307455674,-0.46693077037489017,-0.64796046362792,0,15,train
-0.5926321380092675,-1.159462774543593,-1.067926054250123,-0.7505574406995654,-1.0774966481419177,-0.5536286645789988,-0.6667124201409431,-0.7960925288351225,-0.2164996948855849,-0.9980345897303762,0.06397883141957651,0.4959686864049312,0.10430543014479059,0.3170194108205095,0.32149378698311576,-0.1708344782181941,0.29415226228502867,-0.4939073017599885,-0.2931055736260908,0.039676745590129,-0.03284202124745961,0.13498033073520535,-0.3137120150587859,0.35077417260636345,0.16015884882358264,0.16958241641944127,0.08729724354280707,0.39288350687640716,0.04583428037937061,0.3137905727184648,-0.1415099495274487,-0.26738910867030347,0.15426833193809486,-0.27691527264462146,0.19764867911696313,-0.4667589327140666,-0.0450623877838351,-0.043117602251720906,0.343605140438485,0.16137212565145131,0.056823970635392775,0.14855331269381927,0.16410818430460206,-0.4212781303880807,0.060653991656826486,0.3453779648784723,-0.26629108531458007,0.12263598140311793,0.030275974252572353,0.24573661306937844,0.04481079181311349,0.609574026329404,-0.12336439896930493,0.12264028433086598,0.05826257163893771,0,15,train
-0.4050856616461913,-0.11352897481669366,0.08249592065247091,0.5600622658200858,0.2809508776515887,-0.3277927842733644,-0.1724580755750426,0.41075737181269606,0.14061895738035282,0.10474413234003517,-0.8506528853725897,0.028648717543653265,-0.518358101510544,-0.46478779990467345,-0.04630678153409303,-0.5323082045639479,0.12702499309497547,-0.844045668206382,-0.8037447467732858,-0.2730240308239705,-0.4311268139809456,-0.3242945161207846,-0.5305819483547353,-0.39254143029309485,-0.6107051545287713,-0.9608532203125302,-0.617156592950229,-0.12545345624558174,-0.7258750360174963,-0.6007614383669753,-0.5224502766490563,-0.3901427969857212,-0.5081407799863076,-0.5589147217591458,0.09700757151210822,-0.4778354217560523,-0.5712415138091026,-0.12311893655009462,-0.23482179195742603,-0.24852390858976248,-0.39526326973043796,-0.12271795396445935,-0.623097505213221,-0.5220049521671128,-0.4659880476392474,0.24929449356080766,-0.19462580633723497,-0.6565885171539354,-0.4452288205451868,-0.5296047695460743,-0.2220503345373678,-0.08607425343865609,-0.7078499220210204,-0.46693077037489017,-0.42247961501862213,0,15,train
-0.10559283892686032,0.0800885415449652,-0.3799936052809927,0.05305553431248382,0.10788513701821006,-0.4217536979771685,-0.2060185557616161,-0.0510638568352025,-0.656600274649002,-0.3260008790359278,-0.3710289363230391,0.01859882574018492,-0.539394031634035,-0.3499460627360025,0.32149378698311576,-0.7186930947109772,0.21058862769000208,-0.8051414052678939,-0.9271959754462341,-0.28215398050029455,-0.6493650565746365,-0.5060908096679473,-0.5421999804955897,-0.749332919684835,-0.4418795670177186,-0.4666162442529706,-0.5902690419390443,0.12300558392859479,-0.7258750360174963,-0.6597647939208746,-0.54647354052159,-0.623770784424742,-0.5772263928863987,-0.27359763206680354,0.00441775251564169,-0.7049034471167593,-0.7300880424205042,-0.3259794628066851,0.08700973433804324,-0.28117049538773525,-0.32254993736390575,-0.4844129761754975,-0.8021774724968965,-0.5789375036074353,-0.49950163195808844,-0.13503939170985094,-0.1294755527214667,-0.5868684304409358,-0.40693313237355516,-0.36013124329133045,0.23244752127829563,-0.04795653947876238,-0.54419397556654,-0.4567657521903082,-0.5798907734817169,0,15,train
0.26077702187542806,0.6908819436755591,0.869888482725572,0.15971689281408308,0.6626438124731499,-0.41680838672959986,1.1119930297474516,0.2611079841323666,1.0252655773088377,0.814311640706248,0.268469662409695,-0.17737406442744777,-0.13550417326300718,-0.813730001301789,0.02725333216934873,0.11156687048942605,-0.10376980721509793,-0.7662371423294058,-0.08548305267613239,0.08760898139083038,-0.4311268139809456,-0.20469169141870389,-0.4182743043264758,0.09309143026788458,-0.4960311705589996,-0.13011447331880233,0.18409242718307156,-0.11260212658140019,-0.12713504915785817,0.0836774860582573,-0.1483737392053155,-0.4139015753693504,-0.3740334137684838,0.30035418789569884,-0.5470955171589632,0.21998338788904723,-0.33297172089200033,-0.13169050808206323,-0.5436060942138897,-0.20862252472557352,-0.22454501113075362,-0.15810116265901744,-0.33209255837724855,0.3713981627425635,-0.23139295740735993,-0.7295558704879009,-0.1262180400406783,-0.0619171893077631,-0.228219920905941,-0.3219996998840131,-0.24289886003349914,-0.4338983933226862,0.18524395720200082,-0.45168324309801716,0.34330439912616345,0,15,train
0.25205392995156406,0.2757021147763319,0.029450526997019888,0.03552216031222093,0.2240525519639026,-0.41680838672959986,0.3355255563399106,-0.007617260411881034,-0.07128132176499614,-0.052540353141644236,-0.6610341148181162,-0.01657579557195428,-0.21544070773227308,-0.747475152935248,0.10490011885631503,-0.5492522854864051,0.12702499309497547,-1.1708414768896827,-0.27627131517068876,-0.3780184521016973,-0.8021318263902202,-0.6065571824176951,-0.5189639162138809,-0.41731861705641016,-0.7285645269421477,-0.7663131339912141,-0.48271883789430603,0.03733005283405115,-0.41985237606701453,-0.6302631161439249,-0.27535384824585135,-0.6712883411920004,-0.30901166045075107,-0.4925619102027871,-0.3256850804282824,-0.826744826578602,-0.4074310311785948,-0.34026541535996613,0.2696708708841204,-0.37185545871543746,-0.6608250053299469,-0.4097150911536527,-0.8469474643178153,-0.8241854175042093,-0.1691534436723694,0.03310668309606221,-0.18485326829486973,-0.43512471230087807,-0.22502861355830503,-0.406736463011385,-0.08445006626290089,0.1521614588106796,-0.6657669643612969,-0.4923433158363452,-0.35440992487241896,0,15,train
-0.42398569414789666,-0.15744222595026577,-1.0215113348016034,0.2459226483153756,-0.37337986775680176,0.7634725643567815,-0.8162091046084069,-0.7944833956342587,-1.0715099121363985,-0.9640754394559227,0.04167074076610905,-0.2627981447569287,-0.0850179409666287,-0.6723863247865016,0.05586004305402053,0.24711951786908373,-0.05999837957008401,-0.18656362454593187,-0.6690706791300696,0.09673893106715445,-0.1637849668036742,-0.5491478265606963,0.04644698130770158,-0.5015610520516821,-0.7317499153857525,-0.7926023348454461,-0.3160160216249616,-0.7294659504621143,-0.579516372562918,-0.624362780588535,-0.035121209520513244,-0.045640510423097275,-0.1952235921447187,0.13778979958262014,-0.6276084032428472,0.2753658330989758,-0.6258450080192719,-0.3431226058706223,-0.4435773765815142,0.0307857784595602,-0.39842471896376547,-0.4844129761754975,0.2163398414290074,0.31884503833611194,-0.35587198487734106,-0.3392167682598883,-0.15879316684856243,-0.32029162830299657,-0.020784943309603128,-0.4406311682623338,-0.8641849198182133,-0.3338393941779652,-0.025170831096616737,-0.4211881885442712,-0.14169214316553408,0,15,train
1.9835876768385698,1.3775255068550505,1.166611153485751,1.8619152853396057,1.5493093877729254,-0.5536286645789988,0.2958631706648692,1.5065770816009152,1.1201020658773855,1.3433594555082604,0.0007725745680853546,-0.5140454398436373,1.8124229561722625,1.3903479543584722,-0.904508108074247,0.9361788087156768,-1.0349074498453943,0.9416600006702253,0.9301838741331236,0.6194285500367076,1.3256910388982666,2.1251713337778284,-0.16655027460796304,0.4449274823069615,2.1414704607457486,1.2369239711012563,-0.15469071555785416,-0.9051007892059287,1.0836502576027431,0.7327143971511503,1.879876110604325,0.9165900141138867,1.3449791895690761,-0.4461149421133361,-0.41827489942474894,0.9953376208280468,1.1661423928781012,1.019757267712387,-0.6827764839632818,1.6558603212919831,-0.1549931279975489,1.9766857619126534,0.9513138738224252,0.5597135251990148,1.7746344468204123,-0.6514880500422984,1.1279243420628606,-0.4105176228727606,-0.15801115925794973,1.7794720256748093,-0.7390937668414252,-0.45772196454761976,-0.34313095563674995,1.6372279938335845,0.6921615611254547,0,15,train
-1.2555871242229322,-1.8840314182475328,-2.921199495087443,-0.9784913027029831,-2.3980119568103,-0.944308253136921,-2.245580465282014,-2.2941955388392814,-0.21946333515335203,-2.687055484959774,3.2949339610634483,1.370309273306677,2.2794206049137635,0.877977126990556,0.8486746018577818,-0.21037066703726093,1.4202717189703868,3.244792366628725,3.7302821972149953,1.2562425399603117,3.10978867210169,2.0916825428612458,3.2956233033666584,3.3190811468515338,0.4341022549735927,2.430453689883384,3.4321085893341685,1.780827110608014,3.851159530198404,3.6061778126260493,1.873012320926458,-0.168394198738515,1.125530772121728,-0.008186385841368916,1.5422138767178248,-0.2286144183113739,2.655328598609991,-0.07168950735828294,2.052791489548207,2.316046854317655,1.2107529407999258,1.316199199614236,2.2906827957982476,0.016664572999015526,1.7506961723069545,1.7626091668140258,-0.10341545127515941,2.4028929350753367,1.5716774231607447,2.042155991369662,0.13237459889686515,2.0294588713354447,4.056876061896564,0.8087790117901512,0.01146465966342303,1,15,train
-2.7893974541690207,-1.7642680060650635,0.07586524644553953,-1.0953804627047357,-0.4302781934444879,-1.122339458049392,-2.581185267147749,-1.4671010735953096,-2.5207300030745197,-0.4278783298592883,-2.282088702303419,1.4607582995378923,0.32307910342909735,-0.3499460627360025,1.469848895353512,0.13415897838603566,2.5623080584357503,0.12467047896197353,-0.904750297505698,-4.952123239940058,-3.0772655054294487,-0.08030475372853993,2.157056153562924,-0.5461599882256496,1.794263120392829,-3.0271844074551573,0.10880728435175473,1.215368605384026,-0.30010437869508694,-0.37064835170676774,2.487321497095537,2.21144343602168,3.039608635412486,4.3080640058997615,2.3392914489482757,-0.38922350942016665,1.4739075420626917,1.5769094172903468,-0.13914214900471894,-0.8651816592181373,1.6596787319324289,0.8051084073595081,-3.5667244674386356,-1.459202337415499,0.328762666207555,0.29733622921964,4.997849406839495,2.6161543767856883,4.6449063989341814,-0.6016310182043403,2.3631668269829196,0.3141617431402278,-0.23558561939523429,0.09722773886941097,2.712980487340861,1,15,train
-1.64958010945079,-1.428930451954149,-1.795642548460842,-1.3174698667080658,-1.5753569979091713,-0.6047302141372081,-1.4828422792235256,-1.5411212008350426,-1.2256192060602886,-1.788031664536084,1.4619525123702046,0.7170663060812348,1.8250445142463572,0.9486489652481996,0.9222347155612235,0.840162350155086,1.0502041943352691,1.3190313511735605,1.2163662678749583,0.8362648548494043,1.2383957418607903,1.551077775207841,1.3437939037031135,1.1634658984431046,1.2463763080928085,1.110735807000943,1.3940322226863775,0.7013154188167643,1.349756918429249,1.4289539926871626,1.4234340970261825,0.7146403978530382,1.3084044533278514,0.7847297122571171,0.6404695525783248,1.3110175585246393,1.2257098411073768,0.811182360434484,0.6306440692966062,1.6703699154244154,1.0020972914003115,1.206118105897833,1.15277883701656,1.234145288415143,1.3964097095077774,0.6876753314476526,1.3168600775485886,0.860848664246642,1.4153033631265821,1.4023934297580045,0.4534418915372879,0.6715153115142314,1.6300921701858413,1.0578219573124104,0.9942208111492312,1,15,train
-1.0316944315104226,-0.7622474574717363,-1.4060904388036233,-0.8542965702011209,-0.7835219654222061,-0.6294567703750512,-1.5103008539216312,-0.7333363340014359,-1.1278190772239738,-1.228599346856929,0.7815557474394468,0.22964655361302014,0.5797174509356879,0.05200001735434579,0.5626074930110637,0.09462278956696885,0.7318665387351679,0.07798536343578773,0.08847095136302195,0.4938917419872516,-0.08194562583104008,0.670800985400527,0.18199068961766998,0.22688823878978706,0.22705200613928278,0.09071481385674558,0.3400402230479421,0.24295132746095585,0.1057082790653344,0.07777715050286736,0.02665289758028798,0.08107297428959198,0.19897078734403614,0.8975294919029267,0.725008082966403,0.4858191248967042,-0.15426937620417364,0.38546097434670973,0.6219459199372692,0.5313667760284762,0.5816245433677557,0.17214211849019131,0.32080315567781803,0.8005820120619178,0.26173549756987285,0.12919015441372683,0.649069977986964,0.3030879705426461,0.8695898066808317,0.7838150589281898,0.6577574413993752,0.6143387405743908,0.7089429858563379,-0.03491749753015507,0.3390500434920257,1,15,train
-1.1654485076763375,-2.4469194555051392,-0.6269862194891865,-2.673384122728396,-1.5729862343388512,-1.0564019747484767,-2.3157523783993947,-1.364116548740029,-2.2999388031258694,-0.5940994338342449,-0.3338487852339267,2.1341010503702713,-0.12288261518891255,3.9875380103268765,2.4751704493005495,2.399017795021149,1.6033158709404451,0.03130024790960191,-0.2538256372301527,-4.087060508108352,-1.4513905981064508,0.7282103412575257,1.7388069964921642,0.2566208629057654,1.9503471541294626,0.8846486796545489,2.0232009163480966,1.0440175431949388,-0.09387171655454493,0.2842888949415151,0.7679421827899027,1.6847905151845652,1.6131939220047238,3.4355245339336453,2.0413937704379053,0.09814200842720446,1.6526098867505183,3.7855176820275926,0.27836902024345744,0.21941050218118072,4.08767174312794,2.369832525185521,-3.5629936347868925,0.007905718931273602,0.9655207682655351,1.3062126780551189,1.7924569289436971,3.3461646964865066,1.7759210934094467,0.6270520471425519,1.950366022159519,0.6715153115142314,-0.6704428485457106,2.3843568304003617,3.5766146810708137,1,15,train
-1.225056302489408,-2.371069294456242,-0.7330770068000885,-2.6923786112286807,-1.5611324164872498,-1.120691020966869,-2.2867683273291726,-1.4397458091806257,-2.1650931709424652,-0.522606485888027,-0.09217780315469576,2.038627078237322,0.3020431733056063,3.7446035663162265,2.622290676707433,2.127912500261834,1.5396483398204248,0.19080772595740345,-0.05742595525046234,-4.260529551958509,-1.3859191253283436,0.5799028386269456,1.82400589885843,0.4350166076016354,2.0076841461143484,0.9214535608504735,1.7758354470451987,1.1553957336178455,0.019223614296720027,0.296089566052295,0.8365800795685707,1.573916216060962,1.495341994116333,3.1966544123307545,2.0091886160043515,-0.4279912210671166,1.7667808291899632,3.5740855842390338,0.6915311148119653,0.21578310364807263,4.0370885553947,2.6214464536801563,-3.715957773508365,0.3889158708780473,0.955945458460152,1.3662648476286592,1.6817014977968912,3.2108257046318607,1.6355035701134641,0.9448149088701964,2.0837965853347593,0.2665146006903607,-0.7499328796807438,2.292871666739124,3.104381205681529,1,15,train
-1.0607714045899694,-1.7343271530194462,0.05763089237647824,-1.3978311642092707,-0.9115431982194998,-0.6360505187051427,-0.27313951613476306,0.21444312130731757,1.577984487247405,0.23164411494457193,-0.20000024131312186,0.9482138175610066,-0.7118886586466614,1.1341625406745142,0.8405012558907327,-1.3060879000228272,0.6522821248351426,-0.20990618230902477,-0.7027391960408736,0.293032849108122,-0.3274636487489424,-0.7309441201078589,-0.6390169150027101,-0.6155361111629324,0.5455908504997596,0.31680194120313987,-0.24610838899588172,-0.13830478590976328,-0.5662110395215927,-0.6302631161439249,-0.49842701277652246,-0.10503745638217037,0.9426570909156047,-0.8375965302958521,0.10103321581630241,-0.11784952789151684,-0.8790066629936931,-1.6374299071978828,0.02612268882268419,-0.6402829501654359,-0.009566463264484465,-0.6495346167501019,0.07456820066276436,-0.07968282174614565,0.39578983484523717,0.5375449075138016,-1.6572490000112325,-0.15624436544888007,-0.059080631481234734,-0.6609467523935006,-1.0184640084895853,-0.057485967968735806,-0.6564151959924694,0.5038284662526911,-2.2348351151612813,1,15,train
-0.2495238556706165,-0.7921883105173536,-1.5867763109425033,-1.184508447206072,-1.3240560594552242,0.9711756367546642,-1.074014611496176,-1.2949238211028875,-1.009273466513289,-1.5467429652175986,0.6365531581919082,-0.6547439250921941,0.07485512797190315,0.27726650180058493,-0.814601302436707,0.7497939185686475,0.051419799889951434,0.6070833393992269,0.4868817348075367,0.45052448102471226,0.49092976097739865,1.1013711543280176,0.5344043312235878,0.31608611113772206,-0.19341926841654664,0.022362891635742656,0.5874056923508403,-0.9650736609721092,0.5847002685530448,0.4967009749355528,-0.08659963210451427,0.4255752608522159,-0.2114790304741519,0.36670699945205754,-0.993942034924519,0.8624197523242182,0.2825585774771805,0.5740355480500192,-0.9785135621807401,-0.045389590735709626,0.5563329495011359,0.9780929831995698,0.6826939228969121,0.7173728984183695,-0.27448185153158416,-0.7775976061467331,-0.21742839510275386,0.11853479983176503,-0.31119391194447615,0.9829464522775138,-0.9559184320011912,-1.0580759594159457,0.8772748164952319,0.524158502621855,0.12207790615100317,1,15,train
-1.9854191485195543,-1.590611058400483,-1.5005775462523954,-1.1772028747059624,-1.5232001993621258,2.5685111697193337,-1.2357151069405754,-1.111482636204419,0.26657366876045535,-1.3983950982291964,0.8521980345087604,-3.2124413890748875,1.761936723875884,0.8735601370994532,-2.449270495846524,-1.051926686185969,-4.289909978356429,0.669330160100808,0.7225613531831652,0.7449653580861636,0.7855513884788815,0.7282103412575257,0.5034229121813093,0.9801147163945715,1.2623032503108325,1.0003211634131692,0.9638314065074244,-2.0831393417559037,0.9639022602308156,0.8330201015927792,1.196929037656578,-0.7346450835483451,1.6253855007517986,-0.8110554056733087,-2.688738286990276,-0.7990536039736378,0.6697469909674716,-0.46598179782883914,-2.54852952154107,1.572430155030497,0.7491813527341126,0.7225475870722059,0.6789630902451689,-0.7234585957251771,1.4203479840212354,-2.70527224945738,-0.6962827591786507,0.9633782035304648,1.3163728353498672,0.8854991746810361,0.4867995323310981,-2.4874902329119597,0.9474130792614377,0.9968318482049183,-0.6734865974327462,1,15,train
-1.4038796869286203,-0.6883933532925468,-0.35015557134980146,-1.1772028747059624,-0.9945199231807088,2.3838862164767716,-0.7231550459092712,0.19835178929868,-0.025344897614605812,-0.14726850917038298,-0.12192192402598573,-1.1823632447742822,-0.4931149853623547,0.07850195670096216,-2.326670306340788,-0.6565647979953008,-2.785764555645951,-0.4277700547645586,-0.5961222258233274,0.3158577232989322,-0.9439866840761193,-0.41997677588244914,-0.7977966875943873,-0.4371403664670624,0.74627032244686,0.3956695437658356,0.0012570803070164139,0.5299643566276769,-0.8655810329514118,-0.4768543917037866,-0.6494303856895921,-0.675248137589272,0.30869499606771017,-0.4096208957573388,-1.3763782438229677,-0.29507335256328815,-0.6208810540001656,-0.1088329839968136,-0.043462506052011865,-0.2195047203248978,0.19908918613512971,-0.7085066312410321,-0.0895884360139381,-0.4475546925913065,0.40057748974792873,-1.4621923392850937,-0.18485326829486973,-0.28338099416082035,0.41004154862125247,-0.2584471275384842,-0.1094682968582585,0.07592603089089217,-0.4740557128003342,-0.03491749753015507,-0.2863402347262158,1,15,train
-1.8036880667723876,-1.9978066598208788,-1.785696537150445,-2.397233482224255,-2.1680478904892353,3.153706334014956,-1.662848491133329,-1.365725681940893,-0.8625732732588167,-1.6289598553557492,1.528876784330607,-4.654600862872595,1.8460804443698482,2.7331128812537018,-6.086409451183366,1.03784329425042,-4.902709965386625,1.307360072292014,1.9009594450613074,0.9937564867659946,1.5057375890380615,2.8619247339426455,1.2159955501537147,1.9811130616325086,2.835885141451588,2.3883909685166134,2.2221687938308627,-3.1669348101018806,2.194645566553405,1.8301768104536782,1.420002202187249,0.3661783148931428,2.133367948546586,0.5292713877651363,-4.2627652099302065,0.7128871502574112,1.493763358139117,1.1483308406919162,-3.8749972988399635,1.9242878127419816,2.573337560364073,2.0867668556290564,0.9960838656433441,0.8180997201974016,2.0092295370523,-4.837124269318065,0.9813362714273821,1.890245238656223,1.938677768138881,2.9573130331452786,-2.369448460638897,-3.7453747935884523,1.756341043165012,2.841782648706552,0.7815030294423464,1,15,train
-1.4169643248144164,-1.5486938641366186,-0.3053985204530147,-1.9822769642180336,-1.9475668784494515,-0.7217692469963325,0.2912867415485183,-0.08324652085247766,0.9333927290080569,-0.27059384437760886,-0.12935795424380822,0.9331389798558042,-0.10605387109011973,1.5361086207648624,1.4208088195512176,-1.8708905974380676,1.1337678289302957,-0.396646644413768,-0.6017336453084614,0.539541490368872,-0.3274636487489424,-0.19990757843062065,-0.4492557233687543,-0.48669473999369295,1.6445498635434048,1.3788856557141085,-0.92905218467997,-0.21969654044957973,-0.6327377047282192,-0.535857747257686,-0.27192195340691794,-0.6990069159729012,1.1864886658571026,-0.38307977113479535,0.04467419555758366,-0.605215045738888,-0.5414577896944648,-1.3202817605150443,-0.021717132653669348,-0.28479789392084337,-0.641856309929982,-0.3074969327027071,0.04472153944881845,-0.5176255251332419,1.2575677173297215,1.023967481059479,-1.5530085942260032,-0.7755227827231698,-0.6047941879269851,-0.08897360128374047,-0.8892031504135709,-0.024132968253828806,-0.36183449237440485,2.1048188303243567,-1.4265075446751188,1,15,train
-0.8717710795729158,-0.49078372319147223,-0.6734009389377061,-0.376512128693957,-0.7218821125938794,0.8491912926479712,-0.4973845428359587,-0.47426588866237085,-1.23451012686359,-0.7871303932890333,-0.34128481545174916,-0.32812244147947295,0.33990784752789016,-0.35878004251820794,-0.2056870278915502,0.12851095141188326,-0.4897542146302207,-0.5794966802246625,-0.5287851920017193,0.13097624235336972,-0.45840659430515696,-0.19990757843062065,-0.6351442376224252,-0.24883374706586625,-0.20297543374736093,-0.47713192459466336,-0.4450762664786476,-0.3567773902008496,-0.486379041273641,-0.2467413050435791,-0.06600826307091386,-0.25550971947848883,-0.13426569840934424,0.041578222825900076,-0.4545056981624967,0.31413354474592575,-0.42728684725502,0.10831349481305791,-0.43487922722217714,0.09607895205550576,-0.24351370653071855,-0.4097150911536527,-0.119435097227884,-0.013991416238081209,0.0032021328245275186,-0.008929835605416072,0.4927093693091201,-0.5007436174425247,-0.10056762700050231,-0.406736463011385,-0.9559184320011912,-0.6340163916121282,0.030939779116347946,-0.34495055215990617,-0.16296392133622256,1,15,train
-0.8078017387979131,-0.402957220924328,-0.3136868632116789,-0.3516731821935846,-0.5227379726869779,0.8788631601333831,-0.27313951613476306,-0.1395661828827092,-0.9677825027645494,-0.37425861889962486,-0.27436054349134675,-0.5291202775488398,0.09168387207069598,-0.40736693132033797,-0.18525366297392748,0.06073462772205443,-0.4101698007301954,-0.7156616005093711,-0.7027391960408736,-0.10183747439289412,-0.4802304185645261,-0.3912720979539498,-0.4531284007490391,-0.3429870567664643,-0.2889809217246897,-0.26681831776080817,-0.4934738582987798,0.0030598403962337007,-0.373283710422376,-0.4768543917037866,-0.21701163598398354,-0.7861224367128751,-0.280564643374243,-0.27359763206680354,-0.3619158791660302,-0.49998839984002375,-0.5067101115607208,-0.1116901745074698,-0.27396346407444255,-0.16146634379516842,-0.16763892493085886,-0.3114284003354358,-0.26493757064587026,-0.4563135466590484,0.2330095681537234,-0.3212011173878262,0.12786794906081791,-0.2751786310181145,-0.11652416373868214,-0.4406311682623338,-0.8391666892228556,-0.15278025286847008,-0.5488698597509538,-0.5330033885746732,-0.04384196358036704,1,15,train
-0.7452862466768877,-0.5786102254586165,-0.5225531007300173,-0.29761194569277405,-0.5014011005540956,0.837652233070311,-0.4882316846032568,-0.19749497811380448,-0.8196004893761935,-0.4814980408189517,-0.1367939844616307,-0.30299771197080205,-0.10605387109011973,-0.3941159616470298,-0.23429373877622198,-0.057873938735146034,-0.2112087659801321,-0.7156616005093711,-0.5063395140611833,-0.07444762536392191,-0.4965982867590529,-0.28123749922803554,-0.31758469243907067,-0.5015610520516821,-0.37180102125841363,-0.5665152074990518,-0.1708232461645649,-0.009791489267947843,-0.6593483708108697,-0.8426751961379626,-0.24789868953438415,-0.0891982707930842,-0.04892464717982,-0.250374148022078,-0.38606974499119534,-0.15661723953846682,-0.8244031687835238,-0.08026107889025155,-0.06085880477068588,-0.1070553657985471,-0.24983660499737353,-0.46475563801185416,-0.5410191868748698,-0.3512072978461453,-0.6479189339415276,-0.46532632436432314,0.1702156139110673,-0.3695058071592315,0.023893359557300417,-0.10592095390921484,-0.5431176271777906,-0.04319182523377567,-0.3852139132964734,-0.8582839704812972,-0.16296392133622256,1,15,train
-1.177079296908156,-0.5187285193673818,-0.21919975576290676,-0.43057336519476763,-0.6649837869061933,0.809628802667422,-0.2990726144607517,0.11628599605462833,-1.0048280061116384,-0.23663469410315538,-0.2669245132735243,-0.10702482180316937,-0.21544070773227308,-0.20418539632961244,-0.1198668952375348,0.05508660074790203,-0.7046321321602891,-0.7156616005093711,-0.5287851920017193,-0.02423290214413951,-0.3329196048137847,-0.45346556679903177,-0.414401626946191,-0.2884772458871707,-0.05963295378514637,-0.4140378425445068,-0.16544573596232798,0.22153244468731995,-0.4464630421496651,-0.22313996282201937,-0.392038272769587,-0.6435697664110998,-0.10988254091519446,-0.2669623509111677,-0.4303518323373315,-0.3338410642102381,-0.6208810540001656,0.13117101889830754,0.11310418241605426,-0.31018968365259997,-0.12021718643094653,-0.7006436959755747,-0.4440175379295457,-0.5964552117429192,-0.05424972600777145,-0.26114894781428577,0.5936922624135609,-0.2710774494467616,-0.05588932413359877,-0.1482893354729008,-0.5597964475746956,-0.18613325258337707,-0.3805380291120597,-0.4211881885442712,0.002955948395147636,1,15,train
-0.7496477926388196,-1.1973878550680417,-1.472397180872937,-0.11789486219007939,-0.7432189847267617,2.459714322272824,-1.3394475002445299,-1.005279844947411,-1.3471284570387405,-1.4895486068606243,0.9154042913602516,-2.2124771546297874,0.5292312186393094,-0.40736693132033797,-0.18116698999040293,0.28100767971399815,-1.4885386090755386,0.28417795700977505,-0.040591696795060306,0.6445359116465987,0.45273806852350273,-0.08508886671662316,0.47244149313903083,0.7521645981720709,-0.23164392973980386,0.4535057856451457,0.474477978103865,-1.6718967925020942,0.40507827249515344,0.8920234571466785,0.16049679629869065,0.5206103743867329,0.01203324655555446,0.8444472426578399,-2.696789575598664,1.2722498468776895,0.18824345111416085,-0.03168884020909609,-2.3093304141593025,0.42979961710144976,-0.21506066343077118,-0.4529612351136681,0.5185372862202097,0.9144471149425628,-0.011160831883547224,-1.1739419253320997,0.2711985070155081,0.7378132171060546,0.5823721453935947,-0.2669208038512214,-2.7197036889739037,-2.568490375076734,0.9894960369211613,-0.3754456067136522,0.8750988533933757,1,15,train
-0.24225461240072982,-1.7682601198044792,-1.85863395342669,-0.8294576237007485,-1.802950300659916,0.9810662592498015,-0.9641803127037536,-1.5716947316514538,-0.5113819015284132,-1.7093894217952443,0.5770649164493283,-1.383361080843649,0.19265633666345292,0.4892820165735159,-0.5407942125405627,0.36572808432628423,-0.15947889694511566,1.136181315362666,1.3510403355181744,0.6536658613229228,1.2765874343146861,0.8621655049238561,0.48793220266017007,1.5004356384241924,-0.4291380132432995,1.4051748565683404,0.7272209576090001,-1.050749192066653,1.5626422470904537,1.759372783788999,0.0678356356474888,-0.025841528436739578,-0.12207411966226936,-0.09112740028681723,-0.8007111083231976,0.11475674199018301,1.429231955890735,0.1768860670688068,-1.06549505577411,0.06705976379064106,0.17379759226850983,0.6910958460103764,0.932659710563709,0.27943019503127325,0.06544164655951806,-1.2940462644791806,-0.24023098386827277,0.5491588648238207,-0.001637099223787322,0.9193938799319848,-0.5556267424754693,-1.2153115295005072,0.7323224067784064,0.5699010844524741,0.2539629308092718,1,15,train
-0.5969936839711996,-1.0197387936640454,-1.8901296559096141,-1.3919867062091829,-1.7721303742457526,1.1030506033564946,-1.0923203279615796,-1.9981150298803498,-1.5249468731047677,-2.0454062771424684,0.9079682611424291,-0.9260910037858394,0.5797174509356879,0.6482936526532141,-1.190575216920965,1.6139420456139653,-0.48577499393521945,1.6185941757999196,1.2724804627262982,0.8248524177539992,1.6694162709833298,2.196933028599077,0.9797622299563411,0.7868526596407123,0.10919263372590636,1.1002201266592504,0.5067430393172865,-1.620491473845368,1.8620122405202728,1.021830839365257,0.4556397524469632,1.8154637962945261,0.08518271903800381,0.7183769007007584,-1.074454921008403,2.053142324337682,1.0221877263240187,1.202617460394384,-1.5656386439359882,0.41891742150212546,0.8598320759005745,1.9019878768908085,1.7273270653850186,1.5363257537522392,0.22343425834834024,-1.1078845388012053,0.3461212986736416,0.12673716297447085,0.23451964450127427,1.8430245980203384,-1.4062465827176285,-1.7108418109791255,1.2560214354327435,1.0984820300507383,0.6496180047840777,1,15,train
-1.4925644548212378,-1.6744454469282113,-0.2722451494183578,-1.5264092402111984,-1.729456629979988,2.5965346001222227,-0.05957282403838635,-0.012444660014472309,1.1334384470823375,-0.2795304628708861,0.026798680330464068,-3.086817741531533,-0.2785484981027462,1.3638460150118559,-3.0867914812763524,-2.1250518112749255,-3.279187921826108,-0.20990618230902477,-0.30993983208149284,0.45052448102471226,-0.27290408810051964,-0.21425991739487033,-0.3718021757630581,-0.6105806738102693,1.3897187880550232,1.4472375779351114,-0.5418714501189121,0.1444244667022307,-0.3865890434637013,-0.3588476805959879,-0.33369606050771916,-0.6871275267810867,1.369362347063226,-0.4925619102027871,-0.337762013340865,-0.638444512864845,-0.5762054678282089,-1.2488519977486392,-0.2522180906761,-0.2195047203248978,-0.1802847218641688,-0.6691919549137453,0.17530068225983178,-0.6621466172509837,1.3245948859674037,-3.1136270025574553,-1.5953562590762527,-0.5007436174425247,-0.19630684742958132,-0.292341832789433,2.2213968536092263,-0.3004863944630582,-0.2168820826575794,1.2814523573732144,-1.6222079038454529,1,15,train
-1.4344105086621444,-0.9698373719213499,-1.2204315610095449,-1.298475378207781,-1.395178966564832,-0.6360505187051427,-0.8879064940979048,-1.2675685566882036,-0.895173316204255,-1.2518345549394496,0.40975423654832227,0.35024525525464023,1.0004360534055086,0.5467028851578514,0.7505944502531927,0.5747050823699231,0.9905158839102502,0.2958492358913215,0.5037159932629388,0.4550894558628743,0.5291214534312946,0.83824493998344,0.3911152681530498,0.37555135936967876,0.841831975755003,0.4587636258159921,0.16795989657636082,0.6884640891525827,0.5913529350737075,0.30789023716307484,1.0321980853877746,0.39389688967404357,0.4387385027031757,0.29703654731788093,0.5317771563650815,0.5855075262745756,0.39176556589751904,0.571178357539363,0.5784551731405841,0.8034216660115826,0.5563329495011359,0.9112580334431823,0.39168897606093955,0.48964269265707944,0.9080689094332363,0.753732717978547,0.7467953584106164,0.032409986833353874,0.5217373057885113,0.8939728509937733,0.7620000688800319,0.5714563123695103,0.6762117965654418,0.7884489754209872,-0.04809631921450473,1,15,train
-1.2279639997973628,-2.1934202330522456,-1.0927910825261158,-2.736212046229338,-1.8195456456521577,-1.1190425838843463,-2.334058094864799,-1.652151391694642,-2.4036662124977184,-0.6495064684925638,0.5547568257958608,1.9280782683991702,0.27259287113271885,3.4398312638301385,2.8061909609660374,2.7491954674185983,1.527710677735421,0.5214939609345529,0.33537340870891846,-3.598608200425014,-0.7366603536121129,0.9195748607808549,2.33907199043631,1.0594017140371803,2.065021138099234,0.7532026753833894,2.45340173252705,1.5109491876602015,0.032528947338045316,0.3196909082738547,1.069948928616042,2.401513663090714,1.6131939220047238,3.687665217847808,2.1299579451301773,0.17013918720011154,2.129149472584723,4.062665161561244,1.1264385827788155,0.567640761359557,4.204645364761057,3.108948440138512,-3.1302170471846766,1.1421773207038528,0.8841306349197783,1.48636918677574,1.8804097713249843,2.9647548103506858,1.7918776301476265,1.7455773204238607,2.308960660692978,0.4666325989798027,-0.25428915613288916,2.907855266906335,3.334116409924965,1,15,train
-0.057615833345608276,-0.58459839606774,-0.6700856018342405,-0.9872579897031145,-0.5630409533824222,-0.38713651924418807,-0.3128019018098045,-0.3165708349777226,0.40141930094385925,-0.5833754916423123,-0.3821829816497729,0.29999579623729855,-0.055567638793741256,0.02549807800772942,0.587127530912211,-0.6113805822020816,0.27425615881002235,-0.5094690069353838,0.026745337026547827,-0.07901260020208395,-0.2783600441653619,0.18282146061603763,-0.352438788861634,-0.29343268323983374,-0.5469973856566759,-0.5928044083532836,-0.1439356951533803,0.2343837743515015,-0.599474372124906,-0.2998443250420885,-0.18269268759464952,-0.6910873231783582,-0.49594920123923275,-0.7513378752725859,0.03259726264500107,-0.8045918484946307,-0.3031879967773625,-0.394552035062434,0.28706716960279444,-0.08529097459989858,-0.10757138949763659,-0.26818225637542037,-0.35820838693945123,-0.7059408875896932,-0.6622818986496023,0.39341970053730463,-0.3346988516111367,-0.4597318017289955,-0.22502861355830503,0.11015779206558345,-0.0052256693776017524,0.09974960211582574,-0.54419397556654,-0.4008581521751072,-0.43098832628689754,1,15,train
-0.9168403878462132,-0.6464761590286825,-0.9999616436290765,-1.6593706597131919,-1.1533610823921658,-0.6640739491080317,-0.5248431175340642,-0.6898897375781144,0.12135529563986654,-1.144595133020123,0.22757149621167128,0.10402290606966584,0.5628887068368951,0.2242626231073522,1.1347417107044997,-0.5549003124605575,0.6920743317851553,-0.13987850901974608,0.04919101496708387,0.27477294975547384,-0.21834452745209693,1.1683487361611828,-0.48023714241103277,-0.006017316785376537,0.5838155118230168,-0.21423991605234438,-0.04714051151311583,0.26865398678931895,-0.12713504915785817,-0.16413660726812,0.21197521888269166,-0.5841728204520266,-0.024541489685670218,-0.4726560667358795,0.21375125633373993,-0.6218297793018666,-0.11952169807042956,-0.30026474821077925,0.4914736795472141,0.32097766110820714,0.21805788153509464,0.4080301764539119,0.2760331638568992,-0.504487244031629,0.5442071368286762,0.47148752098290714,-0.45196930811951963,-0.04961364459370436,-0.01440232861433119,0.656709914237132,-0.042753015270638184,0.5095150271846831,-0.14674381989137356,0.9663367936511723,-0.4905493051648253,1,15,train
-0.08669280642515498,-0.5826023391980322,-0.685004618799836,-1.026708081203706,-0.7384774575861212,-0.4909880554431294,-0.1739835519471596,-0.3423169661915427,0.2769464096976403,-0.6959768846576054,-0.4119271025210628,0.3100456880407669,-0.06818919686783587,-0.11584559850755789,0.6525142986486037,-0.6113805822020816,0.0315236964149451,-0.5911679591062089,0.09969379033328997,-0.08357757504024597,-0.08194562583104008,0.38375420611553324,-0.6196535281012859,-0.20423481089189877,-0.35268869059678504,-0.6506406502325939,-0.35365859304062003,0.12728936048332196,-0.15374571524050873,-0.4650537205930067,-0.23760300501758394,-0.8098812150965043,-0.2236706092212268,-0.5025148319362409,0.008443396819835887,-0.9984304067293805,-0.5960612839046341,-0.39169484455177783,0.2609727215247834,-0.30656228511949185,-0.12021718643094653,-0.2957025298045211,-0.3171692277702756,-0.7190791686913062,-0.3654472946827242,0.2913310122622859,-0.4193941813116355,-0.22186327059052666,-0.4133157470688271,-0.11015779206558345,-0.534778216979338,0.5095150271846831,-0.6657669643612969,-0.28396044305241414,-0.6564691748961954,1,15,train
-1.8778343481252315,-2.2053965742704924,0.2350014274118926,-2.5404227032264024,-1.3548759858693875,-1.1668472592775097,-2.5949145544968015,-1.5427303340359062,-2.414038953434903,-0.5458416939705478,-2.5535038052539396,1.9934025651217144,0.14217010436707445,3.2631516681860293,2.622290676707433,1.9302315561664998,2.045009368085586,-0.13598808272589724,-1.1628755938218625,-5.093637459923081,-1.7623800938024603,0.5846869516150288,2.2654911202108985,-1.3935397755310321,3.125755489819622,0.08019913351505283,2.007068385741386,1.2325037116029347,0.019223614296720027,0.41409627716009373,1.7117132634965881,2.286679567569839,2.4462851363881746,4.1322290552754115,2.387599180598606,-0.4446059546300952,1.7320331510562192,3.791232063048905,-0.32615236023046457,-0.7817514929566513,4.365879275660759,2.723664612131102,-3.4286836593241357,-1.4066492130090473,1.2910813016485627,1.4923744037330942,3.1834148436403495,3.4035812384854474,3.036487495725654,-1.1990251982523121,2.4090335830744083,0.4237501707749222,-0.034522599465444184,1.6270629756490025,3.389423033168755,1,15,train
-0.6653245707081342,-0.5826023391980322,-1.7989578855643076,-0.06821696918933452,-1.1865517723766494,-0.5585739758265674,-1.1121515207991004,-1.5604307992454076,-0.10980864524596869,-1.7844570171387732,0.6923233848255769,0.16432225689047592,0.600753381059179,-0.20418539632961244,0.05177337007049599,-0.1934265861148037,0.6801366697001515,0.9922355424902599,0.6776699973020931,0.6171460626176266,0.6382405747281401,-0.19512346544253742,0.8674545859280816,0.22193280143712402,-0.3972841288072518,0.4377322651326066,0.7218434474067631,0.6070723346127663,0.9905129263134662,0.5439036593786722,0.4522078576080298,-0.3901427969857212,-0.10175482175047787,-0.4162561769129747,0.5881361766238002,-0.5775238231339237,0.123712048865779,-0.365980129955872,0.7785126084053353,0.5567585657602327,-0.39526326973043796,-0.02443126314624246,1.02593052685729,-0.3293101626767905,0.07022930146220965,1.047988348888895,-0.36401646573823243,0.06932062097553009,0.2919631767587217,-0.2881049946330644,0.14071400909531767,0.8906921667836202,0.9146818899705417,-0.35003306125219713,-0.26932281218966503,1,15,train
-1.5478107036723765,-1.1674470020224244,-1.8453726050128272,-0.8820577457015372,-1.646479905018779,-0.7333083065739926,-1.3714825040589864,-1.4719284731979008,-1.1456009188305765,-1.811266872618605,1.3466940439939559,0.430644389682387,1.6020636549373521,0.08733593648316762,0.4563539954394257,1.1677479146559253,1.137747049625297,1.0505919368979921,1.5754971149235348,0.7015980971236242,1.2329397857959479,0.9626318776736039,0.9952529394774805,1.019758215215876,0.4882538585148738,0.9161957206796271,1.3348796104617715,0.7313018546998545,1.3963255840738875,0.7799170815942698,1.2003609324955113,0.845313678962999,0.7354002522153315,0.7150592601229405,0.7974696804418985,1.205790912625775,0.7888818874260227,0.41689006996392797,0.9611737449514125,1.4962547858352273,0.4425207771013463,0.8326286807886087,1.040853857464263,1.0414504989248208,1.5591899761992911,0.8678318401682739,0.9780787587465937,0.4261234176832334,1.3099902206545952,0.8516044694300874,0.8453941708645574,0.9621628804584209,1.3027802772768808,0.44792086623749006,0.6496180047840777,1,15,train
-1.3471795894235044,-1.0975850115826504,-0.9187358845941671,-0.9361189822023478,-1.0205983224542317,-0.5503317904139531,-0.7643429079564296,-0.5869052127228339,-0.27725432037481085,-0.8621979886325621,0.06397883141957651,0.6014925503413489,0.41143000994775963,0.37002328951374225,0.5789541849451619,-0.3572193683652234,0.7756379663801819,-0.48612644917229086,-0.382888285388235,0.2542305629837447,-0.10922540615525145,0.23544670348495314,-0.3911655626644821,0.0683142435045693,0.4723269162968499,-0.035473350243567514,0.04427716192491174,0.3843159537669528,0.09905561254467177,0.09547815716903717,0.3012044846949601,-0.5326954672874966,0.7882304267859893,-0.30677403784498286,0.4069821829350614,-0.14000250597548825,-0.377647307063957,0.09402754225977689,0.43058663403185504,0.3826434361710446,0.2876097646682994,-0.18562143608811815,-0.11197343192439753,-0.390622141150984,0.477179968190994,0.3453779648784723,-0.11644550199831306,0.25797497325776403,0.5376938425266912,0.2076050696620611,-0.10112888665980596,0.3808677425700418,-0.0766055571251677,0.371683229853125,-0.3331381467017305,0,15,train
-1.9170882617826197,-1.9738539773843848,0.8317621060357165,-1.8069432242154047,-0.4539858291476905,-1.163550385112464,-2.581185267147749,-1.4011266123598956,-2.5103572621373345,-0.830026162056764,-3.739550624996627,1.7622550536419423,0.7564192639730126,1.072324682199076,1.8621695017718682,0.28665570668815055,2.0251132646105794,-0.5405924172861742,-1.0506472041191823,-4.831151406728764,-2.8317474825115463,0.6373121944839444,2.0215124452529554,-1.9584596337346205,2.1478412376329583,-2.275313263024125,0.20560246799201923,1.1296930742894824,-0.4265050425876772,0.5026013104909427,1.5778693647781854,1.918418502623586,2.206517421029035,4.2848405218550365,2.4479838451615192,0.6962724166944326,1.295205197374865,2.7769294317659523,-0.874135769868696,-1.9969300015478602,3.060200742296506,1.4577320343924682,-3.089177888015501,-2.9876223722364648,-0.0925509652293041,0.6396335957888203,3.3072003255103093,2.95655244720798,3.106696257373645,-1.9786034190241333,2.4215426983720874,0.7525154536790055,0.6201011863524771,-0.05016502480702808,3.036311515535326,0,15,train
