q1_z_1,q1_z_8,q1_z_0,q1_z_4,q1_z_2,q1_z_5,q1_z_3,q1_z_6,q1_z_9,q1_z_7,q2_z_2_3,q2_z_3_9,q2_z_0_8,q2_z_7_8,q2_z_1_4,q2_z_3_4,q2_z_3_6,q2_z_6_9,q2_z_1_6,q2_z_4_6,q2_z_2_7,q2_z_5_9,q2_z_5_7,q2_z_0_2,q2_z_4_9,q2_z_6_8,q2_z_1_7,q2_z_8_9,q2_z_3_8,q2_z_2_6,q2_z_0_4,q2_z_5_6,q2_z_2_9,q2_z_4_5,q2_z_2_8,q2_z_1_8,q2_z_0_7,q2_z_5_8,q2_z_4_8,q2_z_3_7,q2_z_1_9,q2_z_3_5,q2_z_0_6,q2_z_7_9,q2_z_0_3,q2_z_1_3,q2_z_0_9,q2_z_6_7,q2_z_1_5,q2_z_2_5,q2_z_4_7,q2_z_2_4,q2_z_0_1,q2_z_1_2,q2_z_0_5,y,split,set
2.479264192173773,2.5644798716380297,-1.0166775783898427,0.421772671560803,-1.759965333249775,2.2914725885679235,2.2763366510050234,2.7947158629266178,2.902270827911451,1.7252586475657665,-5.599720158213698,4.531411749258871,-2.0484730811756116,2.4706471874060556,0.69359553396659,-1.3350278615814786,3.8526661507156055,4.772032316825066,4.880975639813215,-1.1881532020849876,-2.609180957351614,4.875808293955866,2.321251809227539,1.3396901611808474,0.6944326126434349,5.002080969998438,2.562254527201457,3.996647291045877,4.043088908500839,-4.785399959932151,-0.25811857542271993,4.681617340755274,-4.623397693810059,-0.06581688980101252,-3.622664967091681,3.812695211656524,-1.41839862131367,3.810199859193632,0.7706555554100655,3.0856931806592427,4.628662495517339,4.0671839867742365,-2.481289242083892,3.199210085426837,-1.9310570304111059,3.997444018197186,-2.310213598098949,3.736628935082445,3.767043766991974,-3.577864432993126,0.44095940669640254,-2.010770470412485,-2.361106670066454,-4.081986419844649,-2.01882146065431,1,48,train
0.17514770105129596,0.5286236637923569,-0.49232019742093003,0.7357331777242588,0.36100075521044145,-0.8284814354662617,0.6549787627834792,0.6547769237363694,0.6718188452914177,1.1259703938827663,-0.2830319471669739,-0.054909281825071585,-0.10526112794244653,-0.2490621361542603,-0.2028530874015839,0.16509559292527357,-0.21429379559592843,-0.34378940257689516,-0.27503343365900323,-0.011659085654297867,-0.12123151228700356,-0.8261468579666602,-0.6746218602982932,-0.4942148874947655,-0.18044643334232516,-0.32602676763662447,-0.6357137394872269,-0.4578232140362809,-0.29624349402004924,-0.33435612401494225,-0.4517586803790189,-0.9237753767686813,-0.8769279919618351,-1.3685373982762272,-0.3576650706480291,-0.5126176293281093,-0.36797330322038296,-0.611679473219788,-0.49135606205824567,0.3150195054626701,-0.44403833458819136,-1.0928735184719687,-0.3517322918522103,-0.15703706112206514,-0.5611077278984737,-0.18787234281186135,-0.17664301874519703,0.23319566892404042,-0.5633299407634073,-0.8541329435285249,0.25956976093681394,-0.30471383952548586,0.18440668607745084,-0.3767331325489316,0.35870563081373597,1,48,train
0.2874369224541002,-0.14461987424769732,2.351921353895293,1.2478922157115722,0.8555265271312172,1.3931902070693953,1.238928585704317,1.3521321186850186,0.7117321965593552,-1.1290531328119457,0.43069432380627626,0.12700008599436366,-0.3066302422671268,-0.10924291719842316,-0.23177078486507338,0.6393442723866428,0.9361518278167004,0.6498920840091849,-0.13018234263169007,0.8072730934298098,-1.0709326445428493,0.38893253902171787,-1.205762809676379,1.5348729601529747,0.059335231113031316,-0.6779296972850798,-0.7186122189826464,-0.45260720641908864,-0.6277879921901844,0.32067337666081713,2.5384048008066213,1.1438519510136476,-0.017795607503171367,1.252790454143412,-0.5741995241182843,-0.2294614756014113,-2.0478669767253774,-0.5551559419303342,-0.8025370088312539,-1.649053390928496,-0.21647792351803674,1.194310214176515,2.750635702823118,-1.1920031415556473,2.7599814903139674,-0.18429514934091346,1.4118120004989427,-1.817594535656489,-0.05465141216361414,0.2043119357970974,-1.8128069418664863,0.20616575598737918,0.4799384224718671,-0.005212659695645634,2.664548488368172,1,48,train
0.3720184139003683,0.13354661751735503,2.4234246331183265,1.7267258368435467,1.0109489125920326,1.7161512639626788,1.5798378398675994,1.7255442825705651,0.8995597319378842,-1.0440684904803712,0.7894658183061988,0.4191575555225475,0.4132643414436053,-0.515169681908918,0.003701894480483807,0.8290437441711905,1.6633565864286965,0.7809270053172394,0.15262216842163565,1.603136760427041,-1.127780951755347,1.0187672723230332,-1.5131084152153835,1.7056579092535862,0.8305249086856642,-0.5292383185603804,-0.7823802801329691,-0.06662264274686419,-0.3303730747140337,0.8612700127606908,3.5381281333717,2.161942213172627,-0.05585843466273243,2.5555109626186265,-0.12839329638540598,-0.20483920136430714,-1.8629606473231883,-0.23775457392032473,-0.28966470766833297,-2.040254768649118,-0.07425266659919007,2.0407819507454863,3.4005388795732854,-1.2708577000648726,3.3162639343645512,0.2199277128761997,1.8631442384391594,-1.9574211405142525,0.14023192022202088,0.5359579979857924,-2.0622177047859207,0.8717153207839557,0.6020915401815591,-0.08150704251373114,3.365460997745686,1,48,train
0.20723033573781144,1.250243983008942,-0.6019585588962482,1.5723765377240824,1.543152838563915,0.4588563587548729,1.5113297600835904,1.4000054730293194,0.7962545874796932,0.2263053871312698,1.022285617928489,0.5955545182565453,-0.5130335844499242,-0.15885618844081698,-0.23177078486507338,0.6842730946514041,1.1708581255697785,0.24586774330935013,-0.22330090114924853,1.134077014660557,-0.004190879790684532,0.06565453431838789,-0.21211148303085892,-0.6975303030907315,0.6879520271176145,0.8783734000334408,-0.42527913769116193,0.49670617990989585,0.7617735074934707,1.180892841403682,-0.6228824940613297,-0.14546699102552335,0.5477092531531643,-0.055225666154872566,0.7250071967032469,-0.2253577632285606,-0.06504165717849868,0.2622612797940739,1.0933617224339258,-0.06811586446989819,-0.06003014090730541,0.146908317916929,-0.7196020145409844,-0.2802473087927297,-0.7520703579456891,-0.19860392322470508,-0.3759325783551629,-0.12025491557752811,-0.22971610057782865,0.28898752614314716,0.0464369271692973,1.2888555409733593,0.062253568367758826,-0.22746151399180775,-0.05546994290934062,1,48,train
2.302809701397938,2.159324329284584,-0.6591611822746749,2.068749851937814,1.4128492224705043,2.25091468839993,2.020246924193371,1.9872519529860766,2.2707007402011468,2.558987293887593,1.4306744467741455,3.0761368067033894,-1.1020382438496141,3.273480122055701,3.659725073793082,1.0661680839018752,2.7791734118121827,2.8884053230217828,3.2496764480056175,2.252899850874056,2.139324703927615,3.9171217972494397,3.5506342313835577,-0.7015966114026508,3.5070067308495085,2.994747357214996,3.659065178987008,2.796965539091666,2.8924344736750753,1.7925167727575535,-1.329894040064561,3.2154101292290225,1.7602821755220381,3.7364323991632316,1.4043309722962045,2.721107720478239,-1.371188494657792,3.25366047418978,3.2601031295941314,4.352056403383732,3.1210747721775647,3.528520154412164,-1.0956466199561756,3.7216215355504545,-1.217022848495431,3.339240419542772,-1.2903199695067709,4.074543230155373,3.476370322077807,1.7284725620259933,4.4859485071352285,2.0106487309640126,-1.2656690338311511,1.7429238509622267,-1.102856249535967,1,48,train
0.3341025729072136,0.17587630104681953,2.1246998221420976,-0.3464658854201671,-0.12410547819755771,-0.4334174449409894,-0.29597863040883504,-0.5276949285678617,0.22807629295964252,1.3296404849877468,-0.008228249252139623,-0.41872801746394206,0.4787093035991264,-0.1949385675261943,-0.2111152866768666,0.22500068927828865,-0.2835513916542138,-0.3983872864552512,-0.5233495897058259,-0.07317511788596792,-0.5693299338443392,-0.4248362314383886,-0.5552643435841166,-0.2746342386511223,-0.2582134596521705,-0.7027115937391964,-0.16383008697483883,-0.40566313786435865,-0.3742539641777281,-0.5079784013024929,-0.3526869987734706,-0.6328924447232587,-0.44192425299542315,-0.7224727558616898,-0.5020213729615326,-0.2663948869570676,2.5669229038867036,-0.2899301412644359,-0.34152819879716767,-0.4996472811307909,-0.41559328320442207,-0.682462979529437,-0.8585750208900769,-0.3048893583268626,-0.13766885257638747,-0.49551098131338106,0.6439610502370153,-0.8465764463664657,-0.5302988674777064,-0.5436557789263423,-0.5566836449813348,-0.25784415186375514,0.6572574643085167,-0.40990460333940354,-0.7245227927696951,1,48,train
0.6403459040057707,-0.8541459981701497,1.034672054430964,-1.851371551834944,-0.7348055584425793,-1.5540172051381498,-1.6938696869539693,-1.939958881724737,-1.4952413441383623,0.0856411515479739,0.48794509420520005,0.9428360386391034,-0.7244711544908385,-0.3392680838677036,-1.1530060040590953,0.7416821453230436,1.201639279373461,1.2013307111805809,-1.11999813131833,1.2686433351673352,-0.341936704994348,1.4033566227459602,-0.385179882266415,-0.6121378285404259,1.1675153560283273,0.47690667747675236,-0.3519458673682908,0.6323223779568936,0.4936125163264495,0.5337552624228111,-1.5325406615304553,1.5644529473495965,0.042017406604710296,1.7346911300427799,-0.21330876833452567,-0.7301143850891961,0.07658872278913552,0.40139612604503694,0.44794938838620507,-0.4431852266144124,-0.8707141053447314,1.2969128489121478,-1.6065767903572508,-0.24082002953811704,-1.262687825245852,-0.9498145521237649,-1.2082595626085497,-0.22512486922085065,-1.1182519719631816,0.5112609508015279,-0.5884268329892629,0.45926206936072517,0.6178532327892613,-0.5459076335803386,-1.36968089799218,1,48,train
-0.4665049926790141,-0.21315364758111602,-0.5082098150260486,-0.40610084189814194,-0.4286705567773371,0.24254755785890628,-0.4378882242471392,-0.4574806755295538,-0.4668855879409153,0.1794173086035045,-0.5311186188956437,-0.40219080220762976,-0.1455349508073826,-0.7091124694928211,-0.42180136819657565,-0.25174403586445626,-0.726030477582148,-0.5294222077633057,-0.0370637841141316,-0.511476847536617,-0.4054730483494926,-0.41368871403482554,-0.15840060050947946,0.2824500000818244,-0.47855336753006567,-0.40037245699897417,-0.4954240049565169,-0.5360633282941643,-0.36450265540801824,-0.5632218531667136,0.1741942170378546,-0.6643392481876287,-0.1700469161414156,-0.8707498869076492,-0.3704023914403971,-0.5372399035652135,0.0018393555839952517,-0.407325167788686,-0.5547447734379326,-0.2334690241250066,-0.15484697885320317,-0.8919433587813542,0.13467323036961326,-0.6252360022705904,0.19444006924485666,-0.44543027272011043,-0.15905864583843532,-0.5475028748651385,-0.4543273989205945,-0.5718809757083589,-0.08960530715039416,-0.7827846536751394,0.20016837868515305,-0.32034163220512923,-0.25857527233123395,1,48,train
-0.5204621510154265,-0.5840423032678526,-0.48914227389990633,-0.21141024869063582,-0.3329052485641075,1.285035806621412,-0.31065893321969407,-0.30588172010593445,-0.6335825255893598,-0.39056589599964237,-0.16089697031593644,-0.5841001700270649,0.20686099926080798,-0.6594991982504274,-0.3391793754437486,-0.014619696133771613,-0.6298393719456405,-0.43114601678226483,-0.23019857215054917,-0.4730293273918233,-0.09782338578773975,-0.965490825511199,-0.5970394744340783,0.2051901421553573,-0.6340874201497564,-0.524281939269557,-0.31687343373561333,-0.10313469606720975,-0.6667932272690239,-0.6342491484207116,0.12465837623508043,-0.6918552012189524,-0.34404841172798045,-0.69599469674634,-0.3576650706480291,-0.36078027153263353,0.5565583437905626,-0.9986482643552791,-0.5950830443159151,-0.1891059812907092,-0.25914550059369074,-0.7038385284326939,0.2532090299026627,-0.6252360022705904,0.21104551533591887,-0.2343758579341841,0.13987569357651347,-0.3766036911500943,-0.8077598830775935,-0.8717736915172852,-0.697260620445016,-0.6328016531576011,0.3853682668256539,-0.17438716072705263,-0.6329262716578609,1,48,train
0.13577355848148148,0.04485585202704848,-0.41446107115584907,0.18147887634072787,0.7801702190290039,-0.2095979217916906,0.21130738894418336,-0.012258480127555834,0.00972678308210241,-0.2572279226863098,-0.5005848746828844,-0.4077032072930672,-0.26132219154407377,-0.7451948485781985,-0.4713745638482719,-0.4289632792421258,-0.8760886023750996,-0.7368941665010587,-0.44402637319086863,-0.6114403999130809,-0.5057935904891946,-0.3022135399991945,-0.23299904845583982,-0.19330807241273595,-0.5952039069948337,-0.60358400792273,-0.5177428263591298,-0.6351674730208164,-0.31574611155946897,-0.5434920489294919,0.10214208496109217,-0.8215732655094787,-0.4256116127841827,-0.923706005138349,-0.5657079769233724,-0.2458763250928141,0.08445707723178186,-0.33340978071786187,-0.51440650255995,-0.28993107864138506,-0.4677425440746658,-0.9133189076846111,0.15919787854886486,-0.3048893583268626,-0.09200387582596642,-0.4060811445396835,-0.06527532366903963,-0.364951474078614,-0.1504415246921466,-0.5895217236971193,-0.3934329637977051,-0.5343753090679665,0.05043229891198218,-0.29048730849370447,-0.011662911073245977,1,48,train
-0.24775975618004475,-0.21920074522818236,-0.6130812912198311,-1.8987287231556889,-1.2199117918505786,-1.7673217171327835,-1.868402175927516,-1.7787852554322576,-0.6781915652417605,1.9831430794684755,1.1444205947795263,0.34198388432642346,0.10114221424035079,-1.196224587145415,0.17720807926142068,0.8415239725780687,1.3016780292354286,0.23494816653367892,0.11468497791448219,1.2917118472542115,-2.09420217436781,0.40008005642528094,-2.5127276176966125,0.48576541567779036,0.30559748109420826,-0.2764629747283913,-0.8684671626859047,-0.15529477223913196,-0.36450265540801824,1.0467301725905744,0.6740558833203939,1.788511422033233,0.047454953341790444,2.280139147818988,-0.018003182851550396,-0.5085139169552586,-0.7731935570166697,0.14486625326982375,-0.4049169101768545,-3.0888357810961473,-0.44877917648548626,1.9937557431583213,0.7723140830301551,-1.290571339692179,0.8462038283190483,0.16626981081198114,0.20435172756797298,-2.8585259273753945,0.16005056419344138,1.2557005159272154,-3.2911325548071333,1.3685340099983014,0.19228753238130195,-0.028432689248976007,0.7370390875800079,1,48,train
-0.5904606266950967,-0.664670271895404,-0.5892468648121533,-1.1129504730929614,-0.9483150980655176,-0.8645329022822562,-1.0528297975464573,-1.0447271554863111,-0.6641045000883709,-0.2689499423182511,0.2932924748488591,-0.29745510558431854,0.3729905185786692,-0.3663298681817366,0.05740618976982141,0.0677498113516241,-0.09116918038119892,-0.07079998318511493,0.05605477440342686,0.1536652509683154,-0.03428704243259514,0.13811339744154805,0.04749111582247514,0.4613675658062744,-0.381344584642759,0.20430581648147011,-0.4603515713238394,-0.09791868845001753,-0.2718652220957746,0.048402078187158096,0.5524679104408573,0.2043786975155931,-0.12110899550769424,-0.01286077157031274,0.12635311946195307,-0.08993525492448766,0.17100897610089164,-0.00296452087182452,-0.11102379378012452,-0.23750202801903364,0.0016008037575281416,0.05713101252325019,0.5638545735065165,-0.6153791824569372,0.5016408219295074,0.10545752180586676,0.3626110837288282,-0.19793636272072998,0.041138700364918325,0.12669264464655175,0.05097166831328702,0.1264872869624369,0.38930868997757945,0.18386472381004454,0.40251266264983065,1,48,train
0.40701765174020343,1.8730950406567768,1.2189916186503393,0.832201489673924,0.7613311420034505,2.4882535116052265,0.8311423965137879,0.6069035693920686,1.1813010350056778,2.4959814383659085,0.4993952482849848,0.5900421131711079,1.8580877367231865,2.7187135436180245,0.028488492306331933,0.9313816171075913,0.9476947604930813,0.7863867937050749,-0.20950555914664729,0.8072730934298098,0.8485337283967826,1.9886012864330231,3.8162047060726003,0.49796434061354833,0.6490685139626918,0.46203753960428245,0.11037257597154881,1.180003177762077,0.7715248162631806,0.18256474700026543,0.9622644116274436,0.8922775232986873,0.38458285104075984,1.252790454143412,0.45752346006351985,0.0372798286338839,2.559054549444057,2.9666948537971685,1.0299730110542389,1.4724916230484288,0.09641764170342591,1.4807425694801568,0.5515922494168907,1.8340405412358738,0.8960201665922349,0.008873298090273356,1.2887213901516108,0.9595171997129779,0.38466186253620716,0.7511751234486689,1.4113940115102015,0.5576884134503597,-0.05989954934193319,0.08766745851767585,2.465425616385924,1,48,train
1.4074125333288232,0.6939109994788373,-0.5288663179127028,-0.3394500081874642,-0.293657171427538,0.4152941696855463,-0.3563309864090334,-0.47982157422356086,0.5426874147186788,1.8644576306950698,-0.3021155372999485,-0.7770343480173751,-0.2311168243953717,0.47258544555328613,-0.45898126493534785,0.23248882632241552,-0.46439067025084774,-0.6713767058470314,-0.6888936937370409,-0.19620718234930803,-0.9338279036185898,0.01549070600235392,0.25039889423657535,0.2783836917699051,-0.6211262490981154,-0.6977552144483731,1.3506613653453254,0.20460975334713138,-0.46201574310511684,-0.5790056965564909,0.17869747529265226,-0.9119828254695426,-0.5941755616336674,-0.7701332622693197,-0.6930811848470518,0.2219468854121652,-0.6787733037049135,-0.2638423575923803,-0.727623077200715,-0.5803073590113316,0.17227111206014412,-0.5884105643551069,0.35130762261966914,0.547725555554136,0.2151968768586844,-0.5992495919708702,-0.2821492561857672,-0.6717931902942614,0.14023192022202088,-0.667141014847665,-0.5793573507012835,-0.34220958965487047,-0.6667247147384677,-0.7349850170860287,-0.2665401872105239,1,48,train
-0.13838713793056007,0.8531512375182513,-0.5670014001649872,0.8339554589820998,0.736212372636046,0.8449074825761467,0.7251179873242503,0.9914861826246187,0.79155889909523,-0.29678973894411176,0.1444404718116572,0.1325124910798011,-0.32676715369959486,-0.7722566328922315,-0.4631123645729892,-0.012123650452395987,-0.19890321869408725,0.2021894362066653,-0.37849849867851265,0.12290723485248038,-0.5693299338443392,0.24958857147717908,-0.3314689997450355,-0.046920973183640455,0.0074905469064677505,0.16961116144570693,-0.5018008110715492,0.10550560862047915,0.10356016553805507,-0.010787334524506906,-0.23109902589393402,-0.023610627601089527,-0.09392126182229349,-0.16113790261627214,-0.11141020199558205,-0.4469582313624982,0.25362669774867824,0.12312643354311077,-0.024584641898733342,-0.7335615069843588,-0.7569338998096541,-0.1822751351932266,-0.4907052982013027,-0.7780167093822145,-0.1874851908495741,-0.32380569470788173,-0.6690054601345244,-0.6213002496511802,-0.32880932043493116,-0.2084815671398953,-0.7335385495969338,0.15929606832564844,0.19228753238130195,-0.4696132507622531,-0.5851367823821212,1,48,train
1.6757400234342257,-1.9910003558186244,-0.9197509109986194,2.07050382124599,0.8633761425585311,1.9745201094773057,2.1947794131669176,1.7957585356088732,-0.6101040836670437,-0.405218420539569,-0.5196684648158589,-1.4109609328426798,1.6617528502566232,0.04410719391443046,2.5897702676439716,1.1460415457058952,2.7368493253321193,-0.676836494234867,1.8356538927389887,1.9414749377012264,-0.6061141326288966,-1.1382773452664272,-0.7850275632589065,-0.7747901610171986,-1.6385781766519254,-3.1957703770233232,-1.1904958714950344,0.20982576096432362,-3.7872120335761794,0.2772678073389294,-1.5955862770976224,2.539303854745067,-0.8660528984876749,3.2863053942022837,-1.5294985835458808,-2.560370103380606,0.38738872327366614,-3.211761912534661,-3.7818064436765364,-1.0118387756722242,-1.1124970421067708,3.4216424098958793,-1.3981172808336122,-0.05354045307870694,-1.7774566540687804,2.4485192452767435,0.2981350497373687,-0.7844312886519041,2.0230030975069693,0.5571268955723048,-1.0827136176841419,-0.00943480725658222,-1.4390476525158753,-0.3137073380470349,-1.604645886931233,1,48,train
0.49889065106977054,0.5407178590864896,-0.5050318915050249,1.0567095611204176,0.3044835241337814,0.5850364926108534,0.8458226993246468,1.1095737900072276,0.6835580662525758,-0.2953244864901191,0.033755649040404505,0.00021476902930272958,-0.387177887996999,-0.6820506851787882,0.13176598324736577,0.22000859791553737,0.11660360779365712,0.2567873200850213,-0.03016611311283098,0.06523595463528971,-0.2884324158531736,-0.2130334007706897,-0.4926016473091739,-0.10384928955051093,-0.1415629201874025,0.21421857506311673,-0.520931229416646,-0.3274230236064753,0.059679276074360695,-0.5040324404550486,-0.5643401367489602,0.043213829760696765,-0.07760862161105303,-0.192911573554692,-0.05196937163119827,-0.1432835157715467,0.14346973555162945,-0.1464473310681302,0.1252432213623447,-0.7295285030903319,-0.3349989709504089,-0.26350222102560267,-0.4784429741116769,-0.6252360022705904,-0.5237454741935837,-0.05551618438678892,-0.41696278180427354,-0.7883153610090643,-0.05795451949218422,-0.33549495265897,-0.697260620445016,-0.15004387024177443,-0.15446970498814638,-0.051652718802306374,-0.2824700169691038,1,48,train
2.8394646816087423,2.4999774967359887,1.3286299801256574,1.9214164300510528,2.230779149996613,1.1047784725414398,2.023509213706895,2.106935338846829,2.470267496540834,1.3999726027793946,2.579506572779217,3.61084009999082,2.5125373582783976,1.7670407952411975,4.2380790230628715,1.1160889975293877,2.952317401957896,3.49990162245937,4.198106210684453,2.218297082743742,1.6377219932291052,2.189256599697159,0.6920217060790287,2.063493040702486,3.4875649742720474,3.559774596368854,2.2912402673125856,3.4020224226859637,3.59940435947904,3.1893869127528474,1.7908639305102114,1.4150806308938388,3.478546944439366,1.6234832817583105,3.15358969444807,4.325659258262861,1.618786193547819,1.6362178865223342,3.4963701447366007,2.1056732344106734,4.519623131879557,1.540594106409276,2.084382760620116,1.9178235096519256,2.1580340695129627,4.183458078686477,2.6720253921501973,2.124738906861006,1.9602440582641378,1.2980383111002403,2.105209406540628,2.9995991406265317,2.970285854488814,3.6701863038886473,1.0317409381137355,1,48,train
-0.7275409749011175,1.4336726116366216,-0.7258975762161729,2.0213926806170694,2.146003303381623,1.4562802739973857,2.0512386745718514,1.8484192253876042,1.6414784966830742,-0.11070267728704325,2.5527895465930523,1.9791681947013404,-0.8603953066599977,-0.7497051459638706,-1.6074269641996441,1.0861364493528802,2.471361873775359,1.8455857409451821,-1.3200305903560483,2.091420266265922,-0.5526098434877221,1.369914070535271,-0.3971156339378326,-1.470128882355402,2.1784866980563167,1.3640985705341255,-0.4093371224035813,1.3051873605746904,1.649142605537068,2.5738170205515316,-1.1272474185986667,1.6509316568766141,2.20072346122553,2.2854347596420577,1.4765091234529562,-1.4236417761009637,0.14740391277295262,1.0231549702290281,1.8943645298681508,-0.5399773200710613,-1.3827250302525793,2.1519348050424223,-1.1160838267722186,-0.5463814437613651,-1.254385102200321,-1.6008637638362833,-0.9151866808291881,-0.6679091179371014,-1.1182519719631816,1.608515475702423,-0.6156352798532012,3.154269109910243,0.6336149253969635,-1.6637861992192435,-0.9156807498726536,1,48,train
-0.10922110639736417,-0.2252478428752487,0.7724933639465077,-0.6656882995081501,-0.6390402502293497,-0.8990822246475841,-0.6548304768965008,-0.5388653779148652,-0.11940464749063637,0.07978014173200325,-0.2601316390074044,-0.3746287767804426,-0.2864933308346588,-0.7271536590355098,-0.3598348736319554,-0.23427171609482683,-0.6182964392692596,-0.4366058051701004,-0.2715845981583529,-0.3461525109140038,-0.325216614637731,-0.2130334007706897,-0.24195086220940307,-0.3681593298252666,-0.672970933304679,-0.4053288362897975,-0.804699101535582,-0.5986554197004709,-0.5156479413385211,-0.1252201991003926,-0.34818374051867296,-0.2987701579143272,-0.23529747698637743,-0.32000625730837146,-0.36191084424548514,-0.37719512102403635,0.0018393555839952517,-0.3986292398980008,-0.47406823168196743,-0.5036802850248179,-0.5483368563286789,-0.11814848848345604,-0.26180858186162104,-0.6350928220842437,-0.15842566019021526,-0.3023425338821943,0.15746006648327518,-0.6135321049368601,-0.2858689251635201,0.02084815671398952,-0.6519132090051188,-0.3328356521225243,-0.024435740974603253,-0.2175100727546662,-0.5692069526235414,1,48,train
1.7676130227637927,0.7301935853612355,-0.4653078474922285,-0.3412039774956399,1.5996700696405752,0.10435026839759429,-0.020315166516037274,-1.0160031428797305,-0.3917545737895036,0.9750493911215218,-0.2639483570339993,-0.1265705479357582,-0.38214366013888196,0.09823076254249644,-0.6985850439185464,0.2299927806410399,-0.687554035327545,-0.32195024902555275,-1.4097003133729564,-0.16160441421899363,0.7615892585423742,-0.38024616182413623,-0.042027021713157295,-0.29089947189879956,-0.1869270188681456,-0.915835903244599,0.7703720088773889,-0.4421751911847042,-0.21823302386237034,-1.5339282216380197,-0.07798824523081388,-0.6093073421249812,-0.3549235052021407,-0.42062288194670105,0.1985312706187048,0.3081248452420298,-0.4702619109747854,-0.24210253786566732,-0.38762907980057626,-0.10844590341016853,-0.7616747417069489,-0.43878172203230886,0.20415973354415948,-0.7681598895685613,0.07405058508465565,-0.20218111669565297,0.29227359210178144,-1.1262296560819924,-0.32880932043493116,-0.5648246765128548,-0.6065657975652218,-0.7124801221825433,-0.6154992137634356,1.4045748488994128,-0.00768045363360101,1,48,train
0.11535733640824435,0.048887250458426054,-0.4287617270004558,-0.5148469390050372,-0.2544090942909685,-0.03384702106371772,-0.47051111938238155,-0.6058880739968865,-0.286101585139081,0.36550437026057303,-0.5273019008690488,-0.506926498830941,0.12631335353093584,-0.569293250536984,-0.5416032576881749,-0.4713960558255115,-1.0069085060407497,-0.5512613613146481,-0.4854123991986724,-0.5076320955221377,-0.5392337712024285,-0.3523773683152285,-0.3046135584843458,-0.15264498929354275,-0.6924126898821403,-0.3954160777081509,-0.5018008110715492,-0.530847320676972,-0.4717670518748267,-0.2554369070660556,0.4173701627969278,-0.6682700986206749,-0.42017406604710256,-0.8283849923230894,-0.45107208979206076,-0.48389164271815444,0.029378596133257457,-0.18992697052155616,-0.34729080892259373,-0.4310862149323313,-0.44877917648548626,-0.5071834785227308,0.08153649264790144,-0.2802473087927297,0.1031101157440145,-0.3774635967721003,0.010923625593594383,-0.20570450743505017,-0.3255062131063611,-0.5119024325465736,-0.2845991763419519,-0.5718710591973512,0.062253568367758826,-0.5260047511060554,-0.06741731522827553,1,48,train
-0.07422186855752907,-0.3179700067969329,-0.3699701418615171,-0.05530698026299578,-0.20574147864162232,0.376238413968219,-0.051306916894517496,0.1744476018152175,0.08016210884905084,0.6922556675009374,-0.6341700056137066,-0.47936447340375377,0.020594568510478667,-0.7271536590355098,-0.3598348736319554,-0.42397118787937454,-0.8760886023750996,-0.37108834451607314,-0.43367986668891767,-0.48071883142078203,-0.44560126520537335,-0.17959084856000038,-0.05993064922028378,-0.03878835655980182,-0.4331892688493225,-0.806795558846486,-0.5304964385891944,-0.9794239757555031,-0.6131610290356196,-0.8552229558775942,-0.055471953956825616,-0.5267594830310098,-0.19723464982681635,-0.5689000129926605,-0.5996741657030202,-0.3854025457697377,0.06872036834648917,-0.33340978071786187,-0.5201691126853761,-0.15684195013849295,-0.3918890737179476,-0.4216812829097034,-0.032911865521939386,-0.3837439168360879,-0.12106340648532528,-0.2880337599984027,0.02850799850035608,-0.22124079686369055,-0.2759596031778098,-0.7800418019757314,-0.3526202935017977,-0.820280403804524,0.19228753238130195,-0.39663601502321477,-0.12317171938330507,1,48,train
0.14306506636478045,-0.16276116718889638,-0.581302056009594,1.2075509216235303,0.9512918353444468,1.232460750848087,1.0366666358658145,1.168617593698532,0.4957305308740465,-0.3334210502939284,0.3123760649818337,-0.1486201682775079,0.18168985997022294,-0.48810789759488504,-0.16567319066281172,0.2973860140381818,0.4475010111832427,-0.07625977157295054,-0.09569398762518694,0.607345988676882,-0.5827060061296327,0.13811339744154805,-0.5313928402412813,-0.7137955363384088,-0.46559219647842476,-0.7869700416831927,-0.546438453876775,-0.6038714273176631,-0.6911714991932986,0.3048895332710398,-0.5193075542009837,0.6171179929854496,-0.436486706258343,1.1256957703897326,-0.6081657128979322,-0.51672134170096,0.2064165710928002,-0.3725414562259452,-0.8486378898346626,-0.6609674368918723,-0.5625593820205635,0.8223756632598457,-0.5806290081918919,-0.6646632815252032,-0.5361995587618804,-0.19502672975375718,-0.28801071382135446,-0.5979958155082197,-0.3387186424206414,0.26781862855663474,-0.7788859610368309,0.3092790688431868,0.17652583977359976,-0.24404724938704375,-0.6687683886146656,1,48,train
0.2495210814609455,-0.8259262091505067,2.1469452867892636,0.532272737975874,-0.536995249674269,0.13739744631225584,0.33038095618781793,0.238278740940952,-0.6359303697815915,-0.6689638622582488,-0.8440894970764272,-0.4407776378056918,-1.2983731303161776,-0.4159431394241304,-0.3474415747190313,0.18756000405765422,-0.5682770643382757,-0.1581565973904846,-0.22674973664989884,-0.12315689407419984,0.002497156351962269,-0.44713126624551486,-0.13154515924878973,-1.1814209922091303,-0.7183350319854221,-0.7671445245198995,-0.48267039272645235,-0.17094279509070864,-0.7984358956601071,-0.8118173865557066,1.1829240661125286,-0.3970414187404835,-0.3712361454133812,-0.3147106454853015,-0.32369888186838125,-0.6152104386493766,-0.9817049497467978,-0.3812373841166304,-0.9177892113397755,-0.7658255381365752,-0.4724833859719607,-0.44305683181296024,0.7437019934876948,-0.6203075923637639,0.7756306824320339,-0.3023425338821943,-0.65728254486335,-0.6989816967943822,-0.2858689251635201,-0.4907335349600612,-0.7244690673089543,-1.0358809670484854,0.4444746141045371,-0.5392733394222442,0.27905648202083666,1,48,train
1.350538771839091,0.9116065147732261,-0.4764305798158115,0.6006775409947275,1.3767409915048603,0.6826758819041717,0.6451918942429065,0.08987134247361933,0.16233665557715732,0.7450047558446734,0.32382621906161846,-0.3911659920367549,-0.397246343713233,0.10274105992816861,0.3383209651294335,0.37725947584220193,-0.5605817758873551,-0.3274100374133883,-0.27503343365900323,-0.33846300688504505,0.3368989634843023,-0.3858199205259178,0.08329837083672811,-0.563342128797394,-0.9970002095957013,-0.14759711316698518,0.1358798004316779,-0.5464953435285487,0.13281409184718465,-0.3777616933368299,-0.06898172872121858,-0.5071052308657785,-0.2135472900380568,0.024208511191177107,0.14758198744923298,0.5953847113415784,-0.163396087711578,0.014427334909545866,0.21744498336916196,0.12143531854937244,-0.012621721934356523,0.20675985484604817,-0.13918534096536303,-0.38867232674291446,-0.12106340648532528,0.506103190552032,-0.030106577855516237,-0.18628414564924972,0.5266954776647208,0.05260150309375819,0.11899278547313276,0.2389745373505907,-0.288444092153615,0.8207569629871062,-0.23866298513300913,1,48,train
0.1591063837080382,0.9720774912438896,-0.5209215091101435,0.649788681623648,1.1239833747453527,0.05477950152560193,0.7169622635404397,0.5478597657007642,0.5567744798720685,0.343525583450683,0.15207390786484704,-0.28091789032800624,-0.5180678123080411,-0.18591797275484997,-0.17806648957573576,0.017828897724111545,-0.18736028601770635,-0.20183490449316943,-0.4819635636980221,-0.06548561385700917,-0.18142383757082475,-0.4638525423508595,-0.29864568264863695,-0.19330807241273595,-0.5174368806849883,-0.192204526784395,-0.4412211529787426,-0.06662264274686419,0.0450523129197959,-0.006841373677062572,-0.1320273442883857,-0.6289615942902124,0.10726796744967211,-0.6536298021617801,0.16031930824160096,-0.6234178633950781,0.01757606446928794,-0.22905864602963955,-0.1398368444072549,-0.21733700854889848,-0.17855118833967762,-0.7850656142650699,-0.3639946159418361,-0.477383705065793,-0.15427429866744968,-0.09128811909626795,0.06367674431387947,-0.10471862614888774,-0.3420217497492115,-0.45192388938478845,-0.06239686028645587,-0.16879174530646673,-0.048078279886156546,-0.32034163220512923,-0.12715417682295005,1,48,train
0.8765907594246576,0.016636063007405492,-0.47325265629478774,0.5077171676614138,0.31861283190294637,1.025164816656119,0.4266184968367828,0.45530461396844923,0.0895534856179773,0.29224174756093974,-0.38608333388503674,-0.4848768784891912,-0.16567186223985061,-0.5332108714516067,0.10697938542151766,-0.004635513408269103,-0.5721247085637361,-0.6440777639078534,0.2905755884476482,-0.19236243033482867,-0.3486247411369948,-0.056968157120806245,-0.09275396631668234,0.0059410348713106916,-0.10267940703247982,-0.7572317659382529,-0.3296270459656779,-0.42652716833312754,-0.39375658171714784,-0.48430263621782693,-0.5057977794365908,-0.18870634578903211,-0.5996131083707475,-0.3305974809545114,-0.650623448872492,-0.5987955891579739,0.021510241690611113,-0.18557900657621357,-0.3184777582954633,-0.30203009032346617,-0.3918890737179476,-0.13524892760606153,-0.20049696141349205,-0.4478132456248335,-0.38675054394232056,0.03033645891596078,0.2571048462882581,-0.20182043507789008,0.378055647879067,-0.34960755104997826,-0.3254118466378594,-0.5718710591973512,-0.30814620791324276,-0.23741295522894934,-0.4855753463909971,1,48,train
0.3136863508339765,-0.42883346365981606,2.329675889248127,-1.4619903654199318,-0.565253865212599,-1.5435021939834848,-1.411681644034123,-1.5186733634948897,-1.0162811289231128,-0.49020306287114357,0.20169124221058102,0.0994380605671765,-0.8754979902343487,-0.6279271165507222,-0.5250788591376095,0.5744470846708765,0.6283402897798767,0.5024777975376236,-0.4785147281973718,0.6842410289664697,-0.05769516893185894,0.6843417502161401,0.36080459719718866,-1.1448242174018566,0.1306216718970562,-0.08316418238628209,-0.6357137394872269,-0.08227066559844086,0.0450523129197959,0.21018647293237577,-2.3206108561200445,0.9787562328257048,0.009392126182229387,1.485797374358491,-0.07319823961847818,-0.3730914086511856,-0.9226922914269502,0.2535653519033887,0.027278849230101362,0.2666234587343457,-0.7569338998096541,0.9378036273374327,-2.7306231652396162,-0.34431663758147524,-2.0763546837079003,-0.6314443332094014,-1.8588813601587324,0.08948499170911695,-0.7119697705490611,0.1760867390150808,0.3411951015286288,0.3655226940372637,0.6217936559411869,-0.37341598546988436,-2.994523533367327,1,48,train
0.19556392312453308,0.26053566810574846,-0.5066208532655367,0.48842350527148076,0.0831243690835293,-1.4248327823808364,0.49675772137755386,0.2414702978972387,1.0498217602407076,1.5684766349885513,-0.21433102268826534,-0.1100333326794459,-0.06498730507751047,-0.48810789759488504,-0.21524638631450796,0.16509559292527357,-0.36819956461434034,-0.23459363482018306,-0.2784822691596536,-0.17313867026243177,-0.44560126520537335,-1.6064730762160775,-1.6563374352723956,-0.17704283916505867,-0.21932994649724785,-0.4350671120347374,-0.18296050531993563,-0.2074548484110542,-0.5497775220325056,-0.5000864796076042,-0.28964138320630345,-0.9788072828313289,-0.8116774311168734,-1.4850408583837669,-0.6124114864953882,-0.51672134170096,-0.5686163415078648,-0.5595039058756769,-0.3300029785463155,0.4319766183894541,-0.16432866264779294,-1.3237294466271428,-0.15553510641819743,0.7251483121998928,-0.038036176030014246,-0.20575831016660087,-0.3173180019992906,0.17493458356663902,-0.6326951946633791,-0.45898018858029255,0.4545636301283717,-0.35158352718721664,0.15682372401397202,-0.181021454885147,0.5896881623131441,1,48,train
0.7322189033353378,1.3651388383032028,0.8805427636613139,0.9637491877871038,1.4175589917268927,-0.17204431052502972,1.0105683197576205,0.815950550028849,1.0850394231241818,0.30982477700885175,0.5375624285509341,0.11046287073805135,0.856276392957902,-0.25808273092560463,0.20199467708726881,0.38973970424908005,0.21279471343016454,0.19672964781882968,0.0664012809053778,0.3843503718370781,-0.03428704243259514,-0.36352488571879155,-0.2867099309772193,1.0713138125941724,0.389845092929874,0.3480408159153462,-0.21165613283758086,0.19417773811274694,0.7715248162631806,0.2812137681863738,0.5839907182244409,-0.6171690429910737,0.7597735758992903,-0.8019069332077395,0.7292529703007028,0.09883551422664433,0.2732975838552941,-0.5681998337663621,0.7245546744066569,-0.003587802165465637,0.09641764170342591,-0.7123887479939967,0.5597671321433079,-0.4379564258111803,0.8503551898418139,0.320089130062741,0.937033932016377,-0.2639655927924516,-0.33541553509207134,-0.6142187708813839,-0.12588323630231188,0.571749319748879,0.6414957717008146,0.35635637192049874,-0.2824700169691038,1,48,train
-0.5044208336721687,0.7443034798710569,-0.5765351707280584,0.9549793412462252,1.2542869908387635,0.8749503715894753,0.8392981202975983,0.8526534550261462,1.021647629933928,0.20139609541339448,0.5795463268434782,0.45223198603517206,-0.2260825965372547,-0.01452667209930769,-0.777075937033732,0.3048741510823087,-0.03345451699929447,0.054775149735103966,-0.6199169837240346,0.2843868194606143,-0.17473580142817796,0.3610637455128101,-0.1285612213309353,-0.5674084371093133,0.5972238297561283,0.15474202357323696,-0.5878876936244848,0.001185456276634704,0.08405754799863535,0.38775471106737075,-0.5778499115133532,0.003905325430234239,0.5150839727306834,0.3631276678676557,0.23674323299580866,-0.8778480305118211,-0.13979102438363897,-0.10296769161470423,0.13100583148777079,-0.35445914094581765,-1.0271618879554627,0.36493891673014894,-0.5274922704701801,-0.20632116019033098,-0.6275295122627225,-0.6564846875060367,-0.4345471547110352,-0.15132749443480886,-0.7879412391061731,0.15138969183081627,-0.20297383575013705,0.445201163062206,0.25139387966018517,-0.8112793999041142,-0.4019437401584528,1,48,train
0.5572227141361623,2.3407372586965747,2.7443949087417217,2.109091146025856,2.582441921140276,1.8318163866639943,2.144213925707292,2.2904498638333153,2.3740058846593377,0.400670429156397,3.1214805325556956,3.43995554234226,5.009514375904434,-0.05060905118468501,0.635760139039611,1.2084426877402858,3.1870236997109744,3.4562233153566853,0.618214961009428,2.5720142680758444,0.36030708998356614,3.1869594073160563,0.25039889423657535,5.369401698292892,3.772710737408147,3.7084659750935534,-0.3583226734833231,3.099493980888815,3.467761691087957,4.085120025122711,4.952151225378163,3.046383560608034,4.092989725729423,3.1221414276871142,3.4550396198674447,0.4599622030375055,1.02472543312802,2.6319016300057885,3.7960258712587565,0.27468946652239973,0.7553946654274153,3.1480353839341917,5.174488431205819,0.04995615496465128,5.051533050880552,0.5168347709648757,5.333127158706801,0.34194969492452304,0.25253756939340377,2.963324921239219,0.3956119952565054,3.9323059250949735,1.1025252804761039,0.40279643102715945,4.062391049683556,1,48,train
-0.1310956300472611,-0.035772116600502925,-0.36361429481946966,0.09378041093194134,-0.11939570894116937,-0.3312716222956718,0.03351261045711259,0.31168455093554664,0.08720564142574568,0.2673324558430644,-0.7524882644381491,-0.903819664982436,0.17162140425398892,-0.8805037701483635,-0.4176702685589343,-0.4114909594724964,-0.6067535065928787,-0.6386179755200178,-0.13363117813234038,-0.7536962244488179,-0.3553127772796416,-0.7815567883524078,-0.3732441305949973,-0.04285466487172113,-0.7572185451403448,-0.4499362499072073,-0.6293369333721947,-0.8281597548569287,-0.730176734272138,-0.6303031875732673,0.057109502413115666,-0.8372966672416637,-0.6104882018449078,-1.0243226297766785,-0.5954283921055642,-0.43054338187109537,-0.05717330273585233,-0.6942907881812973,-0.6296587050684715,-0.16490795792654703,0.015823329449412806,-0.4259563926903548,-0.016562100069104982,-0.42809960599752717,0.020082885288703483,-0.313074114295038,0.4798402364405729,-0.2600815204352915,-0.38826525234919274,-0.5895217236971193,-0.3934329637977051,-0.8109064662721779,-0.024435740974603253,-0.21087577859657178,0.0640037802800084,1,48,train
-1.1008661785260252,1.4880964904602187,2.548952612198763,1.8723052894221324,1.5321633769656757,1.3706580403093989,1.853870159003635,1.8899094658193314,1.5992173012229052,0.5369389073777149,1.453574754933715,1.8854573082489041,3.1166447012524388,-0.041588456413340684,-1.999881429775573,1.0861364493528802,2.22126499912044,1.6817920893101141,-2.0511837164939144,1.764616345035175,0.09947368042034088,1.6207332121154407,0.3399170317722078,2.823892695031399,1.9387050336009604,1.3789677084065954,-0.7728150709604207,1.5503397185827248,1.7564070020038762,1.7017596732663338,4.051499574418632,1.5762454986487353,1.2600278757106642,1.8300121428580396,0.9839993861480619,-1.6821756555905576,1.1506191042103615,1.188377600152047,1.8828393096172986,0.49650468069388665,-1.7525106982415806,1.7415242660998904,4.005480201328158,0.24216414133088796,3.9265140782110874,-1.962160304402022,3.2874784438868567,0.5594577469254882,-1.5047155294058814,1.0510678392575952,0.6223490524559911,1.7013087923965897,-2.3571662469145283,-1.6007604047173467,2.915443307065805,1,48,train
-0.19088599469031273,-0.7311883460131339,0.747069975778318,-0.5183548776213887,-0.3595939410169748,0.19748322433891324,-0.6107895684639236,-0.45588489705141044,-0.5748864207835696,-0.6704291147122414,-0.20288086860848056,-0.3580915615241303,-0.442554394436286,-0.4430049237381634,-0.44245686638478243,-0.13692593452117738,-0.6298393719456405,-0.33832961418905955,-0.24399391415315042,-0.26925747062441624,-0.23158410864067577,-0.44713126624551486,-0.42098713728066794,-0.2461700804676871,-0.7766603017178061,-0.45984900848885396,-0.3774530918284199,-0.436959183567512,-0.46689139748997177,-0.5592758923192692,-0.29414464146110114,-0.77833391074597,-0.38754878562462164,-0.923706005138349,-0.1538679379701419,-0.3320542849226787,-0.12405431549834627,-0.385585348061973,-0.5028812823090979,-0.28993107864138506,-0.2733680262855754,-0.6610874306261801,-0.13918534096536303,-0.3492450474883018,-0.24560425216829182,-0.5205513356100164,-0.1707815611096098,-0.3494151846499736,-0.31889999844922096,-0.5859935740993673,-0.06239686028645587,-0.35158352718721664,0.1962279555332275,-0.39000172086512036,0.2113547055468722,1,48,train
0.11535733640824435,-0.5900894009149189,-0.5733572472070347,-1.3041331276841162,-0.48518778785399724,-0.3477952112530026,-1.1376493248980875,-1.3367546169865463,-1.0256725056920395,0.25414518375713047,0.07573954733294863,-0.2754054852425688,0.32768246785561617,-0.5738035479226562,-0.4176702685589343,0.14512722747426854,0.08967009821543503,0.2294883781458433,-0.4164356891856661,0.3305238436343668,-0.3285606327090544,-0.1405745376475295,-0.1882399796880236,0.22958799202687322,0.18246635610361978,0.1349165064099437,-0.47629358661142013,0.022049486745403593,0.15231670938660438,-0.2120313377441679,0.6380298172820127,-0.14546699102552335,-0.2244223835122171,-0.6854034731002,-0.2302918627243496,-0.422335957125394,0.04118112779722698,-0.3725414562259452,0.004228408728397049,-0.5399773200710613,-0.40611159940983227,-0.3874804046644924,0.5761168975961423,-0.4231711960907006,0.6095762215214119,-0.5455916899066517,0.4681173211693984,-0.6096480325797,-0.5005709015205757,-0.3637201494409866,-0.665517432437088,-0.07036540121683219,0.3656661510660261,-0.33692736760036524,0.08391606747823324,1,48,train
1.9703169419195043,1.439719709283688,-0.6400936411485327,1.484678072315296,0.5556712178078262,1.3180829845360735,1.2438220199746033,1.486177510849061,1.721305199218949,1.9172067190388056,0.3848937074871372,1.2129438878255374,-0.5432389515986262,1.3385625436023418,2.201446901705684,0.7990911959946829,1.2939827407845081,1.545297379614224,1.9874026547676025,1.287867095239732,0.2332344032732769,1.481389244570902,1.3872792409391073,-0.39255717969678255,1.5952340007324768,1.0667158130847267,2.2179069969897145,1.4460195662388804,0.8202813601117298,0.24570012055937476,-1.0551952865219043,1.3168093700676826,0.4443958651486415,1.4275456443047212,-0.05196937163119827,1.3053269518447488,-0.9699024180828283,0.6535780348749075,1.335391347701821,1.7951319345705916,2.0306811357997403,1.0617818109763224,-0.948498730880666,1.9276803294655789,-0.7603730809912201,1.6722682620810487,-0.5634992226939542,2.171347775146927,1.5242338908928865,0.07377040068027063,2.313807499164155,0.31865300637553295,-1.0134819521079161,0.35635637192049874,-0.8439965159590441,1,48,train
0.19264731997121348,0.29278685555676903,-0.5097987767865605,1.0040904818751457,0.4630457557655222,0.07580952383493202,0.6957573817025321,0.9994650750153355,0.657731780138028,0.04607933529017194,-0.1761638424223161,-0.15964497844838277,-0.23615105225348873,-0.6640094956360995,-0.20698418703922525,0.09021422248400475,-0.07962624770481803,-0.2564327883715255,-0.07500097462128505,0.292076323489573,-0.25499223513993957,-0.15729581375287416,-0.2717902413879472,0.13199659254080956,-0.04435413730009581,-0.23185556111098152,-0.37107628571338763,-0.1396467493875553,-0.46201574310511684,-0.2435990245237226,-0.3887130648118518,-0.530690333464056,-0.32773577151674,-0.7171771440386199,-0.4425805425971488,-0.36898769627833494,0.06478619112516601,-0.2855821773190933,-0.28390209754290685,-0.22540301633695253,-0.4345566507936016,-0.7209389675552994,-0.5029676222909285,-0.6153791824569372,-0.23730152912276073,-0.19860392322470508,-0.35834820544840124,-0.3843718358644145,-0.24623163722067906,-0.25787566150842434,-0.3027381409179108,-0.2859659644607936,0.35384488161024946,-0.24736439646609093,0.1715301311504225,1,48,train
0.8270085058182245,0.17184490261544197,-0.5177435855891197,-0.6025454044138238,-0.15393401682135055,-0.7413570573276085,-0.5504372124637252,-0.542056934871152,0.01677031565879725,0.22044437731529914,-0.4547842583637453,-0.5510257395144403,-0.07002153293562748,-0.62341681916505,-0.566389855514023,-0.19932707655556806,-0.32587547813427703,-0.36016876774040196,-0.5267984252064761,-0.43842655926150886,-0.5358897531311052,-0.33008233350810223,-0.36429231684143404,0.034405193054745924,-0.8155438148727289,-0.6085403872135534,-0.47310518355390396,-0.8646718081772743,-0.5400262132627958,-0.6184653050309342,0.3002854481721889,-0.25553080315081844,-0.7192391365865108,-0.3570755400698613,-0.5147586937539006,-0.5618621778023176,0.06478619112516601,-0.43341295146074155,-0.7910117885804018,-0.36655815262789876,-0.4724833859719607,-0.5413843567679418,0.07336160992148424,-0.418242786183874,0.2234995999042155,-0.5670548507323391,-0.21767322219430765,-0.42709663179317553,-0.8440940636918645,-0.3884171966252511,-0.3526202935017977,-0.6562364969884664,-0.2687419763939873,-0.5061018686317722,0.1994073332279373,1,48,train
0.9086733941111731,0.4641212888903158,-0.5193325473496316,-0.1359895684390794,0.31390306264655804,0.859928927082811,-0.09371668057033254,-0.392053757925676,-0.1874921290653532,1.4527216911231307,-0.15708025228934153,-0.545513334429003,-0.20091145724666967,-0.17238708059783348,-0.26068848232856284,0.1301509533860148,-0.5028671125054507,-0.10355871351212856,-0.4578217151934699,-0.17698342227691113,-0.19145589178479497,-0.8149993405630971,0.5637123756112888,-0.10791559786243024,-0.4331892688493225,-0.5738457321777902,0.3781984328029042,-0.2804789550517453,-0.5644044851870704,-0.6579249135053776,0.10664534321588982,-0.7036477525180912,-0.38754878562462164,-0.5159438947619607,-0.3321904290632932,-0.2294614756014113,-0.5096036831880172,-0.159491222904158,-0.3818664696751502,-0.24153503191306067,-0.41085244130712717,-0.301978209051465,-0.14327278232857163,-0.48724052487944614,0.028385608334234584,-0.2880337599984027,-0.06527532366903963,-0.897069387009547,0.3714494332219268,-0.3601919998432345,-0.4659888221015406,-0.3281486833563513,-0.14658885868429528,-0.21419292567561898,-0.5612420377442514,1,48,train
-0.5087957384021482,-0.03980351503188049,-0.34613571545383925,0.07097880992565685,-0.012640939129700312,-0.4904989340663139,0.07266008461940339,0.018061310957168043,0.10364055077136698,0.19406983314343115,-0.7372213923317694,-0.5565381445998778,-0.10526112794244653,-0.47457700543786857,-0.3019994787049764,-0.34409772607535444,-0.9145650446297026,-0.8733888761969487,-0.4612705506941202,-0.6960249442316272,-0.341936704994348,-0.4972950945615488,-0.43889076478779443,-0.014390506688285903,-0.731296203037063,-0.36072142267238766,-0.4220907346336458,-0.6768955339583542,-0.40838354487171263,-0.6224112658783786,0.1651877005282593,-0.6957860516519987,-0.6703012159527895,-0.6906990849232699,-0.46805518418188474,-0.27049859932991827,0.0018393555839952517,-0.050792124270593084,-0.5662699936887847,-0.398822183780115,-0.5720410658151533,-0.6568123208455288,-0.18414719596065762,-0.511882574413579,0.34804044558718206,-0.14494602116048652,-0.0007992896775800789,-0.11248677086320794,-0.07447005613503464,-0.25787566150842434,-0.2437865060460445,-0.7124801221825433,0.2907981111794407,-0.30707304388894047,0.09188098235752316,1,48,train
-0.8427467994572413,-0.5517911158168319,-0.5511117825598687,-0.7042756242880162,-0.43338032603372545,-0.2606708331143494,-0.7168139776534612,-0.7862110420270864,-0.5255816927467056,-0.5151123545890189,-0.3021155372999485,-0.6116621954542522,0.24210059426762703,-0.35730927341039226,0.3300587658541508,-0.12444570611429923,-0.5759723527891963,-0.5130428425997989,0.3009220949495991,-0.49609783947869956,-0.22155205442670559,-0.2910660225956314,0.0057159849725133376,0.16859336734808344,-0.6924126898821403,-0.31115762976415456,-0.24035176035522607,-0.2909109702861298,-0.2133573694775154,-0.19624749435439057,0.37684083850374894,-0.6368232951563049,-0.5724253746853468,-0.49476144746968076,-0.3576650706480291,-0.11866124153444253,0.38345454605234297,-0.1507952950134728,-0.31271514817003726,-0.277832066959304,-0.02684424762624119,-0.301978209051465,0.34313273989325194,0.04009933515099812,0.5514571602026942,0.28789438882420987,0.2981350497373687,0.10502128113775731,-0.14053220270643635,-0.28257270869268886,-0.10774427172635302,-0.18753962037115904,0.6927212726758467,0.04122739941101511,0.12374064187468291,1,48,train
2.8365480784554227,2.465710610069279,-0.8085235877627894,1.8512576577240236,2.152282995723474,0.8223753158161501,1.8685504618144941,1.3664941249883087,2.7801829299154073,2.7553311227226103,2.323786464997357,3.528154023709259,-1.565187206796379,4.022189488077281,4.064572838281935,1.093624586397007,1.7633953362906643,2.1677132558274828,2.708209274403518,1.4108991597030722,3.6742289986650563,1.4869630032726835,1.327600482582019,-1.4132005659885316,3.6819825400466604,2.256246842882322,5.06833933040914,3.9809992681943007,3.0533310683752877,1.9819228934348816,-1.2668484244973939,0.39305951830181324,3.663423533500091,0.7761853900671141,2.7842073914693994,4.280518422161503,-1.693791026806292,1.1535938885893062,3.3407796713500963,4.315759368337488,5.107487527144123,1.0489564816343684,-0.846312696800451,5.106504719368725,-1.345715055701163,3.807852764236947,-1.7299292921758131,2.9753507530790664,1.3458660951501018,0.6982528794823878,4.30455886137564,2.8871118902383777,-2.0852770494316655,3.5043289499362875,-0.6209788993389259,1,48,train
1.509493643695009,1.7239332986958067,1.069629213162225,1.1584397809946099,1.285685452548019,0.15842746862158594,1.1361664660283035,1.028189087621916,1.2259100746580784,0.49005082884994955,0.7093147397477054,0.7113150250507313,1.4553495080738257,0.08921016777115211,1.1356231951942148,0.5694549933081252,0.5898638475252737,0.6171333536821713,1.004484537082263,0.7073095410533459,0.11619377077695789,-0.27434474649028673,-0.19420785552373243,1.246165070006703,0.7462772968499986,0.9874137444315536,0.06254653010880679,1.2478112767855758,1.4102355406791762,0.5771608317446988,1.1333882253097545,-0.4717275769683623,0.8467743236925728,-0.22468524449311186,0.93305010297859,1.2273564167605855,0.28116593829794045,-0.22036271813895433,1.4218304995832123,0.2222604159000483,0.7838397168111847,-0.3917555144451438,0.7641392003037378,-0.20632116019033098,1.2571886190728379,1.071299758961801,1.060124542363709,0.007919472208754977,-0.2528378518778192,-0.1132215280005893,0.14620123233707105,0.6233059761767827,1.4138187094782222,0.9501256990699469,0.15958275883148762,1,48,train
-0.11213770955068375,0.1940175939880186,-0.29369997735694797,-0.13774353774725512,-0.09270701648830212,0.20349180214157897,-0.20952795830044282,0.08029667160475916,-0.14992662198964735,-0.049162074219351315,-0.7753885725977187,-0.8486956141280617,0.07093684709164874,-0.4565358158951799,-0.09131339718526733,-0.628646933752176,-0.8760886023750996,-0.758733320052401,-0.2853799401609542,-0.8190570086949673,-0.3118405423524374,-0.11827950284040331,-0.14049697300235298,0.1157313592931323,-0.7248156175112426,-0.5441074564328503,-0.3136850306780972,-0.7707836710678142,-0.6472906097296042,-0.5829516574039353,0.27326589864340295,-0.6132381925580274,-0.6431134822673887,-0.42062288194670105,-0.2260460891268936,-0.20483920136430714,0.24182416608470875,-0.2855821773190933,-0.36457863929887196,-0.19313898518473627,-0.24966381679910093,-0.35327952641928145,0.02839975492618963,-0.5611666734818449,0.2401050459952777,-0.28445656652745477,0.3684725413644155,-0.5591550919366187,-0.33211242776350125,-0.6353876684678963,-0.2120433180381165,-0.9843243106205816,0.13712160825434425,-0.5492247806593857,0.2631266522622568,1,48,train
-0.15734505842713742,-0.6021835962090516,-0.41446107115584907,-0.5078310617723343,-0.4773381724266833,-0.05938347672504712,-0.5276011858690557,-0.5548231626962988,-0.4950597182476947,-0.3597955944657964,-0.6532535957466812,-0.661273841223189,0.20686099926080798,-0.4159431394241304,-0.5126855602246855,-0.2392638074575781,-0.6029058623674185,-0.5130428425997989,-0.11638700062908881,-0.40766854314567386,0.07272153584975369,-0.296639781297413,-0.14944878675591622,0.16859336734808344,-0.8155438148727289,-0.14264073387616186,-0.4125255254610974,-0.7290556101302764,-0.452264434335407,-0.35803188909960826,0.3047887064269865,-0.4442116239370385,-0.2951104910942591,-0.9925489588382587,-0.2854869194912774,-0.4018173952611405,0.18674568498618432,-0.23340660997498214,-0.3530534190480198,-0.14070993456238481,-0.21173708162074184,-1.0287468717621981,0.2245969403602025,-0.5168109843204056,0.3355863610188854,-0.45616185313295415,-0.25870342564341825,-0.22512486922085065,-0.3122937837920808,-0.26140381110617644,-0.3344813289258388,-0.49687955893858193,-0.008674048366901057,-0.14453283701562786,-0.06741731522827553,1,48,train
0.2524376846142651,0.016636063007405492,-0.3938045682691949,-0.288584898250368,0.786449911370855,0.22001539109890977,-0.03825775884042056,-0.6378036435597537,-0.12644818006733122,0.23216639694724045,-0.3975334879648215,-0.5785877649416276,-0.12539803937491456,-0.7000918747214768,-0.2813439805167696,-0.4414435076490039,-0.9491938426588452,-0.5949396684173329,-0.34745897917265983,-0.5653033757393283,-0.291776433924497,-0.20188588336712657,-0.19719179344158685,-0.25430269709152575,-0.556320393839911,-0.5936712493410834,-0.4603515713238394,-0.9481279300523499,-0.5546531764173606,-0.7723577780812633,-0.10951105301439744,-0.9001902741704038,-0.653988575741549,-0.5424219538773105,-0.4723009577793407,-0.44285451898964745,0.12773302666633676,-0.23775457392032473,-0.36457863929887196,-0.24556803580708772,-0.3444806547449987,-0.4045808437870979,0.34313273989325194,-0.5414530338545385,-0.058792983643842,-0.25941621223081945,0.0695382019494667,-0.29503817164973234,-0.07777316346360473,-0.4131142438095156,-0.3027381409179108,-0.8999588728294663,-0.04019743358230545,-0.2573158377032325,-0.0952945173057903,1,48,train
-0.4985876273655296,0.36938342575294286,-0.40174937707175423,0.5989235716865517,0.38611952457784593,0.15392103526958664,0.5049134451613644,0.44413416462144567,0.5450352589109104,-0.23378388342242715,-0.5349353369222387,-0.1982318140464448,-0.17574031795608464,-0.49712849236622936,-0.5416032576881749,-0.18934289383006556,-0.6452299488474817,-0.30011109547421033,-0.5647356157136296,-0.2961707347257719,-0.4623213555619904,-0.20188588336712657,-0.23299904845583982,-0.05911989811939841,-0.20636877544560694,-0.2615938368559214,-0.3870183010009683,-0.5569273587629331,-0.2133573694775154,-0.33435612401494225,-0.24010554240352933,-0.530690333464056,-0.32229822477965986,-0.7224727558616898,-0.4723009577793407,-0.6070030139036753,0.39919125493763563,-0.23340660997498214,-0.12831162415640276,-0.45931724219052056,-0.889677472933911,-0.4687074904968685,-0.20049696141349205,-0.6498780518047234,-0.3244801211008373,-0.7387601373378385,-0.041829493126690695,-0.41156034236453515,-0.41799321830632347,-0.49426168455781333,-0.5476141626933554,-0.567184090431178,0.3380831890025473,-0.6553734871888961,-0.31432967648626353,1,48,train
-0.5583779920085812,-0.6888586624836693,-0.48755331213939446,-0.7130454708288948,-0.48518778785399724,-0.7804128130449358,-0.7037648195993643,-0.6808896624696245,-0.7838445538921831,-0.7290392128719481,-0.32883256348611295,-0.4683396632328789,0.2622375057000951,-0.32122689432501494,0.13176598324736577,0.03280517181236531,-0.5528864874364345,-0.14177723222697777,-0.04741029061608255,-0.40766854314567386,0.002497156351962269,-0.12385326154218486,0.14894500502952523,0.25398584189838913,-0.18044643334232516,-0.3706341812540343,-0.23078655118267768,-0.3013429855205142,-0.34987569225345344,-0.2791126721507216,0.2372398326050217,-0.3302169613786972,-0.22985993024929727,-0.01286077157031274,-0.2515207307116295,-0.00786100746747375,0.5408216349052698,0.12747439748845338,-0.28390209754290685,0.0932042912911832,-0.08847519229107474,-0.25067689168364854,0.01613743083656383,-0.019041583730920863,0.2525591305635744,-0.11632847339290328,0.6146537620590792,0.06618055756615639,0.03453248570777816,-0.21553786633539945,0.1688749380570196,-0.6374886219237741,0.3656661510660261,-0.14453283701562786,0.31489859897764133,1,48,train
-0.44608877060577695,-0.08414889777703376,-0.3842707977061238,0.40247900917086993,0.10824313845093379,-0.03084273216238485,0.3613727065662981,0.5446682087444775,0.31494652807221224,0.3318035638187417,-0.6074529794275422,-0.7053730819066885,0.005491884936127645,-0.4926181949805572,-0.4755056634859133,-0.2841926297223394,-0.7568116313858303,-0.37108834451607314,-0.38194733417916293,-0.4230475512035914,-0.3519687592083182,-0.5753277163864905,-0.26582236555223837,-0.19737438072465527,-0.47855336753006567,-0.48958728423379383,-0.6102065150270978,-0.7603516558334298,-0.8228141675843818,-0.6105733833360456,-0.06447847046642091,-0.5228286325979635,-0.5126123605774652,-0.7383595913308998,-0.7100642792368759,-0.45516565610819953,-0.061107479957175505,-0.589939653493075,-0.8140622290821061,-0.2657330552772229,-0.8517507377555519,-0.7978909436070241,-0.08604860324365121,-0.39360073664974105,-0.15427429866744968,-0.43112149883631884,-0.12975135766049917,-0.3299948228641732,-0.3750528230349124,-0.33902310225672205,-0.42971089294962284,-0.7874716224413125,0.19228753238130195,-0.5989819868450937,0.028161663323203696,1,48,train
-0.40817292961262225,0.28069266026263634,-0.6019585588962482,0.3060106972212048,-0.0016514775314608477,-0.2651772664663487,0.3222252324040073,0.6037120124357819,0.657731780138028,0.4548847699541256,-0.4318839502041758,-0.5510257395144403,-0.3469040651320629,-0.45202551850950773,-0.5209477594999682,-0.30166494949196876,-0.6144487950437993,-0.2673523651471967,-0.5923262997188321,-0.3538420149429626,-0.44560126520537335,-0.6645078556149954,-0.2061436071951501,0.09133350942161639,-0.6794515188304995,-0.2615938368559214,-0.5018008110715492,-0.4421751911847042,-0.730176734272138,-0.5987355007937126,-0.16355015207196927,-0.762610509013785,-0.6322383887932285,-0.8707498869076492,-0.5699537505208283,-0.5085139169552586,-0.30109229045788904,-0.45515277118745456,-0.8486378898346626,-0.14474293845641184,-0.633672010479987,-0.5499345763292446,-0.42939367775317366,-0.24574843944494362,-0.299571951964244,-0.6529074940350889,0.016785083229181614,-0.0697619749344469,-0.3486279644063517,-0.713006959618442,-0.12588323630231188,-1.0827506547102161,0.44841503725646265,-0.30043874973084606,0.29498631177941653,1,48,train
-0.915661878290231,0.6999580971259036,2.1914362160835954,0.6287410499255393,1.1977697597621033,0.6781694485521724,0.653347618026717,0.2877478737633962,0.18581509749947345,0.32154679664079305,0.15207390786484704,-0.264380675071694,1.3748018623439537,-0.06865024072737368,-0.9257955239888208,0.33482669925881625,-0.33357076658519763,-0.3274100374133883,-0.668200680733139,-0.08470937392940606,-0.12123151228700356,-0.4582787836490779,-0.06589852505599261,1.880509166666117,-0.5433592227882701,-0.20211728536604162,-0.7090470098100979,-0.4160951530987431,0.015798386610666324,-0.3856536150317186,1.4576228196551853,-0.21229144838730965,-0.1591718226672553,0.061277793952666956,-0.0010200884617264582,-0.7136995355977933,0.7099912554221662,-0.159491222904158,-0.09949857352927235,0.0004452017285613976,-0.49618759545843516,-0.08394761023824507,0.731439669398069,-0.6005939527364575,1.4564539721655843,-0.8997338435304942,0.4915631517117473,-0.22124079686369055,-0.7978505610918833,0.10552374706003931,-0.07600108371842501,-0.05161752615213989,-1.781864466733398,-0.9306966947498132,1.0038637360362208,1,48,train
-0.49712932578886976,0.28069266026263634,-0.45895200045018103,0.5235028914349954,0.34844137052673924,0.7728045489441577,0.4641348262423115,0.480837069618743,0.5004262192585097,0.383087399708485,-0.279215229140379,-0.5179513090018159,-0.23615105225348873,-0.3663298681817366,-0.7398960402949599,-0.06454060976128416,-0.49901946827999044,-0.1581565973904846,-0.5923262997188321,-0.22696519846514307,-0.5459218073450753,-0.1071319854368402,-0.05097883546672054,-0.15671129760546207,-0.2841358017554523,-0.28637573331003796,-0.8333947290532273,-0.33263903122366756,-0.3254974203291788,-0.39354553672660725,-0.15454363556237397,-0.3066318587804197,-0.044983341188572126,-0.5583087893465205,-0.27699537229636545,-0.6028993015308246,-0.013897353301297438,-0.1725351147401858,-0.1686498950343853,-0.24960103970111475,-0.6810804294529359,-0.19082535475452936,-0.24545881640878667,-0.2556052592585968,-0.06294434516660756,-0.6314443332094014,-0.11802844238932471,-0.030921251362845962,-0.6525138386347996,-0.4025297950162594,-0.06693160143044559,-0.48750562140623577,0.594210693877708,-0.41985604457654513,-0.16299629377975475,1,48,train
0.6490957134657295,1.363123139087514,-0.43670653580301505,0.7024077608689199,1.5290235307947502,0.36271911391222106,0.8490849888381711,0.3372170065858404,1.0192997857416966,1.0116807024713383,0.6138967890828324,0.23724818770311226,-0.39221211585511595,0.3733589030684985,0.003701894480483807,0.24996114609204492,-0.25277023785053143,-0.06534019479727933,-0.06810330361998443,-0.06548561385700917,0.6947088971159062,-0.02909936361189849,-0.021139456288176393,-0.4738833459351689,0.020451717958108642,-0.18229176820274837,-0.07774320442190318,0.5332182332302414,0.4399803180930453,0.1431051385258221,-0.2986478997158988,-0.357732914410021,0.9283375247487751,-0.34118870460065137,1.0519317637073575,-0.11455752916159183,-0.24601380935936462,-0.2594943936470377,0.0445666796063796,0.5852307663624814,0.05375006462777192,-0.1095982689221533,-0.30268299549370703,0.11895389366022342,-0.06294434516660756,0.026759265445012875,-0.2059503069231332,0.13609385999503806,-0.12071355873501584,-0.11674967759834137,0.38200777182453627,0.4217663192313406,-0.05989954934193319,0.35635637192049874,-0.13511909170223999,1,48,train
-0.37900689807942634,-0.03980351503188049,-0.48914227389990633,0.3638916843910039,-0.11468593968478104,-0.038353454415717025,0.13790587488988806,0.6467980313456526,0.2750331768042748,-0.3187685257540017,-0.4128003600712012,-0.341554346267818,0.03569725208482969,-0.6910712799501325,-0.3185238772555418,-0.18185475678593865,-0.545191198985514,-0.5512613613146481,-0.6509565032298874,-0.33077350285608625,-0.392096976064199,-0.21860715947247122,-0.2688063034700928,0.038471501366665245,-0.6276068346239358,-0.5986276286319068,-0.37426468877090374,-0.8698878157944665,-0.6131610290356196,-0.7684118172338189,-0.2536153171679223,-0.7154403038172299,-0.4854246268920644,-0.6165605194002902,-0.8968783175249391,-0.47158050559960235,-0.061107479957175505,-0.34210570860854705,-0.5259317228108021,-0.5359443161770342,-0.28759055197746003,-0.8064411631683268,-0.3721694986682533,-0.4379564258111803,0.040839692902531234,-0.3059197273531422,-0.34662529017722676,-0.4698214277219366,-0.41799321830632347,-0.3213823542679617,-0.3571550346457874,-0.7687237473766202,0.026789760000428885,-0.41985604457654513,-0.0713997726679205,1,48,train
-0.4840046115989316,0.25247287124299334,-0.33183505960923254,0.24111383281870272,0.09411383068176876,0.2440497023095727,0.23903684980913936,0.16806448790264406,0.18346725330724184,-0.45064124661334165,-0.41661707809779613,-0.545513334429003,0.07597107494976575,-0.596355034851017,-0.25242628305328013,-0.3665621372077351,-0.829916871669576,-0.6003994568051686,-0.39574267618176423,-0.7383172163909004,-0.5559538615590456,-0.38024616182413623,-0.34042081349859876,-0.14857868098162344,-0.7766603017178061,-0.4648053877796773,-0.3232502398506456,-0.6195194501692398,-0.3059948027897591,-0.6066274224886012,-0.22209250938433872,-0.6132381925580274,-0.37667369215046137,-0.37296237553907124,-0.5572164297284604,-0.7547366593263003,0.21035074831412337,-0.32036588888183404,-0.5432195531870804,-0.5762743551173045,-0.3681848642314732,-0.45588216115491437,-0.13918534096536303,-0.4428848357180069,-0.24560425216829182,-0.44900746619105836,-0.041829493126690695,-0.4542851382932962,-0.3387186424206414,-0.45898018858029255,-0.5204057158294172,-0.7077931534163703,0.10165779988701432,-0.32365877928417647,-0.2665401872105239,1,48,train
-0.07859677328750846,-0.6041992954247404,-0.41605003291636095,-0.14475941497995803,-0.07386793946274875,0.011217312456275325,-0.19158536597605955,-0.14311231533531152,-0.3377541573681765,0.0563361024681206,-0.6265365695605167,-0.5014140937455035,-0.2160141408210207,-0.7181330642641655,-0.5994386526151538,-0.3865305026587401,-0.9491938426588452,-0.6932158593983738,-0.30262411766420577,-0.6421984160289159,-0.2784003616392034,-0.4415575075437333,-0.26582236555223837,0.15232813410040616,-0.8025826438210879,-0.3755905605448576,-0.37426468877090374,-0.6038714273176631,-0.46689139748997177,-0.6776547177425992,-0.07348498697601623,-0.6289615942902124,-0.5996131083707475,-0.5265351184081006,-0.36191084424548514,-0.24998003746566477,0.025444418911934285,-0.31166996099114885,-0.5605073835633586,-0.36655815262789876,-0.4250749669990118,-0.9133189076846111,-0.11466069278611142,-0.6400212319910702,-0.0504902605983109,-0.4346986923072667,0.1633215241188624,-0.10860269850604784,-0.24292852989210897,-0.5718809757083589,-0.18483487117417818,-0.44063593374450505,0.0031472210888755904,-0.4662961036832059,-0.1550313789004648,1,48,train
2.490930604787051,1.4155313186954226,-0.5971916736147126,-0.9393075115835641,-0.2810977867438358,-0.48749464516498103,-0.7869532021942323,-1.1915387754755005,0.3853818538391607,1.4029031076873801,-0.19524743255529073,-0.41872801746394206,-0.417383255145701,0.7386929913079439,-1.9750948319497248,0.5419984908129933,0.23588057878292634,-0.4256862283944292,-2.2512161755316327,0.5496747084596914,-0.6562744036987476,-0.6868028904221215,-0.7820436253410521,0.2580521502103085,-0.8090632293469083,-1.6295545211231561,1.9628347523884238,0.1576656847924014,-1.1446073569848072,-0.4606268711331609,0.2102202830762358,-0.13760529015943085,-0.4908621736291445,-0.25645891543153176,-1.0072684310587947,1.8429132726881898,-0.6236948226063892,-0.9290808412297975,-1.6381154770180353,-1.189290947009414,0.3144963689789908,-0.15662447650931838,0.5107178357848046,-0.299960948420036,0.21934823838144996,-1.4756619923531067,0.15159860884768794,-1.607854628369844,-1.167798581891733,-0.32491050386571374,-1.527118249795134,-0.248470214331409,-1.3129541116542578,-1.1230912253345506,0.16356521627113257,1,48,train
-0.4533802784890759,0.5931260386943981,-0.4446513446055743,0.0692248406174811,-0.020490554557014214,-0.10444781024504016,-0.052938061651279615,0.09465867790804941,0.3619034119168445,0.7303522313047467,-0.5921861073211625,-0.6722986513940639,-0.1455349508073826,-0.10473261981275099,-0.40527696964601023,-0.3640660915263595,-1.0030608618152894,-0.37108834451607314,-0.47506589269672145,-0.4230475512035914,-0.3385926869230246,-0.6254915447025244,-0.2926778068129281,-0.09165036461475297,-0.7118544464596017,-0.5887148700502601,-0.6707861731199044,-0.5412793359113565,-0.3450000378685985,-0.6973845219798209,-0.046465437447230314,-0.5346211838971023,-0.6974889496381902,-0.4788746120004708,-0.5487248825335485,-0.9188851542403281,-0.029634062186590128,-0.7769021031428067,-0.19170033553608962,-0.3060630942174932,-0.7427113741177694,-0.6653625404068315,-0.19232207868707485,-0.2556052592585968,0.08650466965295231,-0.49908817478432893,0.2453819310170836,-0.4775895724362567,-0.28256581783495,-0.667141014847665,-0.33901607006982853,-1.1249333736057738,0.3696065742179517,-0.2573158377032325,0.11975818443503794,1,48,train
-0.25067635933336435,0.8914495226163383,-0.6400936411485327,0.06396293269295392,-0.31406617153855415,-1.372257726607511,0.04819291326797164,0.4648792848373094,1.1719096582367514,2.217583472107302,-0.2830319471669739,-0.40219080220762976,-0.3418698372739459,0.6575076383658449,-0.578783154426947,0.3423148363029431,-0.3104849012324359,0.3659830878417334,-0.6095704772220837,0.026788434490495918,-0.9472039759038835,-1.8127021481819947,-2.157639005471937,0.06286935123818116,-0.21932994649724785,-0.3309831469274478,-1.0023800911015825,0.47584214944112696,-0.26698956771091964,-0.8591689167250386,-0.244608800658327,-1.2107274583810577,-0.7409893235348314,-0.8442718277922994,-0.671852316859772,-0.5946918767851231,-1.076125203058554,-1.2377862813491218,-0.41644213042770667,0.012544213410642501,-0.7901197930907183,-0.7850656142650699,-0.29450811276728983,1.420054109062441,-0.09200387582596642,-0.6171355593256098,-0.7158971212192223,0.5672258916398084,0.024623163722067902,-0.16261562236911833,0.11445804432914304,-0.4218880586798127,0.1410620314062698,-0.39663601502321477,0.7131443429421381,1,48,train
0.2772288114174816,1.2966050649697842,-0.5844799795306177,1.2022890136990032,1.3783109145903232,0.24254755785890628,1.1883630982446913,1.045742650881493,0.93712523901359,0.034357315658230615,0.7207648938274902,0.45223198603517206,-0.5935812301797962,-0.34828867863904794,-0.2028530874015839,0.3423148363029431,0.37824341512495735,0.15851112910398044,-0.15432419113624227,0.3689713637791606,-0.17807981949950136,-0.2910660225956314,-0.2867099309772193,-0.6324693701000225,0.3185586521458491,0.7049001248546247,-0.39658351017351673,0.47062614182393475,0.9714266460422327,0.5771608317446988,-0.7039411426476874,-0.4127648204726685,0.23776908913959574,0.07716462942187689,0.6485832719490391,-0.4264396694982447,0.202482393871477,-0.22905864602963955,1.104886942684778,-0.27379906306527696,-0.4203341251017169,-0.05829695155433684,-0.6909899249985242,-0.43302801590435375,-0.5486536433301771,0.02318207197406497,-0.42868569707544796,-0.24842930336381122,-0.3089906764635107,-0.27198825989943265,-0.1893696123181679,0.5014447882562828,0.09771737673508876,0.027958811094826324,-0.2904349318483937,1,48,train
-0.12380412216396211,-0.6424975805228272,-0.5082098150260486,-0.4920453379987527,-0.4349502491191883,-0.012816998754387632,-0.5080274487879103,-0.5516316057400121,-0.6241911488204334,-0.35246933219583304,-0.4891347206030996,-0.43526523272025436,0.2924428728487971,-0.4926181949805572,-0.2565573826909215,-0.2567361272272075,-0.8337645158950363,-0.6822962826227026,-0.2922776111622548,-0.34999726292848315,-0.27505634356788,-0.30778729870097604,-0.23896692429154864,0.08726720110969706,-0.47855336753006567,-0.4400234913255607,-0.546438453876775,-0.6090874349348553,-0.41325919925656757,-0.36197784994705257,0.25975612387901,-0.5582062864953798,-0.16460936940433546,-0.7913157095615996,-0.4171059010124129,-0.2663948869570676,0.4227963182655747,-0.4116731317340286,-0.6123708746921933,-0.281865070853331,0.1390852187790799,-0.5798603447938041,0.12241090627998746,-0.4379564258111803,0.2151968768586844,-0.15925479504427814,0.09298403249181562,-0.09695048143456755,-0.31889999844922096,-0.4872053853623092,-0.37982874036573594,-0.4687577463415435,0.1725854166216742,-0.2573158377032325,-0.06741731522827553,1,48,train
-0.20401070888025089,0.762444772812256,-0.6210261000223904,0.5603362469066857,-0.10840624734292992,-0.3162501777890075,0.4543479577017388,0.8893563600234435,1.265823425926016,0.9560011092196171,-0.6799706219328456,-0.2754054852425688,-0.27139064726030776,0.021555706986069633,-0.4755056634859133,0.007844714998609035,-0.32972312235973733,0.5079375859254591,-0.6716495162337893,-0.015503837668777245,-0.5526098434877221,-1.3277851411269999,-0.4448586406235033,0.04253780967858456,-0.01843179519681403,-0.08316418238628209,-0.7122354128676142,0.24633781428466917,-0.31087045717461403,-0.6500329918104889,-0.4022228395762448,-0.9237753767686813,-0.6485510290044689,-0.7277683676847598,-0.659114996067404,-0.7178032479706441,-0.29322393601524266,-0.5812437256023898,-0.18017511528523747,0.0932042912911832,-0.7616747417069489,-0.5456594665485932,-0.4661806500220511,0.735005132013546,-0.5943186200805981,-0.5706320442032871,-0.5869450532363032,0.6487914111401704,-0.2561409592063893,-0.5224868813398299,0.386542512968526,-0.5156274340032743,0.1410620314062698,-0.5591762218965274,0.23126699274509704,1,48,train
-0.037764329141034184,0.45001139438049426,0.8074505226777685,1.0391698680386603,0.5101434483294056,0.7652938266908256,0.9714208455953298,1.146276695004525,0.6295576498312486,0.018239538664311297,0.09482313746592323,-0.04388447165419672,0.19175831568645696,-0.5783138453083283,-0.2813439805167696,0.24247300904791802,0.10890831934273652,-0.21275448126884064,-0.41298685368501575,0.2074917791710267,-0.3519687592083182,0.19385098445936355,-0.3553405030878708,0.12793028422889025,0.0074905469064677505,-0.22194280252933488,-0.47629358661142013,-0.41087914548155086,-0.19385475193809568,-0.3146263197777206,0.840676438747907,0.2043786975155931,-0.3603610519392209,0.08246024124494687,-0.5784452977157403,-0.5577584654294669,0.11986467222369042,0.06660290225365702,0.11948061123691861,-0.37059115652192576,-0.4345566507936016,0.24523584287191053,0.9235494134688733,-0.5808803131091512,0.8669606359328761,-0.37388640330115236,0.15159860884768794,-0.13967527736332858,-0.35523417906349186,-0.1978971183466391,-0.3707592580777565,-0.07973933874917834,-0.028376164126528804,-0.3402445146794124,0.40251266264983065,1,48,train
-0.2025524073035911,0.33108514065485595,-0.5209215091101435,-1.26554580290425,-0.9247662517835759,-1.0132452028982333,-1.1735345095468541,-1.1548358704782031,-0.037230100762529875,1.279821901551996,0.2360417044499353,-0.6667862463086265,0.12631335353093584,-0.03707815902766851,0.16068368071085526,0.32484251653331375,-0.0026733631956120927,-0.442065593557936,0.03881059690017529,0.3535923557212431,-1.3718942709619553,-0.519590129368675,-1.1997949338406702,0.43696971593475853,-0.6794515188304995,-0.7027115937391964,-0.6803513822924527,-0.2074548484110542,-0.5936584114962,0.1431051385258221,0.570480943460048,0.12576168885466807,-0.7736146039573123,0.40019695062914556,-0.7270473736266998,-0.4920990674638558,-0.41911760709758417,-0.6595070766185566,-0.658471755695602,-1.322380075512306,-0.5435960144313841,0.2922620504590756,0.4821057462423444,-0.48724052487944614,0.4476731221335553,-0.11632847339290328,0.03436945613594331,-1.3864625040117187,-0.1075011294207355,0.18314303821058495,-1.6540910018268462,0.13586122449478308,0.46417672986416486,0.014690222778637541,0.5140214709598898,1,48,train
2.4398900496039584,0.49637247634133635,-0.559056591362428,1.640781340742936,1.4348281456669831,2.151773154655945,1.4118299299211015,1.9553363834232094,1.066256669586329,0.26879770829705707,1.2741890076837536,0.6617033792817945,-0.3368356094158289,-0.15434589105514482,3.0565845266974447,0.7940991046319317,1.7210712498106011,1.1794915576292384,3.2289834350017155,1.6684975446731904,-0.19145589178479497,1.269586413903203,0.12805743960454433,-0.8032543192006338,0.7786802244791008,0.035788920593477436,-0.017163546329096602,0.3767380047144747,0.06455493045921563,1.5715429653006707,-0.8750649563299981,2.971697402380155,0.9174624312746147,2.899725731118175,0.09238693068230519,0.36968053083479024,0.06872036834648917,0.2579133158487313,0.30388413525055313,0.012544213410642501,1.5139293689945974,2.1647601343843763,-0.8871871104325371,-0.13239501158793224,-0.6939512966269713,2.477136793044327,-0.6455596295921755,0.06229648520899629,3.5292200393349282,1.6508532708754478,-0.017049448846558714,1.4388385414908977,-1.2617286106792256,1.7163866743298493,-0.9953298986655529,1,48,train
-0.801914355310767,-0.813832013856374,-0.5415780119967976,-0.39557702604908757,-0.4694885569993694,0.6165815260748485,-0.3530686968955091,-0.3872664224912459,-0.6171476162437385,-0.4154751877175177,-0.37081646177865707,-0.43526523272025436,0.4837435314572434,-0.01452667209930769,-0.22350858558979067,-0.09199711225641607,-0.7106399006803068,-0.5185026309876345,-0.05085912611673286,-0.41920279918911196,-0.017566952075978134,-0.9543433081076359,-0.34042081349859876,0.09133350942161639,-0.3100581438587341,-0.08316418238628209,-0.2594821787003229,-0.5986554197004709,-0.598534065881055,-0.4132753409638289,0.11565185972548513,-0.80978071421034,-0.1156714487706141,-0.6112649075772203,-0.18358835315233377,-0.03658699407742862,0.430664672708221,-0.611679473219788,-0.28966470766833297,-0.3463931331577636,-0.30655391956663963,-0.6653625404068315,-0.00838721734268778,-0.3098177682336892,0.09065603117571785,-0.2164898905794446,0.23365901574590917,-0.05810975786296662,-0.8407909563632944,-0.9141114866903103,-0.26192547062200333,-0.3890792773166012,0.5666277318142291,-0.08814133667182553,-0.1550313789004648,1,48,train
-1.3619021607481285,-1.1544851813077786,0.9313895399976934,-0.9252757571181582,-0.9200564825271875,-0.8059492687062653,-0.9826905730056864,-0.5260991500897184,-1.3355879390666126,-1.6741270456972173,0.2742088847158845,0.11597527582348878,-0.7949503445044765,0.6078943671234511,0.5861869433879148,0.3373227449401919,-0.22968437249776963,0.15305134071614485,0.07674778740732874,-0.12315689407419984,0.9321341801798677,0.38893253902171787,0.6621823269004845,-0.8927131020628588,0.026932303483929085,-0.12281521671286862,1.2039948246995833,0.3663059894800903,0.21570021638971848,-0.09759847316828224,-0.8075160825080334,-0.18870634578903211,0.4226456782003209,-0.04463444250873261,0.02020877952555346,0.6815626711714431,-1.2688998869033894,0.12747439748845338,0.16558149224032725,0.9643331324010227,0.6985045626598767,0.07423145164585568,-0.12283557551252862,1.0947790552118866,-0.4531723283065694,0.5347207383196153,-1.014831460634171,0.33029747785304275,0.5299985849932909,0.1443333926353121,0.8762945565194152,0.27178331871380224,-0.9110309501578517,0.7776340509594926,-0.7285052502093401,1,48,train
-0.16609486788709618,0.30084965241952416,-0.34931363897486295,0.24286780212687845,0.007768060981315835,-0.15251643266636608,0.20478280991713488,0.3053014370229732,0.6248619614467854,0.21458336749932846,-0.561652363108403,-0.1651573835338202,-0.05995307721939346,-0.62341681916505,-0.5209477594999682,-0.3865305026587401,-0.6336870161711008,-0.33832961418905955,-0.2784822691596536,-0.35768676695744195,-0.22489607249802898,-0.22418091817425279,-0.22106329678442216,-0.14044606435778478,-0.3035775583329136,-0.4053288362897975,-0.6548441578323236,-0.8281597548569287,-0.49614532379910137,-0.6973845219798209,0.03909646939392506,-0.5582062864953798,-0.5887380148965873,-0.6536298021617801,-0.6973269584445079,-0.51672134170096,-0.006028998858651093,-0.407325167788686,-0.7103352468244367,-0.3141291020055473,-0.330258129053114,-0.5285590274259877,-0.11057325142290281,-0.7385894301276018,-0.2040906369406363,-0.5098197551971727,-0.05941386603345239,-0.29115409929257224,-0.29908135447780043,-0.5965780228926235,-0.19843909460614734,-0.6702974032869856,-0.004733625214975508,-0.3137073380470349,0.016214291004268796,1,48,train
-0.5656694998918802,1.014407174773354,-0.6607501440351868,1.3110351108058984,1.3845906069321743,0.9094996939548033,1.2519777437584139,1.226065618911693,1.1789531908134463,0.5457304221016709,0.8543500247583125,0.7940011013322927,-0.412349027287584,0.04410719391443046,-0.9381888229017449,0.584431267396379,0.5860162032998134,0.3878222413930758,-0.9027214947773603,0.626569748749279,0.1864181502747493,0.4279488499341887,0.056442929576038386,-0.6975303030907315,0.8046025665823825,0.42238650527769595,-0.6548441578323236,0.7157784998319692,0.7130169636449214,0.5968906359819205,-0.9741366379355465,0.42450632176618325,0.7652111226363705,0.5643609171443149,0.4957354224406237,-0.6316252881407795,-0.3364998854497976,0.13617032537913856,0.8628573174168828,0.4521416378595893,-0.5483368563286789,0.7496987969887723,-0.8340503727108252,0.0696697945919576,-0.6441349583537848,-0.9605461325366086,-0.6455596295921755,0.20212309006675966,-0.6987573412347807,0.567711344365561,0.5407237118641763,0.8857762270824749,0.6099723864854102,-0.9207452535126717,-0.5532771228649616,1,48,train
0.12702374902152272,-0.44294335816963754,-0.42240587995840834,-0.5955295271811208,-0.3124962484530914,-0.31324588888767463,-0.6254698712747827,-0.5356738209585785,-0.1851442848731216,0.18967407578145315,-0.5731025171881878,-1.0250925768620596,0.25720327784197805,-0.49712849236622936,-0.2111152866768666,-0.22927962473207558,-0.6721634584257038,-0.7641931084402367,-0.5267984252064761,-0.5153215995510965,-0.4021290302781692,-0.5920489924918352,-0.28074205514151046,-0.018456815000205223,-1.0877284069571875,-0.38550331912650426,-0.3678878826558715,-0.5047672825910109,-0.36937830979287317,-0.32251824147260927,0.12015511798028278,-0.5267594830310098,-0.4527993464695835,-0.5636044011695904,-0.4213516746098689,-0.5987955891579739,0.07658872278913552,-0.5116763024769083,-0.20898816591236785,-0.3221951097936014,-0.6905621132475256,-0.23785156234169444,0.10606114082715305,-0.8765849075187462,0.3729486147237754,-0.2880337599984027,-0.07699823894021408,-0.4542851382932962,-0.43781186227774405,-0.41664239340726766,-0.538544680405376,-0.689045278351678,-0.024435740974603253,-0.4563446624460643,0.11577572699539297,1,48,train
0.09785771748832679,0.10935822692908961,-0.4208169181978965,0.07097880992565685,0.028177061092331982,0.16293390197358523,-0.0072660084619403376,-0.047365606646709794,-0.1076654265294783,0.2819849803829911,-0.6036362614009473,-0.6833234615649387,0.14141603710528686,-0.3753504629530809,-0.5085544605870441,-0.5362932435412778,-1.0069085060407497,-0.9334465484631405,-0.35435665017396045,-0.7536962244488179,-0.18142383757082475,-0.5697539576847089,-0.17928816593446037,0.16046075072424482,-0.9386749398633174,-0.5341946978512037,-0.5560036630493235,-0.6768955339583542,-0.598534065881055,-0.5079784013024929,-0.07348498697601623,-0.4992435299996861,-0.7464268702719116,-0.7913157095615996,-0.48503827857170867,-0.4264396694982447,-0.04930494829320599,-0.3942812759526582,-0.6238960949430455,-0.19313898518473627,-0.24018213300451116,-0.7936158338263727,-0.077873720517234,-0.5513098536681916,-0.10030659887149752,-0.29876534041124636,-0.11216698475373747,-0.07753011964876709,-0.26274717386352947,-0.38136089742974694,0.10992330318515332,-0.7124801221825433,0.21593007129285524,-0.39331886794416754,-0.20282086817620443,1,48,train
-0.7392073875143959,-1.4185417785630094,-0.6639280675562105,-1.8075223191305507,-1.4161521775334263,-1.216034703738202,-1.8586153073869431,-1.6319736354430683,-1.7370692959382186,-1.1964547456956085,1.4917419351996641,1.3617788251323482,0.8008998865186149,0.7206518017652552,0.6605467368654592,0.751666328048546,1.2401157216280638,1.266848171834608,0.6837428355217838,1.1302322626460775,0.8385016741828125,1.2249963442889507,0.8262989123824773,0.7582080725763847,1.452661119164427,1.0964540888296666,0.21240147381206514,1.1904351929964614,1.093318005663606,1.1138115069971282,0.8812057630410859,0.9355168780621961,1.069713739912859,1.2898597369049019,0.8905923670040302,0.3122285576148805,0.7532672048567212,0.7709730613991577,1.2835278565729864,1.1700163309964013,0.36664562984923454,1.2114106532991205,0.6823903730395658,1.0307097264231408,1.0288637353207326,0.7278891857508021,1.0190943389145983,1.3285040736431868,0.32520593062194564,0.8464351625879749,1.3705813412142942,1.523203979282013,0.6139128096373357,0.5686537849795192,0.6295127367095938,1,48,train
-0.024639614951096022,0.09726403163495691,0.756603746341389,0.6322489885418907,0.4112382939452504,0.3687276917148868,0.4527168129449767,0.6962671641680969,0.49807837506627817,0.19700033805141648,-0.30593225532654345,-0.5179513090018159,0.22699791069327602,-0.7722566328922315,-0.2937372794296937,0.022820989086862798,-0.4066760068689433,-0.04896082963377251,-0.15432419113624227,-0.05395135781357103,-0.341936704994348,-0.11827950284040331,-0.24791873804511189,0.09133350942161639,-0.1998881899197865,-0.5044564221062637,-0.8174527137656465,-0.7081915796615076,-0.49126966941424643,-0.20808537689672357,0.363331063739356,-0.5975147908258424,-0.38754878562462164,-0.20350279720083195,-0.6378861280801241,-0.45106194373534886,0.25362669774867824,-0.3290618167725192,-0.5547447734379326,-0.15280894624446592,-0.7332296903231796,-0.49863325896142807,0.384007153525338,-0.20632116019033098,0.43521903756525865,-0.4132355314815793,0.45639440589822394,-0.29503817164973234,-0.517086438163426,-0.526015030937582,-0.18030013003018847,-0.5156274340032743,0.04649187576005663,-0.41985604457654513,0.18745996090900238,0,48,train
1.1624178684499775,0.19603329320370738,-0.45577407692915733,0.3007487892966776,-0.17748286310329225,-0.048868465570382075,0.14769274343046077,0.5191357530941837,0.6295576498312486,0.42997547823625026,-0.5425687729754285,-0.49038928357462863,-0.004576570780106371,-0.4384946263524912,-0.18219758921337711,-0.05206038135440603,-0.62214408349472,-0.2837317303107035,0.09744080041123063,-0.22312044645066367,-0.45563331941934354,-0.6645078556149954,-0.34638868933430755,0.034405193054745924,-0.47855336753006567,-0.4648053877796773,-0.05542438301929023,-0.4943352673566264,-0.42301050802627743,-0.7526279738440416,-0.1680534103267669,-0.7036477525180912,-0.545237640999946,-0.7065859203924799,-0.3661566178429411,-0.24998003746566477,-0.06897583439982184,-0.42906498751539895,-0.5086438924345239,-0.17700696960862813,0.12960353498449012,-0.716663857774648,-0.21275928550311785,-0.15210865121523856,-0.179182467804043,-0.14494602116048652,-0.21767322219430765,-0.2561974480781314,-0.26605028119209956,-0.5295431805353341,-0.22564754147008562,-1.068689748411697,-0.3357291699767216,-0.4762475449203475,-0.1908734958572695,0,48,train
0.8649243468113792,-0.33207990130675435,-0.5161546238286079,0.07624071785018403,1.0203684511048092,0.490401392218868,0.2080450994306591,-0.15747432163860176,-0.4692334321331469,-0.28506771931217045,-0.24486476690102468,-0.8156211836154371,0.26727173355821204,-0.38437105772442526,-0.19872198776394254,-0.14441407156530425,-0.7183351891312274,-0.88430845297262,-0.3095217886655064,-0.3922895350877563,-0.5526098434877221,-0.43598374884195173,-0.37921200643070613,-0.4088224129444598,-0.932194354337497,-0.49454366352461715,-0.6675977700623882,-0.5464953435285487,-0.8471924395086563,-0.6697627960477106,-0.141033860797981,-0.7154403038172299,-0.7573019637460718,-0.3305974809545114,-0.5062671465589885,-0.5044102045824079,0.15920644443692214,-0.2942781052097785,-0.5547447734379326,-0.42302020714427724,-0.45826086028007607,-0.35755463619993283,-0.26180858186162104,-0.5168109843204056,0.007628800720406827,0.09472594139302305,-0.11216698475373747,-0.22512486922085065,0.1138070615934602,-0.2543475119106723,-0.4251761518056331,-0.7077931534163703,-0.4066567867113815,0.16396184133576136,-0.131136634262595,0,48,train
0.23493806569434755,0.09927973085064569,2.3884674743870655,1.4039954841392122,0.8382573731911267,1.460786707349385,1.2421908752178412,1.4430914919391902,0.8408636271320938,-0.7055951736080655,0.6177135071094273,0.4742816063769218,0.26727173355821204,-0.47006670805219636,-0.09544449682290869,0.6668007748817747,1.1323816833151756,0.551615893028144,-0.016370771110229724,1.1071637505592014,-0.7565949458384497,0.6007353696894168,-0.9551120245766082,1.32342492793317,0.47409270476553983,-0.1525534924578085,-0.638902142544743,-0.296126977903322,-0.19385475193809568,0.4548360454739244,2.754561197036909,1.2932242674694052,-0.03954579445149197,1.7929428600965498,-0.2685038251014535,-0.5536547530566163,-1.465608747969548,-0.3290618167725192,-0.6066082645667673,-1.1045978652348463,-0.29707223577204983,1.3866901543058265,2.8487342955401243,-0.8765849075187462,2.598078390926111,-0.048361797444893107,1.8807286113459212,-1.0407800642244704,-0.11741045140644575,0.2607623293611306,-1.2867769691636792,0.45926206936072517,0.4917596919276437,-0.04833557172325918,2.696408147885332,0,48,train
-0.1996358041502715,-0.37037818640484127,-0.5177435855891197,-1.251514048438844,-0.7505047892972071,-1.0267645029542312,-1.2094196941956206,-1.1340907502623394,-0.44575499021083076,0.05926660737610593,0.04138908509359435,-0.31399232084063083,0.15651872067963787,-0.5106593845232459,-0.2028530874015839,0.045285400219243446,-0.06808331502843715,0.011096842632419134,-0.24744274965380073,0.2651630593882174,-0.3620008134222884,-0.09041070933149556,-0.2688063034700928,0.5223621904850642,-0.42022809779768167,-0.4102852155806208,-0.683539785349969,-0.718623594895892,-0.4181348536414225,0.10364553005137876,0.7055786911039775,0.15720849231903808,-0.148296729193095,0.45844868068291533,-0.13688484358031797,-0.3115357230584252,0.2064165710928002,-0.020356376653194907,-0.4049169101768545,-0.035851833317681915,-0.21173708162074184,0.2537860624332133,0.46166853942630137,-0.5907371329228044,0.6220303060897086,-0.1377916342185907,0.6556839655081899,-0.4542851382932962,-0.044742090177903884,0.22548083338360983,-0.2165780591821062,0.18741788092268688,0.40112995943335605,-0.021798395090881613,0.47817935400308503,0,48,train
0.11535733640824435,-0.3784409832675964,-0.36043637129844597,-0.05355301095482005,0.10824313845093379,0.307139769237563,0.02698803143006412,-0.20534767598290263,-0.47627696470984177,-0.3158380208460164,-0.8479062151030221,-0.9368940954950606,0.3025113285650311,-0.7271536590355098,-0.3226549768931832,-0.5313011521785265,-1.076166102099035,-0.5294222077633057,-0.5854286287175315,-0.7306277123619417,-0.291776433924497,-0.34122985091166536,-0.14944878675591622,-0.08758405630283365,-0.6794515188304995,-0.3012448711825079,-0.5113660202440976,-0.5256313130597797,-0.5351505588779408,-0.38959957587916294,0.030089952884329762,-0.9670147315321901,-0.4854246268920644,-0.7860200977385295,-0.6676065432623159,-0.18021692712720297,0.19461403942883068,-0.22036271813895433,-0.3300029785463155,-0.30203009032346617,-0.44403833458819136,-0.43878172203230886,-0.18005975459744902,-0.5562382635750183,-0.07124706821213866,-0.5026653682552769,0.21021318520356022,-0.3766036911500943,-0.513783330834856,-0.4554520389825405,-0.03065367227852786,-0.7968455599736587,0.08195568412738657,-0.3634645442327428,-0.07538223010756546,0,48,train
1.0092962029006989,0.3754305234000092,-0.43035068876096766,0.4042329784790457,-0.08642732414645099,1.64404833033069,0.15584846721427137,0.4186017089711519,0.5004262192585097,0.3361993211807197,-0.42425051415098597,-0.33604194118238057,-0.03981616578692543,-0.3076960021679984,-0.0582646000841365,0.08272608543987786,-0.5836676412401169,-0.26189257675936106,0.0008734063930218434,0.05370169859185157,-0.3820649218502288,0.4168013325306256,0.139993191275962,0.302781541641421,-0.46559219647842476,-0.6432350422493166,-0.10325042888203226,-0.33785503884085977,-0.28649218525033937,-0.7171143262170426,-0.16355015207196927,0.2554797531451944,-0.6376759355303087,-0.13465984350092225,-0.4128601274149569,-0.233565187974262,-0.09258089772776089,0.04051511858160144,-0.3588160291734459,-0.277832066959304,0.025305013244002583,-0.20365068409648346,-0.11057325142290281,-0.19646434037667782,0.01593152376593793,-0.4668934335457978,0.2219361004747347,-0.3299948228641732,0.8503999958645891,-0.7941544003667397,0.014693739161369295,-0.8952719040632933,-0.30026536160939166,-0.36678169131179,-0.49752271870993203,0,48,train
2.259060654098144,1.91744042340193,-0.7989898171997183,1.9319402459001072,2.888576922805518,0.883963238293474,2.1849925446263447,1.0505299863159232,1.4653901822657032,1.64466976259617,3.3657504862577703,1.83033325739453,-1.2429966238768904,1.694876037070443,3.28792610640536,1.2234189618285396,1.3478497599409522,1.0320772711576771,1.6804562952097244,0.7957388373863716,2.8950727880467038,0.9351608917963099,0.8233149744646229,-1.864560788611576,1.7507680533521675,1.1757561574828397,2.160515741954424,1.7798440537391826,2.760791805283992,1.8517061854692185,-1.4019461721413233,0.3969903687348595,2.613977013243622,1.1521738295050825,3.0771657696938624,2.4830924028528987,-1.00924419029606,1.0448947899557413,2.776043879058341,2.8235479275474855,1.9880135587240864,1.3353888369380102,-0.9117117586117887,1.2426313524166839,-1.5449804087939096,3.4859053518516356,-0.6983127483124606,1.2042137582140637,1.1443765481073267,1.283925712709232,2.55414877979561,3.8198186747068195,-1.32871580426196,3.786286451655299,-0.48955780383064207,0,48,train
0.5265983810263066,0.08113843790944662,0.5325601381092173,-0.12371178328184927,0.017187599494092518,0.06829880158159984,-0.09861011484061889,-0.12875030903202125,0.023813848235492093,-0.11949419201099924,-0.6227198515339218,-0.36360396660956773,0.020594568510478667,-0.8444213910629861,-0.6118319515280779,-0.36905818288911074,-0.6952493237784656,-0.5676407264781549,-0.35780548567461073,-0.7075592002750654,-0.291776433924497,-0.5976227511936167,-0.20017573135944125,-0.13637975604586547,-0.439669854375143,-0.5688893528869668,-0.4922356018990008,-0.9481279300523499,-0.5400262132627958,-0.3185722806251649,0.030089952884329762,-0.6093073421249812,-0.46911198668082393,-0.6536298021617801,-0.650623448872492,-0.4264396694982447,-0.07291001162114502,-0.11166361950538943,-0.5374569430616544,-0.39478917988608797,-0.28759055197746003,-0.6867380893100884,-0.057436513701190996,-0.45274165553166007,0.040839692902531234,-0.24868463181797573,-0.041829493126690695,-0.3843718358644145,-0.29908135447780043,-0.47309278697130086,-0.45691933981356114,-0.6468625594561203,0.07407483782353548,-0.11136136622515591,0.1356880141936178,0,48,train
-0.8864958467570352,0.46613698810600457,0.7820271345095788,1.0619714690449447,0.3908292938342343,0.8764525160401417,0.8866013182436997,1.1973416063051123,0.4112081399537084,-0.4638285186992756,-0.28684866519356883,-0.36911637169500516,0.17162140425398892,-0.35730927341039226,-1.2604145946377705,0.2649374201802987,0.45519629963416325,0.04385557295943276,-1.1924236768319867,0.5342957004017739,-0.43556921099140317,0.07680205172195098,-0.35832444100572525,0.2987152333295017,-0.29061638728127276,-0.07325142380463547,-0.3519458673682908,-0.2074548484110542,-0.1646008256289661,-0.20413941604927924,0.8181601474739187,0.25154890271214814,-0.4854246268920644,0.47963112797519525,-0.3152073346734693,-0.9599222779688351,-0.25388216380201095,-0.09861972766936164,-0.013059421647881186,-0.7295285030903319,-0.6763395875556409,0.47609177102708455,0.7437019934876948,-0.5907371329228044,0.6095762215214119,-1.0392443888974625,0.11056840539857732,-0.6640250455799412,-1.1149488646346115,-0.21906601593315153,-0.7879554433248104,-0.4218880586798127,-0.4539418645344881,-0.3866845737860732,0.36268808825338095,0,48,train
0.09202451118168761,-0.11035298758098797,-0.40492730059277793,-0.08687842781015893,0.11766267696371048,-0.5881383233596322,-0.0610937854350902,-0.5101413653082848,-0.12175249168286799,0.4446280027761769,-0.565469081134998,-0.8542080192134992,0.3176140121393822,-0.7091124694928211,-0.25242628305328013,-0.2941768124478419,-0.8722409581496392,-0.5403417845389769,-0.2715845981583529,-0.7460067204198592,-0.5158256447031648,-0.43598374884195173,-0.29566174473078255,0.10759874266929366,-0.6794515188304995,-0.38054693983568094,-0.5400616477617428,-0.5673593739973175,-0.8325654763540916,-0.7486820129965973,-0.019445887918444406,-0.530690333464056,-0.9258659125955565,-0.9078191696691391,-0.2048172211396137,-0.4469582313624982,-0.13979102438363897,-0.20731882630292656,-0.6757595860718802,-0.37059115652192576,-0.6384128523772818,-0.8577424805361432,0.06109928583185844,-0.2802473087927297,-0.021430729938952033,-0.07340215174152843,-0.07699823894021408,-0.41544441472169524,-0.20329124194926795,-0.5189587317420779,-0.26646021176599305,-0.9327676541926778,0.11347906934279096,-0.32365877928417647,-0.12317171938330507,0,48,train
2.180312368958515,2.012178286539303,-0.7576768114264101,1.9705275706799732,1.1286931440017411,2.0316015986026303,1.866919317057732,1.7877796432181563,2.256613675047757,2.5707093135195342,1.1291537226731467,2.568995538843146,-1.3990576874785177,2.863043059959534,3.2300907114783812,1.0312234443626163,2.1827885568658365,2.413403733280085,2.708209274403518,1.8184428732378863,1.55412154144602,3.1479430964035853,3.264176191269534,-0.4942148874947655,3.066326915093718,2.2612032221731453,3.5187754444562978,2.3223088459271737,2.5852682474292146,1.0585680551329075,-1.4469787546892998,2.551096406044206,1.178464674654462,3.408104466132893,0.8693634990167503,2.25738822234611,-1.489213811297487,2.5362464232082513,2.8509578106888798,3.835831904948271,2.855587625929051,2.95565544380488,-1.2714065985741456,3.8300465535006394,-1.2917473559052108,3.002984233273669,-1.3723803764049922,3.6045704749390017,2.9082358615637522,1.1181026816148845,4.168516627055949,1.3779079475306477,-1.2656690338311511,1.2619375245003832,-1.349768610793955,0,48,train
-0.6487926897614885,1.1817102096755234,-0.6798176851613291,1.9126465835101742,1.894815609707578,1.388683773717396,1.8342964219224898,1.6058608967098131,1.3245195307318063,-0.31730327330000907,1.8543301477261815,1.6043246488915952,-0.6086839137541473,-0.6053756296223614,-1.3760853844917285,1.0237353073184894,1.8288052881234893,1.228629653119759,-1.1820771703300357,1.4916389520071391,-0.8569154879781516,0.9351608917963099,-0.5880876606805151,-1.1407579090899371,1.5887534152066562,1.1608870196103696,-0.4061487193460651,0.8253146597930059,1.2590902547486735,1.9740309717399929,-0.9786398961903441,1.3010859683354976,1.4884048386680306,2.0471322276039086,0.8863465934065743,-0.9517148532231336,0.1080621405597209,0.6231422872575093,1.54284531221716,-0.9594097250498729,-1.2452406152310276,1.6987731682933767,-0.8504001381636596,-0.6646632815252032,-0.9222761803790767,-1.3683461882246697,-0.5986679685074777,-0.9669826894384286,-1.2272545138059943,1.2027782719609343,-1.0827136176841419,2.263745044337359,0.5666277318142291,-1.278997138049769,-0.7085929630111152,0,48,train
1.6378241824410709,0.677785405753327,-0.5129767003075841,-0.5025691538478071,-0.32191578696586803,-0.8420007355222596,-0.41342105289570746,-0.779827928114513,0.32199006064890706,0.5398694122857002,-0.1150963539967974,-0.826645993786312,-0.2311168243953717,-0.14983559366947263,-1.0166797160169305,-0.01711574181514724,-0.7067922564548464,-0.6167788219686754,-1.1924236768319867,-0.3230839988271275,-0.325216614637731,-0.5809014750882721,-0.5761519090090975,0.2783836917699051,-0.744257374088704,-0.8761848689180124,0.11993778514409723,-0.21267085602824642,-0.5156479413385211,-0.5079784013024929,0.34531803072016537,-0.0668499823645983,-0.942178552806797,-0.028747607039522675,-0.7015727320419638,0.10704293897234572,-0.08864672050643771,-0.6768989323999269,-0.6988100265735845,-0.3504261370517906,0.06797259031965658,-0.2293013427803917,0.5475048080536821,-0.10282455214697275,0.2940727457912299,-0.7673776851054217,0.21021318520356022,-0.7106339138658624,-1.3626819142773678,-0.41664239340726766,-0.538544680405376,-0.48750562140623577,-0.6430821758269144,-0.8676709002479165,0.37463546057231584,0,48,train
0.2524376846142651,1.1978358034010337,-0.5495228207993569,0.8304475203657483,1.0329278357885114,-0.20809577734102416,0.7805769090541622,0.8079716576381322,1.3057367771939534,0.5252168877457736,0.23985842247653022,0.3474962894118609,-0.3368356094158289,-0.10473261981275099,-0.18219758921337711,0.1576074558811467,-0.07193095925389745,0.6389725072335136,-0.04396145511543223,0.12675198686695976,-0.12791954842965036,-0.39696743792948086,-0.3255011239093267,-0.6975303030907315,0.09173815874213354,0.3777790916602861,-0.2945546123330004,0.5749462941677792,0.3619698479353664,0.1549430210681551,-0.4337456473598283,-0.4638658761022698,0.5912096270498055,-0.7807244859154596,0.3810995353093121,-0.29512087356702243,-0.2578163410233341,-0.4942844466955379,0.3845606770065182,0.012544213410642501,-0.06003014090730541,-0.6482621012842261,-0.31085787822012423,-0.06832568279918669,-0.37429645937402395,-0.10201969950911166,-0.5869450532363032,0.1788186559237991,-0.3519310717349218,-0.6318595188701442,0.1053885620411636,-0.023495713555101442,-0.15052928183622083,-0.06823845419754236,0.4662319816841501,0,48,train
1.0865861864636681,0.04082445359567091,2.2105037572097377,-0.7937280590049784,-0.047179247009881485,-1.0718288364742241,-0.6401501740856417,-0.9713213454917164,-0.45984205536422046,0.5721049662735388,-0.35173287164568245,-0.6502490310523141,-0.12036381151679756,-0.24004154138291595,-0.6448807486292087,0.21501650655278612,-0.16427442066494458,-0.26189257675936106,-0.8613354687695566,0.12290723485248038,-0.3218725965664076,-0.07926319192793245,-0.6984933636411285,-0.1892417641008166,-0.6340874201497564,-0.7473190073566063,0.06892333622383906,-0.5204153054425875,-0.39375658171714784,-0.5040324404550486,-1.1947962924206315,0.07072978279202052,-0.4854246268920644,0.01891289936810713,-0.391631259427677,-0.327950572549828,1.1309482181037456,-0.3594975643899174,-0.8832135505872191,-0.7496935225604671,-0.505669279253025,-0.12669870804475877,-1.5370902871827046,-0.6498780518047234,-0.789432611650579,-0.49193378784243313,-0.6631440024989372,-0.695097624437222,-1.220648299148854,-0.3037416062792013,-0.6745869147250675,-0.4734447151077166,1.8315035635823305,-0.2606329847822797,-1.95510214161999,0,48,train
0.481391032149853,0.5830475426159542,-0.49232019742093003,0.07974865646653549,0.48973444821838946,-0.7623870796369386,0.16237304624131982,-0.18619833424518228,0.401816763184782,0.6116667825313408,-0.4433341042839606,-0.5675629547707527,-0.1505691786654996,-0.30318570478232626,-0.38462147145780345,-0.12444570611429923,-0.6567728815238626,-0.6822962826227026,-0.492310070199973,-0.3615315189719213,-0.18476785564214818,-0.8986057210898204,-0.6895415498875652,-0.3234299383941541,-0.5628009793657315,-0.45489262919803064,-0.42846754074867804,-0.6455994882552009,-0.5839071027264902,-0.7802496997761519,-0.21758925112954108,-0.5503445856292873,-0.6431134822673887,-0.7860200977385295,-0.2515207307116295,-0.25408374983851545,-0.21454039158877924,-0.720378571853353,-0.43949257092941096,-0.24556803580708772,-0.11692024367484408,-0.8876682490007028,-0.15144766505498883,-0.31474617814051575,-0.31202603653254063,-0.2236442775213404,0.02850799850035608,-0.41156034236453515,-0.5765423700776876,-0.7341758572049544,-0.34355081121381825,-0.5765580279635242,-0.13870801238044417,-0.3302930734422708,0.28702139690012657,0,48,train
0.7351355064886574,0.04687155124273727,-0.4414734210845506,-0.5078310617723343,0.0988235999381571,0.48138852551486944,-0.3987407500848484,-0.43354399835740337,-0.5208860043622424,0.4607457797700963,-0.325015845459518,-0.5951249801979398,0.17162140425398892,-0.16336648582648913,-0.5126855602246855,-0.3665621372077351,-0.9915179291389085,-0.38746770967958,-0.37160082767721203,-0.46149507134838513,-0.22489607249802898,-0.6031965098953983,0.011683860808222167,-0.02658943162404386,-0.4720727820042452,-0.3508086640907411,-0.37426468877090374,-0.9011838614976198,-0.7984358956601071,-0.7644658563863747,0.1832007335474499,-0.7744030603129237,-0.4799870801549842,-0.8654542750845793,-0.43408899540223683,-0.3936099705154391,0.07265454556781235,-0.21601475419361174,-0.47983084180739355,-0.6932314680440885,-0.7095254808367052,-0.8620175903167946,0.17146020263849068,-0.7583030697549081,0.19444006924485666,-0.3309600816497775,0.4095027448135261,-0.40379219765021496,0.037835593036348245,-0.5542402277195986,-0.5884268329892629,-0.6328016531576011,-0.05989954934193319,-0.37341598546988436,-0.26255772977087893,0,48,train
0.6563872213490285,0.39760321477258587,2.299485615798402,-0.8691487392565348,-0.844700174424974,-1.1829875258235403,-0.865248150518814,-0.6521656498630439,0.11537977173252505,1.4659089632090647,0.07573954733294863,-0.4462900428911292,0.7304206965049768,-0.07316053811304583,-0.3804903718201621,0.2674334658616743,-0.25661788207599173,-0.34378940257689516,-0.45092404419216925,-0.05010660579909165,-1.2916378372501938,-1.0100808951254514,-1.3310882022262644,-1.6287149065202555,-0.8673884990792925,-0.6828860765759032,0.26341592273232334,-0.019678574192134188,-0.7691819693509775,-0.022625217066839905,-1.316384265300168,-2.5525002812013318e-05,-0.5669878279482666,0.3419452205753758,-0.7100642792368759,-0.15559465289009877,2.8147760688300636,-0.7638582113067789,-0.7103352468244367,-1.1691259275392787,-0.13588361126402362,-0.006995634186520381,-1.0138977926920036,-0.36895868711560814,-1.1464497026084166,-0.42396711189442304,0.4095027448135261,-1.02912784715299,-0.7681225951347526,0.2960438253386513,-1.223290593147823,0.1686700058579946,1.275903899160828,-0.5956648397660466,-2.440961949256676,0,48,train
-0.3877567075393851,0.11742102379184476,-0.5638234766439636,0.6725902826299325,0.2134279851769401,0.37924270286955186,0.540798629810131,0.9452086067584612,0.059031511118966304,0.7801708147404972,-0.49676815665628943,-0.6006373852833773,0.06086839137541473,-0.34828867863904794,-0.7564204388455252,0.0003565779544821514,-0.014216295871992985,-0.5021232658241277,-0.48886123469932274,0.1344414908959185,-0.3151845604237608,-0.5530326815793644,-0.11960940757737207,-0.05911989811939841,-0.6276068346239358,-0.30620125047333124,-0.7313658312127109,-0.8072957243881598,-0.3742539641777281,-0.2870045938456102,-0.10500779475959979,-0.4442116239370385,-0.8062398843797932,-0.5212395065850306,-0.2557665043090855,-0.3156394354312759,-0.505669505966694,-0.5942876174384176,-0.5950830443159151,0.13756733412548058,-0.4677425440746658,-0.5627599056711986,-0.4539183259324253,-0.16196547102889172,-0.025582091461717586,-0.7459145242797344,-0.10630552711815024,0.46624001035364604,-0.43120564762060387,-0.4095860942117635,0.3593340661045877,-0.44532290251067813,0.35384488161024946,-0.4231731916555923,-0.07538223010756546,0,48,train
-0.16901147104041578,-0.6747487679738479,-0.45418511516864546,-0.38680717950820886,-0.3172060177094797,-0.21560649959435635,-0.42320792143628017,-0.37130863770981226,-0.5420166020923269,-0.5370911413989089,-0.6532535957466812,-0.46282725814744147,-0.019679254354457394,-0.4294740315811469,-0.4341946671094997,-0.25174403586445626,-0.8530027370223378,-0.4093068632309224,-0.3198682951674573,-0.6460431680433953,-0.44560126520537335,-0.3523773683152285,-0.30162962056649134,0.17265967566000276,-0.5887233214690132,-0.5044564221062637,-0.5304964385891944,-0.5725753816145098,-0.5790314483416352,-0.7013304828272653,0.06161276066791332,-0.6839935003528599,-0.09935880855937364,-0.6377429666925701,-0.7015727320419638,-0.26229117458421686,0.3519811282817576,-0.22471068208429693,-0.5662699936887847,-0.1850729773966822,-0.4677425440746658,-0.5499345763292446,0.12649834764319606,-0.24574843944494362,0.09065603117571785,-0.29876534041124636,0.20435172756797298,-0.10083455379172765,-0.35853728639206195,-0.49426168455781333,0.01922848030535901,-0.8015325287398317,0.30261938063521737,-0.15116713117372227,-0.02361028339218088,0,48,train
-0.0669303606742301,0.6717383081062607,-0.44782926812659807,0.6708363133217567,0.6781252184739232,0.4228048919388785,0.666396776080814,0.7521194109031145,0.46990424475949877,-0.33928206010989903,-0.27158179308718916,-0.6447366259668768,0.020594568510478667,-0.7497051459638706,-0.5209477594999682,-0.004635513408269103,-0.2758561032032932,-0.08717934834862175,-0.4578217151934699,-0.25003371055201934,-0.3352486688517012,-0.33008233350810223,-0.2717902413879472,-0.29089947189879956,0.0074905469064677505,-0.31611400905497783,-0.5719456783369041,-0.7029755720443154,-0.21823302386237034,-0.18835557265950192,-0.28513812495150587,-0.32628611094565096,-0.507174813840385,-0.01286077157031274,-0.2685038251014535,-0.6562475623778836,0.17494315332221483,-0.22036271813895433,-0.20322555578694176,-0.7940565653947644,-0.330258129053114,-0.3062533188321164,-0.38851926412108767,-0.807587168823174,-0.3493882902374306,-0.5706320442032871,-0.21181176455872042,-0.6640250455799412,-0.43450875494917396,-0.3213823542679617,-0.7788859610368309,-0.25315718309758206,0.27109599541981294,-0.48288183907844184,-0.21078578305549436,0,48,train
-0.4854629131755914,0.13556231673304384,0.8217511785223752,-0.33769603887928845,-0.6594492503403658,-0.7503699240316072,-0.44278165851742557,-0.04257827121227971,0.5027740634507414,0.7362132411207174,-0.5005848746828844,-0.78805915818825,0.19679254354457396,-0.5512520609942954,-0.5126855602246855,-0.11695756907017235,-0.8145262947677347,-0.4584449587214428,-0.3095217886655064,-0.3999790391167151,-0.7298428012678624,-0.5586064402811458,-0.5134892127341548,-0.5064138124305235,-0.5174368806849883,-0.6134967665043767,-0.7090470098100979,-0.3482870540752442,-0.4035078904868577,-0.7013304828272653,-0.25811857542271993,-0.45600417523617726,-1.0074291136517588,-0.5847868484618703,-0.6336403544826681,-0.5618621778023176,0.5801634071185016,-0.36384552833526,-0.12831162415640276,-0.47141625387260166,-0.8280465282690774,-0.301978209051465,-0.024736982795522187,-0.1176097818674525,-0.021430729938952033,-0.27372498611461105,0.5560391857032069,-0.39213998057873467,-0.09759180743502524,0.03496075510499782,-0.5294751981173965,-0.5859319654958703,-0.42241847931908366,-0.2672672789403741,-0.5771718675028313,0,48,train
0.4113925564701828,-0.41875496758137215,-0.4954981209419537,-0.9375535422753883,-0.5809530960672269,-0.636206945780958,-0.8440432686809064,-0.9745129024480031,-0.6617566558961392,-0.05062732667334398,-0.2105143046616704,-0.19271940896100737,0.17665563211210591,-0.3527989760247201,-0.5581276562387403,-0.05206038135440603,-0.21429379559592843,-0.6440777639078534,-0.4578217151934699,-0.08470937392940606,-0.17139178335685457,-0.3468036096134469,-0.21807935886656776,0.29464892501758233,-0.5044757096333474,-0.38054693983568094,-0.5878876936244848,-0.2909109702861298,-0.018331194083318188,-0.20413941604927924,0.5119385861476785,-0.2830467561821422,-0.1809220096155759,-0.4576921647081909,-0.6039199393004762,-0.5782770272937204,0.04511530501855015,-0.09861972766936164,0.015753628979249205,-0.3221951097936014,-0.16906950454508785,-0.33617908729667595,0.31452065035079174,-0.5858087230159778,0.36464589167824424,-0.44900746619105836,-0.024245120219929004,-0.3804877635072544,-0.5699361554205474,-0.26846011030168054,-0.34355081121381825,-0.2297223392667167,-0.22539732172280627,-0.40327030918130913,0.20737224810722724,0,48,train
0.20285543100783204,0.07307564104669148,-0.37155910362202893,0.4393123646425603,0.9136136812933401,-0.23513437745302,0.4625036814855494,0.2717900889819626,0.33372928161006515,-0.2103398441585445,-0.30593225532654345,-0.264380675071694,0.1061764420984678,-0.5106593845232459,-0.425932467834217,-0.23676776177620246,-0.7606592756112907,-0.43114601678226483,-0.1681195331388435,-0.44611606329046766,-0.5024495724178711,-0.4415575075437333,-0.24791873804511189,-0.26650162202728367,-0.12212116360994116,-0.7820136623923695,-0.3774530918284199,-0.7812156863021987,-0.4425131255656971,-0.3422480457098309,0.14717466750906869,-0.6210998934241199,-0.2026721965638965,-0.46828338835433087,-0.5274960145462685,-0.5659658901751683,0.0018393555839952517,-0.3899333120073156,-0.6238960949430455,-0.5319113122830071,-0.28759055197746003,-0.6781878697487856,-0.3353825263993759,-0.5611666734818449,-0.04633889907554535,-0.041207410502997296,-0.3173180019992906,-0.27173373750677177,-0.4444180769348842,-0.6177469204791359,-0.570287868413304,-0.4781316838738896,0.11741949249471652,-0.30043874973084606,0.21931962042616213,0,48,train
0.20139712943117224,0.5407178590864896,0.8551193754931242,1.0707413155858234,0.4693254481073733,0.7427616599308291,0.9387979504600874,1.1989373847832558,0.9183424854757372,0.38894840952445564,-0.11891307202339232,0.24827299787398713,0.7304206965049768,-0.1814076753691778,-0.09957559646055004,0.19255209542040547,0.3128334632921323,0.2567873200850213,-0.05085912611673286,0.5804327245755264,-0.11454347614435675,0.08237581042373253,-0.027107332123885223,0.31498046657717893,0.33800040872331044,0.1646547821548836,-0.5496268569342913,-0.42131116071593533,-0.10121731862585201,-0.24754498537116693,0.840676438747907,0.07072978279202052,-0.148296729193095,0.21485053682169633,-0.4213516746098689,-0.3156394354312759,0.24182416608470875,-0.12470751134141722,-0.10526118365469844,0.12546832244339948,-0.09795687608566452,0.2751616113364701,1.123834040266095,-0.3246029979541689,0.7673279593865029,-0.20218111669565297,0.8725578980249175,0.0545283404946761,-0.31889999844922096,-0.15908747277136626,-0.03972315456650729,-0.29533990199313975,0.20804922498900413,-0.3601473971536956,0.6215478218303039,0,48,train
-0.13692883635390027,0.264567066537126,-0.3747370271430527,0.18498681495707933,0.1239423693055616,0.1824617798322489,0.18520907283598947,0.2494491902879555,0.19755431846063154,-0.30118549630608976,-0.7906554447040983,-0.7053730819066885,0.2622375057000951,-0.9661994204761346,-0.39288367073308617,-0.34409772607535444,-0.7298781218076082,-0.6386179755200178,-0.33021480166940825,-0.6345089119999572,-0.358656795350965,-0.0959844680332771,-0.29566174473078255,-0.13231344773394615,-0.6600097622530381,-0.5887148700502601,-0.4316559438061942,-0.9220478919663887,-0.6326636465750394,-0.5908435790988239,-0.26262183367751757,-0.5975147908258424,-0.4256116127841827,-0.3782579873621412,-0.29822424028364536,-0.6562475623778836,0.06478619112516601,-0.4812405548595101,-0.7737239582041235,-0.48351526555468277,-0.48196506976655046,-0.7465896262392077,-0.28633323004087263,-0.5808803131091512,-0.029733452984483138,-0.48835659437148526,-0.20008884928754597,-0.2639655927924516,-0.2759596031778098,-0.5718809757083589,-0.5294751981173965,-0.7406019347795818,-0.028376164126528804,-0.5591762218965274,-0.05148748546969565,0,48,train
0.4828493337265128,-0.19501235463991695,0.7438920522572943,-0.47450564491699543,-0.6264808655456475,-0.8149621354102639,-0.5585929362475358,-0.26758303663049376,-0.016099503032445346,-0.3583303420118037,-0.3326492815127079,-0.6778110564795014,-0.13043226723303158,-0.6008653322366891,-0.3887525710954448,-0.15439825429080675,-0.6683158142002436,-0.5567211497024838,-0.4233333601869667,-0.5422348636524521,-0.10116740385906314,-0.7035241665274662,-0.01218764253461315,-0.3681593298252666,-1.0164419661731627,-0.5292383185603804,-0.520931229416646,-0.7812156863021987,-0.5351505588779408,-0.2830586329981659,-0.010439371408849102,-0.5424828847631948,-0.3549235052021407,-0.36766676371600127,-0.4765467313767967,-0.570069602548019,-0.24601380935936462,-0.32471385282717663,-0.3588160291734459,0.052874252350912844,-0.4250749669990118,-0.26777733080625404,0.13876067173282186,-0.5315962140408853,-0.021430729938952033,-0.3703092098302045,0.11056840539857732,-0.09695048143456755,-0.5501175114491269,-0.24023491351966397,-0.08053582486241473,-0.22503537050054362,0.2986789574832918,-0.6819106638212736,-0.2745051020898138,0,48,train
0.19848052627785268,-0.28370312013022353,-0.5876579030516415,0.8129078272839909,0.37669998606506927,1.409713796026726,0.5571100773777522,0.3547705698454174,-0.5631471998224115,0.23509690185522578,-0.23723133084783485,-0.9809933361785601,0.12127912567281882,-0.47908730282354073,-0.26895068160384555,0.11517467929776103,-0.4297618722217051,-0.5185026309876345,-0.17156836863949385,-0.18082817429139053,-0.21486401828405877,-0.7704092709488447,0.0057159849725133376,-0.21770592228425187,-1.0618060648539058,-0.3508086640907411,-0.41890233157612966,-0.2856949626689375,-0.44738877995055204,-0.47641071452293826,-0.4337456473598283,-0.10615848669506082,-0.7790521506943925,0.5908389762596647,-0.37889393863530907,-0.51672134170096,0.04904948223987332,-0.5551559419303342,-0.9811779227194624,-0.15280894624446592,-0.3492214966422936,0.3179127091429838,-0.44165600184279946,-0.45274165553166007,-0.3618423748057273,-0.237953051405132,0.010923625593594383,-0.17074785622060934,-0.08768248544931499,-0.13439042558710174,-0.057862119142466154,-0.22034840173437056,-0.0835420882534865,-0.4231731916555923,-0.7165578778904051,0,48,train
-0.41692273907258104,0.2847240586940139,-0.45418511516864546,0.007835914831330532,-0.014210862215163092,0.04576663482160333,0.12648786159255326,-0.10002629642544074,-0.006708126263518891,-0.19861782452660318,-0.7448548283849593,-0.40219080220762976,0.030663024226712684,-0.8218699041346252,-0.3887525710954448,-0.45641978173725767,-0.8799362466005598,-0.7805724736037435,-0.2853799401609542,-0.7190934563185035,-0.42553715677743303,-0.28549226389384985,-0.28074205514151046,-0.018456815000205223,-0.4267086833235021,-0.6630605594126099,-0.6420905456022591,-0.6664635187239698,-0.28161653086548444,-0.6973845219798209,-0.05997521221162327,-0.762610509013785,-0.7681770572202321,-0.7489508149770397,-0.7143100528343318,-0.6890772613606891,0.17494315332221483,-0.42471702357005636,-0.2493264367903504,-0.1286109228803037,-0.29707223577204983,-0.48580792961947394,-0.11874813414932002,-0.5858087230159778,-0.2123933599861674,-0.53128291602286,0.23952047338149637,-0.11248677086320794,-0.43781186227774405,-0.6530284164566567,-0.3526202935017977,-0.8015325287398317,0.22381091759670635,-0.38005027962797877,-0.015645368512890945,0,48,train
-0.552544785701942,0.5326550622237345,-0.4748416180552996,0.8076459193594637,0.4771750635346872,0.1358953018615894,0.6631344865672898,0.4728581772280262,0.6342533382157118,-0.18836105734865452,-0.38608333388503674,-0.22579383947363196,-0.20091145724666967,-0.6955815773358046,-0.7481582395702425,-0.06454060976128416,-0.16427442066494458,0.082074091674282,-0.6371611612272862,-0.1692939182479524,-0.42553715677743303,-0.5809014750882721,-0.16436847634518828,-0.2055069973484939,0.12414108637123576,0.1299601271191204,-0.5400616477617428,-0.22831887887982308,0.13768974623203958,-0.3422480457098309,-0.12752408603358806,-0.5621371369284262,-0.5615502812111864,-0.3888492110082812,-0.27274959869890947,-0.5331361911923628,0.04904948223987332,-0.42906498751539895,-0.024584641898733342,-0.5641753434352235,-0.7521930579123592,-0.4900830394001253,-0.20049696141349205,-0.7730882994753879,-0.09615523734873196,-0.645753107093193,-0.15905864583843532,-0.3532992570071337,-0.4675398282348748,-0.38136089742974694,-0.665517432437088,-0.7218540597148895,0.29473853433136626,-0.6321534576355656,-0.059452400348985586,0,48,train
1.0151294092073382,-0.06399190562014591,0.9949480104181676,-1.5830142476840572,-0.8886580208179319,-1.1754768035702081,-1.5128126189533744,-1.705379445437663,-0.5889734859369592,0.05780135492211326,0.33909309116799813,-0.24233105472994423,-0.04485039364504244,-0.3347577864820314,-1.5909025656490787,0.4671171203717245,0.7014455300636223,0.13667197555263802,-1.416597984374257,0.7842045813429335,-0.3319046507803778,0.23286729537183443,-0.2867099309772193,-0.8764478688151816,0.020451717958108642,-0.28141935401921464,-0.332815449023194,-0.3169910083720909,-0.40838354487171263,0.5850527534395874,-1.1272474185986667,1.0966817458170925,-0.08848371508521334,1.0091923102821931,-0.5784452977157403,-0.34846913441408145,0.17100897610089164,-0.2942781052097785,-0.27237687729205473,-0.4028551876741421,-0.5151509630476147,0.7796245654533319,-1.1160838267722186,-0.4428848357180069,-1.0136061338799187,-1.386232155579409,-0.19422739165195874,-0.41932848707885534,-1.0290680740917892,0.39130386447795734,-0.4161066695176537,0.510818725788629,0.8463977756009431,-0.9406481359869548,-0.9594877817087482,0,48,train
1.5065770405416894,0.22828448065472795,-0.4446513446055743,-0.5762358647911878,-0.27795794057291023,0.2861097469282329,-0.44278165851742557,-0.9314268835381324,-0.24149254548668034,0.11055044326584923,-0.1150963539967974,-0.38565358695131746,0.252169049983861,-0.24004154138291595,-1.148874904421454,-0.03209201590340101,-0.5875152854655773,-0.4802841122727853,-1.2441562093417413,-0.31923924681264815,-0.22155205442670559,-0.7982780644577525,-0.1464648488380618,0.12793028422889025,-0.5498398083140905,-0.5788021114686135,-0.46991678049638785,-0.5412793359113565,-0.28649218525033937,-0.44089706689593927,0.36783432199415367,-0.8451583681077562,-0.4527993464695835,-0.4047360464774911,-0.4765467313767967,-0.2992245859398731,0.09232543167442821,-0.2942781052097785,-0.4971186721836718,-0.28993107864138506,-0.41559328320442207,-0.5584847958905472,0.26955879535549715,-0.45274165553166007,0.13216964640337336,-0.6529074940350889,-0.041829493126690695,-0.4931258618648971,0.03453248570777816,-0.48367723576455707,-0.2437865060460445,-0.4593838088091973,-0.5760949822441801,-0.7946936645088782,-0.13511909170223999,0,48,train
1.6261577698277927,-0.36029969032639736,-0.4827864268578589,-0.11669590604914636,0.45990590959459665,0.9861090609387916,-0.03173317981337209,-0.05534449903742661,-0.7486268910087089,0.3112900294628444,-0.420433796124391,-0.4077032072930672,0.21189522711892497,-0.731663956421182,-0.36396597326959673,-0.02709992454064975,-0.5759723527891963,-0.4093068632309224,-0.22674973664989884,-0.21543094242170494,-0.14463963878626737,-1.1104085517575193,-0.09573790423453675,-0.2299048472200098,-0.5757621504173723,-0.3359395262182711,-0.14151126557222587,-0.4578232140362809,-0.48151836064453657,-0.5316541663871589,-0.08249150348561153,-0.6368232951563049,-0.6376759355303087,-0.8072025450308095,-0.5784452977157403,-0.7916700706819566,0.15133808999427578,-0.7638582113067789,-0.6469465354447498,-0.12457791898627667,-1.0793111488257066,-0.4644323807162171,-0.20049696141349205,-0.7435178400344284,0.007628800720406827,-0.18787234281186135,0.21607464283914746,-0.3299948228641732,0.9395838937359814,-0.3425512518544741,-0.22111280032609593,-0.8437152476353894,-0.5366907507249246,0.04122739941101511,-0.31831213392590846,0,48,train
0.17952260578127535,0.8047744563417205,-0.4796085033368352,0.1604312446426191,0.8413972193620523,-0.22612151074902137,0.19499594137656218,-0.1016220749035841,0.49807837506627817,0.7801708147404972,-0.5044015927094793,-0.4297528276348169,-0.30159601440900985,-0.22651064922589945,-0.22350858558979067,-0.0944931579377917,-1.0222990829425909,-0.8351703574820996,-0.12673350713103976,-0.42689230321807076,-0.0075348978620079325,-0.7090979252292477,-0.24791873804511189,-0.17704283916505867,-0.8155438148727289,-0.6382786629584933,-0.6133949180846139,-0.035326597043710856,-0.1841034431683858,-0.5316541663871589,-0.15454363556237397,-0.6682700986206749,-0.10479635529645379,-0.6006736839310803,-0.05621514522865425,-0.5126176293281093,-0.2499479865806878,-0.43776091540608414,-0.2666142671666286,-0.16087495403251997,-0.40137075751253737,-0.6781878697487856,0.06518672719506705,-0.3246029979541689,0.020082885288703483,-0.012589862735414068,-0.12975135766049917,-0.19405229036356988,-0.29908135447780043,-0.5824654245016152,-0.07600108371842501,-0.49219259017240885,0.07013441467160993,-0.18765574904324142,0.06002132284036344,0,48,train
-0.17630297892371474,0.014620363791716707,-0.39698249179021866,0.1253518584791045,-0.11154609351385547,-0.4123874226316593,0.025356886673302003,0.14572358920863698,0.6624274685224912,0.5120296156598395,-0.47005113047012503,-0.36360396660956773,0.050799935659180714,-0.7722566328922315,-0.42180136819657565,-0.3840344569773645,-0.8260692274441157,-0.4366058051701004,-0.3371124726707089,-0.6152851519275603,-0.5158256447031648,-0.519590129368675,-0.23299904845583982,0.16046075072424482,-0.32301931491037494,-0.5441074564328503,-0.5719456783369041,-0.7551356482162376,-0.5058966325688112,-0.5868976182513796,-0.18156318509115987,-0.7744030603129237,-0.5778629214224269,-0.918410393315279,-0.6973269584445079,-0.570069602548019,-0.1358568471623158,-0.21166679024826915,-0.8198248392075321,-0.3746241604159528,-0.28759055197746003,-0.6610874306261801,-0.16779743050782323,-0.13239501158793224,0.020082885288703483,-0.22722147099228832,-0.04769095076227793,-0.5591550919366187,-0.3519310717349218,-0.5648246765128548,-0.3526202935017977,-0.759349809844274,-0.03231658727845435,-0.38336742670702595,0.16356521627113257,0,48,train
-0.0975546937840858,-0.3401426981695095,-0.3810928741851001,0.004327976214979071,-0.044039400838955925,-0.4649624784049845,-0.05456920640804173,0.2797689813726794,-0.1687093755275003,-0.6352630558164175,-0.805922316810478,-0.6998606768212511,-0.03981616578692543,-0.596355034851017,-0.21937748595214931,-0.2492479901830806,-0.8145262947677347,-0.622238610356511,-0.19915905264469633,-0.5806823837972459,-0.25499223513993957,-0.20188588336712657,0.09523412250814577,0.15639444241232547,-0.5109562951591679,-0.5441074564328503,-0.4348443468637103,-0.6508154958723931,-0.8130628588146719,-0.5513839706243806,-0.10500779475959979,-0.6368232951563049,-0.3331733182538201,-0.6854034731002,-0.37889393863530907,-0.43054338187109537,0.19854821665015385,-0.21601475419361174,-0.5720326038142108,-0.15684195013849295,-0.48670591166384536,-0.5242839176453363,-0.19232207868707485,-0.5414530338545385,-0.14182021409915305,-0.27372498611461105,0.15159860884768794,-0.5241984407221779,-0.14383531003500644,-0.6001061724903756,-0.23471702375806505,-0.7312279972472356,-0.07960166510156094,-0.6188848693193769,0.15958275883148762,0,48,train
0.6038883645892759,0.8047744563417205,-0.5558786678414043,0.6515426509318237,0.7267928341232693,0.46636708100820506,0.5766838144588976,0.7728645311189782,0.7845153665185352,0.20286134786738716,-0.14181338018296183,-0.4848768784891912,-0.3620067487064139,-0.42496373419547473,-0.012822504070081609,0.03530121749374094,-0.20659850714500785,0.1257523987769668,0.23539422043724317,-0.08086462191492667,-0.17807981949950136,-0.02352560491011694,-0.053962773384574954,-0.13231344773394615,-0.024912380722634478,0.21421857506311673,-0.520931229416646,-0.35871906930962866,-0.25236260455635484,-0.1646798075748359,-0.14553711905277866,-0.34200951267783597,-0.15373427593017513,-0.5953780721080103,-0.0434778244362863,-0.040690706450279314,-0.061107479957175505,-0.033400268489222694,-0.10526118365469844,-0.2979970864294392,-0.04580761521542074,-0.2549520014642999,-0.18823463732386625,-0.17675070074937146,-0.24560425216829182,-0.2164898905794446,-0.3993784088975118,-0.13190713264900839,-0.021620338877913287,-0.31432605507245753,0.04190218602530759,-0.028182682321274518,-0.10718462716503978,-0.24736439646609093,0.08789852491787821,0,48,train
0.008901321312079272,-0.013599425227926286,0.6453764231055592,0.3656456536991796,0.20714829283508898,-0.21560649959435635,0.1982582308900864,0.35796212680170414,0.12007546011698828,-0.26015842759429514,-0.6265365695605167,-0.40219080220762976,0.040731479942946694,-0.8489316884486583,-0.3391793754437486,-0.4664039644627602,-0.8222215832186553,-0.6549973406835246,-0.27503343365900323,-0.7075592002750654,-0.43556921099140317,-0.16286957245465572,-0.2091275451130045,0.29464892501758233,-0.5433592227882701,-0.9356614204078921,-0.39977191323103284,-0.718623594895892,-0.7204254255024282,-0.5790056965564909,0.1832007335474499,-0.6014456412588887,-0.2951104910942591,-0.7489508149770397,-0.64213190167758,-0.36898769627833494,-0.05323912551452916,-0.6247233650558158,-0.8947387708380712,-0.39478917988608797,-0.2781088681828703,-0.8278167120715837,0.13058578900640466,-0.7435178400344284,0.13632100792613894,-0.35957762941736077,0.1457371512121007,-0.4581692106504563,-0.22641299324925857,-0.3601919998432345,-0.6337742444291601,-0.9749503730882355,0.0031472210888755904,-0.39000172086512036,-0.37406653808093804,0,48,train
-0.18651108996033333,0.7362406830083018,-0.5352221649547502,0.6006775409947275,0.7110936032686415,0.46486493655753863,0.5049134451613644,0.7457362969905411,0.5826007659866163,-0.26308893250228044,-0.27158179308718916,-0.33052953609694313,-0.2965617865508928,-0.9752200152474789,-0.42180136819657565,0.017828897724111545,-0.47978124715268894,0.0875338800621176,-0.40264034718306485,-0.11931214205972046,-0.5659859157730158,-0.27434474649028673,-0.3075974964022002,-0.4291539545040564,-0.16100467676486382,0.2390004715172333,-0.2594821787003229,0.048129524831364706,-0.14509820808954638,-0.3422480457098309,-0.2265957676391364,-0.45993502566922356,-0.5996131083707475,-0.39414482283135116,-0.40861435381750094,-0.7875663583091059,0.06085201390384284,-0.06383601610662087,-0.11102379378012452,-0.5964393745874397,-0.7284888484258848,-0.2250262329997403,-0.3353825263993759,-0.6597348716183765,-0.37429645937402395,-0.6314443332094014,-0.27628779855018,-0.7805472162947441,-0.22310988592068848,-0.29668530708369717,-0.5521489038373452,-0.3328356521225243,0.1410620314062698,-0.42649033873463954,-0.3023823041673286,0,48,train
-0.3206748350130345,0.0428401528113597,-0.40016041531124236,0.03940736237849369,0.36100075521044145,0.14040173521358873,0.04493062375444741,-0.09204740403472393,-0.13114386845179443,-0.17077802790074254,-0.8402727790498323,-0.8156211836154371,-0.14050072294926558,-0.7993184172062644,-0.31439277761790047,-0.3416016803939788,-0.9453461984333849,-0.6932158593983738,-0.3509078146733101,-0.6614221761013128,-0.23827214478332256,-0.3858199205259178,-0.3225171859914723,-0.20144068903657458,-0.8349855714501903,-0.4697617670705006,-0.3838298979434522,-0.9324799072007731,-0.34987569225345344,-0.6184653050309342,-0.050968695702027965,-0.7311637055494149,-0.37667369215046137,-0.9660708997229088,-0.46380941058442876,-0.5331361911923628,0.3047710016258795,-0.6377672568918435,-0.5259317228108021,-0.5359443161770342,-0.48196506976655046,-0.43878172203230886,-0.016562100069104982,-0.45767006543848665,0.03668833137976568,-0.4812022074295894,0.04609237140711777,-0.5164302960078577,-0.32220310577779104,-0.3990016454185073,-0.2483212471900342,-1.0311939982823124,0.07407483782353548,-0.5160533098689138,-0.13910154914188494,0,48,train
-0.6152517534983132,-1.1806892711117327,-0.5733572472070347,-0.9901726215206603,-0.6892777889641587,-0.2486536775090179,-1.0495675080329332,-0.8069561622429501,-1.0796729221133665,-0.7480874947738527,0.03757236706699942,-0.30296751066975597,0.5340858100384135,0.33276622659744903,0.0945860865085936,-0.007131559089644732,-0.5182576894072919,-0.04896082963377251,-0.1370800136329907,0.12675198686695976,0.08609760813504728,-0.17959084856000038,-0.03307520795959405,0.23772060865071187,0.026932303483929085,-0.028644010187225646,0.15819862183429084,0.14723366955801695,0.3327159216262368,-0.3067343980828319,0.5884939764792385,-0.27911590574909595,0.0963928739755118,-0.4788746120004708,0.15607353464414495,0.16039119981940475,0.34017859661778804,0.08399475803502741,0.30388413525055313,0.2343594275821294,0.058490906525066805,-0.4473319415936116,0.3717448294357122,0.11402548375339684,0.3272836379733543,0.1376522630443979,0.356749626093241,0.18270272828095918,-0.2528378518778192,-0.2649319607039285,0.13713175004909162,-0.121922057644736,0.2829172648755896,0.03127595817387352,0.09188098235752316,0,48,train
-0.4271308501091996,-0.12446288209080947,-0.3556694860169104,0.09202644162376561,-0.1806227092742178,0.11336313510159289,0.08244695315997609,0.38987769636457137,0.2656418000353483,0.5662439564575682,-0.901340267475351,-0.8045963734445623,0.06590261923353173,-0.4655564106665242,-0.5168166598623268,-0.3490898174381057,-0.8645456696987187,-0.4475253819457716,-0.5199007542051756,-0.6844906881881891,-0.392096976064199,-0.5363114054740197,-0.11662546965951766,0.1360629008527289,-0.7248156175112426,-0.5540202150144969,-0.6133949180846139,-0.9742079681383109,-0.39863223610200277,-0.5277082055397146,-0.06898172872121858,-0.40097226917352974,-0.615925748581988,-0.4894658356466108,-0.650623448872492,-0.5085139169552586,-0.013897353301297438,-0.407325167788686,-0.5893204341904891,-0.5036802850248179,-0.4630017021773709,-0.5456594665485932,-0.12283557551252862,-0.45767006543848665,-0.22484744455446407,-0.26657059917271525,0.2629663039238453,-0.08529826436308727,-0.18016949064927737,-0.5648246765128548,-0.2982033997739211,-0.7077931534163703,0.11741949249471652,-0.46297895660415866,-0.16299629377975475,0,48,train
-0.1267207253172817,0.0710599418310027,-0.4462403063660862,-0.3306801616465855,-0.21516101715439898,-0.6947905793569491,-0.37264243397665453,-0.0681107268625735,0.09424917400244053,0.05780135492211326,-0.4089836420446063,-0.9258692853241858,0.05583416351729772,-0.34828867863904794,-0.5374721580505335,-0.35907400016360824,-0.8260692274441157,-0.6659169174591958,-0.5440426027097277,-0.8690387848831993,-0.3151845604237608,-0.7202454426328108,-0.32848506182718107,0.04253780967858456,-0.7248156175112426,-0.7126243523208431,-0.44440955603625876,-0.483903252122242,-0.7496793518115578,-0.5395460880820476,-0.03295566268283736,-0.6328924447232587,-0.5887380148965873,-0.7065859203924799,-0.5784452977157403,-0.5782770272937204,0.34017859661778804,-0.5681998337663621,-0.6469465354447498,-0.34236012926373655,-0.49618759545843516,-0.601235893697061,0.11423602355357025,-0.4478132456248335,0.08235330813018675,-0.29876534041124636,-0.11216698475373747,-0.4426329212218159,-0.11410734407787566,-0.26140381110617644,-0.47052356324553024,-0.5437492466003127,0.20016837868515305,-0.4231731916555923,0.2710915671415467,0,48,train
0.24077127200098675,0.6878639018317709,-0.4414734210845506,0.7883522569695307,1.1412525286854434,1.0101433721494544,0.8572407126219816,0.2414702978972387,0.6436447149846383,0.16476478406357783,0.24749185852972005,-0.09900852250857103,-0.14050072294926558,-0.8218699041346252,-0.1408865928369636,0.045285400219243446,-0.7875927851895127,-0.4475253819457716,-0.14397768463429134,-0.3846000310587976,-0.21152000021273537,0.09909708652907719,-0.1255772834130809,-0.5145464290543621,-0.1415629201874025,-0.31611400905497783,-0.49861240801403306,-0.15007876462193975,0.07918189361378042,-0.4132753409638289,-0.3977195813214471,-0.42455737177180725,0.19426871524295453,0.17778125406020648,-0.03498627724137433,-0.3730914086511856,0.056917836682519665,0.3753083423729814,0.07914234035893607,-0.3060630942174932,-0.2307004492099214,0.32646292870428656,-0.11057325142290281,-0.4428848357180069,-0.5195941126708182,-0.22722147099228832,-0.6924512906768734,-0.12025491557752811,-0.11080423674930558,0.3489660693049324,-0.18483487117417818,0.18741788092268688,-0.11112505031696533,-0.23741295522894934,-0.18290858097797957,0,48,train
0.23202146254102796,0.2685984649685036,-0.4414734210845506,-0.0623228574956987,0.3421616781848881,-0.1014435213437073,0.030250320943588354,-0.02502470795270273,0.2092935394217896,0.040218325474201275,-0.7066876481190101,-0.28643029541344367,0.020594568510478667,-0.7542154433495428,-0.21937748595214931,-0.4639079187813846,-1.1877477846373836,-0.8187909923185928,-0.2715845981583529,-0.9151758090569518,-0.6729944940553646,-0.5530326815793644,-0.34340475141645316,-0.29089947189879956,-0.4267086833235021,-0.3904596984173276,-0.7313658312127109,-0.7812156863021987,-0.42301050802627743,-0.5158703229973816,0.156181184018664,-0.6800626499198137,-0.4799870801549842,-0.8230893805000195,-0.4213516746098689,-0.3074320106855745,0.13166720388765993,-0.33775774466320446,-0.6181334848176194,-0.3867231720980339,-0.16906950454508785,-0.8406420414135378,0.03248719628939823,-0.48231211497261955,0.25671049208633995,-0.388195177184944,0.051953829042705006,-0.3688355464357741,-0.1702601686635671,-0.49426168455781333,-0.5657531272693143,-0.6656104345208126,0.11741949249471652,-0.23409580814990216,-0.03157519827147082,0,48,train
-0.44608877060577695,-0.16880826483596273,0.6962231994419386,-0.9568472046653214,-0.8431302513395112,-1.1153910255435509,-1.0038954548435939,-0.8053603837648067,-0.3823631970205772,0.2512146788491451,0.0146720589074299,-0.6722986513940639,-0.2260825965372547,-0.677540387793116,-0.09131339718526733,0.05526958294474596,-0.21429379559592843,-0.17999575094182702,-0.03016611311283098,0.18057851506967107,-0.3954409941355224,0.23286729537183443,-0.34638868933430755,-0.5958725952927485,-0.5822427359431928,-0.6085403872135534,-0.734554234270227,-0.8072957243881598,-0.5058966325688112,0.060239960729491095,-0.3031511579706964,-0.058988281498505796,-0.31142313130549953,0.23073737229090627,-0.30247001388110134,-0.19252806424575505,0.08445707723178186,-0.12035954739607463,-0.6123708746921933,-0.4189872032502502,-0.3539623385395885,0.2751616113364701,-0.6991648077249414,-0.4133143762770474,-0.42411279764721055,0.008873298090273356,-0.31145654436370335,-0.4426329212218159,-0.14383531003500644,0.1760867390150808,-0.5113362335414378,-0.023495713555101442,-0.0677803956457843,-0.021798395090881613,-0.7762947394850797,0,48,train
1.9688586403428445,1.381264432028713,-0.5733572472070347,1.307527172189547,0.3013436779628558,1.1062806169921062,1.1492156240824005,1.4766028399802007,1.521738442879262,1.871783892965033,-0.027311839385114226,0.8987367979556039,-0.4777939894431051,1.4287684913157852,1.7718125393909834,0.6268640439797647,0.9015230297875577,1.310526478937293,1.894284096250044,0.9379946619221086,-0.13795160264362055,0.9128658569891838,1.0769496974822481,-0.3844245630729439,1.0379036455119184,1.1807125367736628,2.1413853236093274,1.2060832158480381,0.4253533549384805,-0.15678788587994724,-0.4202358725954354,0.8962083737317336,-0.148296729193095,0.9191669092900034,-0.395877033025133,1.3627789250646585,-0.8400745697791636,0.7318413858910743,0.7130294541558047,1.6943068372199157,1.7557123057566368,0.5102926492722956,-0.8667499036164941,1.5826916359877181,-0.6524376813993158,1.6114559730749343,-0.6162523414142393,1.9887963743604027,1.1608920847501771,-0.4448675901892843,2.023584065948813,-0.34220958965487047,-1.0331840678675437,-0.16443571948991104,-0.6568210162957306,0,48,train
-1.28023727245518,-1.9123880864067617,-0.9499411844483446,-2.647673617746726,-2.3141481824181365,-0.25165796641035076,-2.8731873460929798,-2.29262592539442,-2.387422137186376,-0.9766668775967086,3.3543003321779854,3.649426935588882,1.4100414573507727,0.9055739945778141,2.2303645991691736,1.3232607890835648,3.1793284112600535,3.0958772817595355,1.8873864252487436,2.3182606351202053,1.3066642041680885,-0.21860715947247122,-0.06291458713813819,1.5958675848317645,3.733827224253224,2.6676263240206572,0.4324012847806785,2.3901169449506727,3.25323289815434,3.3709011117352867,1.9304649364089388,-0.1808446449229396,3.478546944439366,-0.2511633036084618,2.516723654829672,1.141178456930721,0.8476874581684772,0.036167154636258844,3.5194205852383047,1.944353078649592,1.7320080962701623,-0.019820963528474494,1.696075831115299,0.7793608211749853,1.958768716420216,2.262505184787453,1.7400536280918277,1.3362722183575069,-0.08768248544931499,0.02084815671398952,1.9918408779408852,4.068228019313993,1.39805701687052,1.6334579973536694,0.1755125885900675,1,48,train
-2.8187454358312642,-1.7914461334654348,-1.121549054583625,-0.43065641221260215,-2.659531261219948,-2.584488298295324,0.07592237413292763,-1.4723957876287321,-0.43871145763413594,-1.0938870739161217,-2.3707767077143953,-0.903819664982436,1.500657558796879,-0.34828867863904794,0.309403267665944,-5.465983464258143,0.09351774244089534,-3.09552275004604,2.5047279798651494,-3.7180000276124185,1.7815147702960112,0.12139212133620339,1.6588175914638588,2.4009966305917896,-0.3100581438587341,1.4880080528047084,1.7938493903400685,-3.0240989616948544,-0.5497775220325056,2.210788622586653,0.30929196468178416,2.1815964653378583,0.11814306092383241,-0.4047360464774911,2.7375038818973834,3.0740269845433987,1.4456823958095995,2.797124259928807,-0.36457863929887196,-0.5722413512232775,0.32397805277358055,-1.4605329596079866,1.1565335711717637,0.08938343421926394,-0.13351749105362193,-0.8746934892338588,0.3098579650085432,0.8313428119266948,5.084983591091438,4.610970783389439,-0.06693160143044559,-0.23440930803288978,2.5289584614731524,4.827870634476119,2.306127318800125,1,48,train
-1.6754369997299843,-1.4528086652297187,-0.6226150617829023,-1.7654270557343332,-1.5291866396867464,-1.27161404841286,-1.7656400562515024,-1.5458015976233268,-1.5727202024820057,-1.316605446923007,1.4726583450666895,1.179869457312913,0.7555918357955619,0.9777387527485687,1.7842058383039074,0.8639883837104493,1.2747445196572065,1.2231698647319234,1.4355889746635522,1.1456112707039952,1.085959011460744,0.8181119590588973,0.8591222294788758,0.685014522961837,1.2971270665447363,1.2401890882635427,1.245444064447293,1.0808990330354247,1.1323232407424453,1.3821368446233429,0.6470363337916081,0.6957350016463747,1.4177167310859886,1.2210167832049923,0.9203127821862221,1.3258455137090022,0.9185026481522943,1.0405468260103987,1.393017448956082,1.3353694906515097,1.3811857958703406,1.1686595554926067,0.6660406075867314,1.0208529066094878,0.6012734984758807,1.625764746958726,0.6908527113217132,1.2275181923570244,1.352472309807242,0.8640759105767353,1.4794151286700472,1.6356912296701667,1.031597663741444,1.4709177904803568,0.48216181144272996,1,48,train
-1.0556588296495715,-0.7795651271896646,-0.6464494881905801,-1.2164346622753295,-1.5574452552250764,-1.1724725146688753,-1.382321038412405,-0.7447208015953589,-0.7885402422766463,-0.852120419007332,0.7741989461998191,0.07187603513998933,0.26727173355821204,0.06214838345711912,0.5614003455620666,0.48958153150410516,0.04734601173537177,-0.09809892512429295,0.031912925898874664,0.28823157147509365,0.6412046079747319,0.08237581042373253,0.4145154797185681,0.7704069975121426,0.0852575732163131,-0.13768435458533856,0.2251550860421297,0.0689935553001336,0.21082456200486355,0.19834859039004277,0.5929972347340362,0.06679893235897427,0.3519575706182789,0.43197062156756544,0.3428875729322083,0.2055320359207624,0.5722950526758552,0.3709603784276388,0.07337973023351,0.7465509221235628,0.2576062662114521,0.7454236872081209,0.2286843817234111,-0.03875522335822719,0.5929707754303497,0.5025259970810841,0.1457371512121007,0.20600716242391975,0.6753353074503746,0.9840329969003057,0.6450227581759398,0.7123583827340711,0.7163638115874,0.9036856399632861,0.6773022259853334,1,48,train
-1.1898225747022726,-2.4808152652309996,-1.057990584163151,-0.5937755578729451,-2.3863646443494244,-2.360668775146025,-0.61568300273421,-1.3702659650275568,-1.570372358289774,-2.6763597242282007,-0.37081646177865707,-0.264380675071694,2.175244091784558,4.080823354091018,-0.12849329392403952,-4.519982151016779,0.0011742810298482043,-1.4685058104710296,0.7768613940393423,-3.7141552755979395,4.349720649072383,2.3564693607506055,3.965401601965321,2.10008981550976,-0.10915999255830026,1.6664377072743477,1.950081140158359,0.8566107054961593,0.24007848831399312,1.7846248510626648,0.6470363337916081,1.6587933577427065,2.0539096993243664,0.061277793952666956,3.4932515822445485,1.6336239416728044,2.4134899922550996,3.6797609408333543,0.2750710846234227,0.5973297780445626,0.9545100251138007,-0.02837118308977724,0.9930359166434195,2.3071678922912255,0.26501321513187104,0.19488735857956435,1.2945828477871981,2.3772036100764122,1.8347259797784745,3.683067439180643,0.6994396519038163,-0.6702974032869856,1.5793164818590952,1.8457554104126899,1.9118640322752734,1,48,train
-1.2496129393453244,-2.4042186950348254,-1.1199600928231133,-0.5236167855459158,-2.3565361057256315,-2.22397363013538,-0.7200762671669855,-1.445267553500295,-1.558633137328616,-2.6954080061301053,-0.12272979004998724,-0.07144649708138387,2.079593762480335,3.8327569978790494,0.2887477694777372,-4.709681622801327,0.1589276942737204,-1.4029883498170024,0.8458381040523486,-3.8717901081915937,4.296216359931209,2.088928943065091,3.7445901960440944,2.0675593490144055,0.001009961380647305,1.7804344309632838,2.0074723951936497,0.8931227588165047,0.4156020461687706,1.87143598970644,0.2642593821338076,1.5487295456174115,1.8037825494186794,-0.44180532923898097,3.353141053528501,1.5146162828601342,2.555120372222734,3.1971369429003262,0.2865963048742749,0.89980507009659,0.9450283413192109,0.34356336782689206,1.099309392086843,2.218456513968347,0.6593925597945985,0.19131016510861645,1.3531974241430704,2.625784240934658,1.7224203306070918,3.429040668142493,0.5588626764401352,-0.749975872311928,1.5162697114282864,1.6998009389346131,2.039302670343912,1,48,train
-1.0848248611827673,-1.7612106452301028,-0.6528053352326275,0.21655826250424248,-0.28423763291476134,1.5704432522480347,0.057979781808544344,0.1951927220310812,-0.9153238286571536,-1.3971943318926037,-0.23341461282123993,-0.7053730819066885,0.9871663172689442,1.1671712429467995,-0.7068472431938291,0.26992951154304995,-0.23737966094869023,-0.34378940257689516,-0.49575890570062336,0.03447793851945467,0.015873228637255873,-1.2999163476180922,-1.6981125661223575,0.14012920916464822,-0.5692815648915519,-0.8613157310455425,0.5439953917937432,0.29328188283939916,-0.6180366834204746,-0.6381951092681559,-0.04196217919243266,-0.11795103799419958,-0.24073502372345756,-0.1452510671470622,-0.13263906998286196,0.9565114001524396,0.8398191037258309,-2.259557808504632,-0.6181334848176194,-0.628703405739656,0.390349839335709,-0.11387337870280466,-0.13509789960215443,0.48365622676539044,0.024234246811469032,-0.6529074940350889,0.5443162704320325,-0.6057639602225399,-1.6632646811772456,-0.8611892427240291,-0.6836563970130469,-0.6562364969884664,0.6375553485488891,-0.061604160039447964,-0.9236456647519434,1,48,train
-0.2710925814066015,-0.8098006154249965,0.8964323812664324,-1.5286411991306097,-1.1084472527827212,-1.0523009586155605,-1.5601158168994758,-1.3016474904673923,-1.3238487181054546,-1.1832674736096744,0.6253469431626172,0.46325679620604693,-0.6187523694703814,0.29217355012639956,0.06566838904510412,0.44215666355796823,0.5706256263979722,0.47517885559844547,-0.08189864562258568,0.6611725168795933,0.6144524634041446,0.7289318198303926,0.6114553822969595,-0.9659066516774065,0.5518597310753852,0.2984770230071131,-0.19571411755000018,0.001185456276634704,0.2985863409322523,0.5574310275074771,-0.9876464126999395,0.40878292003399824,0.6020847205239659,0.792072225536324,0.15182776104668896,-0.20894291373715781,-0.7535226709100539,0.14921421721516637,0.48252504913876154,0.9361021051428334,-0.2733680262855754,0.6641966013757449,-0.9239740827014145,0.5033698663926968,-0.9347302649473733,-0.06624776479963262,-0.7393429517615713,1.002241995641739,-0.20329124194926795,0.4195290612599739,1.053149461135014,0.8810892583163018,0.042551452608131084,-0.32365877928417647,-0.8639088031572689,1,48,train
-2.012304663938397,-1.6160803017005103,2.4361363272024215,-1.383061746552024,-1.274859099841776,0.24104541340823984,-1.4752962895478456,-1.119728743959049,-1.52106763025291,-1.1759412113397112,0.8467165887051226,0.694777809794419,-3.181174349251938,0.9010636971921419,1.722239343739287,0.7641465564554242,0.6321879340053369,0.7700074285415681,1.2079658316206314,0.657327764865114,0.818437565754872,-1.0490972060379222,-0.4746980198020474,-2.6778224509954396,0.9212531060471505,0.6850746076913315,1.2613860797348737,0.9713628730743881,0.951924028502813,0.5258633407279224,-2.3386238891392352,-0.7429562568485537,0.9827129921195765,-0.7966113213846695,1.0264571221226217,1.6459350787913565,-2.3271935594393227,-0.6638550405638992,0.8109938262880481,0.8433430155802116,1.404890005356815,-0.7423145164585563,-1.9907962784988593,0.9617119877275688,-2.4333717746657375,1.5291805232431326,-2.6208708527850724,0.7497772924263328,-0.6888480192490705,-0.8329640459420125,0.6994396519038163,0.951393789808898,-4.2564502061426435,1.3680862310298936,0.5140214709598898,1,48,train
-1.4289840332744792,-0.7049842562091796,2.2581726100250936,-0.15528323082901244,-0.7473649431262815,-0.054877043373047815,-0.3432818283549364,0.1792349372496476,-0.99749837538526,-1.1759412113397112,-0.1532635342627466,-0.6006373852833773,-1.1473462945726671,0.08921016777115211,-0.4920300620364787,0.2948899683568062,-0.45284773757446684,-0.9607454904023184,-0.6475076677292372,-0.13469115011763796,0.2365784213446003,-0.6589340969132138,-0.10170578007024558,-1.3522059413097418,-0.8609079135534721,-0.60358400792273,0.7448647844172598,0.3715219970972825,-0.4425131255656971,-0.7999795040133736,0.08412905194190157,-0.6839935003528599,0.009392126182229387,-0.3147106454853015,-0.2642580515039975,0.3163322699877312,-2.2091682427996275,-0.2681903215377229,-0.4683056215565414,-0.24556803580708772,0.3950906812330039,-0.47298260027751987,0.5025429530583874,-0.03875522335822719,-0.0421875375527798,-0.237953051405132,-1.4075491222185155,-0.6640250455799412,-0.1702601686635671,-0.40605794461401146,-0.3888982226537154,-0.4734447151077166,-2.7669702547147854,0.42601646058048986,-0.05546994290934062,1,48,train
-0.9360781003634682,-0.9347739667977011,2.1803134837600124,-0.43767228944530506,-0.5762433268108385,0.07731166828559845,-0.587953541869254,-0.19258144815775574,-1.2041086643016423,-1.1656844441617624,-0.012044967278734543,-0.22579383947363196,-1.675940219674953,0.25609117104102225,-0.19045978848865983,0.3622832017539481,-0.2797037474287535,-0.3656285561282376,-0.2646869271570523,-0.08086462191492667,0.24995449362989391,-0.5251638880704566,-0.16436847634518828,-1.2139514587044848,-0.20636877544560694,-0.48958728423379383,0.29529995330748465,0.11072161623767138,-0.42301050802627743,-0.5632218531667136,-0.438248905614626,-0.5228286325979635,0.06920514029011104,-0.436509717415911,-0.23453763632180558,0.143976350328002,-2.0754062172746397,-0.3725414562259452,-0.1974629456615157,-0.007620806059492671,0.16753027016284924,-0.39603062422579516,-0.1269230168757372,0.6167232942497082,-0.5777131739895359,-0.06624776479963262,-1.8706042754299068,-0.10471862614888774,-0.28917203249209017,-0.4236986926027718,-0.18030013003018847,-0.2859659644607936,-1.7779240435814725,0.24357337123289408,0.11577572699539297,1,48,train
-1.8300169668559227,-2.0272829417010225,3.0002177521841302,-1.6093237873066932,-1.7144375637713545,-0.9035886579995835,-1.7558531877109298,-1.3718617435057003,-2.1596812505399092,-2.3994270104235866,1.5413592695453981,1.8523828777362796,-4.62599774453152,2.7998988965601237,1.8048613364921142,1.0362155357253675,1.2632015869808257,1.490699495735868,1.4321401391629018,0.9841316860958612,2.747935992908474,1.0131935136212518,1.2112269037856969,-4.267749000955894,2.1201614283239327,1.5078335699680017,2.836457190147845,2.348388884013135,1.9368062142435087,1.2519201366576798,-3.527484068405815,0.3498201635383044,2.255098928596332,0.6490907063134346,1.9860019551476742,2.1588991253976935,-5.828611286416946,0.8231486287432688,1.7848749374850552,2.8154819197594314,1.9880135587240864,0.7625241263307264,-3.024918943390636,2.750724783905618,-3.699537039109231,1.8761682899250791,-4.70168831341854,2.0975504003608854,1.0122522549645232,0.5924083915498255,2.7219342021232293,1.7622393863568397,-4.863275371539178,2.0149299114440966,-2.213961875196913,1,48,train
-1.4421087474644172,-1.573750618171046,-0.735431346779244,-0.2763071130931379,0.29663390870646744,0.9170104162081355,-0.29924091992235924,-0.10002629642544074,-1.9413317406623691,-1.9832953134896698,-0.16089697031593644,-0.6061497903688147,0.9720636336945931,1.5776083050429666,-0.11196889537347411,0.5395024451316177,-0.4220665837707845,-0.34378940257689516,-0.2681357626577026,0.003719922403619647,-0.6529303856274242,-1.8572922177962472,-1.3668954572405174,0.08320089279777775,-0.6340874201497564,-0.524281939269557,1.6439944466368102,1.346915421512228,-0.49126966941424643,-0.4448430277433836,-0.010439371408849102,-0.7075786029511374,-0.9313034593326367,-0.6112649075772203,-0.7737508831987155,1.2027341425234814,1.3984722691537215,-1.4334446588895386,-0.5259317228108021,-0.08424788004600633,1.243701380848789,-0.5413843567679418,-0.21275928550311785,2.0361053474157638,-0.021430729938952033,-0.3023425338821943,1.0190943389145983,-0.26784966514961167,-1.5575652466630028,-0.3778327478319949,-0.18030013003018847,-0.36095746471956275,1.1143465499318805,-0.6288363105565185,-0.8001894841229494,1,48,train
-0.8952456562169939,-0.5054300338559898,0.7788492109885551,-0.7832042431559241,-0.51501632647779,-1.2806269151168586,-0.6613550559235493,-0.4878004666142777,-0.7274962932786244,-0.37298286655173035,-0.3784498978318469,-0.5344885242581281,-0.2915275586927758,-0.35730927341039226,0.3259276662165094,0.09271026816538037,-0.6029058623674185,-0.47482432388494966,-0.0612056326186838,-0.165449166233473,-0.23158410864067577,0.11581836263442184,0.12507350168668993,-0.4210213378802178,-0.4915145385817066,-0.4102852155806208,-0.2052793267225486,-0.4943352673566264,-0.2572382589412098,-0.6342491484207116,-0.5868564280229485,-0.2673233544499572,-0.44192425299542315,0.2678066550523961,-0.48928405216916465,-0.1309723786529946,-0.16733026493290118,-0.14209936712278762,-0.24356382666492432,-0.3867231720980339,0.0016008037575281416,-0.049746731993034095,-0.3435574091257931,-0.33938822767464866,-0.41581007460167946,0.07326278056733562,0.010923625593594383,-0.3688355464357741,0.5167861556790105,0.07377040068027063,-0.18030013003018847,0.03274791163897545,-0.4933460960537436,-0.10472707206706151,-0.8639088031572689,1,48,train
-0.8310803868439629,-0.4167392683656833,0.8074505226777685,-0.3780373329673302,-0.28423763291476134,-1.0102409139969004,-0.30739664370616987,-0.1558785431604584,-0.5302773811311688,-0.34807357483385504,-0.30974897335313833,-0.7053730819066885,-0.4928966730174561,-0.40692254465278604,0.08219278759566953,-0.16188639133493365,-0.7375734102585288,-0.4966634774362921,-0.2129543946472976,-0.3153944947981688,-0.15132767492891416,0.04893325821304323,-0.10468971798809999,-0.3274962467060734,-0.381344584642759,-0.48958728423379383,-0.29136620927548423,-0.2856949626689375,-0.34987569225345344,-0.44878898859082794,-0.1320273442883857,-0.794057312478155,-0.4908621736291445,-0.5106482829388906,-0.2557665043090855,-0.2787060240756197,-0.1476593788262853,-0.020356376653194907,-0.4683056215565414,-0.4189872032502502,0.22916121482768279,-0.48153281983882257,-0.00021233461627057676,-0.5217393942272321,-0.26220969825935403,-0.18071795586996556,-0.29387217145694167,-0.27173373750677177,0.14683813487916106,-0.26140381110617644,-0.36168977578977707,-0.5484362153664857,-0.4145376330152326,-0.12131280746229749,-0.7523999948472099,1,48,train
-0.7683734190475917,-0.5941207993462965,0.7677264786649721,-0.4832754914578741,-0.5055967879650134,-0.8600264689302569,-0.5129208830581966,-0.21332656837361944,-0.5091467834010843,-0.2938592340361264,-0.16853040636912628,-0.5124389039163784,-0.2663564194021908,-0.3933916524957696,-0.11196889537347411,-0.1319338431584261,-0.7375734102585288,-0.5130428425997989,-0.24399391415315042,-0.5999061438696428,-0.23827214478332256,-0.06811567452436935,-0.07186640089170145,-0.35189409657758935,-0.6600097622530381,-0.806795558846486,-0.37426468877090374,-0.5830073968488942,-0.5058966325688112,-0.31068035893027623,-0.02845240442803971,-0.10222763626201457,-0.16460936940433546,-0.18232034990855203,-0.3534192970505731,-0.04479441882313001,-0.19486950548216336,-0.14209936712278762,-0.8255874493329582,-0.10037989562211447,-0.6431536942745768,-0.37893018510318965,-0.01247465870589638,-0.8371576282641335,-0.058792983643842,-0.127060053805747,-0.4345471547110352,-0.42321255943601543,0.18977853015057214,-0.2367067639219119,-0.2573907294780136,-0.38439230855042816,-0.21751647541895516,0.02464166401577913,-0.46964551663241727,1,48,train
-1.201488987315551,-0.5336498228756329,0.7407141287362705,-0.24298169623779897,-0.3109263253676286,-1.0477945252635612,-0.21442139257072917,0.09785023486433614,-0.6711480326650656,-0.427197207349459,-0.3021155372999485,-0.5344885242581281,-0.07002153293562748,-0.19944886491186647,-0.21937748595214931,-0.0770208381681623,-0.7375734102585288,-0.3492491909647307,-0.3888450051804636,-0.49994259149317893,-0.10116740385906314,0.043359499511261675,0.14894500502952523,-0.39662348800870184,-0.45263102542678385,-0.60358400792273,-0.0618011891343225,-0.43174317595031975,-0.29624349402004924,-0.4093293801163846,-0.16355015207196927,-0.6525466968884899,-0.1591718226672553,-0.35177992824679133,-0.2515207307116295,-0.10635010441589043,-0.08471254328511454,0.027471226745573656,-0.22051338616322,-0.14070993456238481,-0.05528929901001052,-0.6183363328196665,0.20824717490736808,-0.4133143762770474,0.10726147726678006,-0.3273828881788296,-0.23525759510106936,-0.656256900865621,0.6191824828646831,-0.2543475119106723,-0.4206414106616434,-0.3797053397842551,-0.7061289462577233,-0.05828701296040077,-0.4855753463909971,1,48,train
-0.7727483237775711,-1.2189875562098198,2.3312648510086387,-1.4725141812689861,-1.381613869653245,-1.3947898933675076,-1.4475668286828898,-1.0144073644015872,-0.7486268910087089,-0.11363318219502858,0.9116007951572362,-0.054909281825071585,-2.1793630054866537,-0.40692254465278604,0.5118271499103704,0.6543205464748966,0.25127115568476754,0.43696033688359626,0.1664175104242369,0.4920034282425007,-0.20148794599876516,0.26630984758252374,-0.021139456288176393,-2.6859550676192785,0.37688392187823316,0.20430581648147011,-0.23397495424019382,0.42889808088639697,0.7276439267994862,0.4942956539483678,-2.415179279470795,0.5031233304271083,0.4878962390452827,1.1839475004435023,0.7929395742625426,0.016761266769630422,-0.14372520160496213,0.9188038355408059,0.8686199275423088,-0.2536340435951418,-0.012621721934356523,0.8565765415050566,-1.5984019076308336,-0.36895868711560814,-2.2050468909136325,0.4023645798945428,-1.1261991557103284,-0.41156034236453515,0.29217485733624476,0.9275826033362725,-0.07146634257443531,0.9935765087044556,-1.4823923071870564,0.6051424028490384,-2.54848830012709,1,48,train
-0.2638010735233025,-1.7954775318968124,0.9059661518295036,-1.6882524061746012,-0.995412790629401,-0.5475804231916385,-1.827623557008463,-1.5761213887080505,-1.7981132449362407,-0.8272111272894567,0.5642794547370985,1.3121671793634113,-1.3487154088973476,0.5086678246386634,0.18133917889906204,0.6643047292003991,1.0939052410605725,1.2613883834467725,0.07329895190667843,0.9187709018497118,0.2098262767740131,0.349916228109247,0.19668801171519587,-0.7707238527052792,1.5045058033709906,1.4434006391872984,-0.4316559438061942,1.3729954595981892,1.4638677389125805,0.5100794973381451,-1.136253935108262,-0.03933402933327454,0.7434609356880498,0.07716462942187689,0.5976339887795673,-0.11866124153444253,-0.4899327970814013,0.28400109952078684,1.7157236159799423,0.875607046732428,0.06323174842236169,0.23668562331060777,-1.0057229099655864,0.547725555554136,-1.0177574954026845,0.044645232799752396,-1.243428308422073,0.7187047135690521,-0.22641299324925857,-0.06735558322981233,0.8264124039355284,0.7357932265649365,-0.16629097444392302,-0.0018955126165984381,-0.48159288895135216,1,48,train
-0.6196266582282925,-1.0395903260135178,1.023549322107381,-2.0179986361116384,-1.1272863298082745,-1.5750472274474798,-1.8586153073869431,-1.9990026854160414,-1.7675912704372296,-1.3913333220766329,0.9039673591040464,1.2349935081672871,-0.8906006738086998,0.6710385305228614,0.5614003455620666,0.8515081553035712,1.5710131250176496,1.6544931473709361,0.4630173634801638,1.7377030809338194,0.935478198251191,1.58171690120297,1.2679217242249308,-1.0472328179157928,1.7961321520329105,1.0369775373397867,0.10718417291403268,1.0704670178010403,0.7617735074934707,1.0112165249635754,-1.6045927936072177,1.788511422033233,0.5205215194677636,1.9306287674963691,0.16031930824160096,0.09062808948094295,-1.1154669752717856,0.6883617464376484,0.9953973503016825,1.7548018956303213,0.219679531033093,1.4636421303575513,-1.5493526112723304,1.0602801858641004,-1.495164070520723,0.39163299948169905,-1.061723121718869,1.914998999574361,0.3681463258933567,0.7935129186216938,2.091605183108659,1.260733728376321,-0.489405672901818,0.24357337123289408,-1.2940142066389255,1,48,train
-1.5179404294507264,-1.7007396687594394,2.463148677131123,-0.2850769596340165,-0.06444840094997206,1.1197999170481043,-0.26661802478711694,-0.029812043387132815,-1.7253300749770606,-1.5261365478439581,-0.0005948131989497817,-0.31950472592606827,-3.055318652799013,1.4017067070017522,-0.2813439805167696,0.44215666355796823,-0.23737966094869023,-0.2891915186985391,-0.33021480166940825,0.1382862429103979,-0.16470374721420777,-2.108111359376417,-1.292297009294157,-0.3030983968345575,-0.39430575569439985,-0.5589765943053202,1.3889222020355192,1.414723520535727,-0.6131610290356196,-0.36592381079449693,-0.2716283501871129,-0.6957860516519987,-0.5398000942628659,-0.6430385785156402,-0.48928405216916465,1.3874011993017628,-2.940925205965738,-1.6334510003752982,-0.3530534190480198,-0.277832066959304,1.3100731674109174,-0.682462979529437,0.13467323036961326,1.2377029425098574,-0.24145289064552627,-0.237953051405132,-3.0194499720050043,-0.6251843220083404,-1.600505641934414,-0.49426168455781333,-0.19390435346215762,-0.21566143296819748,-3.2555827255535537,-0.2042414844384774,2.170723765852196,1,48,train
-1.4596083663843349,-0.9891978456212983,-0.6528053352326275,-1.239236263281614,-0.916916636356262,-0.936635835914245,-1.199632825655048,-1.2745192563389551,-1.394284043872403,-1.2975571650211024,0.39252714354032703,0.4797940114623592,0.38809320215302023,0.5673016906524017,0.9745103093262021,0.4471487549207195,0.2628140883611484,0.5133973743132947,1.0424217275894165,0.36128185975020183,0.6144524634041446,0.5561453000751644,0.608471444379105,0.5752241985400153,0.5583403166012056,0.407517367405226,0.8405168761427438,0.4341140885035892,0.3570941935505115,0.41143047615203676,0.5524679104408573,0.37733611656962823,0.17795607503171407,0.527291634382825,0.0626665155001133,0.44765106591895343,0.7532672048567212,-0.024704340598537503,0.298121525125127,0.8514090233682657,0.897619922346262,0.4418908927818736,0.6537782834971057,0.759647181547679,0.5514571602026942,0.770815507402177,0.7553287453131728,0.9362127655700173,0.7744285273074771,0.34543791970718035,0.8037386982155797,0.6795496013708596,0.9724913164625607,0.5421166083471417,0.7768636619764576,1,48,train
-0.5627528967385605,-0.21315364758111602,-0.4748416180552996,-0.756894703533288,-0.47890809551214614,-0.5490825676423049,-0.7608548860860384,-0.6330163081253236,-0.480972653094305,-1.0308812183944371,-0.1494468162361517,-0.7219102971630008,0.1615529485377549,-0.30318570478232626,-0.2400329841403561,-0.09698920361916732,-0.5952105739164979,-0.48574390066062084,-0.35435665017396045,-0.26541271860993687,-0.017566952075978134,-0.6645078556149954,0.17878438420806939,0.2458532252745505,-0.7118544464596017,-0.5292383185603804,0.07848854539638746,-0.5673593739973175,-0.21823302386237034,-0.3422480457098309,0.23273657435022407,-0.21229144838730965,-0.507174813840385,-0.10288617256250238,-0.5062671465589885,-0.3730914086511856,0.5722950526758552,-0.3942812759526582,-0.5086438924345239,0.32308551325072415,-0.28759055197746003,-0.2806026601482081,0.30225832626116594,-0.418242786183874,0.35634316863271315,0.11261190874776257,0.4915631517117473,0.14386200470935825,-0.1537446320207167,-0.39194534622300314,0.22782657292888592,-0.4078271523812935,0.3065598037871429,-0.08814133667182553,0.0759511525989433,1,48,train
-1.2525295424986438,-2.2248214648385236,-1.1183711310626014,-0.6481486064263928,-2.4052037213749777,-2.465818886692676,-1.074034679384365,-1.6559103126152188,-1.814548154281862,-2.7393655797498853,0.541379146577529,0.3144218588992363,1.9688407496017606,3.52154647826767,0.25983007201424774,-3.985828375202395,0.48597745343784565,-0.7532735316645655,1.08035891809657,-3.2681640419183315,4.473449317711349,2.7020424002610617,4.2548435799972,2.189548598371985,0.013971132432288196,2.1422501191933856,2.06486365022894,0.7262105150663536,1.029934498660492,2.3962487824165364,0.453396228835309,2.3702772861240784,2.4889134382907785,0.13012074765257667,3.098394637681142,1.6336239416728044,2.732158347182277,3.4319269959488263,0.3096467453759792,1.6620428060676995,0.8739157128597875,1.078882250098928,1.438567025233157,2.8147941126943636,1.0745287120711535,0.5382979317905632,1.470426576854815,3.1074092132225095,1.9239098776498669,3.9512068086098004,0.880829297663405,-0.25315718309758206,1.50444844197251,1.8623411458079258,2.2543553720847402,1,48,train
-0.07859677328750846,-0.6001678969933628,-0.4128721093953372,-0.5832517420238907,-0.32505563313679364,0.37774055841888543,-0.658092766410025,-0.3314141757562282,-0.5701907323991063,-0.9854583923206646,-0.420433796124391,0.011239579200177593,0.33775092357185016,0.03508659914308613,-0.06239569972177786,-0.13692593452117738,-0.5336482663091331,-0.2946513070863747,-0.17846603964079447,-0.4115132951601532,-0.08779133157376955,-0.6143440272989613,-0.400099571855687,0.07100196786201979,-0.6016844925206541,-0.28637573331003796,-0.5496268569342913,-0.6090874349348553,-0.30111914840490417,-0.3461940065572753,0.10664534321588982,-0.6997169020850449,-0.1374216357189347,-0.8019069332077395,-0.4468263161946048,-0.4962027798367065,0.5959001160037942,-0.4160210956793712,-0.295427317793759,0.10530330297326429,-0.6573762199664615,-0.7252140773359508,0.2205094989969939,-0.39360073664974105,0.27331593817740213,-0.10559689298005957,0.40364128717793885,-0.22900894157801074,-0.32220310577779104,-0.7694573531824751,0.18247916148898877,-0.5437492466003127,0.26321514911596183,-0.23409580814990216,0.04409149308178357,1,48,train
-0.9404530050934476,-0.6626545726797152,-0.6798176851613291,-1.13399810479107,-0.5432749420161201,0.09383525724292924,-0.9826905730056864,-0.7016347826854882,-1.1548039362647782,-1.6594745211572908,0.20550796023717594,0.033289199541927314,0.14141603710528686,0.23804998149833356,0.5448759470115012,0.24996114609204492,-0.16812206489040488,-0.23459363482018306,0.2181500429339916,0.2420945473013411,0.2566425297725407,-0.5586064402811458,-0.30162962056649134,0.25398584189838913,-0.1415629201874025,-0.10298969954957535,0.5822562284839369,-0.23353488649701531,-0.018331194083318188,-0.47641071452293826,0.4939255531284879,-0.5935839403927962,-0.03954579445149197,-0.6271517430464302,-0.022248956449006378,-0.020172144586025835,1.1230798636610992,-0.4768925909141675,-0.16288728490895923,0.6255608053027517,0.5373159381518505,-0.5285590274259877,0.2532090299026627,0.9321415282866093,0.46842992974738307,0.29504877576610566,0.4798402364405729,0.43905150385352537,-0.44111496960631413,-0.47309278697130086,1.1166358371508702,-0.14535690147560137,0.6769595800681445,-0.015164100932787222,0.00824937612497886,1,48,train
-0.10776280482070437,-0.598152197777674,-0.5129767003075841,-0.6937518084389618,-0.18219263235968058,0.2515604245629049,-0.6727730692208841,-0.356946631406522,-0.7439312026242457,-1.0250202085784665,-0.4509675403371504,0.0829008453108642,0.3478193792880842,-0.10924291719842316,-0.07478899863470193,-0.14191802588392863,-0.6144487950437993,-0.09809892512429295,-0.23364740765119948,-0.36922102300088006,-0.10116740385906314,-0.6143440272989613,-0.3971156339378326,0.04660411799050388,-0.16748526229068428,-0.5788021114686135,-0.355134270425807,-0.6664635187239698,-0.2133573694775154,-0.6184653050309342,0.4939255531284879,-0.8176424150764325,-0.3494859584650606,-0.9872533470151887,-0.20057144754215772,-0.2212540508557099,0.658846951544965,-0.6464631847825287,-0.4567804013056892,-0.1044128995161415,-0.3634440223341783,-0.7380394066779049,0.11832346491677886,-0.2802473087927297,0.24840776904080883,-0.32380569470788173,0.3039965073729559,-0.2561974480781314,-0.4080838963206132,-0.5048461333510695,0.37293828953655683,-0.6656104345208126,0.022849336848503335,-0.4298074858136867,-0.4616806017531273,1,48,train
-0.6881668323313029,-0.598152197777674,-0.5781241324885703,-1.7619191171179818,-1.1476953299192907,-0.1404992770610346,-1.7689023457650268,-1.564950939361047,-1.1876737549560208,-0.06381459875927797,0.682597713561541,0.6506785691109196,0.20182677140269098,-0.19944886491186647,0.5820558437502734,0.6243679982983891,0.9515424047185416,0.6225931420700068,0.4595685279795135,1.0148897022116963,-0.392096976064199,-0.20188588336712657,-0.3702601926771429,0.6321525149068857,0.9471754481504322,0.13987288570076703,-0.39977191323103284,0.4132500580348203,0.20594890762000861,0.8967836603876898,0.8541862135123,-0.40097226917352974,0.7380233889509697,-0.5847868484618703,0.10087847787721717,-0.09814267967018905,0.0805229000104587,-0.2507984657563525,0.5286259301421702,-0.27379906306527696,0.06797259031965658,-0.35755463619993283,0.5761168975961423,-0.34431663758147524,0.7424197902499096,0.5275663513777195,1.0425401694569472,0.011803544565915071,-0.3519310717349218,-0.4131142438095156,-0.17576538888619875,0.9185850084456865,0.6651383106123678,0.3032820186557436,0.18347750346935743,1,48,train
-1.5733558893637987,-1.1887520679744878,-0.746554079102827,-1.7882286567406178,-1.4145822544479634,-1.1904982480768727,-1.8145743989543661,-1.4771831230631622,-1.643155528248954,-0.8799602156331927,1.354340086242247,1.5326633827809086,0.4686408478828924,0.09823076254249644,1.5652575575089156,0.7167216885092873,1.009257068100446,1.2177100763440878,1.2114146671212818,1.0302687102696138,0.4940678128365022,1.1413899637622273,0.4473387968149667,0.8436005471266903,1.3424911652254794,0.804027710671091,0.4866041367584528,0.8879067511993125,0.9909292635816525,1.0270003683533528,0.9217350873342648,0.8254530659369009,1.357903716978107,1.1204001585666625,0.4702607808558878,0.7472220691370542,0.4700064449214527,0.6883617464376484,0.7591303351592134,0.8110789844279953,1.542374420378367,0.9805547251439464,0.6946526971291916,0.42944371779029805,0.9167769742060627,1.4540594603532266,0.8666964403893302,0.8585313184268154,1.0089491476359531,0.7899847690239417,0.9216419679593124,1.3076034160380516,1.118286973083806,1.3614519368717992,0.856512810769357,1,48,train
-1.372110271784747,-1.1182025954253805,-0.570179323686011,-0.8568709540993047,-0.7897528664337766,-0.3102415999863417,-0.9027644799243426,-0.599504960084313,-1.0233246614998077,-0.9341745564309213,0.03757236706699942,-0.3911659920367549,0.6398045950588707,0.38688979522551503,0.39615636005641247,0.22749673495966427,-0.5105624009563713,-0.12539786706347097,0.30781976595089977,-0.15775966220451426,0.3302109273416555,-0.36352488571879155,0.11015381209741784,0.4491686408705165,0.07877698769049266,-0.36072142267238766,0.4706621214708721,-0.056190627512479746,0.05480362168950577,-0.3856536150317186,0.3723375802489513,-0.5424828847631948,0.0528925000788706,-0.1664335144393421,0.29618406336019243,0.8005703299841133,0.5880317615611479,-0.31601792493649145,0.09066756060978823,0.1980623925358861,0.4709441515897221,-0.41740617312905204,0.363569946709295,0.35551756918789934,0.4103108684286653,0.35586106477222,0.356749626093241,-0.14744342207764877,-0.10089491476359533,-0.29668530708369717,0.23236131407287564,-0.07505236998300525,0.759708466258581,0.5587023437423777,-0.04750502803005068,0,48,train
-1.9437644898353867,-2.003094551112757,-1.1612730985964215,-0.8252995065521416,-2.659531261219948,-2.573973287140659,0.819724383216453,-1.4069688700248542,-0.46218989955645207,-1.80746501901055,-3.866930174139604,-1.0471421972038093,1.8027112302838992,1.1040270795473892,0.7349065303430036,-5.333693043145234,-0.5644294201128155,-2.8498322725934373,1.5907865721928163,-3.2258717697590584,3.262914775892278,0.2718836062843053,2.9120715169627127,2.5107869550136113,-0.4331892688493225,1.309578398335069,2.1477621297243594,-2.2782098724363666,-1.9393390217161608,2.0726799929261013,0.7235917241231681,1.8907135332924354,0.21601890219127512,0.6332038708442246,3.08990309048623,2.232765948109006,1.823363409056624,3.1275695197748448,0.48828765926418766,-1.882967616782064,-0.09321603418836963,-2.952546273055315,1.0747847439075915,-0.05354045307870694,-0.8350975884010001,-1.9907778521696051,0.6439610502370153,1.4760988232152703,3.370670887563564,4.5862737362051735,0.6132795701680117,0.6233059761767827,1.9970013359632035,3.2290057423753704,2.3618817229551547,0,48,train
