q1_z_1,q1_z_8,q1_z_0,q1_z_9,q1_z_5,q1_z_3,q1_z_7,q1_z_4,q1_z_6,q1_z_2,q2_z_2_3,q2_z_1_4,q2_z_3_9,q2_z_7_8,q2_z_0_8,q2_z_5_9,q2_z_3_6,q2_z_3_4,q2_z_1_6,q2_z_4_9,q2_z_2_6,q2_z_0_1,q2_z_1_8,q2_z_7_9,q2_z_2_5,q2_z_0_4,q2_z_4_7,q2_z_0_7,q2_z_5_6,q2_z_2_9,q2_z_6_9,q2_z_4_6,q2_z_0_6,q2_z_1_7,q2_z_0_2,q2_z_6_8,q2_z_4_5,q2_z_8_9,q2_z_4_8,q2_z_2_8,q2_z_1_9,q2_z_0_9,q2_z_3_8,q2_z_1_5,q2_z_2_7,q2_z_5_8,q2_z_1_3,q2_z_3_5,q2_z_0_5,q2_z_0_3,q2_z_1_2,q2_z_5_7,q2_z_6_7,q2_z_3_7,q2_z_2_4,y,split,set
2.408003322172976,2.5062120122189224,-1.0147488960415174,2.889617261829225,2.2189494614035232,2.26648685318852,1.654701849624813,0.4055696405229602,2.7781091268564793,-1.7468934256973223,-5.464530225094326,0.684366361716129,4.572520077839794,2.398245112960266,-2.2657985877886357,4.803560897241552,3.8313870278372333,-1.1821935135108426,4.726897932174384,0.7027129648024046,-4.718124439786694,-2.547216225364973,3.72318601875077,3.1964575853379675,-3.4048420412539966,-0.34820196917746604,0.445594171055415,-1.6476353370373957,4.557885180403982,-4.640298577558727,4.718538262853828,-1.1128228641947078,-2.6162738200549516,2.4898793587606187,1.319848068500614,4.922693805020373,-0.07603620411496421,4.0438002202050685,0.7730663101960247,-3.5624419174455344,4.579928480849606,-2.5419581348195175,4.070294500267236,3.5878645563084524,-2.4874727523706417,3.6581433733533815,3.964818645310048,4.042066251737101,-2.1588580092285885,-2.108697747934601,-3.9572790006169343,2.1309138144947175,3.592448841038716,3.121930233028562,-2.0291088939324036,1,28,train
0.16208424692332668,0.4903556896305258,-0.4731089538418544,0.6543887408272971,-0.8097641036114471,0.6266754306326257,1.0709434861365446,0.722470139705361,0.6487623175316021,0.3298701597022942,-0.2548244146030921,-0.19923117627520118,-0.05222911527880409,-0.2680923630016164,-0.18486956109867567,-0.8409303862815707,-0.2064852034891756,0.1872103543942215,-0.2750495372584809,-0.1837799076637357,-0.3464157358698072,0.16336972111167614,-0.5140875052919859,-0.16713063501195177,-0.8366889360167177,-0.5548698404594575,0.2638755286389068,-0.45933340431615044,-0.92798438353163,-0.8883857461143446,-0.3412136395686207,0.012440845272738515,-0.4065585301660196,-0.643812590206876,-0.6291819263889666,-0.34297626302464146,-1.3741684964499368,-0.4535058308417443,-0.49221731484867737,-0.37233131830297755,-0.4424696815350002,-0.23957798316990492,-0.29810006077191903,-0.5678157723703157,-0.11971462464989428,-0.6332503277099327,-0.1754645491908587,-1.08507439750808,0.29249422440022743,-0.6513976561423304,-0.3689916989985238,-0.6477170012145883,0.20163097566712734,0.33595588509209484,-0.31191139161840237,1,28,train
0.27153726514751847,-0.17627402496801323,2.464877399301772,0.6943875669925947,1.3469366006047983,1.2172714963016498,-1.1256436077716343,1.2394251439582162,1.3426657893250182,0.814089648526039,0.4445402562955877,-0.2277343226620183,0.13120444646748644,-0.13101697037339358,-0.40050987474530364,0.36190353337438314,0.9357322015880205,0.6201333741978191,-0.1345265983178921,0.05918480553068796,0.2969385592101602,0.47806623192552855,-0.2366948362607239,-1.2043604826969487,0.1612980219770436,2.6364665904996682,-1.8122599609696994,-2.359726382862861,1.0955551610897807,-0.028005154868753396,0.6415770181057502,0.7957126430392942,2.8125852414763974,-0.7250448839986555,1.5272836333669109,-0.6907554024024981,1.2379269698338498,-0.44823966450562386,-0.8042050580103848,-0.5838991213670482,-0.2171658387364384,1.4745566901736251,-0.6318650384692927,-0.07965805260179515,-1.0235362755540505,-0.5783947543433416,-0.1719258456058152,1.1875190137149287,2.6699363404321943,2.881451051232872,-0.009199239033204227,-1.1403427832825728,-1.7832380186967296,-1.6389633397187633,0.20230434396463653,1,28,train
0.35398239575794865,0.09915980920743103,2.538737391419908,0.8826173371822308,1.6604529301561792,1.562060819555354,-1.042861248157161,1.722742665057632,1.714229662093118,0.966272916442073,0.7960925507580257,0.00436272648777812,0.42580986381758945,-0.5289777876811372,0.3704042465413913,0.9853908403520105,1.6577358456000275,0.7933025821192582,0.13982771104230515,0.8406118560749155,0.827899634065314,0.6081407897285875,-0.21257373460583157,-1.2833875187110437,0.4740006021484221,3.7034495538625083,-2.062123094292398,-2.1505496381516305,2.0919367999813123,-0.06612328232900111,0.7711757861507222,1.5569204465025668,3.4869513280259947,-0.7875312638384859,1.7087897526249205,-0.5438064702710094,2.5360592621688225,-0.05854335563271498,-0.29000303687349666,-0.148318350352785,-0.0763509369873373,1.9615986453302738,-0.3324582202407663,0.10736341146536527,-1.0776382757842289,-0.2703596115924844,0.22794765950410142,2.028590967775033,3.392613045823604,3.4732032097182186,-0.08308519063322521,-1.425401522344384,-1.9185699955851743,-2.032325074434684,0.8722000728893294,1,28,train
0.19335653784452433,1.2048869406074028,-0.5863609417563294,0.779090963577931,0.439926568135221,1.4927730129684853,0.19459229987298265,1.5669480062417032,1.3903021832696465,1.487385318700008,1.0242275503559908,-0.2277343226620183,0.6036848327836893,-0.1796566258221178,-0.6215411962330973,0.04188349970445045,1.1687598327241708,0.6611471339686863,-0.22486277335112778,0.6961463509322852,1.1418255250380691,0.03329516330861712,-0.23267465265157516,-0.2906103787839752,0.24113697861654448,-0.7375065639179618,0.05035612379950964,-0.11663958851264523,-0.1662717792825059,0.5383213102549269,0.24198081663375326,1.1082858956691404,-0.7882751829299426,-0.4376075367354356,-0.8452606397913592,0.8473100872404176,-0.06548228303907012,0.5102026086682871,1.0966091549563137,0.6855076970173761,-0.06226944681242719,-0.45463546986245107,0.767002882762347,-0.2476603847299223,-0.008328153587762366,0.2149012297273594,-0.18608065994598924,0.14679866651934523,-0.1345420106037874,-0.8545364568164044,-0.2244322284767436,-0.21874511233516367,-0.1404581881342192,-0.049295298392569464,1.2920642973562144,1,28,train
1.8991178608189416,1.5900951289832053,-0.5321969475363632,1.619066313049182,1.3265215837968014,1.3014066900142762,1.9016216464059144,1.4642651629312045,1.6523023499651013,0.5742857112038035,0.5155986987933145,2.1258111932780226,0.9427589923753172,1.8587871161653247,-0.912655619656045,1.1067777496750886,1.424708214463877,0.6702613028066567,2.073691013605647,1.3068414408534041,0.23880413495594627,-0.8100914856725074,1.6286703583842843,2.0653831323862324,0.021579847857917004,-0.6365757430593146,2.3945266109724654,-0.7619720987919733,1.2302013285075553,0.39129424719397143,1.6891670598026072,1.354667165389137,-0.805240367497228,2.155577226617526,-0.4087816387185263,1.7388002755047829,1.5914833258763017,1.679291535287014,1.6801417856846923,0.05910106441591177,1.7166921452845503,-0.6823433969486765,1.2136589558573618,1.53379830689286,0.2908240829791062,0.9955382353288472,1.7955933476783763,1.2172538807776596,-0.8613248336394664,-0.6999743258687394,0.2638575386190472,1.4473263528610536,2.4947561396102196,2.1162218803528066,0.30137343063659816,1,28,train
2.2360057221063894,2.1050366450503404,-0.6454489354508381,2.2566946595665742,2.179577643273815,2.007482433328082,2.466825343084042,2.067969465842929,1.9746419489904183,1.3597973264067673,1.4243987791589785,3.607974805392512,3.1050515838694697,3.1853231738578036,-1.252289113649484,3.8545359698065793,2.76557212477189,1.009764092021057,3.1443419769625143,3.5526233844342925,1.7425479089982796,-1.3807411586149598,2.653817178717209,3.720011698931347,1.59839924148806,-1.4920846055754657,4.497919896943548,-1.594228508600486,3.1229417390659853,1.7526559422028183,2.8555559722073554,2.1783896193783785,-1.1784744279775081,3.5646450920057013,-0.849582214059407,2.9388832212452742,3.7128214621310134,2.832581962897379,3.2689682554896837,1.3492498242772057,3.0872905223091345,-1.4413698205694279,2.911933695317528,3.308917287869298,2.0316355021501393,3.1180269586669467,3.3136971856620416,3.506838644607943,-1.2144509510466326,-1.3491352758489326,1.6837527824107548,3.271148770741962,3.9195011185191246,4.395286776335769,2.0185709329505994,1,28,train
0.3170242337601696,0.1410736535384769,2.230166757681918,0.20969590875428204,-0.4262534307183623,-0.3351053131803384,1.2693356927988166,-0.3698628658563224,-0.5278566129007126,-0.145126100762903,0.014449683283030612,-0.20737493238572036,-0.4190962387713852,-0.21503092069391724,0.4404873484765454,-0.4436641375878612,-0.2752474552998429,0.24189536742204437,-0.5159460040137761,-0.2625792741051704,-0.5169433803488347,0.66688413841384,-0.2728764887430624,-0.3153063275383799,-0.5439460950052144,-0.44913279003611306,-0.5538583622353801,2.860791096845082,-0.6433039152769069,-0.4527500037115136,-0.3952131262540257,-0.046396472869350176,-0.9324792517518691,-0.181413379392131,-0.3958169159143827,-0.7152468910910795,-0.7303793108203976,-0.40084416748054036,-0.34200099406711454,-0.5133765203456914,-0.41430670118518,0.6459528443876383,-0.3766329967007128,-0.5361172191385936,-0.5461656852877708,-0.32099552546933763,-0.47979305750460055,-0.6772819349334841,-0.824369774841042,-0.20095944595199203,-0.4011160257811416,-0.5370145782779626,-0.8434326236380852,-0.4832097892647704,-0.2647356360603254,1,28,train
0.6155324652806927,-0.8788298918503058,1.1042122111698915,-1.5173122327356285,-1.5140821834873408,-1.7489065094885892,0.05757322189040618,-1.8888607893116292,-1.933130234267242,-0.7430987393420672,0.5006390266885299,-1.135763128984906,0.9538761779356986,-0.35652810018111497,-0.8479635255620567,1.3661043286834822,1.199320833528912,0.7135536047870166,-1.0947666810785823,1.1820757773211326,0.5062224865253303,0.6249246036386596,-0.7271572365768683,-0.2510968607769277,0.45071423979523434,-1.7083649359868522,-0.5856591246582691,0.04358089679808449,1.5071877300526912,0.03189475971163586,1.1869718336283408,1.2369925291049595,-1.708636445705179,-0.3657481999196307,-0.7545075801623543,0.4505479704853979,1.7181303787870308,0.6471229334074173,0.4495234654357356,-0.23128611626026374,-0.8649143867823036,-1.3528167378136735,0.49704591550711824,-1.100351466663247,-0.3297576843670573,0.3499303333989681,-0.9292084128051263,1.2894671293585778,-1.4895608332126804,-1.3977119455753417,-0.5328257655898747,-0.3792636255932709,-0.2419571708005528,-0.42643593064597773,0.4570534239782521,1,28,train
-0.46336157150062635,-0.24413453483732558,-0.4895222854236624,-0.4867542409473713,0.22994353811010995,-0.4786300553959951,0.14891927387879048,-0.4300562567624767,-0.45798990178192467,-0.44334381768927283,-0.49791908630584175,-0.41504071320395924,-0.4024204604308133,-0.7191146226170592,-0.22799762382800126,-0.4326289640130359,-0.7145618418679953,-0.19330619459104587,-0.04419042328465642,-0.4858441456892354,-0.5712021763194344,0.18015353502174827,-0.5382086069468782,-0.6363536613456409,-0.5705590805517147,0.1131960690334919,-0.08593285801287151,-0.040979914893689524,-0.6740801821152553,-0.18047766470974425,-0.5248118942989977,-0.4656123646317321,0.09815571071072306,-0.506342554559249,0.19623875880817285,-0.41645072909038583,-0.8781342058829149,-0.5324983258835501,-0.555770373640877,-0.38477648318909935,-0.1561460479784946,-0.2206023225793861,-0.3668163797096136,-0.46321054670563266,-0.3902246258007861,-0.4349263316922575,-0.4302512073139914,-0.8854260043726008,-0.3439540104615254,0.1523254247855282,-0.3143803434680735,-0.1689290220136821,-0.5539725619600228,-0.21556159863331933,-0.7931040983107873,1,28,train
0.12370461715640228,0.011340325847144447,-0.39268362909099536,-0.009121199091169867,-0.20897932326182367,0.1779543974986184,-0.27641078069212394,0.16302568304816173,-0.014971438096883127,0.7403038216576587,-0.46799974209627254,-0.46390324986707426,-0.4079790532110039,-0.7544889174888586,-0.3519908041748123,-0.3222772282647833,-0.8635467207911078,-0.3550826914650218,-0.43899296602250126,-0.6040431953513874,-0.551824034901363,0.020707302876063025,-0.2527755706973188,-0.3153063275383799,-0.5871921965182774,0.03629639599833225,-0.39031158406052274,0.052482034870902805,-0.8279615163069977,-0.43641366337140747,-0.7300099437035367,-0.5612230066126263,0.12360348756165125,-0.5282127875031897,-0.3093854305534257,-0.6172809363367538,-0.9309038112623853,-0.6325554862698375,-0.5153275180458409,-0.5756023447763003,-0.4659388318265171,-0.11939879942995262,-0.3177332947541175,-0.17158385697378925,-0.48569874385404205,-0.3631921203667154,-0.3913254678785128,-0.9066651951316943,-0.08937471651682428,-0.152382776225583,-0.28546844936371746,-0.23811803634907316,-0.3772891476889976,-0.272335457252112,-0.5430725938529795,1,28,train
-0.25014140612882424,-0.2501222268846178,-0.597850273863595,-0.6985127324107119,-1.7211487825398808,-1.9254254453170405,1.9059034925928697,-1.9366614232665165,-1.7727543746536607,-1.2180949998072643,1.1439049271942674,0.17538160480868073,0.3479895648949207,-1.1966676033863515,0.03616176038911797,0.3729387069492084,1.2986440861443203,0.8046952931667213,0.10302408417691283,0.3087161325952312,1.0100541633951843,0.1717616280667122,-0.5100673216828372,-1.3031442777145676,1.1526317335841798,0.6466875507149119,-3.293266896664241,-0.9177420150662938,1.726468631275924,0.037340206491671246,0.23118091929667225,1.2590565234082427,0.7597979088348562,-0.871887876622257,0.4123174722105654,-0.2939932856474785,2.2616573141955763,-0.1480681833467616,-0.4055540528593142,-0.04046025467306268,-0.4471635115933036,0.17156132962466872,-0.3668163797096136,0.12638254340439853,-1.997372279697261,0.10097042350443955,0.17486710572844877,1.981864748105027,0.6825754006058179,0.8456469836079116,-0.0316862677810367,-2.3525343144386244,-2.7907094021995964,-3.0866967344979757,1.3722630818049453,1,28,train
-0.584186331877981,-0.6912155410351482,-0.573230276490883,-0.6843954996464892,-0.8447612752822989,-1.1005706049971742,-0.28782903719067193,-1.1435249783854238,-1.0423296675026963,-0.9521585821358108,0.30990320735252636,0.05729714120615274,-0.2968071976071915,-0.38305882133496455,0.3272761838120657,0.11361212794081467,-0.08424120027021147,0.09834720822400937,0.04614575174857926,-0.387344937637442,0.029520207640776158,0.3815593019426138,-0.10000859354966728,-0.626475281843879,0.08811231172416775,0.51691935246808,0.05489908985992235,0.1503945536719043,0.17611418929412068,-0.13146864368942576,-0.07121620614159573,0.17056613777960186,0.5434918056019665,-0.4719750456473424,0.3863880266022783,0.18114159491100182,-0.02326659873549377,-0.09014035364943733,-0.11089896209547945,0.10058494736965112,-0.0012496560544833718,0.3423422749393378,-0.27355851829417094,0.012267751770198952,-0.03697038900373915,-0.04249799914664469,0.11470914478270912,0.05759406533115235,0.3376615184871905,0.4791139302177344,0.17390942362771733,0.022032657551997275,-0.21564261973891075,-0.21961687424894738,0.1221055595159057,1,28,train
0.38809762221743704,1.8216192214785063,1.294606857518864,1.164961992466685,2.409975690106923,0.8048440761417167,2.4054522144043466,0.8198418014653166,0.6011259235869739,0.7218573649405637,0.5118587807671183,0.028793994819335637,0.5981262400034988,2.641443390203887,1.9176234969559467,1.9454509413618088,0.9471925768897984,0.8867228127084555,-0.21147963630916694,0.6567466677115678,0.16129156928366103,-0.0967793944944419,0.024617098333943186,1.8283020243439476,0.6769246169404869,0.9542862428555505,1.4177889079837338,2.8518899587722637,0.849345026382993,0.37495790685386526,0.7765757348192628,0.7957126430392942,0.5307679171765024,0.08727805391913972,0.42528219501470893,0.43585307727224903,1.2379269698338498,1.2000703987000583,1.0330560961641142,0.42415923440881814,0.09262694511158404,1.3417270660399938,0.7768194997534462,0.34193270538010884,0.803201849864913,2.8395294323442535,0.019164147986534347,1.4721241698867822,2.4646304582187257,0.8986397142185396,0.08074887595812566,3.5174616617759544,0.9046054111709932,1.499819986777344,0.5561225106502138,1,28,train
1.3632245118511457,0.6540192722565144,-0.5108596164800128,0.5249807738219224,0.3976383190329417,-0.3961445713640085,1.7902936455450709,-0.36278129045559837,-0.48022021895608447,-0.31114421121675834,-0.27352400473407285,-0.4516876157012955,-0.7804047694837757,0.4393935344343723,-0.31964475712781815,-0.007774781382263241,-0.4547933350276965,0.24873099405052224,-0.6765436485173062,-0.6303096508318656,-0.5867046894538914,-0.742956230032219,0.2055253607456358,0.5391734993640225,-0.6603779067711532,0.11800229859818938,-0.5765731925374437,-0.810928358192474,-0.9164432834672495,-0.6052225135525044,-0.6652105596810507,-0.16407110915352757,0.32294440622725545,1.302638141803841,0.191917184540125,-0.7103485933533633,-0.777871955661921,0.2152972938455453,-0.7290968976196033,-0.7000539936375184,0.16772822604443796,-0.3534319467130176,-0.46498254962060587,0.10736341146536527,-0.8930549808812673,-0.295677568530911,-0.5824154614708623,-0.5838294955934725,-0.35216624575006417,0.17440572920662323,-0.7159344282507962,0.210226776544261,-0.6742676525275292,-0.5643153015773312,-0.3496519960648639,1,28,train
-0.14353132344292313,0.8116951628352107,-0.5502516122763519,0.77438521932319,0.814687948110593,0.6976129469001341,-0.3149473963747235,0.8216121953154976,0.9838049549421531,0.6972620893177703,0.16404640433087656,-0.4557594937565551,0.13676303924767708,-0.7810196386427082,-0.4220739061099664,0.22396386368906732,-0.19120470308680507,0.025433857520245566,-0.37542306507318723,0.00665189456973149,-0.028614216613437764,0.1717616280667122,-0.4497645675456063,-0.7894685436229499,-0.2279168916405233,-0.31936459178928117,-0.7310340385914756,0.24385650343649662,-0.04701374528390562,-0.10424140978924883,0.19878122728542927,0.14114747870855754,-0.5507625989879461,-0.5125911925432322,-0.15380875690370308,0.14685351074698777,-0.171021493798011,0.11524013345925789,-0.0242357001061163,-0.13172479717128927,-0.7522624653830227,-0.7708964797044308,0.10438123586314924,-0.3427560444250886,-0.5461656852877708,0.0798721260557507,-0.3099352854225121,-0.1802848711706953,-0.680655657291614,-0.25395217656262004,-0.4589398139898537,-0.3294475352717894,-0.6253977719844798,-0.7184157749711969,0.15512858840655958,1,28,train
1.6247745813738896,-2.0045159967412522,-0.9146275733924887,-0.6302794407169688,1.9112659937972842,2.184001369156533,-0.42056626898629296,2.0697398596931103,1.7840963732119057,0.8217756721581619,-0.4866993322272533,2.553358389080279,-1.4196429392056973,0.01932378283175402,1.7073741911504845,-1.1499152463766782,2.723550748665371,1.082677442724821,1.772570430161528,-1.6612680284406363,0.2543066480904033,-1.5653631116257534,-2.5201591262571994,-0.06340765024345205,0.49396034130829736,-1.775652149892617,-1.0808424252432538,0.395175850674408,2.4612520020414936,-0.8774948525542738,-0.6706105083495912,1.8805256962840544,-1.4923303424722894,-1.1874440948134004,-0.9273705508842683,-3.179090653162375,3.264279816405515,0.2205634601816657,-3.791198821243768,-1.5172864878261838,-1.1042997197557753,0.27276485277410223,-3.8124489435854416,1.9141809456735253,-0.581172861907298,-3.15660670257312,2.432559992986208,3.4006426908124756,-1.7318217742245736,-1.945303495218498,-0.30795547811154994,-0.7501167424309672,-0.7832850783543319,-0.998229792449532,-0.014704131602517491,1,28,train
0.47765009167359396,0.5023310737251103,-0.4862396191073008,0.6661531014641494,0.5624166689832025,0.8196914632674743,-0.31352011431240506,1.046452214288486,1.1013080600055691,0.2745307895510091,0.055588781571188246,0.1305909462008253,0.0033568125231021343,-0.6925839014632096,-0.48676600020395483,-0.23399583966618118,0.12204555516179051,0.23733828300305915,-0.037498854763676,-0.14438022444301835,-0.5130677520652204,-0.19748227795487466,-0.1522709804686007,-0.6363536613456409,-0.3476753265997747,-0.6750255795768945,-0.694690310108174,0.11924057041704018,0.018385821747584845,-0.08790506944914266,0.25278071397083424,0.08598749295034938,-0.538038710562482,-0.5313371064951813,-0.21431079665637298,0.1909381903864344,-0.20268325702569326,-0.3218516724387345,0.12598062067544652,-0.07364736103605417,-0.33451159019402266,-0.49891201124032825,0.060206459403202725,-0.08282790792496736,-0.2788381547386542,-0.18174676230799117,-0.044532516544248835,-0.26099379605525075,-0.36859071632714163,-0.6116531081843594,-0.05417329652886917,-0.47889580623623407,-0.7870442999345666,-0.7143604993555689,-0.15623139827674837,1,28,train
2.7591058611518773,2.4423432970478047,1.407858845433339,2.456688790393062,1.0669592272379835,2.010781852689361,1.3378452317901048,1.9192563824277242,2.0937329338519888,2.1606809888739766,2.5501141050440195,4.178037733128854,3.6442350835479598,1.708446362960177,2.6184545163074877,2.1440840657086637,2.937477754298558,1.0553349362109095,4.064432648597322,3.532923542823934,3.114520321397728,3.1299088297169253,4.2257089698943595,1.9122682501089234,1.1925512119039303,1.8386324827598866,2.1128627152268775,1.7882039590704748,1.361000462570536,3.473417124694001,3.4603502230838914,2.145293627923454,2.1212539703595152,2.2243122444413395,2.0890882882131314,3.4972891633449312,1.607314207490143,3.4434572578873444,3.5058478382606095,3.058385801971267,4.471970389508629,2.834479032494138,3.6236384271722217,1.8539536945332533,1.5542649118838598,1.5483136284844954,4.14883123173231,1.5315939040122442,0.9864281062817515,2.2411222230211165,3.5501761684808497,0.6198257414097762,2.0323718852413664,2.136498258430947,3.013979375226023,1,28,train
-0.7178043021776437,1.3865135993752682,-0.7143849280944315,1.6261249294312934,1.408181651028789,2.0388269172602365,-0.13368257446027346,2.0201688318880415,1.8364964065509968,2.077671933647049,2.5239346788606465,-1.5836697150634604,1.9988916206115355,-0.7589107043478336,-0.9935207372735305,1.3329988079590065,2.4599621167244794,1.027992429696998,-1.2888221681870147,2.2064675410597836,2.509922309153904,0.6417084175487319,-1.4065682665230026,-0.5573266253315459,1.4852940529154335,-1.2758042751640792,-0.6129169210207452,0.12369113945344934,1.5918224638581495,2.1937371313856846,1.8241657765161197,2.023941659255396,-1.1996809086866151,-0.42198594177547805,-1.666359750720451,1.3273432655366142,2.2669342747335235,1.3264583907669476,1.8996887160577458,1.4197724252985628,-1.3718480330790677,-1.0365557279716937,1.6603150289523765,-1.100351466663247,-0.5302533322788948,0.9533416404314695,-1.573252465283045,2.1390347597223194,-1.021463421765972,-1.3888798238069038,-1.615415578164095,-0.3903338678869335,-0.6705084309472946,-0.5237625454210507,3.169659368567677,1,28,train
-0.11510196806001617,-0.2561099189319101,0.83339224007006,-0.13852916609654464,-0.8783002314668653,-0.6980414429210796,0.05186409364113216,-0.6920745465892663,-0.5389717714877925,-0.6493292510301674,-0.2323849064459152,-0.35396254237506547,-0.3746274965298602,-0.7368017700529589,-0.37894584338064086,-0.23399583966618118,-0.6075983390514017,-0.17735639912459752,-0.2717037529979907,-0.6828425617928221,-0.14100743683825134,-0.0590158131967796,-0.38142144619007795,-0.6462320408474027,-0.011686384075208372,-0.44432656047141555,-0.6492606495040469,-0.040979914893689524,-0.3163060801194546,-0.2458230260701689,-0.4330127669338092,-0.30748707212486875,-0.3132500150459495,-0.8094014967824266,-0.4952131240794833,-0.4213490268281021,-0.3293303099364223,-0.5956923219169948,-0.47488466245080474,-0.3764797065983515,-0.5457339428176744,0.12095956804995198,-0.5189739430716516,-0.3015479252238499,-0.3138453313581814,-0.42648701271278194,-0.28870306391225103,-0.11656729889341468,-0.6642311867145365,-0.22303975037308704,-0.21479493044195827,-0.24642071806932012,-0.6178793288240105,-0.4872650648803984,-0.3402168449532485,1,28,train
1.7143270508300466,0.689945424540268,-0.44520629015278085,-0.4114623328715169,0.09578771337184451,-0.05630437715222362,0.9239334337177385,-0.36455168430577933,-1.0137478311359194,1.542724688851293,-0.23612482447211133,-0.6878565429063516,-0.12449082142128219,0.07238522513945317,-0.48137499236278913,-0.39952344328856015,-0.676360590862069,0.24645245184102962,-1.37581255895976,-0.19034652153385526,-1.5246067340885425,-0.6884088348244846,0.289949216537759,-0.7795901641211881,-0.5639058341650897,-0.15595278658956685,-0.6038309888999198,-0.5750481992627886,-0.6202217151481456,-0.3656228552309474,-0.3196138448944587,-0.13097511769860268,0.1702577451216863,0.7340120852613844,-0.4131032129865741,-0.9258736938128801,-0.42959256015741615,-0.43770733183338306,-0.38822140046144155,0.17110754839100803,-0.756956295441326,0.26643963257726266,-0.2195671248431252,-0.3427560444250886,0.7204576142187579,-0.27457927108222213,-0.18961936353103273,-0.43515516027981777,-0.0852685988725549,0.02425965914317712,1.356084649228053,-0.060994159650472016,-1.1140965774149747,-0.08984805454884992,-0.7223404649736719,1,28,train
0.10380406838836742,0.015332120545339292,-0.40745562751462255,-0.3055830871398466,-0.03836811136642091,-0.5116242490087898,0.3301840957932406,-0.5398206754736994,-0.6056627230102719,-0.2727140930561437,-0.4941791682796456,-0.5331251768064873,-0.5080337232544352,-0.5820392299888364,0.06311679959494647,-0.371935509351497,-0.9934309742112573,-0.39381790902639635,-0.47914237714838376,-0.7025424034031809,-0.26890317019752197,0.03329516330861712,-0.4859462200279448,-0.2906103787839752,-0.5140064862654016,0.37273246552715567,-0.2812803986106178,-0.009825931638825416,-0.6779272154700489,-0.4309682165913721,-0.5464116889731597,-0.46193503224785154,0.04301886086704529,-0.5125911925432322,-0.2661696878729472,-0.4115524313526695,-0.8359185215793385,-0.5272321595474297,-0.3477785448664054,-0.46359586080120413,-0.4471635115933036,-0.037170936871037875,-0.47479916661170507,-0.3395861891019164,-0.517523449871794,-0.2239433572053689,-0.3630158391981647,-0.5031205707089171,-0.1468603635365955,0.05517208533271014,-0.513551169520304,-0.30453949011104864,-0.2231610628993799,-0.41427010379909357,-0.580813198299441,1,28,train
-0.08098674160052781,-0.34792119699039153,-0.34672630066193305,0.06146496472994365,0.3597247163895189,-0.08764886108437854,0.6484679956902671,-0.07597748672627466,0.17081049828716655,-0.2250607465369815,-0.5988968730131378,-0.35396254237506547,-0.48024075935348204,-0.7368017700529589,-0.050094365069533214,-0.20089031894170536,-0.8635467207911078,-0.3505256070460366,-0.4289556132410306,-0.43987784859839846,-0.8579986693068897,0.1717616280667122,-0.38946181340837543,-0.39433336355247495,-0.7668298489571544,-0.13192163876607949,-0.3494248895168084,0.03467975872526617,-0.5394340146974809,-0.20770489860992117,-0.3682133829113232,-0.43619370556068776,-0.07573743110395298,-0.5407100634711558,-0.14516560836760736,-0.8181111435831218,-0.5773474552199334,-0.9801224644537833,-0.5211050688451317,-0.6087894511392918,-0.3908375508936631,-0.01819527628051909,-0.6171401129826438,-0.29203835925433325,-0.42841427302208845,-0.3631921203667154,-0.27454824957207696,-0.4181638076725429,-0.20434601055636673,-0.18329520241511602,-0.38826629506809446,-0.07759952309096588,-0.2381979492203182,-0.13851136193638647,-0.830844702757249,1,28,train
0.13081195600212903,-0.19423710110989004,-0.5650236106999791,0.4779233312745134,1.1909075435722505,1.012707495902323,-0.3506294479326862,1.198706085404053,1.1600596125372773,0.9078591368379388,0.32860279748350707,-0.1625842737778649,-0.14672519254204466,-0.5024470665272877,0.12241788584776916,0.11361212794081467,0.45057631381275665,0.3079730914973303,-0.10106875571299,-0.4727109179489963,0.28143604607570316,0.15497781415664008,-0.5181076889011346,-0.6758671793526884,0.22117723945666926,-0.6269632839299197,-0.7764636991956027,0.19044967499958673,0.5800526915474441,-0.4473045569314782,-0.07661615481013621,0.604491359077506,-0.6440711141080161,-0.5563316584311134,-0.8625469368635507,-0.7985179526322566,1.1112799169231207,-0.6009584882531152,-0.8504254644047118,-0.6170862277300397,-0.5598154329925844,-0.3597571669098572,-0.6956730489114377,-0.35226561039460524,-0.5588955676948716,-0.4011690557743553,-0.18254195636094572,0.8179570945067011,-0.7668841278212708,-0.6249012908370163,-0.24049439186805252,-0.5148740936906374,-0.6028424425030723,-0.6454208138898921,0.30609100619240587,1,28,train
0.23457910314973943,-0.850887328962942,2.2531454218964493,-0.6561610341180438,0.12786845407012537,0.2983832041853189,-0.6774770402036238,0.5171044530843638,0.23432569021333735,-0.5494109438125693,-0.8045923644539259,-0.3417469082092867,-0.4413306098921477,-0.4316984767836888,-1.4625384194549464,-0.4657344847375117,-0.5579367127436975,0.2077172342796551,-0.22820855761161798,-0.7288088588836591,-0.8153667581871328,0.4403026506278663,-0.614592095520704,-0.6314144715947599,-0.4940467471055263,1.1897914915257268,-0.7219481064706502,-1.153622173995979,-0.4124819139892935,-0.38195919557105357,-0.15761538483824372,-0.09420179385979724,0.7301088358421067,-0.493845278591283,-1.3595279776890536,-0.7789247616813914,-0.32405334939847524,-0.16386668235512278,-0.9197560739962023,-0.33914421193998606,-0.47063266188482045,-0.7582460393107516,-0.8036558358135292,-0.3015479252238499,-0.00196321238421197,-0.40960837475383083,-0.28870306391225103,-0.4394029984316365,0.21037187151483996,0.7705739485761885,-0.5264009002333511,-0.14402097685294132,-0.7005822035891712,-0.7508579798962213,-1.047853178324403,1,28,train
1.3077872688544772,0.869576185959036,-0.45669562226004645,0.1438154891879094,0.6572006755917597,0.6167771725487873,0.6998501499337333,0.5861498132414232,0.0866528689849902,1.3244416176990017,0.3398225515620955,0.33418484896380457,-0.3913032748704321,0.0768070119984281,-0.4975480158862862,-0.40504103007597275,-0.5502964625425122,0.38088644220109413,-0.2750495372584809,-1.0111732552988,-0.38904764698956407,-0.3401446961904878,0.5713620691781697,-0.39927255330335587,0.018253224664604467,-0.14634032746017192,0.12304358076611292,-0.22790381442287422,-0.5201988479235131,-0.22404123895002734,-0.3250137935629992,-0.30013240735710767,-0.18601113079130854,0.11227260585507187,-0.7026486889457801,-0.16663754446685491,0.013672125030135537,-0.5430306585557909,0.21842143346410053,0.1213268888465208,-0.015331146229393484,-0.08144747824891503,0.13383108683644693,0.47823648427651383,0.3162838477933078,-0.025619361187693607,0.5110439463075822,0.20626840064480712,-0.32342342224017856,-0.18329520241511602,0.7906964978539794,0.055243384432984995,-0.204364954998207,0.14130265554194868,0.2353273728552904,1,28,train
0.14644810146272785,0.9294531064319587,-0.5026529506891088,0.5390980065861452,0.04766660232442321,0.6893643984969354,0.30877486485846306,0.6357208410464915,0.5423743710552659,1.0769516567446433,0.17152624038326886,-0.17479990794364367,-0.2801314192666196,-0.20618734697596738,-0.626932204074263,-0.48228724509974963,-0.1797443277850272,0.052776364034156996,-0.47579659288789355,-0.5252438289099527,-0.0247385883298235,-0.0841915340618878,-0.6226324627390014,-0.48817796881921277,-0.4574538919790884,-0.2136275413659366,-0.05867506165039528,-0.02317763874805289,-0.6394568819221134,0.09724012107206051,-0.2008149741865677,-0.03904180810158909,-0.4192824185914837,-0.45322913169539325,-0.3093854305534257,-0.21072222410630156,-0.6617788238270861,-0.05854335563271498,-0.13978671609193383,0.13377205373264262,-0.17961519827001146,0.019756044900518476,0.045481533916553886,-0.35543546571777745,-0.17699909548184783,-0.2619202926130088,-0.07991955239468393,-0.7792300505771331,-0.2084521282006361,-0.21862368948886804,-0.3143803434680735,-0.29900436896421734,-0.12542130181328087,-0.19934049617080715,-0.17510170049997917,1,28,train
0.2971236849921347,-0.4576955511907498,2.441898735087241,-1.0373263187520567,-1.5038746750833423,-1.4635067347379154,-0.5033486286007662,-1.4958333545714448,-1.5139299675545148,-0.5770806288882119,0.22014517472381878,-0.5168376645854489,0.10341148256653335,-0.6395224591555104,-1.0096937607970276,0.6543356331072526,0.6301221935406102,0.560891276751011,-0.47245080862740335,0.1314175581020031,0.18842096726896088,0.6291205571161778,-0.37740126258092926,-0.35481984554542745,0.13468503643054328,-2.5494551098089104,0.34564891772633544,-1.0868636384498418,0.9339797601884513,-0.0007779209685764617,0.4957784040551568,0.6780380067551168,-2.8749928847060553,-0.643812590206876,-1.320633809276623,-0.10295967387654312,1.4701132335035199,-0.07434185464107615,0.027762257087501598,-0.09438930251292385,-0.7522624653830227,-2.0549161796628685,0.045481533916553886,-0.7104592619130651,-0.05924768321616553,0.20646191074788384,-0.614263793736254,0.9326487246058062,-3.1648568320745847,-2.263259878882266,-0.36577926632026203,0.3126265177606398,0.06253977719844798,0.2872925777045583,0.3627019128620982,1,28,train
0.18198479569136156,0.22490134220056862,-0.4878809522654816,1.0332011533339396,-1.3886756516667882,0.46665359161057157,1.501982668956733,0.47284460682983853,0.2375014498096459,0.05778492312514241,-0.1875058901315614,-0.21144681044097993,-0.10781504308071031,-0.5024470665272877,-0.1417414983693501,-1.6133925365193391,-0.35929020751288077,0.1872103543942215,-0.2783953215189712,-0.22317959088445305,-0.5091921237816062,0.13399804676904992,-0.5181076889011346,0.7169843303957363,-0.4641071383657135,-0.38184557613034836,0.45922306923665307,-0.6863124251730176,-0.9818428504987399,-0.8230403847539199,-0.2332146661978107,-0.1420071148502443,-0.202976315358594,-0.2001592933440801,-0.2920991334812343,-0.45073881325439985,-1.4902616282847718,-0.2007298467079655,-0.3304458924685328,-0.6212346160254136,-0.16553370809510135,-0.3913832678940552,-0.5533321025404989,-0.634382734156932,-0.42841427302208845,-0.5826144138330794,-0.19315806711607625,-1.31445765770629,0.530649047767851,-0.09497398473073596,-0.17945817098107866,-1.558244429868335,0.1452426519636087,0.4535588779453082,-0.3590871471764793,1,28,train
0.7050849347368496,1.3186530895059558,0.9450028948263542,1.0684942352444964,-0.17252393610468636,0.9863121410120873,0.2759473774251374,0.9526213402288924,0.8091381771451833,1.364408940586041,0.5492579610290799,0.19981287314023824,0.11452866812691459,-0.27693593671956623,0.8448129365639728,-0.38297068292632225,0.21754868267660624,0.3922791532485572,0.05618310453004989,0.3940821129067854,0.2581822763740176,0.6501003245037679,0.08491985247117405,-0.44866445081216527,-0.6104785588714652,0.5505629594209623,-0.12227658649617315,0.2661093486185424,-0.6279157818577327,0.750693734676307,0.19338127861688875,0.39120608081243446,0.5392505094601452,-0.22827816427200381,1.034624166809456,0.3231922293047743,-0.8095337188896033,0.20476496117330453,0.7268459038016978,0.68965608531275,0.09262694511158404,0.962213854229618,0.7768194997534462,-0.34909575507143303,-0.03697038900373915,-0.591053732812555,0.32703135988531973,-0.7070168019962151,-0.36859071632714163,0.8500630444921307,0.34095592289733,-0.28793412667055474,-0.2795493866028986,0.015589111457479264,0.5702752373176369,1,28,train
-0.5003197334984054,0.70391670598395,-0.5600996112254366,1.0049666878054941,0.8438522578363029,0.8130926245449154,0.17032850481356807,0.9437693709779874,0.8456594125027316,1.204539649037884,0.5903970593172375,-0.7652222259562838,0.4591614204987332,-0.03815944633492006,-0.31425374928665245,0.33431559943732,-0.02693932376132202,0.3148087181258082,-0.609627963307502,0.6042137567506113,0.36282424003160263,0.23470093022948268,-0.8718838465062223,-0.21652253252076115,0.11139867407735551,-0.6894442682709869,-0.19950700952318912,-0.20120040020441926,-0.020084511800350723,0.5056486295747146,0.052982613234835774,0.2955954388315403,-0.5889342642643384,-0.5969478053270032,-0.7069702632138279,0.1321586175338389,0.3513975994587463,0.00991680673685009,0.1317581714747374,0.20844304304937347,-1.0198107787063149,-0.517887671830847,0.08474800188095079,-0.783365934346026,-0.17063415427829745,-0.13955016741061343,-0.6390347188315585,0.36343841226209933,-0.4917742456552228,-0.7220546302898344,-0.7898203798508172,-0.14125341627952567,-0.1705319607760958,-0.33721986710216073,0.44290069731082904,1,28,train
0.5345088024394079,2.2846674064691084,2.870286689372429,2.3602210331708737,1.7727355226001622,2.1328603690567016,0.36443886528888475,2.1086885243970923,2.27633911063973,2.505014847593084,3.0811824647638724,0.6273600689424947,3.4719187073620508,-0.07353374120671949,5.292394405525674,3.1317321006555248,3.1705053854347085,1.1396409979621362,0.5915085862084836,3.8218545531091945,3.9942879417781656,1.1410268813733777,0.4386960100762618,0.040315334525047666,2.762717359147448,5.212605637177516,0.4001645104512879,1.1161680345726916,2.9575193048098622,4.088752610837999,3.4171506337355675,2.4836082072404637,5.327673853576468,-0.3719968379036137,5.602528168136034,3.64423809547642,3.1006940397291562,3.1380196103923614,3.806280479823735,3.3529213709428167,0.7450693232157526,5.706129001859314,3.4911140977923822,0.21513849245322042,0.3385611420057342,2.514615651634445,0.5216600570627128,3.1287810490960783,4.111183633570745,5.319116659321761,0.3859299803929949,0.210226776544261,0.3068891799136955,0.2954031289358144,3.9527769108317545,1,28,train
0.49470770490333815,-0.19024530641169518,-0.4550542891018656,-0.33617042479566245,0.8875987224248677,-0.2955122808449848,0.9753155879612048,-0.302587899549444,-0.31984435934250316,-0.39107885699083683,-0.479219496174861,-0.3743219326513634,-0.6747915066601539,-0.4980252796683127,0.18171897210059185,-0.9016238409431097,-0.737482592471551,-0.1135572172588042,-0.30181581134240265,-0.5909099676111483,-0.4743114692290778,-0.05062390624174353,-0.4939865872462423,-0.7400766461141406,-0.8533220519832804,0.3102514811860885,-0.5175146337520785,-0.39702543780642224,-0.7356327157919522,-0.15869587758960269,-0.33581369090008023,-0.3442603959636742,-0.054530950394846144,-0.09080812862437693,-0.14516560836760736,-0.27929839243432963,-0.8411954821172856,-0.6536201516143191,-0.4459969084543503,-0.43870553102896054,-0.5222647925261575,0.3043909537583002,-0.29810006077191903,-0.14939486971158378,-0.628909920933926,-0.38429041781540424,-0.2922417674972945,-0.7749822124253144,-0.32752953988444794,0.09050057240646217,-0.5521003616594453,0.27941579087965207,-0.516380346157677,-0.39399372572095337,-0.6044010760784795,1,28,train
-1.0817000510788528,1.4404028278008987,2.6684027109161907,1.5837732311386252,1.325063368310516,1.839212045902829,0.4971760970845056,1.869685354622656,1.8777812813030077,1.4766248856150357,1.4468382873161556,-1.9704981303131213,1.904395543348295,-0.06469016748876963,3.2653754572473717,1.581290213392575,2.2116539851859587,1.027992429696998,-1.9981284314109393,1.96350282786536,1.6534084584751516,-2.543020271887455,-1.6598398338993723,0.23294373480940428,0.9596875883720526,4.2513597242380206,0.6273128134719231,1.258586243737785,1.518728830117072,1.2516748384395626,1.6621673164599047,1.7113684066255495,4.114663157015557,-0.7781583068625113,2.8972226763380795,1.3420381587497632,1.8131156684700775,1.573968208564606,1.888133614459164,0.9385593830351862,-1.7379667776267305,3.4986271531622957,1.768297815854468,-1.4712245394743957,0.09032843506726876,1.1136887010415049,-1.93066152737244,1.7312422971477233,2.928621752021165,4.122364159698412,-1.5543793572771212,0.2932535937467303,0.5174055884068318,0.5184432877953569,1.7072109462672915,1,28,train
0.10380406838836742,-0.6173673391185436,-0.5568169449090751,-1.0467378072615385,-0.3431351480000891,-1.1863555083904405,0.22171065905703424,-1.336497908055154,-1.3329116705649278,-0.49868318784055793,0.09672787985934587,-0.41096883514869964,-0.274572826486429,-0.5864610168478113,0.27875711324157443,-0.16226721142981695,0.09530467945764211,0.16898201671828056,-0.4122266919385796,0.18395046906295956,-0.2262712590777651,0.3563835810775056,-0.42564346589071395,-0.43384688155952245,-0.37428831214627495,0.6082377141973321,-0.6628895476852851,0.0035257754704020607,-0.1662717792825059,-0.23493213251009812,0.22578097062813177,0.33972342743810685,0.5562156940274307,-0.48759664060729996,0.1400582933235508,0.11256542658297373,-0.6934405870547683,0.03098147208133165,0.004652053890338089,-0.24787966944175946,-0.40491904106857324,0.4561962384824505,0.15346432081864536,-0.5075885212300436,-0.31702780195995656,-0.4011690557743553,-0.5293349076952096,-0.38418110245799325,0.009172106945640671,0.5939315132074284,-0.3304425068593824,-0.19660462774783852,-0.614120107243776,-0.5237625454210507,-0.07603261382801754,1,28,train
1.9119110707412499,1.3925012914225605,-0.6257529375526686,1.7061225817618886,1.2740258262905235,1.222220625343569,1.8416757997885371,1.4784283137326526,1.476047692369977,0.520483545778943,0.39966123998123393,2.170601851885878,1.226247224165039,1.2883766113575588,-0.6538872432800915,1.4433505437072591,1.291003835943135,0.7659600756053467,1.919784937623097,1.6154722927490233,0.22330162182148922,-1.1122001360538059,1.2668538335608992,1.9221466296106853,0.038212963824479695,-1.1989046021289196,2.321839154005862,-1.1402704668867516,1.2648246287006972,0.4348578214342545,1.5271685997463922,1.2553791910243621,-1.025787766871939,2.1524529076255345,-0.5211425696877704,1.0334454012736367,1.4120666675861022,1.4686448818421982,1.3392662885265305,-0.07364736103605417,2.007709608899359,-0.6570425161613181,0.8259025847089423,1.4355327918745213,0.21762725913827669,0.5946705838037589,1.6646613150317664,1.0558360310085486,-0.9475533041691233,-0.8633685785848425,0.34095592289733,1.264667355015621,2.0774825442041815,1.8242420360275877,0.3155261573040212,1,28,train
0.7974803397312973,0.13708185884028204,-0.49937028437274716,-0.0020625827090585153,-0.7251876054068885,-0.5924600233601367,0.18888317162370863,-0.62834036798275,-0.5421475310841011,-0.17433299056497015,-0.4231207257819188,-0.5575564451380448,-0.5525024654959602,-0.6351006722965356,-0.1471325062105158,-0.34986516220184644,-0.31726883140636186,-0.14545680819170087,-0.5192917882742663,-0.8273080669354524,-0.6254609722900341,-0.31916492880289765,-0.5623297086017706,-0.4289076918086415,-0.3975746744994627,0.24777049684502128,-0.3494248895168084,0.030229189688857013,-0.27398871321672547,-0.7304677894933184,-0.3574134855742422,-0.3957430493380018,0.03453626858340256,-0.48447232161530845,-0.06737727154274605,-0.6221792340744701,-0.3662690337020516,-0.8642668050591347,-0.792649956411803,-0.5258216852318132,-0.47063266188482045,-0.2838545245477821,-0.5435154855493997,-0.8372534748399535,-0.5143409792700188,-0.4602442886306841,-0.5505671292054708,-0.5371032759234667,0.1282495186294525,0.18323785097506123,-0.4942765734507333,-0.3598907015793614,-0.4374366929727508,-0.34938569394904484,-0.6657295583039795,1,28,train
0.8770825348034367,0.42648697445940825,-0.5010116175309279,-0.20676245779028768,0.8292701029734479,-0.13054131278101158,1.389227386033571,-0.15741560383460115,-0.3928868300575996,0.2837540179095566,-0.13140711973861918,-0.2562374690488354,-0.5469438727157695,-0.1929219863990426,-0.28729871008082397,-0.8298952127067455,-0.4929945860336228,0.15531076346132486,-0.4523761030644621,-0.43987784859839846,-0.6642172551261766,-0.1890903709998386,-0.2366948362607239,-0.4980563483209747,-0.37096168895296244,0.04110262556302973,-0.462999041027126,-0.6195538896268802,-0.7125505156631909,-0.39829553591115974,-0.10361589815283871,-0.14568444723412485,-0.1902524269331299,0.3497208492464274,-0.21863237092442084,-0.587891149910456,-0.524577849840463,-0.27445617541365097,-0.38244384966215067,-0.3474409885307339,-0.4096128711268766,-0.11939879942995262,-0.5680570280271477,0.32925328408742,-0.18654650728717345,-0.1944057407772045,-0.27454824957207696,-0.29922433942161913,-0.6560189514259978,-0.02431701058323191,-0.21158249776369648,0.5008206367529036,-0.8923025041811347,-0.22367214986457543,-0.33549926939744085,1,28,train
-0.56002137980251,0.7178879874276319,2.1464587666146975,0.0826408138762777,0.31014538985581214,-0.048055828749024955,0.4015481989091658,-0.1644971792353252,-0.1912260956920072,0.7818083492711226,-0.13888695579101148,-0.26845310321461413,-0.319041568727954,-0.16639126524519302,1.238356508969069,-0.6588500222969539,-0.6114184641519943,0.24189536742204437,-0.31854473264485367,-0.2625792741051704,-0.5130677520652204,-1.003105345638337,-0.6829352168762323,-0.3646982250471893,-0.4641071383657135,-0.18479016397775172,-0.2994522628522686,0.8624855994973697,-0.8087263495330298,-0.39285008913112435,-0.2548144608719727,-0.0905244614759167,-0.2835609420532,-0.5657046154070879,1.2723107515520875,-0.40665413361495323,-0.6617788238270861,-0.5430306585557909,-0.50954996724655,0.20844304304937347,-0.49410181217633725,-0.03084571667419828,-0.4109911561695601,-0.35226561039460524,-0.11653215404811909,-0.43914599118199527,-0.3913254678785128,-0.5116162470125545,0.4156777537283086,0.20090209451193725,-0.793032812529079,-0.11357781054536924,-0.3697707045285284,-0.40210427695220946,-0.2600180605045177,1,28,train
-0.5571784442642194,0.3865690274774598,-0.45997828857640805,0.7343863931578924,-0.614363228449191,0.07072326825703579,0.6013676876337565,0.2249894678044971,0.5249076932755689,-0.23428397489552902,-0.5016590043320379,-0.44761573764603596,-0.6692329138799632,-0.290201297296491,-0.20643359246333848,-1.105774552077377,-0.7298423422703658,-0.08621471074489277,-0.6297026688704432,-0.8076082253250937,-0.9006305804266466,0.4990459993131187,-0.5542893413834731,-0.2906103787839752,-0.3676350657596499,-0.3385895100480711,-0.21767887376483994,0.00797634450681122,-0.789491182759062,-0.839376725094026,-0.09281600081575772,-0.32219640166039093,-0.3726281610314487,-0.7156719270226809,-0.002553657522028287,-0.22541711731945044,-0.7989797978137092,-0.6852171496310414,-0.49799486564796824,-0.5756023447763003,-0.47063266188482045,-0.06247181765839625,-0.32264160324966706,-0.25716995069943893,-0.3297576843670573,-0.6079323707715061,-0.2568547316468594,-0.6475470678707531,0.1282495186294525,-0.39968218574184716,-0.3272300741811206,-0.4567553216489089,-0.1404581881342192,-0.08579277893322187,-0.6515768316365564,1,28,train
-0.5045841368058415,-0.07248736281494728,-0.3221063032892211,0.08499368600364815,-0.48166561919721107,0.037729074644241134,0.16319209450197553,0.05149087048675808,0.015198278068048016,-0.03598456518675737,-0.6998746597204337,-0.29695624960143124,-0.5580610582761507,-0.48918170595036287,-0.18486956109867567,-0.5153927658242254,-0.9017479717970341,-0.27761225634227277,-0.4557218873249523,-0.7419420866238982,-0.6293366005736483,0.276660465004663,-0.27689667235221116,-0.5227522970753793,-0.27448961634689883,0.10358360990409694,-0.24039370406690347,-0.040979914893689524,-0.7048564489536038,-0.6814587684729999,-0.8650086604170492,-0.6421243190579982,-0.23266538835134357,-0.4344832177434441,-0.11923616275932027,-0.3772643471886555,-0.6987175475927154,-0.6746848169588007,-0.5673254752394588,-0.4801894139826999,-0.5692030931091911,-0.04982137726471706,-0.4109911561695601,-0.09867718454082841,-0.3297576843670573,-0.08891425353376019,-0.13300010617033658,-0.6517949060225718,0.017384342234179416,0.31571967750163127,-0.30153061275502635,-0.4290797159147525,-0.13293974497375005,-0.3818278988740692,-0.7223404649736719,1,28,train
-0.8301002559401262,-0.5794452894856925,-0.5338382806945439,-0.5455760441316325,-0.25855864979553045,-0.7607304107853894,-0.5276124236601808,-0.7310232112932485,-0.7850931402017045,-0.4479554318685466,-0.27352400473407285,0.3260410928532854,-0.613646986078057,-0.3742152476170147,0.18710997994175754,-0.311242054689958,-0.5655769629448827,-0.0771005419069223,0.2836964342433842,-0.7025424034031809,-0.21076874594330805,0.7046477197115023,-0.12814987881370835,0.030436955023285788,-0.2977759787000866,0.3294763994448784,-0.10410472225452233,0.39072528163799886,-0.6471509486317004,-0.5834407264323629,-0.5086120482933761,-0.45090303509620994,0.3144618139436127,-0.25639703519992746,0.07523467930283304,-0.3282813698114926,-0.5034700076886748,-0.28498850808589177,-0.31311324007066016,-0.37233131830297755,-0.029412636404303593,0.27276485277410223,-0.21465881634757558,-0.16207429100427262,-0.21518874270315022,-0.18596642179772893,0.2951830276199281,-0.29922433942161913,0.0502332833883344,0.5321066608283624,0.035774818462460715,-0.01671319047582173,0.07757666351938629,-0.26016963040522784,-0.19397200272320994,1,28,train
2.7562629256135867,2.4084130421131484,-0.799734252319833,2.7672679112059617,0.7928147158163106,1.8540594330285867,2.6580811394347217,1.8484406284204837,1.3569567075084068,2.0838207525527475,2.2995395972888772,4.007018854807951,3.5608561918451005,3.9193397924476416,-1.7482618350367285,1.4488681304946718,1.7570590982154357,1.034828056325476,2.619053848065551,3.729921958927521,1.9285780666117642,-2.253499481938711,4.181486950193724,5.107924018928891,0.6270252690407988,-1.424797391669701,4.31620125452704,-1.9591751695860369,0.36077179032421136,3.658562315215204,2.1427627479600093,1.3730538273085395,-0.919755363326405,4.945594086465953,-1.6058577109677812,2.209036858325547,0.7630005214186157,4.028001721196707,3.3498539666797558,2.6974760202737347,5.054005316738247,-1.9157613353323977,3.073907875670665,1.264360604423222,3.492389508364955,1.0799314251236027,3.7772673553027416,1.0430925165530927,-0.7176107160900383,-1.4860331632597217,3.3895545345677607,1.2093161435473083,2.855641411312739,4.358789295795116,2.9007575618866386,1,28,train
1.46272725569132,1.673922817645297,1.140321540649869,1.2096665628867236,0.1482834708781223,1.1133397864213468,0.45150307109031346,1.1491350575989847,1.0203261902997014,1.2352837435663757,0.7175542722079066,1.1200573136289047,0.7204152811676924,0.06354165142150331,1.4863428696626908,-0.2946892943277201,0.5919209425346839,0.5563341923320259,0.9662364233833872,0.7552458757633611,0.5488543976450871,1.4725072060973023,1.1904703449870733,-0.21652253252076115,-0.1380980654210848,1.1369229663140548,0.15030137712858915,0.27501048669136074,-0.4855755477303711,0.8378208831568732,0.6091773260945073,0.7001020010584001,0.7513153165512135,0.04041326903926692,1.2204518603355134,0.955072637470176,-0.23434502025337553,1.2685305610696234,1.4259295505158938,0.888778723490699,0.7732323035655727,1.0950434783632497,1.4198079126704455,-0.2698493719921278,0.10624078807614476,-0.2534809736335333,1.0701591127444567,-0.388428940609812,0.08718834218675876,1.2828370111455931,0.9159813723061889,-0.20213974889466982,-0.01640387598647814,0.24268454593264982,0.6221685684315215,1,28,train
-0.11794490359830687,0.1590367296803537,-0.2679423090692548,-0.16911650375236048,0.19202993546668712,-0.24767070010643258,-0.07373672784289625,-0.15918599768478214,0.07712559019606458,-0.11438200623441128,-0.7372738399823953,-0.08929046878319236,-0.8526664756262539,-0.47149455851446315,0.0038157133421237743,-0.14019686428016642,-0.8635467207911078,-0.5373660682244313,-0.2850868900399516,-0.7353754727537786,-0.5905803177375056,0.11301827938145974,-0.21257373460583157,-0.5721441945841887,-0.6304382980313403,0.2189331194568364,-0.20859294164401454,0.23050479632726914,-0.6240687485029391,-0.6542315345728229,-0.7516097383776987,-0.7597989553421756,-0.012117988976632478,-0.32825637201573243,0.019054213818210968,-0.5585013634841582,-0.42959256015741615,-0.7694758110089677,-0.36511119726427804,-0.24373128114638554,-0.250022649144562,0.3486674951361774,-0.6514982724514912,-0.3459258997482608,-0.30111544895108056,-0.3167758659795999,-0.2710095459870335,-0.3501983972434436,0.19394740093776247,0.20090209451193725,-0.5360381982681365,-0.15232365857318825,-0.5652502267007264,-0.17500884247703888,-0.9959598472105183,1,28,train
-0.16201040444181264,-0.6293427232131281,-0.39268362909099536,-0.5149887064758167,-0.06315777463327431,-0.5693640878311804,-0.3763205250544193,-0.5327391000729753,-0.5548505694693352,-0.49099716420843503,-0.6175964631441185,-0.5046220304196701,-0.6636743210997725,-0.4316984767836888,0.14937292505359764,-0.3167596414773706,-0.5923178386490311,-0.18191348354358278,-0.12114346127593126,-0.8273080669354524,-0.36966950557149275,-0.04223199928670747,-0.40554254784497035,-0.5276914868262603,-0.2778162395402114,0.2525767264097188,-0.3312530252751576,0.16819682981754092,-0.4586463142468162,-0.30572294065055816,-0.5086120482933761,-0.36632439026695746,0.19146422583079312,-0.42511026076746955,0.07523467930283304,-0.16173924672913864,-0.9995042982556969,-0.7273464803200046,-0.3535560956656963,-0.3018087172816206,-0.21247200867813504,-0.3281310659256592,-0.4551659326295066,-0.32690676780922756,0.06486867025306718,-0.2661399521027466,-0.44086731806912194,-1.0213568252307994,-0.1468603635365955,0.3024714948489743,-0.14412141152019906,-0.16062634029343517,-0.2419571708005528,-0.12229025947387429,-0.5053319894065179,1,28,train
0.23742203868803013,-0.016602237040219462,-0.37134629803464503,-0.145587782478656,0.20807030581582756,-0.07445118363926068,0.20030142812225668,-0.3114398688003491,-0.6374203189733573,0.7464526405633571,-0.36702195538897653,-0.27659685932513334,-0.5802954293969133,-0.7102710488991093,-0.20643359246333848,-0.2229606660913559,-0.9361290977023677,-0.3664754025124849,-0.34531100672877535,-0.5646435121306701,-0.7766104753509901,-0.07579962710685173,-0.44574438393645754,-0.5523874355806649,-0.4208610368526505,-0.1895963935424492,-0.2994522628522686,0.10143829427140355,-0.9049021834028688,-0.6651224281328937,-0.5896112783214837,-0.5170950180060597,0.3144618139436127,-0.4719750456473424,-0.37420904457414345,-0.6074843408613212,-0.5509626525301982,-0.9485254664370609,-0.36511119726427804,-0.4843378022780738,-0.3438992503106294,0.02608126509735807,-0.5582404110360485,-0.10184703986400062,-0.2820206253404294,-0.2703596115924844,-0.2462386208917289,-0.4011724550652681,-0.17560318704648112,-0.11705428915183097,-0.2533441225810996,-0.20490730946808547,-0.3096231592447752,-0.22772742548020347,-0.9110434872059797,1,28,train
-0.494633862421824,0.33267979905182943,-0.379552963825549,0.5273336459492929,0.1439088244192658,0.47490214001377024,-0.25357426769502783,0.5843794193912422,0.4391621841752383,0.3544654353250876,-0.5016590043320379,-0.5331251768064873,-0.19675252756376027,-0.5112906402452375,-0.26034367087499544,-0.2229606660913559,-0.6343392147555501,-0.1363426393537304,-0.5560954151396587,-0.21004636314421393,-0.3464157358698072,0.3270119067348794,-0.6065517283024066,-0.6610496101000456,-0.4973733702988389,-0.32897705091867613,-0.5447724301145547,0.4085275577836355,-0.5432810480522744,-0.33295017455073506,-0.2980140502202967,-0.2596817511344217,-0.24963057291862903,-0.4001157088315374,-0.16677347970784662,-0.27929839243432963,-0.7303793108203976,-0.5535629912280317,-0.12823161449335208,-0.4843378022780738,-0.883689707015517,-0.09409791864259423,-0.21465881634757558,-0.42834213815073835,-0.44432662603096446,-0.2661399521027466,-0.7204249012875592,-0.4648900273425487,-0.4014396574812966,-0.39968218574184716,-0.6388360439725135,-0.23811803634907316,-0.4223998066518125,-0.4426570331084899,-0.5760956227436334,1,28,train
-0.5529140409567833,-0.7151663092243172,-0.468184954367312,-0.8043919781423822,-0.7631012080503112,-0.7475327333402716,-0.7359956047586825,-0.7398751805441536,-0.6802930735235226,-0.49868318784055793,-0.2997034309174459,0.1305909462008253,-0.46912357379310077,-0.33884095274521525,0.20867401130642035,-0.14571445106757905,-0.542656212341327,0.0664476172911127,-0.054227776066127054,-0.1837799076637357,-0.29215693989920755,0.3563835810775056,-0.019604921366692785,-0.028833321987285478,-0.2345701380271484,0.18048328293925658,0.17301620743065269,0.5687480430943652,-0.34708234695780305,-0.2403775792901335,-0.14141553883262223,-0.36632439026695746,-0.02484187740209658,-0.24702407822395292,0.1659877389318379,-0.3870609426640881,-0.02326659873549377,-0.29552084075813256,-0.2842254860742058,-0.26862161091862913,-0.0904324271622474,0.6143267434034404,-0.35209145422296473,0.005928041123854531,-0.00196321238421197,0.08409178554548846,-0.1046904774899885,-0.24825028159979462,0.2473269303132643,0.21415027716459425,-0.14412141152019906,0.11612971704812915,0.03998444771704052,0.11291572623255236,-0.6468592560807488,1,28,train
-0.1278951779823243,0.14905724293486658,-0.34344363434557146,0.1696970825889844,0.1686984876861192,0.2983832041853189,-0.22502862644865776,0.2568565571077553,0.2057438538465605,0.08545460820078497,-0.554017856698784,-0.44761573764603596,-0.31348297594776336,-0.5643520825529367,-0.23877963951033265,-0.34986516220184644,-0.6496197151579206,-0.2548268342473466,-0.3252363011658341,-0.43987784859839846,-0.3309132227353501,-0.17650251056728453,-0.47790585280964737,-0.5820225740859506,-0.5572525877784645,0.09877738033939946,-0.39485455012093545,0.4174286958564538,-0.5432810480522744,-0.5453225989721152,-0.7570096870462392,-0.5906416656836706,-0.16056335394038032,-0.39386707084755435,0.010411065282115266,-0.3723660494509392,-0.540408731454304,-0.8063389753618104,-0.7117642452217307,-0.3889248714844733,-0.36736840060214626,-0.19530144179202774,-0.30791667776301823,-0.3744545976568107,-0.5939027443143987,-0.38007075832566645,-0.4337899108990349,-0.59232517189711,0.0050659893013712985,-0.015484888814793906,-0.48142684273768616,-0.18553438545417597,-0.3058639376645406,-0.4629334111866301,-0.6704471338597873,1,28,train
-0.44346102273259147,-0.11639710449509057,-0.36149829908556025,0.29675217746698873,-0.035451680393849924,0.32972768811747377,0.297356608359915,0.38609530817096904,0.5391986114589573,0.0823801987479358,-0.5727174468297647,-0.46797512792233387,-0.7081430633412975,-0.5068688533862625,-0.06626738859303032,-0.5926389808480023,-0.7451228426727363,-0.2229272433144499,-0.37876884933367744,-0.4858441456892354,-0.6177097157228055,0.1717616280667122,-0.4578049347639037,-0.4042117430542368,-0.3510019497930872,-0.14153409789547444,-0.4266553125438244,-0.11218901947623608,-0.5355869813426873,-0.5235408118519737,-0.3682133829113232,-0.38103371980247963,-0.13087428094763073,-0.6188180382709438,-0.31370700482147357,-0.5046200883692791,-0.7462101924342388,-0.7589434783367269,-0.8157601596089665,-0.7166475468190141,-0.8461390665490901,-0.18897622159518815,-0.8281973782912772,-0.38713401894949956,-0.3393050961723829,-0.6121520302612439,-0.4160963929738174,-0.7919735650325892,-0.04831354007413055,-0.21862368948886804,-0.5842246884420632,-0.26856120265664524,-0.34345615346688635,-0.2480038035583437,-0.7978216738665951,1,28,train
-0.40650286073481245,0.24486031569154285,-0.5863609417563294,0.6402715080630744,-0.26293329625438694,0.2901346557821202,0.41724830159466936,0.2887236464110135,0.5979501639906654,-0.02522413210178526,-0.40068121762474185,-0.5127657865301893,-0.5525024654959602,-0.4670727716554882,-0.4436379374746292,-0.6809203694466044,-0.603778213950809,-0.23887703878089825,-0.5828616892235803,-0.6894091756629417,-0.6060828308719627,0.4444986041053843,-0.5100673216828372,-0.25603605052780865,-0.7036240082842162,-0.24727114831881894,-0.12227658649617315,-0.38367373069719474,-0.7702560159850943,-0.6433406410127521,-0.2656143582090537,-0.31484173689262984,-0.4871431568606256,-0.5125911925432322,-0.006875231790076137,-0.27929839243432963,-0.8781342058829149,-0.43770733183338306,-0.8504254644047118,-0.5797507330716742,-0.630222883867135,-0.03084571667419828,-0.7349395168758346,-0.3617751763641219,-0.42841427302208845,-0.48134258607937297,-0.635496015246515,-0.5455989522271042,0.22679634209191746,-0.37318582043653314,-0.2951057473985028,-0.2132099911883324,-0.09158830759116969,-0.12634553508950233,-1.09502893388248,1,28,train
-0.17622508213326613,0.26282339183341963,-0.3450849675037522,0.10852240727735266,-0.0675324210921308,-0.16848463543572542,0.34017507022947013,-0.15387481613423912,-0.029262356280271563,-0.06980306916809827,-0.6587355614322761,-0.2195905665514991,-0.6080883932978663,-0.4538074110785634,-0.012357310181373322,-0.3167596414773706,-0.8902875964952562,-0.28900496738973586,-0.5059086512323054,-0.5712101260007897,-0.6138340874391912,0.0039234889659908925,-0.5221278725102834,-0.43384688155952245,-0.547272718198527,0.20932066032744145,-0.34033895739598297,-0.10328788140341776,-0.5355869813426873,-0.47453179083165514,-0.7462097897091582,-0.7009616372000869,0.004847195590652989,-0.5125911925432322,-0.17109505397589447,-0.602586043123605,-0.7514871529721858,-0.895863803075857,-0.7059866944224398,-0.471892637391952,-0.41430670118518,0.0007803843099996902,-0.47479916661170507,-0.4505311254129438,-0.4061369788096621,-0.39272973679487977,-0.37363194995329524,-0.7155124782998524,-0.09758695180536303,-0.20979156772043003,-0.6773852361116548,-0.18553438545417597,-0.1855688470970341,-0.39399372572095337,-0.7789513716433643,1,28,train
-0.18191095320984751,-0.6333345179113229,-0.3910422959328146,-0.6396909292264507,0.16432384122726273,-0.5974091524020558,-0.7559775536311416,-0.7009265158401713,-0.6660021553401342,-0.2358211796219536,-0.38198162749376113,-0.14222488350156698,-0.4190962387713852,-0.1487041178092933,0.20867401130642035,-0.5209103526116381,-0.7336624673709584,-0.1500138926106861,-0.21482542056965714,-0.7091090172733003,-0.47043584094546353,0.3563835810775056,-0.3010177740071035,-0.3350630865419037,-0.4574538919790884,-0.006959670083945047,0.27296146075973216,0.35957129838313473,-0.8356555830165847,-0.5616589393122213,-0.4816123049506737,-0.3405830635797936,-0.05028965425302478,-0.35637524294365613,0.0017679167460195643,-0.13234946030284087,-0.9097959691105971,-0.5430306585557909,-0.49799486564796824,-0.4594474725058302,-0.38614372083535975,-0.11307357923311302,-0.4208077731606593,-0.333246478455572,-0.36794733158835974,-0.19018608128746672,-0.15423232768059764,-0.4563943510389113,-0.1920276576235586,0.028675720027396122,-0.28546844936371746,-0.4207770341945056,0.013669896655398478,-0.07768222770196578,-0.5383550182971718,1,28,train
-0.9011736443973936,0.6600069643038067,2.2991027503255115,0.16734421046161393,0.6528260291329031,0.6250257209519859,0.28736563392368547,0.6144761148443194,0.28354996395611975,1.149200278886599,0.17152624038326886,-0.9118098359456288,-0.26345564092604773,-0.09122088864261921,1.4000867442040397,-0.476769658312337,-0.3249090816075471,0.34215122463971964,-0.656468942954365,-0.5515102843904309,-0.3967989035567926,-1.9304110641698222,-0.7110765021402734,-0.6116577125912362,0.06815257256429254,1.482971494972273,-0.07230395983163339,0.760122511659959,-0.23167134631399633,-0.16958677114967347,-0.3250137935629992,-0.05742847002099181,0.7173849474166426,-0.7156719270226809,1.8946174461509782,-0.22051881958173414,0.05061084879576484,-0.41137650015278115,-0.0993438604968977,-0.02386670149156694,-0.49410181217633725,0.4814971192698089,0.01603168294325621,-0.7928755003155425,-0.11971462464989428,-0.1944057407772045,-0.8796665626145171,-0.082584593678865,0.9576852827718658,1.4948079335881053,-0.9054679562682414,-0.08313464423779716,-0.2381979492203182,0.019644387073107308,-0.057162311604786756,1,28,train
-0.4932123946526787,0.24486031569154285,-0.43864095752005766,0.4826290755292543,0.7446936047688892,0.4336593979977769,0.34731148054106264,0.5082524838334588,0.47568341953278653,0.3175725218908975,-0.2510844965768959,-0.7285753234589474,-0.5191509088148164,-0.38305882133496455,-0.32503576496898384,-0.12916169070534114,-0.48917446093303013,-0.022415528879099433,-0.5828616892235803,-0.28884572958564864,-0.4045501601240211,0.5997488827735515,-0.6025315446932579,-0.26591443002957055,-0.4108811672727129,-0.23765868918942398,-0.06321802771080798,-0.058782191039326165,-0.3240001468290417,-0.055232388768930336,-0.15761538483824372,-0.1934897682245719,-0.29628483047866405,-0.8375203677103502,-0.27049126214099506,-0.3037898811229111,-0.5667935341440393,-0.3271178387748549,-0.16867447008838823,-0.2935119406908728,-0.6771611844501687,-0.17632578120150896,-0.3275499117452167,-0.6534018660959653,-0.5238883910753444,-0.2070647192464178,-0.614263793736254,-0.1887805474743327,-0.24540718699906047,-0.12147035003604997,-0.41075332381592694,-0.06929684137071894,-0.05399609178882391,-0.23178270109583152,-0.4958968382949025,1,28,train
0.6240612718955648,1.3166571921568584,-0.4156622933055265,1.0026138156781237,0.34660077701294945,0.8229908826287539,0.9596154852757012,0.6888326565519218,0.33277423769890213,1.4735504761621867,0.6240563215530028,0.00436272648777812,0.2423763020712989,0.3421142235369239,-0.4921570080451205,-0.0519154756815643,-0.24468645449510187,0.26468078951697055,-0.07430248162906831,0.019785122309970607,0.12253528644751843,-0.0967793944944419,-0.12412969520455962,0.1094639910373808,-0.14142468861439733,-0.3914580352597433,0.3865356122700498,-0.32136576418746654,-0.37401158044135796,0.919502584857404,-0.06581625747305522,-0.03904180810158909,-0.35566297646416317,-0.09705676660835996,-0.6075740550487274,-0.20092562863086896,-0.3504381520882105,0.5470657730211299,0.04509490948537423,1.0049335957611691,0.0503824745868537,-0.27120408415410285,0.44305452205607254,-0.14305515906523936,0.656808202183254,-0.29145790904117325,0.036857665911751894,-0.10807162258977726,-0.21666436348917484,-0.12147035003604997,0.34095592289733,-0.04162123563656252,0.10765043616126291,0.6076593513391739,0.41931281953179056,1,28,train
-0.48041918473037054,0.21691775280417894,-0.30733430486559393,0.16499133833424348,0.23140175359639545,0.20599946206949385,-0.4648120129181666,0.2232190739543161,0.16445897909454946,0.06854535621011452,-0.3857215455199573,-0.24809371293831622,-0.5469438727157695,-0.608569951142686,0.009206721183289473,-0.39952344328856015,-0.8177052195839962,-0.29811913622770636,-0.3921519863756383,-0.787908383714735,-0.6138340874391912,0.07525469808379745,-0.7512783382317606,-0.4536036405630462,-0.4641071383657135,-0.3097521326598862,-0.5175146337520785,0.19490024403599587,-0.6240687485029391,-0.38740464235108896,-0.5950112269900242,-0.6825749752806841,-0.18601113079130854,-0.337629328991707,-0.26184811360489935,-0.4801285996806976,-0.38209991531589277,-0.6167569872614763,-0.5442152720422953,-0.5673055681855524,-0.36736840060214626,-0.09409791864259423,-0.30791667776301823,-0.35226561039460524,-0.53343580288067,-0.35053314189750207,-0.4337899108990349,-0.4521465128870926,-0.35216624575006417,-0.31577702894168613,-0.3175927761463353,-0.33775021699203633,-0.46375124403439283,-0.5602600259617031,-0.7176228894178642,1,28,train
-0.08525114490796386,-0.6313386205622254,-0.3943249622491762,-0.35734627394199653,0.0053783532221439,-0.22952389361939554,0.029027580644036082,-0.1662675730855062,-0.14517758154553334,-0.09593554951731624,-0.5914170369607454,-0.5901314695801215,-0.5024751304742445,-0.727958196335009,-0.30347173360432106,-0.46021689795009907,-0.9361290977023677,-0.3163474739036473,-0.30181581134240265,-0.8141748391952133,-0.683595396544248,-0.02964413885415337,-0.2567957543064675,-0.6511712305982836,-0.5705590805517147,-0.15114655702486937,-0.1813351452815383,-0.014276500675234574,-0.6394568819221134,-0.6106679603325398,-0.6868103543552126,-0.5906416656836706,-0.16056335394038032,-0.38761843286357134,0.057948382230641624,-0.39195924040180435,-0.535131770916357,-0.6009584882531152,-0.5615479244401679,-0.3764797065983515,-0.4236943613017867,0.12728478824679157,-0.46989085811615544,-0.26033980602261114,-0.2692907429333286,-0.3420938229180265,-0.4196350965588609,-0.9066651951316943,-0.2371949517105217,-0.10822216738339296,-0.4557273813115919,-0.26856120265664524,-0.12918052339351546,-0.34938569394904484,-0.44872108273682554,1,28,train
0.579995771052059,0.34066338844821914,-0.39268362909099536,0.7814438357053014,0.8715583520757273,0.47490214001377024,0.2374107617425378,0.5277268161854499,0.5471380104497287,0.31142370298519917,-0.38198162749376113,-0.011924785733260225,-0.09669785752032907,-0.290201297296491,-0.21721560814566987,0.2901749051380189,-0.5273757119389565,-0.017858444460114194,-0.10776032423397042,-0.1837799076637357,-0.6254609722900341,-0.008664371466563205,-0.13217006242285706,-0.15725225551018987,-0.3410220802131496,-0.0598281952956173,-0.30853819497309404,-0.02762820778446205,-0.3086120134098675,-0.4854226843917259,0.025982869892133276,-0.17878043868904975,-0.38535204945691276,-0.5563316584311134,-0.1408440340995595,-0.2988915833851948,0.23530446762391138,-0.07960802097719655,-0.35933364646498717,-0.4843378022780738,0.14895290581122447,-0.3597571669098572,-0.2833751352852702,0.1454016753434318,-0.33612262557060774,-0.12689118894140014,0.0014706300613167964,0.06608974163478977,-0.5287293044536472,-0.037565193235888916,-0.07344789259843987,-0.26856120265664524,-0.23443872764008364,-0.13445608632075842,-0.44400350718101783,1,28,train
-0.326900665662673,-0.3179827367539302,-0.3910422959328146,-0.2349969233187331,-0.14335962637897648,0.19940062334693492,0.22028337699471573,0.1754184399994288,0.11047106595730426,-0.0206125179225115,-0.43808039788670333,-0.3336031520987675,-0.5135923160346257,-0.5378213613990871,0.3919682779060541,-0.38297068292632225,-1.046912725619554,-0.3414114382080661,-0.5126002197532858,-0.9652069582079631,-0.6680928834097909,0.25568069761707285,-0.5502691577743244,-0.2362792915242849,-0.6204584284514028,-0.31936459178928117,-0.34033895739598297,0.04803146583449365,-0.6971623822440167,-0.5072044715118674,-0.4978121509562952,-0.620060324754715,-0.4023172340241982,-0.650061228190859,0.07091310503478518,-0.9111788005997312,-0.8148106794275504,-0.7115479813116434,-0.7695397532146395,-0.5175249086410653,-0.592672243400708,0.4814971192698089,-0.7300312083802849,-0.33007662313239977,-0.49524615565936764,-0.32099552546933763,-0.2497773244767724,-0.8302041083989576,0.07486998925395064,-0.2936967245205911,-0.2661938532941468,-0.05822659907705637,-0.20060573341797244,-0.32505404025527657,-0.6940350116388257,1,28,train
2.419375064326139,1.3685505232333914,-0.581436942281787,0.3673383412881022,-0.4787491882246401,-0.8316679270528979,1.340699795914742,-0.9682559872175038,-1.1884146089328893,-0.29884657340536164,-0.16880630000058067,-1.9460668619815638,-0.4190962387713852,0.7002789591138932,-0.5191120472509491,-0.7029907165962549,0.24046943328016201,0.531270228027607,-2.192183918519371,-0.8207414530653329,-0.47043584094546353,-1.4310926003451763,1.793497886359382,-0.31036713778749897,-0.33769545701983705,0.1516459055510717,-1.526053099163699,-0.7486203916827457,-0.15857771257291875,-0.5017590247318321,-0.4222128695967282,0.5493313733192978,0.4883549557582888,1.902507388266213,0.17030931319988574,-1.6312285680440262,-0.2660067834810578,0.1679017968204618,-1.641949923907562,-1.0070347274951896,0.3085431277935391,0.11463434785311238,-1.1521457389975516,-1.1478992965108301,-0.628909920933926,-0.94128547046079,-1.4493978398065221,-0.15479784225978305,0.09129445983102813,0.17882179009084223,-1.0917890516074247,-0.7473491818575515,-1.5802400533640624,-1.1766619195371661,-0.25530048494871,1,28,train
0.24168644199546616,-0.23215915074274104,-0.5650236106999791,-0.3173474477766989,-2.152780566480387,-0.44233644242192105,1.99154041633198,-0.4973312230693551,-0.4405232240022277,-0.6616268888415641,0.06306861762358054,-0.34989066431980587,-0.569178243836532,-0.98000004729658,0.21406501914758605,-0.23399583966618118,-0.4662537103294744,0.3717722733631237,-0.32189051690534387,-0.5646435121306701,-0.3425401075861929,0.2472887906620368,-0.7070563185311246,-0.4931171585700937,0.6270252690407988,0.14203344642167676,-0.9627253076725235,-0.9800499815760221,-0.23936541302358344,-0.23493213251009812,-0.2926141015517562,0.001408848121096885,0.05998404543433076,-0.24077544023996988,0.481462660499331,-0.46053540872983245,-0.11825188841854056,0.09944163445089672,-0.29000303687349666,-0.2935119406908728,-0.4847141520597305,-0.15735012061099019,-0.5631487195315981,-0.6914401299740318,-1.259039100085415,-0.02983902067743138,-0.3240900997626861,-0.30772001572525653,1.0521259885900613,0.1523254247855282,-0.23728195918979073,-2.9669327617368975,-0.8697471746997273,-0.6089233333492396,-0.06659746271640214,1,28,train
-0.45056836157831825,0.5542244048016433,-0.4238689590964305,0.34380962001439774,-0.10690423922183913,-0.08929857076501826,0.6855773293105483,0.04972047663657707,0.09141650837945302,-0.0436705888188803,-0.5577577747249801,-0.3987532009829209,-0.6747915066601539,-0.12659518351441865,-0.22799762382800126,-0.6422972619347159,-0.9896108491106645,-0.2958405940182137,-0.46910502436691315,-0.7222422450135395,-0.7029735379623192,0.3605795345550236,-0.9120856825977096,-0.26591443002957055,-0.6603779067711532,-0.12230917963668451,-0.33579599133557025,-0.07658446718496281,-0.547128081407068,-0.7086860023731768,-0.3682133829113232,-0.38103371980247963,-0.2411479806349863,-0.6781800991187826,-0.20134607385222944,-0.602586043123605,-0.4876391260748336,-0.5377644922196705,-0.19178467328555174,-0.5590087915948045,-0.7381809752081125,0.2158378710025459,-0.34718314572741515,-0.29837806990067767,-0.32657521376528215,-0.7935973883199681,-0.48333176108964404,-0.6602905823262093,0.04612716574406503,0.037507841795834135,-0.2533441225810996,-0.29346924781738604,-0.48630657351580037,-0.2885565597146242,-1.137487113884749,1,28,train
-0.2529843416671149,0.8496172124680618,-0.6257529375526686,1.1555505039572032,-1.3376381096467957,0.012983429434645147,2.1342686225638308,0.04440929508603404,0.4598046215512438,-0.331127872660278,-0.2548244146030921,-0.5697720793038236,-0.4024204604308133,0.6206867956523444,-0.4382469296334635,-1.8175432476536064,-0.3019883310039913,0.34898685126819745,-0.5995906105260314,-0.22317959088445305,-0.8618742975905039,0.11721423285897778,-0.5944911774749604,1.4134100852699487,-0.18467079012746032,-0.3337832804833736,0.11850061470570021,-1.260435830869799,-1.2088178184315597,-0.7522495766134599,0.3607796873416443,0.04921416911154395,-0.34718038418052044,-1.0031092742859007,-0.03712625166641109,-0.34787456076235773,-0.8517494031931796,0.4891379433238056,-0.4171091544578959,-0.6793120521606487,-0.7851192757911463,-0.8214982412791475,-0.2686502097986213,-0.0035815248456621002,-0.9057848632883682,-1.2408812942321719,-0.6001089793960799,-0.7792300505771331,0.6579386947402016,-0.152382776225583,-0.38826629506809446,-2.023194606202163,0.5249240315673009,0.03181021391999145,-0.42985078051359477,1,28,train
0.26158699076350106,1.2507925796366435,-0.5683062770163406,0.920263291220158,0.22994353811010995,1.1661304962018182,0.007618349709258513,1.1933949038535099,1.0377928680793984,1.3259788224254263,0.728774026286495,-0.19923117627520118,0.4591614204987332,-0.36537167389906483,-0.7077973216917485,-0.311242054689958,0.3818140620020893,0.34898685126819745,-0.15794708814132358,0.3218493603354703,0.5488543976450871,0.07105874460627941,-0.4296636494998627,-0.44372526106128435,-0.28779610912014897,-0.8240186960825163,-0.185878111341951,0.18599910596317756,-0.42787004740846774,0.22793084379290982,0.15558163793710528,0.3764967512769123,-0.758586109937193,-0.409488665807512,-0.7761154515025936,0.6758696664203474,0.06644173040960598,0.48387177698768524,1.1081642565548955,0.6108367077006452,-0.41900053124348335,-0.5115624516340074,0.9780601480709803,-0.32373691248605535,-0.17381662488007266,-0.2619202926130088,0.03331896232670838,-0.05709756476795276,-0.3768029516156804,-0.6381494734896733,0.02292508774941359,-0.28793412667055474,-0.26451250028196027,-0.2561143547895998,0.4995116039805214,1,28,train
-0.12931664575146964,-0.6692606701950765,-0.4895222854236624,-0.6443966734811916,-0.017953094558424,-0.5495675716635037,-0.36918411474282675,-0.5168055554213462,-0.5516748098730266,-0.4494926365949712,-0.4567799880176841,-0.2521655909935758,-0.43577201711195707,-0.5068688533862625,0.24102005835341453,-0.32779481505219593,-0.8215253446845889,-0.1978632790100311,-0.291778458560932,-0.4858441456892354,-0.373545133855107,0.15078186067912203,-0.2728764887430624,-0.44866445081216527,-0.4907201239122138,0.20451443076274398,-0.3766826858792846,0.43523097200209043,-0.5702102815358293,-0.17503221792970886,-0.6760104570181317,-0.31116440450874927,0.08543182228525896,-0.5563316584311134,-0.011196806058123988,-0.4556371109921162,-0.7989797978137092,-0.6062246545892356,-0.6135458816337858,-0.43040875443821264,0.13487141563631438,0.05138214588471645,-0.41589946466510974,-0.333246478455572,-0.2661082723315534,-0.43914599118199527,-0.14715492051051063,-0.5753338192898351,-0.1468603635365955,0.17440572920662323,-0.2533441225810996,-0.24365315749590447,-0.11790285865281173,-0.2642249060208559,-0.4770265360716717,1,28,train
-0.20749737305446378,0.7218797821258267,-0.6060569396544989,1.2496653890520213,-0.3125126227880937,0.42376113991393854,0.905378766907598,0.54543075468726,0.8821806478602798,-0.12975405349865712,-0.6437758893274915,-0.46797512792233387,-0.274572826486429,-0.0027851514631206248,-0.3627728198571437,-1.3375131971487075,-0.32108895650695446,0.04366219519618652,-0.6598147272148551,-0.019614560910746745,-0.656465998558948,0.11721423285897778,-0.7150966857494221,0.7268627098974982,-0.5239863558453391,-0.5020013152477854,0.3910785783304625,-0.37477259262437645,-0.92798438353163,-0.6596769813528583,0.5011783527236973,0.008763512888857971,-0.5253148221370179,-0.7187962460146724,-0.058734123006650346,-0.10295967387654312,-0.7356562713583447,0.25742662453450843,-0.18022957168696999,-0.6668668872745269,-0.756956295441326,-0.6823433969486765,-0.31282498625856786,-0.2730192273153,-0.5302533322788948,-0.6037127112817683,-0.5541058327905143,-0.5413511140752855,0.16109845978360748,-0.6867261432160824,-0.5456754963029218,-0.4346148370615838,0.6038676847522271,0.11291572623255236,-0.5242022916297486,1,28,train
-0.04545004737189411,0.4125156930157263,0.8695015695500375,0.612037042534629,0.7374025273374618,0.9467191086767337,-0.008081752976245039,1.028748275786676,1.1378292953631175,0.4759046087126299,0.11542746999032662,-0.27659685932513334,-0.04111192971842285,-0.5908828037067863,0.13319990153010056,0.168787995814941,0.11440530496060526,0.25784516288849274,-0.4088809076780894,0.00665189456973149,-0.32703759445173586,-0.06321176667429763,-0.5583095249926219,-0.5919009535877124,-0.2179370220605857,0.8245180446087186,-0.3675967537584592,0.09253715619858523,0.17611418929412068,-0.3710683020109828,-0.21161487152364872,0.22204879115392948,0.9167258660822468,-0.48759664060729996,0.03201893662235452,-0.2401120105325993,0.07171869094755302,-0.40611033381666073,0.12020306987615563,-0.5880475096624221,-0.43308202141839347,0.11463434785311238,-0.19502558236537715,-0.3681148870104663,-0.3393050961723829,0.025016552689159657,-0.3594771356131212,0.2444989440111755,0.3376615184871905,0.8677272880290067,-0.3336549395376442,-0.35158801985911453,-0.15925429603539207,-0.3534409695646729,-0.08546776493963293,1,28,train
-0.20607590528531844,0.2947577494189784,-0.5026529506891088,-0.05617864163857888,-0.9891246084245628,-1.2226491213645145,1.2208081026799875,-1.2975492433511717,-1.151893373575341,-0.929100511239442,0.2538044369595841,0.1590940925876424,-0.6692329138799632,-0.060268380629794706,0.06311679959494647,-0.537463112973876,0.0036216770434190117,0.33303705580174914,0.02941683044612821,-0.6894091756629417,0.12253528644751843,0.46128241801545644,-0.4939865872462423,-0.4980563483209747,0.14133828281716837,0.5361442707268699,-1.6532561488552546,-0.5171908017894695,0.09917352219824953,-0.7849222572936723,-0.4384127156023497,0.3617874217413901,0.4586658827655392,-0.6875530560947573,0.3604585809939912,-0.7152468910910795,0.38833632322437567,-0.2007298467079655,-0.6597662880281128,-0.7332411000005099,-0.541040112759371,-0.0118700560836795,-0.5975068790004454,-0.13037573777255052,-1.3099586297138182,-0.6796665820970482,-0.1046904774899885,0.2912251636811813,0.452632812526733,0.42170513872288734,0.010075357036366464,-1.1348076621357415,-1.3659644232906916,-1.3104860148528916,0.1315407106275211,1,28,train
2.369623692406052,0.45842133204496704,-0.5420449464854479,1.0496712582255328,2.0833354211789725,1.3921407224494615,0.2359834796802193,1.6359933663987625,1.9428843530273328,1.3813181925767115,1.2710621400849365,3.013480609324612,0.6703879461459769,-0.17523483896314287,-0.4328559217922978,1.233682245785579,1.7150377221089168,0.7614029911863616,3.124267271399573,0.7880789451139589,1.525512725115881,-1.3765452051374418,0.35025197067498987,-0.14243468625754707,1.525213531235184,-1.0066554195410204,-0.013245401046268227,0.03467975872526617,2.884425671068785,0.9086116912973332,1.1653720389541786,1.6194350970285358,-0.9621683247446187,-0.037694705760521086,-0.9576215707606033,0.014599471828647887,2.8790616971353806,0.3890807829375182,0.3050846954534637,0.06739784100665965,1.496082132544292,-0.7455955989170724,0.06511476789875234,3.359634973040053,-0.18654650728717345,0.21068157023762163,2.4608696216665558,2.1517782741777753,-1.1035857746513595,-0.7927116044373385,1.6580533209846606,0.09675679303421963,0.03622522613680594,0.03181021391999145,1.4430267151420606,1,28,train
-0.7902991584040564,-0.8389119448683574,-0.5239902817454591,-0.6373380570990802,0.5930391941951979,-0.39284515200272907,-0.4305572434225225,-0.41943389366139067,-0.3881231906631368,-0.4833111405763121,-0.3408425292056035,-0.2195905665514991,-0.43577201711195707,-0.03815944633492006,0.4458783563177111,-0.9678348823920613,-0.6992813414656247,-0.04747949318351824,-0.057573560326617264,-0.31511218506612687,-0.42392830154209243,0.5703772084309253,-0.04774620663073385,-0.3202455172892609,-0.8932415303030309,0.05071508469242469,-0.2585655683085543,0.44413211007490877,-0.816420416242617,-0.12602319690939037,-0.5140119969619167,-0.37735638741859906,-0.05028965425302478,-0.2751429491518766,-0.006875231790076137,-0.10295967387654312,-0.6195631395235097,-0.5956923219169948,-0.29000303687349666,-0.20224739819264617,-0.3063486098442025,0.2031874306088667,-0.602415187495995,-0.8340836195167813,-0.021058035994863156,-0.6332503277099327,-0.20377417787120677,-0.6602905823262093,-0.2371949517105217,0.04192390268005314,-0.08951005598974877,-0.33775021699203633,-0.08031064285046595,-0.32910931587090464,-0.39682775162294087,1,28,train
-1.33614278175587,-1.1762185968658219,0.9975255558881397,-1.357316928074438,-0.7878908713171647,-1.0296330887296659,-1.6565925349541182,-0.9540928364160557,-0.5262687331025583,-0.9244888970601683,0.2912036172215456,0.5784975322793797,0.12008726090710521,0.5720471402036202,-0.9234376353383764,0.36190353337438314,-0.22176570389154612,0.3444297668492122,0.06622045731152053,0.026351736180090166,-0.11387803885295152,-1.003105345638337,0.6557859249702929,1.0874235617118067,0.10474542769073045,-0.9345619760705584,0.8817189128550347,-1.4785137136538478,-0.208589146185235,0.413076034314113,0.15018168926856476,-0.09420179385979724,-0.16904594622402305,1.158919468172231,-1.052696204657656,-0.14214605577827347,-0.054928361963176034,0.3785484502652774,0.16642347627048265,-0.0031247600146972632,0.6887433625161121,-1.1440844713179668,0.21727233126079035,0.48140633959968604,0.882763614909293,0.08409178554548846,0.5393535749879304,0.07458541793842718,-0.8284758924853114,-0.5365800731526362,0.7489348730365762,0.5921501356756198,0.2956115151729918,0.9888552592082103,0.26835040174594427,1,28,train
-0.17053921105668474,0.26481928918251707,-0.32538896960558267,0.6073312982798881,-0.15356713478297493,0.17135555877605946,0.18317404337443463,0.2249894678044971,0.3010166417358167,-0.016000903743237743,-0.5278384305154109,-0.5127657865301893,-0.16340097088261654,-0.6351006722965356,-0.13635049052818438,-0.24503101324100643,-0.6228788394537722,-0.3163474739036473,-0.2783953215189712,-0.3085455711960073,-0.7029735379623192,-0.038036045809189435,-0.5181076889011346,-0.7499550256159024,-0.5938454429049025,-0.030990817907432435,-0.19496404346277643,-0.04988105296650785,-0.5702102815358293,-0.599777066772469,-0.33581369090008023,-0.31851906927651036,-0.15632205779855896,-0.6625585041588251,-0.25320496506880363,-0.4213490268281021,-0.6617788238270861,-0.827403640706292,-0.7117642452217307,-0.7042023819328923,-0.3298177601357193,-0.11307357923311302,-0.49934070908945316,-0.3142273465165387,-0.21837121330492543,-0.4349263316922575,-0.49394787184477457,-0.5243597614680107,-0.06063189300693867,-0.27161642009949605,-0.30795547811154994,-0.22704779405541062,-0.3058639376645406,-0.2966671109458803,-0.6798822849714027,1,28,train
-0.7291760443308064,-1.437681149597584,-0.6503729349253805,-1.759658061854785,-1.1859836990731045,-1.9155271872332023,-1.1912985826382856,-1.844600943057104,-1.6266694332234677,-1.4102455906103377,1.484237467578117,0.6517913372740523,1.3763292292301859,0.6825918116779934,0.7855118503111501,1.189541551486278,1.2375220845348383,0.722667773624987,0.6550784871577976,1.471006787606393,1.0759398442166268,0.6207286501611416,0.2939694001469077,1.0232140949503545,0.7667434431599255,0.8677741106909959,1.3769022134400195,0.8090787710604598,0.8916623932857222,1.0610842011383241,1.2517712176508267,1.1046085632852598,0.6664893937147862,0.18725626166286835,0.7018629481697715,1.0628351876999345,1.274865693599479,1.2106027313722991,1.2872683313329127,0.8472948405369596,0.36017525843487613,1.0507669369853725,1.1007678604597206,0.28487530956300905,0.7936544380595875,0.7086013900266788,0.7304435685802798,1.2045103663222037,0.5717102242105447,1.0399536625135477,0.546551614306084,0.7443659672134801,1.2617314612932782,1.1956743156052405,1.5279430751465992,1,28,train
1.6062955003750001,0.2129259581059841,1.0237868864190325,-0.009121199091169867,-0.7281040363794595,-0.6287536363342108,0.5143034818323277,-0.6053252479303968,-0.916887163448509,-0.28808614032038954,-0.3857215455199573,-0.9484567384429651,-0.3913032748704321,-0.4051677556298392,-0.006966302340207623,-0.23399583966618118,-0.3936713334182144,0.04366219519618652,-1.265401678363583,-0.38077832376732246,-0.2146443742269223,1.4473314852321941,-0.07588749189477492,-0.3251847070401418,-0.2512032539937111,-0.47797016742429793,-0.6992332761685867,0.5197917836938645,-0.1816599127016801,-0.34384106811080584,-0.6760104570181317,0.09334215771811047,-0.6695188909589443,0.043537588031258435,-0.4131032129865741,-0.7397383797796611,-0.18157541487390508,-0.5956923219169948,-0.5904356784366223,-0.7000539936375184,-0.18900285838661818,-0.23957798316990492,-0.43553269864730815,-1.0876720453705582,-0.6161800385268251,-0.48556224556911076,-0.8867439697846042,-0.14630216595614562,-0.5615782456078022,-0.39085006397340916,-0.7159344282507962,-0.680927728095576,-0.8133588509962086,-0.8035765628993858,-0.45343865829263325,0,28,train
0.8344385017290763,-0.3618924784340735,-0.4977289512145664,-0.48910711307474175,0.4705490933472164,0.17465497813733893,-0.3035291398761755,0.05680205203730111,-0.15946849972892177,0.9754961448006206,-0.2174252343411306,-0.1951592982199416,-0.8193149189451101,-0.40074596877086427,0.21406501914758605,-0.45469931116268647,-0.70692159166681,-0.09532887958286325,-0.30850737986338306,-0.9455071165976043,-0.6758441399770194,-0.4660233005160288,-0.5060471380736884,-0.5276914868262603,-0.27116299315358633,-0.22324000049533155,-0.42211234648341167,0.13704284656267682,-0.7240916157275716,-0.768585916953566,-0.8758085577541301,-0.3516150607314353,-0.3132500150459495,-0.6750557801267911,-0.5384288667599618,-0.5095183861069954,-0.3398842310123164,-0.5430306585557909,-0.555770373640877,-0.5175249086410653,-0.45655117170991033,-0.17000056100466937,-0.8527389207690252,0.08200456887998758,-0.5302533322788948,-0.3252151849590754,0.10409303402757858,-0.3544462353952623,-0.21255824584490549,-0.04639731500432692,0.15463482755814664,-0.3737285044464396,-0.2419571708005528,-0.4061595525678375,-0.7176228894178642,0,28,train
0.22036442545828594,0.06522955427277485,2.5026280619399306,0.8237955339979696,1.4125562974876456,1.2205709156629294,-0.7131590917615864,1.396990196624326,1.4331749378198118,0.7971803965353685,0.627796239579199,-0.09336234683845195,0.4813957916194957,-0.48475991909138794,0.21406501914758605,0.5715718312960631,1.1305585817182446,0.6451973385022379,-0.024115717721715158,0.4794480932183397,0.42870992085304505,0.49065409235808266,-0.5542893413834731,-0.8882523386405687,0.2145239930700442,2.867165609605147,-1.2852758979618255,-1.7010421654743055,1.2417424285719358,-0.049786941988894946,0.5443779420720213,1.0825445689819766,2.9143763488801104,-0.6469369091988675,1.3025617714284226,-0.17153584220457122,1.7761769447044484,-0.29025467442201214,-0.6077683308344949,-0.2852151641001249,-0.29696094972759574,1.9805743059207925,-0.19502558236537715,-0.13988530374206715,-0.7243840389871818,-0.3589724608769776,-0.03745510937416181,1.3786717305467706,2.7027852815863493,2.709224676748331,-0.05096086385060739,-0.9078676951156588,-1.0313937026498141,-1.091501131608977,0.4570534239782521,0,28,train
-0.20323296974702773,-0.3998145280669245,-0.49937028437274716,-0.4655783918010372,-1.0022485478011323,-1.2589427343385886,0.03188214476867309,-1.2833860925497236,-1.1312509361993355,-0.7584707866063131,0.06306861762358054,-0.19923117627520118,-0.31348297594776336,-0.5245560008221622,0.09546284664194067,-0.11260893034310325,-0.06132044966665569,0.0778403283385758,-0.24828326317455926,-0.42674462085815934,0.08377900361137582,0.3941471623751679,-0.3170985084436984,-0.6017793330894744,0.1812577611369188,0.6803311576677943,-0.21313590770442725,0.19044967499958673,0.12994978903659798,-0.15869587758960269,0.009783023886511776,0.27720877691213763,0.43745940205643236,-0.6906773750867488,0.45121164062299607,-0.42624732456581843,0.44638288914179314,-0.7168141476477637,-0.4055540528593142,-0.15661512694353288,-0.21247200867813504,0.6586032847813176,-0.4208077731606593,-0.07014848663227852,-0.3488525079777085,-0.059376637105595785,-0.12592269900024955,0.2529946203148129,0.4156777537283086,0.6071796958600855,-0.025261402424513135,-0.2713287632300609,-0.46375124403439283,-0.016853093467545103,0.18343404174140573,0,28,train
0.10380406838836742,-0.4077981174633142,-0.33687830171284827,-0.4961657294568531,0.2926468040203862,-0.008462796413671375,-0.3335020631848641,-0.07420709287609366,-0.20710489367354992,0.0823801987479358,-0.808332282480122,-0.3173156398777292,-0.9416039601093038,-0.7368017700529589,0.25180207403574595,-0.3609003357766717,-1.0621932260219245,-0.4485029220542192,-0.5761701207025999,-0.6894091756629417,-0.40067453184040686,0.054274930696207285,-0.1884526329509392,-0.5672050048333078,-0.46078051517240093,-0.040603277036827395,-0.02687429922750634,0.17709796789035925,-0.9703017504343592,-0.4963135779517967,-0.5248118942989977,-0.6752203105129231,-0.2284240922095222,-0.5219641495192067,-0.19702449958418158,-0.31848477433606,-0.7937028372757622,-0.5219659932113093,-0.3304458924685328,-0.6751636638652748,-0.4424696815350002,0.1778865498215083,-0.5386071770538501,-0.5202679425227325,-0.2820206253404294,-0.2534809736335333,-0.4868704646746876,-0.43515516027981777,-0.15507259882513424,-0.13030247180448798,-0.3561419682854767,-0.16062634029343517,-0.3885668124297013,-0.2845012840989961,-0.8072568249782105,0,28,train
0.9751638108744657,0.3386674910991217,-0.4090969606728033,0.4826290755292543,1.5904585868144756,0.12186426835686749,0.3016384545468705,0.38786570202115006,0.41375610740477,-0.10823318732871293,-0.3932013815723496,-0.056715444341115674,-0.33571734706852585,-0.32557559216829046,-0.11478645916352159,0.3894914673114463,-0.573217213146068,0.11201846148096509,-0.007386796419264107,-0.4727109179489963,-0.7223516793803906,-0.3527325566230419,-0.24071501986987262,-0.20664415301899927,-0.7801363417304046,-0.24727114831881894,0.018555361376620706,-0.14779357176750935,0.2261256229064369,-0.6487860877927876,-0.2602144095405132,0.07495549579870775,-0.15632205779855896,-0.12205131854429213,0.2178466301484121,-0.656467318238484,-0.1446366911082758,-0.33238400511097527,-0.35933364646498717,-0.4262603661428387,0.02221949423703348,0.19053699021518752,-0.28828344378081977,0.7888823059473905,-0.36794733158835974,-0.00030140424926697513,-0.45148342882425246,-0.20152406192978883,-0.5903210691176878,-0.037565193235888916,-0.35935440096373844,0.10782703532788221,-0.34345615346688635,-0.26016963040522784,-0.9063259116501721,0,28,train
2.1933616890320287,1.8655289631586496,-0.7898862533707482,1.4496595198785096,0.8526015507540159,2.1741031110726947,1.5762013361972953,1.9298787455288102,1.0425565074738612,2.8047697692458784,3.320537218440426,3.241505780419149,1.8488096155463887,1.637697773216578,-1.4032373332021237,0.902627038540821,1.3444855873514319,1.153312251219092,1.6220101384394685,1.7730710256318927,1.8006823332524935,-1.4478764142552485,2.420646529386583,1.2355992542382348,1.17924471913068,-1.5689842786106254,2.562616355207736,-1.1847761572508433,0.36461882367900494,2.607591086668374,1.0195734249035853,0.7846806458876526,-0.9876161015955468,2.0962151657696872,-2.0855524547210926,1.141207951503395,1.137664719612856,1.8056795273539032,2.7836539883492497,2.983714812654536,1.9654651383746289,-0.8025225806886288,2.7794093659376884,1.0709994297097172,2.750873858151334,0.9744399378801584,3.458784032648826,1.327697672724946,-0.582108833829149,-1.6980040857022338,3.662611312220012,0.7415984066400645,1.1414363707257715,2.858337318012739,3.83955509749237,0,28,train
0.5046579792873556,0.04726647813089805,0.5855509331847596,0.004996033673052836,0.06079054170099266,-0.13549044182293077,-0.14224626683418448,-0.14502284688333408,-0.13088666336214488,-0.006777675384690224,-0.5876771189345493,-0.6023471037459003,-0.36351031096947894,-0.8517682283863071,-0.050094365069533214,-0.6147093279976528,-0.6840008410632542,-0.30039767843719895,-0.355348359510246,-0.44644446246851804,-0.3309132227353501,0.04588302374117122,-0.4296636494998627,-0.4634820200648081,-0.4774136311389636,-0.040603277036827395,-0.4539131089063006,-0.12554072658546356,-0.6202217151481456,-0.47997723761169053,-0.5626115349787812,-0.6531563162096398,-0.10118520795488117,-0.5032182355672575,-0.24888339080075578,-0.5829928521727398,-0.6617788238270861,-0.9485254664370609,-0.5384377212430044,-0.658570110683779,-0.287573289610989,-0.09409791864259423,-0.5435154855493997,-0.3142273465165387,-0.2820206253404294,-0.147989486390089,-0.23562251013659838,-0.6815297730853028,0.06255163632114252,-0.011068827930574903,-0.11199708473758124,-0.2076748700415011,-0.39608525559017044,-0.3777726232584412,-0.6562944071923642,0,28,train
-0.8727442890144865,0.4284828718085057,0.8432402390191448,0.3932199346891772,0.8453104733225884,0.8609342052834676,-0.4776575514790331,1.0517633958390291,1.188641448904054,0.35907704950436137,-0.25856433262928824,-1.2416319584216553,-0.36906890374966955,-0.3742152476170147,0.11163587016543776,0.05291867327927571,0.4582165640139419,0.2783520427739263,-1.1650281505488769,-0.29541234345576817,-0.21852000251053658,-0.5163747422462452,-0.9522875186891968,-0.6017793330894744,-0.23789676122046094,0.8004868967852312,-0.7855496313164281,-0.3302669022602849,0.22227858955164334,-0.4963135779517967,0.042182715897754776,0.5346220437837756,0.7301088358421067,-0.3657481999196307,0.21352505588036425,-0.09316307840111054,0.4674907312935813,-0.2007298467079655,-0.012680598507534543,-0.33084743534923816,-0.6724673543918653,0.07035780647523524,-0.16557573139207946,-1.0971816113400747,-0.41886686121676286,-0.13533050792087567,-1.0176760024312141,0.4738822042093857,0.2966003420444968,0.5939315132074284,-0.37862899703330916,-0.3543555804325301,-0.6667492093670601,-0.7143604993555689,-0.42985078051359477,0,28,train
-0.49036945911438795,0.9454202852247381,0.9679815590408855,0.8967345699464535,1.0407113484848445,1.4779256258427276,-0.3335020631848641,1.4837394952831955,0.9695140367587647,1.558096736115539,1.282281894163525,-1.0828287142665314,0.5758918688827362,-0.8606118021042569,0.7962938659934815,0.3287980126499073,0.5269788158246093,0.579119614426952,-0.7668798235505419,0.8340452422047958,0.6341182198846009,-0.4198678122633304,-0.8236416431964376,-1.0611239799214016,0.6336785154274239,1.2138226393492144,-1.0717564931224284,0.0035257754704020607,0.34538365690503714,0.5927757780552807,0.33377994399894173,0.6081686914613865,0.6452829130056793,-0.3095104580637833,1.0000515726650732,0.42115818405910016,0.9529711007847094,0.07837696910641516,0.7788438609953156,0.5527592715654102,-0.8743020468989103,0.6269771837971195,0.8406275101955911,-0.6882702746508597,-0.7275665095889571,0.45120216115267464,-1.1415306279077369,0.9836227824276307,0.8878812828192865,1.256340645840279,-1.0564522921465451,-0.44014995820841507,-0.8208772941566778,-0.8887373508275749,1.6175770107069454,0,28,train
0.08106058408204185,-0.14234377003335705,-0.3828356301419106,-0.1408820382239151,-0.5764496258057682,-0.09754711916821693,0.4072573271584398,-0.10784457602953286,-0.5103899351210156,0.09160342710648332,-0.5315783485416071,-0.24809371293831622,-0.8582250684064444,-0.7191146226170592,0.26797509755924304,-0.45469931116268647,-0.8597265956905152,-0.23204141215242038,-0.2717037529979907,-0.6894091756629417,-0.7533567056493047,0.08784255851635155,-0.4497645675456063,-0.2906103787839752,-0.5206597326520266,-0.09347180224849964,-0.263108534368967,-0.20120040020441926,-0.5432810480522744,-0.9373947671346631,-0.5356117916360786,-0.6899296400484453,0.021812380157938457,-0.5500830204471303,0.010411065282115266,-0.3968575381395206,-0.9150729296485441,-0.5640953239002725,-0.6770989404259854,-0.22298933966951587,-0.6349167139254384,-0.13204923982363181,-0.8380139952823764,-0.22230154214454462,-0.49524615565936764,-0.24082199516431999,-0.06222603446946638,-0.8514432991580512,-0.20434601055636673,-0.07730974119385994,-0.3175927761463353,-0.2962368083908017,-0.42615902823204704,-0.3534409695646729,-0.9440665160966336,0,28,train
2.11660242949818,1.9593361385662285,-0.7472115912580475,2.2425774268023515,1.966678182276133,1.8524097233479468,2.47824359958259,1.9688274102327925,1.7761569742211345,1.0815632709239171,1.128945255089483,3.184499487645515,2.593661048091932,2.782940569691085,-1.5703585762782604,3.093108993143636,2.173452734180032,0.9778645010881604,2.619053848065551,3.1060936412661633,1.021681048246027,-1.3807411586149598,2.1995364308834033,3.8286738734507275,1.022893429044991,-1.6170465742576001,4.179912272714659,-1.7277455796927605,2.472793102105874,1.1699931367390317,2.385760438044332,1.762851059999877,-1.360850162075827,3.4271750563580747,-0.6291819263889666,2.213935156063263,3.3856499087782965,2.353360826310424,2.8587621487400314,0.8265528990600899,2.8244360390441456,-1.5299229033251822,2.602710260097902,2.7637021722836774,1.4747031468394798,2.4217831428602143,2.981059048667952,2.9376283322642363,-1.4690302449913337,-1.4286243717648748,1.2179500440627964,3.0054629556940604,3.4646353073107403,3.8762114975353783,1.3816982329165606,0,28,train
-0.6410450426437948,1.1370264307380904,-0.6667862665071884,1.3084871922362824,1.3425619541459417,1.8194155297351522,-0.3349293452471826,1.9104044131768192,1.5951386772315475,1.831719177419115,1.839529680066751,-1.3556445439689238,1.6209073115585733,-0.6174135248606358,-0.7239703452152456,0.902627038540821,1.8220012249255104,0.9710288744596824,-1.154990797767406,1.6089056788789038,1.9208268100445356,0.5703772084309253,-0.9442471514708994,-0.6758671793526884,1.1027323856844917,-1.1171986995290626,-1.0808424252432538,0.07918544908935775,1.249436495281523,1.4803836032010491,1.2139715769710433,1.4502778073700309,-0.9239966594682263,-0.41886162278348654,-1.3163122350085752,1.1265130582902463,2.0294710505259066,0.8419710878438718,1.5472581173010023,0.8431464522415857,-1.2357269613882698,-0.6949938373423556,1.2676503493084075,-1.20495669232793,-0.8198581570404379,0.5651329673755945,-1.343236732255217,1.6887639156295362,-0.8079453042639646,-1.0355949530693835,-1.2427733874857285,-0.5674577445855347,-0.9599684926253571,-0.9455112094463675,2.273320012964215,0,28,train
1.5878164193761106,0.638052093463735,-0.4944462848982048,0.3038107938491001,-0.8228880429880165,-0.45388441018639913,0.5000306612091426,-0.5274279185224323,-0.7787416210090874,-0.3388138962924009,-0.09026802145046155,-1.0013911531613398,-0.8304321045054913,-0.17081305210416795,-0.31964475712781815,-0.5981565676354149,-0.6954612163650321,0.020876773101260328,-1.1650281505488769,-0.7550753143641373,-0.5169433803488347,-0.7177805091671108,0.0929602196894715,-0.11279954775226143,-0.42418766004596303,0.29583279249199607,-0.5356864979937292,-0.14334300273110018,-0.08933111218663474,-0.9537311074747692,-0.6112110729956457,-0.2854230778215855,0.5265266210346811,0.09665101089511427,0.191917184540125,-0.8866873119111498,-0.039097480349334905,-0.2059960130440859,-0.7002091436231489,-0.7083507702282663,0.06446396476176382,0.1778865498215083,-0.5189739430716516,-1.3349207605779905,-0.3138453313581814,-0.6965452200559993,-0.7487345299679073,-0.2270110908407011,0.3089186949773049,0.25831088600678426,-0.8444317353812675,-0.5563875022918721,-0.711859868329875,-0.33316459148653266,-0.4958968382949025,0,28,train
0.23742203868803013,1.15299360953087,-0.5321969475363632,1.2896642152173188,-0.20752110777553817,0.753703076041885,0.4857578405859576,0.8180714076151355,0.801198778154412,0.9877937826120173,0.25754435498578027,-0.17887178599890324,0.3535481576751114,-0.12659518351441865,-0.4328559217922978,-0.416076203650798,-0.06514057476724831,0.18037472776574368,-0.05088199180563684,0.09201787488128575,0.13416217129836122,-0.19328632447735664,-0.3010177740071035,-0.07822521949609486,-0.6271116748380279,-0.5356449222006676,0.1094146825848748,-0.334717471296694,-0.477881481020784,0.5818848844952099,0.6307771207686692,0.14482481109243808,-0.36414556874780596,-0.3095104580637833,-0.8452606397913592,0.35258201573107206,-0.7884258767378152,0.589195103710093,0.385970406643536,0.34948824509208726,-0.06226944681242719,-0.6823433969486765,0.3645215861272787,-0.3649450316872941,-0.12607956585344468,-0.5193195214870129,-0.09053566314981445,-0.6432992297189345,0.4033594007955005,-0.4526749163524752,-0.07023545992017809,-0.32391241412495814,0.14900187354384326,0.03181021391999145,-0.02885685826994058,0,28,train
1.5551226606857675,1.0152766924431478,-0.5042942838472896,1.2873113430899485,1.0815413821008384,1.0720970444053535,0.7797779454235696,1.2323435685574922,1.4951022499478284,1.6149733109932485,0.9643888619368524,1.2666449236182498,0.7648840234092174,0.20503883090870106,-0.7024063138505827,0.6598532198946653,0.7523661967595743,0.5016491793042029,1.4413377883729972,0.742112648023122,1.4014926200402247,-0.5541383235439075,0.7924721676813495,0.24282211431116615,0.8033362982863633,-0.6846380387062895,0.6091409492302723,-0.3035634880418299,0.849345026382993,1.1427659028388548,0.9547740408810992,0.8545499611813829,-0.6695188909589443,0.3059803833585461,-0.76315072869845,0.4897343523871282,0.8368779689498744,0.4312101136264813,0.49574387183006263,0.6855076970173761,1.0642497671803817,-0.5431885526182054,0.6688367128513547,0.8300904251486292,0.4531300836696413,0.3035140790118526,1.13385577727524,0.6777784354966837,-0.6929740102244222,-0.6204852299527973,1.4106960047585033,0.2904860331733147,0.596349241591758,0.5143880121797288,1.2071479373516758,0,28,train
1.0505016026391691,0.007348531148949603,2.318798748223681,-0.47969562456525994,-1.045995012389697,-0.683194055795322,0.5314308665801497,-0.8213132976524801,-0.9692871967875999,-0.06980306916809827,-0.32214293907462277,-0.634922128187977,-0.6525571355393913,-0.2592487892836665,-0.20104258462217278,-0.10157375676827798,-0.1568235771814714,0.2327811985840739,-0.8438328615418167,-0.6434428785721048,-0.5130677520652204,1.9172782747142139,-0.33317924288029327,-0.6610496101000456,-0.31773571785996185,-1.3478977186345413,-0.6719754798061104,1.2363333985557392,0.04531505523113974,-0.4963135779517967,-0.2602144095405132,0.14114747870855754,-1.6365344112942157,0.04666190702324995,-0.30506385628537785,-0.7593315707305262,0.008395164492188493,-0.5166998268751889,-0.885090769200457,-0.40551842466596905,-0.503489472292944,-0.7645712595075912,-0.3962662306829113,-1.1986169816815855,-0.31066286075640615,-0.388510077305142,-0.47625435391955706,-0.1250629751970521,-2.0931601269202784,-0.8942810047743754,-0.25655655525936144,-0.6698574858019135,-0.6968229820089367,-0.7346368774337091,-0.48174411162747943,0,28,train
0.7079278702751404,0.01333622319624187,-0.4205862927800689,-0.5408702998768916,0.4617998004295034,-0.4390370230606416,0.42295742984394336,-0.5327391000729753,-0.43417170480961065,0.07315697038938827,-0.2959635128912497,-0.5046220304196701,-0.5969712077374851,-0.18407841268109273,0.11163587016543776,-0.6202269147850654,-0.9781504738088866,-0.29811913622770636,-0.3687314965522068,-0.4792775318191158,-0.7688592187837616,-0.0967793944944419,-0.39750218062667286,-0.7697117846194262,-0.553925964585152,0.12280852816288686,-0.5856591246582691,0.03913032776167533,-0.781797116049475,-0.4908681311717613,-0.3844132289169447,-0.41780704364128507,0.13632737598711533,-0.38761843286357134,-0.13220088556346382,-0.3674677517132229,-0.8728572453449678,-0.9011299694119774,-0.4806622132500956,-0.4470023076197084,-0.7053241647999889,0.3929440365140545,-0.8036558358135292,0.009097896447026741,-0.21837121330492543,-0.24926131414379551,-0.3170126925925991,-0.8556911373098698,-0.3480601281057948,0.1523254247855282,-0.36577926632026203,-0.011178069328990441,-0.41488136349134336,-0.6778630188149165,-0.642141680524941,0,28,train
-0.3866023119667776,0.08319263041465165,-0.5469689459599902,0.04028911558360959,0.3626411473620899,0.5111957529878444,0.7341049194293774,0.6587359610988447,0.9377564407956793,0.1853729154183831,-0.4642598240700764,-0.7448628356799858,-0.6025298005176757,-0.36537167389906483,-0.006966302340207623,-0.5705686336983518,-0.007838698258358876,0.03682656856770866,-0.48248816140887396,-0.6368762647019852,-0.29990819646643607,0.3437957206449515,-0.3211186920528471,-0.1720698247628327,-0.41753441365933797,-0.18479016397775172,0.3638207819679863,-0.615103320590471,-0.4586463142468162,-0.8175949379738845,-0.4978121509562952,0.15217947586019917,-0.5125909337115537,-0.7375421599666215,-0.16677347970784662,-0.32338307207377626,-0.52985481037841,-0.8063389753618104,-0.5962132292359131,-0.2727699992140031,-0.4659388318265171,-0.16367534080782978,-0.3766329967007128,-0.4410215594434272,-0.30429791955285573,-0.6163716897509817,-0.7275023084576463,-0.5583424666825603,-0.15507259882513424,-0.08172580207807895,-0.4139657564941887,-0.13295073455927875,0.427184270481202,0.15752375800446086,-0.45343865829263325,0,28,train
-0.8471578691698703,0.6480315802092221,2.3073094161164156,0.1744028268437253,0.6951142782351825,0.5557379143651171,0.17032850481356807,0.5808386316908802,0.5122046548903347,0.9724217353477714,0.08550812578075744,-0.80186912845362,-0.23566267702509464,-0.33884095274521525,1.092799297257595,-0.1898551453668801,-0.09570157557198934,0.2806305849834189,-0.656468942954365,-0.06558085800158366,0.11090840159667564,-1.5905388324908616,-0.9120856825977096,-0.23134010177340397,0.02823309424454208,1.281109853254979,-0.2676515004293797,0.37292300549236224,-0.1662717792825059,-0.289386600310452,0.12318194592586226,0.21837145877004893,1.0948603040387443,-0.6156937192789523,1.756327069573447,-0.07356988745024537,0.07171869094755302,-0.23759301106080827,-0.2553377320777514,-0.05290541955918449,-0.667773524333562,0.7345059271433927,-0.2195671248431252,-0.8784615940411923,-0.19927638969427422,-0.12267152945166236,-0.823047305253821,-0.027362697705221806,1.1383544591197183,1.234260341419184,-0.9793539078682624,-0.2851665660971391,-0.1404581881342192,-0.13445608632075842,0.16928131507398267,0,28,train
-0.17338214659497542,-0.7011950277806352,-0.4337169580455153,-0.5620461490232257,-0.21481218520696566,-0.46378266827023756,-0.5490216545949583,-0.41058192441048563,-0.3722443926815941,-0.33420228211312714,-0.6175964631441185,-0.427256347369738,-0.46356498101291016,-0.44496383736061357,-0.0932224277988588,-0.371935509351497,-0.840625970187552,-0.19330619459104587,-0.31854473264485367,-0.5974765814812679,-0.7068491662459335,0.28924832543721707,-0.2688563051339137,-0.25603605052780865,-0.4973733702988389,-0.006959670083945047,0.02309832743703341,0.3551207293467256,-0.6933153488892232,-0.1096868565692842,-0.4060130235911067,-0.5943189980675512,0.08967311842708033,-0.5407100634711558,0.07955625357088088,-0.519314981582428,-0.6459479422132449,-0.5693614902363928,-0.5673254752394588,-0.7083507702282663,-0.4659388318265171,0.17156132962466872,-0.5827819535137966,-0.3712847423336385,-0.42841427302208845,-0.2577006331232711,-0.2851643603272075,-0.5455989522271042,-0.1016930694496324,0.04192390268005314,-0.15054627687672262,-0.301771929537633,-0.12166208023304631,-0.1668982912457828,-0.8119744005340181,0,28,train
-0.07387940275480108,0.6320644014164427,-0.4271516254127921,0.45204173787343843,0.4049293964643692,0.6382233983971037,-0.3563385761819602,0.6569655672486636,0.7456229852190125,0.6403855144400606,-0.24360466052450364,-0.5127657865301893,-0.6469985427592007,-0.7589107043478336,-0.050094365069533214,-0.34986516220184644,-0.26760720509865765,0.032269484148723424,-0.4523761030644621,0.00665189456973149,-0.20301748937607952,0.25568069761707285,-0.6547939316121912,-0.8191036821282356,-0.33436883382652455,-0.37703934656565086,-0.7764636991956027,0.15484512270831347,-0.34323531360300946,-0.5180953650719382,-0.08741605214721722,-0.21555376252785516,-0.4447301954424119,-0.5813262103670456,-0.4131032129865741,-0.33317966754920886,-0.02326659873549377,-0.7010156486394026,-0.2033397748841335,-0.2852151641001249,-0.3298177601357193,-0.2775293043509425,-0.2195671248431252,-0.4441914147665994,-0.32339274316350697,-0.2534809736335333,-0.5541058327905143,-0.3034721775734378,-0.29468059873029295,-0.4261785510471612,-0.4717895447029008,-0.27409632380347654,-0.6667492093670601,-0.7792449092056176,-0.2600180605045177,0,28,train
-0.4818406524995159,0.10115570655652845,0.8842735679736647,0.4849819476566248,-0.7339368983246015,-0.4835791844379143,0.6912864575598223,-0.36101089660541735,-0.045141154261814274,-0.6693129124736871,-0.46799974209627254,-0.5046220304196701,-0.791521955044157,-0.5643520825529367,0.13859090937126625,-0.5760862204857644,-0.8024247191816257,-0.07026491527844443,-0.30850737986338306,-0.5252438289099527,-0.7068491662459335,-0.4828071144261009,-0.5623297086017706,-0.12761711700490425,0.0016201086980417786,-0.34820196917746604,-0.5266005658729038,0.6132537334584568,-0.47018741431119687,-1.0190764688351939,-0.4546125616079712,-0.35896972549919637,-0.06725483882031025,-0.7156719270226809,-0.6421466491931103,-0.6270775318121863,-0.5931783368337745,-0.34291633778321606,-0.12823161449335208,-0.6419765575022833,-0.8226699162575732,0.5510745414350444,-0.4060828476740105,-0.12086617180303388,-0.6989242741729803,-0.39272973679487977,-0.26039343523190295,-0.29922433942161913,-0.6724434220030753,-0.07730974119385994,-0.262981420615885,-0.49826873025014357,-0.4036036987506396,-0.454822859955374,-0.5949659249668641,0,28,train
0.3923620255248731,-0.44771606444526263,-0.476391620158216,-0.6820426275191187,-0.623112521366904,-0.8894077658752886,-0.07516400990521477,-0.9664855933673228,-0.9724629563839085,-0.5924526761524577,-0.18376597210536527,-0.5494126890275256,-0.19119393478356966,-0.36979346075803976,0.11702687800660345,-0.36641792256408434,-0.2064852034891756,-0.011022817831636339,-0.4523761030644621,-0.5121106011697136,-0.21852000251053658,-0.27300944055019927,-0.5784104430383654,-0.5968401433385935,-0.28446948592683646,0.47366328638580274,-0.34033895739598297,0.00797634450681122,-0.3009179467002804,-0.19136855826981503,-0.6382108163383482,-0.05742847002099181,0.2847727409508632,-0.5969478053270032,0.20920348161231642,-0.3968575381395206,-0.46653128392304544,-0.28498850808589177,0.016207155488919843,-0.6129378394346657,-0.17022753815340472,-0.07512225805207544,-0.01832647652559108,-0.5741554830166601,-0.16745168367652224,-0.13533050792087567,-0.4337899108990349,-0.3332070446361688,0.13646175391799123,0.3333839210385073,-0.39469116042461805,-0.22428023348199497,-0.3923260340099359,-0.30477766217713637,-0.23643018272547922,0,28,train
0.18909213453708829,0.03928288873450836,-0.3483676338201138,0.3155751544859523,-0.23376898652867706,0.4320096883171372,-0.23073775469793176,0.42327357902477025,0.267671165974577,0.8709662234037487,-0.27726392276026895,-0.41911259125921885,-0.26345564092604773,-0.5245560008221622,0.041552768230283664,-0.46021689795009907,-0.7489429677733289,-0.17963494133409014,-0.17133022518328442,-0.12468038283265967,-0.3541669924370357,0.09203851199386957,-0.5663498922109192,-0.5721441945841887,-0.6138051820647776,0.08435869164530703,-0.5674872604166182,-0.040979914893689524,-0.6317628152125262,-0.21315034538995656,-0.4276128182652687,-0.4030977141057629,-0.38959334559873415,-0.39074275185556284,-0.387173767378287,-0.7936196548945402,-0.4770852049989395,-0.7800081436812084,-0.6251009832323675,-0.538266850117935,-0.287573289610989,-0.3913832678940552,-0.4453493156384074,-0.45370098073611603,-0.4825162732522668,-0.4180476937333064,-0.03037770220407479,-0.6730340967816654,0.14878010685079937,-0.10380610649917396,-0.2951057473985028,-0.2519558392161514,-0.2870678297633677,-0.5156519941897947,-0.4864616871832871,0,28,train
-0.14210985567377776,0.22889313689876348,-0.35165030013647547,0.1791085710984662,0.1716149186586902,0.15155904260838268,-0.31922924256167906,0.16656647074852376,0.24544084880041725,0.09775224601218166,-0.7522335120871798,-0.38653756681714213,-0.7081430633412975,-0.9711564735786301,0.20867401130642035,-0.11812651713051589,-0.7183819669685879,-0.27761225634227277,-0.32858208542632433,-0.669709334052583,-0.5983315743047342,-0.06321176667429763,-0.6547939316121912,-0.5919009535877124,-0.5705590805517147,-0.3530081987421635,-0.5266005658729038,0.030229189688857013,-0.6086806150837649,-0.43641366337140747,-0.6328108676698077,-0.5832870009159095,-0.3386977918968777,-0.4438561747194187,-0.24456181653270795,-0.602586043123605,-0.3873768758538398,-0.922194634756459,-0.7753173040139304,-0.3142538821677424,-0.48002032200142714,-0.2648788639572633,-0.6367733469648423,-0.29203835925433325,-0.3456700373759333,-0.5066605430177996,-0.4727156503345135,-0.7409995072107647,-0.13043589295951802,-0.08614186296229795,-0.5456754963029218,-0.2962368083908017,-0.2795493866028986,-0.4669886868022582,-0.7506459183085181,0,28,train
0.46201394621299513,-0.22617145869544877,0.8038482432228056,-0.03500279249224482,-0.7966401642348776,-0.6007085717633354,-0.3748932429921008,-0.49910161691953614,-0.26903220580156645,-0.6370316132187708,-0.303443348943642,-0.3824656887618826,-0.6803500994403444,-0.6129917380016608,-0.21182460030450417,-0.7195434769584929,-0.6572599653591058,-0.10444304842083373,-0.41891826045956,-1.0308730969091586,-0.2960325681828218,0.28505237195969907,-0.570370075820068,-0.5425090560789031,-0.25785650038033614,-0.08385934311910469,-0.0768469258920461,-0.32136576418746654,-0.5548221481166551,-0.3656228552309474,-0.5518116376417002,-0.49503102370277646,0.10239700685254442,-0.5313371064951813,-0.4952131240794833,-0.5438064702710094,-0.3768229547779457,-0.7800081436812084,-0.35933364646498717,-0.4884861905734477,-0.4236943613017867,0.07035780647523524,-0.5386071770538501,-0.5551363510776268,-0.1006198010392431,-0.3547528013872398,-0.3559384320280777,-0.2652416342070694,-0.3603784810386029,-0.07730974119385994,-0.6645355053986077,-0.03331855391631559,-0.11790285865281173,0.0723629700762719,-0.23171260716967151,0,28,train
0.18482773122965224,-0.31399094205573536,-0.5715889433327023,-0.5832219981695598,1.3629769709539388,0.5276928497942417,0.20315599224689368,0.8003674691133255,0.35024091547859915,0.34524220696654007,-0.2099453982887383,-0.2643812251593546,-0.9860727023508288,-0.4936034928093378,0.057725791753780765,-0.7857545184074444,-0.4204122091223628,0.14163951020436913,-0.17467600944377462,-1.0768393939999956,-0.4859383540799206,-0.12195511535955009,-0.5181076889011346,-0.4634820200648081,-0.15805780458096003,-0.5356449222006676,-0.054132095589982575,0.012426913543220378,-0.1278014457345703,-0.7903677040737076,-0.5140119969619167,-0.1493617796180054,-0.49986704528608966,-0.4313588987514526,-0.3353148761617128,-0.3674677517132229,0.5783069025904692,-0.2797223417497714,-0.9833091327884019,-0.3930732597798472,-0.3485930803689328,-0.037170936871037875,-0.45025762413395704,-0.11135660583351725,-0.20882380149959984,-0.5783947543433416,-0.22500639938146783,0.31671219259209354,-0.8161575395525034,-0.4394267336998182,-0.4139657564941887,-0.01671319047582173,-0.1893280686772687,-0.13445608632075842,-0.2269950316138638,0,28,train
-0.41503166734968455,0.2488521103897377,-0.4337169580455153,-0.02559130398276302,0.03891730940671026,0.09216949410535231,-0.21931949819938373,-0.012243308119758293,-0.10230482699536801,-0.03752176991318195,-0.707354495772826,-0.3824656887618826,-0.4024204604308133,-0.8296592940914324,-0.039312349387201816,-0.30572446790254537,-0.8673668458917004,-0.3801466557694406,-0.2850868900399516,-0.4333112347282789,-0.7029735379623192,0.20532925588685647,-0.6869554004853811,-0.5968401433385935,-0.647071413997903,-0.13672786833077696,-0.3494248895168084,0.15484512270831347,-0.7702560159850943,-0.7794768105136368,-0.7732095330518607,-0.6641883133612815,-0.1648046500822017,-0.650061228190859,-0.12355773702736811,-0.6760605091893492,-0.7567641135101328,-0.6641524842865598,-0.2495601812784605,-0.7207959351143881,-0.29696094972759574,0.2095126508057063,-0.2833751352852702,-0.4473612700897716,-0.4093194494114373,-0.4518049696512086,-0.5151800933550357,-0.48188137994982355,-0.09348083416109365,-0.28044854186793405,-0.37220413167678557,-0.2823990055237235,-0.13293974497375005,-0.11012443262699015,-0.8119744005340181,0,28,train
-0.5472281698802018,0.4943474843287206,-0.4550542891018656,0.6167427867893699,0.12641023858383987,0.6349239790358243,-0.2093285237631542,0.7950562875627825,0.46774402054201514,0.44362330945771355,-0.3558022013103881,-0.7367190795694666,-0.2245454914647134,-0.7058492620401344,-0.28729871008082397,-0.5981565676354149,-0.1568235771814714,-0.022415528879099433,-0.6263568846099531,0.12485094423188355,-0.3541669924370357,0.280856418482181,-0.5341884233377295,-0.784529353872069,-0.39092142811283764,-0.2088213118012391,-0.6628895476852851,0.012426913543220378,-0.5740573148906228,-0.5725498328722921,0.07998235657753827,-0.13832978246636377,-0.24963057291862903,-0.5500830204471303,-0.3223501533575693,0.10766712884525743,-0.3979307969297339,-0.22179451205244707,-0.0242357001061163,-0.2893635523954988,-0.7475686353247193,-0.2206023225793861,0.13873939533199653,-0.4758899679983215,-0.4093194494114373,-0.4560246291409463,-0.6284186080764279,-0.4861292181016423,-0.13864812824805675,-0.156798837109802,-0.616349015224681,-0.1744641431605134,-0.36601148294829383,-0.548094199114819,-0.7317756160852873,0,28,train
-0.6552597203352484,0.10315160390562587,-0.40417296119826096,0.1061695351499822,0.12786845407012537,0.07402268761831525,0.05329137570345067,-0.008702520419396271,-0.051492673454431356,0.14694279725776843,-0.7933726103753375,-0.4598313718118147,-0.4969165376940539,-0.4759163453734381,-0.09861343564002449,-0.7967896919822697,-0.7718637183768847,-0.3231831005321252,-0.32858208542632433,-0.6959757895330613,-0.7572323339329189,0.13399804676904992,-0.3573003445351856,-0.5326306765771412,-0.6171318052580902,-0.08866557268380217,-0.3448819234563957,-0.15224414080391852,-0.6279157818577327,-0.6596769813528583,-0.3736133315798637,-0.7597989553421756,0.09815571071072306,-0.5625802964150964,-0.19270292531613373,-0.6907554024024981,-0.5509626525301982,-0.6167569872614763,-0.2784479352749149,-0.4594474725058302,-0.40491904106857324,-0.06879703785523585,-0.19502558236537715,-0.4156627168580495,-0.31066286075640615,-0.3083365470001243,-0.4585608359943395,-0.5753338192898351,-0.03188906949705306,-0.161214897994021,-0.6259863132594663,-0.17723170373392902,-0.3396969318866518,-0.272335457252112,-0.8685853072037105,0,28,train
0.9808496819510472,-0.09643813100411634,1.0631788822153716,-0.6091035915706348,-1.146611880943396,-1.5657887349375788,0.03045486270635459,-1.6179905302339346,-1.6997119039385642,-0.8937448025316765,0.3547822236668801,-1.5673822028424222,-0.24122126980528527,-0.35210631332214004,-0.12017746700468729,0.2074111033268294,0.7027045704518702,0.46291396174282845,-1.3825041274807406,0.019785122309970607,0.5566056542123157,0.8682899053347056,-0.3532801609260369,-0.4536036405630462,0.3376090512226081,-1.2758042751640792,-0.41302641436258625,0.1503945536719043,1.0493907608322581,-0.09879596300921344,0.13398184326294327,0.773648648736011,-1.1996809086866151,-0.34700228596768157,-1.0354099075854646,-0.2988915833851948,0.9951867850882857,-0.31131933976649373,-0.27267038447562403,-0.5880475096624221,-0.5128771324095508,-0.25855364376042367,-0.4109911561695601,-1.0147653729375974,-0.32021027256173173,-0.3252151849590754,-1.3609302501804346,0.775478712988514,-1.0666307158529351,-1.1327482925222014,-0.9151052543030267,-0.28793412667055474,-0.42991824981228166,-0.3858831744896973,0.5089467550921368,0,28,train
1.4598843201530292,0.19296698461500988,-0.4238689590964305,-0.26087851671980805,0.2722317872123893,-0.4835791844379143,0.08183701694982076,-0.6017844602300347,-0.9295902018337431,-0.2957721639525125,-0.09026802145046155,-1.1316912509296464,-0.38574468209024143,-0.2592487892836665,0.19789199562408893,-0.8133424523445075,-0.5770373382466606,0.007205519844304615,-1.2152149144562299,-0.5580768982605505,-0.4510576995273922,-0.6464493000493042,-0.3050379576162522,-0.4634820200648081,-0.48739350071890125,0.31986394031548343,-0.24039370406690347,0.06138317294372112,-0.8510437164357589,-0.46364089727158436,-0.4762123562821332,-0.2817457454377049,0.23811848339082814,-0.48134800262331695,0.03201893662235452,-0.5927894476481723,-0.41376167854357504,-0.5377644922196705,-0.49799486564796824,-0.4884861905734477,-0.41430670118518,-0.09409791864259423,-0.28828344378081977,0.005928041123854531,-0.21518874270315022,-0.3252151849590754,-0.635496015246515,-0.5540946285307415,-0.21666436348917484,0.08608451152224317,-0.7737582164595083,-0.15785877972001952,-0.5013434598367387,-0.272335457252112,-0.4675913849600563,0,28,train
1.5764446772229477,-0.3898350413214374,-0.46326095489276964,-0.7690988962318255,0.9517602038214295,-0.06785234491670175,0.27737465948745593,-0.13794127148261004,-0.05784419264704844,0.4267140574670431,-0.3894614635461534,-0.358034420430325,-0.4079790532110039,-0.7412235569119339,0.15476393289476334,-1.122327312439615,-0.5655769629448827,0.011762604263289853,-0.22820855761161798,-0.5843433537410287,-0.5401971500505203,-0.6044897652741239,-0.7874599907140991,-0.7548942153667834,-0.35432857298639975,-0.16075901615426433,-0.21767887376483994,0.1281417084898585,-0.6471509486317004,-0.6487860877927876,-0.4060130235911067,-0.1824577710729303,-0.24963057291862903,-0.15954314644819037,-0.34827959896585636,-0.352772858500074,-0.8148106794275504,-0.4535058308417443,-0.648211186429531,-0.5880475096624221,-1.0714429093476519,0.18421177001834793,-0.4846157836028043,0.8744683996730401,-0.14199191886232068,-0.7809384098507547,-0.1754645491908587,-0.46064218919073,-0.405545775125566,-0.04639731500432692,0.035774818462460715,-0.11081024997195359,-0.34345615346688635,-0.1060691570113621,-0.8544325805362875,0,28,train
0.16634865023076273,0.7637936264568727,-0.45997828857640805,0.48027620340188387,-0.2250196936109641,0.16145730069222108,0.7341049194293774,0.14178095684598963,-0.10389270679352229,0.8002548059882177,-0.4717396601224687,-0.2195905665514991,-0.4302134243317664,-0.24598342870674172,-0.39511886690413794,-0.7250610637459054,-1.0087114746136276,-0.04975803539301086,-0.1311808140574019,-0.8273080669354524,-0.5401971500505203,0.04168707026365319,-0.5140875052919859,-0.3350630865419037,-0.5805389501316524,-0.23765868918942398,-0.07230395983163339,-0.3258163332238757,-0.6779272154700489,-0.11513230334931959,-0.8272090197372657,-0.38471105218636015,0.026053676299759822,-0.6219423572629353,-0.2920991334812343,-0.6515690205007678,-0.6090092184476157,-0.026946357615992643,-0.26689283367633315,-0.0777957493314281,-0.40022521101026987,-0.18897622159518815,-0.18520896537427792,-0.3142273465165387,-0.011510624189537563,-0.4644639481204219,-0.0020680735237267136,-0.6730340967816654,-0.015464598919975567,-0.03314913235166992,-0.18588303633760223,-0.2519558392161514,-0.21188339815867616,-0.1425666375520145,-0.5006144138507101,0,28,train
-0.18048948544070217,-0.018598134389316887,-0.3746289643510066,0.6449772523178153,-0.4058384139103654,-0.010112506094311108,0.47291230202509105,0.1063730798423694,0.1422286619203897,-0.1328284629515063,-0.43808039788670333,-0.41504071320395924,-0.36351031096947894,-0.7810196386427082,-0.017748318022539022,-0.537463112973876,-0.8138850944834036,-0.3140689316941547,-0.33527365394730474,-0.328245412806366,-0.59445594602112,-0.06740772015181566,-0.570370075820068,-0.14243468625754707,-0.5639058341650897,-0.2664960665776089,-0.3494248895168084,-0.1967498311680101,-0.781797116049475,-0.5888861732123983,-0.4330127669338092,-0.5649003389965068,-0.2157002037840581,-0.5813262103670456,0.06659153076673732,-0.5585013634841582,-0.9256268507244383,-0.7536773120006065,-0.8215377104082574,-0.7042023819328923,-0.287573289610989,-0.10042313883943382,-0.5091573260805523,-0.3649450316872941,-0.49524615565936764,-0.24504165465405775,-0.2143902886263373,-0.6560427441743906,0.09129445983102813,-0.03314913235166992,-0.37541656435504733,-0.23811803634907316,-0.5652502267007264,-0.35749624518030093,-0.7695162205317488,0,28,train
-0.10373022590685338,-0.3698760678304632,-0.35821563276919866,-0.18793948077132408,-0.4568759559303577,-0.090948280445658,-0.6446495527702982,-0.015784095820120313,0.2756105649653484,-0.06672865971524909,-0.7671931841919645,-0.21551868849623954,-0.702584470561107,-0.608569951142686,-0.11478645916352159,-0.2229606660913559,-0.8024247191816257,-0.19102765238155325,-0.2014422835276963,-0.5186772150398332,-0.5595752914685915,-0.11775916188203206,-0.4336838331090114,-0.5523874355806649,-0.597172066098215,-0.18479016397775172,-0.23130777194607807,0.1815485369267684,-0.6471509486317004,-0.34384106811080584,-0.6166110216641862,-0.5318043475415819,-0.2411479806349863,-0.4469804937114102,0.06226995649868948,-0.5585013634841582,-0.6934405870547683,-0.6483539852781987,-0.5731030260387496,-0.3930732597798472,-0.4847141520597305,0.11463434785311238,-0.818380761300178,-0.16524414632744483,-0.2470134487209022,-0.24926131414379551,-0.26039343523190295,-0.5201119233161919,0.08718834218675876,-0.20537550683621103,-0.6034992845116338,0.06631362672664756,-0.5314172324786153,-0.13851136193638647,-0.7412107671969027,0,28,train
0.579995771052059,0.7637936264568727,-0.5387622801690863,0.7673266029410788,0.4472176455666485,0.5474893659619184,0.17175578687588655,0.6374912348966725,0.7662654225950181,0.6880388609592228,-0.11644744763383459,-0.011924785733260225,-0.48579935213367265,-0.44054205050163864,-0.4598109609981263,-0.04639788889415167,-0.19884495328799034,0.06872615950060533,0.2201265332940702,-0.0261811747808663,-0.17976371967439395,-0.14713083622465828,-0.051766390239882575,-0.18688739401547552,-0.3277155874398994,-0.22804623006002903,0.04581315773909694,-0.11218901947623608,-0.3586234470221837,-0.16414132436963808,0.12318194592586226,-0.053751137637111264,-0.23690668449316493,-0.5313371064951813,-0.24456181653270795,0.1909381903864344,-0.6037322579096686,-0.35344867045545686,-0.10512141129618857,-0.0653505844453063,-0.04818795663751708,-0.47993635064980944,-0.2539252843119725,-0.047959499370073044,-0.17381662488007266,-0.0720356155748091,-0.20377417787120677,-0.25249811975161335,0.013278224589910044,-0.31577702894168613,-0.2437068245463143,-0.07206440194413459,-0.15173585287492292,-0.2804460084833681,-0.033574433825748276,0,28,train
3.692124075702235e-05,-0.046540697276680795,0.7020855874155962,0.10146379089524131,-0.21481218520696566,0.16475672005350053,-0.2792653448167609,0.34891703731716783,0.35341667507490765,0.17922409651268476,-0.5914170369607454,-0.3336031520987675,-0.4024204604308133,-0.8561900152452819,-0.02853033370487042,-0.1843375585794675,-0.810064969382811,-0.3892608246074111,-0.2750495372584809,-0.5515102843904309,-0.5867046894538914,-0.02964413885415337,-0.3733810789717805,-0.7548942153667834,-0.37096168895296244,0.12280852816288686,-0.6310887852623961,-0.10328788140341776,-0.6125276484385584,-0.30572294065055816,-0.6490107136754292,-0.6531563162096398,0.09391441456890169,-0.4126129847995035,0.20920348161231642,-0.9454668847637453,-0.7567641135101328,-0.7168141476477637,-0.8966458707990388,-0.6502733340930312,-0.27818562949438225,0.10830912765627279,-0.7251228998847353,-0.2444905294067501,-0.41886686121676286,-0.645909306179146,-0.34532232127294715,-0.8217084320953202,-0.4630314221453372,0.09050057240646217,-0.3818414297115709,-0.21597755176174804,-0.46751046561462745,-0.3777726232584412,-0.9865246960989029,0,28,train
-0.1904397598247196,0.6959331165875603,-0.517424949112736,0.56497959998722,0.445759430080363,0.47490214001377024,-0.28211990894139793,0.5861498132414232,0.7392714660263955,0.6726668136949769,-0.24360466052450364,-0.41504071320395924,-0.33015875428833524,-0.98000004729658,-0.38972785906297225,-0.2946892943277201,-0.47007383543006703,0.052776364034156996,-0.3988435548966187,-0.16408006605337702,-0.3541669924370357,0.11721423285897778,-0.7834398071049504,-0.6709279896018074,-0.3110824714733368,-0.31455836222458367,-0.5493153961749674,0.025778620652447855,-0.4740344476659904,-0.6106679603325398,0.08538230524607877,-0.0905244614759167,-0.38959334559873415,-0.2751429491518766,-0.560036738100201,0.21542967907501587,-0.40320775746768095,0.0573123037619336,-0.11089896209547945,-0.4221119778474648,-0.7240994850332024,-0.347106726516178,-0.14594249740988102,-0.24132067408357788,-0.5429832146859956,-0.1015732320029735,-0.614263793736254,-0.22276325268888236,-0.38912130454848853,-0.4526749163524752,-0.41717818917245053,-0.30730705068446423,-0.7795258567740974,-0.5805364040398434,-0.3402168449532485,0,28,train
-0.3212147945860916,0.009344428498047026,-0.3779116306673682,-0.1502935267333969,0.13078488504269636,0.009684010073365683,-0.19220113901533215,0.019623781183499896,-0.09436542800459667,0.3298701597022942,-0.8008524464277298,-0.30917188376721,-0.8193149189451101,-0.8075503597965578,-0.22260661598683557,-0.40504103007597275,-0.9323089726017751,-0.2753337141327801,-0.34865679098926555,-0.847007908545811,-0.6254609722900341,0.04588302374117122,-0.5341884233377295,-0.468421209815689,-0.40755454407940034,-0.127115409201382,-0.24493667012731618,0.3017139009098157,-0.7394797491467459,-0.38740464235108896,-0.6868103543552126,-0.6090283276030733,-0.05877224653666751,-0.3969913898395459,-0.3180285790895214,-0.4850268974184139,-0.9731194955659617,-0.9327269674286998,-0.5268826196444226,-0.4760410256873259,-0.48002032200142714,0.0007803843099996902,-0.35209145422296473,-0.3364163337787442,-0.23110109571202622,-0.6585682846483594,-0.46563824316442654,-0.43515516027981777,-0.22077048113344422,-0.015484888814793906,-0.5039138714855186,-0.3211448535515425,-0.5238987893181462,-0.5197072698054227,-1.0431356027685952,0,28,train
-0.6083512839534518,-1.2021652624040884,-0.5568169449090751,-1.100853866191059,-0.2468929259052465,-1.0972711856358948,-0.754550271568823,-1.019597408872753,-0.80573557757771,-0.6985198022757542,0.0593286995973844,0.09394404370348901,-0.3023657903873821,0.3023181418061495,0.49978843472936807,-0.20089031894170536,-0.5082750864359933,0.029990941939230804,-0.14121816683887253,0.026351736180090166,-0.3192863378845074,0.26826855804962696,0.1452226066084049,0.10452480128649987,-0.2811428627335239,0.5553691889856598,0.14121544500776373,0.3417690222374981,-0.2970709133454868,0.08634922751198973,-0.04961641146743372,0.14482481109243808,0.3441508869363623,0.1341428387990125,0.14870144185964648,-0.04907839876166391,-0.4876391260748336,0.157369464148221,0.3050846954534637,0.1296236654372687,0.05507630464515707,0.3360170547424982,0.33507173515398103,-0.2698493719921278,0.07759855266016798,0.041895190648110744,0.1465574770481007,-0.44365083658345517,0.017384342234179416,0.2936393730805363,0.02613752042767537,-0.052691477930225085,0.15276109512407784,0.25485037277953393,-0.1279259449419022,0,28,train
-0.42498194173370196,-0.156315051477039,-0.33195430223830585,0.24734186279220927,0.10453700628955748,0.04762733272807953,0.5257217383308758,0.0727355966889302,0.38517427103799307,-0.20046547091418812,-0.8606911348468681,-0.5086939084749297,-0.8081977333847289,-0.480338132232413,-0.0015752944990419246,-0.5540158733361138,-0.8520863454893299,-0.282169340761258,-0.5126002197532858,-0.7353754727537786,-0.536321521766906,0.09203851199386957,-0.5100673216828372,-0.468421209815689,-0.5639058341650897,-0.14634032746017192,-0.29490929679185596,-0.058782191039326165,-0.41632894734408704,-0.627004300672646,-0.4438126642708902,-0.6310923219063566,-0.16904594622402305,-0.6219423572629353,0.04066208515845022,-0.5682979589595909,-0.4981930471507277,-0.974856298117663,-0.5904356784366223,-0.658570110683779,-0.4612450017682137,0.23481353159306467,-0.40117453917846085,-0.20011255488233914,-0.37749474339368533,-0.4349263316922575,-0.2533160280618159,-0.5413511140752855,-0.24540718699906047,-0.2936967245205911,-0.45251494863333014,-0.1301831739858631,-0.106625193912108,-0.4872650648803984,-0.7176228894178642,0,28,train
-0.13215958128976035,0.03728699138541094,-0.4255102922546113,0.07558219749416635,-0.6799829253320382,-0.4126416681704058,0.03045486270635459,-0.3539293212046933,-0.07054723103228261,-0.23428397489552902,-0.37824170946756497,-0.5290532987512278,-0.9304867745489226,-0.36537167389906483,-0.012357310181373322,-0.7360962373207307,-0.8138850944834036,-0.2912835095992285,-0.5360207095767173,-0.7353754727537786,-0.5479484066177488,0.18015353502174827,-0.5784104430383654,-0.4585428303139271,-0.2778162395402114,-0.10789049094259208,-0.46754200708753874,0.3417690222374981,-0.6433039152769069,-0.599777066772469,-0.6598106110125102,-0.8076042763326227,0.07694923000161623,-0.45635345068738475,-0.058734123006650346,-0.7250434865665122,-0.7145484292065565,-0.4798366625223462,-0.648211186429531,-0.5880475096624221,-0.49410181217633725,-0.17000056100466937,-0.754572750858033,-0.13671544841889494,-0.30429791955285573,-0.591053732812555,-0.2851643603272075,-0.5965730100489287,0.2021596362263012,0.033091780911615125,-0.4139657564941887,-0.32667997469837373,-0.4524735792936891,-0.32505404025527657,-0.5525077449645949,0,28,train
0.22605029653486733,0.6480315802092221,-0.4205862927800689,0.6261542752988517,0.9750916516019973,0.8312394310319525,0.13464645325560542,0.7755819552107913,0.2375014498096459,1.0938609087353137,0.26502419103817254,-0.1381530054463074,-0.09669785752032907,-0.8296592940914324,-0.22260661598683557,0.07498902042892625,-0.7756838434774773,0.0778403283385758,-0.14790973535985294,-0.14438022444301835,-0.42392830154209243,-0.1513267897021763,-0.37740126258092926,-0.4536036405630462,0.29768957290285764,-0.49719508568308785,-0.1813351452815383,0.021328051616038696,-0.4394111474728484,0.1843672695526267,-0.4438126642708902,-0.3442603959636742,-0.15632205779855896,-0.5094668735512407,-0.650789797729206,-0.33317966754920886,0.1667039806305998,-0.14280201701064124,0.07976021428111948,-0.05705380785455843,-0.23124732891134853,-0.7961973604917891,0.07983969338540117,-0.13354559309572273,-0.20564133089782463,0.3246123764605415,-0.2143902886263373,0.32520786889573094,-0.26593777522040735,-0.6072370473001403,-0.23406952651152896,-0.13848585570611002,-0.1404581881342192,-0.2885565597146242,0.18343404174140573,0,28,train
0.21752148991999526,0.2328849315969583,-0.4205862927800689,0.19087293173531844,-0.10398780824926813,-0.00516337705239191,0.01332747795853253,-0.0830590621269987,-0.027674476482117294,0.31142370298519917,-0.6699553155108645,-0.21551868849623954,-0.2856900120468102,-0.7633324912068085,-0.050094365069533214,-0.5705686336983518,-1.1729768539391108,-0.3869822823979185,-0.2717037529979907,-0.4333112347282789,-0.5246946369160632,0.09203851199386957,-0.31307832483454967,-0.4931171585700937,-0.4973733702988389,0.09397115077470199,-0.5629442943562055,0.1058888633078127,-0.6894683155344296,-0.4908681311717613,-0.8110091737316442,-0.8517322649391892,-0.007876692834811112,-0.7375421599666215,-0.4131032129865741,-0.40665413361495323,-0.8306415610413915,-0.7800081436812084,-0.6193234324330766,-0.4345571427335866,-0.17022753815340472,0.007105604506839285,-0.42571608165620894,-0.1906029889128225,-0.6448222739428019,-0.3674117798564531,-0.37363194995329524,-0.8344519465507763,-0.10990530473817114,0.21856633804881326,-0.23085709383326716,-0.340517777565452,-0.38104836926923213,-0.3696620720271851,-0.6751647094155949,0,28,train
-0.44346102273259147,-0.2002247931571823,0.7546082484773817,-0.4020508443620351,-1.0882832614919764,-1.0510793145779824,0.21885609493239724,-0.9859599257193139,-0.8041476977795557,-0.8491658654653635,0.036889191440207504,-0.08929046878319236,-0.6747915066601539,-0.6881621146042347,-0.31425374928665245,0.2074111033268294,-0.2064852034891756,0.08695449717654628,-0.037498854763676,-0.5909099676111483,0.04114709249161894,-0.10517130144947796,-0.20051318377838537,-0.42396850205776054,0.13468503643054328,-0.39626426482444077,-0.5084287016312531,0.052482034870902805,-0.08163704547704763,-0.32205928099066433,-0.1792151795124057,0.19630746446676567,-0.7670687022208358,-0.740666478958613,-0.737221283090163,-0.6221792340744701,0.21947358601007025,-0.8063389753618104,-0.6135458816337858,-0.31840227046311637,-0.35328691042723614,-0.3850580476972156,-0.5091573260805523,-0.16524414632744483,-0.3806772139954605,-0.15642880536956455,0.019164147986534347,0.27423381107390643,-0.877749304216544,-0.5056676469631033,-0.025261402424513135,-0.34328533813886764,-0.4524735792936891,-0.40210427695220946,-0.02885685826994058,0,28,train
1.9104896029721046,1.3346202682987351,-0.5568169449090751,1.5061284509354003,1.068417442724269,1.1265374638664647,1.7974300558566634,1.2996185348643705,1.4665204135810515,0.2714563800981599,-0.00424990684795013,1.7471265341388809,0.9094074356941736,1.3768123485370574,-0.5838041413449374,0.8805566913911705,0.9013510756826869,0.608740663150356,1.8294487625898614,1.0507434999187413,-0.17201246310716542,-1.133179903441396,1.3231364040889813,1.5764033470490197,-0.45080064559246336,-0.5212262335065753,2.031089326139449,-0.9934016886852495,0.8531920597377867,-0.15869587758960269,1.2949708069991508,0.9207419440912327,-0.9409618440355118,2.077469251817738,-0.5124994211516747,1.1461062492411114,0.905478455943186,1.2264012303806602,0.715290802203116,-0.40966681296134294,1.7354674655177638,-0.7139694979328745,0.4283295965694237,1.0868487063255783,-0.13562697765877027,0.6706244546190389,1.6045033540860267,0.5078649094239354,-0.7545657748884628,-0.7485509955951484,-0.16339600758976974,0.9768410553803942,1.9007991299331561,1.7228601456368866,-0.3496519960648639,0,28,train
-1.2565405866837305,-1.9266760001264527,-0.9458129033979239,-2.4114036411364,-0.2498093568778175,-2.9416466085911157,-0.9772062732905098,-2.692619597293808,-2.284051669659336,-2.2895266941252013,3.3093174643618375,2.199104998272695,3.683145233009294,0.8638850728959655,1.4378237990921996,-0.2395134264535938,3.162865135233523,1.2444539395987968,1.8227571940688811,3.7824548698884772,3.2927992224439846,1.4557233921872301,1.1060464891949502,0.7713154176554267,-0.011686384075208372,1.9876255992655083,1.99928856371656,0.9158924279342796,-0.2008950794756479,3.473417124694001,3.0607540216118942,2.2409042699043478,1.7183308368864854,0.4028342721102832,1.5921072473876285,2.615595570555999,-0.26072982294311076,2.421820988679989,3.528958041457773,2.4361275576651766,1.7119983152262468,1.8287690211966423,3.2751485239881992,-0.11135660583351725,1.2392003223081152,-0.004521063739004747,2.2485474065639455,-0.018867021401584392,0.10361281276383626,2.0291513005786044,1.5777425040281159,-0.08036708366438151,1.2692499044537473,1.9742872338058253,4.089586601950178,1,28,train
-2.756189083132073,-1.8069221591806073,-1.1230768844814498,-0.4585197754189259,-2.5144180070791897,0.041028494005520603,-1.0913888382759902,-0.4548417706650109,-1.4678814534080409,-2.6277117339386105,-2.3005595749323855,0.3056817025769875,-0.90825240342816,-0.36537167389906483,1.534861940233182,0.09705936757857678,0.09912480455823475,-4.953180870221128,2.4216525766966286,-0.31511218506612687,2.1533645070613914,2.6599620402349053,2.9995529691039993,0.07982885253209518,4.316250390424403,0.25738295597441624,-0.06321802771080798,1.5923789214684718,2.11117196675528,0.10813101463213129,-3.062787768513032,-3.5325075727881052,1.1584797461660647,1.7369184816906622,2.447778952461103,1.4498007089795215,-0.41376167854357504,-3.0444596682129768,-0.36511119726427804,2.6518437490246214,0.31793078791014584,0.2854152931677814,-0.5533321025404989,4.8526368302541645,1.691111147760193,2.6749627122444806,-0.8548956375192126,-1.4503884785644887,2.300385752447951,-0.19654338506777302,4.671315173194212,1.5165153671964446,0.7805510990232521,-0.5562047503460751,-0.2411477582812869,1,28,train
-1.64175835212212,-1.4716114045322404,-0.6076982728126797,-1.5949570129388535,-1.2399376720656679,-1.8214937354367373,-1.308335711748403,-1.8021114906527598,-1.5409239241231374,-1.520924330912908,1.4655378774471362,1.7593421683046597,1.1928956674838953,0.9346336626395644,0.7369927797406588,0.7867577160051558,1.271903210440172,0.8252021730521548,1.3844594559446635,1.3134080547235236,1.3394825675023965,1.065499718778053,1.2869547516066429,1.0133357154485927,0.7833765591264881,0.6178501733267271,1.4859333988899244,0.9960026705896444,0.6569933586433152,1.409592795060589,1.2085716283025028,1.119317892820782,0.6495242091475008,1.199535615068121,0.62407461134491,1.2048858220937069,1.2062652066061674,1.1000132383137708,1.3970417965194395,0.8763335586045772,1.3646548909117975,0.6965546059623551,1.1400343284241174,1.2707003150695664,1.0291572625909522,0.9702202783904206,1.618658168426201,1.1620319848040166,0.419783871372578,0.5850993914389905,1.4203333027932887,0.7748091335210523,1.1639917002071791,1.3619406158459904,1.641164888485984,1,28,train
-1.037634550235347,-0.8049816899337012,-0.6323182701853918,-0.8090977223971231,-1.1436954499708252,-1.4338119604864004,-0.8558872979934369,-1.2479782155461034,-0.7438082654496935,-1.5485940159885505,0.7811328786532411,0.5540662639478222,0.07561851866558023,0.03701093026765374,0.21406501914758605,0.058436260066688346,0.05328330335112319,0.483420841628262,0.02272526192514779,0.0854512610111662,0.1767940824181181,0.7298234405766105,0.18944462630904088,-0.048590080990809234,0.8964817476991144,0.5601754185503574,0.6500276437739867,0.6043525953856385,0.041468021876346184,0.3422852261736529,-0.09821594948429822,0.2992727712154209,0.19570552197261448,0.19975353763083445,0.714827670973915,-0.15684094899142234,0.41999808645205794,0.07837696910641516,0.07398266348182861,0.31215275043372187,0.25221716709389863,0.10830912765627279,0.21236402276524072,0.6208799738192633,0.6058886725548508,0.3203927169708037,0.5075052427225387,0.7414960077739643,0.6209836359417773,0.5762672696705524,0.871007314810524,0.3624426080821214,0.1753164246054853,0.7698703759642958,0.7118025039918677,1,28,train
-1.1684095849967189,-2.4895190525719255,-1.057423558154218,-1.592604140811483,-2.2971438996226508,-0.658448410585726,-2.6328534655799753,-0.6194883987318448,-1.3662571463261675,-2.360238111540732,-0.3408425292056035,-0.12593737128052865,-0.26345564092604773,3.9768230216143157,2.2572569909493856,2.3096116693310424,0.00744180214401164,-4.0896133728234245,0.7454146621910333,-0.11154715509242057,1.7347966524310512,1.6487372521530597,1.588468522292797,2.3024642404285176,3.4413484905832057,0.6178501733267271,0.7045432364989391,2.687218904425125,1.5995165305677366,2.0467100683247295,-1.4536030652879637,-3.5288302404042247,0.98882790049321,1.8900101122982467,2.127982456625562,1.626139427537308,0.05061084879576484,0.8735680858605941,0.2761969414570093,3.390256865601182,0.9422101856644941,1.3480522862368334,0.2418138737385384,1.7334991922527092,4.135248569923545,3.5315535886612484,0.20317673440879686,-0.027362697705221806,1.893880105665283,0.22739845981725126,1.78333819543687,3.6558396904467365,2.276721287956614,0.6198251781860581,-0.6798822849714027,1,28,train
-1.2266897635316782,-2.413674953306223,-1.1214355513232692,-1.5808397801746308,-2.164446290370671,-0.7640298301466688,-2.6514081323901157,-0.5486726447246044,-1.4408874968394183,-2.331031221738665,-0.09774785750285385,0.28532231230068955,-0.06890489361937596,3.7336247443706947,2.1548278419672373,2.044767503535236,0.16406693126830943,-4.262782580744863,0.8123303474008374,8.528069961193141e-05,1.8200604746705649,1.5816019965127712,1.471883197627484,2.2135588249126608,3.201831620664703,0.20932066032744145,0.5637112886261453,2.8474393897358548,1.4917995966335171,1.7962195164431014,-1.3888036812654776,-3.6796008681433268,1.0991016001805658,1.9462478541540942,2.093409862481179,1.7388002755047829,-0.45070040230920433,0.9104312502134368,0.28775204305559104,3.253360051853842,0.9328225255478874,1.4113044882052292,0.41851297957832445,1.6257241112648542,4.084329040295142,3.0631713853003557,0.19963803082375334,0.3421992215030058,2.0252758702819027,0.6469242438180565,1.6419911575933517,3.451040208013979,2.5173114690916267,0.9239708493581615,-0.7600810694201334,1,28,train
-1.066063905618254,-1.7769836989441459,-0.638883602818115,-0.9361528172751274,1.5190060279864863,0.022881687518483542,-1.3868362251759208,0.19843356005178195,0.19145293566317206,-0.30192098285821084,-0.20620548026254215,-0.6960002990168708,-0.7081430633412975,1.1203487107165113,0.984979140434281,-1.3099252632116445,-0.22940595409273137,0.2829091271929115,-0.4891797299298544,-0.5777767398709092,-0.6448391137081053,0.6459043710262499,0.9251382267832574,0.47496403260257025,-0.8433421824033428,-0.11750295007198704,-0.6810614119269358,0.9069912898614613,-0.13934254579895097,-0.25126847285020426,-0.3412136395686207,0.05656883387930503,-0.18176983464948715,0.5121854368299864,0.044983659426498075,-0.8719924186980009,-0.15519061218416988,0.30482212155959193,-0.6193234324330766,-0.15246673864815896,0.383644408726393,0.5384241010413653,-0.6220484214781935,-1.6233775949866618,0.01076667002288882,-2.232501274320548,-0.635496015246515,-0.11231946074159596,-1.0296756570545107,-0.028733071467450914,-0.06381059456365452,-1.596990277896154,-0.6103608856635414,-0.6129786089648678,-0.6657295583039795,1,28,train
-0.2728848904351498,-0.8349201501701625,0.9614162264081623,-1.3455525674375857,-1.0270382110679857,-1.6136303156761311,-1.178453044077419,-1.5631083208783232,-1.297978315005534,-1.1089534642311187,0.6352760756315913,0.06544089731667191,0.4702786060591144,0.26252206007537515,-0.734752360897577,0.6984763274065537,0.5728203170317208,0.4401285396479022,-0.08768561867102916,0.5582474596597744,0.5294762562270159,0.012315395921026958,-0.21659391821498028,0.494720791606094,0.36422203676910836,-1.1268111586584575,1.05889458921113,-0.895489169884248,0.37615992374338564,0.5927757780552807,0.4687786607124543,0.6559740124518336,-1.000339990021011,-0.2126565693120462,-1.1304845414825175,0.27420925192761136,0.7788314030324569,0.00991680673685009,0.4841887702314809,0.12547527714189474,-0.2734917994360789,-0.846799122066506,0.30071357568513374,-0.22230154214454462,0.5804289077406493,0.10519008299417733,-0.05514862729937936,0.6607870828894089,-0.9680838923904701,-1.0488431357220407,-0.3175927761463353,0.5451016059275539,0.9459568485535736,0.9604683298988139,0.8816352240009447,1,28,train
-1.9701174067946954,-1.6332790898091316,2.5518680566853544,-1.5431938261367035,0.22848532262382448,-1.527845412282865,-1.1713166337658265,-1.4161656313132995,-1.1169600180159471,-1.271897165232125,0.8521913211509679,1.6982639974757658,0.7037395028271206,0.8594632860369906,-3.478775352050918,-1.061633857778076,0.6339423186412029,0.7340604846724501,1.1636376947523097,0.9325444502565893,0.4984712299581018,-4.565469848051147,1.6005290731202433,0.9540654384380214,-0.8167291968568425,-2.5686800280677007,0.7045432364989391,-2.6757167844479115,-0.7510208492111264,0.9739570526577579,0.7603758888136413,0.652296680067953,-2.1073182830363875,1.2151572100280785,-2.9498673083306626,0.6562764754694822,-0.8042567583516562,0.9894237452552427,0.8135091657910608,0.9800432659889255,1.3881240412033142,-2.877194805252016,0.9584269140887819,-0.6882702746508597,0.7745596144489363,-0.683886241586786,1.5231131716300261,-0.7367516690589461,0.452632812526733,-2.6430411149251003,1.3207478897671734,-0.4622904427957402,0.7016074458383261,0.8671969907393688,0.9523988573380602,1,28,train
-1.401530299136556,-0.7311334880170965,2.368038742969105,-1.018503341733093,-0.05878312817441783,-0.38294689391889064,-1.1713166337658265,-0.17688993618659227,0.17557413768162936,-0.7553963771534639,-0.12766720171242305,-0.4842626401433722,-0.6025298005176757,0.06354165142150331,-1.3008081842199752,-0.6754027826591917,-0.44333295972591863,0.30569454928783774,-0.6363942373914236,-0.8732743640262892,-0.80373987333629,-2.9793994335493306,0.29798958375605644,-0.048590080990809234,-0.4142077904660254,0.017071477739542342,-0.38576861800011003,-2.5421997133556364,-0.6933153488892232,-0.0007779209685764617,-0.9514078391136972,-0.10523379101143887,0.47987236347464607,0.7090175333254521,-1.5410340969470633,-0.6172809363367538,-0.32405334939847524,0.3838146166013978,-0.4691071116515138,-0.281066775804751,0.38833823878469637,-1.5678742245062196,-0.4453493156384074,-0.1906029889128225,0.22080972974005186,-0.2998972280206488,-0.22500639938146783,-0.4691378654943674,-0.1345420106037874,-0.09939004561495496,0.4084170091408274,-0.11634537111878487,-0.6667492093670601,-0.22772742548020347,-0.48174411162747943,1,28,train
-0.9210741931654284,-0.9586657858142027,2.287613418218246,-1.2255560889416928,0.06953983461870562,-0.6304033460148505,-1.1613256593295969,-0.46192334606573493,-0.19440185528831572,-0.587841061973184,0.010709765256834465,-0.18701554210942242,-0.2245454914647134,0.2271477652035757,-1.866864007542374,-0.5429806997612886,-0.2714273301992503,0.3672151889441384,-0.2650121844770103,-0.21004636314421393,-0.5712021763194344,-1.9262151106923042,0.12914187217181003,0.6083221558763556,-0.4308409064325881,-0.5404511517653652,-0.1767921792211256,-2.390880366117725,-0.5355869813426873,0.0591219936118128,-0.36281343424278273,-0.053751137637111264,-0.17328724236584442,0.2684885554546479,-1.3941005718334365,-0.5046200883692791,-0.44542344177125726,0.12050629979537829,-0.1975622240848426,-0.2520280577371334,0.1630343959861346,-2.0675666200565477,-0.42571608165620894,-0.3047177805470221,0.23353961214715266,-0.4011690557743553,-0.05514862729937936,-0.3926767787616307,0.042021048099795656,-0.6690618996792064,0.23173321183642942,-0.1744641431605134,-0.12542130181328087,0.011533835841851218,-0.29304108939517154,1,28,train
-1.4143235090588642,-1.5913652454780858,-0.7242329270435164,-1.9643579369360142,0.8846822914522967,-0.3384047325416179,-1.9577490501033226,-0.299047111849082,-0.10230482699536801,0.2668447659188862,-0.13514703776481532,-0.10964985905949029,-0.6080883932978663,1.52273131488323,0.9688061169107839,-1.8616839419529074,-0.4127719589211776,0.5289916858181144,-0.2683579687375005,-0.6434428785721048,-0.4549333278110065,1.1536147418059317,1.166349243332181,2.030808804130066,-0.38759480491952514,-0.08385934311910469,-0.1767921792211256,1.538972093031562,-0.7163975490179845,-0.9428402139146984,-0.3412136395686207,0.027150174808260687,-0.2623544613440931,1.5900754890670608,-0.01551838032617184,-0.5389081725332932,-0.6195631395235097,1.3685877214559108,-0.5268826196444226,-0.7788733712496232,1.2285338192209998,1.0507669369853725,-0.49443240059390353,-1.521942224645151,-0.6257274503321507,-1.4307659712703715,-0.28870306391225103,-0.5371032759234667,-0.9023860100821601,-0.07730974119385994,-0.6131365825464192,-1.2897910542470175,-0.28330860818313314,-0.06551640085508165,-0.3685222982880947,1,28,train
-0.8812730956293586,-0.5335396504564518,0.8399575727027832,-0.7479230470854914,-1.2486869649833807,-0.7046402816436385,-0.38916606361528583,-0.810690934551394,-0.4881596179468558,-0.5278900776426251,-0.3483223652579958,0.3219692147980258,-0.5358266871553883,-0.3742152476170147,-0.38433685122180655,0.09154178079116414,-0.5923178386490311,0.12113263031893556,-0.0676109131080879,-0.4989773734294745,-0.640963485424491,-0.5583342770214255,-0.14021042964115452,-0.34988065579454647,0.038212963824479695,-0.6990567274003819,-0.1767921792211256,-0.23235438345928336,-0.28552981328110616,-0.4527500037115136,-0.4708124076135927,-0.13465245008248322,-0.3980759378823769,-0.22202952628802075,-0.5513935895641053,-0.42624732456581843,0.25641230977569957,-0.490368995194587,-0.24378263047916962,-0.5009313554595696,-0.0012496560544833718,-0.037170936871037875,-0.2588335928075221,0.4687269183069972,-0.2247361545084758,-0.1775271028182534,0.08286081251731753,-0.048601888464315346,-0.9680838923904701,-0.49683552519466523,-0.10557221938105768,0.093989232460804,-0.38104836926923213,-0.3696620720271851,0.027754048399751773,1,28,train
-0.8187285137869633,-0.44572016709616524,0.8695015695500375,-0.5502817883863734,-0.9862081774519919,-0.34665328094481657,-0.3649022685558712,-0.4017299551595806,-0.1578806199307675,-0.30192098285821084,-0.2810038407864651,0.08172840953771025,-0.7081430633412975,-0.4228549030657389,-0.5999771648684344,0.025330739342212555,-0.7260222171697731,-0.11127867504931158,-0.21482542056965714,-0.387344937637442,-0.45880895609462075,-0.47441520747106486,-0.2849370395705086,-0.5326306765771412,-0.2778162395402114,-0.2136275413659366,-0.3585108216376338,-0.21010153827723757,-0.8010322828234427,-0.5017590247318321,-0.4924122022877547,-0.2780684130538244,-0.041807061969382046,-0.3063861390717918,-0.4519973813990048,-0.5046200883692791,-0.5193008893025159,-0.2797223417497714,-0.4691071116515138,-0.2727699992140031,0.2240541867440784,-0.36608238710669677,-0.35209145422296473,0.11370312211170969,-0.14835686006587107,-0.059376637105595785,-0.16838714202077168,-0.4776335417980048,-0.8531125983509277,-0.33344127247856215,-0.12163438277236659,-0.11911293169220052,-0.2870678297633677,-0.40210427695220946,-0.5572253205204025,1,28,train
-0.7576053997137134,-0.6213591338167384,0.8284682405955176,-0.5291059392400395,-0.8403866288234425,-0.5545167007054228,-0.31209283225008655,-0.5079535861704412,-0.21504429266432126,-0.5186668492840776,-0.14262687381720762,-0.10964985905949029,-0.5135923160346257,-0.40958954248881413,-0.357381812015978,-0.09053858319345272,-0.7260222171697731,-0.08393616853540015,-0.24493747891406906,-0.669709334052583,-0.3231619661681216,-0.2646175335951632,-0.0557865738490313,-0.8487388206335212,-0.25452987718702363,-0.1030842613778946,-0.2540226022481416,-0.26350836671414746,-0.12395441237977675,-0.17503221792970886,-0.5086120482933761,-0.5501910094609846,-0.054530950394846144,-0.38761843286357134,-0.4779268270072919,-0.8181111435831218,-0.19212933594979917,-0.5798938229086337,-0.8273152612075483,-0.3681829300076036,-0.6396105439837417,-0.517887671830847,-0.5091573260805523,0.15491124131294842,-0.23110109571202622,-0.1775271028182534,-0.11530658824511902,-0.37568542615435585,-0.5615782456078022,-0.11705428915183097,0.01971265507115181,-0.08866976538462845,-0.4336774713925162,-0.08173750331759383,-0.39211017606713316,1,28,train
-1.1797813271498818,-0.5614822133438158,0.800565576906444,-0.6914541160286005,-1.022663564609129,-0.2526198291483518,-0.4419754999210705,-0.2654096286956428,0.09459226797576155,-0.3280534632074288,-0.27352400473407285,-0.21551868849623954,-0.5358266871553883,-0.21945270755289217,-0.1471325062105158,0.019813152554799922,-0.7260222171697731,-0.03380823992656253,-0.3854604178546579,-0.45957769020875716,-0.42005267325847817,-0.7849157648073993,-0.11608932798626216,-0.42396850205776054,-0.27116299315358633,-0.24727114831881894,-0.41756938042299896,-0.13889243369469104,-0.6625390820508746,-0.16958677114967347,-0.3466135882371612,-0.45458036748009045,0.17449904126350765,-0.08143517164840236,-0.5254641439558182,-0.6172809363367538,-0.3609920731641046,-0.4271749991611423,-0.22067242728200612,-0.26862161091862913,-0.057575616754123815,-0.30283018513830084,-0.29810006077191903,0.5669924333253358,-0.1006198010392431,-0.01296038271848029,-0.3134739890075556,-0.6135643626562035,-0.5780027161848796,0.05958814621692914,-0.060598161885392736,0.11612971704812915,-0.6592307662065909,-0.12229025947387429,-0.3873926005113255,1,28,train
-0.26577755158942307,-1.8109139538788022,0.971264225357247,-1.8208327371664166,-0.5370778076760598,-1.8841827033010472,-0.8316235029340223,-1.7242141612447952,-1.5710936402880684,-0.9982747239285484,0.5754373872124529,0.17945348286394033,1.3263018942084703,0.47476782930617173,-1.5164484978666035,0.32328042586249467,1.0923573307123182,0.6429187962927453,0.06287467305103031,1.5235396985673495,0.48296871682364473,-0.21007013838742877,-0.12814987881370835,0.5391734993640225,-0.09485196390802181,-1.2854167342934741,0.8317462861904948,-0.5973010444448343,-0.062401878703079845,0.7343573943362008,1.2463712689822861,0.90235528217183,-1.0851659128574382,-0.4438561747194187,-0.9230489766162205,1.405716029340075,0.06644173040960598,1.3949185531365127,1.7205846412797285,0.5610560481561581,0.059770134703460445,-1.3907680589947111,1.4737993061214911,-0.2444905294067501,0.1953499649258503,0.23599952717604825,0.05455118383696944,0.23600326770753807,-0.5738965985406103,-1.1371643534064206,-0.005986806354942445,0.16041068622277943,0.6715336731964494,0.8996391956643932,0.7353903817709062,1,28,train
-0.6126156872608879,-1.0624524479672688,1.092722879062626,-1.790245399510601,-1.5344972002953376,-1.9155271872332023,-1.3811270969266467,-2.057048205078825,-1.99188178679895,-1.1273999209482137,0.9082900915439102,0.5540662639478222,1.2484815952858015,0.6339521562292691,-1.0258667843205247,1.5426671058806867,1.5660528431858043,0.8138094620046917,0.4409482944864241,1.8190373227227297,0.975173508842656,-0.5541383235439075,0.0768794852528766,1.05284923345564,0.7168440952602374,-1.785264609022012,2.0992338170456395,-1.3049415212338904,1.726468631275924,0.5110940763547499,1.6351675731172022,1.6856270799383857,-1.6492582997196799,0.0841537349271482,-1.2169160268434744,1.004055614847339,1.9133779186910715,1.08948090564153,0.9983907913683688,0.13377205373264262,0.21466652662747168,-1.1946862328926837,0.767002882762347,0.3260834287642478,0.8859460855110682,0.6284278597216612,0.3978054315861899,1.4551328172795073,-1.4115445979715624,-1.645011355091606,0.23173321183642942,1.1539649320789953,1.8293739199086994,1.783689279871307,1.263758844021368,1,28,train
-1.4882398330544224,-1.7171067784712233,2.579770720374428,-1.7478937012179327,1.0815413821008384,-0.30541053892882325,-1.512437046659949,-0.30789908109998704,-0.032438115876580104,-0.08671232115876872,0.02192951933542291,-0.27659685932513334,-0.319041568727954,1.3502816273832077,-3.3440001560217754,-2.109975347386476,-0.22940595409273137,0.4401285396479022,-0.32858208542632433,-0.4004781653776811,-0.3774207621387213,-3.4996976647615665,1.3472575057438736,1.230660064487354,-0.4973733702988389,-0.36262065787155845,-0.19042107740236372,-3.37000555412774,-0.7048564489536038,-0.5507680457521505,-0.2872141528832157,0.15585680824407971,0.09815571071072306,1.3401299697077393,-0.42606793579071767,-0.5731962566973071,-0.6512249027511919,1.4370478838254759,-0.3535560956656963,-0.5009313554595696,1.2942474400372468,-3.307309778637108,-0.6171401129826438,-1.5631503438463896,-0.16108674247297186,-1.624870307798309,-0.22500639938146783,-0.6772819349334841,2.160777752542792,-0.3113609680574671,-0.20194519972891115,-1.2206020399116264,-0.6291569935647143,-0.26016963040522784,-0.22227745605805613,1,28,train
-1.4313811222886084,-1.0125550142398332,-0.638883602818115,-1.4161387312586993,-0.9147556186240027,-1.2490444762547501,-1.2897810449382623,-1.2709933355984566,-1.2709843584369114,-0.9214144876073191,0.4071410760336262,0.9612540694737808,0.4869543843996863,0.5322510584728458,0.34344920733556283,0.5274311369967621,0.2672103089843104,0.4446856240668875,1.0030400502487795,0.564814073529894,0.3860780097332882,1.0025604166152826,0.42663545924881563,0.7515586586519029,0.2943629497095451,0.51691935246808,0.8090314558884314,0.8090787710604598,0.34538365690503714,0.16803092921252055,0.5065783013922377,0.3691420865091512,0.6368003207220366,0.8027471030851978,0.5073921061076181,0.3819718021573698,0.5149833761351047,0.4470086126348425,0.2993071446541728,0.038359122939042097,0.8858842249648536,0.7661320281275906,0.3596132776317291,0.7159756335144296,0.5804289077406493,-0.06359629659533356,0.7729080116008019,0.43989949899483605,0.7236365770485116,0.5321066608283624,0.5208521528799898,0.5423340453541382,0.8820500816895858,0.875307541970625,0.6787794751012138,1,28,train
-0.5571784442642194,-0.24413453483732558,-0.4550542891018656,-0.500871473711594,-0.5385360231623453,-0.8052725721626621,-1.0300157095962945,-0.7841350267986789,-0.6326566795788945,-0.4925343689348596,-0.12392728368622688,-0.23587807877253747,-0.7248188416818695,-0.32115380530931553,0.10085385448310637,-0.6809203694466044,-0.5846775884478459,-0.05203657760250348,-0.35200257524975576,-0.7222422450135395,-0.3541669924370357,0.2934442789147351,-0.37740126258092926,-0.4289076918086415,-0.40090129769277527,0.1756770533745591,0.23207476621601783,0.6043525953856385,-0.23167134631399633,-0.5180953650719382,-0.4816123049506737,-0.23026309206337733,0.27204885252539907,0.05603486399922451,0.1573445903957422,-0.5438064702710094,-0.11297492788059352,-0.5640953239002725,-0.50954996724655,-0.5175249086410653,-0.287573289610989,0.4814971192698089,-0.2195671248431252,-0.17475371229696146,-0.021058035994863156,-0.42226735322304415,0.12178655195279613,-0.27798514866252555,0.0009598716571019253,0.3245517992700693,-0.08951005598974877,0.14380532278228558,0.11516887932173206,0.34406643632335093,-0.41569805384617164,1,28,train
-1.2295326990699689,-2.236040089236553,-1.1197942181650884,-1.8373028420580098,-2.3992189836626356,-1.1220168308454908,-2.6942265942596713,-0.6743706080874562,-1.6504876301957818,-2.3786845682578273,0.552997879055276,0.25681916591387244,0.32019660099396763,3.4285214511014246,2.036225669461592,2.6517020501506257,0.4887775648186829,-3.602005339992004,1.039843677114172,0.013218508439851048,2.3355190363912617,1.569014136080217,1.588468522292797,2.8112007847692544,3.6941718532749586,0.4111823020447355,0.8862618789154474,3.0477149963742667,2.2958295677853706,2.48234581072756,-0.7462097897091582,-3.1022596838740815,1.4511291799517392,2.0024855960099415,2.223057090522615,2.096376010358072,0.11921133578907642,0.7419139274575843,0.3108622462527546,3.004456754131406,0.8624150746733368,1.5378088921420212,1.0369598500175756,1.8190852859783588,4.252999982189228,3.2910329977461954,0.5428922785729738,1.0728273836158235,2.247006223072449,1.0885303322399569,1.7994003588281788,3.9242930660680537,2.9834549450407146,1.6904179407118622,-0.2600180605045177,1,28,train
-0.08525114490796386,-0.6273468258640307,-0.3910422959328146,-0.5902806145516711,0.3611829318758044,-0.701340862282359,-0.9857699656644209,-0.6088660356307588,-0.3325473977277373,-0.3418883057452501,-0.3894614635461534,-0.06078732239637526,0.01447399808348338,0.010480209113804163,0.2895391289239058,-0.6312620883598907,-0.5235555868383638,-0.08849325295438538,-0.18136757796475506,-0.610609809221507,-0.35804262072064996,0.2472887906620368,-0.49800677085539097,-0.4042117430542368,-0.7568499793772168,0.04110262556302973,0.1866451056118908,0.6310560096040935,-0.7087034823083974,-0.1478049840295319,-0.2926141015517562,-0.37000172265083797,0.18722292968897175,-0.5594559774231049,-0.028483103130315393,-0.3037898811229111,-0.8095337188896033,-0.6062246545892356,-0.29578058767278753,-0.4594474725058302,-0.6536920341586518,0.38661881631721495,-0.3030083692674686,-0.3364163337787442,-0.08788991863214231,-0.443365650671733,-0.09407436673485797,-0.7197603164516712,-0.03188906949705306,0.23623058158568927,-0.23085709383326716,-0.3931014284603492,-0.24571639238078735,0.1250815530794365,-0.5525077449645949,1,28,train
-0.9253385964728644,-0.6892196436860507,-0.6667862665071884,-1.1761457742669135,0.08558020496784606,-1.0296330887296659,-1.642319714330933,-1.164769704587596,-0.7009355108995281,-0.5555597627182677,0.22388509275001492,0.5377787517267838,0.03670836920424587,0.209460617767676,0.07928982311844356,-0.5760862204857644,-0.16064370228206404,0.26468078951697055,0.20339761199161915,-0.14438022444301835,-0.4859383540799206,0.6878639058014302,-0.031665472194138955,0.9244302999327357,-0.4774136311389636,0.4544383681270128,1.122496114056908,1.2274322604829209,-0.6048335817289713,-0.049786941988894946,-0.2332146661978107,0.25514478260885437,0.22115329882354268,0.5496772647338847,0.1659877389318379,-0.12255286482740829,-0.6353940211373509,-0.22706067838856747,-0.16289691928909736,-0.04460864296843662,0.5291531405337975,0.4688466788761297,-0.01832647652559108,-0.4505311254129438,0.23990455335070307,-0.5024408835280618,0.30226043479001513,-0.5243597614680107,-0.06884412829547741,0.4437854431439824,-0.018836537067989573,-0.301771929537633,0.40086971941955996,0.6482121074954544,-0.1515138227209407,1,28,train
-0.11368050029087082,-0.6253509285149332,-0.4944462848982048,-0.7643931519770846,0.23869283102782293,-0.7161882494081167,-1.0243065813470205,-0.7204008481921624,-0.35795347449820564,-0.2020026756406127,-0.4193808077557226,-0.07300295656215401,0.08673570422596147,-0.13101697037339358,0.3003211446062372,-0.6312620883598907,-0.603778213950809,-0.09305033737337062,-0.23490012613259842,-0.17064667992349658,-0.6254609722900341,-0.008664371466563205,-0.22865446904242645,-0.2906103787839752,-0.5073532398787765,0.4544383681270128,0.3774496801492244,0.70226511418664,-0.824114482952204,-0.360177408450912,-0.09821594948429822,-0.329551066428152,0.0811905261434376,-0.3688725189116222,-0.0544125487386025,-0.5927894476481723,-0.9942273377177498,-0.6641524842865598,-0.45755201005293206,-0.21884095137414192,-0.3626745705438429,0.27909007297094185,-0.21465881634757558,-0.4188325721812217,-0.1006198010392431,-0.6670076036278348,-0.3099352854225121,-0.7325038309071273,-0.5533660103192635,0.20973421628037525,-0.4203906218507123,-0.3903338678869335,-0.2720309434424294,-0.08579277893322187,-0.6751647094155949,1,28,train
-1.8649287918779396,-2.2480154733311375,-1.1673928797523314,-1.3761399050934016,-2.409426492066634,0.19940062334693492,-2.5029707979089912,-0.5716877647769576,-1.5425118039212915,-2.6415465764764314,-2.5735735908447044,0.1305909462008253,-1.1639476713169288,3.2516499767424274,2.1063087713967463,1.851651965975794,-0.1568235771814714,-5.09445048720967,1.6655053338258412,8.528069961193141e-05,2.261882099002591,2.1144880881575614,2.4126061621682857,1.566524967547258,4.139939361178839,0.3679262359624582,0.568254254686558,2.8474393897358548,2.1842656004963574,2.0303737279846232,-1.761400139394772,-3.396446274584525,1.1754449307333503,3.0428838203431177,2.4996378436776774,1.7045121913407688,-0.46653128392304544,0.06784463643417438,0.4033030590414086,3.448334301736417,1.2613906296291233,1.5441341123388608,-1.3926528552794826,3.0870274152472432,4.4153059828797625,3.3458885711127864,-0.7735054550632119,-1.3994144207426644,2.345553046534914,-0.3864340030891902,3.052249103350274,3.661374811593568,2.615051230177726,-1.1279986121496295,-0.03829200938155597,1,28,train
-0.6794246724107192,-0.6253509285149332,-0.5617409443836174,-1.2090859840500996,-0.14190141089269098,-1.824793154798017,-0.0880095484660813,-1.7985707029523976,-1.5599784817009885,-1.1473835823917333,0.6913748460245335,0.5744256542241201,0.6592707605855956,-0.21945270755289217,0.14398191721243195,-0.2229606660913559,0.951012701990391,0.6064621209408634,0.4376025102259339,0.9588109057370675,0.8627802886178423,0.6752760453688761,-0.10804896076796472,-0.35481984554542745,-0.4208610368526505,0.838936733302811,-0.1722492131607129,0.04803146583449365,-0.41632894734408704,0.7289119475561654,0.6145772747630477,0.9942885917688435,0.5562156940274307,-0.4126129847995035,0.5678941458602881,0.11746372432069002,-0.5931783368337745,0.42594394729036095,0.5304091766258079,0.07569461759740752,0.06446396476176382,1.0760678177727308,0.20745571426969112,-0.3649450316872941,-0.37749474339368533,-0.2830185900616977,0.5322761678178433,-0.3544462353952623,0.111825048052375,0.7352454615024365,0.28955700004514145,-0.36542582272619273,-0.012644654406243563,-0.2561143547895998,0.9193758284474064,1,28,train
-1.5422556082819456,-1.210148851800478,-0.7357222591507819,-1.6655431767599669,-1.1611940358062511,-1.8709850258559293,-0.8830056571774885,-1.8251266107051127,-1.4726450928025037,-1.4087083858839131,1.3496004186350556,1.5435326313759017,1.548645605416095,0.07238522513945317,0.42970533279421397,1.1067777496750886,1.0083145784992804,0.6907681826920903,1.1669834790127998,1.3593743518143606,0.9906760219771129,1.15781069528345,0.7201088627166725,0.4206329453428799,0.7135174720669248,0.9110301767732732,0.9271485734591617,0.48863780043900035,0.7839454593515026,1.3496928804801995,1.2031716796339622,1.0089979213043658,0.6792132821402502,0.45594769497413906,0.7926160077987763,0.7738356211746732,1.1060029563851737,0.9051650838773164,0.7615112085974429,0.43660439929493994,1.5242451128941121,0.8863112118675429,0.9976933820531788,0.9410353614596566,0.4658599660767421,0.6284278597216612,1.4488003963441123,0.9751271061239932,0.8057589299338991,0.9207200186396347,1.3143230244106499,0.3928857743896935,0.8068656500848942,0.8347547858143445,1.310934599579445,1,28,train
-1.3460930561398874,-1.1402924445820684,-0.5535342785927134,-1.044384935134168,-0.3066797608429518,-0.9487973143783189,-0.9358150934832732,-0.8850474762589964,-0.5993112038176548,-0.7969009047669277,0.0593286995973844,0.3911911417374388,-0.3913032748704321,0.3553795841138486,0.6129995993938477,-0.38297068292632225,-0.5006348362348081,0.244173909631537,0.2903880027643646,0.07888464714104663,-0.3967989035567926,0.7759789288293089,0.7723712496356059,0.34654509907966585,-0.3110824714733368,0.3246701698801809,0.23661773227643054,0.6221548715312751,-0.5548221481166551,0.042785653271706636,-0.1252156928270007,-0.12729778531472213,0.3356682946527196,0.4403261000141815,0.37342330379813476,-0.3772643471886555,-0.17629845433595803,-0.0480110229604742,0.09131531587970125,0.2665204791846086,0.4634395197175503,0.3360170547424982,0.05529815090765311,-0.1240360271262061,0.3099189065897574,-0.3463134824077643,0.3624183957357548,-0.41391596952072424,-0.12632977531524864,0.38196059076491634,0.5369143162712987,0.08015142959372579,-0.16677273919586125,0.21835289223888155,-0.08075018938382524,0,28,train
-1.903308421644864,-2.0164913808358365,-1.1641102134359698,-0.4820484966926304,-2.504210498675191,0.7932961083772386,-1.786475202625102,-0.8531803869557383,-1.4027783816837158,-2.6277117339386105,-3.7666074412012756,0.7250851422687248,-1.0527758157131162,1.0584436946908624,1.858322410703124,0.24603421083871785,-0.5541165876431049,-4.8324181331180185,1.535019747666723,-0.43987784859839846,2.0177175171348924,2.093508320769971,2.1754153292285108,-0.06340765024345205,4.292964028071215,0.6995560759265842,0.6182268813510977,2.019633548963751,1.8264914985005565,0.20614905667276825,-2.8197900784287095,-3.0618090276513956,1.0736538233296373,2.083717889801721,2.564461457698395,1.273461990421735,0.6205225868940456,-2.2913978821477605,0.48996632103077176,2.996159977540658,-0.09512625722055078,0.6459528443876383,-1.9522000237721386,3.207481917527787,3.100945624346606,2.995656833464551,-1.9589711560527878,-2.932883993549218,2.3578713994677223,-0.9428576745007845,3.122922622272033,2.6788908080310145,1.404581881342192,-1.8741693254251899,0.6221685684315215,0,28,train
