{
  "REPS": 16,
  "M": 8,
  "ORDER": 2,
  "DELTA_T": 3.75e-09,
  "A0": 94247779607.69379,
  "B0": 69115038378.97545,
  "TAU": 3e-08,
  "RANDOM_STATE": 42
}