q1_z_18,q1_z_11,q1_z_10,q1_z_3,q1_z_17,q1_z_19,q1_z_12,q1_z_4,q1_z_16,q1_z_1,q1_z_14,q1_z_7,q1_z_2,q1_z_6,q1_z_8,q1_z_0,q1_z_5,q1_z_15,q1_z_13,q1_z_9,q2_z_10_18,q2_z_1_14,q2_z_14_15,q2_z_7_14,q2_z_3_4,q2_z_7_13,q2_z_1_6,q2_z_11_13,q2_z_1_15,q2_z_0_14,q2_z_0_18,q2_z_6_18,q2_z_1_10,q2_z_1_4,q2_z_9_14,q2_z_16_18,q2_z_6_10,q2_z_18_19,q2_z_0_6,q2_z_6_19,q2_z_15_19,q2_z_8_9,q2_z_12_13,q2_z_10_13,q2_z_5_13,q2_z_7_16,q2_z_9_13,q2_z_11_16,q2_z_14_16,q2_z_2_14,q2_z_2_4,q2_z_13_18,q2_z_0_4,q2_z_1_18,q2_z_0_3,q2_z_4_17,q2_z_4_7,q2_z_7_15,q2_z_1_17,q2_z_0_15,q2_z_9_16,q2_z_14_17,q2_z_1_11,q2_z_2_17,q2_z_5_19,q2_z_7_17,q2_z_7_19,q2_z_7_11,q2_z_6_12,q2_z_0_19,q2_z_12_16,q2_z_2_8,q2_z_11_14,q2_z_3_17,q2_z_8_19,q2_z_4_13,q2_z_1_8,q2_z_0_11,q2_z_7_12,q2_z_1_3,q2_z_8_17,q2_z_5_16,q2_z_15_16,q2_z_5_15,q2_z_2_5,q2_z_13_16,q2_z_9_15,q2_z_3_15,q2_z_3_19,q2_z_6_11,q2_z_0_2,q2_z_8_18,q2_z_4_18,q2_z_4_9,q2_z_9_12,q2_z_5_18,q2_z_8_11,q2_z_14_19,q2_z_17_19,q2_z_10_16,q2_z_1_19,q2_z_0_13,q2_z_5_17,q2_z_1_7,q2_z_6_17,q2_z_5_8,q2_z_2_18,q2_z_0_17,q2_z_10_19,q2_z_8_16,q2_z_11_15,q2_z_4_16,q2_z_2_11,q2_z_3_18,q2_z_13_15,q2_z_1_13,q2_z_8_13,q2_z_3_13,q2_z_9_19,q2_z_2_15,q2_z_10_14,q2_z_5_10,q2_z_6_15,q2_z_4_5,q2_z_7_8,q2_z_4_12,q2_z_8_14,q2_z_0_12,q2_z_13_17,q2_z_1_9,q2_z_1_16,q2_z_2_12,q2_z_10_12,q2_z_0_1,q2_z_4_10,q2_z_5_7,q2_z_7_18,q2_z_11_12,q2_z_6_14,q2_z_12_14,q2_z_13_14,q2_z_5_12,q2_z_4_19,q2_z_12_18,q2_z_1_5,q2_z_6_16,q2_z_3_8,q2_z_0_5,q2_z_10_11,q2_z_6_9,q2_z_0_16,q2_z_3_12,q2_z_11_17,q2_z_10_17,q2_z_17_18,q2_z_6_8,q2_z_4_14,q2_z_14_18,q2_z_7_10,q2_z_5_14,q2_z_3_14,q2_z_5_11,q2_z_8_12,q2_z_2_3,q2_z_13_19,q2_z_16_17,q2_z_6_13,q2_z_5_6,q2_z_0_7,q2_z_3_5,q2_z_12_17,q2_z_1_12,q2_z_3_10,q2_z_3_16,q2_z_2_19,q2_z_9_11,q2_z_3_6,q2_z_9_17,q2_z_15_18,q2_z_8_15,q2_z_5_9,q2_z_2_7,q2_z_11_19,q2_z_9_18,q2_z_8_10,q2_z_16_19,q2_z_12_15,q2_z_2_10,q2_z_6_7,q2_z_4_8,q2_z_3_7,q2_z_10_15,q2_z_2_9,q2_z_9_10,q2_z_15_17,q2_z_11_18,q2_z_1_2,q2_z_4_11,q2_z_0_8,q2_z_4_15,q2_z_12_19,q2_z_7_9,q2_z_4_6,q2_z_2_13,q2_z_3_9,q2_z_2_16,q2_z_3_11,q2_z_2_6,q2_z_0_9,q2_z_0_10,y,split,set
2.900843133317863,2.1106324036321458,1.160747288664312,-0.5970254583657045,2.3548809254171097,2.208541860264718,-1.054087287154779,-0.9282320400637566,-1.4942792221374903,2.4750386915664517,-0.2631717008915207,-2.601147648694433,0.5092523663824299,2.294095504330343,2.516264941449252,2.1115165815025447,1.6754754332197175,-1.1585006309533077,-1.1914568061499242,0.07351566631835146,3.632611837741509,0.35368503837634435,-0.5552932359683782,-0.4565962719446948,-4.216073972255859,2.3671849917313654,4.493302050139177,-1.9993222051962196,-1.9081431372973654,-0.15529115456201287,4.5766492435542,5.125736872601813,3.065502842095078,-2.0084398419014313,-0.7902109474516383,-3.2107149641843082,3.2722330897622904,4.981596713418956,4.6668473221584446,4.760062098190384,-2.070245036080861,-1.6355738931362749,0.5970057210458746,-1.548501337880966,-1.7369407039696745,2.507579284812925,-0.6357812738302336,-2.6357369872712804,-0.5252655487436093,-0.17427144745729417,-0.5378486186517016,-2.3824285154691136,-2.3532995838111983,4.726220428239367,-1.4060665452124472,-1.8310240465047023,1.7324994141967656,2.365321960848311,3.7121966401636413,-1.7959783398817057,-1.074481854523569,0.029407273894330087,4.086414173115562,0.7990715476995444,3.531882770228222,-4.903444792960689,-5.207523973691373,-5.045729992137692,-1.544079606597661,4.096314400099913,0.259610051481496,1.1155948820317867,0.5398033832610788,-1.2093445283550943,5.117530346102368,0.517250033733288,4.438295617992033,3.9185753877649545,1.660267174197908,-1.4581236673037214,4.2305907425902225,-2.435279510827186,1.2124752093884694,-1.5770275623302754,0.6936946964555416,0.7098483925108529,-0.6200048825002217,0.20308842658715462,-1.3013751751777618,4.071442380204099,0.3790876584739575,4.956891857098083,-2.303720574866196,-1.0616047532180506,-0.677534182225622,4.376448375506303,3.8702297832350108,0.13586945061446304,4.38177478995798,-1.9785148443090501,4.214322612853861,-2.3159171714979996,3.299361031089483,-4.976356089707937,4.2106327893137925,3.9102525582994065,1.2912471383051174,4.025400990101496,3.032419551759343,-3.3712819558799465,-2.1926700787676072,0.37130545491487016,1.0084005661653717,-1.3519640383937297,1.0314152602384163,-2.0982172314104393,-2.3738352606833732,0.16368240755638228,0.8710460802664539,-0.7070656038449058,-0.45264451437432796,2.1982867120946774,-2.1739052243015546,-2.3253388456400335,-5.863708358436975,0.3217944513948221,0.29887854859140833,-1.4267895104645298,-2.00719078481061,0.606336356729485,-2.579128349867377,-0.5409203882020781,-1.5503069466154482,4.012553590409781,-1.4946496979351809,-4.851468128301113,-6.107736294326012,-1.9092260048751681,0.09210802849474126,0.028564839595902863,0.023204741992724452,-1.3429933916253003,-1.8822026360928326,-1.5565107626603696,3.445623309760562,-2.972911579397276,-1.6256974019929895,3.744707452203134,2.5771932433693654,-0.6483291796182344,-2.162984650266478,0.0439209181115469,3.6294318187577432,2.897326034950551,4.347289033480842,4.158582247986329,-0.2779363519464525,0.4108572987850585,-4.130273402486709,-0.06041764960649064,-0.39665373824087086,3.23305492739759,-1.6865007920653996,-5.763407629787559,-2.333209495957136,-2.736311689593536,-2.4823370686725768,3.4918840216340628,-5.186509418761674,-1.394203419589382,-1.4708380023501586,-1.3062335892084957,-1.1978709426945664,-0.1398498467393794,1.2096856887743337,0.6555527091452195,-1.5605690636569909,0.6743890033462115,-2.719995127335379,-2.4078375595946824,0.38331079553120395,-1.8459149376102346,4.3936257489557216,0.9538389038530144,3.4734175548521122,-2.710739963438484,0.15898827992426387,0.6519074964073932,-6.095723298807416,-2.302459423680455,0.6346876009597405,-1.4985139242968943,-0.2737335634353025,0.20538835603587274,-2.230599915488831,4.192276421742384,0.4044522540313265,-1.813919140024237,4.648005833765637,0.5917944319123587,-1.513340887548852,-1.5680098150255417,-2.283898459438733,-0.6631286820974334,-1.125484711332981,-1.222384215772297,-1.1200882015920344,1.0103741253311525,0.7814548266558867,2.7080141704313547,1,3,train
0.38001134883662313,0.19426974518506845,-1.0781888855742454,0.6869203891948323,-0.09162099341487873,1.1561431416282415,2.3237723378780006,0.489529276675521,-0.5875819400921666,0.48178784793030927,1.1057456142296958,-1.2554425772434343,0.8145599106204338,1.2716334630744972,1.1335516815294322,0.6310621730990014,1.2588008392289405,2.1420076185626598,-0.13365098957758464,1.2573116246485327,-0.6335820615959855,0.6142481656659464,2.4467608209856664,-1.4169617335298563,0.4827965686821873,0.05089655675353141,0.059227350894592044,-0.0725386373819812,1.0538810132905876,0.3754860480819953,-0.2916258325577932,-0.07288579471567389,-0.31319606231969116,-0.11791127182988446,1.9304978143470768,-0.5569483428860041,-0.5564317380878978,0.08459469537978646,0.40892019249813993,1.5154463040815846,2.503305320570304,0.656629163751309,-0.7809495504435512,-0.20853780227192253,0.01915928788123298,-0.030364178838576936,-0.25206781801401246,-0.08437805292493968,-0.6181790134241355,0.9461483984010455,0.22842366033099382,0.02841786545687958,0.2230074730417588,-0.6527715109539745,0.2044733709198053,-0.5136670916853683,-0.7795954282897366,-2.736581264987657,-0.5385808201503123,1.7454925696076498,-0.7898655111282088,-0.2771412782162622,-0.16894691812549098,-0.5094969804613695,1.4396452316681432,-0.08552407440644103,-1.6253415978442878,-0.39237382349327304,3.0475357206639377,0.4596117523497404,-1.052108657032576,0.5607495777651625,0.14705303672594533,-0.5380576879228275,1.44257236902722,-0.2077604310912249,-0.2101332139668183,0.2998040829776709,-3.3307321700740595,0.08615684263362146,-0.35416471673076405,-0.8691088350491105,-0.7927722522924608,3.0076116790768506,0.7808788578540992,-0.11299255541892908,3.3785483137893317,1.8666290962227348,0.7048235101518059,0.16126428321051323,0.4127918041542591,0.17316347621576467,-0.49477127407840577,0.20180541922061995,3.180636278669542,0.17804676445852255,0.030573205784655912,1.8298157964409345,-0.3753694009263672,-0.22803452261689874,0.24724875327740745,0.1499832072970133,-0.31140469109348146,-0.3967069965079975,-0.3052983082541314,1.2263414066253324,-0.10772022533145234,-0.49716924892301595,-0.5222704088588885,-0.6520635600383616,0.9760087260131253,-0.6257071173243022,-0.01620709137396572,-0.2966129642117176,-0.376470562856628,-0.27227504539560404,-0.02928603180181092,-0.2818779658025682,2.0050808952739323,2.020047383530703,-0.662072507575093,-0.3484822344565355,3.1041176452177477,0.32136749317810326,-1.26728213858843,1.298126493128315,2.4063264376639073,2.0594495904078793,-0.023564343056858787,-0.04063097876001888,-0.4546501762843077,2.315431042676925,0.15558594847717838,0.03614362027671526,-0.44349403230684864,-1.8892264196274207,-0.3426169243873506,1.2022550760454507,2.018908408357707,3.303999779926095,0.3041398222347377,3.2603429055426103,0.44599100534437564,0.8911879270189299,0.07856451207987487,-0.8164738733259963,0.5268148620080744,0.837135220842575,-0.3838634548573218,1.4545039996812366,-0.6298278228071938,1.9016160418004846,-0.37205031878437755,-0.6105143557306878,-0.035041644574949314,0.9713890270755835,0.8727144516393047,0.3956860975418146,0.04116578807648516,1.3384833143591777,0.9757681960725423,0.07541646566439594,2.770280243992049,0.5220763021833,-0.18239652869892228,-0.2146152396777537,-0.009371404447778368,1.4374774338993443,-0.928953449450257,0.8261946190159299,0.16670792681855165,1.0709748438478837,-0.6011291462170125,-0.7418247804338598,0.9062434096841508,0.20145857728378494,0.6915838362218639,-0.3691412396724976,1.1467971261773224,2.9145637331532526,1.6762087976645414,-1.29587951643533,0.21914531075088056,0.10628027951250908,-0.3013152404912954,-0.5956113870171282,4.359320657528904,-0.4921556063867122,-1.9428257545954837,0.03434379105143517,-1.105013870993652,0.1778082497544548,0.8073072647297349,-0.5944020634945456,0.2855900063025309,-0.2033749475257247,0.12085072146835321,-0.06021354417847167,0.3973599502491681,1.2769527970931045,3.298474031679197,-2.258191435501328,0.2608556741466743,-0.3195186043847145,0.652653531955006,-0.801675065838163,0.03434517914620358,0.7690151492857853,0.7424468825724005,-0.280692485582717,1,3,train
0.4608648273125004,0.12022846065415864,0.09559301709259939,1.51377605723063,1.138150493503333,1.1142405892782439,-0.5225946826472515,1.4389104947096367,0.15964597073915562,0.8357662087595326,-0.05783410362333823,-0.7348150462536905,1.281813195715118,1.3188901120401035,1.2150835103333686,1.4443011652721163,0.41531974622633405,-0.4089989621802464,-0.9059031137305661,1.3596149790721286,0.1943666485788988,0.0471401827415183,-0.1735291362401182,-0.39376862492510484,0.8791180641416806,0.24959777053839463,0.45027429746474235,-0.14267851030027254,-0.07252253693300016,0.08441467889011986,0.18426173106214325,0.028976650830085132,0.3611904346229096,0.5439176035376281,0.45098830519376093,0.033242656487908834,0.8398134190239096,0.21124129929459257,1.861982126163428,1.4474775057485447,-0.20510953271769589,0.563854903798307,-0.052515045691431825,-0.7288576720491294,-0.5373003803184373,-0.5267306725799421,-1.2410200237259226,0.22826956232778892,-0.05225154673365747,-0.015199494032961981,1.189747064872921,0.023690715690358025,1.6835532952353496,-0.28625344822029564,2.2087008221066085,0.9416986869721818,-1.1156616279534826,-0.03010845318235334,0.22391094770407038,-0.3678885820632647,-0.009805903303888395,0.41259296403257045,-0.09899577689961064,0.9186476373418349,0.5446654347203472,-0.9512181910782479,-0.9482217585073388,-0.15824269551116388,-0.4161393196833987,1.3502328089416193,-0.3437027076273502,1.0752424962669413,-0.1278722058486481,1.1738585517337567,1.1872506872486508,-0.9439823979491067,0.2569803602146712,0.323580504165498,0.3101991939582065,0.6151875915824537,0.8466739668294687,-0.17999373770675728,-0.23447435933681468,-0.27454374841608326,0.39515499227260226,-0.18352177952719612,-0.3298387414616656,-0.526479504141493,1.664309837918121,0.03131878754003154,1.5876220250104875,0.036943405068361974,0.1855857638285066,1.7628610959430873,-0.47984280323760536,-0.04748720638288716,-0.07055355181074438,0.3893852302619622,0.8677195942608321,0.04127014225881689,0.3303449473880081,-1.5445329504390468,0.26089363151858613,-0.3896667980557301,0.9649693368711745,0.4367646392442184,0.1285664875615876,1.2791048560977534,0.5915892750438666,0.30992407999993493,-0.02112796080598635,0.033807410274901896,-0.2022392079663035,0.29702201501566405,0.06012120806831604,-0.6974944585771411,-0.986558315209785,-1.2862767735439313,1.694713472219254,-0.4948275994969107,-0.4264660152242323,-0.0011037580038720165,-0.41456426779512084,0.4833483661080816,-0.6988541625730451,-0.23412414888047633,0.8957857541668561,-0.4482988720684083,-0.6671702600984253,0.6095391653210173,-0.12156334801502534,-0.26729793804778107,-0.43719536641987333,0.7507575399367921,0.7849649986081904,-0.5909599917519136,-0.38258308986352846,-0.000786522012366184,0.20888380909249674,-0.5785200846894344,0.19757824007397404,-0.28493141792581383,1.416071689276546,-0.20915368577268179,-0.06847950647168734,-0.04748622396825628,1.7709669506006895,0.6944322892420567,-0.15473406749454247,1.4093937169569906,0.29387535895398953,-0.34410042935028295,-0.097692552562214,0.45873230327924613,-0.027264660230573463,1.0468661539432222,-0.15552669199052088,-0.08979234224199005,-0.6111725468805655,-0.09002401921422966,-0.07933074764817417,-0.1457514603472961,-0.3735241281948614,1.2396979028289465,-1.2485322667795022,0.1023499425697251,-1.2522169269484063,0.3904948724992373,-1.1175023566626199,0.5975357424115889,-0.3512912956735914,-0.07541119012602601,1.0151580514172596,0.015298332047857814,1.3494737049844179,0.018074408647436375,1.988906935230421,1.2423520783225401,0.12197856573714627,-0.16573988545804272,0.4917474021617419,-1.0920202344614143,0.0518687126037587,0.3092168515377005,0.6268005214431009,0.10456910724649285,-0.2017144202392164,0.6865760752799418,-1.0851145652745788,1.5207038686186045,-1.2542529678523988,-0.3916482534894593,1.592484287291709,0.8310747386617102,-0.07386569681052085,-0.1623260631434544,0.4517191761251554,0.009807368904299356,1.633403029534878,-0.3775309971682353,-0.311464108260915,-1.4099529553745982,1.7140699424937826,-1.1224094790401764,2.0548425466621043,0.0067464379568401515,0.06554608132831811,1.484261870981203,2.436506168483802,0.8876543786850791,1,3,train
1.8102195458765853,1.8986710792887571,1.488138899048252,1.03485470495247,1.706740491696695,1.1094056793917058,-0.6762792911795487,0.9298626628833678,-0.09854253503589472,0.7443326838220948,-0.3681220283841473,-0.39793840855444446,1.0136735264278276,1.4964605505775335,1.674324015433092,0.9635466229377334,1.7312009108355053,0.31754499781958617,-1.0783128902856502,1.60806598267229,2.524665927398391,-0.2594046728933077,-0.22558787711215367,-0.13348265870108908,0.6563491189814425,0.14173139734089746,0.49666969790526866,-1.5330983440334596,0.3506237702938502,0.4953389648080617,1.2727861581928024,1.9680010606832836,0.846117179916084,0.028842087490737894,-0.04549139586439881,-0.05465813065288672,2.515825694814892,1.355751349487655,1.3455629023520712,1.5798377972392013,0.5654163046646045,1.0842958742663666,0.20243703097180996,-1.5037426394055073,-1.5887923507476842,-0.600106589046057,-1.7631867883418113,0.20125063261459014,-0.2042917616654277,0.08162691239924022,0.7076921402765343,-1.0682808803761212,0.5677920605759835,0.36194053309574736,0.8427243747203647,0.9191154248895647,-0.37631598869324123,-0.27651866440641826,0.4111095254407751,0.4276245045067394,-0.3119911567853819,-0.09321214694990684,0.8948933546847722,1.081090627044569,1.8900986394034578,-0.6881803633202758,-0.4851591587027157,-0.7184850374683536,-0.5758476788924978,0.8784157015804455,-0.17243973084806483,1.3644345942483334,0.4907095899441871,1.2520405532298842,1.7355644628714801,-0.8580275490266128,0.44512332759332673,1.8214950389986049,0.06038346533117508,0.23293994060786394,1.977560882415319,-0.23979298169101107,0.016594515601819116,0.7088055851964242,1.4968457590361925,-0.2853973254613596,0.8563349339926515,0.3949144773390835,0.8938132413785043,2.467796831361563,0.7594630168659331,1.8759143655582984,1.1460898173441478,1.1644036458405593,-0.7285513122870457,2.6450414301237886,2.2395608170091807,-0.4979199985042848,1.5133549638541837,-0.12386951073100873,0.3580436787582083,-1.2789744481072762,2.3777079091318964,-0.27350352359331814,1.9241510280882421,2.6040391406565764,1.3100000520267874,1.3126986925993283,1.7452296619431489,-0.14327898597366256,0.8689088596510726,-0.35942425641570336,1.70101244640146,1.6777730037371297,-0.7541960275894448,-0.6546151900210198,-1.652041720787521,-1.1541190356832256,2.1363901896432194,0.48786343433353263,-0.40028751607413665,2.620391953830763,0.9049414495847048,1.235184115934019,-0.7331558507808701,-0.49471099275952246,-0.20057441933906836,-0.41314351979070335,-1.2810712886611504,0.6095391653210173,-0.35668346208745993,-0.5742889796843094,-0.8817813525926621,0.27727101648103564,1.3574015779624147,-0.9200979593823239,-0.8821601583157521,-0.5950600824987576,-0.4333829841951584,0.43799420713717685,0.29445240567466824,-0.8032284427235333,0.7669995225728392,-0.48311629140651163,0.7066169303001066,-0.3878041624074263,1.6633413374006363,1.8315962754336863,2.685463173661668,1.9992974141202084,0.07485295503123471,-0.49175457041982884,2.363762500997008,2.3993816448918706,2.1386254796781006,1.8428067645474127,-0.24529377595820406,0.5322269087310096,-0.9214740251304058,0.006196682010922129,0.15072842053153093,3.035869065652226,-0.5692473575917119,0.9469838288813801,-1.364416586136087,-0.11644018322941956,-1.7357813964537698,2.2972162626561072,-0.36938895062647065,1.6445527037051506,-0.578542567476596,-0.2832545503932505,1.7269666516999025,-0.24224764473895596,1.114220702094276,2.7513717792749173,1.3488942063861995,2.394583388322365,1.1325635350600978,1.0069226181419677,2.830085509245907,-0.5112136009130883,2.2078781998333294,2.4937693621618195,2.6935630967411015,0.006106225240671125,-0.2691354856903342,1.6449146483996793,-0.7306522880552252,1.210407048301747,-0.4952655609707716,0.6461923866217434,1.4161039416437295,2.933925059399851,0.9053412185664133,2.327972922714275,0.25709067338586,1.448418855877595,1.376127094479934,0.32657183893916686,-0.3157719103372158,-1.1412562939679944,1.0200460878795807,-0.931893000308372,1.5366422586181765,-0.3232215227758142,2.0069355504376674,1.2487896992296252,1.8569595706720068,1.5396673061635588,1,3,train
0.11229649788316286,0.204432274434409,1.0294889010910273,-0.030779415073863038,0.15355084066849753,0.5630608622128918,1.8851308510254028,-0.0363465826491368,-0.7424950435571968,-0.03938324421308572,0.6311876116543407,0.1515127919710637,-0.12392893188508254,-0.4725664896560632,-0.4022417467569621,-0.3147212956990135,-0.3458396184802222,-0.5102829714739033,0.9223588918223061,-0.30646822154071907,-0.10971633224896779,0.14676726082283678,-0.2949995316082009,0.1896309545425167,-0.2191846422297258,0.05657373429024179,-0.5869942980984529,0.410188723290965,0.09137215952810387,-0.08680377357568923,-0.6854638162432578,-0.6440430786686798,-0.358305526998126,-0.6416193384250466,0.0041565742414171585,-0.34347500268692926,-0.683363116007153,-0.41730110531963027,-0.922631335564476,-0.40914388029607124,-0.31423980153149805,-0.10140442366956033,1.7564306411096646,1.0698825229333653,0.31184261985638423,-0.23322700671548272,0.33339188776743833,-0.11139698263813844,-0.7533258711412646,-0.5823255888501463,-0.5350621740008555,0.023690715690358025,-0.5336031496027899,-0.5984725386971331,-0.505357184708854,-0.48104682423269907,-0.006643169063120559,-0.11493819802998226,-0.4221524364360203,0.14967414895818373,-0.4455148734399953,-0.30779613342732143,-0.09899577689961064,-0.43955624878380345,-0.2999347047833673,-0.17542307883005173,0.10022186369180798,0.22640130045944398,-0.07343179888054023,-0.8392106218467497,-1.200017591523777,-0.6767235856900962,1.0012850404398608,-0.5811925853000013,-0.4535050382792051,0.0650527850540815,-0.7421236734512925,-0.4325096896074036,-0.019344958698728557,-0.6997443277701352,-0.6252278176314963,-0.3821721340344725,0.2379315500871936,-0.046219892590487865,-0.719745495915012,-0.3951094518519972,-0.2182363795237594,-0.1333933345678682,-0.3273511757786239,-0.3142180986746584,-0.7042598812500237,-0.588066333137368,-0.5748132785380425,-0.4979781599997965,0.2854141476837495,-0.4465088471023044,-0.5382648056894707,1.0462215684395735,-0.2661574478608252,-1.0283266871060537,-0.32826933185897494,0.08043217097202576,-0.47918693025284265,0.11018729205525477,-0.668231921147076,-0.5802622257363933,-0.5577901546515284,-0.6777361201189807,0.6626262446805219,-0.21168699593194143,-0.09868303644747281,-0.4306394401470728,-0.33103067329946045,-0.6703831363178469,-0.28817110356843706,-0.19008978066303808,0.20107360859048232,0.1863380197610747,-0.1993236223195519,-0.20409060723938305,0.9348159405807405,-0.45754291892423216,-0.07821967316889071,-0.7544300025077907,0.29099455428133236,0.2939985213810572,-0.18839263963344696,-0.19635218074485603,0.16126607414482186,-0.7676685290378277,-0.26711389482177056,0.20987292014812714,3.1293722115440548,-0.3759650205088505,-0.3624410653186399,-0.016797092663309053,-0.14278609700646114,1.0428158281100774,-0.6280092851914175,1.4686267530169355,0.20726565663404345,0.09842436964646385,-0.2418843887166177,0.5004543747215006,-0.5744106211490964,-0.45652220766918183,-0.9325884529846471,-0.5898940951626073,-0.006177651512081096,-0.6899694405944616,-0.2441579376388647,0.5006186102568864,-0.37981516122462744,-0.05699581499581556,-0.622203962575326,-0.7748772263620587,0.1300958479066529,-0.013936336025770567,0.03411348175262515,-0.5933323025457927,-0.08726382241299159,-0.44685960058008173,-0.21042143703081936,-0.387540551266664,0.6241583340229079,-0.3604753235438501,0.058497293026658646,-0.9122995489910721,-0.10177114684118158,-0.7473394923534171,0.6278943313599435,-0.15984755523458594,-0.24522484607569106,-0.4687639857683223,-0.45413265050666907,-0.3603373679037591,-0.6714702998031267,-0.5158876800970036,-0.03459093655232507,0.06961843392646638,-0.7066161223962547,-0.13426624933867815,0.15595192922863452,-0.5661958121003801,-0.686794630432099,-0.712308136061065,-1.0748172178311919,-0.31881271202396894,0.205828296203314,-0.685851298079049,-0.31617864474027535,-0.6135144235844908,-0.5439937704765618,-0.3468478860208447,-0.08006320893315969,-0.1691675438738328,-0.5297645591172915,-0.4421457973572227,-0.6764874308497293,0.055034422323756174,1.6012000136166626,0.6026377241807483,-0.6482178255592522,0.08532891292037008,-0.7563093427265226,-0.3809659159040287,-0.274197075765818,-0.6997425220146816,-0.7119921753975856,-0.5218995801412297,1,3,train
-1.8317804734701526,0.7488534842205106,0.20572936528627506,-1.561690404407468,-1.1244725497661232,-1.1920114266004664,1.1295148590749422,-1.1049263287968416,-2.0607751789262774,-1.9686306203930217,0.3847824949325218,-0.48621089650772287,-2.778777142650334,-2.2783432880084744,-2.056173131065387,-1.9636644455748873,-1.5831985191762379,0.00018843536612772938,-0.08516073992146722,-2.2546163850643386,-1.7053993009496538,-1.5928747949048012,0.03470582724802364,-1.1387250110145293,0.8894794104282033,-0.13077312442120068,2.2166134713790653,0.09662223259742732,-0.227477522678044,-1.5250387742884857,1.3821855981054316,1.5787410009191332,-1.9033046922345191,0.6849159291594026,-1.5150713109965517,2.126118540792565,-2.2609388130036105,1.0790050668590048,1.5936466471241937,0.3778632582970223,-0.13896997586084608,1.0458284981882926,-0.3135374098942746,-0.08545138146441125,0.18176113897853924,0.7077112162029313,-0.054277376871630416,-1.5897184226602994,-1.0574063010048051,-1.3154398089796773,0.5293596826223796,-0.056670830340508405,0.8551125501878375,1.8280127840304623,1.5704498183060491,-0.08960361480066836,0.39663627053337475,-0.13917526798644764,0.6348346549309831,-0.08993822651470905,1.8700674759123792,-0.9208932376485061,-1.8885791399283822,0.8825491951856717,0.1268106288606148,0.304038278095872,0.5676529785889277,-0.3463837804967873,-1.9067506723016567,0.8519091225152109,-2.3755043866906904,2.578368866007432,0.5594409005878355,0.25993791355488727,0.5384824794506465,-0.013427729179499791,1.9470232223574218,-1.492938074584492,-0.8485205686097264,1.2910014385055284,0.6222453779116582,1.1754557926029954,-0.1122434596956377,-0.11108462435912292,1.41230354192244,-0.07772794336479558,-0.2660659632114335,-0.1585508494205802,0.25052127162608856,-1.643206122577312,2.319483474068466,1.3110017175646578,0.48974538077512625,0.40445767745639666,-1.739328201629002,0.8824067041632327,-1.5590130151680424,-0.8090530007989429,0.019720899869564358,-1.6380730981454097,0.5704006192630767,-0.16615786690747553,0.15286945014201114,0.8106870380558603,0.6305519364198184,0.9176591313117282,2.6227040125436756,0.29648513842668955,-1.2837867233638334,2.3878173824826554,0.12659599279684502,0.7273813735717175,-2.2857989138004866,1.1061245052218733,-0.4304313435327447,-0.07574506451338107,0.0935724430740788,-0.08175339132778536,0.4054949456844365,-0.45412442058085684,0.062199302244219455,-1.5178551290268387,-0.3337122017792001,0.2999737929798042,0.888823977331996,-1.1444408568312776,-1.309116372550614,-2.1416150067778643,-0.13248226747927772,1.948313156581476,2.098082490787839,-2.833342623031371,1.2192990857646657,1.8380228900944549,-1.350274100487434,0.6670784623020989,0.9562834535884308,1.6370893885964688,-1.4162458042262671,1.0168426233162193,-0.015544924247553233,-1.4257982417409123,0.05795873177150762,-2.1493478764909524,1.1053803704399363,2.0075105581451935,1.4782252826965447,1.0824058845309656,0.4042409214564138,1.440623912689161,1.6318165655256005,-1.6008775370585107,-1.003590837258037,-1.3729917030080419,0.4043579708822862,1.678129396836201,-0.7022898397936821,-1.6827684727825991,-0.4313387356221353,-0.615537079751597,-0.8805712988947333,-1.2515910904057566,-1.8903791560204521,0.260836859842999,-0.2287502564415562,0.9410454247997796,-0.0008878172634737416,0.7966291658383217,0.5672733626220412,0.6336397755596428,-1.190115843064094,-2.3779259155863715,-1.8722159324360177,1.3681904510725664,0.9335191201641673,-1.6294722492600762,1.5530063739635458,0.41078891591700634,-0.1484596654901224,-0.2689672185214239,0.6335491185247532,1.2196670950918562,-1.0558740929038481,1.4751073535647805,-2.0033550083837666,0.7281673599500305,-0.3331854978688961,-2.8496189697200203,0.9191289281385564,0.7622005300662862,0.6560074719395615,-0.08596597469186039,2.0874871928199106,-2.210305156015187,-0.23500101199913023,-1.5614088725058328,2.548146191345566,-1.126441084302485,1.5606946131063069,-0.04600275595174549,-1.142869908986979,1.1347624850055913,0.8408380503031435,-0.08137300596995886,0.8863517010728557,2.6932355849218674,-1.4910322608682849,2.6292453061232504,1.344283734146188,-1.8334631568031428,1,3,train
-0.8022461808773155,-0.6680934511161164,-0.34193494148501624,-0.3023046261945292,-0.5871810835834052,0.7741852605917255,-0.4425506157033468,-0.354676769493663,0.22343371922475627,-0.8609787754366331,-0.08064939220869184,-0.32948219340700413,-0.2513616460018146,-0.3866453097185971,-0.4072334913776113,-1.5323332674057213,1.0738935725947354,0.1770978382657152,-0.18214123923370207,-0.25823949731245244,-0.814225416543233,-0.4433315862742034,-0.1822055930521241,-0.016802742807564774,-0.3279787782382142,-0.10238723673764878,-0.6433315700619492,0.3524264750053133,-0.1231808976573414,-0.8059212739320875,0.22802150702719487,-0.5385426886391437,-0.8725534243322832,-0.4977434959538482,-0.005773019779746036,-0.43137578982772484,-0.4890803947021706,-1.2428493382457737,-1.023890006900036,-0.5057311200324963,0.14873709646645064,-0.2643250752943442,-0.22855338433986067,-0.18336103437947704,-0.08562857171480882,-0.3756626092673527,-0.01471928864315401,-0.16157499496265046,0.192702132878639,-0.5408285575220596,-0.7496184121160102,0.11823371102078913,-0.6820520692355811,-0.23874184749555952,-1.1197483379000468,-0.5086485890003423,0.0185617959116604,-0.08262210475469506,-0.2828949578757887,-0.31517385945922827,-0.19603635021690183,-0.2771412782162622,0.00010167317038647225,-0.5072408278266093,0.9328851479659144,0.21413927367226135,-0.3628407361128152,0.35182869044985954,0.08627656032855886,-1.1519882548165166,-0.30477930381387625,-0.7069878750137302,0.225603106032972,-0.6593745867961288,-0.5372170650918509,-0.21149759843568117,-0.6123699028453231,0.00022117601104953787,-0.12033429580327316,-0.5651931546270795,-0.6281424746304288,0.007946743386611773,0.181771407008815,0.32740096239685007,-0.5638707831115304,-0.27364245477664845,-0.14170904562348088,-0.020184517730664268,-0.44365254884120753,-0.4648367413836258,-0.8968549994231759,-0.5399886609676965,-0.5347922763082241,-0.7386277166547813,-0.04938576834434326,-1.091882979048492,-0.3865746692963703,-0.1176463290330361,-0.8603989571880395,-0.0603542595810758,-1.2023181884297374,-0.25467736768473237,-0.8032594743825677,0.09610689515071999,-0.6319385598577815,-0.8272080459872767,-0.7565710401012287,-0.022656308338271383,-0.1216219001081526,-0.1047994803721307,-0.15777261788860536,-0.3965800044494613,-0.5800275062768971,-0.6088209903238961,-0.1802495422162037,0.0028669278395081176,0.1601207836318524,-0.1988073877186961,-0.4062352376893374,0.05466531586981654,-0.53990617820798,0.20489975710177724,-0.055581094684432925,-0.9255796040941829,0.6046099893243034,-0.029129165028960034,-0.03002950346036899,0.0731721867175487,0.03914597706514,-0.9982707476281458,-0.5666121353664194,-0.17720274104575642,-0.43060890736546165,0.24219794066949812,-0.47895470536419,-0.5799887261642332,0.6365541297790077,0.1683157106463631,-0.044130382202640143,-0.027908176616686653,-0.015544924247553233,-0.08865325468880766,-0.4747037528603385,0.06480891986114809,-1.4118138454427387,-0.2863632384495968,-0.6570668831925108,-2.048139677455403,-0.746441826068753,-0.672619331854367,-0.539362047273882,-0.25138736402754486,-0.3668737571575443,-0.9217295995173629,-0.3461210183499833,-0.8537851317236811,-0.12288411600227245,-0.08979234224199005,-0.0011480498666748854,0.16903171485348667,-0.3649214391816012,-0.8838661049887263,0.08724097434355736,-0.47252205660628005,-0.3029162208297705,-0.48389539450747016,0.11364060972463871,-0.6142919181643414,0.42738223791609464,-0.7894608643594799,-0.1608012590151904,0.09670909259526922,-0.5502856747682523,-0.3911898963747037,-0.3688960552566177,-0.4884151999672406,-0.8686634108524274,-0.7577475541299857,-0.0820362402764073,-0.23593447194114195,-0.33403906371697034,-0.05349181685844739,-0.8700112060737129,-0.8606527989604618,-0.5207419701499066,0.31243519148100535,-0.4646565754985758,-0.5045372416983367,0.052665583824580954,-0.532618300391712,-0.04328429619856679,0.057014446036048785,-0.763046780394214,-0.5481556786917663,-0.15753211046614496,-0.299155677751022,-0.7772207983143956,-0.2957384336387015,-0.31294534870687346,-0.05863240323618319,-0.2640782854216056,0.1811527651115658,-0.8209092072238189,-0.4215810037053241,-0.7563093427265226,-0.3259712557819196,-0.7248767739519169,-0.7586105649525761,-1.0964990527919498,-1.008082630110732,1,3,train
-0.8507582679628418,-0.6550273420812499,-0.26800780365638466,-1.0923201902089297,-0.5258881250625611,-0.036467963717842215,-0.6266519696743277,-1.0418212256778827,0.5287036584058451,-0.43254740144406795,0.3802194372154511,2.268251023503759,-0.8911800647962402,-1.0353502182464656,-1.1742982480840336,-1.0920160230246978,-0.6903243891960015,-0.977539867681974,1.2797499911396162,-1.14389425132244,-0.7780967455537835,-0.02183240977631756,-0.7374988290205023,0.7999566684471053,0.04243935150497242,2.350153459121234,-0.3483893815471748,-0.221070132973657,0.41618164887829184,-0.4806062142470502,-0.05094706475000923,-0.32754190858007143,-0.5725754842206915,-0.23301194580684317,-1.2866906485097982,-0.58206285349766,-1.1107851028781146,-0.5017321745961677,-0.4619043809876773,-0.9993992342408915,-0.19518859918916842,0.14071376693949345,-0.7566684002851471,0.6362826314523596,-0.2554571717497731,0.9753174997852325,-0.6951184061729483,-0.26965071381544553,0.5474626343861029,-0.2710978538894963,-0.35394327169585477,-0.8035604934509141,0.19906409890743762,-0.2760723909221379,0.19850840826746363,-0.3856952732172044,-1.518941067549978,-1.395463394063238,-0.45867898818952363,0.4467934945445708,-0.649314230439142,-0.031902436527788375,-0.21849564316048953,-0.43278779087952285,-0.47181824194552674,-0.4551088703701739,0.7074454615488139,-0.5721530824795353,0.00642238072400932,-0.8922237799772186,-0.3592720691527398,-0.21939654702184835,-0.2260597924824315,-0.4652675485988468,-0.7548683348047297,-0.816918708237594,-0.45342153385301076,-0.10915036145295509,-0.5508677855647528,-0.354192451289106,-0.3833112867200901,-0.5273988694248031,-0.3732229481186912,-0.06178742821496028,-0.661622721649307,0.38071201333894006,0.24411626279042337,0.6087533535871354,-0.8725138620094847,-0.3112647919548747,-0.12647452673056708,0.0449563504299739,-0.03452974843549446,-0.5043110430696646,0.03670563863430916,-0.28690019081453744,-0.20960284350441977,0.3202445630853715,-0.776883934255566,0.346143347778495,-0.6391106505689996,-0.49494458408014386,-0.5320498275222304,-0.5727119578146823,-0.31048307415260207,-0.3528121281368955,-0.23524003863880721,-0.3627939029167166,-0.4796482270768953,-0.7204715699966405,0.41096460348229535,-0.7960042958123595,-0.17648091489967213,0.06836261560956149,-1.3036148853826328,-0.39019303392493787,-0.9814392120899563,-0.9577703965758915,-1.054823570483088,0.31923597882416666,0.018568470327393408,-0.707978564738943,0.47480845838000674,-0.5863366438068698,-1.428990097282462,0.287049538877616,-0.7852998452088946,0.11418676437487117,-0.3206132278452741,-0.4217652011523504,-0.5974016741140001,0.019671948699408484,-0.5294057931816369,-0.2838981965035645,-0.967805412511824,-0.28376455529686406,-1.027037508166897,0.31326048149670244,-0.2776819433981511,-1.3267875495062456,0.749760983997931,-0.16225756590268497,-0.6687198896467725,0.15463272498699396,-0.44730477460452556,-0.6005028739319076,-0.18351418511227677,-0.4115154306619595,-0.8572296617166902,-0.3984876137608716,-0.5631688303089641,0.05765618704824884,-0.4082862501722105,-0.7927975699485975,-0.10503450367433195,-0.3666145855780127,-0.6859685517995578,-1.273146039215014,1.4904147376297168,-0.437898862105163,-0.9361028222484552,-0.34027264828529036,0.11170637801816367,-0.2364623195517911,0.4062958136325284,-0.33242530741575466,-1.0104346921957243,-0.6934089882953318,-1.2148179216754522,-0.6992007814893453,-0.08727878872598299,0.07397622506604155,-1.1175917772491557,-0.6580447638887517,-0.8905440181869321,-0.30503103133089204,-0.35665322777705016,-0.4832773600026689,0.8858479556948702,0.6311751257912601,-0.7316399546956096,-0.8381577323806889,-0.7436244430292208,-0.283676270653545,-0.9418040730083228,-0.008480868389820982,-0.3028460184158931,-1.0914267554693389,-0.9844647828542684,-0.09973508192498476,-1.5996348777254987,-0.6085840642490457,-0.5468386147612067,-1.11127342305502,0.3258738350996832,-0.011813487075130094,-0.39352460719978466,-0.18434152646156576,-0.027704638102478803,0.7086186692934074,-0.1434598272851818,-1.1465248559563592,-0.3419349977013415,-0.5916850025730066,-0.4616464338387991,-0.6091937554107812,-0.17019406849210286,-0.32593044935905174,-0.3051950442412294,-0.8535593351591847,1,3,train
0.8651322196918867,0.32202725574820695,1.488138899048252,0.4235818678566989,1.4380947586053359,0.32131536788598286,1.7762709199816924,0.6942702779059211,0.2659588848818234,1.1518649664003886,0.45322836068858263,-0.1853638457281823,0.3008467818373577,0.5556236302622803,0.5911154327522226,-1.3279002610859605,1.9351054993841834,-0.7425609661206899,-1.4788064337417313,0.5104971373562825,1.0795190878204115,0.33835779559460305,-0.8936750516366088,-0.546350053401252,0.9309247955742942,0.09063679951050405,0.4005649398498927,-0.3489722541776,-0.5284477834520713,-1.0456271073842203,-1.2543409037889288,-0.036506349877902806,1.4776496854141719,0.2417783343481115,0.6793689676805144,0.31368802498473275,0.9900587234997626,0.4035565126467055,-1.4744910943432787,-0.09434102485883383,-0.3737654027026629,0.8761194860791428,-3.3851029049323778,-2.1331618367166447,-2.5499499594562054,-0.513781981438863,-1.446722082514,0.3556445166900117,0.3362956692030887,-0.10510972857714973,0.3816781161275329,-1.1675510254730739,-0.7921915902534584,0.3415784184994319,-1.1734330017711219,0.4222836590719872,-0.21668454385296185,0.1557090831505481,0.7489801291606811,0.2503113466567987,-0.12576070987236845,0.5045575296657482,0.25367456011420264,0.11320114673244472,0.7758191571108376,-0.3885170152415734,-0.0002539834356102589,0.050802954472862136,1.184271529891115,-1.1095777283121415,0.4191960071167392,-0.22948464346305972,-0.21624103381905316,0.16288439445624628,0.0027255078497140216,-0.7944957041708566,0.13047043387385113,-0.6892950384359362,-0.5455525572960925,0.11062069229599521,0.47068321396716284,0.4066083699483037,-0.052779778789119165,-1.014001690578523,0.4876230422407693,-0.5949422534920871,-0.763493633563244,-0.3377981427461531,-0.2582972355227149,0.019505560660896842,-1.0268567041900536,-0.21145790114160765,0.14556476159868822,0.23663627610489407,1.2706824719949938,1.3438839060387326,-0.05791270711131934,-0.09459943997417254,0.3794779217325265,0.450308359664385,0.2626369373719631,0.8897533209355172,2.2191192173237333,-0.23830253133198115,0.6098128728259359,0.9728970121573205,-0.0439603186777749,-1.5847697056615013,0.48077160241068434,-0.044942471658636685,-0.09498993760740203,-0.049793022801053556,-0.13355042645528648,-0.02837789952378961,0.6193511168935253,-1.2013258641115674,-1.0377493464080725,-0.6141602781380567,0.09910659215610028,-0.44830968073570626,1.1878747656983315,2.9293972264892365,-0.5309912428580467,0.877603698333878,0.12438635441475396,1.3050754756317562,1.054148890339934,-1.877949864695077,-1.7068413568578786,0.3821397553222312,0.10795866810330362,0.8905921863856465,3.6562889358969897,-1.2659443192266149,0.9774657952051862,-0.6750730279241296,0.07702781311251727,1.2022550760454507,0.06291408334530238,1.5392180232826724,-1.090848162415259,3.6406318468143097,-0.09019904541086017,1.6277431290508662,1.5963578561121017,-0.12274884496922658,-0.00270315493618738,-2.230977808568567,0.18770106087180916,0.26428654011074393,-0.620305109593161,1.0259926470857357,0.1740769328465329,1.9814640318069068,0.9176389376110923,0.27151021430293315,0.42387903180088876,0.8659933360823754,-0.5406494836419655,1.1830498739185478,0.4045868130056883,0.5603870986056966,1.10663279411882,0.2576893966822724,-1.0584819830347034,0.4052901167531561,-1.2437333397641015,1.0471665545864581,0.3483133413431683,0.6185964284146203,2.756704039279267,1.7821888422622925,0.6619297234574516,-0.11192317455767671,-0.17455661808650058,0.04718300684368218,-0.30821983208073067,0.7069993234405461,-0.4568541396966569,-0.6447147108721315,1.2563645001975865,-0.27658310656575136,-0.07823530817733608,0.13413431881008436,1.0063494592309692,0.13374329450747705,-1.2568540945492102,0.43399071492280167,-0.04360812109919409,0.26419328758244076,-0.25648300599677665,-1.027664607761883,-0.31356138342033013,1.1684013101643356,-0.715308201503639,0.029235397307140178,0.22094538001999087,0.09892489464600794,-0.9113915454651133,-0.3585865262415787,1.127341785223569,-0.08227533430667329,0.09142262043804283,-0.6052933224824212,-0.07214948530904962,-0.15548780940338155,-0.07312459503663539,-0.375968285856262,-1.5813120721152787,-2.0558259470992715,1,3,train
-1.0304326645759025,1.5894398321302514,-0.02057819949525028,-0.06898396739234873,-2.0855983035929757,-0.8019953624197201,-0.9100079666557505,0.10388697983743862,-0.340024725731383,2.224249594595194,-3.2337222747045606,-0.2448126641456963,1.9760560028302312,1.7542240903899315,2.196793285727705,-0.3439260108875508,1.4981670953513018,0.8428713926893535,-0.6472884488979398,1.7381373904394335,-0.8623969778624989,-3.7770068913029364,-2.2645552279335424,0.9525380969232525,-6.368643663280949,-0.11374159181106953,3.0914981654004183,-0.6212799960956723,2.0014903491929705,-1.4907950837953239,-0.4611949644223682,-1.935513370409553,1.2769125675951367,-0.17833912566778778,-5.079795564594138,-0.24720271200891508,0.9926491597838292,0.4317002024055513,-0.5884777201571274,-1.1889964085383184,-0.40352820328824535,1.3716698014378603,0.20243703097180996,-0.49667192370768765,-0.7071289803534015,-0.14258616872792906,-1.1895945090289033,-0.09981744133248183,-0.5168188701362887,-3.646189735240544,-0.48490617028562455,0.42077129607816866,-1.5631682373786,-2.0204268746731646,-0.9407994583297964,-0.9402398199125813,-0.11586468395383805,-0.2926767110440619,-3.184472912794712,-0.13306845409982976,-0.712562306749222,2.8803088085228383,2.6961352412511905,-3.307126247564013,-1.1919509924697465,0.4871658796995235,0.008483046749382632,-0.6014194734772991,-1.0283546966516117,-0.5317343046900296,-0.16076270970402265,3.472846750461505,-4.25175084446755,-0.8642653493377042,-1.269697299702501,-0.12927991685764362,3.4132408302048747,-0.16145848806617472,0.4377646724060523,-0.3603084137046994,-3.4903356475822456,-0.6014360286434031,-0.029655013992139736,1.5416687411056984,2.772904848596898,0.17304263124237607,1.8001720520960867,0.33831006892048154,-0.5490506681791739,2.405777390246106,-0.8342615860169015,-2.0864871157587976,-0.7509056883492433,-0.2161648633906695,-0.9995798157383589,-1.9107447808726872,2.4828970774731127,-0.4057324422688306,0.1385692017350072,-0.15689744132897385,-1.054591621122003,-0.15351222393929598,-2.9913237439676617,-0.6536742400157574,-3.2761691680778062,3.1694150975467568,-2.238051224113146,-0.6189469062412247,-0.8177842025473746,-0.48104353514266446,1.8217283603893348,-0.38419475510487533,2.6168628665483538,-0.679177728602697,-0.8964562675537524,-1.0012226108496676,-1.0787021713667022,-0.22901487065828596,-1.4407933145382648,1.848512558098762,-2.8436141034163955,0.7703996024898341,1.826655002166201,-0.36323091316746564,-0.522445480361374,-0.24107313138391756,-5.706738846279933,-0.09674534929135864,0.5936372286701819,3.588151155445961,-0.5750092822975778,-1.1248707391411263,-0.5985636132529596,-0.4461111721319255,-0.2864539087671942,-0.5873029032226869,0.2668670991243623,-1.0540518568581656,-4.71516160611286,1.7651100881330304,0.7788232336781392,-0.9872392207582267,-0.7674917411016844,0.446560091645993,2.7627409185211036,-0.724849812976989,-0.2954448228403321,-0.3446234314742166,0.5074750410374463,2.335889523678045,-0.12036266585643807,-0.29602698807182615,-2.7946811601423502,-1.7797944859577672,0.563786149941991,2.940655882622158,-0.35138214792001143,1.214930964676985,0.11168885131508524,-3.8722377366028877,-0.6029136821261237,2.153862035412827,-0.9362284127108065,-2.722958216525741,-0.001616990502650015,0.07710492805443918,-1.0146764857878767,2.397431218155362,-0.20516893466731598,-0.5848713431871748,0.6379201227630172,-0.9035370786907484,-0.3736715107883484,-0.447043240738109,-1.2280809353771356,2.4777509562302065,-0.4950343583379629,-3.597562929011629,-0.9360517073098873,2.241521521580007,2.7716965672140788,-0.6573768596868391,-0.8439904019174939,-2.281208803136802,1.4363072403187884,-0.4351533570817151,-0.8118750625718325,1.067930442877977,-0.6737632806002671,-0.03461105790786651,-0.14561967690170752,0.6930308003084723,3.0888723810148924,1.043264033639168,-1.6139474592862684,-1.4622074019153464,2.8595517957284384,-0.04111693151953412,-0.4583621815640158,0.1623864242414767,0.2011643388188862,-0.7303084588755414,-0.11059371282994085,-0.9352950802857256,-0.4142294140177861,-0.5816964253497267,-0.2603300081293226,3.088416041038827,-0.5671055259446368,-0.41260261541940363,1,3,train
-0.12846719357833833,-0.3196638768530114,0.11218890517657792,-0.9313152911524543,-0.2468095479676541,1.0642798537840161,0.7549086257774681,-0.9184156906896963,-0.35065601714564976,-0.6846426916287176,0.4349761298202997,0.05062994859588843,-0.6761373597242548,-0.6329526922059998,-0.6734598711455669,-0.9122946987875454,-0.8055748088104717,1.3182310096409167,0.2632506835335988,-0.587071707959725,-0.5191746034627287,-0.7498764419090295,0.6160284336524195,-0.39376862492510484,-0.2217749788013565,0.005479136459848392,-0.6400176128876258,-0.04365751323915536,-0.6893625763411554,-0.0011945473427846863,-0.4119652164616851,-0.5640083000255834,-0.8409767990573789,-0.20711429416202745,-0.12492814803370436,-0.25975996731474305,-0.9372258718456635,-0.6659036981894348,-0.45684144742089927,-1.056636117047662,1.4880631228176595,-0.053885900278998373,0.3663347945410368,0.2670233690298257,0.02999941128772006,-0.19006470291188574,-0.042409950403087496,-0.3082491848343009,-0.3225452621679156,-0.6307387920662474,-0.6158690688753943,0.01896356592383647,0.04582650444778219,-0.5781104241008176,0.21043833357214697,-0.5362503537679855,0.0059593134242699195,-0.058385034798229644,-0.5340150011811243,-0.5883319674983261,-0.586066154129062,-0.10853957455543645,-0.35839792561225015,-0.5501077278870531,-0.5844315938793554,0.08095556341506029,-0.01772804380559604,0.2807531694552907,-0.006886649210082271,-1.183796149694798,-0.5850278112708887,-0.6195577058565652,0.3925220033104037,-0.6216315515911017,-1.0060044152426668,-0.18907459436894364,-0.5637122388680846,-0.15194791959104387,0.033807323987873866,-0.3633663949124961,-0.4445190836976748,-0.2597260630190957,-0.27081327544635375,-0.39130026559962633,-0.6695485545037213,-0.17176690884248494,-0.03329532259808629,-0.8000674781647359,-1.297740757269556,-0.38805076666925026,-0.1457340385478823,-0.39976211713948784,-0.5708111783150607,-0.7797914566089235,-0.046197197715504276,-0.37364402575354116,-0.39289509164608283,0.7466120106743472,-0.5937933070574514,-0.3830117354227351,-1.2423274670755822,-0.0902840090983982,-0.3320901726336767,0.21579026883926566,-0.489357497649839,-0.7232308585132206,-0.602797147583536,-0.4467784941706537,0.5177108266217452,-0.4724925338978796,0.07489260903585404,-0.38419475510487533,-0.5800275062768971,-0.6527939517481467,0.27596433077278276,-0.029292523577582916,-0.013928722442324704,-0.35362073778409414,-0.7285398693230417,-0.3552738432132974,0.24544879629488886,-0.9361981451991231,-0.2852009621696477,-0.30821854122898246,0.26649334841860023,-0.5919967478076997,-0.5782095902133312,-0.7002455633919605,-0.129181724314962,-0.7548572946716989,-0.423860637536727,-0.38408800823559075,0.6792094433029073,-0.340891944697313,-1.079253242120611,0.08925847468426759,0.1369770613267841,-0.06359592271417991,-0.6377406002412305,-0.32439151173278163,-0.08335684016803918,-0.6100171257871053,-1.1026105228237066,-0.029506075520990063,-0.29776848455208943,-0.3714427230593893,-0.49778097565643215,-0.4338127637245405,-0.5575989243961326,-0.48870817920936377,0.032000745568087026,-0.804231938729798,-0.4729932705076264,-0.6638655403798321,-0.47832975220437274,-0.5999075231688962,-1.2245710556056568,-0.029107537269014463,0.10463654499122522,-0.4008909000954893,-0.9043705231891855,-0.5321291624159148,-0.28789521533373935,-0.44419488815974134,0.18843329324214905,-0.18376022193684868,-0.36992385978072495,-0.7514281730580582,0.1050244288110873,-0.6179667069062241,0.08984352606165301,-0.4391370705936688,-1.2567423306878678,-0.41911656855640633,-1.078064527737045,-0.4272871437551244,-0.6161178475787615,-0.6816568072432048,-0.05356905804195796,-0.4630346046805806,-0.9040263549800546,-0.018874202938348492,-0.5057199478866474,-0.5741541090425445,-0.7312730215791148,-0.38774530278261576,0.954556852247454,-0.9775157106023933,0.1795718312241026,-0.3410770532825406,-0.1967873672532779,1.062807750466858,-0.8000297560945969,-0.9126860059607325,0.10276339868468559,-0.4530889941845356,-0.5853727027570901,-0.4421457973572227,-0.35768898958599415,-0.7627352393435854,0.9679531084004376,0.1811527651115658,-0.3517099815691472,-0.14941460551703192,-0.8714649622918399,-0.4359605760261377,-0.2915309103114372,-0.5643460232575243,-0.6674116678736014,-0.8610970568641383,1,3,train
-0.6567099196207364,0.10861414151205513,0.47428100882701846,-0.38417152401985566,-0.03424035139536514,0.5533910424398154,-0.5209938013083735,-0.45003559198453436,-0.8442516899508931,-0.6689683730680139,0.8775927283761596,-0.19437124245810866,-0.3641926949593378,-0.6071763382247599,-0.6152228505713266,-1.0448391754124453,0.010043545384240847,0.5295661906076413,-0.8556169289019998,-0.5593036546161776,-0.9165899843466732,-0.5736131499190045,0.6941165449604728,-0.2770887090315805,-0.4678569531062707,0.2723064806852361,-0.5869942980984529,-0.08491626201462085,-0.391372219139148,-1.268211095589772,-0.2642759725796359,-0.6222154117660171,-0.917662889010718,-0.4315606084170969,0.09352292043188591,-0.029543620041230848,-0.7817996948016775,-0.9801749004965462,-0.5935406537239054,-0.5951637494180751,0.3206999442942602,-0.31184359868490613,-0.08286648338943679,-0.7260602533944133,-0.06033495043300562,0.14228503637581094,-0.19273068567129784,-0.18473407757396368,-0.6604124064607384,-0.17427144745729417,-0.763550635370241,0.42077129607816866,-0.514448450295333,-0.35412716354134727,-0.6246564377556876,-0.6240741507559411,0.2748122731552668,-0.042226988160586044,-0.6184826521111009,-0.2960048694213968,-0.438487309405542,-0.4763978370881472,-0.5303611477925393,-0.49144775938328794,-0.11916063983695821,-0.12214959472717131,-0.11820389093301428,0.1678685184639167,-0.14995872100156687,-0.8657172009119841,-0.13351632703459088,-0.6531846939939363,0.21578434736959368,-0.519186170320314,-0.6293002945857611,-0.020902063868412295,-0.4696407551787569,-0.7511137335242867,-0.19474749156451654,-0.6355267224064041,-0.4386897696998096,-0.7352724318462568,-0.3732229481186912,0.18988773104734374,-0.719745495915012,0.2827547576330136,-0.06837035063571395,0.008117686478636718,-0.4690934741986477,-0.37328423307033193,-0.3672184244470073,-0.4999239341596369,-0.4347397707336782,-0.7639592489342535,-0.1482314578383516,-0.3667045189584209,-0.7341978985305587,0.7005182325566203,-0.47173288892537496,-0.8936743546681959,-0.9499519692790243,0.32702220885152705,-0.417130485632257,0.45515701621635696,-0.6578623893501346,-0.804463036227327,-0.4340209240885075,-0.639943054054709,0.3500635782792386,-0.01928946792428211,-0.061752048046764964,-0.2882090726843339,-0.41975368275119074,-0.5604507327572207,-0.739479451041413,0.2958752629730042,0.43655235210260424,-0.12706461573717015,-0.6489584787962012,0.008147397108612113,1.1442439337815056,-0.1848912077549905,-0.16230582182544823,-0.6382927728598817,0.16358828379512536,0.016039221243407963,-0.017847723754747604,0.29582275114301354,-0.12258063798633054,-0.7644657204462956,-0.19713767039545074,-0.21724505082443407,-0.4174359892566383,-0.16991070011606763,-0.8360943411559847,0.08925847468426759,0.047053189005383855,-0.03460696854411204,-0.19983142299964746,-0.7761756414334977,-0.722726333132621,-0.287998264226392,-0.541727509204743,-0.016032504752113187,-0.6317328656691968,-0.19146689023098207,-0.8077427416725853,-0.7861106261133198,-0.22271751209668578,-0.7489598103107834,0.1653187305645465,-0.028189243806138294,-0.3125198600757949,-0.4082244472693489,-0.7077507903634603,-0.8023234543139274,-0.2534544199552662,-0.98489321559338,-0.13514187002001501,0.16903171485348667,-0.39665373824087086,-0.2843144983305249,-0.04324117858767627,-0.5071441513742717,-0.840619462644324,-0.39694034451037424,0.03304653147374476,-0.8041728864787184,0.42738223791609464,-0.7473394923534171,-0.1240400238705867,0.12918461763702305,-0.6867602560254507,-0.350851369890022,-0.3620771276366136,-0.45057402231212107,-0.6610917150110582,-0.4099041397904159,-0.006123754317875736,-0.15335260549043697,-0.6676901610417026,0.254220306875765,-0.11912514327996587,-0.5144668819763117,-0.8587777428672266,-0.708661362653442,-0.35004076423167557,-0.7323593314322279,0.09205028129339803,-0.6130656241775639,0.15712249101175046,0.5401896609096729,-0.7545122475402796,-0.714098588866445,0.1306522032365603,-0.6275467528091841,-0.5547882237552009,-0.43259749102775397,-0.41361854068489506,-0.17545664061723198,-0.35023432694762263,0.08105008733263495,-0.6645094653389283,-0.02693972633230043,-1.1085500613969048,-0.29847392572086506,-0.5827393306778396,-0.673251902692629,-0.767717809802566,-1.1060730122751277,1,3,train
0.275800198801048,0.16233036754428382,-0.13674941608309996,0.9720900832863862,-0.2220315434592278,0.20527753060906662,-0.5530114280859354,0.8905972653871267,1.5143762481000078,1.183213603521796,0.2843952251569659,0.012798882330197702,0.7880114285127813,1.145615732499547,0.9738158536686587,0.1188563990231168,1.182811551571048,-0.32121948745907697,-0.045650166127593754,1.1462394112743428,-0.16390933873314203,0.514621087584628,-0.5205874087203546,-0.46557165009035056,0.26779863323684117,-0.1932220773250148,0.7120769142362836,0.30291597647475477,-0.1231808976573414,0.6494355720272899,-0.6854638162432578,-0.1674723512938787,0.5280954539331185,0.28781860393889497,0.5800730274688825,0.30531652144751414,0.4797427755386754,-0.3094169612440547,-0.1986318355152209,0.1202972856665553,-0.22164442193190834,0.33078786050174125,0.19029645589260796,0.006863434141222231,0.044452909163036174,-0.5483118244817405,0.15538049073929455,0.38652329350509596,0.49678256274217947,0.2545312095996013,0.14483032080560884,0.17495950821904777,-0.11219976483873748,-0.04530175883056239,-0.2071090520917703,-0.7445182151965659,-0.2082828888613682,0.05876080332468647,-0.4997713589122149,-0.1714064341754926,2.063325486859846,-0.8749109548319172,0.04382113643656167,-0.4102262645319209,0.25424152710152614,-0.058887332355000814,-0.17499458713546806,0.09261208446966734,-0.32963062511180335,-0.38859877773776336,-0.5422120670760673,0.4800448062354718,0.32379069266675536,-0.7402525193783295,0.06132392661856602,0.11737312787646904,0.3251010897828051,-0.09963979297782426,-0.019344958698728557,0.569317873465503,-0.5931665906432376,1.5171657582273028,-0.35670525897799166,-0.25638162352086546,0.7174721950187846,-0.24229613295075195,-0.32027282472413077,-0.1365380239244572,-0.04023216103037055,0.10219814881483974,-0.18425306218251275,-0.21145790114160765,-0.3506956660510596,0.6197757018319094,-0.25983142984771584,-0.05789646657556761,0.10009785163149361,0.10129911702616771,-0.651611399856856,0.7831282756900335,0.23186056918285175,-0.28629147510518127,-0.5550336959002251,0.001064216045110186,-0.5645366031776632,1.0248856058943485,-0.34775752096882623,-0.49716924892301595,-0.3517816817309158,1.7593187909909684,-0.028514158486127913,0.9781826727995838,0.04103355988521514,-0.3801615909177936,0.0012549018761887536,-0.0721717921337043,0.41607593962328926,0.04285247579802283,0.1747089131565988,-0.24770115607801219,0.036020803094123824,0.4109032722074265,-0.21405114407563747,0.7370165256021987,0.3693984130420751,-0.2966649914114474,0.43287812535324355,-0.219789082263326,-0.03346597254980596,0.8849807041927863,1.0540372223471475,-0.21724505082443407,-0.5853906951441362,-0.12606935535164573,0.2505219975296888,-0.4190768308782549,0.03706164763633939,0.03786541688105765,0.3256595896902522,-0.1267359549887183,-0.15116875608852512,-0.4413405792553031,0.050903599524728206,-0.04747083654615924,0.96830543789187,1.4479493324423276,0.6344404752081276,0.13253949606501622,-0.26803980849811465,0.8576602590219808,0.29387535895398953,-0.337232794881932,-0.41863937342587704,-0.5304875787569713,-0.4083368931049901,0.34698734117057195,0.3830758118155782,0.3956860975418146,0.0905319323435052,0.7759622918121364,0.33318914012233153,0.12870994181179163,-0.3653689936366593,0.4496846494865901,-0.21484413811876604,-0.3716953299950883,0.18999289438338035,1.1368325674015805,0.19017554819731566,0.937515387889096,-0.3579751566089739,-0.03319300757174605,0.263209868411911,1.2968222888304373,-0.12341466093646977,0.06755902558105424,0.8472626081028908,-0.7006794939649,0.11248950499232982,-0.28135449848902966,1.3981662165605977,-0.23427268955229716,-0.09310433912374691,-0.19613500428973693,0.3273126877198612,0.4473658075630573,-0.43094604277301696,0.2408372040614592,0.052665583824580954,0.39444133561667727,-0.21384326403713466,-0.2708544497710533,0.6821341162053621,0.4393406556264033,0.04388703351961678,-0.15548458241307606,0.3460637032095379,0.003441831351320172,0.06178264365576265,0.0581918341448656,-0.28992509787941073,0.017827343472257565,0.7170215879776052,-0.12560004567555635,0.9337687208938686,1.002149786167014,-0.04539045976364469,0.4393541088335763,0.14061003099861313,-0.14501349489355356,1,3,train
-1.073554519763037,0.07522297397850757,-0.6316086244053687,-0.7744037369872452,-0.9418977797040345,-1.2484187086100784,2.0948463064184333,-0.8286662106982879,0.05940808026178313,-1.107849292767715,-0.4867615290279861,-1.491436371567505,-0.5327755563429313,0.09164925859996377,0.4796331362243911,0.6872250869231116,0.07843390427634407,1.5126963074847382,0.8002353000957881,0.5923398208951594,-0.7208930164871551,-0.33604088680201427,-0.286323074796195,0.1447540638142381,0.05539103436312579,-1.4876185556949808,-1.0575762168523626,0.5133355952296288,-1.4224188550580932,-0.1724129998085938,-1.0355420239636708,-1.0951481946570412,-0.6763272529810916,0.12092262667230486,-0.929225263747923,-0.4271900380591155,-0.4579951592933734,0.15495391977690096,-0.42646384602023124,-0.7167921253824623,-1.2137377747846556,0.3036344185642773,1.7017980532532557,0.1998853213166377,0.5683922071432451,-0.7339097308372076,0.7487518141664407,-0.16157499496265046,-0.23807847609470997,-0.5200800418580163,-0.3818077182043164,-0.5152043576930992,-0.8640217126564219,0.2974605035407483,-0.9288695330251131,-0.2878344708591967,0.7453049526845112,-2.5063291004012354,0.13031165883571805,1.1656306209632492,-0.26631199056143523,-0.1468581435692605,-0.7139828935104752,-0.4530931645923646,-0.8185488255312622,0.796818006047516,1.3670912405157771,-0.3045746504999821,0.8282549791541651,-0.9028264116033125,0.22068664766802207,-0.6901743809450446,-0.3537036551063499,-0.4868349972874337,-1.022746820605196,-0.4469391411364251,-1.3584540838296466,0.00022117601104953787,-3.6709067792683148,-0.0239304808470604,-0.9050348895290262,-0.20846956817544957,0.4427508954318685,0.7762649062358047,-0.7593746601870837,-0.05029991176713618,1.4047808269446476,-0.614530806125985,-0.22195305644065746,-0.28763833819660534,-0.7235193930673389,-0.9726877104947403,0.14956686182167006,-1.3845817897813195,1.7967966257534254,-0.8594095014119622,-0.10531587473416323,0.08977567249673593,-0.009188146530137954,-0.16705988151296314,0.3241896737501858,0.5736122467310284,-0.711324000870589,1.208458250608968,-0.8548834934920189,-0.3430642668112027,-0.3852633484121659,-0.8541037617522486,-0.8802967358276312,-0.10052397974973827,0.5993126443259054,-0.4646988758446842,-0.436925878128945,-0.14710489536926596,1.3208412656830422,-0.6689082795397269,0.6617928893750687,-0.4366913158679663,-1.4368142450119228,-0.34945910336814684,-0.9849406637596058,-0.31616795757721794,0.7044283258652215,-0.9622545187198385,-0.7870585036788807,-1.3529103319345146,-0.2249379787503111,1.9071097305378246,-0.28100670987348536,-1.8470150243841783,-0.5918035761598945,-0.6009838528700945,0.7582469519558476,-1.0686582677867162,-0.7322452272023423,-0.6567875852779957,1.3759281910882988,0.7915782253028225,-0.968605311934871,-0.6208748468488766,-0.286792587929497,0.889670715195645,0.029738202784389947,-1.8304733682941994,-1.0703726498230095,-0.46961135914761143,-0.9196733794006406,-0.07705543472324491,-0.2176817013854159,-0.10353576517926259,0.1748414437785793,-1.1819518344891013,-0.47040498969420974,-0.9217295995173629,-0.054484105435888934,-0.30829135118029183,-0.2779363519464525,0.5473981099742535,-0.45602180775564544,-0.5933323025457927,-0.3728545139464186,-0.31362591021159253,1.318666292632075,-0.25219963535542367,-0.8313487170957972,-0.32120530096451644,0.6099304600064593,-0.42968542119203035,-1.2695579269951704,-1.0602411129698839,-1.5677539859132046,-1.9427538800268704,-0.7697153936523753,-0.4780728764955565,-0.5359597819467184,-0.09835998413754683,-1.00704454141334,-1.2305971954978383,-1.6477312631711207,0.9862771515292914,-0.18945692154291974,0.1503674651154683,-0.7101691233997964,-1.429671030325214,-0.11450599767382905,-0.3257501548530243,2.643454541797955,-0.727406677307578,-0.7131479780690843,-0.9655015188584392,0.5579360654323849,0.4982816065583892,-0.8028746003792417,-0.3903738952469899,-0.9725049545931501,-0.5557112051402112,-0.5186429303893317,-0.6522085366055358,0.3526163093700474,-0.8069390048391174,-1.711499783058691,-1.699723864734661,-0.8404591749594302,-0.09838340585672713,-1.3591828804508306,-0.49095523614824677,-0.6278073004964494,-0.7232897391898394,0.21862591916558557,-0.07340513869649508,1,3,train
-0.21111741602034617,1.4079660955348843,0.797146467915328,1.5697184374112696,0.7834337973827036,-1.0856434090966265,-0.6074413936077906,1.5020155978285956,-1.368222481082613,0.40341625512679125,2.5111673910874783,-0.5546671116551632,1.239335624342874,0.2878359527905112,0.6992698995329545,1.453287231483974,0.8218624351960587,1.1737324897152994,-1.159129973045846,0.7224112286623027,-0.4649815969785545,0.6755571367929116,2.5595547595417436,-1.6772476997538721,0.9568281612906009,0.38017285388273336,-0.24234275196882896,-1.1576437301767235,0.5800763453393959,4.5874599787409,-0.5487145163524715,-0.6331292452173485,0.18075257590917027,-0.07187100223910098,2.3673999512782573,0.13370069893453232,0.37612532417601807,-0.22498589196751734,0.43423486033202996,-1.1460687464332406,-0.6383236301300622,0.39640867851727923,0.10531243033819404,-1.2715568910640656,-1.1226670442687396,0.5091646187063853,-1.150036420800427,-1.636036587882926,-1.9189675189515032,2.426209182436136,1.0977943913949975,0.2836839528490435,1.9277757114054255,-0.6833146828484477,2.381684739024517,0.5126167074024558,-0.7585912908107525,-0.9915122281221478,-0.26234877251444305,1.6831933519846975,-1.6753385794693292,1.1406457752952273,0.23910140569214422,0.4629048051202752,-1.1148997516729164,-0.4451200921008838,0.17448662026424755,-0.914987948453338,-0.28637627782600567,-1.390547466403627,-0.22304015580558098,0.4228789264019408,3.7014436728689035,0.7398136468759456,-1.1106444487584741,-1.4896088302397195,-0.16796323851987827,1.9451324291753058,0.35803624837614867,0.021939237269890374,0.12966834509204817,-1.5382908510633788,-1.0471446650592344,1.32631783163383,0.7148302507339798,0.7842959068473568,1.3728944378195316,2.061599836331253,-1.7447741599788618,0.3709490603151541,1.5105839777412267,-0.38774269909707,-0.5548027774231333,0.9047554399759704,-0.37461997248591905,-0.5089644082583871,0.7605819871764518,-2.0996787880953023,-1.146277304918429,-1.6177482177774312,-0.6360330137500886,-1.2726516266231864,0.4930307021363325,-0.1960613406183768,-0.0771686087214234,0.4725067974384252,-0.7340675436352249,1.0523464597121235,-1.4656413656336709,-1.083889122899997,2.1836520467162717,-1.5546008181682516,1.4205332552314738,-0.7539317630239228,-1.7598287583716192,-0.43307230248105927,-0.9200099746520114,-1.686525922493497,-1.5721026089075518,1.7031440619699982,3.3257855296228076,0.8431067254682985,0.620342177208664,1.0212471139510286,-0.31663535111442415,-0.5885222565559791,1.858146350910945,-0.3721289421333809,-0.5912577673191636,-0.1431208536890492,-0.6617798005862143,-0.43747775460716093,-0.5623380884536954,0.07998496504113715,1.5853630476167517,-0.7262722673333045,0.007087023529205967,-0.4452838192867403,1.3474476699206128,-1.0020677062838559,-2.011152735621854,-0.5486801997755408,-1.4835876641497954,-0.033997265777282355,-0.10337130748392244,-1.1207966451994849,0.8970469714162574,1.3767306809570345,1.340901713752611,0.049145191733570286,-1.6297127102806397,-0.6668792493627785,0.6192612327541945,0.6565762796864896,-0.6027615017143864,-0.18821410389086654,3.0597670428519494,-0.43872997083659965,-0.7698494391674158,2.2044696253855434,3.236694504045506,1.1173039243459815,-0.30420548445014356,1.1043569869177061,0.5499923696346936,-0.9972106896516172,-0.7135091407450624,0.16105536911936502,-0.8133912159975186,1.1330789007743878,-0.39473639175357755,-0.12087692518448136,1.8072458171453132,-1.8247590683687755,-1.4292393001672568,1.1736857570383947,0.40098346204394714,0.3346981690302255,0.02708795828898182,1.130795417818025,0.6279882669026743,-0.7843081107272017,-1.2268679487875729,-0.5661958121003801,0.84919247717818,0.28326100422002115,-0.6230960793087027,1.2982288596741929,-0.41995078580122386,0.7277231055866353,-0.9770946451147259,1.5533785043436499,0.7731691333139968,0.9480508884569755,1.0478839973871061,-0.569394166600968,-0.04597370945104284,1.7285025082086791,0.43651063601839873,1.8989629258516616,0.02454445369055136,-0.9779308723286863,0.3423138730450548,-1.4115862771152368,1.2114969798455162,-1.489108317364526,2.1941409635303546,0.041994819002788654,1.1213811965262668,1.7130349053774898,1,3,train
0.42672669195601887,0.13910172926007683,0.26456933212947165,1.2668109154575615,0.8238610678964517,0.7822434437359558,-0.6394590203853525,1.2285601509797734,-0.23674932342136285,0.48178784793030927,0.33002580232767315,-0.4429753922040763,0.93402808010487,0.5055029419654251,0.6626637723148606,1.1028306492215265,0.13669235814739497,-0.6844914674589933,-0.5107973757918314,0.810099818168242,0.08899135819300444,0.16975812499544873,-0.9110279652606206,-0.4027440030707605,0.5346033001148007,0.03386502414340028,-0.29536606675800187,0.034734109434229075,-0.29601530483450567,0.9576287864657463,0.04751243117135692,-0.1711102957776558,0.052190601575631,-0.022953215798893527,0.659509779638188,-0.10907290364480778,0.24919394625676283,0.2159319142544002,0.6165004687360383,0.023710045930130194,-0.6482445636585896,0.1927578639862994,-0.010023032914224862,-0.43792613195864816,-0.024201205744715352,-0.228910776335123,-0.6239138473616908,0.012118124622198783,-0.2549718333093511,0.7248308979845834,0.4541256770495332,0.01896356592383647,1.3291913580473964,-0.4423629934587144,1.4630804905638988,0.5075982047174298,-0.6787755683906128,0.24457833965758793,-0.0728672852931444,-0.5404094924037475,-0.28036711863034186,0.10604441192197817,-0.17477617989431432,0.2485703048180565,0.04086886027953508,-0.3485619021644131,-0.6424257020325876,0.1051548234687089,-0.4460846370351047,0.6398564899933349,-0.40598015372890855,0.21439159995023963,0.06850296741891863,0.6562397832076713,0.11573674404678573,-0.5104709859921813,-0.06416022203510283,-0.10915036145295509,0.09227483494313653,0.03417116210107725,0.2258520260568241,-0.49038028981550313,-0.006530249195160309,-0.3368138909139729,0.004147238121495823,-0.02287188016947678,-0.6805890218379422,-0.6617011464748199,0.6793825847943656,-0.19017921644374405,0.93279862322177,-0.19943848309918977,0.1735794631595611,0.7622655709039399,-0.380997113743597,-0.1342310413218909,-0.054752495936463086,-0.10612288450360431,0.16426613186807593,-0.27630611349084777,0.050279996867094744,-0.6466922996982984,0.024159787225240918,-0.33686530966372463,0.09133628297887227,-0.2520842277714036,0.12481590481725363,0.5778335191273788,0.33585618435190756,-0.18175849157519441,-0.32026896685171985,-0.38419475510487533,0.04103355988521514,0.288227422730814,0.06012120806831604,-0.1293441502085328,-0.4336951782682813,-0.6481436964450953,0.5885321438961698,-0.8204530308253416,-0.12105019180644995,-0.06573231176250709,-0.4727777553265837,0.05547436214210104,-0.20883004531840282,-0.4182721852216689,0.3719692268251366,-0.07916767315250615,-0.22819801924443375,-0.11749838495679162,-0.35108536413335434,-0.41078288142137587,-0.5063531864911961,0.07998496504113715,0.7596359464243752,-0.3861630341152139,-0.15777340906002785,0.008876462710989774,0.29646564454081337,-0.5220470684768449,-0.12210650640831687,-0.20212656781020183,0.7317238613389421,-0.11034750013425133,-0.25041532603548466,-0.44343305619075224,0.5612550582320914,0.2574045612154697,-0.26803980849811465,-0.04107537371492187,-0.1965443715687006,-0.3578356982869849,-0.1391050455768802,0.30979357946705155,-0.35389800269435917,-0.3254452436502097,0.32595130383614346,-0.45390117207984354,-0.5265448709942455,0.31706356289218174,0.6505121307150282,-0.37757808158846734,-0.23896440798452673,0.41191509155787187,-0.42343591296061867,-0.29596028644923056,-0.3444730982278111,-0.2635395739169504,-0.7525689878644983,0.13720931977390227,-0.4047621831566513,-0.23129371032644436,0.905443191975198,-0.39429285995044844,0.5516591734439371,-0.04305364756467981,0.45633591426831227,0.4569868693839805,-0.36670806262090067,-0.4382600447453691,-0.10326372140069723,-0.5689096241132531,0.16710370243844266,-0.013094174619956454,0.2531820358081682,-0.20540663240146442,-0.25902232587266655,0.5132331809171986,-0.24490768593981466,0.23354668804497333,-0.7980077288842296,-0.5198375962110331,0.5683403448195687,0.5427149275384981,-0.331062449900032,-0.3880949272459409,-0.15162918236666034,-0.025203087637086157,0.7161583915129032,-0.48488299908595583,-0.3846967435580294,-0.5037602933758558,0.4368053837671762,-0.44199348356944596,1.0082811806126033,-0.4249616440017159,0.03087841223707974,0.18327812205373537,1.0990909427642745,0.8198148833404975,1,3,train
-1.2137005491212243,0.1768482664719132,-0.3464610927806468,-0.5356252849967096,-0.34070514399958546,-0.8986935601504837,2.1700877293457035,-0.5327733938516138,0.6198290133852746,-0.8818778668509046,-0.021329641886772457,0.1659246267389459,-0.41728965917464284,-1.2787935614026193,-1.365648458542252,-2.2422324981424735,-1.372961489989402,1.5667144457746884,0.9708491414784235,-1.3499624366613976,-1.03099744247993,-0.3896862365381088,0.8936750516366088,-0.3219655997598591,0.26779863323684117,-0.33515151574277424,-0.0965286362986034,0.492706220841896,-1.2585241585969893,-0.7545557381923448,0.868008230516075,0.12356320740828994,-0.8161665934842397,-0.3279700018378341,-0.3235200284569682,-0.8248364560770001,-1.0848807400374503,0.08459469537978646,0.6316892694363723,-0.35190699748930077,-0.6416306079729047,0.48013179115779314,2.1388587561045274,0.3845149525279047,-0.5553672526625825,-0.11668878644577088,-0.5724883326646714,0.3749437521994394,0.26027556173720356,-0.37484043220971297,-0.5044112828415477,-0.964283585512647,0.20385277373430186,-0.07245124495898303,-0.07587987374025344,-0.5789076265907068,-0.31750440375208566,0.054721291665275576,-0.47237644509708737,-2.59149142645171,-0.7582414729731688,-0.3384509886383807,-0.6294585978625364,-0.5839500174084561,-0.15175924171254018,-0.06554651786786087,-0.18373161732046095,0.1469639534655141,-1.4409346246084511,0.20514859332348925,1.4350968466484093,-0.5153140426307146,0.4907095899441871,-0.6917257598290091,0.11573674404678573,-0.3049267820470875,0.055862015775418786,-1.1315364725295203,-0.04060587177336953,-0.48262766201656815,-0.3046155477489098,-0.9289080790333643,1.0605124692940333,-1.1644878682817563,-0.6721904987885261,0.5531167833813705,-0.9771324407015215,-0.27175966625778414,-0.6653520412417576,-0.46188343466384213,-0.3142547669493905,0.2252476210662422,-0.2786578620373865,-0.5423083414888726,-1.3088711667357398,0.5007338304316163,-0.6077894515363084,-0.9819046687404196,-0.5359752142580467,0.1733818646506774,-0.27287186911857453,-1.620406808248124,-0.3228966252824788,-0.10453876073890071,-0.4867651147006037,0.07609377019358612,-0.46402558604317923,-0.14443396565648017,-0.8689308206857664,-1.1180931278791364,0.5402230628847728,-0.5018546238784423,-0.44551197581782215,-0.3449832217783932,1.5121567608074558,-0.747520271892616,-0.8739380465735528,-0.3611726085189916,-0.3226747776361548,-0.02092630211714065,-0.27812118670702374,-0.8796481606603174,-1.4138958037519005,-0.17068761138277438,0.47230347766555003,-0.8178386791695397,-0.3102104366896608,-4.004848677496228,-0.2480012782303281,-0.2840444317164659,-0.7765408086453788,-0.21390819167621092,1.4300657755058395,0.8472084984185202,-0.7474426585126314,0.03805923527509266,0.09701089585060622,1.2892219385556543,-0.8615608463869285,0.8050688125190087,-0.0446071739277615,-1.849023031220707,-0.45706592224338993,-2.08647121290286,-0.006172718949838947,-0.7706618431514927,-0.49778097565643215,0.8237568210050263,-0.2755935245650195,-0.10353576517926259,-1.3725994535017536,-0.6256734425526728,-0.4574635856271266,-0.6149602877847832,-0.5016607052375003,0.19946386592927798,-0.4003460119023841,0.03157726770396112,0.0834796260196452,-0.8301832594077049,-0.6029136821261237,-0.6866802432433623,-2.11464535637101,-0.30255904592704796,-0.6459338061252615,-0.3660853267694692,-0.7474434894822809,-0.09475649097083744,0.019873309424858945,-0.37125581372785615,-0.2109302160305591,-1.5790279995592278,-0.8499945590977861,-0.6021914195253463,-0.48140836098668555,-0.555364975818606,-0.5642249236184192,-0.4588196199319179,-1.8564905995570824,-1.5778898017650977,-0.2534067151968267,-0.06887742304515801,-0.5280234943062637,-0.0011567292067099005,-1.1464046722845955,-0.420566263451223,2.9097677503298702,-0.6976907525596792,0.24521299367213106,-0.4674942763745937,-0.12003583172592233,0.9346184077452844,-0.7858055346713728,-1.2663348309231623,-0.24429728018308847,-0.7062237812085356,-0.44079152929361354,-0.36257657794498294,0.7049724812931231,-0.39963287991600127,-1.229025950512996,0.3918952446461571,-0.3712599493047585,-0.13240420563026364,-0.6208321432379141,-0.4359605760261377,-0.3123315117661802,-0.7115161306022605,0.11274721379612299,-1.607331505654537,1,3,train
1.2496354284438365,0.3002504073567629,1.3900722876429243,-0.022592725291330388,0.15355084066849753,0.6952150657782686,-0.682682816535061,-0.16676379576165196,1.017743063462117,1.7422642988535577,0.1155620896253492,0.09386545289953498,0.5504025136492913,0.46254235199669214,0.8057604514401369,-0.3529120770994084,-1.8136993584051784,-0.09299285318403666,2.134615133225242,0.758948140956444,1.5401596429358926,0.7368661079198768,0.2776466179841891,-0.23221181830330195,0.5708680121176303,-0.039938283833834624,0.5828325844376746,1.1652238258819836,0.24930704884516772,-0.5662154404799548,-0.40102527247042224,0.1490288187947297,2.2828536299242335,-0.5409062486952078,0.3616219590032922,1.1047951092518928,0.782823820774448,0.5724186511997803,-0.4770931816880113,-0.047836057578332855,0.019764960595593486,0.9100612885009728,-1.3697674417848476,2.8882046484988733,-2.239199755136909,-0.19438093329224543,2.2321801227343063,0.6335535080257704,-0.178951725843466,0.15770480316739907,-0.20904814985185416,2.3872655989511355,0.012305780659732564,1.142488259287841,-0.12956453761132852,-0.5989816373308109,-0.1788770963907904,0.010286663411755666,-0.020360367147483318,0.10175167386360517,0.9881081895884856,-0.1621855711747901,0.37317442637508147,-0.4666300804009258,-1.3756885666775722,-0.008943441008550419,0.2836994975766587,0.2849340824549712,-0.3629031999470323,-0.250764566598544,-0.5266427055506777,-0.07816319684488948,0.14705303672594533,-0.6890298287429357,0.4254712432535749,0.0650527850540815,0.9122369017748162,-0.4848178162206232,0.033807323987873866,-0.3083227331721552,-0.20551720978520127,-1.4073020309073947,0.1652537178681154,0.005671892824420183,-1.6576357170207066,1.75211359322191,0.06874112260228507,0.10245836717630669,-0.298275832512978,0.04313201441916624,-0.3431440346753633,0.7060243427629576,-0.5427964767541879,-0.6879646520958371,-0.43839138506269865,-1.765015138175161,-0.007349328313619198,-0.23288077432735388,-0.27258168039409236,1.5275270191672476,0.9089406693433018,-0.1471894024552062,-0.9871304214065252,-0.14325985222637136,-0.44269460456360327,-1.727260575059575,0.21107930793693488,-0.37959082116750403,1.051908838289393,1.0239326839394707,0.07489260903585404,-0.25105332465057595,-0.03910335187763806,-0.32299674106626797,-0.11157218499205522,2.9079373725167317,2.028593422369342,0.507292525994217,0.5129298228956712,0.0953684947858704,0.21927029714479324,-2.424674523952687,0.07054812830040336,-0.5955053724632836,0.06558346034419689,-0.11946593757369603,1.0419671106343127,0.008720707541756266,0.44841332944029,1.4454722077109208,1.2303773079014733,-0.5509309656467475,-0.8653152049566329,-0.5206414582314427,-0.5346786201685835,0.3306263176132351,-0.15777340906002785,-0.010449506735722142,-0.06359301230226606,-1.3691423116656878,0.07164182479307156,0.23029876057132742,-0.5346723769579635,-0.2046624955163895,-2.2018639112197764,0.3091931538189508,-0.32988501906434914,-0.43827223033705665,0.23302335727323803,0.5800585191804665,0.04152345878211985,-0.3097622570085281,-0.26075424380746215,-0.050326916914672525,0.41602344739884994,0.5322493798456852,0.17905971188902553,0.8963357385688632,-0.03288342832404492,-0.6673482265651403,-0.17452764482598318,-0.8971894740255751,-0.2919727826128404,0.05310429123504869,1.8247198825571265,0.1808899877283924,1.6534116836759283,-1.6560000082223822,-0.022702250268255234,-0.9910417161027806,0.08650159559396177,-0.4716125956354226,-0.25325276262023216,-0.012628340133844885,0.3641386638938241,0.18981513800528663,-0.6956869976512864,-0.26859275271496574,0.1741683998336367,0.2141367002152001,-2.1635592473809186,0.11190344964869177,0.2749041767999212,0.8742559344313707,1.2020543802778387,0.8375705621787213,-0.2354249529647753,0.7682948683366636,-0.22740337595367374,-0.4291860269527594,-0.09445198655013716,0.022501930687932777,0.10178588213781577,1.4322777410978411,0.0036032047224644325,0.0531805798634645,0.5490334274948031,-0.38803872815689966,-0.5814071939815978,0.105553011461507,-0.45792937885514384,0.08105008733263495,-0.6221512019117704,1.395129704201526,-0.5090634536598121,0.35871226273833806,-0.3227318124935517,-0.16109992913294724,-0.5671055259446368,-0.438984641386741,1,3,train
1.0627740559662533,0.5238260508422553,0.2359037072571451,1.3841534690071962,1.3520237955760654,1.0417169409801712,0.8365535740602509,1.2860559115992694,-0.13043640927869504,0.8227042766256129,0.2843952251569659,-0.0268336632814783,1.1344691200176464,0.8019310127496829,0.8922840248647224,1.260086807929035,-0.059613301635493915,-0.2239868385371663,1.5042418876957153,0.9840155206883551,0.41716011968050404,0.6832207581837824,-0.19088204986413002,-0.6271284567121534,0.7185171967005788,-0.49411248677066477,0.08905296546350182,1.2271119490451818,0.03773389523174255,0.5809481910409663,0.747668846612183,0.2836327646944827,0.37246780079251834,0.39716424421700575,0.7885945019133095,-0.37696101683580374,0.46160972155021035,0.5395843464811269,0.6114375351692602,0.6461611464537587,-0.13896997586084608,0.4167737599703772,1.7139386283324578,1.181779269122012,0.4997380922354936,-0.04331286997965603,1.7614388728154367,-0.08437805292493968,-0.035358189519016335,0.6072559758883379,0.7494888100392267,1.5127428921446477,1.2382065363369759,0.13795727253627701,1.8925578015324995,1.08974451618045,-0.1746762688949936,-0.02202942986353154,0.5024259048245335,0.010698971183905913,-0.3963219251988219,0.512221243468513,0.08754059970273687,0.9705391479413193,0.12384711959919827,-0.27531086152295253,-0.3453666757428294,0.13024030146679202,0.7417462845825697,1.0904683341023214,-0.16465505008537004,0.6078273611574823,0.4514345552906738,1.3383103479842318,0.6807929250321443,1.6533489064479887,-0.04794100070935666,0.7515560855463856,-0.2638454590570997,0.47146247481600795,0.7359170008700298,-0.4476665441124647,0.13552187741485616,-0.09811167800539591,-0.19664052752366692,-0.10907426519069202,-0.11301129541087643,-0.06735485807949924,1.468051270875011,0.32369615279861536,1.3228037375224033,0.2653123478743018,0.8739470021813827,1.1359056720261533,1.120819652439562,0.07048440913415792,0.21386545392631895,0.2741507849676444,1.1471737094579544,-0.10100402031703287,0.46268333060118694,2.1100578673648442,-0.11374342304272718,-0.28054372204558553,0.7186929566938193,-0.33981497970263846,0.8786830364283811,1.2119171830946038,0.6484188507531908,-0.19030949281997928,-0.2685655830907289,-0.17054920391076697,0.3558571418107099,1.176481243500674,-0.20968269531226735,0.9676504703522392,1.7675191632580762,1.7911105509267862,1.296806519585051,0.07501690532784347,-0.1472286909565456,-0.22326441154918006,-0.0652833426063434,-0.17680009715371697,-0.15492739242039216,1.2668560718628292,0.4694234644701077,1.3270464179556927,1.7686305951665804,0.2540274116609433,-0.39866919674325185,1.2609835518384145,0.939374575952169,0.5052460092560295,0.8052282403552425,0.008802527041278414,0.12698551995773963,0.912365534344772,0.6954495615831446,0.5791767476686507,0.12976632415348807,0.2118976827678581,1.183252325132825,1.093291488552083,-0.3501061860704421,-0.3485367079721375,1.0348077563123255,-0.032460768598082966,0.19525477693871396,0.6182287584086746,0.0700915984242183,1.5857048562563398,0.37337455547961396,0.72326526049792,0.7932071881010787,0.29552566376081824,0.6278951317274415,0.6687677199202047,-0.2232956990682651,-0.14923675842970768,0.6505121307150282,-0.15374548176940547,0.7885825463489381,0.8557073972203111,1.5095145339072158,-0.1977852300008964,1.5007071143584452,-0.369029000758271,-0.4180467331328869,-0.2388743588516587,1.3096481467689576,0.6747734383384871,1.063325550684506,-0.2701743169206587,1.0903544554242617,0.45179252177149887,1.0064009082479406,1.1689788581102871,0.008109836799348931,-0.09554529897494353,-0.2534067151968267,-0.19965507563219825,0.6503472081967947,0.8105895588940557,0.5882525824490206,-0.055888922688920324,-0.4174618296827934,0.7014340376538912,-0.33242923587051926,0.9116027028114398,-0.26501095438870503,-0.1895035207362084,0.9666185446698456,0.6787337063702019,-0.039779380136007327,0.3131568476178429,0.2654318949318298,0.5222331419191237,0.8056456732711447,-0.11230840419504344,1.2307290350547895,-0.2297950699808872,0.8212880825675323,1.425748423997709,1.4045519891167833,-0.36171778486129047,0.7068979595162281,0.6895432913196278,1.3164209169436978,0.92157412635737,1,3,train
2.1929260106624042,0.1724928967936244,0.27211291762218914,1.8426080968290246,2.1305747793408294,1.3495395370897685,2.5398913186265433,2.3812800346194236,2.225154016939558,2.2778035163442643,-0.2951131049110158,0.47397759490242747,1.984020547462527,2.0449240825116917,1.9355586505803988,1.4465476818250806,1.5640244779881418,1.254759697150225,1.3048930835538992,1.7512906788653244,1.552202533265709,0.18508536777719004,0.38176409972826003,0.35118776116431955,1.436040427042276,0.465330516933389,3.7145221141732003,0.7856433371477011,2.78818489220627,-0.5833372857265356,2.3230207813540416,3.3358681865834763,1.6671094370635982,3.950897553255606,0.11338210847421229,3.7836762411618525,1.673933902493301,2.3501617209668733,2.7530584339163573,2.6244109084627616,1.7989190400448536,1.2494793127192725,3.589657478069165,0.7873432388070326,2.237771211742256,0.5307457706081837,2.4260147550538407,0.9307617348709568,0.08289531098347162,0.047046052959168,3.243356772546545,2.2596325552550534,2.9238200753931856,3.161731290089127,2.506948954723692,3.493607302307921,0.6024768178274192,0.1355115248534936,3.0341725232392354,1.9467669650048796,4.00996072440342,-0.0548935779360828,0.3848329499127282,2.9221111770088894,2.0471646302585342,0.547098549315264,0.16574959007925466,0.23894403945848555,4.907472653953238,1.7690367581723243,5.171743612741909,3.1332141702740564,0.34342820999351203,3.0340510011243755,2.4052606773726457,2.4830000569172768,3.0629056495687577,0.23323010365175506,0.7779392816003078,3.407124434300858,2.9743735760502696,3.205782505020755,2.692460156395153,2.182532290979813,2.936705394254794,2.249736452208016,2.50167261284864,2.4138050442692207,2.474785031448001,0.38276228719428884,2.560227371784906,2.749325409973998,4.075627180566853,3.8970426904886106,4.420990253287904,3.0301840572529652,0.20438482040175016,0.36633834120309866,2.464141378777726,1.842562664870915,2.4970012679014477,1.7053972923830985,2.724764321639616,0.571320290678769,3.401809309152373,2.7697527831933533,3.500340374717824,2.513678347530629,0.9240422929434134,4.068089127082881,0.7027194118478873,4.034242948576177,0.298616490551529,3.731310302249628,1.7623385621239969,2.3219207022497397,2.5456228374720444,2.013890737606262,2.6098994632779204,2.479411831297597,0.1058301341610455,1.1420137866019857,2.8162842902010703,3.640447266799924,0.8790234949869031,5.488362942703377,-0.11530196139971867,4.145333825551708,2.257110983485308,3.748291585022571,3.528396518061816,4.964897206366093,2.8165154064594997,2.5175637339429944,1.871581337293864,0.5427374523083883,0.6415499004635299,1.337536862172434,0.14076460374380603,-0.31027325767963426,-0.39335417009026064,4.137460947507981,2.9470353868276797,5.184765812034362,2.944676738084901,4.052690476649822,3.665177742921626,2.282002403297822,-0.10689386573747862,2.9743735253135277,2.755496724781473,4.525052408710556,0.23101911074169892,1.4279454910720346,3.0563096323144507,3.0573023514176,0.39939709980970245,0.21363168262288787,0.6088764471472158,0.30226037808831224,0.02379922429445225,0.3365544987866348,4.731590105239654,1.8754854612957033,1.5280560250042694,3.5553069279382776,2.8029377471492056,2.927515588032998,0.500368911675719,2.968367252467125,5.176261697887728,5.0394840039502,1.5235927659048616,3.3696019574279266,2.6416604889751967,0.2509431942174028,3.822456915162515,3.315824930987319,3.348259218974737,2.7700454668645187,2.824524657623828,0.5311612182365562,0.25260063038030495,3.341327986502325,1.4689247271599335,2.8031814288875325,2.7277308736118524,1.5631958553429575,0.7965987582355699,3.922631107367613,0.6730633687234183,1.2575569442169414,3.131545045284565,1.4377184922511093,2.9412239508532663,0.23447981921849154,3.1514945498373814,0.45539499761284224,2.4835322062381717,2.944066238638882,4.060954999184448,1.1031511130754026,4.460840409347173,2.1435872992193294,3.352036731765531,3.391667768472652,0.2839523966031199,3.6506058510957193,2.854448426521154,1.1363991949485455,1,3,train
-0.03683325130567742,-0.19045457639711,0.4275107787721699,-0.053975036124372204,0.050526506133461754,0.4437997516782834,-0.3657083114371983,-0.21304087138222183,0.7641108254360381,0.13825903280822185,-0.4913245867450568,0.03621811382800625,0.0008489340208842707,0.24773940215302706,-0.15931017521870255,0.3816988357199523,-0.23185568699338352,0.42963263477123315,0.042350657322397144,0.08374600176071106,-0.23014523554713276,0.17742174638631938,-0.57264614959239,-0.5104485408186291,-0.6776742154083554,-0.26134820776553935,-0.7493781996402951,0.04711173406686873,0.0436937023757827,0.8035321792465181,-0.4064952444660537,-0.4621458544798244,-0.1801231415183084,-0.6185992036296548,-0.48239353279557934,-0.36440376152997583,0.18184260287103557,-0.7972409170640485,-0.39102331105278515,-0.16946443354272003,0.21487665332330047,-0.5064432659033979,-0.13749907124584573,-0.07985654415497892,-0.020587831275886325,-0.39724376116915117,0.084175931928037,0.14335292608630706,-0.4830321557070064,-0.015199494032961981,-0.930737314421011,-0.00939933267529286,-0.4952937509878761,-0.43218193616055667,-0.5948316244939792,-0.5136670916853683,-0.1746762688949936,-0.017989918204120638,-0.3513822424136075,0.48513147462023365,0.06398351905787164,-0.5147164061019712,-0.4079466506472488,-0.41473856980144125,-0.13397818614404092,0.08095556341506029,-0.24052231352291475,0.11769756246775046,-0.016868421660650963,-0.11823167127237154,-0.30477930381387625,-0.5422156331406115,-0.2555160684725665,-0.5919763096442947,-0.3949066195103531,0.03515544629843149,-0.6383206569665171,-0.23278775162965598,-0.3382586548183431,-0.6599905720687778,-0.5173855086709899,-0.08602349716007275,0.49560750068210724,0.20286067740107078,-0.6721904987885261,0.059412214623501415,0.2058525958402841,0.19050966916079864,-0.38186744440171,-0.25219865755920123,-0.6657408576153933,-0.6882281501575171,-0.3386893653821141,-0.8431202873076037,-0.16417431098254648,-0.45691810729498483,-0.5129831162906207,-0.3365917750922399,-0.455672307592207,0.49349873044633935,-0.31595878458333043,-0.008087329805231106,-0.40793693828105915,-0.12917945532183658,-0.22752681977707187,-0.5152764835651082,-0.42651975859983954,-0.5643569219261656,0.2278799905041915,-0.3057480096245749,0.13767528931705736,-0.2882090726843339,-0.6115098644694467,-0.4681075137662946,-0.2587379504723734,0.1457978230265794,0.23178822730945473,-0.1421683572069651,-0.2669678042673664,0.08083164517299402,-0.662072507575093,-0.25355904612354024,0.43599946669236483,-0.9133546325522978,0.3987998600773537,0.009090238739966732,0.27451498918016554,-0.18463372998562105,-0.02026379989254306,-0.48261856439146217,-0.2839081886840873,0.009661371254739082,-0.33839848060369804,-0.5513303995665381,-0.6081328715016476,0.1441148026226693,0.23189670433270662,0.21179914190146493,-0.15117484775058268,0.36740293687144,-0.606477334411788,-0.31253303463101784,-0.41120756263932373,-0.18669773449122032,-0.6043178791595836,0.2273859570787657,-0.6527618586645088,-0.1617853003610526,-0.5122766279947036,-0.7871300495389917,0.508136406269728,-0.2788579019009487,-0.35134407227704445,-0.2526168253760114,-0.8555134929066014,-1.0047393854589586,-0.016795744040465042,-0.6056131845122825,0.05879655388613518,-0.7709705201922268,-0.380787588711236,-0.5001530767274774,0.05054286883164791,-0.6865495515356833,-0.18239652869892228,-0.28474027999799234,0.19847648156768496,-0.5668216760857471,0.14151776569089944,-0.8646776000845922,-0.09730458012905674,0.06098601504934002,-0.395079288240458,-0.26707135334491394,-0.4336758676466568,-0.485504340147616,-0.8306085999481764,-0.48871241335172466,0.41613944882645604,0.10265118050674837,-0.5481318511670069,-0.0958022338719016,-0.5354580097794691,-0.6616953754063525,-0.35172408379124664,0.46924644800879556,-0.20508547351177228,-0.24699922721654677,0.07016989381072188,-0.6015731493510136,0.037731213524752956,0.6363316679508532,-0.660632386147,-0.042165821437828176,0.29488627448648913,-0.37783270615037334,-0.6409808463968888,-0.5439943982048897,-0.5870001490914879,0.08660854053485044,-0.21669246258229627,0.09158721130936451,-0.8925924222543937,-0.14601252553967825,-0.8917865422151311,-0.14998834339117065,-0.5272710601318581,-0.6497046855174713,-0.42779143993218605,0.19795284268183175,1,3,train
1.364627042276195,-1.324302482644964,0.3596185093377123,1.3459489166887104,1.292034942555665,0.7806318071071098,2.2341229829008276,1.3603796997171544,1.9502591960849458,0.9990403604335284,-0.021329641886772457,0.23257936254040099,1.1397788164391771,1.5809497108493749,1.5212438470665177,1.0129699871029503,1.0169016068513161,0.6146447584143132,1.3138727594161432,1.545222493526367,0.9350044038626134,0.5912573014933346,0.0,0.369138517455631,1.0474899412976746,0.07360526690037292,0.8612049870808325,-0.9307206119116634,0.6992724882201988,0.22138944086276716,1.097747054332596,1.5205338891786995,0.7130442591147013,0.7597313672444257,0.7190873437651671,2.209833576164751,1.373443293541595,0.7178277149538169,1.5430173114564136,1.0969015985570758,0.5389604819218646,0.9010101411884848,3.261861950930711,1.097856709480527,1.6415644243854663,-0.034680409218936635,2.12537328451742,-2.0336008393771365,0.10823534680543333,0.033213709183139116,1.1368046165068437,1.6451030856072515,1.1089123160116419,0.4467826772470619,1.236411909774915,1.0320317353026505,-0.09486054647485391,0.006247151752344766,0.48187971946318786,0.9451872355281877,3.180708168337927,0.45857524684915935,-1.1132873246748753,0.898342263628993,0.7580381015423383,0.23078723745441146,0.2836994975766587,0.35182869044985954,3.4867337084889605,0.7193762271890385,4.0196108598630795,1.3139941120422767,0.05868420875554029,1.1280277232705096,1.0993530590953726,1.6047657309700576,0.7597762213128023,-1.3645454001702257,0.2836230526149053,0.8292462761282239,1.4062881106245286,1.9898645440075946,1.2752424281231278,0.9008051912315841,0.9446794035119951,1.951946394862,1.127369241556138,1.0741673783623071,1.1118783158708487,-1.8292644459236835,1.1590978870752238,1.1387233922900015,1.0860583139994202,1.7786933036177572,3.547321900986024,1.2085635235338867,-1.6538193504137304,0.4239555638502575,0.8131136177280611,1.6926666721570733,0.3795871364905863,1.0098869291332229,1.030853222181408,-0.13621965377410397,1.5534402663475915,1.4083014847049307,1.0212051807130718,0.9599634093327926,0.449515335770556,2.8538469503234305,-0.7929856183807802,1.9256542476604122,-1.6733239453272515,1.2996055354885754,1.149147872622671,1.0855684588815728,2.033712525489171,1.5418988166751697,1.4480111615860483,0.8454699348102916,-0.016336195206067435,0.6774960564617961,1.1216249865073722,1.3666025600092844,0.5801087834615714,2.941560855192166,0.8714221947556133,2.610216776091924,1.4913849693640593,1.089960454050847,1.154802985521048,2.772580745983494,2.5695231919190613,0.6674589848843905,1.0914465300323548,0.04537341233354622,0.19692630954105098,-2.6726017980202887,0.5300172057363244,0.12739261796793452,0.10070407447327982,2.742045880744891,1.1091734365416412,2.9930649669637233,0.5097274817310657,2.747047616676467,1.8958126619127513,1.2340277493565162,-1.5446178238050283,2.0131775011122843,1.9079752487325523,3.0450771807809214,-1.5238352807547813,0.8299676297962086,1.399811966962395,1.7913450871376588,0.04032876393896971,0.4411997012715463,0.46077801434615556,0.5243081501463549,0.2300591681797051,-1.5953340115564587,3.3696826340199033,0.994195776292278,1.2499336585484657,1.855475950575692,2.162426914734206,1.4981338543331035,0.3483133413431683,1.4279285048168275,2.8770135361161517,1.9088433899251325,1.0793813837735882,2.1191076364027945,0.6471241601239947,-1.9554885490580292,2.1065308962071967,1.7668347265064226,1.2179650817634458,1.114279044527884,1.6317219846879105,0.16190666975550128,-1.4350343820373244,1.725793707242958,1.3236286494130152,1.5778655639261956,1.1871595280538105,0.7757238495236384,0.13143497876221508,1.5819970676935395,-0.009172502630853212,0.5870280745964018,1.4730008273366262,1.3751498539885254,1.1036616064908555,-1.2227555763521032,0.635226050136491,-1.7629948396004036,1.2530820820623518,1.0622487932576634,2.3895277935797177,0.45511798850653445,1.867211356422738,1.2148194654017825,2.0548425466621043,1.7720750278765407,-2.111583537601452,1.5195826967439399,1.8513870072315088,0.8537346310127882,1,3,train
-1.328692162953583,0.08538550322784813,0.3415139041551903,-0.6898079425677411,-0.49198138205103037,-1.2806514411869998,-0.5193929199694953,-0.5972808325954385,-0.4478563957903746,-1.3194525933372139,0.4669175338397948,-0.2754378130274459,-0.7172875069911163,-1.4749802555931668,-1.2957640338531635,-1.6334265122891196,-0.3015125340131183,0.374264043024034,-0.7155339854509939,-1.3499624366613976,-1.4886272750129568,-1.0181031905895024,-0.04338228406002955,0.0011480134837466554,-0.15442622793895894,0.028187846606689902,0.40719285419853934,-0.060161012749341554,-0.5433473013121718,-1.4394295480555812,0.6218594907126594,0.4327884885293441,-1.616859591526458,-0.15819650772182,-1.0682395800442077,0.16718671308340682,-1.8127933358601178,0.38010343784766737,0.3886684582310279,-0.001331090297831873,-0.51596544994489,0.24027638737686136,0.3359833568430318,-0.5917841579680373,0.09865352619547159,-0.3670301485066333,0.12768982897936104,-0.23491208989847567,-0.06069822534097804,-0.5062476980819873,-0.5991504009703174,0.6098572867390308,-0.030792292782045528,0.6300417086139013,-0.0878097990449368,-0.6240741507559411,0.2916155831384541,-0.3492298742758145,-0.3285531475676679,-0.6745924226685674,-0.32604628485428855,-0.5453712613130305,-0.6527756449378299,-0.5252900489046909,-0.6763003809832682,0.23078723745441146,0.4191234654440485,0.12187847546743098,-0.1266679186169066,0.04610911893208231,-0.41376483449160334,-0.3673552948262815,0.35324696865689037,-0.5758007231278546,-0.01401689751281512,0.3640261726105817,0.4743179259796698,-0.5228600901211465,0.16668803070437993,-0.21352531573045694,-0.3803966297211575,-0.6014360286434031,-0.10233284621121794,0.09388792802976387,-0.7408810501934502,0.020229312341130845,-0.5275343540373851,-0.2466021514050722,-0.1856088773586001,-0.6745215184882667,-0.3286994008123769,0.21723467570463026,-0.06254444999636732,-0.3079916679037558,-0.27577428299191076,-0.7136798587144358,-0.5856679733123146,-1.0510453359170102,-0.31433919186032905,-0.4134990559747029,0.4596056937822758,0.6811002119605546,-0.6308804615476076,0.4516369169902233,-0.3027059253048961,-0.6452479679076785,-0.2539929523604771,-0.18222703172075186,-1.4912146747028667,-0.044942471658636685,0.11920979511670345,-0.22009020128911094,-0.3625130314920099,-0.26143459507231726,-0.41080924146870224,0.6031766876252074,0.42119504274311803,0.30339201615198547,-0.2709468737937084,-0.1459432087878775,0.07965163501094988,-0.3787768690308957,-0.5859706477488726,-0.6168990726615827,0.5262061305635607,0.029937186250290425,-1.1507532363775361,-0.3311143644760584,0.11175792668008598,0.03943923602828606,-0.12716144596913093,-0.14049729041530196,-0.41414275972943243,0.7507575399367921,-0.7930349524434989,-0.002168738546401929,0.4417190730826405,-0.08775338452256981,-0.744785065789173,-0.22556373336074997,-0.5871025012916491,-0.1929260289084672,-0.22777412422305884,0.34775390600756256,-0.7463773547093979,0.008142669815069597,-0.26961467567231934,-0.536380495812413,-0.14214454071636776,-0.14170600440747083,0.04628481538913626,-0.03849069550866475,-0.4393456199332101,-0.7705679096781207,-0.27612815925060064,0.1960330874352944,-0.3269002159288251,-0.8938660081339166,-0.3008710686307252,-0.15663835083164243,-0.475984485889045,-0.4015601458547954,-0.026930909471272062,-0.44419488815974134,-0.04333534547102054,-0.18937022516246776,0.4063243675831483,-0.7039579309794639,0.31182000446335617,-0.7473394923534171,-0.010414387969084353,0.06098601504934002,-1.0292846952592036,-0.26707135334491394,-0.3007067790565766,-0.5873844338344764,-0.1767577580478636,-0.47512477997908525,-0.40940883597257466,-0.5745201243890323,-0.7761267676722405,0.11190344964869177,-0.6469757418775504,0.20575899128956368,-1.4547881842372383,0.2066787626599376,-0.1275512482429868,-0.9799920376647181,0.5865470384018789,-0.1763515807686533,0.0931628780722875,0.4982816065583892,-0.4330448433754132,-1.4839648770538885,-0.08006320893315969,-0.6412297142699409,-0.36015972101590543,-0.3275661214035974,-0.17312147095962116,-0.19440111154388853,0.15377851597957684,0.3866266826577923,-0.17901859990458047,-0.013331406422885824,-0.31939537437576015,-0.2462289986048615,-0.2499297074019511,-0.46721375240999846,-0.14916326790728449,-1.686477583556549,1,3,train
1.3215051870890606,1.6983240740874717,1.3176538669128361,0.3280704870604847,1.1981393465237336,0.47603248425520456,-0.6042396309300344,0.1754060967055921,0.30544653870624283,0.32635085553666515,0.16119266679605643,-0.2376067467617552,0.4468634334294465,1.178552184808909,0.9837993429099571,0.031242253457504976,1.0713605963394723,-1.5514825870126967,-0.5808388475173344,1.1579312232084682,1.6304813204095163,-0.18276845898460123,-0.676763631336461,-0.483522406381662,0.05021036121986444,0.09631397704721444,-0.31856376697826505,-0.6212799960956723,-0.2036382941018834,-0.44636252375388835,-0.15487653266700685,0.9275489383230308,0.14466500416642242,-0.35099013663322587,0.2921148008551498,0.6234336558618219,1.76200873615156,0.28160052369170707,-0.1885059683816649,0.5102235497876789,-0.859891145600509,0.4982340857827691,-0.003952745374623867,-0.7484396026321426,-0.5698207505378985,-0.44903852573346753,-0.67533936205871,0.7493489210823365,-0.3056519049532745,0.24069886582357242,-0.2759228214721621,-0.3544812656313664,-0.5575465237371111,-0.3303713631789792,-0.4755323714471457,-0.1949921711862151,-0.22088537134875869,0.5031070858598856,-0.264631681999037,-0.3726808295727225,0.29940691421205845,0.4279203916381001,0.14874784827538215,0.10868884146292433,0.6335707125628436,-0.27864045427938255,-0.23178528333792187,-0.49689664848528603,-0.565865906441929,0.05141043474512921,-0.37094909029678197,0.026080466380961117,1.0798351097468875,-0.06896567894606274,0.3375736151002969,-0.21897193312459368,-0.2004016811713706,0.29504879874010553,-0.12033429580327316,-0.4214680378606338,0.6455626339031191,0.173106560105027,-0.6044705960884855,-1.5095682412908948,0.23928027946912064,-0.24229613295075195,-2.160117477243327,-0.862961265296516,-0.28737257878836076,1.8003495126904527,-0.5405540308028444,0.4215647824257343,0.01749755446326943,-0.3364896417181619,-0.4256371025473427,1.1565172225704845,1.250414719279172,0.43547900837968934,0.24456903853391568,0.5087423907223233,-0.23594022729164088,-0.41907072627106656,0.8998451724268384,-0.34038540888985835,1.058295123043646,0.9014126957689069,0.32359679026695387,-0.40478619854368514,0.6654677234659881,0.29709757813275767,-2.4770386894530576,-0.10552664485169051,0.8223684495730339,0.17389772302776269,0.4084135197050692,-0.20080959780206845,-0.5975064781028009,-0.3422929316817479,0.6840298125283786,-0.9978025961024335,0.48105528864574953,1.5782565244727724,-1.9151786130506085,-0.21653125466484374,-0.17452835711057785,-0.42869565897683076,0.20142431094643726,-0.28424056143911847,-0.39322517746022007,-0.19116298256203215,-0.22792720914303147,-0.3273614027157975,-0.6644282037970765,-0.3671967515559661,0.012428907001825596,-0.5251323982258316,-0.11780724358384995,-0.271350094266333,0.40351011008875587,-0.6773478630614661,0.26539015599446,-0.41067211624952094,-0.10430930990441901,-0.3169422519236968,-0.17315490950839266,0.2208413813395509,-0.07158354738422143,-0.11273116762337447,2.2549013578480936,1.1248519336194382,-0.1298853790704709,-0.3647033327553359,1.369862668645019,1.4234995590179391,1.0731786244986092,0.6523266271351106,-0.26161506395232825,1.1390749584607656,-0.6111725468805655,0.45769381852894203,-0.1348622710018961,1.7435022690778805,-0.28381764805463827,0.13808579657466472,-0.6412984333509981,0.1696699812771542,-0.6541240304549301,1.049803790257491,-0.4545400700126991,0.046949236903767635,-0.4949943057843149,-0.039688112580096815,0.32743320076823973,-0.03124612158831335,-0.16773769046649648,1.913044151223038,0.17265459661844113,1.0901705845489784,-1.6951765668952028,-1.8793136143101707,1.2869491841190204,-0.3265863266725608,0.851079125973341,1.2443167422420138,1.388863623095305,-0.012127641797444008,0.03088825556714004,0.580094011599971,-0.25365984093288513,-0.2338139549014047,-0.4142500512474519,-2.255324082287724,0.23549356351612302,1.9790732320012903,-1.4187258274231453,1.3359582168094104,-0.3017711701941168,0.03526951911621609,-0.346503079366214,-0.3933180562737824,-0.2640782854216056,-0.6723542770035289,-0.12036869669774651,-0.34673524420354374,0.005749904396900285,-0.05649742118358526,0.4122227722407019,0.24508956713852456,-0.2216065926337589,-0.04325425187668099,1,3,train
-0.19494672032517074,0.7241730560435407,0.2389211414542321,-0.14675752032640887,-0.008158241386495324,0.018327681662923787,-0.4153356329424192,-0.2607202826276575,-0.7652763823020542,-0.37115632041464547,0.14750349364484425,0.2307778831944157,-0.22348573978877947,-0.617200475884131,-0.6351898290539233,-0.7482989904211438,-0.6548627216223183,0.6024906772990744,0.5721515331947913,-0.5432274132067554,-0.6486356745082561,-0.22108656593895448,0.0867645681200591,-0.34889173419682623,-0.537796040540299,-0.07400134905409689,-0.3914708248133778,0.6536153410662114,-0.11126128336926111,-0.891530500164992,-0.24786605659274152,-0.6804225235064509,-0.6876046191507004,-0.6243542373285028,0.06373413836839632,-0.05884388242149603,-0.7325814054044153,-0.7315723076267417,-0.7504915942940237,-0.7704517030138096,0.09582545098097078,-0.28695294357556417,-0.1982019466418557,0.32856657943358136,0.011932538943574923,-0.42745737383166904,-0.3034933327110318,-0.3622870442606984,-0.3056519049532745,-0.022115665920976423,-0.7942015265295489,-0.16539527497050419,-0.7586708664654088,-0.6018662244631857,-0.7916753920212546,-0.5161763430278813,0.09417669083600327,0.07895836162174098,-0.5317320916965304,-0.3630963345538068,-0.5122767317673019,-0.30779613342732143,-0.7751901420831204,-0.5455954226175327,-0.5903586124021885,-0.12880878024003137,0.05653671276684352,0.2096776484607219,-0.17990403835327295,-0.29317509310291917,-0.29699462305118146,-0.7406148631511014,0.31397193400337703,-0.6378071381075419,-0.3028233900164428,-0.05827373731297482,-0.6188575913756216,-0.5799235009719316,-0.003399273892747831,-0.6844544217311516,-0.47949496768486605,-0.3052873917690033,-0.4062583264000904,-0.12405757071284994,-0.627277445946845,-0.4734752564167383,-0.05242715607315593,0.19050966916079864,-0.5563195039955854,-0.5120896489001646,-0.7427789048846541,-0.3596973903314282,-0.4027229689498235,-0.7766250150739895,-0.13866574595183465,-0.5957082431973908,-0.6457119856345835,-0.15221666262133143,-0.6965810275897263,-0.6650194505284374,-0.5991013719231549,0.09307781394020531,-0.5297514406844309,-0.1995814398445105,-0.6500852405024287,-0.5542679288678793,-0.490279665253517,-0.6819353496816776,-0.36598907565824684,-0.22451349779911872,0.7876606851695153,-0.37800213043258235,-0.49989059451404394,-0.7231506900269474,0.4427521983171434,-0.2651285006362505,-0.22381195035530296,-0.11573680963482397,-0.41419337674202145,0.06629479556011764,0.4461506231122887,-0.6514285802001374,-0.17847623502863236,-0.7727674598206185,-0.0814237748321958,-0.13336390258057848,0.34760566741389387,-0.10260457467097614,-0.040067058878437416,-0.7036123572071837,-0.35388441311040714,-0.17052902274931017,-0.39109015303899153,-0.38911742393817705,-0.5194811888582943,0.15874315673957642,-0.267680364119517,0.04269690924273563,-0.540427449743101,-1.0303042143901506,-0.15116875608852512,-0.20519341411078007,-0.1431125372617058,0.3657186670327317,-0.39496707308617296,-0.4368884804515374,-0.7646924963925641,-0.39813703082441093,0.396687205389509,-0.7003795058385184,0.07961431163825113,-0.2548211812617203,-0.3435792298367945,-0.4393459716480165,-0.7583011886019033,-0.8263389037718124,-0.21265119996995563,-0.12013474472847784,0.26683959044000544,-0.6525450417612708,0.07933074764817417,-0.5321291624159148,0.02199989787794055,-0.6456325304462386,0.4155665591810552,-0.4193803574128506,-0.09420727629082463,-0.5668216760857471,-0.047031141521463336,-0.8285735669365383,-0.21761407696594157,0.23310629777063524,-0.5904252574909578,-0.5246173301317276,-0.6416531600567821,-0.4360197232139982,-0.7752561477238112,-0.5811083202856729,0.1978910516956778,-0.5001964445833978,-0.7677854902391222,-0.13041984779200047,-0.03734547307470629,-0.434883912554668,-0.8291254821025494,-0.25646146010818677,-0.275877592235446,-0.5590164370694846,0.148939288748356,-0.7011745978477827,-0.10724390913802974,0.5204682235678924,-0.8825302403492972,-0.7277004667496153,0.2360099093214203,-0.48045491710604904,-0.7382950977665365,-0.2639107458738056,-0.4471762713442356,-0.06494722687840204,-0.1779222438955886,0.17061564113483624,-0.5797929384846126,-0.06436260608319061,-0.9561382119722202,-0.4249616440017159,-0.32619857940267555,-0.9705355195289961,-0.78443550012406,-1.151299342504849,1,3,train
-0.4608648273125004,0.8606413059632568,1.1019073218211155,0.416759626371255,0.22397253769244602,-1.259700165012001,-0.49698058122520206,0.4558732216787429,-0.3840686473047739,-0.4103421168164045,-0.044144930472126066,-0.282643730411387,0.17075921950986037,-0.4310379193529546,-0.08443400590896502,-1.0717973740480182,0.9497777360868443,0.8388200323176072,-0.9543933633866835,-0.11793775410294946,-0.7690645778064211,-0.4356679648833327,0.2516172475481714,-0.3040148434685477,-0.0300900725006865,0.24959777053839463,-0.44449413960255074,-0.5263848739121016,-0.18575887266976293,-0.37787514276756473,-0.5104247123830513,-0.5640083000255834,-0.8003782808467875,-0.8804532369272359,-0.5816894730072113,0.06254291886817402,-0.6030595912010936,-0.3610137258019387,-0.6593587900920196,-0.6023183597689215,-0.6317096744443772,-0.038046392482144385,-0.21641280926065867,-1.2044188433508776,-1.0034256867973819,-0.2548081586172812,-0.40238855328222284,-0.09595759423059629,-0.5674989417802121,-0.12585824424119307,-0.42639083261785504,0.03314501522340114,-0.7730368909460016,-0.5068430230137134,-1.13167826320473,-0.19248291984370208,-0.35951267871005393,-0.32499280431934907,-0.5636928244808458,-0.44456454221459035,-0.5684972440429287,-0.0012475813167291433,-0.7168975243948869,-0.42150702770572185,-1.2897467980964925,-0.11882000197074129,0.18759216554173688,-0.3296601284980652,-0.17657678086975007,-0.054615881515808755,-0.23471717694962316,-0.5993815129741424,-0.29479110312607987,-0.31159947669266524,-0.7967243482110525,-0.562791328814569,-0.6156137471104723,-0.7511137335242867,0.16668803070437993,-1.0116584109654005,-0.34250608873503363,-0.5786553642684492,-0.26750973761821384,0.9189673161268018,-0.31552802033988175,-0.14825716747306258,0.3302095134282367,0.6622130726491484,-0.9270301306325708,-0.39395738010881765,-0.8631508537428743,-0.6441569506686515,-0.5668090780920788,-0.6626331198163651,-0.2725857123630718,-0.8143027072436801,-0.2759672781764012,-1.0395218913875786,-0.7897323993221004,-0.4744736970786385,-0.0482043813380616,0.4598014600174124,-0.00801762850395164,-0.14677995145250505,-0.5360203907360748,-0.39830214765679506,-0.719065212657889,-0.698732267932465,-1.8634483955989405,-0.3698805189604613,1.0868016912152487,-0.5823587446182512,0.09255014601847791,-0.8154939090178736,-1.0239999309700283,0.12078491636884192,-0.0036905162026672276,-0.5046581524820435,-1.1065514743255345,0.4268086659594518,0.14946096607787154,1.2167405518854075,-0.0523470120437961,0.00963071886003169,0.43800178945772505,-0.14031288508401973,-0.24930153816155387,-0.04987154625441868,-0.23809964873738093,-0.7196264001648448,-0.3734777559497767,-0.010359783634599723,-0.5985636132529596,-0.04715493477568633,0.3442394906098052,-0.3532492373521729,0.37677405418385146,-0.2037092012028413,-0.17063747785020858,-1.1008954846558876,-0.4030415866503301,-0.2726640327235009,-0.8909565554203243,-0.0070501242395286,-0.9906199617950436,-0.6234088890191595,-0.7560824473365598,-1.0982732889894533,0.8599817908263376,-0.6066889186420074,-0.16321487531958576,-0.028189243806138294,-0.04333865548046462,-0.0036446303466712514,-0.4549987991712452,-0.7405694414222229,0.17089906789196344,-0.08979234224199005,-0.5970679342328455,-0.05301605720455589,-0.02379922429445225,0.7602376341584304,-0.07586171682048468,-0.29311665644486845,0.29041149427594365,-0.2707152719339446,0.01607935710513551,-0.6802228099401668,0.275326667583544,-0.022250159963335587,-0.27442689491669275,-0.016955245050869146,0.3809526443985136,-0.5866766016466225,-0.8871345543769301,0.020985268467060954,-0.8548252977963361,-0.3446834996017466,-0.006123754317875736,0.19349123360252385,-0.25618714100786616,-0.268890303472396,-1.0521568351672455,-0.7731115325966537,-0.17974097135611888,-0.08870988335752757,-0.28261969878055776,0.04768369320011674,0.19707614121024353,-0.5862498495822799,-0.45688979320709383,1.3068605375713926,-0.48425204049902026,-0.012241690094853342,0.3816514442034326,-0.6583334160958869,-0.7911228342243453,-0.012472012531127789,-0.5198846877728068,0.5665351373434833,-0.08315059821696989,0.13900426920464756,-0.5309180191455843,-0.31271444443000723,-0.7529224127393074,-0.34796911983076323,0.16954908860203324,-0.7733275756870497,-0.9906203474224873,-1.384968715358408,1,3,train
-0.05300394700085287,-0.6114736452983618,0.16952015492123101,0.05790972423690731,-0.04467319539891306,-0.07998215269668581,-0.512989394613983,0.00011414359737280786,0.703360588783085,0.3119827301893535,0.28895828287403663,-0.07727508496906593,-0.009770458822176734,0.07160098328122169,-0.1759493239541998,-0.0765905410847865,-0.5218814682210065,-0.652080584485023,2.0807370780517784,0.0691312368430545,-0.1940165645576833,0.2693852030767672,-0.3470582724802364,-0.5283992971099406,-0.5792414256863897,-0.6360419251884242,-0.6433315700619492,-0.46862262562644996,0.019854473799622113,0.27275497660250986,-0.4994847683917884,-0.37483518686917383,-0.044794747483003904,-0.609966653081383,-0.4724639387744161,-0.2513884637775244,-0.1134671335125378,-0.7315723076267417,-0.6897363914926876,-0.6273594959968836,-0.340695624274238,-0.3480481879348581,-0.6291923619535263,1.3803959936068597,0.001092415537087841,-0.5396793637210212,0.9663212994230609,-0.5359801638455477,0.47144252692021776,0.3513576160318035,-0.8694355321023953,0.10405226172122446,-0.43782965306550525,-0.4118198215642412,-0.3562331184003122,-0.5563243645080896,-0.11166385645804121,0.11935347821584999,-0.43356698385899006,0.03945245624065304,0.12723159536795167,-0.3461147024411455,-0.35256866384342683,-0.5072408278266093,-0.3117887418290335,-0.18541185709934183,-0.05704467963806405,-0.053719870519150864,-0.2797217628589599,-0.28257246147682535,-0.21914781542423356,-0.6767235856900962,-0.3046098617894582,-0.6917257598290091,-0.4911754503448957,0.24817398493243784,-0.5247861076862939,-0.6132104906348895,0.09227483494313653,-0.6447006660297943,-0.3978845717147531,-0.4191907136437724,-0.34018756983729204,-0.0877333209224143,-0.80164576874396,1.1682883492145886,-0.5243457151248736,-0.2466021514050722,-0.3927706981263272,-0.4677900481034095,-0.7138896371586813,-0.38774269909707,-0.6388468821057519,-0.6024707306526189,-0.28533999487842765,-0.20015635587553374,-0.6330711409351585,-0.03698221732701364,-0.5006419353250773,0.3486839578244923,-0.32826933185897494,0.40289606666060435,-0.4952756381174389,-0.12917945532183658,-0.6630471552486054,-0.4535400285023874,-0.5202843272081887,-0.5601576923634688,-0.45975787557863185,-0.05776897352581398,0.24477515567911007,-0.3315574453903849,-0.5657173434621019,-0.8154939090178736,-1.3673867170907708,0.5745905085877931,0.04238141187579142,0.450653495482486,-0.5892724359010707,-0.15466531855560334,0.14073479969450634,-0.5767018149167156,-0.3401803670604737,-0.6657989588291233,0.15868804262257893,-0.03955263878412188,-0.2980286569840394,-0.6182164080773156,0.19757204895229485,-0.6203393338273466,-0.25311864993650657,-0.12381299467418629,-0.44707505500149086,-0.6346289546189396,-0.31684877138777245,0.019773792628958755,0.1219897492732174,0.12483227939126129,0.2380777542419356,-0.49381056037055016,0.749760983997931,-0.2113271067119365,-0.4288453932562723,0.02438820755451745,-0.624256051166575,-0.3059969656672412,-0.6785920058325215,-0.4605695633996376,-0.8370864188716107,-0.6101589403900263,-0.0822718130003068,-0.20331392274908805,-0.5247588867759592,-0.4393459716480165,-0.6144269782309502,-0.8434927962417303,-0.33506085992588724,-0.24150435467442902,-0.23740031171598514,-0.37128453048775023,0.19832686912043543,-0.47084166484640977,-0.21042143703081936,-0.4977017618920922,0.45728491414942574,-0.3773053332207074,0.9450321537864921,-0.5984685041381433,-0.19300448904071196,-0.777426186643462,0.10655317840010924,-0.17608531775546285,-0.24254887389417737,-0.18639430037555058,-0.32116356191658896,-0.5670084150971043,-0.7510394498756515,-0.46968972663002945,0.02708795828898182,-0.13270713887776076,-0.8011505999715954,-0.1534982570720664,-0.4796991437304285,-0.2916345675957094,-0.5088810658440358,0.07904169339313166,-0.31633023150611667,-0.24947555427887166,-0.13988182602296914,-0.739482847269617,-0.10297993494206555,-0.5124420572078654,-0.5980458118848136,-0.10473445970041192,0.015998228967742077,-0.31283863921177874,-0.6938085828546976,-0.6522085366055358,-0.6876733410695095,-0.08073428598394917,-0.10899741067477499,-0.029589714423025472,-0.5374346750574547,0.3881140309048451,-0.6885707429822183,-0.2159819355377015,-0.5827393306778396,-0.7644973692463655,-0.9181770226960129,-0.37114514604215926,1,3,train
-0.7519373498256585,-0.88731372492332,-0.32081290210540725,-0.3746203859402342,-0.6223919320953795,-0.036467963717842215,-0.46496295444764013,-0.5089336882288961,0.5074410755773116,-0.09685574560233227,0.3208996868935317,0.596478190429426,-0.3973782975939034,-0.7704265801059454,-0.8514987626153874,-0.0743440245318221,-0.14700098244207027,-0.8343918012136056,0.7086426063008996,-0.7434496925786502,-0.9406757650063061,-0.5276314215737806,-0.6073519768404136,-0.07065501168149907,-0.4445439239615946,0.12469986473076632,-0.7195525850713852,-0.0807903871370743,-0.09338186193714067,0.27275497660250986,-0.26974594457526735,-0.5167150217364811,-0.33800626789283034,-0.7308223607571895,-0.5816894730072113,-0.7369356689362045,-0.8517414744714712,-0.7315723076267417,-0.5429113180561254,-0.7311013460841549,-0.23487233330327828,-0.19417868362256224,-0.24069395941906266,0.14673436687703054,0.4419241007342292,0.4055750895777525,0.17515953485353275,-0.21561285438904798,0.3869757408470121,-0.3471757446576552,-0.7774828586244719,-0.24102967123484906,-0.8209236392146438,-0.5000556514816082,-0.6306214004080293,-0.47602832154767305,-0.006643169063120559,-0.19976794287761115,-0.45183025973574176,-0.4110188096483854,-0.4595700015089019,-0.20816785399137896,-0.3263369858837217,-0.5997430858517775,-0.24955504733928607,-0.2886292325486726,0.218171771189212,-0.17078543451020542,-0.10004985874872341,-0.6960750948944834,-0.17633207122941222,-0.6363711999252508,-0.7660915189682399,-0.5461454811810477,-0.4535050382792051,-0.3834072962806688,-0.5734437716635323,-0.4943283846957541,0.09227483494313653,-0.6813964405233548,-0.2842129487563816,-0.23979298169101107,-0.42607955336892994,0.023834017719638,-0.6801163316429404,0.2318169846659319,-0.0364839615105979,0.07415616296700568,-0.4218460413919731,-0.2551519642789849,-0.7764830505649558,-0.19142553773757784,-0.4227334700647327,-0.630968704467025,-0.08127147463273304,-0.43956934030718403,-0.07055355181074438,0.03215844984957703,-0.6548235161234895,0.1911661349726586,-0.39597734187501993,0.5609666037628488,-0.5849127247916182,-0.2101417375229116,-0.41158600917277943,-0.8109616104444555,-0.5840442338618662,-0.5349623149872876,-0.4995385785751588,-0.694818566262286,0.4257369988425785,-0.5049509362145888,-0.5485451480843477,-0.586834509611771,-0.4991087007568932,-0.15793032924594705,-0.07023885676044082,-0.28565390117001693,-0.7205817302703577,0.045943206102090704,0.018568470327393408,-0.44946434970440274,0.09642078942549798,-0.7299800594240204,0.26649334841860023,-0.18895576260810834,-1.0654807784381863,-0.08502689853212365,-0.261203450887591,-0.7132207829817804,-0.4210615885596742,-0.057075811709723596,-0.39109015303899153,-0.42419049974971457,-0.701850364581764,0.23188492732411203,-0.1128114728993277,0.23112511134817684,-0.6085466550917916,0.39563944497773473,-0.2286680885690805,-0.1929260289084672,-0.4641210544901694,0.010914636785640572,-0.6466864946744404,-0.6953992221505224,-0.8809281586486215,-0.4739479632371862,-0.7892462171145469,-0.6309790708781399,0.1272278777084152,-0.1655419331731577,-0.3824034420380441,-0.8128042641920267,-0.824405555529098,-0.42493781997573354,-0.3024182839376388,-0.6056131845122825,0.21042113984912536,-0.349079753281946,-0.29352376629824445,-0.6733568742065134,0.2544212327867004,-0.7022868673393159,-0.13140742818202497,-0.5007254041843274,-0.17480135454171858,-0.8199963005049166,0.044202200678067044,-0.8045042115045024,-0.07725299732290926,-0.02345035005921991,-0.579721368764903,-0.6146032738283252,-0.44049479526666085,-0.42146542411587523,-0.7821752042518568,-0.42349177316305536,0.7103003319157659,0.25955672676308783,-0.8901242259248574,-0.16119106016542173,-0.4685473705206204,-0.6616953754063525,-0.7846470909555336,0.049867506132147445,-0.4275749895004611,-0.598637670066683,-0.11362536104375777,-0.4445093267214931,-0.056076218786459374,-0.5617456505623168,-0.7687364689635038,-0.9779750197999504,0.38784895632607147,-0.13153939985675173,-0.5798118883931103,-0.38803872815689966,-0.8163113085969816,0.3360440744024952,0.03316005784315306,0.08631864932099972,-0.5928262503083535,-0.2786936446564707,-0.9087211921512072,-0.3397199208124469,-0.4128677521307715,-0.7821577821277338,-0.6785567947545975,-0.15255121659850707,1,3,train
3.064346834235748,2.643439294276144,1.3749851166574893,1.622931920997732,2.2818510173922744,1.4800821040262993,-0.9004026786224819,2.1190432727695274,1.9821530703277461,2.2791097095576562,-0.34986979751586444,1.230598920216242,1.9999496367271186,1.4606600589369225,2.1768263072451086,2.250800607786338,0.8560576146421104,-0.6763887467155008,-2.9909838489436154,1.638756988999369,4.177552625165705,0.02414931856890635,0.03470582724802364,-0.2770887090315805,1.3065235984607422,-3.009102135533362,2.292834486388501,-6.3686237005180155,-0.8085587192219582,-0.9942615716444775,5.129116415112977,3.608714022866759,3.0880575744342953,3.415679419262748,0.024015762283743546,5.026844516438818,2.3396760274983746,3.4852905412403206,3.22897418919349,2.162938540833175,-0.7970585665865018,1.2494793127192725,1.228315625164378,-3.993445242102895,-2.9112874063391083,1.58390598341595,-4.9040989936828385,5.439063149873265,0.31940231198844754,0.033213709183139116,3.02880053443139,-6.56595605884069,4.135354806589836,4.566717197234896,3.7416962237584186,3.3154504569894967,1.8837292040454514,-0.3734669442322799,3.287575476029165,-1.1394404310859794,3.5004623319055534,-0.0548935779360828,4.625620886731723,3.170287966832511,1.1640388703564046,1.9055723939387148,1.5767799649556065,2.5551698412814936,-0.9318642296294478,3.067859132368814,-1.1455248261849136,3.6006293053835154,0.18632807137945864,2.8426398940131667,3.0163584731049595,-4.912854117761646,3.4521669613866655,5.197746847670052,-0.8432053403410661,2.9056155162221957,3.5485610048399927,1.6937159071331949,-0.9348243789024773,-0.466543354451243,1.7399046332382317,-4.615108027663307,-1.0409052189517536,-0.7780546526686128,2.2567199569556564,3.418761595131907,4.206915632165357,4.4881345534437855,5.236236245231585,3.175094020523656,-1.0250883807690707,2.773422305833514,4.151488577797218,-0.5440137766220119,2.897777074773261,2.9832965755237106,2.63857256157136,-5.856697202588275,1.7295628208724465,1.673111348458616,2.6448334879756605,1.9249381349666472,5.139345033991767,4.092588663104646,2.2197566191160063,4.311792662559249,-1.3506435432314685,3.18275705613589,4.465735902219896,4.645947899874038,1.2619749594909149,-5.0711798513015225,-5.895778207125545,-4.2050748125818025,2.800894800542338,-1.003617335947584,-0.46137068075769316,1.2914673171688293,-0.8641017548436398,1.8311514786009204,2.4127989819939337,-1.0089356980141737,0.3597874471195152,-1.251012749076005,-5.0502915823097085,3.492066897699995,3.105740122526844,-1.1715867672162503,-1.2341569120036873,3.9073343629751682,3.1177707047375733,1.350954017267507,2.6848201104331246,-1.6821458638763032,0.16022723384343196,-0.634993100902024,-1.1295978286555368,-0.7878942112206423,2.798877609645312,-1.16577721036294,1.7134946166531768,2.6914187228931414,3.67378779197763,2.2061914708850465,3.6523388302254842,1.7702759787509592,3.79347246511105,-0.8729082834133077,4.403327781969318,3.0796092491684606,4.320069588275527,2.559839469789981,0.11377455991252867,0.07709087143369281,1.825399288013067,-0.3860877152916197,0.20625994388525284,2.3110777900476447,-1.0830208347584442,1.8219785875633525,-4.391315007730082,3.3309067989135137,-4.459012882615554,1.062989968612656,1.9236090499883929,1.4519978602488635,-1.1967997039994764,-0.9749832337826068,2.5618699723321754,2.6528173714308907,2.8973702747253505,3.9622894642387427,2.386752685593045,3.3457177244071254,-1.4484609875299752,-1.2062714027369252,1.4565551585924261,1.9543297905072883,3.8843614390411507,4.702196763612432,3.313295346722855,2.763066921403679,-0.08035650242720435,3.1257582316699715,1.7068228775148977,3.884322857945779,1.6495134595992194,-0.8649627496921932,3.0035270524755475,2.830550787487756,-1.0499738561261354,5.519523683435789,3.043058669739774,4.717122389332406,4.077524412556848,-0.9553373604312604,-0.7293209096620974,2.646839775666284,2.887068006630462,-4.810264174491535,2.735615474092362,3.0232035456545217,4.253400507549914,2.6086414910949873,4.230871596324168,3.3487205153524044,1,3,train
-0.29556438242848465,-0.24997796200039044,0.011104859574163269,-0.14266417543514257,0.18093705617781083,0.6936034291494225,-0.4201382769590535,-0.20602919325789307,0.32670912153477644,0.295002218415258,1.1650653645516151,2.2502362300439067,-0.19295498536497907,0.12458571090932574,-0.3523243005504704,0.18625189561204897,0.20888218142239282,-1.0585670751168996,0.06210594421933388,-0.07555493584174544,-0.525196048627637,0.09312191108674221,-1.3795566331089397,2.200115659169397,-0.46008594339137865,-0.18186772225159406,-0.5240291117863101,-0.06841276250443465,-0.20065839052986334,0.42685158382173805,-0.40102527247042224,-0.7313537462793305,-0.08539326569359526,-0.6502518889733185,0.21267804868584422,-0.5653198464232227,-0.2378080751477266,-0.7550253824257799,-0.43658971315378725,-0.46638076310284166,-0.6019468738587948,-0.445348021544104,-0.47136488592390047,-0.009921077787074765,0.30100249644989713,0.755189750386888,0.012971373116779475,-0.28509010222298764,-0.0691449039482986,-0.1327744161292075,-0.7217539656075486,0.08041651288861669,-0.5719125482177038,-0.6018662244631857,-0.5471119232752458,-0.7269534557989749,-0.09906137397065073,-1.8074935833231498,-0.3924746131362988,-0.4972792648186268,-0.22766038837194186,0.5811946676933963,-0.28844678438636984,-0.41473856980144125,0.058649915848034334,0.5970424406617144,1.6554132366205425,0.2514867784575271,-0.1100316311992921,0.1256288561277858,-0.4371188767796877,-0.6229204046703023,-0.4911662763936466,-0.6324152759353951,-0.4493194369385728,0.10989879318755653,-0.5345176404817416,-0.2613194570550485,-0.035290643504709285,-0.711976252601322,-0.47658031068593343,-0.14867032419119577,-0.5483104530101068,-0.48211089007571545,-0.6404871673708689,-0.17960348929895906,-0.5307229929498968,-0.18999774298647018,-0.5708571756284084,-0.30831148523509105,-0.5646284205744884,-0.4959174614788309,-0.5828174789840062,-0.7291283920499794,0.017574214861275292,-0.484676134475466,-0.4908616380666268,1.5532531277345718,-0.3432482382600313,0.1022447833627525,-0.31903642140224153,-0.02073297277341066,-0.37116274887626766,0.47979771079929284,-0.5282432418883688,-0.6777408389933209,-0.3665104346904961,-0.5517592332380751,0.17957485115126587,-0.2544420021558657,0.045347818315287766,-0.36561688108799634,-0.43120181300302696,-0.859466870442124,-0.16553296566817188,-0.029292523577582916,-0.13166809419838568,0.06173215263526649,-0.10780502321368524,-0.1343137290975764,0.7602926129134363,-0.007162684918744054,-0.39839385459193666,-0.8369485604155156,0.3350967248342502,-0.015231200022077574,-0.7122091669751665,-0.14361915232829858,-0.07637303368591039,-0.6203393338273466,-0.3118986784546152,-0.13716043126707883,-0.23301513573311108,-0.432958768702599,-0.5093495679847683,1.2083275646276626,-0.10281993153028324,0.17797869536971905,0.6954495615831446,-1.1997232630279193,-0.3352296707298441,-0.3432014976368,-0.4253178271328826,0.01989701729822516,-0.3102298420564591,-0.1456548600564784,-0.7689975209205662,-0.30002876534905465,-0.4543648048151001,-0.5962788533979505,-0.04894231675119193,-0.15867429870480673,-0.48334639376129296,-0.18148191251048562,-0.9643912737278634,-0.9224007016033526,-0.392185367905322,-0.16564834845820953,1.4868885844677868,0.28745719328444275,-0.3649214391816012,-0.43886557915797236,0.042387734273445804,-0.6078629725175203,0.08645509220835443,-0.13888019613189592,-0.017854991632082994,-0.4560577779023605,0.7254111557678938,-0.7292874757793902,-0.13740774574135167,0.0999566450994446,-0.49944220331949213,-0.3012039526781061,-0.5052746076567,-0.39235682591962945,-0.6749298280671495,-0.5131701534224756,0.46358475255053827,0.11916755379688937,-0.48418205751309984,0.06959303263523757,-0.4090712467349771,-0.6815911177617634,-0.41695905747353645,0.049867506132147445,-0.2657644324177783,-0.46986866282578804,1.1248045704757121,-0.6437122237150313,0.0888989038763233,-0.7836118206573484,-0.6520978532930655,-0.45294253350957364,-0.1885196710793391,-0.2923141970206436,-0.7466363193125063,-0.486704560228077,-0.6708944757398393,-0.09967875691060574,-0.2296158688111988,1.3665792124936418,-0.778550943796661,-0.06776468606054425,-0.7359877628032313,-0.2709765956598106,-0.5619387292230965,-0.8086484014497863,-0.34977555176521363,-0.09978716466383242,1,3,train
-0.41235274022697405,0.10425877183376632,0.25099087824258015,0.9598100486125873,0.006186919118383073,-0.4377654843005109,-0.4425506157033468,0.9018159503860528,-0.3369872138987353,0.3433313673107607,0.3208996868935317,0.020004799714138793,0.6287205358668663,-0.5155270796247962,-0.26746464199943454,0.8444812456306199,0.43811653252370175,-0.4319566709534753,1.6084061276977453,-0.23485587344420195,-0.766053855223967,-0.10613224507589472,-0.6247048904644255,-0.0886057679728105,0.07870406350780187,-0.255671030228829,-0.7825177713835281,1.0084405805352146,-0.09636176550916074,0.42685158382173805,-0.8167431441384125,-0.4621458544798244,-0.035772854547316935,-0.26178711430108287,-0.12492814803370436,0.04579991179373677,-0.6211926451895586,-0.5720913989932822,-1.06439347543426,-0.5057311200324963,-0.05298855194694131,-0.3141063855130281,-0.5138568987011074,1.2712966660729292,1.2549333562207603,-0.17279978139044694,0.5826078436068397,-0.034200040600427674,-0.37322533381183903,0.48968105379209237,-6.480103839175655e-05,-0.41120706282962505,0.5534260360953909,-0.5475672522063444,0.6637754951501144,-0.3806767705321784,-0.08225806398746344,0.1557090831505481,-0.4495473502511478,-0.2528746418362761,-0.5017353857156219,-0.6373358269462082,-0.39045886534077867,-0.5298023541742113,-0.3710589270573643,0.19083212437725117,0.31864761831663024,0.10933573646838941,-0.13332243358395238,-1.0141540436772973,-0.2775329211444445,-0.46151086161092075,0.048865450092161956,-0.616239689418955,-0.2860809846539137,1.257209167935626,-0.6577837225574125,0.17141140856340462,0.1879489437790209,-0.34807648887351256,-0.4270311417040792,-0.450514127159334,0.0694511208520578,-0.15778723123254018,0.12567667522251538,-0.21878639158132962,-0.24693412973636383,-0.2277340152655382,-0.41094278766735587,-0.18131929628439303,0.15760327257483242,-0.47187862539399517,-0.7869245903560799,-0.5359754584190046,-0.13866574595183465,-0.5679502160169095,-0.2791274893512575,0.13586945061446304,-0.5873690745241842,-0.4922579674006197,-0.4698406255288872,1.319705181853622,-0.3274933989580777,-0.0024558831810235103,-0.6500852405024287,-0.4048007218739236,-0.7940768675445683,-0.4299815759198663,-0.6927591359868612,-0.16893198970801715,-0.06544514688683575,-0.5668771829375187,-0.05627554725539232,-0.8902479434390994,-0.5432584304009886,0.44237943053975226,-0.10095347547941326,1.6891602960056704,-0.3903189595839693,-0.24188641623286164,0.1843656316113324,0.17460512252741706,0.09642078942549798,0.00963071886003169,0.04598249565401119,-0.11946593757369603,-0.005665944049126225,-0.243225983781796,0.31639160286766094,-0.7036123572071837,-0.4126644416285158,-0.12047613552596315,-0.275827119586787,-0.3452760791737552,0.40502921585096174,-0.0826246861893911,0.5116598626659519,-0.03460696854411204,0.2867343294910004,-1.0726589765495929,0.7303861508777921,-0.07638586948649477,-0.43237295937966197,0.16810629575587083,-0.2603844120389804,-0.3485367079721375,-0.7216422511125428,0.20835042847779153,-0.36623811736787726,-0.866940549743427,-0.42985084531250467,-0.19301247104656158,-0.4264042158661269,-0.49492012232420846,-0.773855157290655,-0.8469235747357139,0.3341119478332056,-0.5600995807825508,0.009430409619115126,0.30226037808831224,0.531516009242767,-0.03117048663039541,-0.181878466077112,0.24509954403936637,-0.3168223391525607,-0.3997453461231838,0.04153011865804939,-0.7408792303739261,0.025955532238160967,0.3026861383691491,-0.2710849644490015,0.04474825252846311,0.5789745858305271,-0.459455095041088,-0.44049479526666085,-0.20315093764403172,-0.7821752042518568,-0.48871241335172466,0.28803712877143406,0.02419840737857866,-0.5286688704897309,-0.08041662768519096,-0.3644641538957446,-0.5463000697449691,-0.44068086608527823,-0.07776956313465849,-0.4275749895004611,0.2482661852484339,0.18394790872063785,-0.9233624444944214,-0.13282775431381494,-0.37192681614767875,-0.4472690647986374,-0.4311795288965011,0.09036837443940794,-0.4872963978364274,-0.3240144276500363,-0.0920412319433676,-0.7268240268387403,-0.19440111154388853,-0.03145697330135969,-0.04012683839975503,-0.7231593685457623,1.1433757858773557,-0.2787522145291776,-0.36446751786739595,0.15221525405641406,-0.8321956186249441,-0.3832109324082018,0.3298629725185184,1,3,train
-0.9567661619645476,-0.6172808048694136,-0.6632916834747823,-0.3405091785130149,-0.7162875281273107,-0.3442905598274395,-0.4057303449091506,-0.3630907832428576,0.26444012896549957,-0.4103421168164045,-0.6510316068425321,-0.18356236638219703,-0.3867589047508424,-0.6902334788309771,-0.7233773173520587,-0.7572850566330014,-0.7739126056196831,-0.6169687945965553,0.4392523304335806,-0.5680725135667715,-0.6486356745082561,0.29237606724937915,-0.57264614959239,-0.10655652426412193,-0.48857964567931605,-0.3692145809630365,-0.7858317285578514,0.018230609924042882,0.32082473457364946,-0.8059212739320875,-0.5760643763306287,-0.5603703555418064,-0.3808602593373434,-0.4085404736217052,0.0041565742414171585,-0.5192765769685204,-0.7766188222335446,-0.7644066123453951,-0.917568401997698,-0.5629680028392667,-0.08936530821820872,-0.19644147045068425,-0.16178022140424972,-0.023908171060655594,-0.110922192996612,-0.7641233434997254,0.016927181939627115,-0.1770143833701926,-0.2972052263459539,-0.43708597920184294,-0.9112322018650878,-0.2693925698339784,-0.3995202544505914,-0.28285976245424305,-0.3979878569667039,-0.4107877866423346,0.14878744828136203,0.24457833965758793,-0.31942150962929206,0.4947159696391493,-0.4595700015089019,-0.8442560996208579,-0.4254344359537188,-0.5771815595041754,-0.3918034918872801,0.18750253162082112,0.060905227859339967,0.20131582246136087,-0.17657678086975007,-0.6377606209509675,-0.351487388390045,-0.49177515093455476,-0.16714724050216148,-0.6135437583328817,-0.4618762409604697,-0.15170292092438112,-0.4793722879742046,-0.31362758366826815,0.36866670491346915,-0.5376713237569091,-0.3512500597318315,-0.40780038145629555,-0.3633123346342715,0.2417795164622518,-0.6246355016620402,-0.08948281404950674,-0.14170904562348088,0.09931367781971767,-0.618104608435083,-0.33193793899336044,-0.5453689087571731,-0.37171680837384613,-0.2946662629293139,-0.8019565473534616,-0.18649430538441933,-0.3181279713925788,-0.2759672781764012,0.009111560790713475,-0.6773083299899247,-0.17214110160495777,-0.4729182623477983,-0.41274790478697676,-0.37575952255186656,0.08906669669845259,-0.4841727317513684,-0.5315229191079295,-0.4415220895771754,-0.5433607741126814,-0.6302466027066046,-0.5024210382546266,-0.03590035616626948,-0.30678694670121287,-0.4913044968251668,-0.6352047671784464,-0.34703740976056435,-0.2865681349143112,-0.0651197536406121,-0.22901487065828596,-0.76435149506012,0.14770115339222536,-0.8715005007758581,-0.5948785956613316,-0.023240268278064646,-0.5802241580359272,0.3350967248342502,-0.17853228885294647,-0.6756638278583023,0.23723049734683857,-0.0631708610286475,-0.706815165798716,-0.6393874087697919,-0.20056075508331836,-0.25936097195075786,-0.6170924167131708,-0.6030670610648846,0.16605733379802998,0.4417190730826405,-0.02494398382075608,-0.3263385186472159,0.00032833148960810423,-0.12210650640831687,-0.33400095873506536,-0.34771137241830896,-0.14627702218458968,-0.4049361590896687,-0.3943487381466412,-0.5967965398004811,-0.29110983212402225,-0.620546558287006,-0.7767199842949348,-0.32033964335112725,0.04048710087737141,-0.28404877112821186,-0.6727574044880228,-0.6066499938865743,-0.6753846500365349,-0.4411492318876946,-0.46907237332308743,-0.1915603206108951,-0.11222879642003392,-0.34112221488714894,-0.3242846054410716,0.042387734273445804,-0.8691024148578215,0.1606210565965687,-0.4951154009587084,-0.056031133961453816,-0.7751632940973553,0.038119977864765016,-0.6119493680482152,-0.12738195433827795,-0.15660000273041055,-0.6332408123951768,-0.34464544273853254,-0.6280153048167739,-0.4272871437551244,-0.7372013368195602,-0.505017573398892,0.3165043110058834,0.16871667366731236,-0.9318306130904489,0.19652428367560018,-0.2269256176414444,-0.7333200478858318,-0.4999853876146326,-0.12882439084138086,-0.31970128477867255,-0.6110193053783075,0.38087139606472314,-0.48664840108551083,0.15712249101175046,-0.260993731100163,-0.711839583270607,-0.790269105012199,0.10586215474600501,-0.2888934566554544,-0.7466363193125063,-0.42623195347477477,-0.5981860593112681,0.010830656828224197,-0.3286953165661184,0.17588420312320102,-0.6058595621320944,-0.20384788515469035,-0.952751281985005,-0.41671244498339954,-0.3400656470391709,-0.6938557177208922,-1.0352008549464715,-0.6085833797481952,1,3,train
0.11229649788316286,-0.5200108820542968,0.37168824612606033,0.096114276555393,-0.1789960619445926,0.5743423186148142,-0.3913224128592478,-0.012506877026418981,-0.04538607796456083,0.5248922239722442,0.1794448976643393,1.4936149047300917,0.05527332234157192,0.5169590992904206,0.24002939443323099,0.5434480275333895,-0.010220264657863812,-0.27800497682711667,0.5901108849192792,0.45203807768565635,-0.16390933873314203,0.29237606724937915,-0.07808811130805318,0.42299078632956527,-0.5248443576821455,0.5902284227410173,-0.4710057969971372,-0.07666451225952775,0.11521138810426446,0.1357802146298626,-0.1822263926451641,-0.47305968793115577,0.12887669152897022,-0.5351512149963598,-0.0752801779278884,-0.13837316602507296,0.4020296870166824,-0.740953537546357,0.05451484282367945,0.14891572706994052,-0.165425798603586,-0.2530111411537342,0.002117542164977127,0.5020065360259837,0.1673076411032231,-0.04331286997965603,0.5865636524296873,-0.11139698263813844,0.15891541844935672,0.026297537295124674,-0.813706639085472,0.12296086078731068,-0.5767012230445681,-0.46272510805502987,0.14482374439638857,-0.46599131617762096,-0.04024978902949517,0.05068178000586467,-0.5294491822119364,-0.20495216674169758,-0.31901872081983523,0.029407273894330087,-0.5274465169081276,-0.5343146594437317,-0.15175924171254018,0.02435248655574984,0.9477137916361184,-0.2836700855015795,-0.10337711623224631,0.21575122494958307,-0.13740866741593827,-0.585930717719194,-0.019865860551486404,-0.5380576879228275,-0.18144095113810654,0.10989879318755653,-0.31393623045159375,-0.4753072477454924,-0.08844292619131171,-0.5254393989257222,-0.48240962468379867,-0.43342862887811856,0.07605819650833764,0.023834017719638,-0.5136738417002397,-0.16001203815777376,-0.24055685191134063,-0.1365380239244572,-0.49453439955608786,-0.4323503674660054,-0.12165964877623828,-0.41178153518190574,-0.6828699845585521,-0.5613069906984768,-0.3172257011668175,-0.4916156412705863,-0.40869614752036404,-0.060029106385877204,-0.4910055865251765,-0.14165378105298995,-0.03589383406241706,0.5040612104060408,-0.5711224037648214,0.6698830690105124,-0.4919498805990743,-0.3950528605482308,-0.6965617161918852,-0.2704108525373858,0.3983687176321642,-0.4382885289187402,0.11182359743656188,-0.23866807530598994,-0.6859227111063817,-0.7803155398784731,-0.18515506773221432,0.26371581155591317,0.65667378625524,0.14857866608658735,0.23837402557807127,-0.16048005840075388,0.3152581273618105,-0.18893049236490517,-0.07498559052825389,-0.5649429436085708,0.6487121598772212,-0.2862415176562856,-0.4198464540402532,-0.09088612391174114,-0.023564343056858787,-0.09187591622453405,-0.11876429903797256,-0.040391515968607926,-0.381210464457374,-0.23567271726270045,-0.2636577618017605,0.414739353785451,0.281854411177929,0.17797869536971905,0.9484637528782816,-1.0303042143901506,-0.8002256656131764,-0.27879772532465735,-0.5452550753281327,-0.07441797808391298,-0.32767574256257664,-0.46306678340839663,-0.6355417605525002,-0.19300156664866597,-0.9503921598751829,-0.17640622188766011,0.14151194752946444,-0.21704919168578998,-0.4574635856271266,-0.4237852094586827,-0.719416266880024,-0.4626763834095529,-0.4085066558994462,0.7901373298661558,1.3775778364479567,-0.2676622368606637,0.08726382241299159,-0.5374585100306544,-0.055473880424979416,-0.6519274567676916,0.23478702098478296,-0.09119516871413363,0.48267665224189,-0.37430347210033704,0.7923156067142162,-0.7112354592053632,-0.06388527545214429,0.09346154009109384,-0.2264930408050952,-0.1957031911027848,-0.447313722886665,-0.5175237981634864,-0.40854615173739245,-0.5919784269837844,0.13621215685437094,-0.1450944188453665,-0.3785258766936013,0.488850801223102,-0.5949341335651125,-0.4428422094968324,-0.016653537150394294,-0.06318246950416638,-0.488253948406467,-0.2172833024686479,1.0110265555657962,-0.6666971733681318,0.4769205557090653,-0.23387675475521472,-0.5326143933379824,0.22715136064894534,0.0036032047224644325,-0.4941378785668058,-0.5269841519353015,-0.43578025980424356,-0.17312147095962116,-0.017586049561760644,-0.022841369148757992,1.7406471136675414,-0.5244013632337139,0.1805871522862723,-0.44471178390272303,-0.24347926559875605,-0.6139402328599541,-0.5407988060823665,-0.14916326790728449,0.3374006942234719,1,3,train
0.5596857454496837,-0.5316252011964002,0.2947436741003417,-0.02668607018259671,0.15094262966761055,0.5324397662648166,-0.43134444633120017,-0.11067037076702178,0.2553275934675566,0.5941204642820185,0.3710933217813096,0.003791485600271338,0.07385725981692869,0.5441674729372848,0.14352233176734705,0.5838853254867489,-0.15206693495259643,-0.5021802507304107,0.7068466711284509,0.3818872060809049,0.20339881632626117,0.40733038811243893,-0.1822055930521241,0.16270482010554954,-0.4989409919658388,-0.6473962802618449,-0.4113545678593176,0.19976910453609104,0.07647264166800351,0.03304914315037714,0.009222627201936754,0.07990787360296464,0.14692047740034414,-0.601334102533111,0.1034525144530491,0.10858618832287646,0.25178438254082924,-0.726881692666934,0.1709623148595736,-0.040681447227486546,-0.18526766566064096,-0.3299458933098821,-0.17999108402305272,0.6027136075957656,0.35881648795116156,-0.26344061937800056,0.33734769659028596,-0.011040957989114445,-0.24652515470203054,-0.20885230689736636,-0.7802693032753181,0.5389500402412075,-0.46177302719982644,-0.06905755919293045,-0.5471119232752458,-0.5989816373308109,-0.0780572364916666,0.006247151752344766,-0.4244353459206142,-0.3103816119497704,0.06749730107509831,0.2363275465689799,-0.5187026242548926,-0.5681569489651347,-0.2525185566007026,-0.14212715126575148,-0.2361537984304183,0.5065224714380387,-0.27639450537543697,0.04610911893208231,-0.4371188767796877,-0.5254021390719259,0.15687179538932366,-0.6593745867961288,-0.35723620744466256,0.06878995239853776,-0.4274707797318169,-0.3611804260439223,0.03912255225653411,-0.5835410418738598,-0.48532428168273123,-0.27965914434718026,-0.18822482974285581,-0.022868589153779244,-0.5348093959786779,0.12602314850353138,-0.40636607536194413,-0.11138050907174522,-0.3273511757786239,-0.5652491698562707,-0.227586963771472,-0.5199562975636667,-0.5508006772001515,-0.643634470606761,-0.21200287041513116,-0.19668660247797357,-0.49718206041633933,0.07825222796730415,-0.43639960999240546,0.1759224746966747,-0.0020398290543945635,0.3080537443992577,-0.47688854341504316,0.001064216045110186,-0.31048307415260207,-0.5900100870620861,-0.17523071472946375,-0.21582086822232668,0.355746535850171,0.04911854203399676,0.15614078351741129,-0.36252056875184985,-0.5256488875806753,-0.4593129214814445,-0.5040142262729038,0.2422761772778525,0.07821513371459259,0.12214711851444622,-0.07199339747660698,0.019776876798913216,0.21927029714479324,-0.22730369615909474,-0.43396876363894177,-0.7177550878821353,-0.02262088076163873,-0.3244609214252123,0.21360609065205866,-0.06158999701365367,0.21407476477387347,-0.23600230284348292,-0.26711389482177056,-0.2506136423066654,-0.17703023377061175,-0.04715493477568633,-0.377638496628929,-0.020454181192535833,-0.29765498822665043,0.2407880960715328,0.27700301444118747,-0.9032399279118242,-0.1317939229683863,-0.24506241601829695,-0.35476650466508836,0.006423446529348279,-0.32019892805995487,0.03759326064153624,-0.9282834284566449,-0.308947698574087,-0.8824087152730397,-0.08965567818718688,-0.04894231675119193,-0.2891593536034752,-0.5480534140967088,-0.23261013113258225,-0.6338694390918898,-0.69940009949442,-0.16368733598758298,0.4108572987850585,-0.03993573464790493,-0.2084494976451857,-0.1824607195908006,-0.4575182958095608,-0.010620640354867858,-0.551208635624443,0.36921283143842126,-0.31840029935170694,0.4232915419517576,-0.4085875358237662,0.0806955375578792,-0.7232701369213812,-0.15077546761211666,-0.05592587510097372,-0.3736715107883484,-0.4439402771623643,-0.11318626950646361,-0.6747102284232137,-0.5919011497306018,-0.42077424648852746,0.04606607977861471,-0.16986897878057797,-0.4285735412923112,-0.08426302923186862,-0.639541226404345,-0.056864807801860484,-0.2686977536501505,0.038927185909278364,-0.32981444459634024,-0.24947555427887166,0.1620675212379617,-0.5594340749869959,0.14859454261982205,-0.39904379249262706,-0.7488225589709899,0.023123192401389648,0.06247956988753324,-0.4223023308978328,-0.5408861878452512,-0.5439943982048897,-0.3968396753552248,-0.04284534413063606,-0.13915202520888095,-0.12969239220195633,-0.5797929384846126,0.252030831810699,-0.8240479424708269,-0.3094728577452869,-0.35046594776654244,-0.5790630339919979,-0.08229250662130812,0.4165467721254839,1,3,train
-0.20213369618969315,-1.0136194455936955,0.18762476010375304,1.3500422615799768,0.4795772157793702,-0.4103676616101279,1.9411616978861361,1.3631843709668858,0.3510092161959576,0.32373846910988124,0.0334270507180762,-0.3186733173310925,0.859692330203443,0.18329851719992754,0.41806828590305134,0.36148018674327265,0.6749498123908,0.43503444860022816,-0.16956969302656053,0.5324192847327675,-0.5221853260451829,-0.3973498579289795,0.5813226064043959,-0.9412666918101035,0.7029751772707947,-0.07400134905409689,-0.32850563850123493,0.19976910453609104,0.19864868812082648,0.4610952743148999,-0.44478504843547384,-0.6404051341849027,-0.019984541909864744,-0.19272670991490762,0.3119739888974762,-0.21371669786004058,0.026416425827049585,-0.6002350887521279,-0.3201422411178931,-0.5951637494180751,0.0032300713813810315,0.05925344112710152,-0.7263169625871422,-0.20574038361720637,-0.04949482702651854,-0.6087390498067763,-0.08592384745441155,-0.2078931601852769,-0.3225452621679156,-0.09819355668913529,0.4541256770495332,0.00950926639079336,0.48638458851929156,-0.6765273113163425,0.0851741178729718,0.1613215194506334,-0.7333863258359715,-0.5229288756304833,-0.4678106261278995,0.5570151872621014,0.1588556335229917,0.06772584290815413,-0.6556902758222416,-0.03570492716172825,-0.5370154456966907,-0.49839357620376423,0.09585334859931154,0.4688942544409141,0.9546907635280352,-0.31438035635510675,0.7033368549550991,-0.051261606334992556,-0.45189124174013323,0.1898437053169799,-0.6418570986076579,-0.20402326374676866,-0.4858599765045031,-0.6702739014856746,-1.1142819820427385,-0.33278658283452894,-0.03938176084604285,0.07913631955834248,0.07275465868019773,0.5349681040564823,0.30797083087404475,-0.2305412622660408,0.4641323477537241,0.8225922298351873,-0.3636953548606813,-0.8428600015159363,-0.02054721173533337,-0.5560145516909204,-0.6828699845585521,0.6039434941572394,1.6022938173942476,-0.4499786004998645,-0.7974021220276839,0.06672878343787238,-0.4910055865251765,0.25214077607659424,-0.5067722673558208,0.3902504236924248,0.1781517053578053,-0.22422213442744637,-0.38825456262966157,-0.18709848560011852,-0.8053286157775702,-0.0856447517787242,-0.6274051239211383,-0.01928946792428211,-0.5824789844967455,0.3062828958557937,-1.1953645073130912,-0.9913857547148756,0.05521568255230543,0.06003928591433663,0.03214320563613394,-0.2818779658025682,-0.6768119654805954,0.4791413245658068,0.21054413076142803,0.28972473390998577,0.1222934505505926,0.6758916678927729,-0.042221845451824426,2.632331133789031,0.5668777021150787,1.1043958535302278,-0.1555860696294878,-0.4345764355184792,-0.1775443275560812,1.9517133955206032,2.078831992365391,-0.47680011346702084,0.8888141125618328,-0.44467645058284244,0.1469686026958286,-1.6531569097062353,-0.05386169725245311,0.6780045260406823,-0.8874124146538012,1.720786062652343,-0.4747037528603385,-0.05645321705874382,-0.16069355200402297,-0.09002596627315254,0.6215254016241212,0.3778101597534069,-1.1367171561921683,-0.14170600440747083,-0.1917830149616842,2.6742249194899688,-0.7240565094090402,-0.01698242650895733,-0.6416464234362655,-0.551876624253126,0.4483609637920751,-0.46907237332308743,-0.2021387800966851,0.21344126926509518,0.25385839247415737,-0.9931177310908874,1.2901233216783674,0.4843067442545818,-0.024793854373966973,0.004174886121390961,-0.11965803784373852,-0.1422267330494317,-0.2842378312402423,0.8532726438769703,1.232783746012059,0.5643566531965242,0.8198120821667597,0.27594727241041633,-0.39617176573663415,-1.0036373880407914,0.08270686175384782,0.038487761506685654,-0.0013792239454675133,0.5196896060828085,0.19424184038052233,-0.3650503421393374,-0.4202230199447852,-0.6577162269352703,0.045616210455427825,-0.281988873961548,0.4590120211817382,0.3918931548632783,-0.15738613600911006,0.4902119591712629,-0.7809518321003728,0.3774878028399832,0.12454463641497444,0.06664920162753486,0.26079995781197557,-0.3675704850548058,-0.3657205353798853,-1.2346552227031313,-0.25142284249808244,0.8885911430966449,-0.2640782854216056,-0.5195659793409502,0.03603104518714408,-0.12900212565291,0.7542614315714623,0.10023736016442554,-1.4840987270500372,-0.21408116777705224,-0.2048889023122648,0.10750018222238947,1,3,train
0.8741159395225397,0.48753130352318186,0.776024428535719,1.5096827123393637,1.3089883140614302,0.324538641143675,-0.580226410846863,1.5076249403280588,0.4284657679284727,0.937649279404106,-0.39093731696950096,0.1911453375827397,1.076062459380811,0.3737571327279772,0.6227298153496673,-0.3169678122519779,0.4849765932460688,-1.0545157147451534,-1.002883613042801,0.6464144510904886,0.5827498617154808,-0.19043208037547188,-0.3557347292922423,0.06397566050333667,0.9620088344338622,-0.30676562805922236,-0.2191450517485658,-0.221070132973657,-0.5850659513204528,0.17002390512302443,-0.23145614060584718,0.08718376257051885,0.7649201434949013,0.6216105584720752,0.28218520683398657,0.21322998253810926,0.34504008876722086,-0.407919875400015,-0.6289811886913516,-0.3697935233664166,-0.4828956715164651,0.27421818979869134,0.28742105652622385,-1.1344833769829734,-0.5264602569119502,-0.4015599915495109,-0.8612623767325491,0.28230742175418644,-0.5590522631728916,-0.2780140257775108,0.8776652639781504,-0.6097473530235303,-0.5048711006416046,0.23637415975180187,-0.8036053173259379,1.3281233937191868,0.08157420834861279,-0.18360989623996757,0.36773424523348985,-0.022846761382299078,0.14128672343685836,0.07538955671091893,0.10211375412479527,0.850963058299029,0.020124295449619283,0.10426271271007047,0.18759216554173688,0.3560096034495401,-0.22315838563907062,-0.35679088285948196,-0.45658057868642465,0.34553685368598713,-0.3046098617894582,1.4542353846853862,-0.14377053907241596,-1.201846944716588,0.06883739283601571,-0.3088722994307027,0.2251555416596426,0.7344488586865258,0.4357073299799716,0.21866788885493466,-0.5945599826040657,-0.47951630080497004,0.3211805522980686,-0.5322496098402942,-0.948434690488917,-1.3786903197771117,0.4613175103020214,0.02245886738068052,-0.5742581764831459,-0.17940611969515996,0.7578860957149094,0.8097621939279501,-0.21838001167280913,0.24050232561460522,-0.0610729182861756,-0.5670606656808755,0.11287227160193847,0.3613870080544789,0.1395314646155177,-0.24203172471655285,0.42178071016454893,0.06794610134165041,0.31946598251158026,-0.11236488210314065,0.40986019338663515,-0.5559584628007719,0.24777034200245496,0.34840358560146684,-0.7929856183807802,0.4487132633185327,0.1984453508479625,0.8203002559642449,0.3838858921250161,-0.6546151900210198,-0.4234569720286238,-1.3806751577301497,-0.12770037084539537,-1.0326910351733367,-0.6009893428915365,0.5159246720652085,-0.505118581732952,0.6239355388397609,0.21259069552058957,-0.45996608024231633,0.29887854859140833,-0.3428328152352934,-0.888306652107579,0.34690886081537703,-0.01799853586407203,-0.2572873606031117,-0.611736531361783,-0.4417270376554833,1.6512185832946713,0.18799986497339066,0.516655633350474,-0.005618014374044163,0.023988823146050553,-0.7902938954866451,-0.39335417009026064,-0.41067211624952094,0.46715640208471393,-0.15525940269717425,0.1433635711025972,0.165212487556225,0.5612550582320914,-0.6478671611253178,0.29345308580847657,0.063025278725646,0.1272278777084152,-0.44368112914137203,0.3681979938527807,1.1345139755017408,0.5910055951473066,0.003909491772213933,-0.23713313196114194,0.6839389211634486,0.22452575249684537,-0.2528590520567942,-0.5235829344779496,0.1153865727749427,-0.03100847675037311,0.9123617341133884,-0.8313487170957972,0.3548000877225843,-0.5395956034668175,-0.1606873827466628,0.31790222727665823,0.7238998584297773,-0.3746848089474301,-0.08190629513437678,1.7537263735150392,0.5614199213789328,0.33004402579380354,0.24221061475852906,0.3317928967634908,0.7015642700914904,-0.9123290554478461,-0.6116819642918495,0.07190310469478718,0.03497541871513868,-0.07080079270413066,0.15005091269441312,0.5170871566137952,0.11550942746936192,-0.14103546133321038,1.1075516758751753,0.1927000637137083,0.4059338104432275,0.11448274905210849,-1.2026923641701857,0.40618422059481313,0.7630653492458583,-1.198714147069467,0.278949443965951,0.32660085293560837,0.55087806090753,-0.5478494633222573,-1.2079303061200146,-0.4493137747025422,0.45511798850653445,0.3357972171331844,-0.9965325198780913,0.8998994210217165,0.1772298843353782,0.6826305911523612,0.10380626408757784,-0.6284037237901152,-0.48797983246893883,1,3,train
-0.022459299576632574,-0.5693717384082366,-0.0975227715209689,-0.01713493210297529,0.029660818126365906,0.3825575597821331,-0.5402043773749106,-0.1681661313865177,0.6441291080464558,0.3354942080304089,0.3117735714593902,-0.10249579581285975,-0.004460762400646232,0.6329526922059998,0.07696573682535812,0.5681597096159979,0.07716741614871253,-0.7412105126634412,0.03696285180505076,0.3994249239820927,-0.27831679686639876,0.5529391945389812,-0.3036759884202068,-0.21426106201199052,-0.633638493690634,-0.04561546137054501,-0.6168199126673627,0.05536348382196182,0.09733196667214401,-0.37787514276756473,-0.54324454435684,-0.5167150217364811,-0.13275820360595184,-0.33948006923553,0.5502842454053929,-0.2262739531658685,0.10153907806497614,-0.9004344461798165,0.06464070995723546,-0.06572258345544861,-0.509351494259205,-0.39782949815354207,0.129593580496598,0.046027295307248556,0.12756052194610382,-0.32818407508339603,0.001103946648236553,-0.2812302551211021,0.3531890264177298,0.3444414441437891,-0.6353741814313175,0.26950250354947886,-0.31811278239389945,-0.5305988233760816,-0.32044334248626216,-0.5638521185356287,0.07317255335701914,0.054721291665275576,-0.381060065713329,-0.35830408704434896,0.15182806948853836,-0.1468581435692605,-0.33216624765254504,-0.36059090656719656,-0.1458322231897071,-0.08885366716287105,-0.15752052676548228,0.008993824476056938,-0.15661323596861268,0.18394333007130168,-0.45268823830507726,-0.8179569358670551,-1.2668482108005352,-0.6485908624518353,-0.38653541682908854,-0.04332506793514981,-0.58317530445898,-0.33740400485609523,0.012546410913232896,-0.5376713237569091,-0.47658031068593343,-0.17429857161301882,-0.6143812095729052,-0.3082734089357735,-0.6563388330796974,-0.042463331310662066,-0.37129104732431645,0.008117686478636718,-0.5381474144545567,-0.5652491698562707,-0.29499525513207525,-0.43181389858593555,-0.45074817162560554,-0.5961378475827509,-0.28215142424958867,-0.2487329034413758,-0.30124896757525127,0.17043978420275838,-0.44282384252567264,0.38933371856044935,-0.17130985409450702,0.18159731471746218,-0.3665659752006687,-0.1080588599650344,-0.29752115940642543,-0.4957807609137227,-0.60654773032787,-0.3166023777270512,-0.06763380318429457,-0.16465648908562472,0.24846825451918086,-0.22318651362525743,-0.5628553108991429,-0.5604507327572207,-0.28817110356843706,-0.13291742258820957,-0.11119168171907073,-0.11196087426737523,-0.1475957184771055,-0.09070318025894727,0.48978145502911474,-0.3706982998110663,-0.48894816852976786,-0.5527179720666856,0.31549576014406444,-0.18895576260810834,0.5181505832925932,-0.3604104913741459,-0.07637303368591039,-0.4345764355184792,-0.16075003369376445,-0.44081461375538405,-0.4668344321647259,-0.07784387611078165,-0.5017508523296237,-0.07896759766016433,0.12698551995773963,0.13449526411461724,1.0847021635756628,-1.1432502468153296,-0.17054358920866397,-0.4137389625500991,-0.5311448108345739,0.05133534909227121,-0.27783031254509793,0.19466307838269165,-0.6312367360244981,-0.1662447669735688,-0.8471580402941504,-0.27703685258020905,0.3557729948452029,-0.41621059126796817,-0.4988760786417928,-0.4304541075398257,-0.6921968216747086,-0.6925385425064527,-0.5880408238348126,0.0922620726769367,-0.17745570796317506,-0.016008095194882128,-0.3728545139464186,-0.5667699219117219,0.10355124345996157,-0.5700934145888021,0.016924500594403553,-0.35486532031823104,0.10515702254033409,-0.22134380318042216,0.11718887443769135,-0.6510620706252735,-0.18753670275672035,-0.03644056007592143,-0.4887383145934373,-0.09951132025469772,-0.3995812295466362,-0.5117020785242372,-0.4638986039617575,-0.4995825200498362,0.18365746057845314,-0.0583834590721263,-0.30901523141761544,-0.45351757771292345,-0.49456817467683933,-0.69352856317501,-0.25090639719134417,0.23220617651329878,-0.13766440806065447,-0.3559576179588425,-0.017351656119982715,-0.5939114994666468,-0.01343647682681741,-0.5987233455781554,-0.660632386147,-0.15642159565645938,-0.0056930634614938014,-0.5249245418535086,-0.6548828823068384,-0.2861901273092327,-0.38006081002555453,0.1655438360625861,-0.28992509787941073,-0.2930178138412646,-0.5700179546168069,-0.16302292542644653,-0.6784099530205727,-0.31222259075139236,-0.4856698572223721,-0.4348363287941565,0.012441071867158418,-0.0620985561390648,1,3,train
-0.4662550592108922,-0.559209209158896,0.2268514046658841,0.05927417253399608,-0.31201482298982863,-0.8680724642024086,-0.45055502239773726,-0.018116219525881997,-0.27471822132945845,-0.43254740144406795,-0.10802773851111618,-0.5582700703471338,-0.038973789140594496,0.13174580923744791,0.12355535328475037,0.13233549834090325,-0.12420419614470252,0.3432036135073126,-0.2342233592347171,0.30881338149262205,-0.7901396358835999,-0.30538640123853167,-0.05205874087203546,-0.6540545911491206,-0.5326153673970375,-0.05696981644396576,-0.8819364866132273,0.38543347402568573,-0.006964658348558548,-1.1654800241102865,-0.5705944043349973,-0.7968367469873183,-0.7800790217414918,-0.6588844395215904,-0.12492814803370436,-0.23464545670308715,-0.19636109460266366,-0.407919875400015,-0.5226595837890133,-0.9528942669603905,-0.24810024467464825,-0.3752016298723221,-0.2649751095774666,-0.22252489554550337,-0.045881452557689516,-0.06921025226181421,0.036706226053865317,0.08931506665990954,-0.44924544127772414,-0.4578344948658863,-0.8164930837363182,0.023690715690358025,-0.5527578489102468,-0.37788296390371534,-0.5351819979705624,-0.6868054343187665,-0.15367213141600947,-0.38962499086992347,-0.55456118654247,0.04903695125956876,-0.5052491677328487,-0.31545984723008624,-0.3001053079240166,-0.6538907490860222,-0.45107367711561097,-0.038909775816420654,0.23127731646670133,0.1260593884671115,-0.05014099649587994,-0.5794461470074517,-0.3164563249579184,-0.6498219951801992,-0.00022834322472972918,-0.751036243722623,-0.8971787803862273,-0.05827373731297482,-0.7259044521255463,-0.3041170151931373,0.1879489437790209,-0.7089182713935253,-0.5815079626475071,-0.5330940355185416,-0.1320646866644772,0.17432019542287133,-0.6219935573772354,0.02806589279760496,0.1994753180152609,0.15591808623831965,-0.7489436531304896,-0.5682024765760544,-0.4875903733052275,-0.6762087321150992,-0.39471876850385984,-0.6626331198163651,-0.2693971417342328,-0.6165267635827517,-0.41817678104493283,-0.42877933132769414,-0.46852077265874137,-0.34236197468677804,-0.42367607324522016,-0.25467736768473237,-0.5711224037648214,0.2756319556835385,-0.6345309428070168,-0.47303575115377294,-0.610298313072204,-0.5433607741126814,-1.0308951114573406,-0.3399520146037143,-0.1503864202084638,-0.44612100182780523,-0.39971945481047744,-0.4944912906208449,-0.38628161388864923,-0.0007063445401686643,0.18059719611116734,-0.20635925845359357,-1.1741956562733489,0.07501690532784347,-0.4788230135244236,-0.1768126385351611,0.2775294173011603,-0.6749676874855371,-0.15002715124784574,-0.22022618387359388,-0.3833011149233891,-0.18463372998562105,0.03254489073650855,-0.9342145757975019,-0.2923053356152457,-0.414119740569599,-0.2659474310051695,-0.4636477100376943,-0.28392100354881267,-0.08628177471861788,0.3368078887076736,0.12966377175293928,0.20888380909249674,-0.6632296090083187,-0.5096031688110937,-0.08558640838822944,-0.7604366088549049,0.10073844191148644,-0.6491787661753143,-0.2209174810574487,-0.39015536245637894,-0.11719063423589066,-0.9126235795406589,-0.5338184619336098,-0.4584189849546031,-0.10029940572382348,-0.3824034420380441,-0.63718994805526,-0.7660781729462792,-0.7542925553981572,-0.28609699594351456,-0.7421539957014777,-0.3890248976789753,0.006196682010922129,-0.7377759531280198,-0.5614405742969825,0.03015503243614265,-0.7841209095182055,-0.4419774040576723,-0.10522017677818137,0.12636599050109565,-0.6195663895064074,-0.05919558714806739,-0.6961921120603408,-0.053859484049070545,0.05449091004098926,-0.23452095734963627,-0.5122054758287486,-0.7132519000668253,-0.631047331128845,-0.4293033213215293,-0.7441599207573463,-0.33824088038645134,0.06136024728139589,-0.5397905737338886,-0.16503746171209938,-0.23064287537804712,-0.8089238688363933,-0.14119303236203853,-0.3695114357445006,-0.4444302558632405,-0.38814986976906624,-0.05673635358879978,-0.4828175761433274,-0.43556992222727287,0.4169306775235443,-0.7345983375477657,-0.08297145508733932,0.21431861689218443,-0.23758235117761659,-0.7827816126783754,-0.38167319060392046,-0.5702212837618176,0.25395136705365007,0.2011643388188862,-0.44580611150384325,-0.4364265084234629,-0.09157924590201982,-0.6648622330717119,-0.3919648479284505,-0.42673481976726685,-0.7880445864215233,-0.3999286227296959,-0.1110937472212627,1,3,train
-0.23088159964778285,0.29879861746399994,1.518313241019122,-1.1059646731798174,-0.4228637905275254,1.7105461419512855,-0.6298537323520839,-1.142789390668217,-2.410089039680757,-1.6146522595637987,0.3391519177618146,-1.2428322218215375,-0.9177285469038928,-0.6000162398966378,-0.4604787673312024,1.570106092238123,-2.4621412797525277,2.4256028445848994,0.46439542284786367,-0.4613847296678786,-0.6125070035188066,-0.4050134793198501,1.353527262672922,-0.5643008096925634,0.5553259926878462,-0.7325539433125007,-0.24565670914315227,0.5174614701071754,-3.281878683998619,0.4782171195614808,-0.7401635361995722,-0.614939522798463,-2.8257932449085117,0.6216105584720752,-0.05542098988556201,0.04579991179373677,-0.9190928178571984,-0.8535282965817401,-0.932757202698032,-0.8920800789781967,3.97160348279237,0.6385268691263329,-0.12535849616664377,0.6978258418561153,-0.7793964697299821,1.9076232619429272,-0.05823318569447806,-1.026180745785011,-1.3445933736537046,-0.09819355668913529,0.06959631523276238,-0.004672182908771304,-1.7307718563188481,-0.46611879382108246,-2.181511690016865,-0.46348206483510795,1.2073959772221623,-2.9506753829364345,-0.35823097086738936,3.882834958825853,-0.6001212821979687,-0.8442560996208579,-1.0462508143334066,-0.4530931645923646,-3.3849478459179876,0.03767085758146995,-2.206354105146315,-0.5470676044814523,-0.2930307927930515,2.516522287811937,0.21290196690532728,-0.6733608868763591,0.10777800207243197,-0.5758007231278546,-0.7423115307828329,-0.4058303003474063,-0.3496185173682353,0.4044203362041101,0.44307990067471253,0.4622885311926178,-0.41828717070728133,2.7871877971309784,-4.809874251310601,-3.805779745900576,0.16002195092497745,-1.1905223681841195,0.24730490170293498,-1.8126574509863935,-2.0791406075337897,-0.5150429556199483,-1.508344499622934,-0.6441569506686515,-0.5508006772001515,-0.9761108317748322,-0.4065056787743089,-0.0995335073462894,-0.4055359363455078,0.815752677850938,-0.7543991203891309,-3.5892616134713493,-2.870397344279573,0.7380056053173626,-0.1780982545011123,1.694231943815418,-0.6293461769085462,-0.46328788982808017,-0.4340209240885075,-0.6483415131801027,2.736905758070857,0.27999557564318794,1.2936152262592127,1.0834572922285648,-0.78036978568403,-0.5252723636178203,1.3649909953271375,-0.7296539099942322,-0.17774002227684432,-0.39893196219347893,-0.39827709863665334,-1.1867816410698264,0.91736360781401,-3.416318895686744,-0.3854575240293893,0.8348162979372798,0.5115054070459214,0.07858006377437904,0.1161518530070876,-0.5830610557996107,0.03914597706514,-0.7548572946716989,2.0616948540861526,-0.10045498063662435,-0.7072401876507525,-2.7302452343583057,-2.067086277289405,2.217683998694254,0.17194745611843978,-0.33899098732982474,-0.6572032303408564,0.04268309364905024,0.35257690503508476,0.12909283265224608,-2.0515258100155385,0.05133534909227121,1.7758014041750252,-0.17837773875255244,-0.8163527907285896,-3.336925528472583,0.1776294394492694,-0.15905611314756546,-3.1438241113118583,0.023318014706493986,-0.5842893454845418,-0.8972769732198385,0.3304766196107156,-0.3288760221441933,-0.7594143477731168,-0.45390117207984354,-2.441246037922238,-1.3112867655334637,-0.48391756065386243,-1.2409323951762774,-0.12071495689059623,0.20418252294992162,0.7493133989280194,0.015394892572629148,0.12636599050109565,-0.5061652556519878,-2.102822452417548,0.5915184035535799,-0.023782109839849335,0.25259161279568754,-2.1344612062243598,0.8655103518019178,-1.5792557078073473,-0.4331088633943736,-0.6610917150110582,-0.6626341205215095,-0.21013856033142933,-0.4382600447453691,-1.059730200398263,0.8042557280506697,0.4198772285274268,-0.6656745238774348,-0.7134816651203084,-3.5422043003765338,-0.9366040336564004,-1.6609819798040668,0.2889737686374833,-0.7777910966914512,1.056821046360196,4.178794850468189,-0.9422719703268387,-0.47742591369928034,-0.47670398478204434,-0.34704604286367063,0.02631687728069545,-0.8240780505359738,-0.6317437899706086,-1.9941258495762617,-0.453621576778843,-0.1665723261205098,-0.5830512664405478,-0.2650853247470561,-1.0204898817293093,0.4054577238421308,-0.8947483524989849,-0.7733275756870497,-0.3386304248842176,2.4818825192827494,1,3,train
1.132847070645347,-0.24271901253657574,1.4866301819497085,-0.4128249382587199,0.6856258848494418,1.1851526009474704,-0.564217597458082,-0.4584496057337289,-2.182275652232183,-0.26274228370311214,0.12925126277656138,-0.6339322028785153,-0.3509184539055115,0.32793250342799535,0.07696573682535812,1.6599667543566992,-1.2754419041617735,0.5255148302358951,1.0911767980324927,0.12466734353014942,1.4468272428798146,0.16975812499544873,0.11279393855607683,-0.2770887090315805,0.07870406350780187,-0.6133332150415827,-0.5008314115660469,-0.010650514218782964,-0.033783790496739206,0.3069986670956717,1.0594572503631758,0.03625253979763935,-0.6740717797471699,-0.3826428219768895,0.07366373238955952,-1.9005746606095932,0.5963124083216649,0.8866898535068918,0.48486419599981007,0.31704907031482865,0.6017930609358719,0.43487605459535317,-0.5381380488595113,1.5090772517238034,-0.46864626541068577,1.0702745681531458,0.5430497553783633,-0.07279851161928305,-0.7195391567119823,-0.3679242603216985,-0.5350621740008555,1.1014808624572725,-1.2614817232861535,-0.696889425912658,-1.0481687860719466,-0.7244442044564617,0.37563213305439064,-0.6521932487316321,-0.6892528461335137,0.9835252156038506,-1.5453286448319425,-0.23115899539967338,-0.4924709462951875,-0.5636446436956143,-1.4319952426444864,-0.42847212831873366,-0.9569587886923316,-0.04953895751947034,-0.3629031999470323,1.8273512321158403,0.12337813813433719,-0.5590291272092971,-0.4715287590668899,-0.721381001775816,-0.0014600934909182641,-0.24513210453578746,-0.7648305833073371,-0.2850958782428756,0.012546410913232896,-0.5315553613413156,-0.26963966376171855,0.6714335933071419,-1.0405375894029547,-0.3601651943506815,-0.6484130002252831,-1.711654968539648,0.28556856865307423,-0.029618585800431266,-0.6980618024156092,-0.48846319514189523,-0.5405540308028444,-0.38774269909707,-0.8189413921399346,-0.7259619505150453,-0.3682428312282411,-1.1751570605899357,-0.5066626939409081,0.40090867479139397,0.5561443163973739,-3.241198037169717,-0.8114583124280231,1.8065624361285348,-1.030799771324715,0.12074758973365587,-0.09531528936607064,-0.7232308585132206,-0.719065212657889,0.7290057833844656,1.8702547285036621,-0.7332980718638178,0.0822788067159956,0.12360046802315033,-0.5514071806473068,-0.855069574299699,0.8155721375339495,-0.27942159015495766,0.5901254456974664,-0.21391112918849103,0.38559959805272637,0.06920216548269291,0.5770431188627668,-1.7400157825721467,0.4845107063019172,-0.45797444261707565,0.07538394268928973,-0.35573134269069784,0.15269719212395175,-0.6006387319384632,0.821374707007967,-0.6779898884749262,0.021188149814667063,-0.2205819099726572,-0.6347891380522239,-0.7793053923415318,-0.9551408864199163,0.5975937802467901,-0.8921516996847967,0.057191386327769565,0.27700301444118747,-0.28203674957333946,0.12976632415348807,-0.07331902318591656,-0.6969404186338902,-0.14627702218458968,-0.3077375705555852,-1.4480254321602253,-0.7776075699765704,-1.6913823484541073,-0.6885300028891493,0.1220156484419678,-3.067642405599596,-0.15180666423645575,-0.4315807774929602,0.785508309255255,0.5443436890810515,-0.10587542003526063,-0.8083782117554895,0.5322269087310096,-1.2811416476472661,-0.48971000891870625,-0.7536421026576546,-0.44685960058008173,-0.11255982233239413,-0.16407066685508115,1.2731105224197827,-1.4151559299602396,0.6396230151515255,-1.2208561225019348,-1.2878045954350765,-0.6089406986192107,-0.2209560074336328,-0.07216363762185063,-0.9115419192726011,-0.15846762819384788,-0.6484720876767862,-0.631047331128845,-1.0001254848852943,-0.1598916857338502,0.8146800001087467,0.346267686536328,-1.1598255295956825,0.03882182026181633,-0.3942022157885663,-0.04492736238861393,0.03968575830249239,-2.4189980908286417,-0.48488289513391114,-0.6357825760015566,-0.46371156076657616,-0.6973437729055992,0.18697031038349984,1.0184345164478519,-0.7146844275552519,0.4148572754366966,0.5303917351467643,-0.3675704850548058,-0.29064954146615707,-0.4453285661337123,-0.30175943848709325,-0.020743461382870074,-0.34592652487132175,-0.2877492518528998,-0.8306841910916246,-0.2786936446564707,-0.8477564523813333,-0.3727167168857123,-0.5654054961322204,-0.6055536533140504,0.27992411701106396,2.545953153774854,1,3,train
0.5093769143980268,-0.353055044386559,-0.07790944923990337,0.36763948767605914,0.4104596242558652,0.2729662690206011,0.8765756075322032,0.2917999535694497,1.9897468499093653,0.7338831381149591,0.7954576894688867,0.11548320505135824,0.4468634334294465,1.2458571090932575,0.7641625796013938,0.1570471804235117,0.7294088018789563,0.1338833276337549,-0.1462225357847262,1.0322442449166216,0.07393774528073381,0.2540579602950259,-0.5292638655323605,-0.2052856838663348,0.019126322360296336,-0.0967100592009384,0.20172750939049428,0.0017271104138566835,0.3089051202855692,0.08441467889011986,-0.3080357485446875,0.06535609566785622,0.331869282581927,-0.336602552386106,1.1957078567810004,0.8201639889864596,0.6170358985941963,-0.41261049035982267,0.2317175176609097,0.19184338917501834,0.09913242882381326,0.23122524006437337,-0.45922431084469845,-0.2588913380568135,-0.006134333400570214,-0.3238678447030363,-0.07405642098586862,-0.3005294906305298,1.9749513190232788,-0.1950199631213375,-0.4124586093636242,-0.04248938104094374,-0.4952937509878761,-0.2081986756010863,-0.3025484545292371,-0.42835254603992573,0.10257834582759692,-0.07050356977646235,-0.22353931127634574,0.13529740642981017,2.2917213179795795,-0.03956615033055318,-0.44292222126018893,-0.319980159141513,0.05272289732520125,0.03434126482503992,0.10895889387680087,0.21803947446008293,1.2973982843308938,-0.08642377639409014,1.7931921617323696,-0.1017020885410493,-0.11805344718526978,-0.540753619008901,-0.21492576186316484,-0.09564541075753734,-0.15498786145928134,-0.36593571028148775,0.10822051974911726,-0.2532790714318143,0.09760711810378954,1.520013341274172,0.5616782572449056,0.3689143907287766,0.08076362238083425,-0.175685199070722,0.45456643101618927,0.17793091173444264,-0.2328563101652747,-0.6272686109717279,-0.11684477082190947,-0.0031213217396976415,-0.2986683631522957,-0.25732860334481167,1.101688228666528,-0.17586808209261268,-0.4845412157169143,-0.08307599544474076,-0.2886422617272603,1.1896258830496043,-0.08205838634608409,-0.40642508330288696,-0.01950956269294898,-0.037656875442360474,0.2261401963391088,0.31004244201021247,-0.3215034417584885,-0.24521547516120468,-0.07615823954069321,1.6011252679624486,-0.13930712368825143,0.4641948249992652,-0.5256488875806753,-0.5252723636178203,-0.09195008292801278,0.08505219257207411,0.10892975243356502,-0.06664964985799043,0.15083449599854665,-0.015111562271990096,0.3588889592786366,0.19076226096707583,0.4230631361298175,-0.07288783904769312,0.4821039600106429,0.3009475038844984,1.4074205018029542,0.3426965541799535,0.0028400022576670187,0.2508246030694111,0.6873618063532316,0.6036222996384569,0.9821865598058449,0.0010705444651777495,-0.1800718895951702,0.03805923527509266,-0.20773111590525017,0.08618034049783745,1.0847021635756628,0.6780045260406823,-0.015544924247553233,0.9295397171031619,-0.15722280175526465,0.6666284142043153,0.2704694176471679,2.31510561788829,-0.4202905341523938,0.10132322977740287,-0.5248661547728783,0.9340007374783973,0.7604883064415977,0.49375097578853544,-0.6205252768723747,-0.14813742210477043,-0.21780077666778178,0.1960330874352944,-0.13104475999933454,-0.3021891596474046,0.12579346396280527,0.3614731173037902,-0.02379922429445225,-0.529464488608545,0.6662555279759066,-0.07279423519401208,-0.21484413811876604,0.5876152215857767,-0.15783418017310935,0.867834528956213,0.16584665694410755,0.03792322861675417,0.3772495462831001,0.8209133010263794,-0.009739294102485882,0.6700236465299989,-0.22228911142652935,-0.610671312391473,0.013516296473391453,0.28034763553966774,0.39241679696441495,0.38342952643914524,0.6863772089345024,-0.21119428027223122,-0.6023686490383179,0.37686237554609764,0.10492073198478222,0.7938092812872449,-0.06687228933698078,-0.14051716353657592,0.1183067462726094,-0.4062010772996589,-0.08592403815820876,0.06934034437466165,0.07618228357601226,0.4257387777432329,0.13684971535919913,-0.40519862907188686,-0.25172384091829797,-0.5312633230989313,-0.30175943848709325,0.1971179542736804,0.6104055360674671,0.42350661657634575,0.055581012922755406,-0.08137300596995886,-0.18053124489993644,0.8096684757396323,-0.5446048946774773,0.09497605764689367,-0.05442968941881796,0.013278660910470431,1,3,train
0.6764741032481731,2.087403765347939,0.3596185093377123,1.1262727408574178,0.3752487757438909,1.1061824061340138,-0.5866299362023754,1.1710643903602775,1.0405244022069744,0.8213980834122209,-1.9971336333783951,0.1839394201987986,0.7800468838804855,1.646822615468099,1.110256873299736,-0.6606848448555319,1.6957392432618221,0.3202459047340837,-1.2884373054621592,1.2850796779920801,0.40812795193314166,-0.6579129852185817,-0.9283808788846324,-0.5283992971099406,0.8299016692806978,0.10766833212063519,0.7684141861997799,-1.9910704554411265,0.3893625167301112,0.1529020598764435,-0.5213646563743142,0.4400643774968983,0.42885463164056187,0.4460820306572132,-2.4285939609435654,0.6611054217793058,1.4252520192229237,0.5536561913605498,-1.0846452097013721,1.762280361185782,0.5852581717216595,0.645315229610699,0.147804443115401,-1.126091121018825,-1.968196669974732,-0.16416732062972755,-1.699893847176249,2.3859240922818046,-1.0574063010048051,-1.0042120740190272,0.47363078960545635,-0.7279260971865692,-0.3851542299699987,-0.09960073108740368,-1.0899235246383383,-0.08207586077312931,0.18239406824773663,0.05068178000586467,-0.08199892323152023,-0.00847001885392551,1.5116617101552592,-0.9515480928595652,1.177612550472705,-0.09887720093501376,1.8663905653121253,0.24410560848013158,-0.08762428528553917,0.08006934547062577,-0.45273915200215054,-0.6642672000162021,-0.39819547296621377,0.49349560149042027,-2.661111941000259,-0.0042633328803020855,1.1537658765235925,-1.3176991323947318,0.30888186845705895,-0.7891560074248101,-0.29573682866906115,0.4408826627380408,-0.01606450485458202,1.5769650022115567,0.624445475979564,0.8696701199826392,1.1850963334292295,-1.3315808164006537,0.6235642933793043,0.6370555577964364,1.0646308830641742,3.0318784148402456,-0.7764830505649558,0.2252476210662422,0.2616256680651615,1.2372318011440415,-0.4766542326087664,0.8789369507656726,1.8445344201521485,-1.7770223412712125,0.0389935974693659,0.8720496272999396,0.5704006192630767,0.32702220885152705,0.3896032944353564,-0.06933776847756375,0.27021070647610923,1.5870122756759646,-0.01395565672310316,-0.4761731011095317,0.7620780021718394,1.194952708835168,1.1791291622170184,0.9162564260766539,1.4892220367424909,0.288227422730814,-0.6119357876251371,-0.847571898523566,-1.1913224400029345,-1.4561938650791244,1.718587889377306,0.48204869448838206,-2.0669852952968917,1.3197423094382321,0.714130573787132,1.7180704918384828,0.24689238372841454,-0.5572518352904935,-1.7598422216586054,-0.18463372998562105,-0.5549517925116906,0.654378485602468,0.2675044597953128,-0.3607299941980288,-0.4734208912191376,-0.7836895268179741,0.7798991881714273,0.1294864485057622,0.03706164763633939,-0.5757341130520458,-2.37964599415775,-0.027908176616686653,0.8950722323989723,-0.4842764274633982,1.147976663898928,0.05133534909227121,0.8287382338429296,1.677009483314846,0.8453866770802319,-0.7861106261133198,1.5624773850484854,1.680055413302467,-0.5107939076317836,-0.44024731190719657,0.43031673337478,0.014139097869710186,0.17882542489538655,1.1497895087627297,-1.4285871555322096,-1.136605228025819,0.39378110426948554,-2.6509749902836544,-1.5310834296097615,3.23305492739759,-0.32051575356654777,0.3961777757542393,-1.693528053108788,0.3968751119147275,-1.9733218376142994,2.5266557660359794,-0.47886896126590717,1.876220249738496,-0.12738195433827795,-0.11762937268030597,0.8572756927079515,0.9896288948317076,0.7732743210940707,2.7426391998160433,1.7778757111250292,0.18795172860571951,0.3876722665920067,0.4412368329546387,2.165563740407482,0.13113545738208005,2.3863065711902594,0.536028314389385,0.8818099640193249,1.2022479029410238,-0.3837512969572345,0.4711356208576752,0.24958907116866627,0.8005087794881205,0.212554155559285,0.3996744198494863,0.787393354737221,1.1357568032447267,0.4064414926939879,0.7168042107101672,0.10972909274039348,2.002220622986784,-0.7380099370585205,0.7180909047567358,-0.3846967435580294,0.08105008733263495,1.616320103815726,-1.0509657995157498,1.2927832995386812,0.534695175129087,2.3848131435321656,1.0456949510938893,-1.0073380377439813,-0.6198899623056255,1,3,train
-0.8848964033193234,-1.0324927141996136,-0.4279318161019959,-0.6488744936550779,-0.8271364956650074,-0.5312404087735823,-0.4201382769590535,-0.6141088600938276,1.2653002778229006,0.1565457377957094,-0.04870798818919679,-0.10790023385081557,-0.5646337348721142,-0.29786009044988226,-0.31072642871172734,-0.28551658051047624,0.567298321542119,0.2675782199013821,-0.5359404682061145,-0.20416486711712317,-0.7389573519818798,0.41499400950330956,0.40779347016427775,0.055000282357680945,-0.33056911480984486,0.03386502414340028,-0.5869942980984529,0.28641247696456856,-0.021864176208658912,-0.326509607027822,-0.5213646563743142,-0.5239909107040353,-0.24102091883419544,-0.7739851134985491,-0.46253434475325295,-1.0676100586563402,-0.5590221743719643,-0.6236881635511662,-0.5834147865903494,-0.7132148202070392,-0.28447700094591566,-0.18060196265383024,-0.2710453971170676,-0.519051272945417,-0.19764318024850866,-0.4576709864941869,-0.3074491415338795,-0.8293285435888486,0.6403760990666291,0.005549021631081346,-0.7133946316550102,0.31204685144817285,-0.07867904105068785,-0.5475672522063444,-0.5411469606229041,-0.2552142034065275,0.0185617959116604,-0.18764940789937845,-0.5362979106657183,-0.1809909291944083,-0.0660264155795151,-0.4534066956798528,-0.4778977918731291,-0.44406855405332385,-0.5903586124021885,0.07762597065863026,0.15701255989426177,0.05916478047222318,-0.19321306828736454,-0.43631062005518545,-0.5772431305081939,-0.7338894655236271,-0.16714724050216148,-0.45987568642670007,-0.4451338355979405,0.13979613194320656,-0.7323921406558448,-0.27558530976774476,0.012546410913232896,-0.8373534821209876,-0.66311835861762,0.7483183355726111,0.31721645796255166,0.2314011593792702,-0.8756202087184937,-0.6145337046332724,-0.026918044773063084,-0.03590796451360927,-0.4799967279232649,-0.5150429556199483,-0.6609259796610645,-0.7242864042847708,-0.17860535646284062,-0.896949793401482,-0.15460859909602956,-1.182096567385056,-0.3265306569741014,-0.35963866415110346,-0.635550818523688,0.4553895797563796,-0.46676298870997607,0.010881134647038222,-1.0330981581625145,-0.2770236228194518,-0.5437975395837806,-0.7297294327303491,-0.3365057727358243,-0.3711923620421103,-0.8518819479729691,-0.25871750277825817,-0.2685655830907289,-0.6721518023664996,-0.27951408716619763,-0.3098048526389928,-0.4549589711127977,-0.21867595970045234,0.07309603059476384,0.04662841116547156,-0.7444561474284098,-0.10524002987182365,-0.40028751607413665,-0.03947696179806159,-0.007069855074880508,-1.0814479912532187,0.31549576014406444,0.06468209876749657,-0.18839263963344696,0.0790314120971662,0.28668671438881943,-0.626744951010411,-0.1047690541527086,-0.01703350193104599,-0.34827816918531557,-0.5381779961372115,-0.7575742793861575,-0.08628177471861788,0.22190516296366214,0.22146212662482087,0.043451453245676466,-0.1267359549887183,-0.2286680885690805,-0.30333249572928317,-0.3582940707884781,0.1366679639618248,-0.31272211355733304,-0.09657054201236735,-0.829267864312596,-0.09935276778582589,-0.8975161474068493,-0.7732499625469159,-0.1822603017476514,-0.06596123338206863,0.08607538519036723,-0.8883851091116477,-0.3461210183499833,-0.8332004607597796,-0.7104504837907442,-1.1972900329987946,0.16810730190596532,0.4724970033328115,-0.19832686912043543,-0.9664709930171895,0.10355124345996157,-0.49140683557063913,-0.27046861140992673,-0.887815626752045,-0.22994467123969867,-0.6037429754802094,-0.05919558714806739,-1.2227092621361262,-0.18753670275672035,0.0025300699741831463,-0.7884471989229711,-0.7697514526155624,-0.8666777715169177,-0.7445708640942037,-1.0347207675255226,-0.798510454247904,-0.6086791116137199,0.1398130204095656,-0.4702799284579027,0.17344587439553424,-0.24179464858785524,-0.7293408994147497,-0.2686977536501505,-0.24187436647769467,-0.4545434156809081,-0.7397883126192025,-0.09174497356108162,-0.5977423244088302,0.14006659422789366,0.20985558543484825,-0.9138235274803903,-0.4937481671590848,-0.22260598775385257,0.13527834862800503,-0.7911228342243453,-0.18115875768507617,-0.3409101242563239,-0.15966958151168484,-0.3846967435580294,0.2127641370417545,-0.9023674061221995,0.06491643305624817,-1.1187108513585504,-0.595445090380254,-0.32619857940267555,-0.8292522164780494,-0.4612268205751743,-0.38245172859958954,1,3,train
-1.729366067400708,-1.6712802670153062,-1.8234951322547355,-1.0213688787603135,-1.1896778247882978,-1.2677583481562311,0.8973870649376184,-0.8693339438193949,0.8324548416706102,-0.8792654804241208,1.8449609643951528,2.6501646448526373,-0.8978171853231534,-0.5756719055810224,-1.009570675602611,1.0421747022914876,-0.7295855211525792,1.4613790761092853,-0.5413282737234609,-0.8223694231339957,0.052862687203554935,-1.3016571820517164,2.5682312163537495,2.9091705326761983,0.19526920923118227,-1.0447987078315715,-0.404726653510671,0.6288600918009322,-1.169127051436387,3.2348342042610074,-1.6755287474525506,-0.23295535200186665,-0.12824725713810836,0.011576986394194088,-0.025632207822072425,-1.4903709872858808,-0.5098038849747021,0.741280789752855,-0.8213726642289157,-0.46638076310284166,-1.1542121736134907,0.2877949107674233,-0.5259974737803094,-0.10503331204742442,0.23957513047980367,1.8126661935750137,-0.04636575922593514,-1.134256464637806,1.0289233150033752,-0.8243916049306518,-0.1644650354383155,0.6476744848712033,-1.0028932826354846,0.4399953057149567,-1.4001015825601055,-0.15986265239103284,-1.279493900289559,3.128789664476971,0.10519965450518448,1.9515592125143375,-0.5368732058878887,-1.3500612106033352,0.6384058368565444,-0.2071725274035032,-0.3266062881361162,-1.763638823647174,-1.5991305072893092,-2.704418712316601,-0.469375439419765,-1.5177790459167526,0.6994445145737517,-0.30682671617901336,-2.2978178704552605,-0.11749243849538324,-0.1061001270067254,0.3229173318215629,-0.15823170572443057,-1.6879047283246742,2.8721392194524435,-0.0728581801718079,-0.1501387268054818,-0.638454608252703,1.3644379494829058,-0.24081408789639305,-0.5612288388267256,-0.5518410609814794,-0.2915750745115263,-0.9006975375755839,-0.2037809668996288,-0.060233720773262375,-1.2194518223632058,0.16515053085415274,0.08553325825396067,-0.646800912141695,-0.39693996688779193,-0.18974709568285328,0.4382404473411134,-1.8807333420360983,0.0679026438690682,-0.6218290797464829,0.0010378077645165722,-0.41907072627106656,-0.2286627649327006,-1.6850633132729305,-0.5282432418883688,-0.6127550968220359,0.1398182357945895,-1.3832066866520525,-0.29495210602159155,-0.9556241042282241,-2.070797817045271,-0.6257071173243022,0.22134161135163483,0.19588420373988794,-1.0583386095821024,0.21011672586076147,0.17035898987150988,0.04662841116547156,-0.6330422006908331,-0.8291751405930674,-1.4474274820779618,-0.41715007282508526,-0.20758297879436383,-0.2807123552597408,-1.149676350447316,-0.661486572842112,-0.8583905234426229,1.2860318402983701,0.35599812083944965,-0.5178494588983164,-0.8717084738651738,-0.6043207120183176,-0.8356761392117803,-1.108115478074696,-0.2028680365606039,-0.28010746676763726,-3.00036692855318,-1.9188889895985242,-0.33606983369702886,2.019238661089683,-1.4880322413781053,-0.22666133821482762,-0.1713330662488235,-1.6822640898365537,-0.3301680140634506,-0.5252402529309373,-0.2222594058642959,-0.514083162749832,-0.11948339251565332,-0.3186771135564362,0.8938062914380571,-0.7389894112804638,0.4743175072028628,-0.31708284016039406,0.41602344739884994,-0.42836859846971714,-1.2898562075821538,-3.852250250566476,-0.9743663225593558,-0.46750523171290204,-1.3724219343134132,-0.14042211273255656,-0.740505183313956,0.188445207146289,0.1652564293708321,-0.8850106251392353,-0.13238341862019545,-0.5615472047436811,2.884600254490113,-0.49160259088803565,-1.1600384688548726,-0.9327650512283269,-0.2800124844353691,-0.9000759227968417,-0.08932002283644923,-0.1362011617926664,-0.8652038825884045,-0.5675206869130335,-2.544447503556275,-0.9337512434495988,-0.7900288967274377,-1.095866636008092,0.4905051255228783,-0.3194886068932847,-0.19456710173845748,-0.6503129881314736,1.1601911018733633,-0.4277711027662647,-0.12237751603682823,-0.3295845784559903,-1.5143553938062149,-0.6406313999294392,-0.7431328704017003,-0.6624114529103975,-1.3505531940741182,1.1067686123417346,-0.14050755363870063,0.3853740845300712,-1.3084913582673097,-0.8985039476512907,-0.9360954093245382,-0.14549807816705068,-0.7199010405898271,0.058112273101540865,-0.7664701326881682,-0.7384312066977375,0.4330233736954449,-0.7321199456305235,-0.8178708807670483,-0.9025545262413827,1,3,train
1.2622126362067505,-0.7276168367193968,0.47880716012264896,1.5533450578462045,0.9868742554518881,1.2206086067820838,-0.5706211228135943,1.5160389540772532,-0.22763678792341988,1.0813305328772225,-0.12627996937939906,0.0722477007477117,1.2406630484482566,1.0596945525620811,1.0070941511396532,0.6333086896519657,0.8522581502592157,-0.20373003667843492,0.8684808366488423,1.1082410224884358,0.8205969457293567,0.2847124458585085,-0.4424992974123014,0.04602490421202523,0.9102021030012487,-0.1250959468844903,0.6259140277038776,-0.21694425809611043,0.1658697488286057,-0.22377853554833652,0.3757107509092441,0.8766177155501512,0.7626646702609796,0.8115266705340571,0.5999322155112088,-0.30580323676944543,0.8683082181486403,1.0930769117384276,0.40385725893136193,1.265034941801964,-0.17865370997495597,0.4394016282515972,-0.45315402330509746,0.6642568179995213,0.9333430284949769,-0.6173715105674957,1.1324652699826618,-0.030340193498542136,-0.2718651905239922,0.45510019435202015,1.1284452825543052,1.1582066596555312,0.7353956795162316,0.5485932502286394,0.7771097855446062,0.8488563872992002,0.07317255335701914,-0.22400501283407656,0.46589935307103014,-0.24808239432681828,-0.449028655457222,0.14436298093580222,-0.8567998068466475,0.7313869686567385,1.0277174443312438,0.0010453372607396594,-0.1007298305630285,0.0424411284735011,-0.3529214274964636,0.6345551741802881,-0.1218393058905487,0.9071075555800856,-0.29479110312607987,1.1118521367540695,1.0658682483703146,1.167517151668676,0.5002686801008637,-0.6227210591100204,-0.10438861099729244,0.9729713928946697,0.4648538999692976,-0.31667772395648025,0.05293343171135822,0.07572580313454605,0.9499632920816046,-0.20311323066838138,-0.09387946193580679,-0.17741898556011418,1.762439121439676,-0.8103736275983159,0.6535357018706993,0.42557125510654026,1.3021717260404393,1.398720319425676,-0.4288256731761817,0.8303604031998305,-0.945932047245928,0.19348667326162194,0.9833557798596413,-0.2610624532148639,0.8658537538785458,0.2827624584628986,0.525208117865525,0.03274510908031345,0.7705406156785256,0.6447190141923307,1.0399580944347415,0.41826279574489833,0.9893963050091363,-0.23733999966629601,0.2595475510393932,-0.3315574453903849,-1.0293666186614667,1.6733757075947047,-0.18515506773221432,0.674642135218743,0.9535817672053069,1.3455501775678356,1.5196344130602046,-0.15466531855560334,-0.2432165211735629,0.5987300065684596,-0.15260357390353774,1.1923967155374209,0.26649334841860023,-0.4391191327319926,0.09178829359584484,-0.3838473928926159,0.7586643868859682,0.8977919385589151,-0.46024827423841325,-0.35071941675335944,-0.6018568427801655,0.2904234199103622,1.1927627387676156,-0.08993886324784467,-0.0029045178398385057,0.3664068974751602,-0.024667752103014234,-0.36674627389222375,0.43976365407570955,-0.5026775052668676,1.7088596775178917,-0.11932988064683592,0.537142468240679,-0.47942822275643365,1.2371439091284258,0.5160536247414089,-1.0158576991216914,1.1977223903278358,-0.3441464263862093,-0.4986222048881798,-0.7551158791700399,0.667691109821728,0.8048726646176424,0.5940033927373897,0.6115738437333172,0.8053085311093997,0.11521500447701526,0.058007828824465396,0.5711813830668541,-0.7559617622349767,-0.26342981165913304,1.2271080501860403,0.9486344282213452,-0.1865652235496582,1.1104621038804323,0.7016886816811331,-0.15042892934759777,1.343685760804702,-0.39139446128588634,-0.15335245022623517,1.3978220733737179,-0.350851369890022,1.4006156621344488,-1.0240134067781634,1.5391682609074546,0.9271189840773051,-0.048824527669549735,0.0035529407659024236,0.9227134028728544,-0.1034950369652569,-0.9963979691182049,1.07321335798548,0.9618710680839533,-0.1762324451404802,-0.49162500167902295,0.9961169580705547,0.05704166132111618,0.9154335277536232,-0.08166006396224457,-0.209224958077989,1.2084303088646566,1.0922307940185816,-0.11105076954635379,-0.7164860023041031,0.7102970440502193,-1.050054633666735,0.49244018711729964,-0.23544746521831109,-0.3890045456343303,0.2865240048788614,1.4273370823714833,0.9494572271681976,1.6788933180812156,-0.3672172508735014,-1.1998238405018826,1.08984598329731,0.7368743191319025,0.49946171087997265,1,3,train
-0.38540158073501496,0.06651223462192994,0.37319696322460383,-0.0007615525379099957,-0.06293067240512193,0.7548456210455727,-0.5594149534414478,-0.1289007338902766,0.29177773545932845,-0.7852195690598991,0.45322836068858263,-0.4483798302420321,0.012795750969327902,-0.06587290461872396,0.027048290618866426,-0.23384669979229492,0.27600605218686447,-0.9397271708790088,-0.4820624130326507,0.13928210844780597,-0.8322897520379577,-0.15977759481198928,-1.1192629287487623,-0.3309409779055148,-0.6388191668338953,-0.255671030228829,-0.8156573431267612,-0.0890421368921674,0.6366945132077773,0.10153652413670078,-0.6471740122738376,-0.45850790999604735,-1.0439693901103355,-0.6675169900698623,0.30204439487631296,-0.025357868272621535,-0.28184549197685593,-1.186561958728082,-0.6593587900920196,-0.4413396268748796,-0.8731190569718791,-0.32089474599739415,-0.14356935878544674,-0.5722022273850241,-0.18318968237319255,-0.44040606497274815,-0.05823318569447806,0.17423170290139137,0.02376856073222764,0.012465193519095788,-0.8220659730380105,0.1324151603203538,-0.5910672475251607,-0.5170240803118712,-0.4814973340994874,-0.5563243645080896,-0.21248371635716504,0.30113150288934054,-0.5340150011811243,-0.14744519662820332,-0.29090846468202186,-0.407424412863264,-0.45458074479783567,-0.3876647381843189,0.21571590670311108,-0.15211592953504155,-0.6336886718475947,-0.2585846075034963,-0.14995872100156687,-0.29317509310291917,-0.22693249618692837,-0.36399259601254436,0.29433441667662036,-0.5973681718164415,-0.21492576186316484,0.03515544629843149,-0.8167320915497248,-0.5323706585962774,-0.05123632831069001,-0.8618173317833613,-0.37456731572329227,-0.09741382934754966,-0.3732229481186912,-0.3134625874772643,-0.4502671788649252,-0.3990277420802342,-0.4956479649122691,-0.29691718111049614,-0.25102839970630336,-0.1872259097239604,-0.5261093969398579,-0.5760469150949502,-0.3787103676119325,-0.6847982105609032,-0.1609857403537075,-0.647754544160793,-0.2696468558266887,1.069268457498437,-0.37215728465973363,0.2318158957086157,-1.1099890838624034,0.0424952420674871,-0.48608209076624104,0.1946696734824635,-0.4193631580204854,-0.3885542863311023,-0.715314629913555,-0.5013684784857128,0.3500635782792386,-0.13045248410648527,-0.12453472832796829,-0.36561688108799634,-0.28523815229211574,-0.5252723636178203,0.17294829493656,0.035026379256599155,0.42631414586294675,0.05795621726781776,-0.2391143175829722,-0.27096011545861437,0.34143662651190615,-0.029378750273274856,-0.21405114407563747,-0.6535739872872381,-0.21373028649094925,-0.3140374476700505,0.2379696500633014,-0.26080365992064847,-0.023564343056858787,-1.1007606225571762,-0.5638130863893666,-0.03705465682038479,-0.5919771541985479,-0.24005685173914262,-0.3649739705370214,-0.42639100793670853,0.12698551995773963,0.057191386327769565,-0.11224958755133085,-0.7055843711677608,-0.5967899178517185,-0.1530570270009503,-0.5840583026854195,-0.011541314495820893,-0.89342137326096,-0.2830909505799894,-0.49347595112843,-0.2286772995487955,-0.37882764414605197,-0.5893388099019127,-0.2870101471020124,-0.10029940572382348,-0.361697195530711,-0.48602825821601775,-0.7427472199131516,-0.8915236951575004,0.04032876393896971,-0.681469190728502,-0.5653325557754756,0.339268340097986,0.14279534576671352,-0.18572156745784288,0.07908583978535526,-0.6047155093567939,-0.557861723414257,-0.1725402154856105,-0.043305753184996874,-0.6828600456111997,-0.20516893466731598,-0.5216892851780806,-0.1173561629352042,-0.016955245050869146,-0.3442358167916978,-0.4532491678895985,-0.21547018380652525,-0.36615908754300824,-0.7544989781396743,-0.3935989797432486,0.2548254161645765,-0.136836232200296,-0.30067395398449714,-0.23427268955229716,-0.0893870813871442,-0.8526945020182973,-0.23904549288547328,0.08268846680075469,-0.2354249529647753,-0.2990020955253697,-0.11362536104375777,-0.45600180154804343,-0.1584115994896001,-0.8427761326826901,-0.6520978532930655,-0.09113258181724154,-0.10485325742371497,-0.3265216006725355,-0.9357040076878218,-0.4453285661337123,-0.6988592512892897,-0.06494722687840204,-0.35454212902392346,-0.4932231693991263,-0.8046175674441428,-0.05415636615112965,-0.6580883730972814,-0.2049830035132797,-0.423268052858143,-0.6909123155739973,-0.4612268205751743,-0.29199906814014726,1,3,train
-1.8856827924540709,-0.8553743472825353,-1.0540494119975494,-1.5535037146249353,-1.4100716543632477,-0.6811226152562657,-0.6458625457408649,-1.3797841112705294,0.06396434801075461,-1.5062382228522653,-2.7637273298462763,0.3839036276031639,-1.4155125864223774,-1.6453905958024744,-1.7450210497115888,-2.071497240117179,-1.0677378512302007,1.0913548288231252,-0.5179811164816266,-1.7138700831110458,-0.46197087439610035,2.1776269294035595,-2.1344083757534538,-0.33991635605117054,0.43876084696446577,-0.2216079650085667,0.9042864303470355,0.31941947598494097,-1.5445949015109164,2.960884680315713,1.5900445339394267,0.8584279931312657,-0.5026558139691175,0.8690770075225365,1.4439477073100802,-0.4816048110510366,-0.7869805673698104,0.21124129929459257,0.9253394163094967,-0.4556488475765722,-0.45313287093088267,0.627212934985723,-0.08286648338943679,-0.2532965007473812,0.1673076411032231,-0.12963747758684996,0.36108254952737184,-0.1692946891664215,-0.8800260502510732,1.5132744932182298,0.23121010498183997,0.2884111026155651,1.113700990838506,1.264660946865734,1.3915009387357988,0.3645708781941878,-0.15367213141600947,0.30921052620816236,0.7329997627685234,-1.4796900042574872,-0.6563417944735954,1.232610340928405,0.2303575130389092,0.2869248996089799,-0.2940076862605342,-0.16210470780433162,0.24438286174419066,-0.17078543451020542,0.05300398549332989,-0.08642377639409014,-0.4449035575423825,0.5405733848827399,0.804909867172294,0.5214432289040033,-0.27352418063201683,0.057578450365169,1.0160399182595916,0.3473569253533251,-0.15754089368389487,0.9974352425570434,0.7038557738817711,-0.5786553642684492,0.15534310438369567,-0.5807052823640407,-0.24683746893495762,-0.4382106443626048,-1.2035258034898455,-1.3283752900716876,-0.3927706981263272,0.03131878754003154,0.6390910680077129,1.0505809933122703,1.1460898173441478,0.3094644314083763,0.1642484637878683,0.4139899954926127,0.21702566510117519,-0.35963866415110346,-0.2886422617272603,-0.20516903220292287,-0.23286259047272975,0.6241948186037466,0.10230493971042284,-0.22070203520131268,0.4983404060088172,0.03385303778225081,0.6836527337230147,0.8969749658923398,-0.7098080086996585,-0.7161960693742481,-0.7412822346197893,-0.6133218679797161,-0.13927449158120456,1.2292487972097745,-0.9062673185857736,0.5495776019300557,0.6464355800155825,0.16368240755638228,-0.5773352273220447,-1.119912132850595,-1.1332854922768143,-0.5565053918671421,-1.4138958037519005,-0.13095645387164764,0.06558346034419689,0.13764641505362948,2.3819628782526645,-0.0264346447359487,0.11175792668008598,0.6992178058839188,-0.5750092822975778,0.009661371254739082,-0.2494812833691403,1.3382315597800454,-0.6283961132486998,0.06000176645045334,-0.1677649504290723,0.3809013745601942,2.009177093307894,0.776832304412714,0.381639154715293,0.003352134328538987,-0.1713330662488235,0.2444565301128398,0.1009949555877403,-0.7313943887162038,1.052027854424334,0.36443175991585836,-0.6029212207975615,0.37879725779536855,-0.4965098378107344,0.13320016620010952,0.06795741949645077,-0.6883181666773566,0.7582107585513873,0.6454650701471434,1.729582071330826,3.930575987217642,0.03411348175262515,0.7537575146063322,1.6580126258468402,-0.1644041769988846,0.4093687893925404,0.37729299678988015,-0.27510398418419013,-0.08558516548851454,0.5887214920456978,-0.18705973945699297,-0.1808400434141079,-0.2178136728486273,0.16670792681855165,0.42471189551698274,-0.7509835883817794,-0.6083973466768358,-0.3552582000166095,0.0035201095493134727,0.7573148732382975,0.3537208557519207,-2.0272936929637786,-1.6769880415059435,-0.3312586379059309,-0.3573575390459821,-0.19347029801202004,0.7588606287699873,-0.6393510132086154,-0.4096259432283539,-0.5320776409496936,-0.7744568914917511,-0.43307901829082956,0.7353847554710022,-0.18399544466538528,0.08413142238099708,0.08187197214530192,-0.9181267571140007,-1.1801216107015506,0.26868722287038344,0.47674284076306483,-0.05384800662549249,1.4208707353590546,-1.2900230134688595,0.11500829729286921,-0.08227533430667329,0.4954552869740102,0.1975975521730406,0.5002416825303214,-0.5019541681726686,-0.10779226412787377,0.2892405993419454,1.188251957812243,-0.7970264223720332,1,3,train
0.5489052816529001,-0.2790137598556492,0.172537589118318,0.5641200424568427,0.1822411616782543,0.4744208476263585,0.8765756075322032,0.3254560085662278,0.6061602101383603,0.536647962892772,0.56274174589828,-0.19437124245810866,0.6167737189184226,0.9608851956339951,0.612746326108369,0.3210428887899133,0.4951084982671211,2.3756360666666954,-0.7694120406244578,0.7925621002670541,0.007701848466743069,0.08545828969587156,1.5617622261610637,-0.44762089379903913,0.1382818046553074,0.022510669069979523,-0.023621578463490646,0.14200685625043935,1.2416149383278523,0.5295826553012235,0.003752655206305301,-0.025592516426571486,0.10406648595583105,-0.2646646311505068,0.5900026214900457,0.1546294577775789,0.68697767826399,-0.22967650692732497,0.2215916505273537,0.2991625444377129,1.537667790460297,0.3058972053923993,-1.5458057804332765,-0.6813015549189546,-0.5120067590366341,-0.7166448093157688,-0.9087320826067209,-0.1075371355362529,0.5390159557787823,-0.1466067599052364,-0.16167859078746935,-0.20793962286919818,-0.2031845865491579,-0.37448927813766275,-0.16535431352537858,-0.5462873591380375,-0.04865144402108882,-0.6764303186880976,-0.3285531475676679,1.405242996436142,0.46104088700448526,0.19034526375239105,-0.3263369858837217,-0.15528101680401868,0.08828500846219976,-0.028920997547130577,-0.3322611304653401,-0.08716717451659502,1.087781062868951,-0.09702640802018395,0.3569185610151809,0.0428939604496467,-0.31442862045283654,-0.34395064972554557,0.1868919668375346,-0.16665159030220614,-0.25230318941375834,-0.4325096896074036,-0.3382586548183431,-0.23187320297723724,-0.11224818581935794,0.2898574650266654,1.5031865382647822,1.8971274711978183,0.004147238121495823,-0.5126581586991089,2.83966833757487,1.8131693771607218,0.14148873437991638,-0.4796032749825442,-0.227586963771472,0.0649887138340037,-0.25864736092247737,-0.010346163619958791,0.8274711545863759,0.1606979974707218,-0.3770940357718015,0.30872111855593976,-0.32076342439359623,0.5265266610443045,0.028736539134716795,-0.10292965206657775,-0.22636437809490115,-0.17494074526157463,-0.10568482116301191,0.11508521549635718,0.046053667186240314,-0.48877078979762223,0.11990379665647542,0.28427107626558035,-0.010048664285773995,-0.07146720915407904,-0.4083055524993546,-0.02398060338136456,-2.0492547638162453,-0.1650768740053006,-0.35178952835102145,-0.31963731947705554,0.4015158761580945,1.8979378467825416,0.12328246692777592,0.19278190327203318,2.9036045214982646,-0.1370689396425902,0.10478538972456827,0.43297817144988177,0.9445128729893416,0.6415170485404457,-0.13578281064359343,-0.09828153340759843,0.0435805416310894,0.7237492289744898,1.0743969865676086,-0.16552656563962542,-0.21046675221574848,-0.30204999794299797,-0.3176380709647394,0.04269690924273563,0.5008232605868854,0.2968116666057031,-0.4805409191308854,0.7669968631725161,-0.15369523563187495,0.5139279454903773,0.016257724558026473,0.5284364410826469,0.03173704128782964,0.17267469557766196,-0.49716919586089403,0.7153893673532047,0.04628481538913626,0.589897858345449,-0.30475501763554497,-0.248170893321916,0.07383613624631258,0.17544841647139292,-0.10656282800814823,-0.07462114099874614,-0.09282803207685499,0.40588267171539877,0.25385839247415737,-0.3482666697073997,0.5969368842311887,0.1664129650212034,-0.7340058888362659,0.04905491192634371,-0.7771360446273471,0.35621080877580813,-0.26599116280033624,0.016862542613722754,0.2001272314954641,0.5513664431798226,0.07053987134292497,0.20147614659254248,0.07433424004364941,-0.3865351062803803,0.43903827294819814,-0.2278298525970474,1.7019071797490843,2.097003255291273,0.3332631309324941,-0.31120072048585024,-0.41650576220818253,0.15403006116549528,0.21463409681408785,0.13739006791510008,2.029922846192783,0.12692615919451364,-0.2799163059120965,-0.14187415628900243,-0.017700451022781605,2.041484078552719,0.3094595149168887,0.39309427082362397,0.8836499261371773,-0.12127717876118414,-0.14328796082069056,-0.5280805543224417,-0.346503079366214,1.163285971533165,0.7956410253484035,-0.2297950699808872,0.06535599679056106,-0.363745644090312,0.31396053323348466,0.19097854936590547,-0.5203375263136105,0.44524091312736574,-0.08229250662130812,-0.005565643351913377,0,3,train
0.3368894936494886,1.021789984059943,0.3882841342100388,-0.13857083054387623,0.16267957917160195,0.6259146907378881,-0.3641074300983202,-0.4135748657380247,0.7595545576870666,0.2688783541474186,0.3026474560252488,0.18754237889076916,-0.10136272209357791,0.4883187059779319,0.1551697358821951,0.10088426659940156,-0.04188246784865234,0.03394977179734671,0.19680108215299344,0.36873391765501395,0.09501280335791268,0.2387307175132846,0.21691142030014773,-0.04372887724453192,-0.4678569531062707,-0.1932220773250148,-0.5903082552727763,0.4060628484134185,0.23738743455708744,-0.7545557381923448,-0.25880600058400444,-0.3093521861611859,0.09955553948798758,-0.8171478662399086,0.5403546513842297,0.12532919539731371,0.2854600542336929,-0.39853864548039974,-0.2036947690819989,0.04875118215809226,-0.1753467321321135,-0.19417868362256224,-0.45922431084469845,0.054419551271397054,0.3190693687940423,-0.28070554089943933,0.22262924072770443,1.1623525609840892,0.3531890264177298,-0.11894207235317862,-0.8192795283871644,0.02841786545687958,-0.6485313454475315,-0.6154409675273961,-0.3621980810526539,-0.5713798725631677,-0.0612539265084793,-0.2644001294281856,-0.33768478550604375,0.16884313899601516,0.4153617207805385,0.2516549741745095,-0.13688597839696248,-0.4666300804009258,-0.1665767880196229,-0.0322505903035606,0.1220644391542902,0.18041125746295825,-0.19986758325441034,0.04080780311903542,-0.3437027076273502,-0.5960188141604054,0.8540036604891856,-0.5434495500949743,-0.21074016052253253,0.008995274887237724,-0.5312737962165923,0.25225124060201676,-0.04592110004202977,-0.7211501962247122,-0.3978845717147531,-0.1002614123944189,0.07936173433647756,-0.007301053529306829,-0.6431291116556735,0.1338597289600055,0.04004337238968063,0.030130511974759706,-0.33462001159503535,0.32369615279861536,-0.40573744808163775,-0.5560145516909204,-0.8469560937008075,-0.9951094809844363,-0.2215685823016481,-0.415281066524263,-0.13375777530786956,0.08977567249673593,-0.27900591292735955,0.7856688857360309,-0.08513602316499523,0.16262885026519286,-0.34358210682267404,-0.12213925686956918,-0.20678775618318931,-0.49903004802228695,-0.47527733427618113,-0.4929700193603191,0.4580397721269547,0.1731080600833772,0.3740336150815875,-0.38109844276872884,-0.1421365241441636,-0.35377781406324327,-0.05761140431593854,-0.047158885475966826,0.19595450547065357,-0.1648239694116575,0.25826937320978144,0.01686950687633794,-0.033788527972797855,-0.3343447383218341,0.031739136612761426,-0.6535739872872381,-0.04712208662437085,0.1133249762915852,1.1394213482792839,0.15520134203219363,0.052348149722402905,-0.4601989042507368,-0.23632435607418983,-0.0770969665990624,-0.31534587391325714,0.031759485800273074,-0.7525084689493945,0.012459615570505194,-0.007900288524360742,-0.04910144562914598,0.4132414251385688,-0.15497246309501306,0.0910166579132104,-0.2113271067119365,-0.5240896785877944,-0.17322416372234342,-0.5245651911316176,0.25683654790523236,-0.8034377171445832,-0.46948849662467,0.6484777409530028,-0.27703685258020905,0.32720485520310444,-0.048792147211191204,-0.16239957289762993,-0.2037115727809624,-0.8088515868403463,-0.575892073711011,-0.9063059397202348,0.03157726770396112,0.19984268036333536,0.30966197049024696,-0.33318914012233153,-0.033835160437765195,-0.006543073075766807,-0.5889781935531613,0.23942239375904634,-0.0350951364579427,0.5208527945712608,-0.2978236376403796,-0.21733338029392002,-0.64203606233826,-0.06054334498445303,-0.052678322596798346,-0.4539506762337593,-0.1957031911027848,-0.2495648219065458,0.3237146897080173,-0.6230369041068072,-0.38816392639419284,-0.0820362402764073,0.09439299386167788,-0.4619386510247844,-0.06887742304515801,0.6317609195137812,-0.3791758339595174,-0.06409715437387781,0.5567690097917481,-0.29273285859822545,-0.3534812908965176,0.06141773881765141,-0.9233624444944214,-0.004908528434889017,0.13096983606772594,-0.5297695490533376,0.1999476048826046,0.30418254267044736,-0.13496014022194092,-0.6826869541267379,-0.6140153112876607,-0.44158331623434555,-0.0838916978050586,-0.29423289995571156,-0.17710945009723936,-0.7720342878847906,0.0002769134865287831,-0.5971236333274076,-0.2764760616720215,-0.2117952714015889,-0.4995911760258404,-0.27175966359824116,0.05096726943523805,0,3,train
-0.0943290582218568,1.3992553561783065,0.3882841342100388,-0.25591338409351083,0.2774408632106291,-0.28304836793128924,0.7485051004219556,-0.45564493448399734,-0.8123578157080927,-0.24576177192901658,0.5444895150299971,-0.10069431646687448,-0.23941482905337097,-0.7489462851215789,-0.5054044689170449,0.18625189561204897,-0.5054171225617964,-0.24289318693864895,0.2901897111203307,-0.5636880840914745,-0.37465991950493077,-0.5812767713098751,-0.3383818156682305,-0.17835954942936766,-0.4108695485303958,-0.1478046570313318,-0.5041453687403703,0.3483006001277668,0.1092515809602243,-0.15529115456201287,-0.6964037602345207,-0.7240778573117762,-0.4868675013316653,-0.7308223607571895,-0.28380165237231547,-0.1886021872483847,-0.9786728523907264,-0.407919875400015,-0.6998622586262436,-0.6667098529265382,-0.09928624174673618,-0.1240322919507803,0.06889070510058806,0.32297174212414903,0.10226690066430061,-0.07784271302253361,-0.0621889945173257,-0.7945899196718788,-0.4576921198850447,-0.250349338225453,-0.7858421925770104,0.1607780589194831,-0.6676860447549884,-0.6629525682521322,-0.433777632880754,-0.6516759155235843,0.0983775183318001,0.11935347821584999,-0.6344630185032586,-0.12348395908091404,-0.4525424374744486,0.152026694738567,-0.679007322897535,-0.5027285225570889,-0.47478175120694327,-0.19873022812506191,-0.20994270787543964,-0.19587091250828856,-0.22315838563907062,-0.2666685140376847,-0.7329367457620897,-0.9827291777401738,1.0405600750933741,-0.5596251366114144,-0.7423115307828329,-0.11806841482427485,-0.54100532901204,0.44246261010463345,-0.28510637213174067,-0.7211501962247122,-0.36582334472649447,-0.28535431044091875,-0.08581515707051834,0.005671892824420183,-0.5797224488203591,-0.3637631300261007,-0.17359543474859693,-0.10509113035856722,-0.618104608435083,-0.6863347453674015,-0.27092086536043125,-0.5119433522020548,-0.6228384812138246,-0.9317806502857561,-0.22475715293048706,-0.6373452839681125,-0.6551926191591523,-0.7283888890929204,-0.4974298190584437,-0.837780933656255,-0.4975393568990874,0.13733756432883373,-0.33438855947147617,-0.1995814398445105,-0.6734166870455466,-0.6452479679076785,-0.7603216228455626,-0.25781316384929526,-0.6444539966339357,0.02774103892203461,0.0379616206351462,-0.2974980096927734,-0.3539269338031328,-0.7583290591663479,-0.2489268994403522,-0.0900381540320882,0.05773872123527763,-0.14972022794186257,-0.7842468426918301,-0.06162948103319451,0.20181796437806282,-0.6696053609447534,0.0026323928470299747,-0.5557742149521568,0.08518442503438257,-0.46691506274575756,-0.4929371322739815,0.5126140901888608,0.19757204895229485,-0.658773036925733,-0.2055348173266091,-0.14049729041530196,0.833991231081582,-0.31897127231510203,-0.6359948289038444,0.09291556321349437,-0.14778186769098337,1.8690010219570117,-0.33606983369702886,0.889778336837893,-0.05429459048783092,-0.1653244122032632,-0.41120756263932373,-0.02501488526469777,-0.4896733901193825,-0.36162585945056713,-0.8507929869526066,-0.1573258337485364,1.0714858406996726,-0.42971780949304195,-0.8012366606597846,-0.25138736402754486,0.12231131657820016,-0.19037377661867633,-0.8166285711847222,-0.5587381812410932,-0.4085066558994462,-0.2263331534311851,-0.34318490657388523,-0.20104790524325095,-0.19832686912043543,-0.4601829696169306,-0.16964576423980887,-0.43160503551683527,-0.010887736051176797,-0.4867003961202797,-0.030580372408539936,-0.8199963005049166,0.06244886911797312,-0.666105417770296,0.4173527118953951,-0.1468573452178844,-0.587749285309444,-0.46566102219257755,-0.6518815514867883,-0.27010071349539705,-0.7752561477238112,-0.5131701534224756,0.3876722665920067,0.06961843392646638,-0.8178331548378321,-0.015027801391670837,-0.3272915765297175,-0.6020081483401197,-0.719412117273244,-0.3002227409996631,-0.29273285859822545,-0.4921556063867122,0.052665583824580954,-0.7816219216336346,-0.04754827039453098,-0.23141157508749213,-0.8939096174878765,-0.7086578377131768,-0.09555698923975674,-0.442826773088968,-0.6938085828546976,-0.6776706868174526,-0.4807340020035762,-0.13756769876391886,0.04608346407205561,0.05470727739081104,-0.6286678578236409,-0.08817716592466616,-0.888399612227916,-0.5486996292764613,-0.42673481976726685,-0.7350633477774182,-0.39435605928919787,0.19418398182935498,0,3,train
-0.7752950213853564,0.7880518113251099,-0.13071454768892596,1.1098993612923524,-0.4463376895355082,-0.10899161201591487,-0.41053298892578494,0.9354720053828308,-0.3020558278232873,-0.28233518190399165,-0.47763541359384465,-0.3709162183646654,0.6300479599722488,-0.1990507335217963,-0.05614745305861973,0.6333086896519657,0.5685648096697505,0.0906688170017946,0.148310832496876,0.17289606775841607,-0.961750823083485,0.20041261055893134,0.39911701335227184,-0.3040148434685477,0.14087214122693809,-0.10806441427435916,-0.888564400961874,0.4968320957194426,0.2433472417011276,0.1357802146298626,-0.7839233121646239,-0.6986122459253364,-0.3831157325712652,-0.7595975292514293,-0.2639424643299891,-0.1509304213309009,-0.5538413018038314,-0.8160033769032791,-0.6542958565252416,-0.43776232169945645,0.08259753960960081,-0.3141063855130281,-0.3985214354486885,-0.12741266128515374,0.23596175601097463,-0.3109191535619572,0.38481740246445767,-0.09595759423059629,-0.13671833280686316,-0.4924153543059585,-0.013997024292622584,-0.07557942940659462,-0.11698843966560171,-0.3269776774129266,0.5683360927126475,-0.7846662366767743,-0.4309267461386,-0.11897770968939315,-0.39475752262089275,0.020283466202821624,-0.5509283339567953,-0.17751299878031973,-0.46623926833548235,-0.6787084280683844,-0.2021388991566214,-0.048898554085710734,-0.07888725510054627,-0.30039373750030157,-0.15661323596861268,-0.4734198307465137,-0.17243973084806483,-0.7103505738274674,-0.14750972317540478,-0.8993124534566578,-0.6418570986076579,0.1846421400766816,-0.6902221652089048,0.44246261010463345,0.33146010703284745,-0.8465274257443777,-0.4445190836976748,-0.5131609541904569,-0.2014389810554155,0.31961719458461385,0.09397334380485811,0.07900366576468669,-0.017352128035528266,0.20937780530033262,-0.30191025042118375,-0.25810527099876857,0.316494245067683,-0.6040922238605919,-1.0590674055188447,0.08781352396299555,-0.3140371305379785,-0.855939748014402,-0.3233704457992451,0.3317680076148033,-0.7640354691890316,-0.3804711253767378,-0.46676298870997607,0.30173092291516795,-0.5573320827380246,-0.20662163829677788,-0.6397157087054874,-0.5412707804336223,-1.0678694078809479,-1.1228544537648475,-0.4512334392222332,-0.35705401709328405,0.3703405162415167,-0.16126026690232748,0.22992770904051196,-1.4531018496695058,-0.06251692983194915,-0.17936996352400775,0.15500168051202365,0.22787330880301074,-0.6569166178488852,0.18840433230827924,-0.5311800118246148,0.03726944579031755,0.18697510336332915,0.2999737929798042,-0.012820398416545885,0.05425862501233473,0.28669676888578693,-0.044012320874801183,-0.29090833936643257,-1.017487599177339,-0.2055348173266091,-0.06374953000616987,-0.4042630711478149,-0.6828544338598037,0.36196982713847586,-0.25085075853382305,0.32681634733862913,0.04752840160441361,-0.044130382202640143,-0.21144547930760257,-0.005857507687483812,-0.21439395301251474,-0.2771600499505148,0.05133534909227121,-0.6840705671875494,-0.47288364701721886,-0.42459555868039595,0.2930802941155992,0.18266525016053928,-0.866940549743427,-0.25368065085289754,0.0198841974723185,-0.617936996058958,-0.8016894340567883,-0.7466357120853395,-0.8880929166635169,-0.21265119996995563,-0.08979234224199005,-0.27266184333528515,-0.260260644458729,-0.3649214391816012,0.3632012368603326,-0.16964576423980887,0.12864340709248515,-0.4048944218635651,-0.35486532031823104,-0.017854991632082994,-0.5615472047436811,-0.5031978525191153,0.6005444118405934,-0.14743353714442542,0.10645175010779537,0.3889805609430547,-0.3694691513444905,-0.4234474762166506,-0.05178622702355355,-0.702606054179332,-0.7115496006630116,-0.18167137809697997,0.048972967313790146,-0.11716585045589441,-0.3727431452326927,-0.10797337007015774,-1.0994017072253928,-0.17381051920318344,-0.41691949004359996,-0.2893618053256696,0.12940248625683856,0.11393066877607416,-0.3525695281090909,-0.48673761257884324,0.03236264935882307,-0.30502685056639567,-0.1972272293059705,0.15234349566579616,-0.7712178481471301,-0.9134607502319024,0.5031365292601861,-0.40802558557500496,0.12449748238816356,-0.0745349940643682,-0.21925794600415763,-0.4983347395862321,0.0002769134865287831,0.1717094737704457,-0.3809659159040287,0.7866335984260764,-0.6967991198677869,0.012441071867158418,0.06227385199266833,0,3,train
0.6549131756546058,0.09845161226271457,-0.6150127363213902,0.8179074257153548,0.16789600117337591,0.8998929176417181,2.189298305412241,0.4769082560517292,1.0800120560313937,0.9729164961656891,0.4349761298202997,-0.5888952192288834,0.9008424774703044,1.2530172074213797,1.0536837675990454,0.6872250869231116,1.1916769684644688,1.665297548153848,1.1863613621722788,1.1900837060273126,-0.23616668071204103,0.667893515402041,0.9370573356966383,-0.07963038982715478,0.3351473840992388,-0.8404203165099978,0.586146541611998,0.38543347402568573,1.640922016978542,-0.30938776178124106,0.14597192709272308,0.3854952102402417,0.05895702127739622,-0.034463283196589395,0.7885945019133095,0.48530384749771455,-0.002078373297681177,0.22531314417401546,0.42917192676525195,1.0146235795223433,1.808839973573381,0.5615921169701851,2.527357158638991,0.37332527790904,1.8041662754827725,-1.083524391646343,1.4291509316962347,0.5640762601918308,0.26872224034452413,0.37902230358386124,-0.03350213684854574,0.7942161276333715,0.47201856403869885,-0.018152272702141734,0.8546543000250479,-0.44842655678002985,-0.43932840113019367,-1.2702385326215,-0.2943095052987585,1.4196197389645155,1.374624211483419,0.152026694738567,-0.11648356220608072,-0.23424635902062554,1.1788564166634874,-0.18208226434291178,-0.5987405511076231,-0.1415190435124418,2.9310817087406362,0.8201012276369295,2.201887901773846,0.5573868789514255,0.03904669142878362,-0.2981198212622984,0.852402579998068,0.472404025599813,0.3867341308206405,0.08581629228722708,-1.5979677544908206,0.2084760909454902,-0.06561367383643628,1.1555227112749107,1.747648337547136,2.281126683268138,0.8442855206894136,1.1134322860192698,2.5208044463237096,1.7628543474552978,0.5267370326497247,0.034272094259815214,0.5668678986927809,0.03293693238755602,-0.11056965267214937,0.11631149777740166,2.9701906171661694,0.4833850634438156,-0.019990173013044236,0.05520533890844059,-0.2533089827942908,0.24197833589260495,0.5580900719874321,0.7063914978969137,-0.017211175855149512,-0.5163903701965432,-0.08753814051836468,1.1905992484311256,0.06480658090791015,-0.3963877394182914,-0.09604859103895669,1.0068306814499008,0.5808471501255514,0.22577877511598476,-0.167894817210795,0.006800469615610786,2.3804347771413332,0.9462108360741784,1.1634649951182852,0.8395748383297056,1.3246600062694454,1.7409398709634767,-0.8016911697089363,-0.04149660410301893,2.644877910247318,0.14410540582076845,-0.5518469273966524,1.1278764217940047,0.8105132962275065,1.983279660472852,0.46491604526186864,0.7600711691230305,0.5642036513629087,2.218662127378454,0.8109386243911411,0.3912585128685326,-0.20540094177898544,-1.0590673234929415,-0.32762961233378385,0.9896694121316196,0.7538374518820224,1.4827450070700827,0.26539015599446,2.9505914291842097,0.24844730243455193,1.506480992130974,0.6592637717835019,1.346508408484498,0.7937263827442064,0.8014594879424454,-0.23530703887486049,1.381633542972839,0.7938178026907126,1.9702923864839943,-0.28146049031479525,-0.4904741902701131,0.21382185444507787,0.8170039948463224,0.366754523821454,0.03157726770396112,-0.23034800539212513,0.6131272589695719,0.6822444297742979,0.035446358553849186,2.54193647636239,0.41191509155787187,1.0506126292551399,0.1864999909540115,1.661895270860233,1.4638497906096744,-0.5092800753324173,0.8111512718709075,0.7047587321168421,1.9153384949334833,-0.041850960280650225,0.6669206829542542,0.6812187982240152,0.0035201095493134727,0.7434767601822062,-0.06206072545084622,1.4884033129907144,2.158939655129302,1.5733330426560823,-0.7766153076338465,-0.11912514327996587,0.428591305670166,0.021894401843686066,0.8813318430701975,3.135628319591115,0.05758900144941635,-0.8356781479720706,0.2143925633340562,-0.678616451397232,0.5771673559255115,0.838600551860828,-0.06936957720416893,0.5768730760665555,-0.13153939985675173,0.2626514877498399,-0.31165227752114943,0.7049724812931231,1.1380266769642897,2.6910739389207774,-1.0885706740843466,0.14355586773300635,0.8848177075984782,0.8152261713413362,0.7024288885015196,-0.24299617358370346,0.7160339106416802,0.7703096997748907,-0.09978716466383242,0,3,train
-0.708815494638524,0.04038001655219707,-0.21369398810881857,0.10157206974374809,-0.3537461990040203,-0.9373728392427891,-0.39932681955363825,-0.005495198902090209,-0.04234856613191318,-0.5187561535279378,-0.16734748883303555,-0.6591529137223091,-0.016407579349089863,-0.2119389105124162,-0.06945877204701752,-0.3955958916057321,0.3925229599289663,-0.3401258358605596,0.39255801594991196,-0.058017217940557565,-0.6185284486837148,-0.3896862365381088,-0.3383818156682305,-0.10655652426412193,-0.49116998225094677,-0.6757821679453968,-0.8554248292186408,0.3524264750053133,0.17182955597264585,-0.9600178811513157,-0.5705944043349973,-0.9023371370168545,-0.6357287347705003,-0.6329867878767746,-0.28380165237231547,-0.2513884637775244,-0.5382986840994328,-0.4642072549177066,-0.7606174614275797,-0.7275240409087318,-0.11912810880379113,-0.33220868013800414,-0.6109814993347233,0.015255690105370728,0.4636043475472033,-0.5224144421995823,0.15538049073929455,0.004398430418427707,-0.5843922989948532,-0.4025051197617707,-0.7384726335126256,-0.29775546843310774,-0.43782965306550525,-0.5170240803118712,-0.5232520726658791,-0.44842655678002985,-0.21668454385296185,0.10319543157820639,-0.5043371778814029,0.1880121290338466,-0.30847737476815523,-0.30779613342732143,-0.3379955094213684,-0.6245607648341396,-0.7503881125186818,0.07429637790220024,0.2880680126691551,-0.13733813051276125,-0.030177451594742555,-0.5264329888769828,-0.41376483449160334,-0.700262477386256,0.05868420875554029,-0.5003146527178005,-0.5581450717950123,-0.24513210453578746,-0.6610275668225617,-0.1899901934915672,0.11353574801777751,-0.7792518391728498,-0.6689476726154853,-0.37078180184699555,-0.042869165304699405,-0.09032791019315971,-0.5031060645610206,-0.175685199070722,0.01772290000209939,-0.11766988778492321,-0.6689864591499634,-0.1754126828448257,-0.4298118378532818,-0.7202799316039648,-0.47476077296349656,-0.5169768092094006,-0.11953432217880078,-0.9530928431460861,-0.21908347702898856,-0.6822951109751932,-0.5873690745241842,-0.1772223216969524,-0.23594022729164088,-0.3558425114301688,-0.47918693025284265,0.28267215413580593,-0.6345309428070168,-0.44054288006813036,-0.9703542565282648,-0.5727553810515593,-1.0166877175300095,-0.12190148286170041,-0.2648724842506581,-0.37800213043258235,-0.35965099892905084,-0.6176155826087463,-0.4304313435327447,-0.2972879520533415,0.04238141187579142,-0.11573680963482397,-0.9832003190089316,-0.08488844041379671,-0.4875491799077888,-0.05967338484763504,-0.0006016897936068527,-0.5496617291812144,0.026381530963825502,-0.19590474511154957,0.21360609065205866,-0.06158999701365367,0.0028400022576670187,-0.9886623218535493,-0.18314242551018678,-0.17052902274931017,-0.2725338900595812,-0.4592635755612521,-0.30671715051424636,-0.6055883458688208,0.08202358379703951,0.23112511134817684,0.27700301444118747,-0.05614468472298141,-0.10273167328817802,-0.23279503081598404,-0.45706592224338993,0.10522963216777872,-0.9183440882696995,-0.4467053440603596,-0.8594030360086109,-0.5230020959748644,-0.34609487452279775,-0.4470679182331366,-0.4203281320984718,-0.17927720210985965,-0.390168284478294,-0.6327440160011646,-0.9643912737278634,-0.617061415638814,-0.33506085992588724,-0.8938660081339166,-0.6217510063663556,-0.32687497607614174,-0.4204529625353231,-0.28697917213789464,-0.10032712049509097,-0.54491370930299,-0.43270665850914547,-0.01265512355546632,0.13909137127755258,-0.550998262059549,0.26316222195694,-0.5848713431871748,0.019662986240136855,0.0804713300743923,-0.28536442879839646,-0.39429285995044844,-0.6177869133867677,-0.01976676900768317,-0.7441203933476058,-0.7414423940828184,0.13146762648196272,-0.03773799245945006,-0.34238034115008864,-0.19196227253884296,-0.41650576220818253,-0.9760481046218451,-0.36061976202064977,-0.2674017803310559,-0.25565127260011067,-0.45501070045183867,-0.04798419859572932,-0.2338139549014047,-0.21810723823309885,-0.16485172405898268,-0.7004602061320278,-0.5155111717721574,0.015998228967742077,-0.5386075033142653,-0.7688795767684258,-0.4707907163456291,-0.7100451615090699,-0.001798990456213511,-0.09607400444587244,-0.3140920617947237,-0.556984642793066,-0.08477508594731252,-0.840982592406903,-0.3149723237574978,-0.6208737666782018,-0.6614782941050502,-0.946039839898503,-0.5746636320759043,0,3,train
1.1490177663405223,2.1236985126670125,1.1984652161278995,1.2081396386827443,1.903660422263662,-1.5707460343792903,-0.8251612556952115,2.248058150257177,-0.2109304728438578,1.4993123611626518,-0.2996761626280865,-1.4734215781076523,2.171187346321477,1.0339181985808412,2.131900605659266,1.442054648719152,0.8877198178328989,-1.9323104619568467,-0.9418218171795419,1.7936734971265285,1.2722053330974754,0.008822075787165047,-0.40779347016427775,-0.2770887090315805,-0.5326153673970375,0.8286698792828532,1.3351008630090655,-1.4712102208702613,-2.0094598587460477,-0.12104746406885106,1.03757736238065,0.6838066579099645,1.788904991695372,2.2790602637402806,0.13324129651653868,-0.34766075445553857,1.523688598017448,-1.482070701195963,1.4771991750882993,-1.8686843918687175,1.6335701479027291,1.3694070146097383,0.2692101939074209,-1.095319515816947,-0.7577162229170079,-0.20732962443332453,-1.7908774501017448,-0.049639429007969825,-0.19584508305810713,0.1438724593913702,3.226638104641468,-0.538840106525707,2.6317109109544674,0.9049302556641603,1.0216732542906148,2.908951739502388,-3.253882823314067,2.264334169363038,1.6279002807293557,-2.7304666042259877,-0.45605621949167524,-0.20050414018861415,2.302660071855614,2.8160720031751603,-1.6809300206034758,-2.392931854612449,1.3496171801457915,-3.059796317289445,-0.7155924932004595,-2.1539369434823805,-0.1218393058905487,3.7754896436978456,0.29433441667662036,1.6779976648294752,-2.7095441608800073,-1.6727300301180756,2.0573139273724954,2.753530749561427,0.5387540095105969,1.349103081453666,2.8811045520844263,-0.4220382966906417,0.22802093660277387,-1.8702161499245058,1.87728573604808,-0.01895358994123972,-3.406875292035364,-2.2497692715522644,-2.0936782791666126,1.924388394921367,2.7865266356383596,1.4151700072656128,1.8344510556970237,3.783050795230986,-0.8560941374406048,0.7783141022364283,3.250828392963184,-0.6362013328574662,-2.456820741704934,-0.2661436733068585,-1.6331873430772965,-1.0197387672595952,1.4606515608499087,-1.8399476792228129,1.524924053906003,1.8014652248412055,1.7600699813468634,2.1609430642640928,-2.3322923952008656,-0.25871750277825817,-3.8988817428803095,-0.3346537577265314,3.8732951616873734,0.9698083248066967,1.4532904546153285,-0.8189857194861517,-1.810733917502212,-1.0521687807621098,-3.115981585128259,-3.4952333595945957,-0.39156134969077144,1.2187601941903647,-2.13833031525455,1.7975328068607364,-2.879461484356203,-1.033257136776218,0.5546959224094573,-0.6709494364938731,-1.2579674865109403,2.3102305274246144,-0.46864542116957164,-1.0781547110660026,-1.029976681316925,1.6495051076074407,3.084842936898614,-1.684429461990721,-1.2468514182858754,-1.0298943950497756,0.2867343294910004,-0.2679184955201921,0.5172629865562649,-0.7142899000067648,-2.5877158607707744,-0.6672550919144957,1.0605194834242055,-0.3059969656672412,2.524346243001062,1.4257848136947127,2.6678378361722235,1.3052930645164227,-0.28224879049499596,-0.6565777976602521,2.9228311566950014,2.3126859698370112,1.1470599757701798,1.8084989796075768,0.12193520390959078,-0.3628739646203802,-2.3918798936552177,-0.2380558672529247,-0.05553152335372192,1.8767359594463697,-0.8954527399197959,0.6353849759694548,0.7261365350567024,-0.3660853267694692,-1.1716228486975122,0.7333355097335292,-2.388686924642743,0.8833593381670152,-0.8659485876980431,-0.611257353314964,1.7028829020662792,-0.45014620431385377,-2.8237099984580976,3.3742957806745775,1.072131945264374,3.014179470114723,-1.9608702677500633,-3.7291474228059616,1.692891352530778,-3.176769872760703,-2.4758665482860827,1.5586694714575065,3.0345640955348894,-0.1652921249176111,0.3612514762776173,3.105947615171372,-1.8246716621890324,4.179296378493902,-2.081463961869453,-2.7064519614809543,3.546892310842711,2.8441526653709266,-3.23769563541764,1.5651478212770862,1.8752876533040017,4.067837558928529,2.5170899368975124,-3.5886188192365225,0.2097799429714879,-3.564794808615794,2.2679856950027704,-1.5714840360508584,2.1191942164191935,-0.4607081730810868,2.422947579532528,2.0229044638629374,2.7262794673896997,1.9203222522637118,0,3,train
-0.23986531947843587,0.13184277979626213,0.5753650544294331,0.19299010564869598,-0.25202596996942805,0.7371176181282661,-0.5546123094248134,0.009930492971433088,0.21128367189416566,-0.3241333647325346,-0.03958187275505535,0.4721761155564422,0.24376754530590478,-0.670185203512235,-0.004566091978578312,-0.6943825931499981,-0.7042557585999484,0.8334182184886122,3.109807931864937,0.003364794713599981,-0.4318636485715591,-0.2594046728933077,-0.01735291362401182,-0.12450728055543336,-0.08189680393330001,0.6697089082549625,-0.4279243537309342,1.2023566997799027,-0.1559598369495622,-0.15529115456201287,-0.2752159165708988,-0.49852529931759554,-0.7033929317881525,-0.4776008780078804,-0.3433792164992946,-0.4271900380591155,-1.0071676515154573,-0.5392570942746288,-0.8466873320628058,-0.7954928392417717,0.7737559087636814,0.027574425533393555,-1.3029942788492368,2.835053694059266,-0.46503289094185674,-0.19869716367260512,1.4963996816846448,-0.04191973480419875,-0.0691449039482986,-0.11202590046516418,-0.5406350633025478,-0.42066136236266816,-0.37078820548940605,-0.5238114518439764,-0.7618505787595462,-0.6165463967284021,0.047967588382238184,0.10723494323761729,-0.45639607870492965,-0.27204363187410757,-0.12927449188959514,-0.18517671258308452,-0.4487514830290123,-0.6606592069903028,-0.46292771416127715,-0.09884244543216113,0.1701181051717511,0.35182869044985954,-0.2996853077600973,-0.823306674407609,-0.39041079220351893,-0.48841245212081763,-0.010047101888108066,-0.6431990002796886,-0.11447132968798997,0.39018634402177543,-0.7972690259588294,-0.46579667927036156,-0.08312769792265147,-0.5957729667050468,-0.3978845717147531,-0.49322787286237235,0.2940916931655722,-0.13962510633732236,-0.7250293844846216,0.7647044557061716,0.35252998581581796,0.3100078647111806,-0.283738160880155,-0.37919084650989926,-0.819816952153915,-0.6080986965413978,-0.49076917385542396,-0.5708063153032787,-0.39693996688779193,-0.3181279713925788,-0.20644263232956353,0.020635005320145255,-0.4942177027918101,0.22927528566261837,-0.5129275409936431,-0.9122508020300691,-0.4607998355504469,-0.22070203520131268,-0.5152813271421922,-0.5737636515192648,-0.4415220895771754,-0.48457156023492537,0.6200040628985287,-0.2758195052678279,0.23000276031882697,-0.34084638239882437,-0.15644668695895883,-0.5560534366147956,3.0034365176746802,-0.7903995404487375,0.9535817672053069,0.9339732225159239,-0.04016084126587074,0.5460108327850381,0.062199302244219455,-0.8049213953768957,-0.2302215572788216,-0.6016178582342262,0.4135005835949929,-0.022180182525518805,-0.06657484257723313,-0.3428328152352934,-0.16548769912243497,-0.8893752555160511,-0.3678796579956711,-0.0871075440437318,-0.4503682845286967,-0.7135433751948991,-0.21046675221574848,0.030745058216639098,-0.13279455563741666,0.3664068974751602,-0.7350537507393601,-0.5220470684768449,0.5463252362364732,-0.4137389625500991,-0.25246708708678683,-0.20915368577268179,-0.36755208657655963,-0.38453187453781895,-0.4805608775444236,-0.3134071651866032,-0.1446624460720027,-0.8357103540112567,-0.2774874338879796,-0.13120376083140284,-0.44452218156004336,-0.6527507102445937,-0.5560995956481313,-0.9635700435311556,0.11377455991252867,-0.3325315621338924,0.5454056902324756,-0.2676622368606637,-0.28559069153342703,-0.32161993163370184,-0.10032712049509097,-0.10741632996200379,2.6451808636017464,-0.39133034128475513,-0.6371568560863208,-0.545723790717483,-0.05919558714806739,-0.7142441286343678,-0.264401103513619,-0.15335245022623517,-0.08734248736638305,-0.1957031911027848,0.019782819083616534,-0.21479437692253006,-0.7821752042518568,-0.6110011137054796,-0.0013792239454675133,0.35039677985886325,-0.7650050644280828,0.254220306875765,0.05930322807696412,-0.7333200478858318,-0.11154077159736132,-0.055888922688920324,-0.5455618540399172,-0.0018428480463813267,0.08329812630032757,-0.45600180154804343,0.07610698128843071,0.9395487670807295,-0.5695973690383653,-0.15370122007982528,-0.03668062407468792,-0.442826773088968,-0.6437612535788787,-0.40076980326285805,-0.40802558557500496,0.26342360251697833,-0.34592652487132175,0.3602838727159684,-0.6319261857795762,1.170592425696185,-0.586962843365762,-0.19123433848275243,-0.30886474485705634,-0.8792900529752596,-0.8735965151720286,-0.7555689529947889,0,3,train
1.729366067400708,1.8928639197177053,1.5198219581176655,0.8069918393386446,1.6232777396683116,1.1029591328763215,-0.6074413936077906,0.7854220935221952,-0.13803018886031418,0.5405665425329478,-0.7970494537887952,-0.28804816844934283,0.7893388526181638,1.1971684404620266,1.501276868583921,0.8310021463128335,1.5614915017328788,-0.7223041642619585,-1.1321909454591141,1.494070816314569,2.39219413377041,-0.4433315862742034,-0.20823496348814183,-0.12450728055543336,0.6615297921247039,-0.10238723673764878,0.2083554237391409,-1.7063850888904146,-0.14404022266148192,0.10153652413670078,1.3821855981054316,1.4514129439869343,0.532606400400962,-0.23876697950569112,-0.5419710969225585,-0.13418741425646366,2.0599089088191995,1.2760108951709253,0.6873815386709303,1.3473129608366965,-0.6713934085584871,0.9440030909228027,0.18422616835300695,-1.5680832684639792,-1.704420333750213,-0.2504919282369215,-1.676158994239163,0.04685674853916863,-0.18739840445078657,-0.312594885217583,0.3900374500800714,-1.5362687072617551,0.3953997668088712,0.3042478750728535,0.6757054204547976,0.5954220017053854,-0.27549612879411745,0.08299787328115188,0.16455530110462743,-0.9381660356887495,-0.22766038837194186,-0.8595835272263875,0.5451376485553706,0.690776221231055,1.7419231763326306,-0.34523230940798305,-0.4021573719452832,-0.7226659504680341,-0.6557018584970473,0.6822670164977102,-0.2697482403817497,0.9239210496487711,-0.6089913803541867,0.7964281996834862,1.6937084494651573,-0.7421753613484691,0.295906491396462,1.6455495222086844,-0.13096475234059365,-0.21658329693825365,1.7327296945049804,-0.4049527984094263,0.036415742570658625,-0.8220020845433631,1.060924952043405,-0.12866571633187732,-0.9548119683139402,-0.614530806125985,0.577618883364605,2.033660743553363,0.5090893632408352,1.6555583681139705,0.6578335901403635,0.8572588169519603,-0.6041970577623255,2.419507459282379,2.094191102965793,-0.5670606656808755,1.4298399409217104,-0.14673500114498458,0.35188840512038605,-0.9565105524186975,2.0605305255155697,0.05386570443711563,1.4808535437690027,2.175133242326095,0.987449936014066,1.0229518527732455,1.7821688861542098,0.019190037677249753,-1.1179783163070092,-0.145778705221595,1.286017724772399,1.0269731746582222,0.3053974838688464,-0.404486123443645,-1.3653719460771117,-1.1125837466412896,1.9692692695368539,-0.43958757096798046,-1.2467256552605621,2.376015234930924,-0.6506523005616093,0.920391098730476,-0.33623631580460983,-0.13336390258057848,-0.32239221639528215,-0.15533760308753358,-1.393289756247885,0.28925830616779746,-0.3230948743628264,-0.29399281123356613,-0.7632250896132518,0.09752150294690591,1.0889136248139732,-0.7774715067424794,-0.182752262482639,-0.36797994149989266,-0.6766658604404823,-0.5361653225299923,0.39132657127536247,-0.536412814573228,0.4953769310718316,-0.4382043888435887,0.27794623214978975,-0.2994523899280264,1.0649429280083405,1.3365954814443888,2.7081243218623823,1.5030843041535016,-0.05370367335820834,-0.25138736402754486,2.255054706833509,2.2548888531337714,1.8158806293865029,1.4070978958114981,-0.35138214792001143,-0.3325315621338924,-0.7945325113009258,-0.7191593733786835,-0.3649214391816012,2.6681440802351957,-0.344981157241154,0.5441085443083857,-1.4107703138787209,-0.07717016065008589,-1.22252437180334,1.6141722238585563,-0.13826448372099373,1.1180355536293654,-0.5818844979442873,-0.18258042276381362,1.3148669357467933,-0.21432097255725327,0.7630459296640645,2.6232939472114354,0.6915838362218639,2.2097915744544685,-0.845905630234131,-0.752071137258048,2.4018999343458343,-0.38812875141940334,2.0814914367888373,2.3704157595582718,2.4059361673237327,-0.15435180469474205,-0.07024334260953667,1.2784182431755935,-0.3805660883324068,0.7775238298350199,-0.27353890278063336,-1.0424556857682183,0.9353252575387524,2.7734229003784403,-0.8609497363856513,2.13983220262887,0.05412094910059479,1.1906145849819378,0.9678413714579573,-0.5227719409392689,-0.5613166286863642,-0.6091315331431515,0.5117469267536863,-0.9693158800592621,1.018441970574249,-0.2819755276842324,1.4765202133417201,0.6895432913196278,1.3832916782296742,1.3361488201298137,0,3,train
0.4482876195495862,1.4253875742480395,0.4290194958707134,-0.41691828314998625,0.6112918713241627,-0.5683080512370416,-0.5514105467470573,-0.4037585163639645,-0.12588014152972357,-0.22878126015492098,-0.3635589706670766,0.3893080656411197,-0.250034221896432,-0.7403541671278323,-0.4854374904344483,0.30756378947212687,-0.6928573654512645,0.9482067623547568,-1.020842964767289,-0.4029256699972524,0.12813075176490804,-0.19809570176634253,-0.24294079073616548,-0.18733492757502337,-0.28912372966375405,-0.2499938526921186,-0.447808096776874,-1.0049863597075013,-0.1797990655257228,0.3754860480819953,-0.2916258325577932,-0.6076636338309087,-0.4958893942673523,-0.5293961812975119,-0.2738720583511523,-0.10488715187619847,-0.8154753664945411,-0.5533289391540517,-0.6998622586262436,-0.3912573544189555,-0.2018025548748534,-0.1285578656070243,-0.12535849616664377,-0.9498537457717066,0.39856360710828087,-0.3368165358441154,0.04066203487671296,0.10089460796556617,0.14202206123471559,-0.3955889478737563,-0.6214419581770867,-0.20793962286919818,-0.6628973699281242,-0.7070704832108158,-0.505357184708854,-0.6190556480709151,-0.023446479046307863,0.20822273472288982,-0.4997713589122149,0.5665996822810172,-0.31901872081983523,-0.46873412328538244,-0.6527756449378299,-0.5388269647132521,-0.2169564454637041,0.1209106764922206,0.178855135356744,0.4061805594457063,-0.14330420603452107,-0.7596908846510462,-0.29699462305118146,-0.6800862845038332,0.06850296741891863,-0.5919763096442947,-0.5288458624105863,-0.03958790059069356,-0.5247861076862939,0.7753325067342128,-0.1362799806092539,-0.6569325908609811,-0.5989959046411027,-0.3878673001282109,-0.10563638403935785,-0.18113853466924879,-0.6642646659341118,-0.30890706683078195,0.08787295607735471,-0.1805636749167032,-0.7307715635894608,-0.7454008797630749,-0.47314573944224103,-0.5039304068404429,-0.5708111783150607,-0.5676398737683448,-0.37780854311475803,-0.5263131752461878,-0.6235905074105896,-0.013935328268150084,-0.5391873305246804,-0.20008781211092824,-0.4113655259695756,-0.7605030864119144,-0.5964046589806156,-0.07637796692983113,-0.6734166870455466,-0.5282736319993653,-0.5277854926968567,-0.0394532265890588,-0.809259766190976,-0.3057480096245749,1.7737180754684145,-0.26963119866745494,-0.36537506405496895,-0.7759182437360481,-1.3968198701868344,0.185103819203024,0.559410826978494,0.001317186756086763,-0.8439328855869606,0.05466531586981654,-0.18213335649000642,-0.7200964185686871,-0.30783954065410546,-0.6321802870889391,0.23219166021077528,0.04383515125717288,-0.21275619904468973,-0.37798816751299835,-0.502143101882639,-0.5274578846729129,-0.5218273517335748,-0.21390819167621092,-0.5129396455456078,-0.7793053923415318,-0.6663896915244226,0.07097303203813368,0.13198129064226188,-0.12157383105431566,-0.1901001079498345,0.028564839595902863,-0.18023100576873338,-0.2818645716252356,-0.6440269267830445,-0.08789154885278987,-0.46724294661151705,-0.3354475564937079,-0.8766231341206194,-0.4873263630747348,1.1142902317454664,-0.4852381574613448,-0.1346467356774873,-0.210181557217439,0.44843469906869643,0.1986452781146676,-0.21002379232340593,-0.4695379403975201,-0.1800086239817072,-0.7876675994312093,0.4219903295649256,-0.2528590520567942,-0.4125198877705057,-0.5720992695264615,0.1484044835300731,-0.3560659196593988,0.0030183822716133768,-0.11644018322941956,0.3257302893322544,-0.5088024913230208,0.1962577710106177,-0.7684001783564486,-0.23766565977208903,-0.06566853261349986,-0.7402796996557246,-0.2856891347993824,-0.5393692457567205,-0.22934867602065295,-0.7337418085555374,-0.42077424648852746,0.6723440889365001,-0.19464353871578946,-0.7177378256404124,0.26960591306247567,-0.6655620305605638,-0.434883912554668,-0.5859769438321965,-0.12882439084138086,-0.48151184186135526,-0.6085429783159827,0.00890480885922866,-0.632219748888481,0.12301069744403688,1.0825291878086387,-0.711839583270607,-0.4937481671590848,0.7473046594391232,0.1250161275324375,-0.6076159602130096,-0.6171980800641503,-0.38006081002555453,-0.09020652144727746,0.02454445369055136,0.1495413931813771,-0.6970927448982805,-0.23786868492822685,-0.7326008328160162,-0.3452193868246578,-0.5584719623139727,-0.6997425220146816,-0.6841293581950956,0.13765106904220356,0,3,train
1.31970844312293,1.3774785077868625,0.6704142316376738,1.5410650231724055,1.0286056314660799,1.2093271503801615,-0.6202484443188153,1.6184094546924532,0.37075304310816737,0.9663855300987293,0.33002580232767315,0.12268912243529934,1.2114597181298388,1.2931137580588639,0.8706531315085759,0.4558338819677777,1.030832976255263,-1.498814902179995,-1.0405982516642256,1.0512434393095753,1.0343582490835996,0.03947656135064765,-0.8329398539525673,0.09987717308595952,0.987912200150169,-0.2783797403756705,0.5894604987863212,-1.1122591065237115,-1.0111921621193232,0.34124235758883353,0.2608413390009836,1.1858429966712054,0.715299732348623,0.8144041873834811,0.8878904421249415,0.3639170462080445,1.308682386439934,1.0977675266982352,0.6671298044038183,1.4367455902222752,-1.8123007643391464,0.5457526091733311,0.5545137082686676,-1.1149014463999602,-1.1046001719245946,-0.06489402188145452,-1.391340758994133,0.7647883094898787,0.251828883129883,0.6764176947684823,1.1312317272051513,-0.8697405901822158,0.5725807354028477,0.48750690643969286,0.6220207565837226,0.9567541950272599,-0.30070109376889836,0.006247151752344766,0.28783241327270126,-0.5931242150077839,0.2712966580742451,0.37427439501874643,0.8161983208056568,0.6772393054224938,1.258871166721734,0.04100045033789997,0.139538499524276,0.0424411284735011,-0.43277560710101315,0.23165517238872374,-0.2658559000004023,0.6515424457360647,1.1387476617271575,1.0929806191515559,0.8942585934043908,-1.2392186181611504,0.28617495860101433,0.6469398323199465,0.16668803070437993,0.9393335996089058,0.4648538999692976,0.14747831268320394,-0.5185786125568477,-1.4083792597318243,1.0477152306193813,-0.4342923541343678,-1.6052943064663077,-2.057943220800335,1.7697079572560874,1.6733573237397545,0.48501497346919115,0.5297395448074953,1.5943250423181135,1.5887068115217169,-0.5627456395874187,1.0697733876314808,0.8553883224221396,0.8503230114392333,0.8131136177280611,0.44268652952639304,0.801223380681412,-0.5139130485324132,0.8033129252392607,-0.25590302746264965,0.9701541027696451,0.7389483403406941,1.0324569289460737,0.26289130192511473,1.0803236261440552,0.25006707128644096,-2.15943218920697,0.3774980795871632,1.3747407342241291,1.71295137287653,1.3748020463591588,-0.815412447106475,-0.8636998403338954,-1.2522933552368927,1.6230902207450975,-1.7042934872882254,0.3588889592786366,1.0188156059995876,-1.8213902164721407,1.479683546771722,0.344897207179343,-0.3835272727044628,0.5303323629982146,-0.6533717603550206,-0.80249252983537,0.5871195051802919,-0.07957761335923347,-0.6009838528700945,-0.5294057931816369,0.3912585128685326,1.5929617632718964,-0.07896759766016433,0.027070106267294912,-0.4694412810951302,0.841419287330339,-0.9738311981775611,-0.05429459048783092,-0.26346349382176626,1.8358520579599213,-0.28550392012965076,0.5545883687467966,0.3091931538189508,1.2586690317684364,0.7747026882673482,1.2427034048828483,1.100561781383306,-0.05370367335820834,-0.42307822573631915,0.8444416635214419,0.8299676297962086,0.8904194924057768,0.6523266271351106,0.9135176716246152,1.0177053485148142,0.03411348175262515,0.5835208893618329,1.007500495131812,1.3997593479271784,-0.3816792627530635,1.0477026500246287,-1.5266546332353057,0.34638508288415565,-1.4091632898580417,1.1394698030726136,-0.12001781528108764,1.4941192322549262,-0.3880525308181951,-0.2085608427972167,1.6493634584360053,0.3783450704099929,1.3903872707044427,1.4181979818868595,1.892040143837782,0.902661244006554,-1.7995562350881837,-1.1071731629960795,1.1229040612676937,-0.011181399844993181,1.6093997042402934,1.1806503667046988,0.7513400166547451,0.5057141820850258,-0.08035650242720435,1.0827884052519263,0.15769144374142646,1.0801590002675105,-0.02622839941471,-1.5897255720026293,1.06334325034777,1.1575198078577993,-1.3908370228712705,0.9391523344474645,0.5490334274948031,1.8749098719272002,0.36380221958982756,-1.9341350249751827,-0.3803889414817286,0.1864213270999306,1.7205865984056532,-1.1088011591307618,1.7398580578510896,0.21572614642085455,2.062403820983649,1.2046386670262044,0.6254230503219419,0.5899143713394149,0,3,train
0.8094331567418379,0.39897212006464267,0.5632953176410851,0.635071353905459,0.6178123988263802,0.3954506528129016,-0.5658184787969601,0.5820834279166608,-0.7197137048123394,0.11213516854038251,0.5399264573129263,-0.1781579283442412,0.5344734243846998,-0.14749802555931668,0.02372046087176698,0.17501931284722694,-0.7270525448973161,-0.3374249289460621,1.6784475994232484,0.10128371966189893,0.5436104681435773,-0.06781413812154147,0.15617622261610636,-0.8245867759165791,-0.15442622793895894,-0.6360419251884242,-0.7626340283375882,0.9754335815148423,0.0436937023757827,-0.46348436900046924,-0.01812723277622051,-0.28388657477474616,-0.31545153555361294,-0.5639263834905994,-0.28380165237231547,-0.6071773641093159,-0.20672283973892938,-0.060814368374250166,-0.7353027935936897,-0.5057311200324963,-0.16211882076074352,-0.15797409437261029,-0.6959655248891372,1.5510385315445459,-0.30243103984455044,0.13796880599545125,0.855558652383327,-0.2619310196116744,-0.5421589059582504,0.08162691239924022,-0.2870686000755468,0.9643935192281474,-0.24149398516407175,-0.3337650489450318,-0.4814973340994874,-0.12222388225333758,-0.10746302896224438,0.04260275668704287,-0.41758661746683234,-0.3199661069686861,-0.691479614645862,0.41259296403257045,-0.12814208574372746,-0.08308413249169239,-0.5162708808667749,-0.21204859915078203,-0.00899101362060315,0.004812911476376417,-0.28637627782600567,0.008999908240754024,-0.08680824245842214,-0.55566642839556,0.5103471072709438,-0.09053312763464963,-0.24422497124759082,0.9619729477235821,-0.5474930175423385,0.2237195351766242,0.023176867450553383,-0.4612217935619911,-0.3803966297211575,-0.34800113747204175,-0.009833787023300226,-0.048814481861233265,-0.9601624258322464,-0.7399189919368582,-0.10663401758585321,-0.2277340152655382,0.2178115104522369,-0.25219865755920123,-0.3286994008123769,-0.4838980434364131,0.013495454240287594,-0.07367499431863901,-0.384185684372436,-0.554071202426669,-0.20960284350441977,-0.08307599544474076,-0.18906665746161902,-0.7488595820463488,-0.5375486355449322,0.5799350682151181,-0.5780175642782198,-0.3016643174023877,-0.3701078819850144,-0.5900100870620861,0.07980891188524603,-0.24941470472390154,0.18809928750766453,-0.4724925338978796,-0.20208980396945475,-0.5421066842483467,-0.08489587288498275,0.08595180017926168,-0.40099819043668106,0.14222455064690262,0.38024221778448813,1.0132678652323472,-0.2590096652146823,-0.19246112754908193,0.3152581273618105,-0.825117818426469,-0.0038357724342436804,-0.9500295471779533,0.021481289791279078,-0.3175119389217711,-0.017847723754747604,-0.4600173228276433,0.90388828611586,-0.5851084393204925,-0.4210615885596742,-0.3073402478264587,-0.5524583998720779,-0.15675829668674104,0.483549277620789,0.16605733379802998,0.052048959689906096,0.15865272592300714,-0.28741325844796406,-0.2679184955201921,0.5463252362364732,-0.018115789775508564,0.24844730243455193,-0.14178583192829738,-0.48219657561676066,-0.37798729879860415,-0.39876541151238315,-0.7727322262757712,0.06684160380133211,-0.30826704831237944,-0.16321487531958576,-0.2925931708376507,-0.069221463614631,0.29200985125067014,-0.11669998019089574,-0.5724612952170275,-0.12288411600227245,0.5018845062445219,-0.28324030282107515,-0.6303402645554665,0.07139767288335676,-0.5028177505348471,-0.23896440798452673,0.05939921755650173,1.0923309842235103,-0.4306003638640888,0.3893571932145391,-0.711869637992563,-0.05919558714806739,-0.9248509886646819,-0.3579751566089739,0.07072867256186617,0.5013713925666299,-0.5401321480104514,-0.16091876284649237,-0.07216224576092561,-0.4811962452818716,-0.1816318991300733,0.09825591387510516,-0.16161079213550747,-0.8567591161923842,-0.09964863541857924,-0.05964901949432254,-0.3791758339595174,-0.25090639719134417,-0.6284323476857354,-0.22194073987455173,0.33246130536748064,-0.021727733616517947,-0.27595302926542237,-0.20957928984117047,-0.26592409043560816,-0.46718297479115123,-0.014962065671487418,-0.08006320893315969,-0.039179409996643606,-0.5242037447533116,-0.018837550084106973,-0.5086987775530266,-0.18177146425945084,-0.2382314729638005,0.044170153414081474,-0.27025178267076666,0.8167761080514053,-0.26520449458031675,-0.4662076390932977,-0.031523392127149344,-0.6084970554609451,-0.6506939775521073,0.001972078353040146,0,3,train
-0.2865806625978316,0.7227212661507777,0.3852667000129518,0.03471410318639814,-0.05249782840157401,0.12469569916676368,-0.43134444633120017,0.04779355484280845,-0.23219305567239135,-0.2875599547575595,-0.06696021905747968,-0.18176088703621177,-0.03499151682444662,-0.47113446999043873,-0.487101405307998,-0.25181883221601015,0.5546334402658035,-1.1652528982395516,-0.04026236061024738,-0.46576915914317557,-0.5462711067048158,-0.27473191567504907,-0.2776466179841891,-0.5283992971099406,-0.3590628170977823,0.062250911826952166,-0.7029827991997687,0.05123760894441527,0.32082473457364946,-0.10392561882227015,-0.4994847683917884,-0.8004746914710955,-0.5184441266065697,-0.7279448439077656,-0.0752801779278884,-0.10070140010758916,-0.6781822434390202,-0.44544479507847606,-0.8770649334634738,-0.5271949510850352,-0.5622631397446849,-0.25979950163810017,-0.38638086036948655,-0.23091715150965186,-0.1398291887472442,-0.3583976877459139,0.020882990762474758,-0.18473407757396368,0.1166820254127539,-0.30567871332956853,-0.7384726335126256,-0.03303508150790063,-0.3516335061819491,-0.4423629934587144,-0.6485162883650543,-0.6566944182086103,-0.13686882143282217,0.200143711404068,-0.5226004537581546,-0.28642037440248114,-0.3646978870437819,-0.13153071596373087,-0.515787993370481,-0.44632470668808405,-0.2851171584762846,0.21413927367226135,-0.340998160650333,-0.22513730350605218,-0.3529214274964636,-0.4893237781856544,-0.33981036724600283,-0.7977807429846323,-0.05914089520499975,-0.608151896160735,-0.6585995039701871,0.16969347069885657,-0.5507368618074877,-0.07586337178999716,0.36335147664480894,-0.7609039519260695,-0.6398011026261593,-0.350848720518911,0.05623696953949813,-0.8245966738141085,-0.43969940172570604,-0.2305412622660408,-0.23736821299882904,-0.36924503631204314,-0.47272789210685345,-0.4677900481034095,-0.7475937828389829,-0.6000857511797859,-0.8069350914709891,-0.7291283920499794,-0.1035914690346059,-0.4707971208852254,-0.4624197374929205,-0.3942089977393988,-0.5680963769243826,-0.3398213646407807,-0.5190828146314653,0.029849599099307553,-0.3895498435786634,0.029225009854179754,-0.6760090699947819,-0.690737987427578,-0.8390838604765759,-0.5601576923634688,-0.09604859103895669,-0.053493472903421546,-0.8594613975020543,-0.3872910674410218,-0.004758961122129547,-0.8023020205905984,-0.19496611876423553,0.15294436778593296,0.24714553666894096,0.027748734328227893,-0.48979569774252,-0.3029411846069424,-0.04251469435616306,0.3745497107181943,-0.0006016897936068527,-0.6230115584325253,0.29099455428133236,-0.2028537276149908,0.2501514297689228,-0.14361915232829858,-0.0631708610286475,-0.6171365252358144,-0.35668346208745993,-0.08377068489550868,-0.31534587391325714,-0.5513303995665381,-0.32951329747968006,-0.34593506029371934,0.22190516296366214,-0.0684274150758579,-0.31660720359740296,0.31092992065885044,-0.34491708728991355,-0.1775917974055761,-0.4394280916264414,0.01989701729822516,-0.6915473816901713,-0.3812595866682115,-0.9196733794006406,-0.2554340992238927,0.3110784232979211,-0.6899694405944616,-0.44413491513355385,-0.15524048147063124,-0.3151081408892115,-0.33931250043087086,-0.9566142893834875,-0.6376460866027155,-0.23713313196114194,-0.2718467571609168,-0.113984951048435,0.5169065577444201,-0.475984485889045,0.3791892797045513,-0.15333549512340466,-0.5354713198208104,-0.3585406941209312,-0.24827525903146824,0.10515702254033409,-0.732967523360827,0.13543554287759743,-0.6239840457642332,0.043056499513975575,-0.09164895264690293,-0.333531928065643,-0.3694691513444905,-0.5871017390967492,-0.3370504893467624,-0.7648775629317428,-0.7088320739884837,0.20738011244049426,0.13568392708703036,-0.5509122769780463,-0.08810943077854627,0.12993112507241558,-0.7532157902412427,-0.6156292045968736,-0.150705031287119,-0.21182758005688407,-0.2990020955253697,0.09205028129339803,-0.8505767705929363,-0.1498836510976717,-1.1755753878252373,-0.8227885103717556,-0.6896152086767383,-0.10795201348503439,-0.4872963978364274,-0.7382950977665365,-0.19070706401454496,-0.6597085655200591,-0.19440111154388853,0.07193027652986071,0.27598688090213186,-0.6775427771626692,0.11594763271655294,-0.8274348724580421,-0.3507188528368687,-0.11125903103699761,-0.7703841735401549,-0.7510001194810719,-0.48044211076398535,0,3,train
0.32610902985270496,-0.5896967969069178,0.6990798565100003,0.2612125205031347,-0.05771425040334797,0.4921488505436652,-0.45855942909212777,0.1627850760818003,0.2553275934675566,-0.2549051244227603,0.5673048036153506,-0.7384180049456611,0.12695422403223372,0.9351088416527553,0.36648692482300993,0.4648199481796353,0.3583277804829147,-0.8451954288715956,-0.5323485978612169,0.5821094854527997,0.05888413236846319,-0.12145948785763602,-0.41646992697628366,-1.461838624258135,-0.20364262279994177,0.04521937921682103,-1.1768786751280018,0.4060628484134185,0.3506237702938502,0.8891414054794227,-0.13846661668011248,-0.28752451925852324,-0.507166760436961,-0.7480874618537334,1.2354262328656533,-0.025357868272621535,1.0625909394536228,-0.14055482269097994,0.44436072746558597,0.16680225294705628,-0.7772166995294468,-0.047097539794632375,-0.12535849616664377,-0.5386332035284301,-0.2807507930315763,-0.5655767460031793,-0.40238855328222284,-0.049639429007969825,-0.2549718333093511,0.46201636624003456,-0.6827437404957023,-0.34029981633180173,-0.22233928585661483,-0.48308722265134535,-0.16535431352537858,-0.44591730543751684,-0.1746762688949936,0.6364109706204453,-0.5111859063351847,-0.23849789930790255,0.021818134851151624,-0.04722986413331799,-0.2388980593513713,-0.5049846751918491,-0.09248905648420933,-0.015602626521410473,-0.39778885685278675,0.43962786344315047,-0.34293965504589496,0.06731438218426991,-0.18411675199210703,-0.40434498177738976,-0.9330104162456717,-0.5272739635785341,-0.21911136320379712,-0.17412592499111865,-0.9464858621556941,-0.9175486818390763,0.09759006321179678,-0.9535567680172629,-0.4620070256912704,-0.11734691067563427,-0.26750973761821384,-0.3108679982065189,-0.5215996745546541,-0.3284985179719672,-0.8304550507259877,-0.3975472405213441,-0.13836144455192548,-0.8221868544774505,-0.41536720399029536,-0.1834125923759659,-0.34669356582807775,-0.41565068009151224,-0.24388857670352093,-0.10994276753896984,-0.5603862839134645,0.9079402340863921,-0.33039977319349695,0.13527271396071763,-0.6268001032933551,-0.3305512254938097,-0.41483209879445754,-0.07637796692983113,-0.4271403068681914,-0.17735062427442574,-0.34775752096882623,-0.29560622991356694,0.22219703293325907,0.1859345619505545,0.17091317887769442,-0.25414963698672244,-0.4569601060696583,-0.30540755649656776,-0.06251692983194915,0.027879834497245588,-0.05488154740095461,-0.4782266049099023,-0.024244563160502625,-0.39306965220677603,0.873732775897184,0.28770509160502844,-0.805888267312177,-0.6077303440051688,-0.1402266689027529,-0.2758180439011237,0.6643319397600498,-0.36626971675376335,-0.13578281064359343,-1.0591241108672576,-0.5078321068483107,-0.06708638915439301,-0.42402244831104996,-0.5162573237550006,-0.07622277564152773,-0.6311879655734083,-0.11780724358384995,0.2649455578799227,1.4642234505183682,-0.564401830636287,-0.10273167328817802,-0.41680580885067736,-0.11489200827458813,-0.1238210709031282,-0.74139281170765,0.027776397032714024,-0.49347595112843,0.012133897527078977,-1.0989485758576443,0.1463058006781003,0.0700915984242183,-0.19988010551491256,-0.5066409210820427,-0.33931250043087086,-0.6260924547475138,-0.29113745871037394,0.1627384238949013,0.48671330500127796,-0.9285263314542658,0.398481079313464,0.3569883644167838,-0.6413807885180759,0.0750082725062542,-0.4221626460346557,-0.24729174753860977,-0.07156015742446681,-0.42930897007085733,0.1768787831455631,-0.39980006469298085,-0.4344378717369504,-0.06722720591983553,0.02526293750341082,0.1106794540656304,-0.09951132025469772,-0.15750929903649033,-0.7241948453568317,-0.0522147405430421,-0.4669721999555016,-0.05831358841436618,-0.5580037510988913,-0.10604414721173668,-0.268890303472396,-0.8216868554978777,-0.14838522263675072,0.24132113150229734,-0.04494860246605124,-0.2792486455080019,-0.0018428480463813267,-0.6825154355933376,-0.5862498495822799,-0.16267557368556432,-0.8674279293599158,-0.34769951483606815,0.7059374621365427,-0.1668283786501032,-0.5522904647750221,-0.6687849182167882,-0.38803872815689966,-0.31294534870687346,-0.0712620505206209,-0.16499883766668605,-0.8409482606312019,-0.31261004609792453,-0.21745620506410496,-0.22117440474651898,-0.1994835375010688,-0.6451411350420686,-0.22291137421773644,0.19633566540359346,0.352476137633379,0,3,train
0.23986531947843587,-1.1050822088377605,0.12878479326055645,0.9939212560398066,0.6504150363374674,-0.4023094784658976,2.029210171524431,0.974737402879072,0.8749800073276773,0.34724994695093664,0.7270118237128259,-0.1529372175004474,0.6114640224968921,0.4797265879841853,0.37647041406430826,0.5636666765100692,0.6673508836250107,0.6808169778195023,-0.5970022640693735,0.4929594194550947,-0.07960910642442655,0.0011584543962943961,0.39044055654026594,-0.00782736466190906,0.3765927692453296,0.08495962197379367,-0.41798248220796425,0.5257132198622684,0.32380463814566957,0.7350447982601944,-0.16034650466263828,-0.41849052067449916,-0.06283853335437783,-0.3279700018378341,0.8382424720191255,0.2257872378439372,0.14039562232597264,-0.5017321745961677,0.029200174989789416,-0.5522360873129973,-0.11251415311810616,0.10450917768954149,-1.87360130757173,-0.5162538542907008,-0.3891520270964471,-0.4835683687763451,-0.3272281856481177,-0.7405520602454811,0.4629958483128972,0.3513576160318035,0.052877647327685386,-0.14175952613789639,0.3475130185402288,-0.527205137610029,0.2939478107049304,0.15128451408058133,-0.3847176436848349,-0.409822549166978,-0.24180258715309744,0.6624446324701743,0.5032062712112053,0.2439912603717447,-0.5187026242548926,-0.013143400814126287,-0.5459059734809403,-0.208719006394352,0.21380325609671555,0.28911499545465175,1.6334512901667064,-0.2242579875333095,1.559651738851526,-0.3202775114339618,-0.8740978642654017,0.15749253228409957,-0.7088267200577745,-0.4469391411364251,-0.38530080428487684,-1.026920219303081,-0.5561830138334131,-0.2379891653928307,-0.17928529679480784,0.6742811763540112,0.7698011404177204,0.7269677100916421,0.22607055804509676,-0.6106154144050353,0.6331302101168391,0.9452351147421583,-0.5454162502709682,-0.8901129090324751,0.08056522530557153,-0.32764560888498057,-0.2946662629293139,0.3189637560131784,1.5831623936212138,-0.2626119170316164,-0.9174901466722217,-0.4518262203865577,-0.4910055865251765,0.6891257039881328,-0.306725874126597,-0.40642508330288696,0.1850468658712037,-0.16086034835703983,0.047265772841871855,0.011108028022301025,-0.35900926920182813,0.12011749679342168,-0.5648925906408817,0.27999557564318794,-0.6452616647779489,0.5849510061089785,-1.1381238560539104,-0.2658318912147423,-0.513825277304925,-0.2472621387378666,-0.04464334116129713,-0.4442431866028637,-0.8121003293762243,0.5576403124753393,0.0971039677776803,0.3402157915339194,0.4424676319736385,0.5383607380465648,0.32529624248915734,2.0069227084793204,0.7739679571106423,1.8485174767416497,-0.297509425695064,-0.3609118379132386,-0.09637190722155022,1.5779851709196122,1.8680653026242169,-0.029618396869917574,0.49368089849431507,-0.32764961764758543,0.0670362717434728,-2.136306145874033,0.36458484988950407,1.8780561205582094,-0.90678724777394,1.7729224497621727,-0.26304978545695595,0.7923817413804994,-0.14573992299877936,0.4531738200816766,0.19102294882390838,0.24402616137792107,-1.1618962097485177,0.19835612689838425,0.4986136930556952,2.1179465275535403,-0.8431174268262055,-0.0036446303466712514,-0.23335474535653347,-0.09215230605932631,0.6686983517127519,0.5018845062445219,-0.14219417634387502,0.9832068790663095,0.38872066347605344,-1.123686747652007,1.167796303305336,0.32063865989680285,-0.001616990502650015,0.3856551054634893,-0.42082538288655275,0.1399574837511009,-0.12610003809438966,0.5313450149734902,1.5001381834273586,0.7819426709762748,0.5254551422002531,0.6172732657423383,-0.6348342324367781,-1.1666455379397678,0.2280070488428062,0.04392281485574143,0.3402269628679245,0.4412368329546387,0.2137048210577984,-0.2304262880056195,-0.19718755574862273,-0.4866128426787364,-0.031479667532732895,-0.150705031287119,1.1568200486008076,0.1789290275033366,0.3196063111132299,-0.06908848238751734,-0.26501095438870503,0.596888793267292,-0.051835709233005324,0.26251624314518834,0.7101195867032902,-0.48045491710604904,-0.27396709837421745,-1.1837309222792978,-0.044483503432149074,0.9422671440555052,-0.09176620236957159,0.16007851715810667,0.21849741071951642,-0.22766244499616592,0.5171763324663975,0.3312149326772836,-1.449431057958799,-0.07279786472610554,0.31335949765405213,0.2318725903541226,0,3,train
-0.4177429721253659,-0.328374616209589,-0.4294405332005394,-0.2722867636585761,-0.5702277120776398,-0.3007763708485959,-0.5257964453250077,-0.27053663200171774,0.2553275934675566,-0.16608398591210655,0.12012514734241993,0.009195923638227157,-0.37082981548625094,-0.3250684640967465,-0.42553655498665827,-0.9527319967409047,-0.1330696130381233,-1.0518148078306557,0.3476596366386921,-0.404387146489018,-0.621539171266169,-0.12145948785763602,-0.6507342609004433,0.7550797777188267,-0.5403863771119296,-0.18754489978830444,-0.5008314115660469,0.19151735478099796,0.24036733812910752,0.5295826553012235,-0.4393150764398424,-0.5785600779606919,-0.5116777069048044,-0.6243542373285028,-0.16464652411835715,-0.4857905628196459,-0.683363116007153,-0.6096163186717433,-0.5935406537239054,-0.8133793651188874,-0.09928624174673618,-0.47476425030969,-0.7081060999683393,0.09917824974685571,0.19621463685385535,-0.28502177127979905,0.020882990762474758,0.01983781882596986,-0.2042917616654277,0.33060910036776014,-0.7942015265295489,-0.14175952613789639,-0.6916294188893096,-0.6188346532934487,-0.48746229675182906,-0.6014908886733239,-0.04865144402108882,0.15166957149113722,-0.5819561003575975,0.5186772071864386,-0.26982577257866186,-0.56069868891856,-0.3671418182654852,-0.5907184753127367,-0.40069401967152973,-0.028920997547130577,-0.25362785880040406,-0.13315721751308074,-0.469375439419765,-0.6059527260726861,-0.588920151652236,-0.7238013690824158,-0.34388489644297154,-0.5542332744392677,-0.4535050382792051,-0.10311974544644985,-0.5637122388680846,-0.12341621416565135,0.2092098568536619,-0.516265455302332,-0.464921682690203,-0.33945838833143405,-0.3500981833217118,-0.1941114810229758,-0.7303132730542311,0.0006378611999455615,-0.4223092699245022,-0.06421016872291026,-0.26556607133912635,-0.5209495690595156,-0.48277549535089864,-0.43181389858593555,-0.5588048776461152,-0.6879646520958371,-0.13866574595183465,-0.40834155972914266,-0.44029825926892663,-0.15221666262133143,-0.5648842606577491,-0.03748876916709994,-0.374433884142642,-0.18512633135974485,-0.6147917536830113,0.09610689515071999,-0.6267537939593109,-0.716732284296092,-0.6965617161918852,-0.5643569219261656,-0.5904658997100776,-0.21596249655433386,-0.032207257326198696,-0.158163954566181,-0.5628553108991429,-0.679177728602697,-0.6364634152051902,-0.22939577683948267,-0.05488154740095461,0.07683589410506142,-0.6728328959542533,-0.08488844041379671,-0.08614552627298912,-0.3787768690308957,-0.04587884676252244,-0.7452612738513769,0.44290203063027145,-0.23759864013219695,-0.602573149624574,0.002861482162138771,-0.13248226747927772,-0.786885380587021,-0.2951043845922985,-0.0770969665990624,-0.21325575856987602,-0.18744723802183638,-0.590402534972977,0.29405543232096726,0.09701089585060622,0.08134884813615947,-0.42365166914534547,-0.2538002414670447,-0.08335684016803918,-0.24506241601829695,-0.3512389385416987,-0.1238210709031282,-0.5071192906255001,-0.19473917810058947,-0.9110633303446364,-0.5898940951626073,-0.5147945333503386,-0.7801900060429539,-0.2393965810318483,-0.1415052125339293,-0.48334639376129296,-0.8261420603543127,-0.6377579312640776,-0.8949544736514841,0.10561391591546657,-0.544928379539307,0.03411348175262515,0.22084286166702996,0.07933074764817417,-0.3909014506253162,0.042387734273445804,-0.629895214642606,-0.49760187734883293,-0.4221853590256601,0.22392724312059886,-0.6037429754802094,0.14759998850420147,-0.6239840457642332,-0.06388527545214429,-0.007212587538342999,-0.6198609514876083,-0.12123206528491094,-0.48140836098668555,-0.43019800357474897,-0.7199036954994461,-0.6191536937290634,0.45884022217813003,-0.07489983236226729,-0.6927139933410575,-0.13041984779200047,-0.3235743187931148,-0.6139455937533663,-0.5474290048381162,-0.3512775687063855,-0.2084565267843282,-0.727406677307578,0.2583412261617367,-0.6283889239462976,-0.23089916082099146,-0.554350111559149,-0.7858055346713728,-0.7004967109832746,0.40334273663266845,-0.34020456213329225,-0.7327342834025566,-0.4485113349102019,-0.2626087527178626,-0.027058285025088925,-0.04438037953026224,0.42350661657634575,-0.7003510728542157,-0.08477508594731252,-0.8037263625475356,-0.2627273966414942,-0.5862060975869634,-0.8145352057435757,-1.0407734183869695,-0.6010456580432417,0,3,train
0.6477261997900834,-0.2528815417859163,-0.3736180005544298,0.8192718740124435,0.8277733843977823,1.0239889380628646,-0.5001823439029582,0.7784104153978664,0.773223360933981,0.48309404114370125,-0.05327104590626751,0.5838678350075291,0.5716412993354133,0.8534837207121626,0.47630530647729163,0.7905648483594742,0.555899928393435,1.3236328234699117,-0.33120385854695195,0.6697980749587391,-0.013373209610435803,0.3000396886402498,0.48588158147233096,0.17168019825120526,0.1382818046553074,-0.4430178889402714,-0.2622264950147688,0.009978860168949782,0.627754802491717,-0.2580222260414983,-0.10564678470632376,-0.04742018332923413,-0.14629104300948229,-0.31645993444013826,0.12331170249537549,0.2592732519928117,0.05750166123584678,0.26752867881228415,0.3734796575306939,0.585346958471565,1.5575096575173517,0.025311638705271554,-0.0767961958498358,-0.20014554630777404,-0.013361082338228268,0.2242934136026452,-0.2837142885967936,-0.09981744133248183,0.04066191794686878,0.20611800638350017,-0.17561081404170018,-0.3828441642304957,0.19906409890743762,-0.36091453507345245,0.5265813541462558,0.1914325355607896,0.06477089836542549,0.4667514809251875,-0.20527603539959408,1.4435809765118048,0.46104088700448526,-0.08554843314714203,-0.387544234456367,-0.03570492716172825,0.565409999550263,0.3206862418780222,0.5370733729414525,0.30583864745337386,-0.2531037029907767,0.3694893835279431,-0.5616737689828043,-0.03781081108004409,-0.04932213654162142,0.25993791355488727,0.1827063654969023,-0.2899781126692625,-0.14525632866383364,-0.41824383689470734,-0.17880180675853583,-0.1951774284836766,0.04805794912193527,0.3468091259640499,0.9713169479342554,1.1939937788258146,0.04113445810876265,-0.19919494044014432,1.4653649662823682,1.372912867238262,0.5848877191810165,-0.3348912457131441,0.16241815052916123,-0.30761324548095076,-0.05053814932742181,0.23980271763982808,-0.33316855431101233,0.24050232561460522,-0.2696468558266887,0.19348667326162194,0.4886898747980685,0.22165345552462642,0.05951290732382815,-0.02073297277341066,0.29077266040997923,0.06794610134165041,0.21577066454216753,-0.03438199149759854,-0.15272721826345995,0.17470748110848078,0.10001344515821194,0.30992407999993493,0.06750641135571248,0.20410458876295928,-0.4140296176252727,-0.02398060338136456,-0.4353368690487553,-0.12577087782885601,-0.341551322111364,-0.40648383292837637,0.5646577267381176,1.1798174759064484,-0.3392043513905802,0.03524980348536021,1.4159265068053235,0.14104916293529715,0.26159310724605384,-0.2862415176562856,0.8836039744612347,-0.5127503512442008,-0.15888661279380353,-0.19116298256203215,-0.16075003369376445,-0.26396107889955794,-0.26924066053237533,0.1413628477113278,-0.040762102584186395,0.23188492732411203,0.38676559555289597,0.13932675647629522,0.4424353702880077,-0.05614468472298141,-0.6258521675319269,-0.20826026041135828,0.5870936502799641,-0.3438893934614506,-0.14075537999703147,0.5447978804306839,0.33739378277598076,0.5249725579664414,-0.4669543315932748,0.19835612689838425,0.6795452441223188,-0.2857255363692997,-0.30216673682212836,-0.02809725664419573,0.07383613624631258,-0.25339889527655457,0.2198629318743361,-0.5600995807825508,0.4501995548603656,0.2652524160786385,0.17452764482598318,-0.5028177505348471,-0.19411116791441516,0.13179087025321168,-0.4419774040576723,0.28748004901515517,-0.3656820661885727,0.24280967492138847,0.3483133413431683,0.2605647663630863,-0.32455585193206143,-0.11438182017613059,-0.1622697084487665,0.316285798895098,0.45960365057388164,-0.39235682591962945,0.48747166864451763,0.2857826888887235,1.331833810701243,1.1762154443659127,0.18868098875844347,0.2811451177025086,-0.4127885044715798,-0.04890651085969611,-0.20049755389139293,0.7464012269881456,-0.5691592269478084,-0.2544282084035215,0.6171795808776255,0.13011441460602083,0.3873770975938171,0.8014987056882655,0.13876885783819862,-0.12377708873685046,1.2864882141087008,-0.4188815905326436,-0.18499406855053957,-0.35939380916849334,-0.10600600964094008,1.3022120916619797,-0.681935086822788,0.45511798850653445,0.3129889214416378,-0.30931236445265353,0.5612064223001952,0.2404737434758036,-0.572339029950468,0.1891649263475248,0.49168152774998913,0.020816382615423953,0,3,train
0.46805180317702283,-0.2528815417859163,-0.21520270520736207,0.1602433465185654,0.2774408632106291,0.4115670191013622,-0.4025285822313944,0.11650800046123042,0.5636350444812931,0.7874370598640297,0.3208996868935317,0.12989503981924042,0.1362461927699121,0.1904586155280497,0.13686667227314814,-0.009195044495854328,0.23674492023028673,0.15549058294973506,0.4141092380192975,0.3146592874596847,-0.028426822522706424,0.5989209228842052,0.1648526794281123,-0.3847932467794491,-0.5740607525431284,-0.15348183456804218,-0.447808096776874,0.39368522378077886,0.35360367386587027,-0.8401649644252492,-0.23692611260147864,-0.35664546445028833,0.3048036037748661,-0.42292805786882504,0.03394535630490674,0.07510017417400196,-0.1290097512169364,-0.3891574155607845,-0.28976463971722505,-0.21954670599864415,0.019764960595593486,-0.46118752934095797,-0.3560294226714816,0.18030339073362456,0.31545599432521326,-0.4835683687763451,0.33339188776743833,-0.06121897031362644,0.39542241945433265,-0.001367150256933096,-0.7161810763058563,0.236412455183828,-0.15529783828051558,-0.12675021721582433,-0.3025484545292371,-0.3806767705321784,-0.11166385645804121,-0.03010845318235334,-0.31713860014469814,0.0873749313352316,0.23967261991920508,-0.11620328835820126,-0.44292222126018893,-0.4643739277661656,0.0023432398811200294,-0.012273033764980444,-0.04830764945307116,0.021536563475098497,-0.11335888868281499,-0.29847640891596605,-0.26196355961905493,-0.55566642839556,-0.24569730980918816,-0.4652675485988468,-0.0014600934909182641,0.0650527850540815,-0.45342153385301076,-0.17096905654130554,0.14542711762973895,-0.4031201506138535,-0.3891406007179553,-0.051852500597642015,0.10248649913345699,0.17432019542287133,-0.5295255074090683,0.1965523726117984,0.31745495777819027,0.3225866221375366,-0.09474842965345663,-0.3850974599494666,-0.6272218339807628,-0.4838980434364131,-0.3306851649361504,-0.45364797851072036,-0.14185431658067363,-0.1550495617072518,-0.4719003710174892,0.28567422949707616,-0.32076342439359623,0.2648438263065808,0.056435270504917014,-0.014410151289320883,-0.30680791741788255,-0.10453876073890071,-0.3001135423556608,-0.4242964445253091,-0.39276451390083383,-0.2536139342865984,-0.15287816674828095,-0.15182998721844743,-0.017434861965915562,-0.24176438764213642,-0.4083055524993546,-0.2218589297904918,0.035593580488263006,0.25299599441688286,0.021904999396476464,-0.04399403765329803,-0.16351199658247365,0.07792427525041874,0.1058301341610455,-0.14853764626575824,0.32927473955134956,-0.5007618430136737,0.3203960013166109,0.08552904627782026,0.2501514297689228,-0.12018225080982861,0.1942715057879791,-0.11429557636525943,0.1555425007132011,-0.34070883930869,-0.26265420147796364,-0.3452760791737552,-0.29658552964072027,-0.10456721736475179,0.047053189005383855,0.08618034049783745,0.7441061368322095,-0.6067565927957292,-0.05429459048783092,-0.21746079931309295,-0.11841957439797784,-0.042979646289866946,-0.008664990450712883,0.10958359377289914,-0.6484568341365066,-0.35800183131176516,-0.4694722369489097,-0.5650486576657802,-0.07274909978627397,-0.1483728470022803,-0.5040526402686261,-0.19926564072686706,-0.38500594007186256,-0.6410768650966991,0.2688267958567087,0.07709087143369281,0.009430409619115126,0.16163012245155192,0.21419301865007026,-0.34293732209266015,0.09539610890175947,-0.48825937240991263,0.1559856838223053,-0.09400017032694317,0.22816903671275116,-0.4455088352182284,-0.004455581828349158,-0.7052181203473543,-0.06722720591983553,-0.05592587510097372,-0.2693085957093143,-0.16467355534533737,-0.14728090760648416,-0.5117020785242372,-0.4535200191696891,-0.13543394566309921,0.44460663106090537,0.3545258731813985,-0.1811156441098014,-0.011181399844993181,-0.38305044257875814,-0.22000989511623004,-0.13229735413263535,0.2212658562904297,-0.4680276287711317,-0.37081558033279194,0.052665583824580954,-0.5441107752182622,-0.12003583172592233,0.03236264935882307,-0.46718297479115123,-0.1400993421966549,0.2917875184251697,-0.17258828423902198,-0.6048355530310197,-0.36575934672147253,-0.43039740601456533,0.2697384261591972,-0.1693066397429869,0.2601811949370375,-0.5374346750574547,0.07512267298830913,-0.47519415378765995,-0.15548780940338155,-0.2568632412201988,-0.49664777387894565,-0.47237194745617034,-0.17139552086089088,0,3,train
0.07456487459442014,0.4352668673837161,-0.2468857642767756,-0.7348347363716707,-0.2911491349827328,-0.3990862052082055,0.7260927616776623,-0.74873308008094,-0.3202808988191732,-0.3385014900798463,0.42585001438615827,1.9674039727242187,-0.5752531277151752,-0.260627579143647,-0.6035754464564786,-0.5753172158428845,-0.7561817718328415,1.087303468451379,-0.027690814403105817,-0.3634658047195797,-0.42584220340665085,-0.7575400632999001,0.9370573356966383,0.934587340631941,-0.3383401245247369,-0.2216079650085667,-0.7825177713835281,0.28641247696456856,-0.14106031908946184,-0.3436314522744029,-0.253336028588373,-0.43668024309338466,-0.5725754842206915,-0.5006210128032722,0.5204954633419033,-0.1551161730995102,-0.5538413018038314,-0.47358848483732185,-0.6593587900920196,-0.5343495614358815,0.016457982752750996,-0.21454376507566023,-0.45922431084469845,-0.07985654415497892,0.12756052194610382,-0.3454489966048348,0.10395497604227522,-0.04577958190608429,-0.4070120482411213,-0.25726551011346743,-0.5629266205093172,0.0898708124216598,-0.5719125482177038,-0.5645356810366073,-0.7797454667165712,-0.5538151131655766,-0.7879970832813302,1.7311186303207993,-0.381060065713329,-0.31517385945922827,-0.5193042958017553,-0.16984928497755492,-0.7635316185454737,-0.5140092857308899,-0.599249140186438,-0.09218325991930108,0.06964225804433286,1.0834884653939507,-0.04015922404531125,-0.2719698298507316,-0.21914781542423356,-0.585930717719194,0.23542186469635035,-0.5030105838038739,-0.47024744364173426,-0.14796575357992486,-0.7161729193300986,-0.29460644671800645,2.053594066078766,-0.4214680378606338,-0.5727639916507093,-0.3878673001282109,-0.0230479383358599,-0.21486819518893902,-0.7937199358895457,-0.14825716747306258,0.17715484562767966,-0.488743231862425,-0.39640511603453293,-0.32898463227357677,-0.7716681726106269,-0.6040922238605919,-0.6588573832206611,-0.7481270412595834,-0.13866574595183465,-0.7136798587144358,-0.4750605821923455,-0.8666702234461018,-0.4910055865251765,-0.3220370943187995,-0.4267537100641313,-0.20409479581201417,-0.4263240329834549,-0.6536742400157574,-0.6189766451116049,-0.6419986807991142,-0.5465384064185265,-0.6483415131801027,-0.8405160328311043,-0.23306449904390358,0.7802744874893738,-0.37490581809643586,-0.7689216554321939,-0.4988885867632699,-0.20968269531226735,-0.17579669114433097,0.31369387722671455,-0.05909777912309297,-0.637021270217175,-0.21281271700710885,0.24544879629488886,-0.6514285802001374,0.08671854150358749,-0.5099305716700876,-0.39993945104771333,-0.44259362398371327,0.22578787035768003,-0.3721289421333809,0.09525521085850734,-0.7100179743902482,-0.36508060901861833,-0.45749890949649974,0.5672396393779088,-0.38911742393817705,-0.7525084689493945,-0.38250594558598716,0.23189670433270662,0.8350616565579243,-0.11224958755133085,0.6638862719875349,-0.0446071739277615,-0.3677362680414258,-0.5487826414515224,-0.042979646289866946,-0.48219657561676066,-0.5612354194966188,-0.626931711496496,-0.07259596811072871,-0.08926852824803405,-0.7489598103107834,-0.15845351871256935,-0.550129463400812,-0.5765245030442919,-0.6549736762716414,-0.668865868641581,-0.6891077640124692,-0.6125227558259989,0.7142813236499364,1.0990117366554863,-0.6599466341632055,-0.34905528965196636,-0.604075355214899,-0.4509979064977814,-0.4693745934455535,-0.10823056431070802,-0.18376022193684868,-0.056031133961453816,-0.7065951666504969,-0.18692226622740993,-0.7112354592053632,-0.24434952070747154,-0.33846294296423196,-0.9677373350843886,-0.34464544273853254,-0.5666449562367369,-0.2962984518720183,-0.837527656476222,-0.6408939071252864,0.25008088579216825,-0.2772254051664944,-0.8484178387592659,-0.3573575390459821,-0.44624382410100416,-0.5900707029268732,-0.5118462919205035,-0.19811308558621837,0.6343067913546445,-0.8685573198600975,0.42463217103007544,-0.3525695281090909,-0.6914083739851247,0.7595906513369818,-0.7971849118099521,-0.7304208423262494,0.01909698502906149,-0.3196801199421571,-0.5158625232073417,-0.7254122184647964,-0.7380099370585205,-0.6427535901414272,-0.2554626812690039,0.5341464183320062,-0.8697841265628472,-0.14941460551703192,-0.9764597918955115,-0.36996698387960686,-0.8184794804982605,-0.6467612833705766,-0.8178708807670483,-0.6425031274204861,0,3,train
0.3314992617510968,-0.4982340336628527,-0.17748477774377452,0.07564755209906138,0.21614790468978506,0.3986739260705937,-0.4025285822313944,-0.02793256889994228,0.5545225089833502,0.7221273991944314,0.1383773782107028,0.7063684305345277,0.07385725981692869,0.08735319960309046,-0.1559823454716031,0.10088426659940156,0.153156703806605,0.28108275447386966,0.3494555718111409,0.07059271333482016,-0.11573777741387604,0.0011584543962943961,0.6073519768404136,-0.6720053474404319,-0.6180964742608499,0.14173139734089746,-0.5803663837498063,0.10074810747497387,0.4519404917425327,-0.5833372857265356,-0.3627354685010021,-0.35664546445028833,-0.008707175740256035,-0.4085404736217052,-0.05542098988556201,0.10858618832287646,-0.2611220017043245,-0.34225126596270816,-0.40621211175311916,-0.2767835888054146,-0.02983970704704388,-0.6308965414501079,-0.016093320453825857,0.17191113476947603,0.18537451344736824,0.05164419838825731,0.12373402015651341,-0.14999545365699382,0.5474626343861029,-0.2710978538894963,-0.8332117516413953,0.01896356592383647,-0.4809277265072834,-0.1471123318121398,-0.5829016991892959,-0.46097281349259495,0.06057007086962866,-0.017989918204120638,-0.209841854368782,0.09695942635414731,-0.15738474802740848,-0.18517671258308452,-0.614885443440478,-0.4553493172271248,-0.039145889778711564,0.2707423505315718,0.37980682961158047,0.10933573646838941,-0.15994049345213557,-0.11293035545932463,-0.40208781334756116,-0.8213196346807922,-0.019865860551486404,-0.5973681718164415,-0.4535050382792051,-0.15544008826883737,-0.5637122388680846,-0.46579667927036156,-0.1628561219525551,-0.4581638123541944,-0.3512500597318315,-0.1429751580974573,0.28418107968115247,0.18729314177659834,-0.40007023745363446,0.047657343938790245,0.18353212345270287,0.2502587669359896,-0.2910069966965665,-0.5652491698562707,-0.5212945189855291,-0.37972975373545803,-0.5427964767541879,-0.6626331198163651,-0.2534542885900379,-0.19668660247797357,-0.43713804809407036,0.28567422949707616,-0.3496724707932985,0.06921685276478738,0.019503628677983387,-0.04602425870976976,-0.23096115177050008,0.177069177351795,-0.38566217968042626,-0.5217750577822368,-0.374011600179164,-0.581153840176953,-0.15571964553374715,-0.1603809884632323,-0.09868303644747281,-0.35632794407955687,-0.505614659639962,-0.5472588443299455,-0.19496611876423553,0.2601425391762364,0.16523988675168114,-0.1421683572069651,-0.32665384716249685,0.0721095354052682,-0.6358940084249973,-0.263657257648327,0.19667735128523964,-0.7177550878821353,0.3007950366264252,-0.15421085009090219,0.1770607515351945,-0.3838473928926159,-0.03346597254980596,-0.10468715059066283,-0.023596633818177615,-0.057075811709723596,-0.2988797262772279,-0.09538041401655041,-0.3320462026980616,0.3050266979086476,0.4866810092433407,0.0716858634128035,-0.5988153400419787,-1.1997232630279193,-0.034919757367692074,-0.1806586437061543,-0.2912703144440736,-0.060944407315036114,-0.21303125352237562,-0.15874401153490802,-0.967028649208664,-0.2465151659988603,-0.7615492582025626,-0.5546385924217234,0.22721636645575982,-0.2651226329642468,-0.5195823251491258,-0.3370895344038232,-0.7310817433965878,-0.764584890880108,-0.31057892793470093,0.07709087143369281,0.37262418529790553,-0.0012049103910126231,-0.4045868130056883,-0.5161411195716961,0.03831016699434475,-0.629895214642606,-0.2333856292158196,0.02100489579824824,0.16030033923831416,-0.41913647850789826,0.2205866622638258,-0.5969060209031928,-0.1841947722890291,-0.02994545506757067,-0.23987290171266368,-0.15846762819384788,-0.3416203447766013,-0.5524541159989814,-0.647253601954967,-0.32022575953099564,0.6960667407985413,0.06961843392646638,-0.4619386510247844,0.061900229541882255,-0.5577615561990854,-0.009115026148874269,-0.39027202278532697,0.2358529499209218,-0.3028460184158931,-0.17766206947144947,0.49902548847117434,-0.632219748888481,0.34047338143821093,0.09645732071960994,-0.6321839433005517,-0.39581464640025804,0.27939249417989204,-0.4017778887066977,-0.47415641547749277,-0.36575934672147253,-0.5254776428826969,0.21921983702144637,-0.3330031186424192,0.297061128855591,-0.44945982024720377,-0.07116676603789791,-0.905334262163992,-0.1472386103850652,-0.6070066990417065,-0.6114404576078398,-0.5503878356231428,-0.16385779915593737,0,3,train
-0.3171253100220519,0.8809663644619379,0.11218890517657792,-1.0322844651370235,-0.013374663388269287,-0.7181902577197251,0.8349526927213727,-0.9268297044388908,-0.20789296101121016,-0.9693928121481665,0.6038092653519164,0.391109544987105,-0.8447202211078484,-1.550877297871262,-1.4371967981048899,-0.8201875201160047,-1.047474041188096,-0.34552764968955463,-0.5790429123448856,-1.513647803739151,-0.5041209905504581,-1.1713756184069153,0.12147039536808274,-0.0886057679728105,-0.14924555479569757,0.005479136459848392,0.09236692263782512,-0.4562450009938103,0.22248791669698706,-1.473673238548743,-0.313505720540319,-0.37483518686917383,-1.1251664265315182,0.10365752557576105,-1.0880987680865342,-0.09651564833897984,-1.670319340236464,-0.4642072549177066,-0.0518067620786587,-0.30182472503337665,0.0859045174524433,0.2968460580799113,-1.3394160040868426,-0.37358550290017634,0.44915084967188723,-0.5051495206781436,0.22262924072770443,-0.26579086671356,-0.1282716541995426,-0.4647506667539007,-0.4180314986653166,0.30259255191512974,-0.25586000964466443,-0.4389693076926618,-0.03412513517386172,-0.5839261292757328,-0.09906137397065073,-0.013950406544709738,-0.5819561003575975,-0.027639008891756932,-0.4455148734399953,-0.6143446855379137,-1.0666532305242884,-0.5004723699223287,-0.2673361029077853,-0.12547918748360135,-0.24925934370790764,0.38945690744698425,-1.148135966058436,-0.08642377639409014,-0.2658559000004023,-0.45142276516970936,1.0994726270736441,-0.6674623800543489,-0.3656074101259271,0.20332797679896283,0.17912809785108963,-0.6845397541983708,0.1879489437790209,0.13814252316616568,-0.6368864456272266,-0.41064796450316476,0.04632635605507838,0.07313121386380064,-0.5480191174027018,-0.2775607450048855,0.11975934520247077,-0.020184517730664268,-0.09838284756166236,-1.2917626229230548,-0.6272218339807628,-0.30360677280014475,-0.2626494611454592,-0.2731608110194817,-0.9708826800788081,-0.3181279713925788,-1.3535992888023856,-0.6246778883280344,-0.6227023534571536,-0.35760563496276193,-0.46676298870997607,0.11204627839247464,-0.6078965931696129,-0.06933776847756375,-0.7226719630810177,0.030603750673686553,-0.3552586864574942,-0.38798928029289775,-0.8632478631148339,-0.12617698348409284,-0.18731740860917162,-0.5947439939628372,-0.8089901113136205,-0.33179133335111805,0.10427093771241151,0.1600909125452865,0.6617928893750687,0.027748734328227893,-0.6648747569015693,-0.10814739979439893,0.5683169524794016,-0.9826499182131421,0.06731404565976652,-0.17068761138277438,-0.20392980414585637,-0.661486572842112,-1.1385714566719147,-0.4365804213091733,-0.023564343056858787,-0.05023940453461547,-0.328692972316932,-0.7010896273167885,0.9031490511529047,-0.3102030033622177,-1.084319052557374,0.14045771409344252,0.07702781311251727,1.3906832781508918,-1.5719468450232743,0.8474235746784509,-0.354604503849983,-0.6682872054980915,-0.15016766950848523,-0.07890916834020528,0.003796367053656796,-0.43361619258193,-0.11463379266424271,-0.3267855650241518,0.37150815183315966,0.1324257136860246,-0.22035115460378266,-0.8317024766032018,-0.2711073670611287,-0.4349000395939211,-0.5560995956481313,0.12055596056765565,-0.69412919579662,-1.0607492218095995,0.22805190565877537,-0.7857737049960963,-0.5156498597131322,-0.6866802432433623,-1.1564170457822631,-0.06964677203328556,-0.029429227148230364,-0.33803531064137377,0.37663181243808214,-0.30837258032451165,0.044202200678067044,-0.2358656894226542,0.026346847175519345,-1.0496769413786406,-1.2139267757836487,-0.5370291844347066,-0.2427458942865417,-1.2568821923481297,0.010056768209368634,-0.7115496006630116,0.1978910516956778,0.19349123360252385,-0.3674041734494436,-0.03425980912505911,-0.5094372056232501,-0.42692561561250364,-1.3925184366314163,0.08633524020837771,-0.25228021932755473,-1.059234503659115,-0.004223423630377027,0.03817461599361859,-0.20957928984117047,-0.3226232227932273,-0.5866664347462344,-1.6199836558855922,0.10586215474600501,-0.3573082639592382,-0.14328796082069056,-0.7763365188886299,-0.01092577277280853,0.12134007056705413,-0.3071563061846141,-0.013784028457931126,-0.13991866443335782,0.041101873214772607,-0.2618175645931015,-0.3727167168857123,-0.9675504575905854,-0.2935530257432098,-0.27175966359824116,-0.8121018657819403,0,3,train
-0.4051657643624516,1.5095913880282898,0.40789745649110437,0.386741763835302,-0.3902611530164381,-0.2250294492928311,-0.5450070213915449,0.3955727898095155,-0.19726166959694338,-0.37507490005482136,0.7315748814298966,-0.10069431646687448,-0.004460762400646232,-0.08735319960309046,-0.19924413218389592,-0.0743440245318221,0.8813873771947411,-1.1990142346707706,-0.009731462678617879,-0.1267066130535434,-0.6155177261012608,-0.8111854130359947,-0.8329398539525673,-0.13348265870108908,-0.1673779107971123,-0.5054668418440855,-0.7129246707227387,0.1708879803932652,0.422141456022332,0.03304914315037714,-0.6799938442476263,-0.6404051341849027,-0.6988819853203091,-0.7078022259617979,-0.04549139586439881,-0.2974317332322268,-0.21967502115926155,-0.19684220220867152,-0.30495344041755906,-0.5021538148570732,-0.4432119374023552,-0.1353462260913903,-0.11928820862704276,-0.018313333751223262,0.24680187941746173,-0.21164585481368423,0.1514246819164469,0.05843628984482524,-0.2042917616654277,-0.6514873077302906,-0.6130826242245482,-0.20793962286919818,-0.3372674817013564,-0.47969353688529276,-0.4278126702284123,-0.6893146856612795,-0.19988123386977455,0.03856324502763197,-0.45867898818952363,-0.14265294911874546,-0.26982577257866186,-0.5147164061019712,-0.8276534980025306,-0.7621860755545116,-0.3058617233062004,0.16752497508224098,-0.07888725510054627,-0.1456999565121223,-0.12334066113338368,-0.8498132534728434,-0.33981036724600283,-0.7507029595923127,1.2860290416778324,-0.8696572115098509,-0.45769063961983736,0.016469609576150228,-0.6026383700498754,0.10959271347505417,0.11885097628643775,-0.7761938579650531,-0.6339717886282941,-0.37647696794073404,-0.14197530014889695,-1.0658934759934309,-0.3049602432006626,-0.08948281404950674,-0.642325354887803,-0.49188792121901403,-0.5781260114448199,0.02245886738068052,-0.6898152473870373,-0.7322993496463827,-0.6868720847815339,-0.5391418999539387,-0.2789628536207497,-0.7622564062802779,-0.41501656987007657,-0.4633496649159895,-0.5488236793245811,-0.20770964224892022,-0.5067722673558208,-0.349519689946079,-0.7274127087351853,0.0855465974723189,-0.6630471552486054,-0.6419986807991142,-0.48277849976484905,-0.5181653967365002,-0.48817266343329396,-0.2501665015334733,-1.6904086365179807,-0.5823587446182512,-0.01906912393692476,-0.6967669131723971,-0.018367200187853677,-0.15435705686627027,0.001428586917161511,-0.06664964985799043,-0.7245607997966997,-0.18083164785878084,0.91736360781401,0.7360656833055592,-0.35311669762302106,0.006574475974560401,0.12438635441475396,-0.1576853413426228,0.29887854859140833,0.04387605981946124,-0.09617629267180475,-0.8125078493192784,-0.4406549313990437,-0.15050786785997136,-0.2890000376956104,-0.59517174433096,-0.09901892260696143,-0.32764961764758543,0.176943226802962,-0.3728114338615706,0.06291408334530238,-0.9879494522307085,-0.6936640834524128,-0.38920419214547336,-0.4782313189837282,-0.002558933983236307,-0.8884368302592123,-0.37798729879860415,-0.8120477662005875,-0.22421783293627934,1.0588963139214977,-0.5789287446578559,-0.43461220191952105,-0.2616888157300713,-0.560994818163792,-0.6949870647584996,-0.6494234077806414,-0.8400620177477467,0.1300958479066529,-0.04427873851225836,-0.23387415855405513,0.731552737400528,0.1348622710018961,1.1945794647597052,0.1484044835300731,-0.38124562494521097,-0.27510398418419013,-0.22583524612899186,0.13484957768540026,-0.44814607088926145,-0.03486669589485929,0.09809661719684393,-0.17082705041826413,0.09670909259526922,-0.036499015917622835,-0.4098076778291721,-0.6689288705367985,0.07629160503992798,-0.5157915279220998,-0.7169846540120673,0.4493511614333136,-0.1285780455552255,-0.33403906371697034,0.10421064655533646,-0.1786012670656092,-0.8407570566050508,-0.36061976202064977,-0.17987921854810324,-0.25228021932755473,-0.44758171926486395,0.03516127383844004,-0.685851298079049,-0.07739608976628037,-0.9980824517492122,-0.9109786831957455,-0.26251624314518834,0.35686139571287734,-0.8772607994679951,-0.8105856844982748,0.4267500786244359,-0.7827535779376411,-0.4312069981270956,0.10639269314026752,0.14427283119301232,-0.5472096589252604,-0.03374388628700774,-0.6242190732251294,-0.4387103090322432,0.5890278846060176,-0.7203463370429446,-0.6116860334686212,-0.2693859030252867,0,3,train
0.7339699101643525,0.05634970537258938,0.6915362710172828,0.9666322900980312,0.7782173753809296,0.7919132635090321,-0.5386034960360325,0.9214486491341733,-0.6194758143349669,0.37076142479199203,0.1566296090789857,-0.1529372175004474,0.679162651871406,-0.1403379272311945,0.1485140763879962,0.7321554179823997,-0.14700098244207027,-0.669636479429257,0.40333362698460473,0.10859110212072721,0.4743638487471324,0.2693852030767672,-0.19088204986413002,-0.05270425539018764,0.19008853608792092,-0.26134820776553935,-0.7593200711632649,0.45557334694397705,-0.07550244050502024,-0.7716775834389257,-0.25880600058400444,-0.4621458544798244,0.04316870863994403,-0.24164449635511506,-0.2540128703088259,-0.3560322579927572,-0.16527585919386645,0.2300037591338231,0.1507105805924616,-0.32328855608591556,-0.327467712902868,-0.1489229470601223,-0.5684894865575164,0.44605816293166034,0.27570887516809395,-0.04331286997965603,0.23449666719624734,-0.038059887702313215,-0.5252655487436093,0.2130341782715146,-0.02792924754685341,0.2742296533160004,0.5534260360953909,-0.39485139273397823,0.6220207565837226,0.22656205435597185,-0.552750743516708,-0.13513575632703675,-0.24180258715309744,-0.3199661069686861,-0.8355446773521554,0.12903555333027258,-0.3671418182654852,0.11094499409768452,-0.19028486211095522,-0.25533330498437234,-0.12257240602551073,-0.22095639050637167,-0.026850194111219656,0.5179262262932562,-0.23082483656827577,-0.38080609008122995,-0.15732848183878315,0.3462077083092348,-0.03913050555660883,0.32665449916601913,-0.5377614847468908,-0.07110808755243174,-0.12033429580327316,-0.3419605264579191,-0.28129829175744897,-0.4732947915342878,0.009987439945539281,-0.10070626727614132,-0.5348093959786779,-0.2853973254613596,-0.2756318799489683,-0.570505155133739,0.5049305252004902,-0.43825698090557275,0.3116793671133542,-0.43181389858593555,0.1415626613757064,-0.12117161734264918,-0.2502657179611989,-0.2973094510072179,-0.4592595263180642,0.2626273404382126,0.27669020120025156,-0.7564814121843407,-0.03897147088132819,0.7569740697696319,-0.31829985160687985,-0.14677995145250505,-0.3493688183911318,-0.5802622257363933,0.07605832914091205,0.15791056285769337,0.691041032535184,-0.6648900619055389,-0.22424839700987947,-0.7216927997448436,-0.10493010082569605,0.22226798059443822,-0.4991087007568932,0.07790564781272054,0.43655235210260424,0.24675298564025444,0.0473786883136539,-0.5268086686452387,0.07965163501094988,-0.14449836165584357,-0.19464664823181652,-0.3204435127708676,0.14398731910493967,-0.2584455876425206,-0.1762108599278256,-0.18463372998562105,0.29328780071745086,-0.5690943963628314,-0.4266596865137798,-0.21390819167621092,-0.5261125636544312,-0.07784387611078165,0.8761495864699252,-0.016797092663309053,0.022074335582772678,0.03786541688105765,-0.530696134693288,-0.8750034198055294,-0.34491708728991355,-0.2603966475211881,0.4953769310718316,-0.18220654423492802,-0.4074284305905426,-0.5121511014525078,-0.0371433511602044,-0.4516506301746052,-0.26803980849811465,-0.5095283096974773,-0.3917599924563734,-0.1895786538123861,-0.21157690835254603,0.47873899752267524,-0.07392656629682856,-0.6753846500365349,0.138256491903715,0.5929117137039852,-0.2938187623068652,-0.05301605720455589,0.0475984485889045,-0.37491340778109755,-0.2063438697517183,0.04051443859214261,0.34140059479284096,-0.33242530741575466,0.10515702254033409,-0.6512132175588036,-0.42412895594618893,-0.2599350448546901,-0.4716007925104762,-0.08190629513437678,1.0205099957802868,-0.9466203764330129,0.31299670674379326,-0.4476631624924965,-0.37049134083314145,0.046640341530269316,-0.565978338262046,-0.16573988545804272,-0.5648144060332435,-0.2881223112057843,0.12621386733581286,-0.19215585581865474,-0.11450599767382905,-0.48985495819606045,-0.3803802436846786,0.5751413574753211,0.16644359873449693,-0.2644605544388721,-0.5720170964981272,-0.7269126882997292,-0.3078716948510405,0.028563943554657797,-0.3186674256547543,-0.3265216006725355,-0.4380111221116236,0.025721212786747317,-0.06685532387170944,-0.5417164118659256,-0.46654498300774555,-0.17184088810887457,-0.29957673427418363,0.16017467242215042,0.08026236411563498,-0.6449402844901521,-0.04885722667276853,-0.6497046855174713,0.0793118331531348,0.7896639965206833,0,3,train
0.44469413161732496,-0.283369129533938,-0.20615040261610107,0.17525227778654193,0.010099235619713546,0.44863466156482157,0.7437024564053214,0.04078187671847968,-1.1373715818013914,-0.24968035156919247,0.17488183994726858,1.8449033771972203,0.14553816150759047,0.4439260963435745,0.2882829257661729,1.2713193906938571,-0.19892699567496344,0.3107927305333424,0.08186123111627061,0.5324192847327675,-0.0374589902700688,-0.044823273948929515,0.19088204986413002,0.35118776116431955,-0.2502686810892939,-0.20457643239843556,-0.9946110305402198,0.014104735046496331,-0.030803886924719134,0.42685158382173805,0.3155410589572981,-0.26933479683963774,-0.4620572957585261,-0.7221898102089177,-0.3334496224781314,-0.34766075445553857,-0.1056958246603385,-0.1921515872488639,0.44436072746558597,-0.19092826459525894,0.13881616293792315,-0.1443973734038783,0.3420536443826328,0.009660852795938398,0.05167965810069423,-1.467668895498356,0.1514246819164469,0.04299690143728309,-0.7871125855705469,0.2545312095996013,-0.7022488530516254,0.10405226172122446,-0.4234636285849126,-0.4762998511192402,-0.010265284564495016,-0.49861158363029023,0.40923875302076523,0.37788222441814767,-0.5431466391195001,0.7247438500931264,-1.4293738382634624,0.5505398124823371,-0.451666113913424,-0.3966893487233597,-0.3088252325676169,0.24410560848013158,0.934608246358629,0.3434668644504985,0.53545632060415,0.20514859332348925,-1.1027090819900922,-0.353904499571333,-0.11805344718526978,-0.5623210676974878,-0.26096737661012,0.12111029522092528,-0.6383206569665171,-0.5561470797841045,1.5486473805560428,-0.7975997264196302,-0.546532078660316,-0.5928932795027954,-0.39634771291567067,0.04199614261485582,-0.6801163316429404,-0.41078261276494543,0.2664367351780046,0.15906277559490867,-0.06567308638781072,-0.4205371405868707,0.24427107575275092,-0.37972975373545803,-0.5748132785380425,-0.5138103676744665,0.7860197364114692,-0.3181279713925788,-0.18116094293071344,0.3202445630853715,-0.44282384252567264,-0.6497757902524535,-0.623722466474444,0.14366038581292354,-0.41483209879445754,-0.35094570656825946,-0.3001135423556608,-0.5120271964565439,-0.3402563554801583,-0.0394532265890588,-0.11025598496628776,-0.7803285787101345,0.019496126434792278,-0.5266251225676142,-0.49989059451404394,-0.4681075137662946,0.08464883564836907,-0.007852889299522228,0.30857477410688583,-0.01378655471370817,-0.0043492155287924794,0.13607167370192427,-0.19085952287337163,-0.3101090306623459,0.3810200618015388,-0.5924491295778124,0.9035247008496352,0.12722294129846765,-0.3711193352177677,1.391497897131485,-0.049968688371384594,-0.8669555953753257,-0.19713767039545074,0.3767158775592838,0.5013750488337919,-0.5907876098545177,-0.33711201313482464,0.5025094784868938,0.6115752763563966,0.023370939796023713,0.598136411085015,0.24033865039311356,0.20726565663404345,0.04628798253663409,0.005045239920661982,0.46452485267116217,-0.5519801776412309,-1.0848014786338034,-0.24378452850430657,-0.05475810166066394,-0.5022050065721639,0.031795082993475644,-1.282133677968442,0.2053103281177947,-0.390168284478294,-0.4060014812423013,-0.5405456269593796,-0.44895326943361863,0.024007475944845494,0.48671330500127796,1.1025378898174163,-0.09002401921422966,0.34905528965196636,-0.3829074292032069,0.3930585202761362,-0.4127202565524762,0.07254897388556425,-0.41096535257442196,0.09243164176387714,-0.5167141983361199,2.160815739707172,-0.7142441286343678,0.1633659963508604,-0.3157300754350043,-0.36831956642532104,-0.7014862539491781,-0.2563837495265499,-0.5058803588849881,-0.33589605819291324,-0.4832773600026689,0.13146762648196272,0.2636858200856231,-0.523108018867652,0.6927100831970177,-0.3607468961591419,-0.25980137982705187,-0.1352625802091031,-0.9931096884480382,0.08819616120059018,-0.2593808625281713,1.3436084453024737,-0.6705279983103153,0.6432155493516689,0.1285046564000034,-0.2737335634353025,-0.05576769932099856,0.18023230021767087,-0.1657468035086436,-0.6965889900366875,-0.4135008783688164,0.35820926447993745,0.0708214814293033,0.670714765135679,2.088372204899617,-0.54069300301339,-0.04054804624171504,-0.24488291465702547,-0.7191830756549993,-0.3677997823121616,-0.355364470827999,0.7814548266558867,0.3562449984858557,0,3,train
0.20572718412195437,-0.5534020495878443,-0.19709810002484004,0.39492845361783463,-0.07205941090822636,-0.09287524572745429,-0.4761691238197868,0.2833859398202552,0.373790554940815,0.253204035586715,-0.04870798818919679,0.34246960264550264,0.24774981762205264,-0.020048275318742075,-0.12104013312705893,0.21321009424762186,0.16582158508292041,-0.48327390232892814,0.8738686421661886,0.09836076667836761,-0.2692846291190364,-0.15211397342111863,0.2689701611721832,-0.1424580368467448,-0.633638493690634,0.1303770422674767,-0.7394363281173251,0.20802085429118414,0.025814280943662258,-0.3949969880141456,-0.2752159165708988,-0.2220415185505353,-0.17110124858262143,-0.4977434959538482,0.28218520683398657,-0.029543620041230848,-0.3647394530669818,-0.6002350887521279,-0.4619043809876773,-0.4055665751206481,-0.05298855194694131,-0.5222827737002519,-0.5867003491763193,0.4320710696580795,0.8285551688989351,0.24587456550444367,0.436242917161477,-0.20017346598150582,0.006875203517586506,0.060878396735196884,-0.813706639085472,0.2553210542499142,-0.4713503768535549,-0.5577483095045022,-0.4278126702284123,-0.49861158363029023,-0.14947130392021263,-0.13109624466762584,-0.438132802828178,-0.31517385945922827,-0.13630205592404845,-0.30779613342732143,-0.31467846234607494,-0.6087676963908183,-0.2969711955219507,0.08761474892792034,0.15701255989426177,0.17623034446327773,-0.14330420603452107,-0.6907737790814364,-0.22693249618692837,-0.6195577058565652,-0.559897587037295,-0.6485908624518353,-0.5958154838607028,0.3677633399550379,-0.8167320915497248,-0.3326487206185298,0.17731848724170043,-0.3572504324969027,-0.590251933644305,-0.014833920988342051,-0.23447435933681468,-0.04103071404899706,-0.3657249617511724,0.2788364674047766,-0.20229318496120138,-0.1522614707074022,-0.5127064890971166,-0.544576022817785,-0.4201820819446242,-0.7202799316039648,-0.4787628731864784,-0.5328090168840707,-0.2056257291574532,-0.31465821799501864,-0.3265306569741014,-0.175263551680195,-0.6580356323901232,0.09462295322476055,-0.306725874126597,0.18159731471746218,-0.4585014487126474,-0.06581766925143005,-0.3701078819850144,-0.5640157901935721,-0.49778083074218493,-0.36699313247941345,-0.5137459725024899,-0.22878899842151115,0.07119951019578326,-0.031215148784174567,-0.5428210829584296,-0.4944912906208449,-0.4500534455967871,0.14222455064690262,0.2420264335491122,0.46198130158483225,-0.35848640337323306,-0.19246112754908193,-0.44391834799096275,-0.13641979243601418,-0.1234968301378063,-0.36934339893840823,0.22729141903822886,0.02646269499856981,0.10397007330146621,-0.4072842944110858,0.029244347572192825,-0.48261856439146217,-0.11876429903797256,-0.2205819099726572,-0.22313544715149355,-0.3803491549852927,-0.2585919513649974,0.24651328144101914,0.38676559555289597,0.3905643592835501,-0.07332432735207901,-0.05614468472298141,-0.29648000448956646,-0.24812926231887517,-0.3794594675288163,-0.1238210709031282,-0.4348434171001559,-0.1456548600564784,-0.7991326926165812,-0.37138023114931373,-0.623064463642641,-0.6517992013662535,0.07961431163825113,-0.0728288678504196,-0.4548753048137099,-0.49269715629716077,-0.7971861103237826,-0.8812313596755497,-0.2697757079493904,-0.7573251969447216,0.11521500447701526,-0.008606502792947375,-0.12692919623707868,-0.5161411195716961,-0.27566251349643617,-0.47566951976700655,0.18843329324214905,-0.19217522677527732,0.40208257399099606,-0.4270481855209973,0.33006667290326225,-0.3742644831568607,-0.14743353714442542,0.031758042511761585,-0.14621387535968433,-0.00021648583086590728,-0.3893528381166301,-0.6950862471605858,-0.27016502117647967,-0.651764013823398,-0.006123754317875736,-0.08315801900733778,-0.4202322638591929,-0.0265670060317038,-0.4276575354179906,-0.5701749605714623,-0.39620247493826244,-0.04130182905842822,-0.21519863332943998,-0.24699922721654677,0.048289506328045725,-0.5287874754495285,-0.060340192982423574,-0.226481215752047,-0.41028608909825454,-0.40125539755352624,-0.2504947923057273,-0.5728149069661572,-0.7410755049485265,-0.4103181095923268,-0.6093719695310482,-0.07757687416283975,-0.2511548791927031,0.2601811949370375,-0.34845165361321195,0.2928557915389428,-0.3397169542990514,0.023244835993472865,-0.5168707594044867,-0.4407231330879459,-0.3107676076817274,0.08111815625505214,0,3,train
0.9334084904048497,0.05925328515811526,0.1016278854867734,1.2326997080303421,0.7247490498627465,1.2367249730705445,-0.5786255295079848,1.186490082233801,-0.6863010746532152,0.6698796706587526,0.6174984385031286,0.014600361676182975,0.9433200488425484,0.34511673941548854,0.642696793832264,0.9680396560436623,1.1030227995302608,-1.4056336136298306,1.238443482173294,0.7954850532505854,0.4683424035822241,-0.06781413812154147,-1.1626452128087919,0.10885255123161523,0.6356264264083972,-0.6133332150415827,0.11556462285808827,0.6659929656988511,-0.6536037334769145,1.043238012698651,0.4413504148568215,-0.11290318403722208,0.25969413909643124,0.15545282886539247,0.9077496301672678,-0.5192765769685204,-0.13937149635320212,0.6380872606370872,-0.01130329354443464,0.49591432908598626,-1.5477425369117472,0.2877949107674233,-0.38638086036948655,0.7202051910938446,1.742738909512679,-0.15121862948864845,1.50431129933034,-0.23105224279659015,-0.44924544127772414,0.8631543357448722,0.551651239829149,0.9454849201620612,0.8311691760535163,0.012390899192331497,1.2662367230366236,0.3219136053714665,-0.15787295891180628,0.09107689659997369,-0.12309129395421152,-1.3455070739926671,-1.0042062141790356,0.19034526375239105,-0.1310567166281391,0.1876541836795312,1.4129736483153943,-0.20205982088149194,-0.03957061926807827,-0.024453479521387222,-0.32630336762828044,1.0215512285327117,-0.5071810036439407,0.311909865548616,0.225603106032972,0.3947344678585553,0.6347513102851892,1.1862029883909573,-0.05118484497450589,-0.10439507721538968,-0.06718201311667074,0.2635197526858311,0.05680192011873308,-0.8349378384866798,0.35685891190023067,-1.3564874743169162,0.8971244063855092,-0.7595104430780435,-1.4394850830157042,-1.5076225833972605,1.5843526439375948,-0.3171714053944421,0.6487208239163705,-0.007127794420503603,0.7018566925931636,0.8065957523930161,-0.380997113743597,0.7505560750559471,-0.3865746692963703,0.5968072317917342,0.524023153731038,-0.7386971418623596,0.3826647733094974,1.2754454314649935,0.4263774838401479,-0.28054372204558553,-0.23011920272630718,0.5764839849124813,0.5786364168816637,0.3258797453655676,0.7734439173137042,-0.5922065513248677,-0.4790722169747636,-0.836256356182264,-0.13641245901824553,1.0225758785157972,-1.6862458756314602,0.7425343104326019,1.1225121701596552,1.3191186299956945,1.280890241479683,-1.2187627102181544,0.91736360781401,0.594690721958545,-1.048444465359939,1.0487532999202702,0.12438635441475396,-0.5225069227732874,1.0419671106343127,-0.48931344972573076,0.7619649300502839,0.18997123983029934,-0.6421864577468448,-0.0871075440437318,-0.381210464457374,0.07998496504113715,0.6988462211832186,-0.14845227971547315,0.052048959689906096,0.023370939796023713,0.3451222197898781,-0.9597129441244138,0.35257690503508476,-0.5793486627813231,1.3031895733280752,-0.23610082731043552,0.2405621596366807,-0.6528594798456261,0.8410816525522298,1.0288922851807714,-0.12955501393819308,0.09078545270979745,-0.6155437529861446,-0.3406666121161075,-0.276283928687962,0.15863188962780936,0.28381471354446053,-0.2293834458186695,0.7911080116686836,1.5942109957580823,-0.25150492436370514,0.5983240741657023,0.6029136821261237,-0.06847591993357238,-0.36944656091576034,0.6448273654516343,1.3750887234535774,-0.6325604799863761,1.012900851260929,0.2612703246186196,0.07461331474457718,1.2203303142155177,-0.3579751566089739,-0.12737203019283214,0.6191141685532325,-0.7945751612215204,1.0801260639942556,-0.20897265728328088,0.09308544654591629,0.3319806423556976,-1.4010156838058931,-0.8676857502890348,0.8893482931403811,-0.03425980912505911,0.20055902206786702,0.4644036419099057,0.06340756691423415,-0.7743032839906565,-0.2994749651433372,0.42160907961117716,0.2364608386790606,0.5936442326102154,-0.07739608976628037,-1.0473860451036636,0.5541161233963445,0.22715136064894534,-0.9198261015507201,-0.09049051547448145,0.09026624246646393,0.12438704485792468,0.12330514986455365,-1.3058100725744068,-0.367465535252826,0.0652444013675406,0.019739405407467978,1.160386185764124,1.0861805703185532,-0.7576793377404757,0.037811946055327415,0.0096173953869467,0.46381871054749896,0.4353910763878677,0,3,train
0.011678835779848937,-0.6448648128319093,0.18158989170957904,-1.0568445344846216,-0.262458813972976,0.9998143886301738,0.8381544553991289,-1.0165791844302992,-0.6984511219838058,-1.1013183267007551,0.41672389895201684,-0.034039580665419386,-0.8155168907894306,-1.052534454233959,-1.1127333977626939,-0.993169294694264,-1.1665239251854609,1.5410558300869621,0.40333362698460473,-1.079589285684751,-0.31444546785584826,-0.8801580055538305,0.8329398539525673,0.0280741479207138,-0.009367379927641096,-0.3408286932794846,0.04928547937162212,-0.13442676054517944,-1.4283786622021335,-0.9600178811513157,-0.4885448244005255,-0.6695086900551196,-1.249217454397214,0.1353102109194247,-0.9689436398325758,-0.004429109429574974,-1.1004233577418487,-0.35632311084213103,-0.4112750453198972,-1.339243225906091,1.6831748155453665,0.17012999570507942,0.12352329295699702,0.339756254052446,-0.15428268662256034,-0.14690239910828876,-0.01471928864315401,0.11247414927122278,-0.36477865520451846,-0.6514873077302906,-0.44589594517377823,-0.20793962286919818,0.007517105832868332,-0.6697399397842373,0.12692885643936352,-0.6065093913583499,-0.031848134037901515,-0.3734669442322799,-0.4449815312819599,-0.9477505307076652,-0.29793602871647523,-0.5070526922992064,-0.06984946805549384,-0.480166996209487,-1.1860239739469134,-0.04223936857285068,-0.19683716259795028,0.234763126458805,-0.6290837986288641,-1.0141540436772973,-0.6511975977537944,-0.4749616568658692,-0.3537036551063499,-0.6378071381075419,-1.4831629680747473,-0.5926886675702189,0.23102960609347736,-0.03782109788947381,0.07101392186849556,0.07392491780243458,-0.40371388571261835,-0.09456624630068043,-0.746522722698502,-0.853137155792308,-0.5215996745546541,-0.4578020955037901,-0.7156640498755699,-1.1491279967461148,-1.5158058317619003,-0.11929985516893588,-0.5357391528485155,-0.592072805818174,-0.6908741850045158,-0.3079916679037558,-0.4575228088357325,-0.5020249014632667,-0.26648664465183247,0.05520533890844059,-0.40749056359270314,-0.47701430712463583,-1.5962557012503629,-0.4570076551756052,-0.38495306990306444,0.11722749050752218,-0.6008299644669577,-0.20009563403437552,-0.6440535577712097,-0.22841855691041726,0.5063449114798803,0.05339404265638919,-0.6231030717375241,-0.121008206532423,-0.434063845565986,-0.679177728602697,0.5261461320893237,-0.42592575772170566,-0.0036905162026672276,-0.45934692807265864,-1.2736723944318995,-0.7157877136126317,0.36761512566200183,-1.1038284565105827,-0.9708264819846552,-0.17068761138277438,0.4772037188380964,-0.8004662229109366,-1.6014790854855274,-0.7705562679473705,-0.1819904149440136,-0.22319106847735415,-0.11036715210681418,-0.5742889796843094,0.9558407235881982,0.11944217532911684,-1.1552403986720567,0.04537341233354622,-0.22771419864333914,-0.24719263245794312,-1.1535002978813171,0.9180148449441876,0.381639154715293,-0.7786936723189075,-1.4835876641497954,0.07828249063002497,0.09102586958424455,-0.23400663253587833,-0.13615891530425336,-0.06367703488569633,-0.864783377783595,-0.3429672657925687,-0.04894231675119193,-0.7492908629829902,-0.4264042158661269,-0.5571631710815435,-0.2683511749062248,-0.35632225009606194,-1.0287155996761663,0.1529468776499123,-0.004674203028604889,-0.7339625581825531,-0.8726382241299159,-0.28964384594526443,-0.6956519432438444,-0.1892503721408933,0.3460359675671043,-0.09680517193975273,-0.2044939096867848,-0.4402343638761624,-0.2294978259205241,-0.16967496198455548,-0.017098248904466845,-0.9490028137492037,-1.2246306645097034,-0.15536466461810314,-1.1360254125070801,-0.3719808071822574,-0.39816756694532396,-0.6082835870309518,0.2358472946749436,-1.3177569224453771,-0.6093012190098744,0.18883148058224486,-0.8031005668148641,-0.6815911177617634,-1.1997787416610144,-0.712308136061065,1.1534489953282516,-1.034471233035866,0.21458045119638444,-0.0192877581391328,0.2253460781471776,1.346303412254954,-0.5952009676001688,-1.2364106995801876,-0.07386569681052085,-0.3162593795769679,-0.32957524201401617,-0.19388983279103453,-0.36887489980577437,-1.1321524224133883,1.13164958729987,0.48672936043672316,-0.2181185353758031,-0.11199172576614175,-0.5700281934296859,-0.3204717897697087,-0.07659136194575923,-0.5407988060823665,-0.5392427087421467,-0.92893655220872,0,3,train
-1.3412693707164973,-1.6901535356212243,-1.2562175032023786,-1.5521392663278466,-1.5339616769053792,-0.9953917578812472,-0.6874854605516953,-1.341921049399154,-1.175340479709487,-1.4409285621826668,-0.43656789414020813,-0.7077928560639114,-1.4088754658954643,-1.4477718819463026,-1.755004538952887,-1.280723413473708,-1.0677378512302007,-0.5534974821058636,0.15729050835911998,-1.8117890080593448,-0.404767145329472,-0.07547775951241212,-0.1735291362401182,-0.5373746752555962,0.4283995006779431,-0.5508842621377685,0.5530069698687649,-0.0725386373819812,0.463860106030613,-0.5662154404799548,-0.001717316789326152,0.31637426504847665,-0.4169478310800913,0.5496726372364761,-0.05542098988556201,0.7197059465398361,-0.7766188222335446,0.40824712760651316,0.044388975690123435,-0.16588712836729688,0.03299287196696345,0.4982340857827691,-0.22855338433986067,-0.10783073070214058,-0.08562857171480882,0.4401049326206301,-0.4182117885736134,1.2858676682444266,-0.17050504723614543,-0.250349338225453,0.22563721568014763,-0.12285092707181018,0.3235696444059077,0.57574273635706,0.6697404578024561,0.5050889533749168,0.8503256400794319,0.33344759616462777,0.7672434050374328,0.11133616888252088,0.5840232576074187,-0.39976069906049916,1.0901736239403548,0.41326944715555086,-0.1606497694967898,0.9333313090611469,0.3535957390566018,1.3468859843738235,0.07296753039446727,-0.16594351358979362,-0.008961434831474244,0.4968583003041574,-0.5206225523837816,0.683199094068405,-0.06005851225977026,-0.18533742702448738,0.8214092623506377,0.6659609692702082,0.3420905635701679,0.8598260882061911,0.852503280827334,0.013641909480350229,0.24123508791533355,0.09388792802976387,-0.3340216303335151,-0.3284985179719672,0.22817306822786534,0.46095295382745255,-0.014791235672930378,0.5835871441395787,0.143158638711846,0.7981732144214947,0.4257117772074169,0.5311153388537572,0.16105989315902933,0.38276221491457135,0.8838302229958459,-0.3942089977393988,-0.018824495330038726,-0.12895073082300337,-0.008195102692216835,-0.33687404697789947,0.10920010022382125,0.9198101140660049,0.31428121661310965,-0.05062842704041982,0.4361142725969729,0.5064466165615323,-0.5592096330699493,1.0367591858066478,0.46636108608335713,0.5477952580752206,0.633474300417737,0.7103678524036188,-0.2783600525364159,-0.35803358250784684,-0.3057176002725628,-0.35362073778409414,-0.1873864137405258,0.1913117022308545,-1.0634761612098926,-0.6453696532852653,0.31310432634816543,0.05547436214210104,1.271042788790617,0.06468209876749657,-0.10312018169409728,-0.014716193976713712,-0.2942088825307483,0.7152318488415798,0.6565722676056509,0.21988349759279652,-0.13092502038972995,0.3035758233396888,-0.5397444306053465,0.6670784623020989,0.856368039897986,0.8205671794728904,0.043451453245676466,-0.634993100902024,-0.10273167328817802,-0.027316328677243228,-0.08667147928747046,0.3118243839572242,0.12591767059647965,0.43354009286403217,1.0649429280083405,-0.14394743391098783,-0.499687101216529,0.3198068880790468,0.7223974535854664,0.10229581109253015,0.8806775949092749,-0.5171497825946852,0.48601630649823263,0.371002790628457,-0.05759896402577558,-0.6662979894852581,0.27389189676386544,-0.17884312803744667,-0.30145684106306186,0.21131482984025493,0.32781744381051936,0.3647031441469741,-0.15921966482760533,0.6801802748084917,-0.3529566854121157,-0.2081576248252571,0.8166444979674242,-0.052336854253380465,0.23020460570468532,0.37275105545017667,-0.6894362282069644,0.5862436299848908,-0.014311819016404015,0.6555527091452195,0.3940644055159015,0.4243765492896458,0.6154097244676014,0.4205913663419625,-0.17833521829876198,0.8542589481574792,0.43846351721044036,0.5758197991002069,-0.5029506136911004,0.13374329450747705,-0.2893618053256696,-0.7620752561801266,0.9497614706143029,1.0073733263660254,0.9203738720893417,-0.18703834106848585,0.12738948069961928,-0.8773211234644895,0.3661576638968356,0.6723345859627077,0.46284080485311513,0.7354786499439263,0.2799078929414762,0.639155609229,-0.018533567072457142,1.2506708487496165,0.3357972171331844,-0.3773539639997266,0.398633782913865,0.3312149326772836,0.9807725453370114,0.09203265549999895,0.012441071867158418,-0.48044211076398535,1,3,train
-0.8327908283015358,-1.4331867246021843,-3.318633776911346,-2.464955177080237,-2.5629009167552934,-1.8866268136331181,-1.1485392861485866,-2.3950751036733355,-2.751809120853618,-1.958181074685886,-5.446805267483861,-2.372359771754303,-2.750901236437299,-1.666870890786841,-0.35398821542402015,-1.0785369237069113,-2.383619015839372,-1.560935761213438,-2.71620576755895,-1.624720017113341,0.31178482929460966,6.162710052656298,4.876168728347321,6.535223303521107,1.0967063361586573,5.60317618765628,0.0857390082891785,2.415363913778588,2.3292797421151787,1.043238012698651,-0.313505720540319,0.2799948202107056,1.894912233689694,2.676157588960788,3.61852879794482,1.1508383787065952,0.8657177818645739,-1.7588169838246133,0.3836055246642499,0.7141299447867986,1.2334258289187876,-4.837417254928902,1.9203284046788915,2.5860834337895273,3.914376965278924,4.71317300917673,1.899892181615104,2.5789164473760815,7.296358841635237,6.562079971468773,2.8337494088721584,1.309475452184221,0.41455446611632807,0.47732584914153514,-0.8513250185446712,2.8838592260772575,4.433631493994124,2.967209198100535,2.4680109710599334,0.7151593550742107,1.504634146120806,7.087687686240718,1.4020391285724045,3.052968029824981,1.498915416896474,4.079796463887522,2.6470661626172354,2.4213806252917167,0.53545632060415,0.2846683305191927,1.1898794026235235,-0.5153140426307146,4.104012778067415,3.1850231419444834,-0.524660261069954,4.116142186444659,-0.651296034027114,0.08106100804966165,1.8197240222577151,2.8077601175727005,-0.32793280374037065,3.0634033526772937,2.9038865773961073,1.9957218634861438,2.799324291444946,4.60071058915025,0.9105417955053489,2.5647501333854925,2.064095807820752,0.4595482619086644,0.48501497346919115,-0.39174917177787594,0.8579386012894553,0.9522520629999806,0.35237413088936803,0.5770684051779397,-0.3265306569741014,5.517318045859104,1.902021032116848,2.597123848532118,1.6691169636143521,1.4208703255990585,2.5271030535888617,3.5810051290230795,1.4393754165812376,-0.6257522452562929,0.7961702160530337,0.7793965381368279,1.0661162322167241,-0.20313599468715657,1.5705976392645216,3.6100481585241067,1.5951172415719754,0.9038488826703209,3.6362493092400485,3.851281280751402,0.16523988675168114,4.219036992196322,0.477118197158593,2.5782624086651564,5.786564449731797,1.4065869285513979,1.428862837367871,2.7633055586696638,0.3007950366264252,1.179993790569814,0.1892425312408159,0.5829247947442707,4.244037968403375,0.8625610440520609,3.1533239551367416,1.4378370866942405,0.8208183129727586,0.4789412023973763,2.0336872712702814,3.8889734565508927,1.380923961772821,1.1249511982586031,3.848395637722543,3.769902163679958,7.744075740368054,0.9939434894153045,1.9875374012656788,0.41512175985194694,2.201979830824468,1.96169852797069,-0.5063910247124364,0.5026752249038604,0.6837284159318919,-3.0842844467275228,0.9604652839362868,1.3006980258197745,1.4035103192194354,2.034815216456051,-0.8671789694231652,-0.4901226113614216,6.560683317591594,3.596809559866277,3.465060508310519,5.675816461892943,6.5130543819151,1.2185615290260332,-0.15333549512340466,2.1902317773683553,2.9789277033487105,3.717997021481231,2.6035734483180466,1.03134314056026,1.2788934317783782,2.799881764442874,1.3230158686397226,1.2041244965190745,2.205965672190854,3.7233398050628272,2.1813828746249193,0.3266255495276419,1.5841421283397512,1.003209730964086,1.1230744743152812,0.2554276334405526,0.7197423186669756,4.704506896381812,0.966314115808025,-0.1523643711078329,-0.34579363163831117,2.522379876500559,0.7354383895313212,2.273901722230205,2.7745857866694936,-0.6130656241775639,4.608711551598372,1.506540090656921,0.8812732161305006,0.32780525698440616,2.7738911235420183,0.26184574214000506,2.5676090416194954,1.626653907361012,-0.41361854068489506,2.51150081914689,0.9507219000952342,2.4624401060735166,1.5348619049173455,4.368547604408618,0.923607930932223,3.760131991290783,1.7503947991625033,1.4047900130150455,-0.5113798915396566,0.3826270244531931,1,3,train
-0.8381810601999277,-1.4085062964252144,-3.333720947896781,-2.507253074289989,-2.5433393342486412,-1.9253060927254235,-1.1821577942650265,-2.4175124736711875,-2.7897780187617136,-2.082269429958123,-1.3719947261397063,-2.4318085901718174,-2.7296624507511766,-1.699807343096203,-0.4704622565725008,-2.0130878097401044,-2.3544897889038467,-1.8094191973472098,-2.0247707261661643,-1.569183910426246,0.44726734550504527,1.0587382063364443,1.0324983606287033,1.2397501975842353,1.0578512875841972,4.104401317964741,0.37073932528098297,1.903755428962816,2.868642288650812,0.17002390512302443,0.2717812829922465,0.06899404015163332,2.0189632615553896,2.874706251571042,0.6297209975746985,1.1675813857810324,0.8942125809893047,-1.622789149990192,0.9658428848437207,0.8107171845232237,1.7030166826024213,-4.819314960303926,1.6775169030948518,1.9846384230255516,2.8737251182561647,5.006676675041189,1.2788301964280244,2.5480376705609973,1.2485369587937099,0.7732441012006845,2.8448951874755433,0.9218491713294534,1.7936928162532269,0.5655616790589022,1.349746200169407,2.941572006955057,4.622668731304982,3.2782515958751746,2.659775367765826,2.066573152741326,1.4519274158624058,0.9720440716344015,1.4486732227229915,2.9740026876083743,1.4900248891122243,4.113092391451822,2.878597462519547,2.513360711284688,0.4223295661643715,1.3555341247546662,1.5012666331313151,-0.4009822829636526,0.7263597978652673,3.17423941760019,-0.38234981548845626,2.991254815763327,-0.2977170091258476,1.2365950777780583,1.989811326854843,3.16248593767712,-0.18511461079267305,3.0690985187710322,3.3895066381326755,2.3044779867048466,2.7596951271728742,3.4722430034179776,1.159255630681254,3.008151332664541,2.133149748076661,0.6485598919748196,2.3531876197487676,-0.4838980434364131,0.8619407015124372,0.8762574661615643,0.4002026903219527,0.5007338304316163,-0.29176833405068253,1.080791902027869,1.9694754737161535,2.6149081188540992,1.8199211677409979,2.5779466571874874,2.4673449958060756,3.8555728686615076,1.4290058847842964,-0.3755571378968453,0.7324103093993564,2.2029353598910615,1.0490673595039268,0.1004245495027059,1.8475800522698302,3.7060338409446483,1.6094274043867707,0.8334921443915202,3.1113580790269135,3.0008424543883283,0.33417028970602947,3.1542232185757793,0.4214112237898046,3.031812116586899,0.1930917979946976,1.41264585546627,1.749037018790917,2.7174619153875943,0.8447218067790782,1.232111159345623,-0.18839263963344696,0.905182190623233,3.1152522062073964,0.9041975557419795,3.3100706978516983,1.4812162556211412,0.7977657062823177,1.8950166382882034,2.1046086173849643,3.735375738323368,1.6407040373679773,1.4051777552359257,0.5592111508857632,0.9180148449441876,1.234131812001402,0.8099327113806112,2.1145297817077084,0.4959631844652082,2.286717061854182,2.0729563155373416,-0.5020860001844343,1.8271368088211701,0.8574638854707027,-3.1293947294517688,2.7364512983534075,1.2526245845413178,1.3620978262047692,2.041484114537194,-0.7271932512243999,-0.5553074027471095,1.0032847555922983,1.0177053485148142,3.7506789144268495,0.6871431829889194,0.721909803598385,1.1705974004933772,-0.05955144770408047,2.250033577422159,2.1213837401099833,3.824587082767994,1.9927551710481135,1.068264439954722,3.1947936179685166,2.817933781016901,1.42327378267046,1.2755706516109329,2.2514571992765866,3.859870202395596,2.310942499404997,0.2538540540370274,1.528789676115386,0.951576724148056,1.1373080654325058,0.3380094998912575,0.5445754925714912,4.831438147422174,0.7692994557680815,-0.03696906544644956,-0.31021091872069856,2.75212660118081,0.6916146969880946,2.2590437598562554,2.722072856711071,-0.3908777775309252,4.847494106572366,1.8516652441380812,0.8016175761604452,0.3822127685170877,3.285185873659721,0.2481627806792483,2.7038489935370023,1.540719150395793,-0.4583621815640158,2.877760590395584,1.1187261810709674,2.425560172154963,1.4729536737545763,3.1608092124480716,0.987959600689312,3.707887064174779,1.6602588595252836,1.4901486752749924,0.4805364008689931,1.204238690293127,1,3,train
-1.0681642878646451,-0.3574104140648478,-1.194360102162095,-1.1700937431429899,-0.6980300511211018,-1.1952346998581587,0.8909835395821061,-1.1245590275449622,-0.3005370719069635,-0.828323945101834,1.2015698262881809,2.5727010329752704,-0.8739235514262661,-1.2157846961151444,-1.635202668057307,0.24915435909505235,-0.8815640964683642,0.39046948451101915,-0.16956969302656053,-1.6305659230804035,-0.4318636485715591,-1.179039239797786,0.7461752858325083,2.137288012149807,0.14087214122693809,-0.3976004686465884,0.13876232307835143,0.13375510649534625,-0.1678794512376425,0.9062632507260036,-0.6417040402782062,-0.04014429436167992,-0.3267289017232216,-0.07762603593794891,-1.793099943589121,-0.03372937180984016,-0.7481240231088139,0.12681023001805516,-1.1859038810369322,-0.25174245257745254,-0.43990495955951275,0.4031970390016452,-0.6534735121119303,-0.10503331204742442,-0.13260243980958616,-0.3583976877459139,-0.054277376871630416,-0.2580711725097889,-0.24652515470203054,-0.8036430892666084,-0.3372246037907778,0.2553210542499142,-1.0364140064235343,-0.05887650189477271,-1.1257133005523883,-0.24768644937898845,-1.9138188521548796,1.052480671539768,-0.2509342250914733,0.3797020294121608,-0.3576703230093286,-0.5530349751157952,-0.3001053079240166,-0.3267486170457936,-0.12212414909837475,-0.7514426256924462,-1.5030231752543874,-0.011910740522345663,-0.6057929962442038,-0.7861974637162806,-0.351487388390045,-0.2462981375317453,-1.11956683084986,-0.27924830365978487,0.1241079467280503,-0.21897193312459368,0.38997797508578974,-0.19474547772913264,2.8880849042584242,0.018881256062093656,-0.053955045840705866,-0.4789899576280262,-0.052779778789119165,-0.13443592779583155,-0.661622721649307,-0.18744006975543318,-0.3489705749367352,-0.3849684830949881,0.09424130157324179,-0.3201247121142258,-0.9161145112404911,0.2853447112783316,0.16557526271359743,0.1289772639171377,-1.0505969457997826,-0.05789646657556761,-0.30440917875010753,-1.327608004623373,-0.2854301454606267,-0.17214110160495777,0.16107492234789564,0.2764396369788088,-0.3872514567408639,-1.4879377566094434,-0.27418971286330757,-0.21634206957719682,-0.10772022533145234,-0.45097772373335054,-0.7439057541252531,-0.22878899842151115,-0.1503864202084638,-0.17364551624691346,-0.45123604094374026,0.40255712243386527,-0.2930766290844477,-0.0328657959572597,0.18571629923099608,0.016420928225881697,-0.09188874510831711,-0.15757268847817862,-0.5573585109747105,-0.5928589533563743,-0.41456426779512084,-0.2562624121759705,-2.5462450846230467,-1.1062214530623509,-2.161840951944111,0.7645607815124131,0.09855575402282306,0.1291178765911876,-0.14675478880850049,-0.537583529053855,-0.07494011842723063,-0.9765914437814304,-0.6562580706508966,-0.8908412511485096,-1.686479238523832,-0.28101307898968897,-1.7179165707704687,2.118066439461715,-0.4417912528906078,-0.4658753496599289,0.050903599524728206,-0.8019907996032645,-0.3177066565590809,-0.4368884804515374,0.35891890541599136,-0.7593538264382227,-0.38638136021295677,0.13936575718206246,-0.2441579376388647,-0.9415846280968174,-0.3694620379709609,-0.5927306275143064,-0.007822199369633838,0.19946386592927798,-1.1837678356203463,-1.2276324354852823,0.11168885131508524,-0.8301832594077049,-1.1661619904281604,-0.3988954720474256,-1.3847608134119218,-0.07279423519401208,-0.05724146379381072,-0.22022524290337278,0.0033539763286785716,-0.48506737028372365,0.8896311717270485,-0.42240319402093246,-0.5284136104612274,-0.8191007135821885,-0.5369058138606838,-0.23293875401172173,-0.03135913806641429,-0.3865351062803803,-0.00724087311074546,-0.23598243262063107,-0.36670806262090067,-0.5167128178735388,-0.4647190768358238,-1.061249022087993,-0.37933318484215545,0.02669731009086539,-0.6897598565085667,-0.19446631217859534,0.13201985374381675,-0.7373119855568776,-1.5402266249142427,0.5285202085930972,-1.889585123051064,-0.07364007635324753,-0.5468386147612067,-0.8528377432747828,-0.3093711574707961,-0.4770341767408599,-0.2767475055562074,-0.2734590522032743,-1.0679942885420357,-0.35227170259935986,-1.0265592529268561,-2.305608493396611,0.09142262043804283,0.12955595262596756,-0.12295343511727781,-0.19398407148885788,-0.3851336168577808,-0.5290251974947876,-1.0296282915059736,-0.3447631200748219,1,3,train
-1.8784958165895485,-1.955831085996842,-2.552205490851247,-1.7786376836445832,-1.8365141530082691,-1.9462573689004223,2.802435858202551,-1.5452597150046883,0.5408537057364358,-1.8980961868698556,-0.7012252417303101,-1.2752588500492723,-1.5641840862252314,-1.287385679396366,-1.568646073115318,-0.3461725274405152,-0.8207726663420502,-1.2098178623287605,-0.16597782268166295,-1.607182299212153,0.8296291134767191,0.13910363943196613,-0.03470582724802364,-0.22323644015764624,0.9024310932863567,-0.10238723673764878,0.8048677151173362,0.2286502286789169,1.7154196062790437,0.05017098839695804,-0.54324454435684,0.5673924344290971,0.9566353683782494,1.3352347371292193,0.1034525144530491,-1.2099256187890568,0.003102499270451689,2.035890518659762,-0.5732889194567934,0.4565639721563316,1.296258407932795,0.8421776836573128,-0.7384575376663443,-0.09943847473799208,0.033612785756549086,-1.0317296270820266,-0.18086325920275492,-1.0184610515812398,-0.39011869102648017,-0.4094212916497852,0.7884990351510731,0.19386810728513398,-0.3133241075670352,1.7194148395167799,-0.4039528196190456,0.9291524302596168,1.5224580394069243,1.0726782298368225,1.502340259076688,0.09216717884468946,-1.1658401869714623,0.06006212910538932,2.0199408760676807,0.7494361897348201,-0.09248905648420933,1.575942711052142,1.6423076913430532,1.9991084123239846,-2.089749833895416,-0.2401619349724502,1.5479747177074838,0.5069463967453687,0.137234278062567,1.265520208660251,0.9779706202170365,0.02020677692060648,1.2041828856382473,-0.4515308265576653,-4.0110813884625705,1.7282927512204591,0.8874791648145252,-0.8093095910648567,-0.5714352178070863,0.26772540916970583,-0.3023182989158579,-0.02287188016947678,0.8467690172551167,1.385491624664618,1.4317070917929537,0.5924470642989298,-0.28536549922341764,0.8903220860800318,1.2821612249255303,0.211304743825422,-2.2877623497893063,0.1398794770853609,1.0386805705638027,-0.5785841102103073,1.3174158715895348,-0.8326997135642603,1.6291076849685076,0.08043217097202576,-0.13213051774512294,1.9864001795845152,0.3972374709886398,-0.359310702354024,1.238738979884442,-0.5349623149872876,0.4836130811961506,-1.2549091477956942,1.7700249766283438,-1.003457222334175,1.028434794106085,1.6733757075947047,-0.19987164428024615,0.0064402002191848995,-0.008809619322495965,-0.03644216691840057,0.5288461010010393,1.0780595286163137,-0.7755126705588407,-0.2616376153433696,0.7788122265998686,-0.07900032481863571,1.8345705236334557,-3.3368448366669856,0.2379696500633014,-0.07330844777288865,-0.08297412001454185,0.9138059815165761,-1.3363506040559372,-3.0669227634069904,-2.9005310527698436,-0.4154222307968302,0.377167258448765,0.6305075770098311,1.805564469957211,-5.494193337240229,-0.30687588854759,-1.5950343765160457,-1.2070971611360921,-0.9381696799489752,1.2291106847368913,-4.282663248229792,-0.041064519962074046,-0.9473653881102925,1.0305027317843234,-0.7192186269255769,0.7693371980234799,0.5418882799522582,-0.2774874338879796,-3.736711856715662,1.3336267372571862,0.5609887405234394,1.1431714835979918,0.5082339303878002,0.09745327191840446,0.5929117137039852,1.5009931971155068,-0.15663835083164243,-0.14279534576671352,0.05143440139806789,-3.097339070634363,0.8399700814166785,0.035465991691457116,-1.0589207251334272,-0.03906395959284456,-0.6169291538353744,-0.040948918708161315,-0.2358656894226542,-4.1076211413585515,-4.479092385787844,0.5281311143817669,-1.1452100452806766,0.9164718011141569,0.6409984100470966,0.366388179403719,0.6037333098084864,2.100447731031375,1.3042173373645054,-0.5814969608994801,1.5081472110926804,1.5201855185618285,0.6275487292242753,0.425165148243296,-1.0186371023013994,-2.986204423370382,0.15416575688008757,1.120428492979177,0.6357833069742331,1.7347929435185032,0.6240057696122404,-0.029076954955846647,-0.009521314518219266,1.5003023823397401,1.54804411945114,1.0050202053411523,1.3147425672650321,-0.6485226553002789,1.35588809262084,-4.03340510218485,1.52990463413295,0.27388898597041517,-0.02693972633230043,0.3647644830417129,-0.7549296047343702,1.6775926940709027,0.09497605764689367,-0.9683300936604952,-0.5445127452560903,1,3,train
-0.4932062187028513,-1.0049087062371178,-0.26348165236075416,-0.375984834237323,-0.4685074830430475,-0.7359182606370318,0.7565095071163461,-0.4107701944882932,1.600945335330466,0.42300915332767075,-0.07152327677455039,-0.5492626736172075,-0.22083089157801422,0.047256648965606315,-0.32902949232077433,0.3906849019318099,-0.9385560622117834,-0.06733423749631023,0.19500514698054464,-0.20562634360888882,-0.8503540875326825,-0.14445035203024797,0.0867645681200591,-0.6989314818773992,-0.20364262279994177,-0.1932220773250148,-0.46437788264849056,-0.018902263973876062,0.013894666655581965,-0.703190202452602,-0.6143541803000488,-0.6003877448633546,-0.10343705156496918,-0.6560069226721664,-0.28380165237231547,-0.8290222078456094,-0.22744633001146086,-0.4032292604402074,-0.3403939753850051,-0.6273594959968836,-0.36715144701697794,-0.09914163684143833,-0.028233895533027846,-0.02670558971537176,-0.0025209589317411866,-1.0792081612659834,0.08813174075088465,-1.0763587581095229,0.3531890264177298,-0.4785830105299296,-0.6966759637499331,-0.004672182908771304,-0.6150106216594818,-0.8054873704263406,-0.5113221473611957,-0.5563243645080896,0.09417669083600327,-0.19168891955878936,-0.6801212081951378,-0.08035373149579335,0.16588319755744504,-0.46873412328538244,-0.5973976581340079,-0.5704131015998948,-0.2643725936463688,0.01103411553002974,0.2793309824841622,0.5274270364364414,0.1994033147683374,-0.6483632525770614,1.2988649333012505,-0.8482212251906891,-0.3046098617894582,-0.6189356205050284,-0.49536105168552796,-0.03211356590178105,-0.6577837225574125,-0.8367088498004642,-0.6252809813259962,-0.6538746096531843,-0.435775112700877,-0.9431459942677104,0.13552187741485616,0.05756367823932823,-0.8756202087184937,0.20830724329650957,0.0017797054395413642,-0.010750449660897273,-0.6362766979761116,-0.7276810394443729,-0.7187045151130101,-0.383736226416264,-0.390716668280878,-0.8019565473534616,0.08134562743805486,-0.20015635587553374,-0.28860812287582627,-0.7053420000340569,-0.6034296558573521,0.6891257039881328,-0.5929460982853326,-0.16615786690747553,-0.37116274887626766,-0.32278491275918986,-0.6060147303654283,-0.4372935929595661,-0.6403029750268757,-0.47197387154683484,-0.9257603963950907,-0.42973752767395534,-0.16146571672867613,-0.7650411724508945,-0.6573023854767913,-0.6967669131723971,-0.13609981257210826,-0.10790451593047211,0.23690733042928347,-0.07797745596033663,-0.7842468426918301,0.03722109633436487,-0.6795248403418234,-0.8271374607314265,-0.010303937715517335,-0.6841364161419511,0.21749093669313602,-0.47038955399747817,-0.18839263963344696,0.7001093023366206,-0.14898498330085636,-0.46980733002533337,0.1499444027590955,-0.02370722022749226,0.540893803160262,-0.18306310354539418,-0.5093495679847683,0.2867412552625137,0.176943226802962,-0.8607921623910465,-0.09278695745170493,0.4944672233497664,-0.05429459048783092,-0.5180117367697586,-0.323018409554581,-0.13729464167200509,-0.743885083208524,0.3091931538189508,-0.7474723982805556,-0.5898940951626073,-1.0737695223012949,-0.4817681357133259,0.9795107103643526,-0.40590913956544167,-0.32287298332946146,-0.7861286718674545,-0.5599880878203192,-0.6204921941327977,-0.49827373986712936,0.27431648759586347,-0.23387415855405513,-0.48971000891870625,-0.5394490840075844,-0.1990449364946918,-0.03508604402947416,-0.47566951976700655,-0.43734203128340887,-0.7195155299834721,-0.026338578816387622,-0.9624070267406993,-0.5092800753324173,-0.7804348560724665,-0.3546332261412826,0.2590867178040383,-0.6947881725699918,-0.4749699129198118,-0.6075585219567615,-0.4884151999672406,-0.9620706739810433,-0.5484980001913382,0.036577019033798265,0.13568392708703036,-0.7316399546956096,0.08113223727527054,-0.2789672259538823,-0.542320921273887,-0.6482466914380186,-0.6503129881314736,-0.22194073987455173,-0.5565401100071596,-0.08299281856801116,-0.5211258255651616,0.16991441359964304,0.029897469691100496,-0.817098821802466,-0.5862409367646434,0.015998228967742077,-0.30599715848140036,-0.632639624850919,-0.1620621450261386,-0.41921149579478517,0.07713630507152217,-0.513930805847055,-0.3140920617947237,-0.9284340297696811,-0.09157924590201982,-0.952751281985005,-0.3424696538185523,-0.39900068449427617,-0.8704598465345755,-0.5726780893851349,-0.1110937472212627,1,3,train
-0.45547459541410856,-0.9715175387035703,-0.15787145546270898,-0.5724653890181065,-0.5102388590572392,-0.7020738914312645,0.7501059817608338,-0.5916714900959755,1.5705702170039895,0.254510228800107,0.4942958801422191,-0.4483798302420321,-0.5526869179236706,-0.22339506783741167,-0.5303631920202908,-0.6921360765970336,-0.7777120700025778,-0.07948831861154906,0.7930515594059929,-0.48038392406083213,-0.6305713390135314,0.18508536777719004,0.3557347292922423,-0.6271284567121534,-0.16478757422548163,-0.528175551990927,-0.7692619426862348,-0.39848275270815864,0.001975052367501672,-0.703190202452602,-0.10564678470632376,-0.614939522798463,-0.24102091883419544,-0.7653525629502772,-0.30366084041464186,-0.6322918747209717,-0.5771552283604293,-0.44075418011866846,-0.7302398600269117,-0.8133793651188874,-0.2018025548748534,-0.15118573388824427,0.8519577977091164,0.46843751216938967,-0.28436416750040533,-0.98425109289807,0.084175931928037,-1.041620134192553,0.6403760990666291,-0.4647506667539007,-0.560140175858471,-0.2599382703009353,-0.1888185620685652,-0.6358030821237115,-0.32044334248626216,-0.5487966104805506,0.30001723813004777,-0.3330718276381709,-0.4449815312819599,-0.33434284949705967,-0.29090846468202186,-0.4534066956798528,-0.32342235499931,-0.3402855328543548,-0.3295697973975327,0.0709667851457702,0.16138107498675822,0.47307516744059463,0.20273057225186028,-0.13413561871151222,1.2988649333012505,-0.7507029595923127,-0.9821042095625634,-0.5272739635785341,-0.5037322543667925,-0.2937152800137187,-0.46315306664845846,0.08106100804966165,-0.8910423947590083,-0.7792518391728498,-0.5669346776528441,-0.8036144249711182,-0.052779778789119165,0.021239428448892598,-0.6087838359532115,1.0429030619110027,-0.14170904562348088,-0.007605760304308275,-0.4218460413919731,-0.46188343466384213,-0.5838879323918036,-0.42380095322432365,-0.41472926961876905,-0.8241216380979997,0.004819932345919378,-0.2626119170316164,-0.30124896757525127,0.22805700684991728,-0.7158537251895278,0.811074986196004,-0.5252380882692876,-0.40010226181879727,-0.5113643459820352,0.004584315271243883,-0.4634336681574858,-0.4957807609137227,-0.40401626213383574,-0.38798928029289775,-1.1388713053050565,-0.7675020768429572,-0.19101050744924242,-0.885797353560608,-0.25947985922548433,-0.48129940219356976,-0.04780035328391732,0.07790564781272054,-0.09071526923975579,-0.20258332308614482,-0.915556137061117,0.0052400271860368365,-0.016336195206067435,-0.7887642569372368,0.028505053972124595,-0.6780239303710085,0.4086003424224465,-0.6823335203524357,0.16487897182957312,-0.729541690290048,-0.10607792216475191,-0.4986326073491231,-0.020797584841124823,-0.37074057164269825,0.5606531803234971,-0.6609337614775928,-0.8158310994089325,0.1806856879149371,0.2918459525469735,-0.6337120213921814,-0.14144353270076973,0.9744878611567772,0.16851599039376577,-0.23279503081598404,-0.4359005255030517,-0.10585630987795903,-0.5644415351456006,-0.09984282988197475,-0.8809281586486215,-0.38921809759937853,-1.0410367526780406,-0.4991182444534205,-0.7441003813755876,-0.4471149463755475,-0.361697195530711,-0.7238856231101195,-0.6572003921250172,-0.7714464478680751,-0.4248279438935704,0.016406066460717225,-0.3608156723835353,-0.585930710143858,-0.5235829344779496,-0.27898515071578533,-0.09624955321598992,-0.3057065090877745,-0.4558835223804624,-0.5792654493429947,0.22816903671275116,-0.7408792303739261,0.25707999914363794,-0.5487673100391209,-0.2410075902397803,0.12593706513284766,-0.8928101140020053,-0.7914721976457757,-0.63824369624678,-0.5262563776223601,-0.8271490716841535,-0.6191536937290634,-0.17218231735216355,-0.11206167226508452,-0.8122723032157533,0.3580731486360617,-0.4127885044715798,-0.6656745238774348,-0.5741160395263256,-0.6029049338323743,-0.23205389969221943,-0.9279891693558951,-0.026103811113053176,-0.5977423244088302,0.33194543304628255,-0.021871303331073517,-0.8227885103717556,-0.7331412179028834,-0.1358408180369091,-0.21705790898648145,-0.7021498044006673,-0.06021354417847167,-0.41361854068489506,-0.1059935805528246,-0.5010073996181523,0.16007851715810667,-0.7133843846779566,-0.11539380574349539,-1.2440272608855132,-0.6284418864535194,-0.20832850449246507,-0.620270664048524,-0.47237194745617034,-0.6990360402076375,1,3,train
-1.4454805207520725,-1.399795557068637,-3.6882694660545043,-2.5399998334201195,-2.4781340592264667,-2.8310458781369086,-1.1677498622151237,-2.4105007955468585,-2.2916260782074986,-2.4205734722266423,-2.5401375017098107,-0.9005511460843356,-2.7867416872826296,-2.1637817147585197,-1.041185058200056,-2.377023491320338,-2.546995984303841,1.7287688606445395,-0.9939039371805569,-1.7401766599628277,1.311344726669379,2.8750164759727888,-2.490143105045696,0.8448335591753839,1.226223164740191,0.5845512452043069,1.9912643835250803,0.9548042071271096,-3.6364872090690077,2.943762835069132,1.4423552900573775,0.832962381744826,2.880554036913495,3.4617196888535315,1.3942997372042643,2.004731739502895,1.8241792069691543,0.844474318868623,2.0391848010006584,2.577905941182261,-3.515394353403029,-3.805586461305271,1.0401367114367472,1.0027444752201773,1.609044054166005,1.622752056839187,0.7210611524065071,2.038537853112106,2.6000055359650007,2.3432151197799627,2.8839054125873895,0.9313034708624965,2.5934015123395535,1.709233782218622,2.2802803739347084,2.818618691171919,1.8123151366169052,-1.6418736052873029,3.0729819844773325,-3.0132092072840013,1.3921931215695524,2.5201142597928925,1.6556120155162206,2.9897957560516955,3.084392871754324,1.6691713082321828,1.8825760214303577,1.0416793353971454,0.7783461169013216,2.8929157105382663,0.9758006816494167,0.7154337231970699,1.3940353869749942,3.1688475554280435,0.8858873907231263,1.3057923434135574,0.6429978277674299,1.3317007625293669,0.7619935967943271,3.862763634262569,0.6513919479009843,2.767254715802894,-3.2373902451160004,-2.96253823290832,3.1533448256087855,1.121268866475744,-1.8348763081671433,-3.595696316172355,3.9212833589138847,0.9084508833157828,3.0128258994918133,0.2012087849814064,1.8424552561429874,1.2119002688645695,0.3746941252912409,1.7082080127825483,0.021092572260087133,3.7542310328560418,3.369958165968399,2.459930906048263,3.74959945319828,1.4271931470831483,2.6971836795860225,1.8807972028005042,2.045993026702302,0.38152675839862604,2.033862521683243,2.6900459891638966,2.7056494914307287,1.0282081845618631,-2.0818771135654837,2.9722078172779285,1.5607728508164669,2.0823242488402345,-1.960955304528054,1.5679602301379385,0.8511997048087321,1.538122881307721,1.539529760691915,-3.716193473710317,1.8074325789172614,2.0286367584782603,-2.752806016975547,3.0016925037364244,1.1534370006495027,1.3293969143938005,1.212512026513012,1.3329056433353101,1.385767588105956,1.5255424224992258,3.1561230041137947,1.4545213824353562,1.0480511503499619,3.065580543498268,2.611189661061269,1.8922031195930706,1.1011608034395757,1.2167495531304846,2.3303104899517213,0.8756600827847456,1.3116311444819575,1.0092777209181956,3.6137453841483347,0.6531548434354384,3.111658928643455,2.1580358001471343,0.8109464808562149,2.6565975987491823,1.011056112164434,-2.0710380963059953,2.8888147097779324,1.4620874358260223,1.2689197169217703,2.417165373108252,0.07383613624631258,-0.09901386304729347,2.708859350978279,2.110031838028375,1.807768522203417,2.433918989845521,2.5941154480952955,1.3144897860913456,0.2666539346240036,2.423144051262118,1.6022219893924836,2.8428365182846522,1.297101021935134,1.901630912001155,1.7350601427760302,3.257199517651556,1.3865125475258564,1.5093944319115602,2.76791983030873,3.0779233813079205,4.025902795836031,0.3848427459201335,2.6496768336587793,1.1934365981810382,-2.31671004568068,-1.1773677494791785,0.9922240481488402,1.9350977827739,1.639137766133115,0.40471641484367293,0.5912178085254882,3.54712320404263,-1.4220357049044487,2.853362254814232,1.4967711576812066,0.7123998058179016,2.007687292060212,-2.824780585531638,1.2055854645800117,0.8555581188514169,-3.637435167327844,0.6928590281538428,3.504606261950103,1.4929776187484491,0.5204049626667501,-3.396016698148847,1.5796610032351583,1.2506708487496165,2.4080937971079845,1.4767796236580137,1.1877884699350096,3.0177040796423107,1.694926528616522,2.3349050914337783,0.9096237857873415,2.12007187744498,1,3,train
-1.064570799932384,-1.1820270731541962,-1.809916678367844,-0.5888387685831719,-0.7241121611299716,-1.285486351073538,-0.6234502069965715,-0.5790504694721837,0.12623334058003144,-0.8204867858214822,0.1383773782107028,3.066306373775235,-0.6535711499327502,-0.7489462851215789,-1.154331269601437,0.24466132598912352,0.20761569329476126,-0.13620736381599696,0.7248060228529388,-1.233044317320145,-0.2451988484594034,-0.06781413812154147,-0.14749976580410046,1.033316500234154,0.16418517037161418,1.8164987706704587,-0.33844751002420487,-0.40260862758570515,0.1658697488286057,-0.44636252375388835,-0.8605029201034642,-0.32390396409629435,-0.087648738927517,-0.28192973224705065,-0.7902109474516383,-0.44811879690216205,-0.5046230124065691,0.2581474488926689,-0.932757202698032,-0.5522360873129973,0.016457982752750996,0.3194739263611313,-0.36209971021108256,-0.34001647904358234,0.416630479452426,0.5264295402278241,-0.5210628179676521,-0.3391279616493852,-0.2803118691313128,-0.4647506667539007,-0.5127706167940862,-0.6901088990543968,-0.6389539957938031,0.029359328022594403,-0.6246564377556876,-0.40075078127228253,-0.8762144606930636,0.09915591991879548,-0.17331530261527864,0.06341369378794233,-0.607148846232422,-0.39209698525773434,0.2828208689583194,-0.3899208908190791,-0.7800232051328472,-1.0511059737711488,-1.8787154732090816,-2.0187489803689953,-0.18655855332031876,-0.7755948320901869,-0.40208781334756116,-0.5254021390719259,-0.8151853122851317,-0.5811925853000013,0.019467913212243164,-0.3497727901805625,-0.015502558057864334,-0.5561470797841045,-0.7794226011171432,-0.3603084137046994,-0.20843186678413386,-0.20846956817544957,-0.03626208964841957,-0.015084821341543037,-0.8465588215856411,0.020229312341130845,-0.17678407366110854,0.02384113326158171,-0.38550186230991573,-0.10748662828980117,-0.7427789048846541,0.0649887138340037,-0.34269146560509595,-0.5011446015347305,-0.2725857123630718,-0.8490002412192816,0.10325806280634987,-0.3942089977393988,-0.20833935506142054,-0.25598123312286925,0.025658902315805657,0.26379399401062925,-0.8331385032739608,-1.748425099343337,-0.41417839212201474,-1.0579074306953387,-0.2127365421728034,-0.7785176296237052,-0.46544083314956425,-0.5708290482129055,0.22630966147875617,-0.4337357524832193,-0.22227343590701681,-0.48569669833599477,0.0012549018761887536,-0.46165848151847355,-0.4951244157062261,-0.1648239694116575,-0.23513524805663016,0.07501690532784347,-0.5835370101248061,-0.7705874761926207,-0.09115600373143802,-0.8583422606138146,-1.8259096322587223,0.009090238739966732,-1.0654807784381863,-0.6064979573180806,-0.2314985624087495,-0.2616247715757405,-0.6085978700222112,-0.1838764593422027,-0.1342182499169358,-0.8012260647237428,-0.2788551931120496,1.6691207193102369,-1.9862254795951662,0.2794400349649566,-0.22902536814908633,-0.5785200846894344,0.12976632415348807,-0.34933519023795645,-0.30538057893763243,0.2669124813943013,-0.9806508757915479,-0.4925173742348633,-0.5666613681044662,-0.2777314322864737,-0.22019960674105085,-0.10353576517926259,-0.020374177109093474,0.04735473534572238,0.0912519468172005,-0.4193392774045873,-0.21780077666778178,-0.2636912307585053,-0.15552669199052088,-0.08979234224199005,-1.129517061684276,0.21344126926509518,-0.28559069153342703,-0.9158421906771637,-0.10032712049509097,-0.24275724587324413,-0.7989011076759535,-0.1725402154856105,-0.22570287764754635,-0.8384569502021477,1.3153867686581904,-0.8737036083716057,-0.2209560074336328,0.23310629777063524,-0.45127470405224557,-0.35395433346576677,-0.40640015716664035,-0.10127084395717142,-0.7683370911957655,-0.3229432862055235,0.22161370355771892,-0.00883433920170332,-1.0708519036424207,-0.8997001571275314,0.2972077232195374,-0.14042692569458637,-0.24794117111487643,-0.6867807222077039,-0.2657644324177783,-0.5342531664462356,-0.72627621055869,-0.32192292857162347,-0.8406474708438716,-0.22155085641660185,-0.7858055346713728,-0.608003941377716,-0.011890575584132625,0.34394351090454556,-0.3490380922879457,-0.2893728960857223,-0.771567667717861,-0.11546581601615287,0.0073132453853479605,-1.6312325588859191,-0.511368051409973,0.041101873214772607,-0.7326008328160162,-0.4937049691543522,-0.37126654922128544,-0.6761953048395238,-1.2079503216019105,-0.4427535022392177,1,3,train
-1.019652200779119,-0.6027629059417842,0.015631010869793776,-1.230129468214896,-0.7723640646463807,-1.6078136768427498,-0.5770246481691068,-1.0081651706811046,-0.5860631841758427,-1.2998596951363341,0.1794448976643393,0.04162255186596207,-1.1340986760812608,-1.653982713796221,-1.8232250487684256,-1.8580781675855602,0.003711104746083141,1.1062098168528616,-0.20908026682043399,-1.865863638254674,-1.2357265780868103,-0.5736131499190045,0.5379403223443664,-0.6720053474404319,0.029487668646819037,-0.26702538530224973,0.7319606572822235,0.08011873308724111,-1.3032227121772904,-1.7305009172474566,0.2827212269835094,-0.02195457194279438,-1.2447065079293707,0.3309813566802545,-0.7107741952823328,-0.11325865541341709,-1.6029679968507367,0.7131370999940093,0.6063746016024822,0.3921724789987149,-1.068230749699586,0.5027596594390131,-0.3924511479090875,-0.18336103437947704,-0.11453556746544104,-0.40587622192987055,0.18702696132207566,0.054576442742939706,-0.11137829698490144,-0.48549918241794404,-0.13938703358070004,-0.023580781974857523,0.14638867581193107,0.11080778640785635,0.4967565408845474,-0.3079084815993009,0.1445866207855652,-0.13917526798644764,0.09150219759762072,-1.5947039444844757,-0.08710910768287511,-0.6833181097627969,-0.008642219482848568,-0.27936941171582946,-0.9904323626934217,0.06763719238934018,0.20506622591172266,0.06334569347190369,-0.09006808629815471,0.9420314913370081,-0.22304015580558098,0.254743985715085,-0.48134751773026824,-0.3035116834344451,0.9905274242389334,0.0015209401983252184,0.8441161722066823,0.1428797031380121,0.21984031339098237,0.5784918170888931,0.16755888607817201,-0.44197137801872627,-0.45581139382218916,0.4545358366633748,-0.9707302029714655,-0.054218201995373236,-1.3597691102029141,-1.1145364138236358,0.33411288351482055,-0.05137380061391135,0.3453835127936558,0.49368129068024164,0.013495454240287594,0.03398401786911737,0.06540277429385997,-0.7657261596778381,-0.0010289059639066796,-1.0510453359170102,0.051842062535900256,-0.4922579674006197,0.5211584301604986,0.04881806355157688,-0.7044288403571906,0.046825505984848234,0.07578198528346036,-1.3146011122719148,-0.1714801319851298,-0.060449374402543075,-1.6929596684709678,0.21158756568490908,-0.3091896703315075,-0.06527458448178604,-0.15644668695895883,-0.05036438023591486,-0.32250978218051135,0.07790564781272054,0.14988257739219493,0.1523546014540361,0.5328251705273814,-0.814638290980191,-0.20831185564010204,-0.20306798849960658,-1.3459800682985272,-1.0019856762309651,0.3056952777989716,-0.015231200022077574,-0.8096634046201374,0.36027423031880595,-0.23479910557306521,0.5967279309548884,-0.0655823684739695,-0.06708638915439301,-0.5129396455456078,0.9655801292824593,-1.1096481047411892,0.21359948467797812,0.14197283201130634,0.17314720300804107,-0.744785065789173,-0.9738311981775611,0.33320207191494594,-0.3248004198333307,0.14614788485625035,0.18607105678104,-0.856037300747851,-0.16201629940451542,0.7334560393521765,-0.9957055569015809,-0.6457256118433554,0.42043751877159574,0.25102314949084187,0.037053283643195926,-0.32804954495629474,-1.101789847708225,-0.16336188625715084,0.5871418357494225,-0.9634304476996696,-1.424858051647453,-0.08930187891492498,0.020999866814791632,-0.9599020465429075,-0.5854226385633104,0.30335204013591305,0.13493833341393818,-0.047970718245283935,-0.04912014452199043,0.24089441748920812,-1.0995432816344162,0.45779335198260473,-1.0572324435408793,0.0597661518524318,0.2201160877539337,-1.3825130232190115,-0.09640835667895298,0.14593298005369257,-0.013945049368434008,0.2072498792586693,0.046640341530269316,-1.1495555740682573,-1.7595699079566485,-1.1820689360839982,0.17344587439553424,-0.06336627723092525,0.26544621835579646,-1.5941538098312211,0.038927185909278364,-0.5051092147692465,-1.371251713512053,0.4333843260231459,0.35230226125265957,0.13580262003192947,0.7941031666850977,-0.11157743921054686,-1.7696043126004664,-0.6285430317866955,-0.1623260631434544,0.2265061943839707,-0.19070706401454496,1.4096848251392744,-0.7848371220913514,0.07193027652986071,0.2865240048788614,0.19243078707203468,0.027493553305358,0.07010157415398934,-0.2104824695254906,-0.22219557212896043,-0.05808085399163193,0.5585522890359655,-1.482959097522804,1,3,train
-1.4239195931585051,-1.695960695192276,-0.7010096109383698,-1.5480459214365803,-1.2014147742922892,-1.691618781542745,-0.6746784098406705,-1.4162448375170391,-0.270161953580487,-0.550104790649345,0.48060670699100694,2.1979933290103335,-1.1951601849288616,-1.34037040702447,-1.7250540712289921,-0.7438059573152149,-1.103199518803884,-1.1139356668640987,-0.8107185495907799,-1.8351726319275952,-0.8623969778624989,-0.5276314215737806,-0.9544102493206501,1.0422918783798096,0.4180381543914204,-1.3116260520569591,-0.08658676477563348,1.1198392022289716,0.44896058817051265,-0.29226591653466016,-0.05094706475000923,0.3054604315971453,-0.48912297456558707,-0.10927872128161256,-0.978873233853739,0.033242656487908834,-0.9812632886747928,1.3369888896484245,-0.4922819823883453,0.20972991505213412,0.9953234242341283,0.643052442782577,0.32384278176382986,-0.32323196711528535,0.38772348370179377,-0.2375432370958424,0.46393357892141046,0.08931506665990954,-0.2296317974873894,-0.8866371519227818,0.20891854777507066,0.4964056923425135,0.08413590306269605,-0.10299441685345627,0.03745441665423839,0.3595523755091618,-1.9558271271128478,-1.6216760469902483,-0.2212564017917518,0.21676561409059372,-0.4630837835261286,-1.6259549075028683,0.05839429085862007,-0.05601030087457002,0.17719028630469602,-1.4573162900556118,-1.852504382654103,-2.160900022358133,-0.0035593917265593733,-0.07582114476799635,-0.2658559000004023,0.11014793672438902,-1.0999293135231034,0.4729164693546828,0.9361146068107137,0.517250033733288,-0.18418245984562442,-0.004534108226515881,-0.5668134703707335,-0.12790184191214882,0.3424383060141283,-0.33945838833143405,-0.006530249195160309,0.3144280160431231,-0.3947863488840249,-0.07380965313655852,0.7925621557424194,0.8194475404785982,0.7375332713256575,0.4152486611119093,-0.0494364794613062,0.5097071814034655,0.9339785055261102,0.3062979898734423,-0.10678003966344488,0.10518194310975941,0.934393601793546,-1.5119831170942815,0.48547775853143493,-0.2813873335828424,0.02258126549689452,0.029849599099307553,-0.10914664936712824,-0.8507997966792443,0.137999176065108,0.04685018621650783,0.30484387654528405,-0.3166023777270512,-1.0024803236026782,-0.31429901086935974,1.3120807204595666,-0.21699388895296445,0.5046828350845801,0.9610137325218466,0.447657723833154,0.23870290489817572,0.9484626640854781,0.5450518796687044,0.5288461010010393,0.4529749952626293,-0.3566566841573106,-0.6898017839943269,0.5524264417552907,0.13799292004982586,-2.183627237854611,0.12374845004674703,-0.5051189119796029,-0.18463372998562105,0.4517138726046057,-0.23920511143501513,-0.35668346208745993,0.1297883005907719,-0.5261125636544312,-0.3671967515559661,-0.8259627202824587,-0.7628431526255723,-1.9862254795951662,0.25045108079488876,-0.754516380838986,-0.05614468472298141,-0.25773033824928876,-0.0089152508737739,0.721141162968773,0.41063056959565464,-0.4074284305905426,-0.5514185558877965,0.8798268733042489,-0.26435303244892505,-0.988160740209707,0.21223621389045996,0.07961431163825113,0.1606707040735134,0.44843469906869643,-0.8617095167870756,0.521012736047924,0.305817999242769,-1.0368762436732284,-1.6220836678096235,0.855707168482316,-0.7635689277902921,-1.2851581119004216,0.22730287268447363,0.12393907985546682,0.3898828494327862,0.5963460973773275,-0.16412521064718186,0.49540203301834695,-0.2582651025748844,-0.5579378578388335,0.004827864897704804,0.11992090027087422,0.21686853524975833,-0.9704133072659024,-0.24845357189044545,0.3641386638938241,0.713769905537711,0.25568327495498877,0.24230226209627728,1.2179650817634458,1.3413791772673227,-0.20057862478707747,-1.3228043272620735,0.9886176622276411,0.5599032052158781,-0.9536649773141936,-0.09965020358039664,-0.04327491642908955,-0.8982732446079963,-1.5796113223830597,0.8349862039677712,-2.1837993425725934,-0.4803947215274719,-0.13718103777235038,-1.2636144553465283,0.7999835124815532,0.8844204886044374,-0.18499406855053957,1.0251106086044792,-0.08363418920137972,0.9106930258444109,0.3433218073368143,-2.179163005675856,0.17939747524829378,0.3166703513804184,0.3749252730033585,-0.3094728577452869,1.1021093871563457,-0.19642075489568392,-0.4835170743371664,-0.6801917359452537,1,3,train
-0.8256038524370134,-1.58417287344953,-0.9408956296067866,-0.8944751871310573,-1.176636769783863,-1.398300915092762,-0.6730775285017925,-0.7725727857036578,0.8461236449175247,-0.8596725822232413,-0.6510316068425321,-0.6339322028785153,-0.8155168907894306,-0.5169590992904206,-1.0378572284529564,-0.09456267350850175,-0.17739669750522724,-1.8202228250052,-0.2036924613030876,-0.974362978277624,-0.54928182928727,-0.33604088680201427,-0.3036759884202068,0.2524586015621067,0.06057170750638714,-0.44869506647698176,-0.44449413960255074,0.4060628484134185,1.187976674031491,0.5467045005478044,-0.4994847683917884,-0.5021632438013727,-0.5252105463083349,-0.28192973224705065,-0.0752801779278884,-0.7285641653989859,-0.6807726797230866,0.26283806385247654,-0.6441699893916856,-0.7740290081892327,1.0779978703051907,0.16334163522071343,0.026398692323381105,-0.20853780227192253,0.13117389641493285,-0.9497212498551924,0.024838799585322396,-1.2307526421849444,-0.0691449039482986,0.0954592561752691,-0.3567297163467009,0.01896356592383647,-0.3851542299699987,0.059902499917067635,-0.618691475103346,-0.18244591447365,0.21600068821411125,0.8464655769098121,0.19423312440434892,-0.4541490372335061,-0.6949933966630887,0.15969040854133182,0.43146704406331504,-0.11241411674357493,-0.5666505383108561,0.5903832551488544,0.4977567371089845,1.0793075523942701,-0.29635805027657436,-0.7066777265205771,-0.41376483449160334,-0.42452117465981243,-0.08859717119513476,-0.15253954261433694,0.04458152125603688,0.16221913600994406,-0.07389175483055052,-0.4515308265576653,0.12948143282375824,-0.3908882257826666,-0.25215172176812295,-0.21985990036292646,-1.4336585909516049,-0.22524655227192064,-0.999791590104318,-0.33633509842844134,0.23773898496540016,0.8383156766181322,0.10151013738965325,-0.39395738010881765,-0.47796061739656986,-0.44383331662835346,-0.0825549511112765,-0.6183029383272889,-0.1577971697248685,-0.7067403519193155,0.2897105221228692,-0.7053420000340569,0.2381448060006485,-0.20516903220292287,0.15491964871007335,-0.24203172471655285,-0.6699530377901985,0.30731284871874176,-0.4789879658528977,-0.8889445010499974,-0.24649178687180912,-0.728126874871343,-0.9314433539660231,-0.9214200992490847,2.013769500073016,-0.6009366186351301,-0.03051725418876093,-0.13831030308441586,-0.037989302251896104,-0.029292523577582916,0.30857477410688583,-0.010010619346259436,-0.5574398796903345,0.6012508613139684,-1.0983808267433535,-0.5403482534274834,-0.08145375580952754,-0.6933051447983649,0.6732133657399534,0.12374845004674703,-0.5660278105077098,0.09660908823601869,0.15796553098050614,-0.2776388145334015,-0.9556799431767575,0.053040540181639825,-0.4273156778382558,-0.6740861649069193,-0.658790975869278,-0.28376455529686406,0.4766894678742962,0.8109041947495343,0.05318276829548942,-0.8891216738586768,-0.47085350257081604,-0.13772279549805921,0.11087222362235326,0.06930011011744037,-0.9108672737670777,-0.603775161801515,-0.37724028887237254,-0.4784074298497024,-0.7766566903363722,-0.5928088316499316,0.003432605925988572,0.16753833854186437,0.44325813744186315,-0.8750473129493617,-0.10114601150214403,-0.6891077640124692,-0.392185367905322,0.06191967019044891,-0.09988033840071499,-0.0012049103910126231,-0.19832686912043543,-0.7426383931981277,0.0179223305988395,-0.13574349840854247,-0.2565624930871366,-0.8822056235264258,-0.11117445065943389,-0.8279080075180156,-0.028784473081557262,-0.8737036083716057,0.10655317840010924,0.09346154009109384,-0.6974641447515054,-0.726309962555136,-0.22228911142652935,-0.18859663854590883,-0.7752561477238112,-0.4479495132338064,0.9807385631430345,1.1349245111405604,-0.9624152970118828,0.3003771254358969,0.6800852700896164,-0.5622166636292979,-0.5859769438321965,-0.9420548607413157,0.1117935341084814,-0.702643406684329,0.052665583824580954,-0.22998312995922127,0.3959050459857455,-0.4458822061793559,-0.7317534932631209,-0.9426101373037074,1.2709944338021038,0.15922353118432936,-0.12660551772875095,0.16576303895228936,-0.833090173926652,0.8159706712111281,0.0805458806824624,0.6079062861691131,-0.778550943796661,-0.04395012621906869,-0.7359877628032313,-0.6476900174962575,0.3116865318761106,-0.6349876747829977,-0.8067257538860522,-0.4842109716164621,0,3,train
