q1_z_10,q1_z_1,q1_z_11,q1_z_4,q1_z_3,q1_z_2,q1_z_9,q1_z_0,q1_z_7,q1_z_6,q1_z_5,q1_z_8,q2_z_2_4,q2_z_0_7,q2_z_4_6,q2_z_4_9,q2_z_0_9,q2_z_6_7,q2_z_0_11,q2_z_2_3,q2_z_0_1,q2_z_1_7,q2_z_8_10,q2_z_0_6,q2_z_4_7,q2_z_3_4,q2_z_1_9,q2_z_5_11,q2_z_3_7,q2_z_7_11,q2_z_3_9,q2_z_0_3,q2_z_2_5,q2_z_1_11,q2_z_2_6,q2_z_1_2,q2_z_6_10,q2_z_7_10,q2_z_4_11,q2_z_5_7,q2_z_7_9,q2_z_0_10,q2_z_1_3,q2_z_2_11,q2_z_3_5,q2_z_1_4,q2_z_2_7,q2_z_9_10,q2_z_4_10,q2_z_8_9,q2_z_0_4,q2_z_3_11,q2_z_3_10,q2_z_0_8,q2_z_5_10,q2_z_0_2,q2_z_7_8,q2_z_1_10,q2_z_4_5,q2_z_1_8,q2_z_1_5,q2_z_3_8,q2_z_2_8,q2_z_8_11,q2_z_6_8,q2_z_1_6,q2_z_0_5,q2_z_10_11,q2_z_4_8,q2_z_2_9,q2_z_2_10,q2_z_5_6,q2_z_3_6,q2_z_6_9,q2_z_9_11,q2_z_5_8,q2_z_6_11,q2_z_5_9,y,split,set
2.590033779914616,2.581181430541761,2.9933482620732086,-1.593265031171828,1.4847001389436458,-2.5011239998205865,2.7623290921881187,-1.016103375846803,2.636640134180508,1.4093354524435395,2.1399677382474347,0.15081744027057503,3.3210427623329406,-2.4650227113588468,-6.904052712224837,-4.261374445490523,-2.1403597331536015,2.265521942824179,-2.515536788147755,-2.9263305513399573,-2.655119274296893,4.793375671678179,-0.05187229858649057,-0.960645582001847,-4.235470396693716,-2.5962856231462066,4.625886971583173,4.725978326192511,2.877402428450671,4.70315584464698,2.707119559555444,-1.0884596770777006,-4.182212186789631,5.381513280886799,-2.3378389309679393,-5.378630497372885,1.2913371663080213,4.571876719920379,-4.660699368717213,4.570759441521786,4.751768504296355,-2.08722350443581,2.406397469923456,-6.5441870820548695,1.9461939233211722,-3.7102242008395625,-6.289184311620616,4.114974500510607,-3.8324032884837718,-0.8499626775315597,1.0724705167961381,3.434785524246676,2.2279708928254025,-0.3179778166539209,3.7300868472667577,2.2432591183813773,-1.9008831847656218,3.978390461970625,-3.81076729267021,0.2950869237811282,3.782264592284688,0.1086078691025728,-0.4847753455688394,-1.7840109931600328,-0.16723680076609473,2.2316937275923876,-2.03877597227303,5.344509201394162,-1.404241038941895,-5.923288621222197,-4.8073107783052365,1.3346885171305496,1.007207315912413,2.3497474044686544,5.875781954727498,-0.01481174185546786,2.566703825497048,4.670854887417941,1,27,train
0.5142200776138796,0.1179408888941272,0.6599774095075366,0.3236920198149597,1.1830459764270467,-0.8234308079955641,0.6724810276509064,-0.5173852503877604,0.7299953054142444,0.5079767685495215,-0.9206152877555869,0.8890309822982069,-0.0777564608900676,-0.38694413608400363,-0.19151442596136334,-0.48776892703884056,-0.5326856177646542,-0.27851686266821835,-0.5705801533444,-0.6119708080655379,0.3728995736796685,-0.21394235990279342,-0.24698778837380042,-0.12200499359787137,-0.4736949123052221,-0.046114393670587145,-0.2183187772245902,-1.1039850515413787,0.506864052879912,-0.15801749489392802,0.0395433873421896,-0.5713437069570859,0.6043116052251707,-0.2873290310778393,-0.06107124034224935,-0.15998493823217658,-0.1302353598835833,-0.1762250839899488,-0.39053756075146623,-1.1580784667278994,-0.2748815705085398,-0.32204517267089294,-0.22909839231968776,-0.406025403450448,-0.9730061133015967,-0.23558098370219188,-0.5612029475421353,-0.2592784942394156,-0.5016760312346885,0.17440105561799027,-0.18597588410038607,0.3779046949152997,-0.05551174608163171,-0.7955849803390397,-0.6972773271692096,0.029798262058851648,0.053572475761499636,-0.42548851383405273,-0.7412660340517471,-0.15674403438359205,-0.4744649965151842,0.6640452302293366,-0.7141896007549402,-0.10766869936972585,0.002641418546828879,-0.2003374025469144,0.5068256224922709,-0.27471494840630983,-0.31684284927629147,-0.28162794233935384,-0.30208699544394635,-0.8340924717026877,0.036375825959950696,-0.1754248892709712,-0.42530765197649945,-1.442525873077402,0.03493942380257762,-1.1185687496341716,1,27,train
0.014776179315957977,0.16349827136082448,1.4276194514047242,0.9931055931754252,-1.2697984763594408,-1.3704382421243053,0.6129129117971143,2.38872530784271,1.3406576551897846,0.8862407152876538,1.48704335936679,1.4052254139415885,-0.90693211679713,3.0722574307581194,0.4694825529915764,0.05315746127163951,1.270516430577003,0.41789599470120875,2.9650193106973575,1.4047220871993094,0.2933544200550653,-0.15319500076749565,-0.6499436911954186,1.4737416815596935,0.5818032621708048,-1.0251274972463669,-0.2005222829233126,1.2006394605953035,-1.8871915684802396,1.4142050358493858,-1.1000037153508508,-2.3092798539603887,-1.4155204945566324,-0.34612428409735146,-0.4020181490881929,-0.3729118712831699,-0.22500686162969027,-0.26408215678957675,0.7571048351138163,1.3804485105803443,0.3847240954160843,-0.12487099731417355,-0.625494111437559,-1.7464112245515075,-1.508668226427816,-0.06951347700077341,-1.8395742673029456,-0.30414262751890303,-0.25003661620642625,0.4097278591793734,1.811737236605307,-1.598207175692332,-0.5678115446873139,3.0818310722098854,-0.3847195943305715,-2.8012454998548972,0.7371937381880265,-0.3743156207454133,0.6070195655283254,-0.1749998306730757,-0.13590158265869065,-1.8772035812975385,-2.096875517146845,1.0168342057815358,0.22748023822569835,0.1382013307684764,2.7773728076536934,-0.5403673721548898,0.4945659521493111,-0.7011472492121291,0.007457879853468592,0.5166395476583635,-1.0169959930977817,-0.15892049519424162,0.05237290594228742,1.6941188091526047,0.49576496183029917,0.23507346766218562,1,27,train
0.3127398686414225,0.25775492474019823,1.8299247708125985,1.0742466323706332,-1.1646765712400198,-1.239034221635278,0.9372282092233165,2.335364520756557,1.4957161201798121,1.0072170225777772,1.638183261885458,1.6068927725406157,-0.8166258572428955,3.1170160462255776,0.6252347146988783,0.31074145570520145,1.9005508812024008,0.6452961113932666,3.560568047710788,1.2968178547958398,0.558504932137076,0.15488089199008584,-0.21305465971513785,1.747464651385991,0.7368764536815007,-1.0606561985858105,-0.14357350115922426,1.7425945399333813,-1.7366811954281278,1.6685351511166864,-1.4736863691560362,-2.3039487614849183,-1.7098493979856748,0.21733022400630744,-0.7164469649316743,-0.00900038570510859,0.18454141377312913,-0.14566610214659995,0.6114649371613694,1.6695857531695073,0.5530372653416781,0.49481926809265897,-0.8219064046941618,-1.9247458187752535,-1.4104106790496338,-0.2568716896895532,-1.5707322301000284,-0.04991253893514097,-0.08926698993836979,1.0234232488590589,1.7665911773803198,-1.8525057542155658,-0.7146291698974788,3.427467835403063,0.2081734246623092,-2.4951867147831406,0.8540520736455524,-0.3743156207454133,0.9020851070777637,0.1399126553205172,-0.0653675381052545,-2.0836493261411144,-1.9170643441631445,1.953919960074254,0.8370432604661888,-0.37155239410872126,3.3490545217323415,0.03146072642256207,0.8975104589797124,-1.0420066860462591,-0.3155454682829644,0.8781030457972364,-1.2449645211028133,0.5218857604708536,1.1526483483394931,2.2511436406520717,0.5401818811582724,0.89315183791703,1,27,train
1.3981790226127577,0.14307599646196018,1.401523971226916,1.730136699198564,0.11354485477728642,-0.9181639390457931,0.7866532497040084,-0.6076881208412496,1.432544152961653,1.6189141256362884,0.475917411516903,1.545837517184947,-1.1614315755408817,-0.8281362028346625,1.0696982005465445,0.7357550465205787,-0.5381169492355627,1.3464464711937782,-0.5027328288745156,0.1917296815603053,0.06532497966453613,-0.018682991253622043,1.2884862834306816,-0.7859287927510188,1.322152692608966,-0.11717179634947437,-0.33577563961302237,-0.12004718905379977,-0.2692050581700389,0.9980284835938027,-0.1787464797321266,0.12169831485404706,-0.25660043730477816,-0.03744920574491226,-0.9323800071374385,-0.051585772315307254,1.0442543224699568,1.153090626195726,1.164896549380668,-0.1338465395900173,0.44386115511967134,-0.6459741750426463,-0.4933622050649352,-1.0790946784239412,-0.009448229334906367,-0.2611298308870255,-0.9946421503794916,0.3239552383939209,1.151455125825979,0.5989121522385246,-0.8405937428627036,-0.43267202412750894,-0.30853786612468204,-0.7641634564123871,0.11150608460912215,0.3686490598168679,0.5969637356389953,-0.18166472911759415,0.06196794016616842,0.04863367387309897,-0.32634350295296827,-0.26496062156675504,-1.204020037503642,0.9335376942888498,1.3766564276954756,-0.38711739334161277,0.06458127763897718,1.0490445868832246,1.134861332866113,-0.5307175307950642,-0.9312706006680399,0.10951750238615933,0.028514842235639264,0.7034340953148789,0.21875602162186486,-0.15001194367572676,1.3618948887257758,0.010160606942175507,1,27,train
1.5755383614969627,1.8742565301964578,1.4232702047084227,0.6076856569981876,1.8640531008963388,-0.41393920926231637,1.5842041341908937,-0.5050712225986483,1.3176860307468177,0.6613270172271427,1.261844904613975,1.4440787582588324,0.07822707833997385,-0.5723726858777588,0.41629888801835135,0.0832089272888884,-0.6576062415955521,0.2378709023199963,-0.39719254636580636,-0.44453320606015395,-0.6452783927152526,1.7777032003187545,1.5005683375473229,-0.15694835144803704,0.3316852113471017,0.3447013210632926,1.7499734924967125,1.0796203652091305,1.9931539867695147,1.0673912423030665,1.8450595760246695,-0.5340260596287941,-0.2639586598905042,1.7754044290233817,0.15107350287744886,-0.6942379702510325,0.22177307517338543,1.126351517082796,0.10463809228685367,1.1697213676763782,1.262681981784722,-0.4910516086909382,2.0457130768522394,-0.29672355537782946,1.4770933745479151,0.428689043103482,-0.17165632220729612,1.3595689815954222,0.02257275007419124,1.5079196091324947,-0.14082982487539863,2.210973615103612,1.5219967801126941,-0.2299975496592937,1.0749572404725534,0.08445161653595104,0.6816860288457016,1.4829593813540305,0.2258932410269675,2.052207316643929,1.4934348465256846,2.143573068274964,-0.5901818952489397,1.2719297722278868,0.32241218431233215,0.41448006715230107,-0.3884495146497628,1.3957435127923883,0.22409635167411024,-0.40835773295717137,-0.3424624139610005,0.1780053230861563,0.5434092761780384,0.41460719897211123,1.4210082123388117,1.4453504378033284,0.14042960720651387,1.4512689367407587,1,27,train
2.092008756327768,2.2088676496932345,1.7820830571532837,1.4613570068644377,2.5831478721480297,-0.4215789778953994,2.110389157566059,-0.6302638384546219,1.9455770988545833,1.4110393440955131,2.2518112661112486,1.9991265342194575,-0.11059510072797106,-1.0519292801719533,1.11148536588265,1.985037419523354,-1.0323681130882458,1.7349216705427104,-1.0002798749870017,-0.8724293000739131,-1.4619419699278453,3.0490586450789148,2.934243023375817,-0.8034004716761016,1.7273439349433648,2.196141424196521,2.8782712311977123,2.847551497807133,3.9780095313942376,2.2176569908983583,3.6061778256411867,-1.328358838473862,-0.5509293407338206,2.8239197745380165,-0.1406255190496362,-0.7639231483404485,1.3387229171810748,2.562623663720192,1.7241537575180645,3.4289123648561084,2.7092654422263114,-0.9745978006371787,3.6277248207190587,-0.46930542075564824,3.787730537086459,1.9871687213783322,-0.8245584125572378,2.563423224595001,1.4240644921065966,2.6614823716882943,-1.0211779797626532,3.699679876875045,3.3462838678304894,-1.3674567158041162,3.075971179573526,-0.0029937506274079918,1.1958627048588157,2.744220687479909,1.938912635022318,3.298165413401188,3.397854049468461,4.424307011308755,-0.943603855941041,1.8810355125181537,1.8313304852683006,1.912611243318111,-1.2837246517917964,2.489871291960269,2.2388188858261167,-0.7098872347719787,-0.6149964889511158,1.9168349930805237,2.367157500218292,1.8092284984557605,2.5427524438559628,3.7870179333302127,1.5451146809536653,3.6712421731067844,1,27,train
0.19071664348908943,0.2876028649769999,-0.5665101588494429,-0.11920281912555032,1.3582491516260815,-0.2519761142409572,0.25384954678953303,2.0131474602747894,-0.213755598784318,0.007032622869292185,-0.4898665655773838,-0.31912301004275445,0.08643673829944971,-0.02887521234433834,-0.1611237602623776,-0.6981291891595828,0.6730699687770563,-0.5011794769291916,-0.9248939589093523,-0.1468663580505824,0.632747075520039,-0.19224687449732994,-0.6244938447014217,-0.1394766725229542,-0.5187161614534886,-0.46061590929742935,-0.14357350115922426,-0.47784277541291936,-0.5467085584848698,-0.6840184151058455,-0.04925249078973563,2.478041189011899,0.15178091620301812,-0.18933694271198556,0.03742453329546768,-0.29935529441100855,-0.2927007914483381,-0.6995476480572979,-0.355583985242879,-0.5504001941676249,-0.6660959654707307,0.3398967017409508,-0.17553140324970518,-0.07236713038666501,-0.5039055645283396,-0.25261354849208095,-0.029005445324115576,-0.5845434605156994,-0.5296359662378288,-0.4992795977145967,-0.6092201893346432,-0.6763748285456083,-0.41474636095756734,-0.2174289400886327,-0.5136093810681542,-0.71895269427741,0.1178445602631389,-0.3050817065666658,-0.37653223963646915,-0.2982264556270903,-0.3721906319127018,-0.564798489077663,-0.050748376297837766,-0.3523522018794911,-0.24218307399238456,-0.23146740101269747,-0.625751358229579,-0.6259164577688393,-0.8412226869322931,0.12478138619364729,0.18241802676070315,-0.5030680049860358,-0.3291599172205311,-0.5839086426700283,-1.0532697337349046,-0.533980516845262,-0.6424185959490131,-0.6104322865260006,1,27,train
-1.3416680444704425,0.7855921836646912,-2.286637227236625,-1.6963817684824047,0.029752031856008904,-0.6278527309886398,-1.9038399830256094,1.235311371595871,-2.055314158295509,-2.5334698302232996,-1.8501256882453931,-2.156331148472425,1.1249587231731468,-1.800037567270897,0.8265728749546588,1.6330059604641527,-1.7547351987190904,2.9429847904692674,-1.8596793182722051,0.3145172563642536,0.8236554442190867,-1.2553256593650408,1.4666352088886603,-2.2826692873331145,2.0074761518659123,-0.2198102668856448,-1.3145828261832906,2.642345205630579,-0.4056050837485151,2.1771953816512877,-0.6190260421362559,-0.0329033669345903,0.8508120618469937,-1.296647541246133,1.3443876834882513,-0.27225550293179124,1.1661033961435228,1.1034322807002843,2.4640044391164957,2.0665368828258157,1.8176605420799228,-1.3360837887911645,-0.3148055748316599,1.2219968599469762,-0.22498091390640287,-1.1297906351713682,1.0573358478631825,1.262363359489866,0.9767055320563525,1.960116212054368,-1.4895683442218977,-0.49094878170575007,-0.47722194615338226,-1.8513481842745656,1.4777378240274994,-0.6697646752480206,1.0088893681267743,-1.0425734010794108,2.0208752854527177,-1.4757253162987856,-1.1022179930407658,-0.6385291122360829,1.4683460161506678,2.209015526520605,3.4451735687410747,-1.741272326603176,-1.6234977460083515,1.5668416840202875,2.5700061517141175,1.1735796533755858,0.8351539594530782,2.9403474246527006,-0.27806352301250675,2.787113847501988,2.065071885937176,2.802760464078728,3.4772506717204976,2.1468327837822714,1,27,train
-0.2462967675215919,-0.5151496329706663,-0.3947149143455396,-0.4488382908560826,0.060222149281928,-0.32073403193870403,-0.48744256161321525,-0.4455534216179395,-0.3152136067407557,-0.257070583186611,0.34744849437603537,-0.3764779468920191,-0.0038695212547848056,0.11818880990588132,-0.5789954136234314,-0.2902878646397764,0.07562350697710964,-0.5769795158265443,-0.20872775617168282,-0.06128713924783057,-0.03012920468498772,-0.07943035038891981,-0.7305348717597423,-0.47143857209952794,-0.6988011580465548,-0.1487528642067576,-0.18984438634254602,-0.630432069595485,-0.6831085840633461,-0.6493370357512136,-0.5376298205153244,0.39891512357850023,-0.028495537147270343,-0.08154564550954645,0.4086778339299396,-0.03610017718432592,-0.49916727739521405,-0.5123738842667861,-0.6235613974753815,-0.378878101106257,-0.7252330251743176,0.14272252638423139,-0.6076384484142314,0.261291142677118,-0.015787425939950382,0.10507031209558959,0.355054607822909,-0.6967037937144179,-0.5541009093655765,-0.5131223508652663,0.0961869860557853,-0.30022484781332454,-0.3835085683596599,0.34187418580578277,-0.7649444652064405,0.24841167996724922,-0.5190333679803775,-0.26594949420476505,-0.8560137446543065,-0.25258696490338123,-0.4250911653277789,-0.402591118129139,0.6188932334345647,-0.8208950790258502,-0.501996821176856,0.06426758441224163,0.10772706738076193,-0.2882226987664071,-0.5652332986922922,0.33017104685011023,0.11849028077536745,-0.9558485973915712,-0.21517565321801527,-0.42299080042191484,-0.6614643322958997,-0.6583647025199003,-0.6202101362850265,-0.6770731341467443,1,27,train
-0.6918234267987151,-0.5575651269913845,-0.41863577117519707,-0.23922393960179542,-0.4882399643846158,-0.6492440831612721,-0.5519746871214902,-0.47223381516101587,-0.2769275660024773,-0.26047836649055817,1.252776510462855,-0.330223965561967,0.18084782783342218,-0.31021508099693246,-0.4574327508274885,-0.45771746102159167,-0.0547284483246969,-0.30220437482364104,0.04758435849232521,0.33684226996497146,0.3410815122298272,-0.2573333307137204,-0.641460409030753,0.244900263828868,-0.47869727332169615,-0.2040197329570032,-0.4318767088399214,-0.9145638587630212,-0.2692050581700389,-0.6782381852134068,-0.49693170970485867,0.6601386548765427,-0.6097951214196291,-0.2775298222412539,0.32912355522255277,0.20392654734588472,-0.31639366688486487,-0.5505726115709723,-0.6876429525744582,-0.6778166061560694,-0.7115860113965667,0.4009268036370783,-0.32551897264565643,0.4223675503630822,-0.5260927526459935,-0.09506232418560702,0.19594401437628453,-0.34900676079839044,-0.6379807143749973,-0.4300658319612487,0.07925721384641501,-0.33731005718129614,-0.333528100203008,-0.3996737788632175,-1.1935030061089034,0.2593423508626691,-0.2181231541772482,-0.25089864329634165,-0.9994483829075057,-0.1704358816007048,-0.827135219282365,-0.17156849889942308,0.4824847573779642,-0.446060777308763,-0.5269789122522859,-0.07192615887555927,-0.7551887274549332,-0.36476661747362504,-0.7363467194010928,0.2078112490122174,0.30354428231186553,-0.929214444897128,-0.12084384852627802,-0.13003780555996483,-0.36090128461666304,-0.9828451868885216,-0.4369903440571372,-0.9103161008193474,1,27,train
0.1580825251343957,0.0928057813262942,-0.05764829538218536,0.8122286933027743,-0.25209655433374273,-0.6568838517943552,0.1115479366943626,-0.39834964842634285,0.23801968192736703,0.6408803174034599,-0.3084986825549826,0.21372285487944592,-0.3979331993096264,-0.45727910324715215,-0.3472665876686652,-0.2988739977875618,-0.11447309450469156,-0.7001545790347422,0.3642052060184528,0.1284754763582713,-0.03012920468498772,-0.16621229201077375,-0.6117689214544232,-0.15694835144803704,-0.3936571360416371,-0.47640644322607095,-0.3215384441720003,-0.7619745645804554,-0.5984464992215333,-0.8458648520941278,-0.6893227789906967,0.42023949348038125,0.1113106919815248,-0.2677306134046685,-0.15577871499390036,0.01422800699136341,-0.39085698968537747,-0.4818149024234373,-0.6643405689020667,-0.6386115563134711,-0.6933899930262323,0.1521117728297895,-0.5076467354835973,0.12897837922079025,-0.18377613597361678,-0.2994531016642759,0.0423199931174747,-0.745306604767196,-0.3478963887174171,-0.5454221082168287,-0.06746747863479409,-0.4167783629698068,-0.4584792705946378,-0.4625168267165226,-0.26549654159830743,0.24294634451953928,-0.13924377774341817,-0.6271699160069258,-0.7904436243099868,-0.1339242890217375,-0.14648168934170608,-0.6090368629727149,0.06705894393286267,-0.7167744396599927,-0.501996821176856,-0.06025240945089062,0.08076094879214646,-0.594398373595279,-0.6259509641050924,0.024271552255378193,0.08147948046806783,-0.6628729199526954,-0.372395327704244,-0.41886470190273245,-0.3984716655765676,-0.6637727105927106,-0.7090439749409728,-0.46049037937932713,1,27,train
-0.5031130902259209,-0.23709250550151387,-1.8582364276509424,-0.9424462792935976,1.9158523005204013,-0.46741758969389724,-0.6380175211325235,-0.5727983754387651,-1.8255979138658383,-0.873879361201043,-1.7609531457593792,-1.836253597668464,0.38198449684058083,1.0964842622660382,0.6442288807607444,-0.04558306992789256,0.3526214119934485,0.5647585700648294,0.8391364773076441,-0.716154204868888,0.24032431763866316,-0.14017770952421757,-0.009455887763162333,0.3089630865541717,0.7468811757144488,-2.0515122026080714,-0.15425139773999083,1.6636690429423993,-3.0019090188974413,1.4546666450964563,-1.2294977042932418,-0.9125336253871822,0.7477969456468289,0.0850409047124049,0.3707948440692792,0.1535983631701954,0.12700157342727847,0.014768552530981523,0.58233695757088,1.7381945903940543,-0.02468631791644098,-0.1436494902052897,-0.7826239460428412,1.0609204522610118,-2.4278517341591983,0.015649346948671955,1.0737955644266264,0.0061676276642183055,-0.11722692494151005,0.3266713402753558,0.31063076737447554,-2.880295842413637,-1.1925673966454629,0.7377853872816049,0.4143970834424417,0.21561966728098958,0.5677491517746138,-0.29003085565824244,0.9922440225512033,0.24031953491267727,0.012219910903525267,-3.287916171061974,1.257532916790467,1.31357802797423,0.6521757865080073,-0.21979365158802883,0.6200833205644559,0.24308214873075293,0.7429564015653118,0.3083210829504865,0.1958764995997212,0.8058103461694618,-1.8188163329775482,0.026753938168966155,0.2831623889817013,2.1105354307590023,0.4624522723343193,0.3391997920695977,1,27,train
-0.6790535543990524,-0.60940628635004,-1.1471345928056724,-1.0709195913526768,-0.44710530585962505,1.6044876635982068,-0.7637724323794183,-0.7205667089081111,-1.1575065029828802,-0.763126403822761,-0.8284199472191995,-1.2331016811245843,-1.2845764749330197,1.0133611192550445,0.20736306133782442,-0.08851373566681955,0.276582771400728,-0.060591750838329614,0.5300542213892815,-0.496624904461829,0.4577477375459119,0.050742562043861114,-0.08580542724515315,0.6642205580308559,0.2816616011823611,-0.0026904253668227278,-0.22187807608484572,-0.08321529045800805,0.13999501856538973,-0.42968829983854473,-0.3452387512294864,0.4682193257596135,-0.9997809184631101,0.02624565169289266,-0.6785639750710138,-0.7561803507749579,0.21161898570058826,0.0644268980264234,0.285231565747888,-0.06523770236547016,-0.32037161643437595,0.5135977609837751,-0.27552311618033937,-1.1423746957291414,0.1014877112533639,0.25836339520459123,-1.2360513266433355,-0.21067568318663757,0.09247258758204188,-0.005554735340714452,0.6830857559806217,-0.008841059922118803,-0.3835085683596599,0.9388831404121813,0.0631724145825286,-0.8337247386793187,0.15582351928683483,-0.18467489929927883,0.10294926538136819,-0.15674403438359205,0.09686076436764865,0.05945412033029282,-1.8178581797583442,0.25675353841077564,-0.052319181819116996,0.15376633000136794,0.39896114813780903,-0.10361677717841082,0.35657125802931067,-0.8016570831503983,-0.5847149250633252,-0.07692156507494352,-0.12084384852627802,-0.14241610111751202,0.39587353186141505,0.2123245972025671,-0.2260099772492647,-0.006499604963010428,1,27,train
0.5454353212574996,1.3731253230627873,-0.5077953284493746,-0.13272632565808498,1.8000658543019088,-0.3497651527444194,0.4954313499743572,-0.5235422642823165,-0.13909781934467513,0.08711553051204993,0.35953968657752877,-0.22661504738265026,0.17674299785368425,-0.022481124420415746,-0.05095759710355431,-0.5092342599083041,-0.29370703304467555,-0.4443294477561772,0.10789309135444473,-0.4222081924594361,-0.7937626794811785,-0.3571325635788524,-0.6923601020187469,0.06435958160301211,-0.6337704648323921,-0.6501023164411286,0.18744129284453914,-1.0092744551522,-0.4197154312221506,-0.6377765759663363,0.3059310217379653,-0.9978311049947062,-0.14254798722602427,-0.7674902640705226,0.253357575501232,-0.38839746641415124,-0.2622385230299466,-0.5887713388751583,-0.4313167321781514,-0.34947431372430826,-0.7070370068039832,-0.20467959210141712,1.342199953733135,0.5891966868949737,0.19974525863154613,-0.5719741383025011,0.020373704366216154,-0.14337948326740643,-0.5296359662378288,-0.4992795977145967,0.25984145074636467,-0.9783543905419488,0.010087618373973924,0.27274683316714715,-0.13982899952916425,0.17736231914702,0.07402268446656668,0.023026843236963673,-0.392924769722549,-0.631394737910167,-0.16411520048006512,-0.348521994479631,0.4824847573779642,-0.2950858502282695,-0.3770863657997062,-0.09138240791667368,-0.21586635568262372,-0.630419041222205,-0.7639456582250929,-0.058758310563191925,-0.1540437942147479,-0.0655069282916107,-0.24661958811526102,-0.4807561796904684,-0.7580738833356544,-0.5664285652821243,-0.6313143661170197,-0.30221836628006077,1,27,train
0.8944785001816153,-0.19624795570378525,0.9252814579819187,0.8105382549862074,-0.448628811730921,0.23849703200297004,0.6460063094936654,-0.564589023579357,0.7070236809712773,0.6732542587909577,0.7827314136297984,0.8113242936637193,0.11517054815761525,-0.04805747611610612,0.04781206641814932,-0.13573746797963923,-0.3100010274574014,-0.25482935051279565,-0.42734691279686615,0.1024296271574338,0.19790023570554147,-0.491644573092726,0.015993958730834607,-0.40155185639919666,-0.16354852928383032,-0.7685313209059407,-0.5030626860450318,-0.19371098624538322,-0.6078533975372903,-0.06553381661490956,-0.778118657122622,0.28163108911815465,0.1481018049101551,-0.2873290310778393,0.48444381365126044,0.01422800699136341,0.13038626991821087,0.030048043452655947,0.08716130453256002,0.052377447162324904,-0.19299948784203472,-0.5051354783592753,-0.23981179013368428,0.39360390613344576,-0.6560462830493959,-0.4484880435758053,0.33310831907165045,-0.177027583227022,-0.15217684369543535,0.04520202621174073,-0.541501100497162,-0.8247156660174949,-0.7708571965737122,-0.42481099800453953,0.12439506328288041,0.15003564190847032,0.05941539253437593,-0.5458953211014397,-0.19621440868959014,-0.521859960173265,-0.6331665967604155,-0.6385291122360829,0.22206857581536324,0.20469321872784685,0.09757336463346265,-0.4065736423827272,-0.3560901723434242,-0.04058060883129013,0.06954229425970976,0.29084111183078754,0.4414936289118005,-0.26336063253604636,-0.7261395952982586,-0.09702901740650569,-0.12474460429726278,0.10957244381917033,0.38472266351036627,0.23507346766218562,1,27,train
-1.7730059566368295,1.9826516815827375,1.786432303849585,0.5400681243355142,-0.3130367891855809,-0.5911818415498415,-0.37657967932976855,-0.8744920562720131,2.140835906619803,2.5645739924816193,1.913257884469433,1.9103188900657575,-0.14343374056587452,-1.5186976986183027,-1.8136162076447269,-0.9685923833148228,0.30373942875527105,3.520960087061581,-1.6862917112936113,0.4893965295698769,-1.6369413079019723,2.9535985092948756,-3.470635010946746,-1.6070977022299118,0.0015293842598137076,-1.0014416963534043,-0.6917055256385745,2.1740539234840845,-0.9559086352202986,2.9690868769153833,-0.3822370337844553,0.15368486970686857,-0.8783702457986302,2.2359672443428944,-0.8755555223464478,-1.247847996183615,-4.378029456003735,-3.396377795732834,-0.13421134035515947,3.2622909030250655,-0.7707230711001538,1.349240694638443,-0.9326115154387925,-0.9122655418920498,-0.5197535560409495,0.26262153640206354,-1.005615294755121,0.03233837207725263,-1.2845542113226158,-1.1545032468462908,-0.3214140617753483,-0.9359712941214098,-0.1242348897970281,-1.5748387737200231,-2.8722924783659187,0.3795797307122878,1.2951922899977129,-2.758370404639675,-0.3601397095503892,2.732235728427195,2.438591043541729,-0.8695517314657988,-1.0738119467223415,2.026804407630354,3.375223713729871,3.410742419483921,-1.6774299831855823,-2.8772081844517206,-0.04085346103629059,0.26025116237131435,0.7947785409360241,3.1458108867526913,-0.9737605826140688,-0.9717619034731734,-0.6399955431759542,3.040712819282384,3.149675891676696,-0.9144811537956439,1,27,train
0.579488314323267,0.5153897773104865,1.1383945461006846,0.2239561591375166,-0.18506229599672075,0.987194358045102,0.7502505122378019,-0.5686936995090611,0.8984538846626693,0.3086214452686139,0.45022362808872946,1.08699802239083,0.15211401797525664,-0.5595845100299136,-0.26749109020882766,-0.2731155983442056,-0.08731643715014853,-0.06532925326941415,-0.5479643785211052,0.18056717475994635,-0.1043713480679507,0.3197665810716083,-0.08156378616282033,-0.5296775018498041,-0.4086642190910593,-0.32639637090397566,-0.03323523649130313,-0.19371098624538322,-0.3491636938539732,0.3506427356406735,-0.6005269008587715,0.2976243665445654,0.4350724857534714,0.06054288262094147,0.4465608237906,0.4439532718760954,-0.07946491251959743,-0.08454813845990224,-0.7925036791002201,-0.3200705263423595,0.011705718824227935,-0.21406883854697517,-0.5683559897629109,1.360062352249231,-0.1901153325786608,-0.5677159971050288,1.474315334137095,-0.21067568318663757,-0.4562411368545856,0.27591457872290065,-0.28755451735660775,-0.46975723349548054,-0.6177920128439658,-0.36825225493656494,-0.17849593555043908,-0.29812186480374475,0.12660893542245336,-0.13350200621063937,-0.44620049250230875,0.2905229747087573,-0.037153920283880044,-0.510729365428155,1.778365279915669,0.5743214884766412,-0.23718665577729856,-0.1380774056153483,-0.22665280311806993,-0.1396374448053369,-0.504515633279492,1.0031499349585207,0.3472843190386742,-0.2709703903916016,-0.399908770739334,-0.31571223892317263,0.39587353186141505,-0.07970783872919214,-0.24821843691325127,-0.20225709484894516,1,27,train
2.568750659248511,2.9739174862891513,2.2648494404427333,1.3700733377698289,1.3658666809825615,1.4394686611236145,2.5885887542812247,1.4097600986082932,2.211665081985618,-2.4874647556200133,1.0744314254908272,2.1545399114884325,1.6791107704377677,2.4584249900615505,-4.609557451951415,2.1095363501662425,2.970523180971396,-4.627544094403825,2.3619319820761624,1.7507597980104364,3.241828114407024,4.628489982596657,4.071002833441014,-2.5971595079846055,1.7123368518939426,1.3237144246390722,4.9996133519100034,1.3058734565832797,2.284767834557981,3.425725038418037,2.14104583646442,1.6837084101668314,1.0642005168330495,4.710267475580701,-2.3757219208285996,3.1113470331876303,-5.667598819048976,3.7429643374195414,1.6309442228284985,1.4784611351868402,3.7919285352612113,2.7623222846949322,2.592096365366062,3.1319028367948376,0.9287528682116079,2.706794583751146,3.5153201880041394,3.800925567554196,1.6477439721317186,3.3859197865733366,1.0216812001680273,2.4864637418371154,1.9749447727823521,2.5162436415301395,1.7065171954867089,1.5819535292084745,1.3097995819299035,4.661699093213046,0.9348701672499236,4.954878926671829,2.0436003940424867,2.3156111889779436,3.9422997409953773,2.6827644356352573,-4.853877086516752,-5.500219641346481,1.1917650346431041,3.948708330850776,1.8082754401717154,3.428495927816753,2.9313111041301383,-2.7137026620248266,-3.0765737288673782,-5.465083190862801,3.9650597230523505,1.5643266154051563,-4.91754708126643,1.8885994992518895,1,27,train
1.5812138603412573,-0.8764668042582656,1.7799084338051332,2.2220542493195126,-0.16068620205598547,-0.5820141191901419,1.6685922983170993,-0.7287760607675192,2.024063482368054,2.0585181718454693,1.4734407681401098,2.0657322673347327,-0.9438755866147714,-1.0327470164001855,1.7876776776850827,2.1610531490529548,-0.7988208598391758,2.744009688363717,-1.4902883294917229,0.22149636636126244,0.7441102905944834,-1.51133238714951,2.0859148069092526,-1.2809596956283655,3.0929884924407833,-0.555359112869279,-1.3394979182050792,1.521603148358631,-0.462046473643057,2.344822048532009,-0.937211272108988,0.19100251703516033,-0.5803622310767248,-1.3260451677558889,-0.7732714497226648,0.5562238365757101,1.5418047066370182,1.7719100085235404,2.4290508636079085,1.9097166834554222,2.181580909486612,-0.8994838290727142,-0.4755065420416077,-0.9410291861216863,-0.3834608290325032,-1.8707072035315429,-0.79163897943035,1.4380812148345252,1.9063733709107658,2.0570154841090553,-1.1453296426313686,-0.6657790544404735,-0.7989712099118289,-1.204064791385523,1.2876253885895648,0.4178370788462573,1.0702399942419754,-1.4700175668786346,1.9102257073716782,-1.6856669736278476,-1.3878808734821824,-0.7220904851489588,-1.185418881677742,2.094482823218162,2.870585474006186,-1.7996410737265192,-1.1704669537196115,1.683908853807797,3.2323806834901196,-0.8147670614901725,-0.6587365256779245,1.8825910827305252,-0.4588661486716698,2.2754776311233713,1.8664855865776804,2.2349196164336407,1.9837317593174002,1.7219973802000301,1,27,train
-0.1966361526340145,-0.10356224654740108,-0.5382400553234841,-0.6516908888441025,0.025181514242121037,-0.2275288546150917,-0.03571768305529052,0.7037558386991959,-0.5583299654288234,-0.4444986649037036,-0.9251494848311469,-0.6095980127954818,0.3368313670634636,-0.2718505534533969,-0.23710042450984192,-0.638026257125085,0.10278016433165266,-0.5532920036711215,-0.08811029044744376,0.1768463391598267,-0.061947266134828996,-0.3354370781733889,-0.43786163707877745,-0.43649521424936233,-0.4236713021404815,-0.3737679726899005,-0.3927244213771107,-0.26211308363756786,-0.2692050581700389,-0.7013591047831614,-0.6412250116692372,-0.06488992178741182,0.2106466968888266,-0.2677306134046685,0.351853349138949,0.06068479238430741,-0.4754744019586873,-0.4741751569626001,-0.19246729953613828,-0.16815095820229087,-0.7161350159891504,-0.11548175086861548,-0.39694162473896655,0.20951658306377235,-0.20913292239379283,-0.32074380765163724,0.09169914280780643,-0.9060697490186925,-0.36886633996977236,-0.7761346607279885,-0.8293072280564567,0.0017547141830159508,-0.602173116545012,-0.13573297787933608,-0.3041634776195823,0.10084762287908086,-0.1830656535399904,-0.45559021565089947,-0.06917230052247085,-0.471656520377185,-0.12179477374800343,-0.06343025160040713,0.11666202613526284,-0.2794677543233908,-0.4320469661656521,-0.3326398960264924,-0.5502462261814557,-0.49984412107459797,-0.1457294285674909,-0.14178817338176206,0.18578264497045766,-0.24053135896938072,-0.3212989334962197,-0.6581784160153114,-0.7312378969357225,-0.38796429887938244,-0.5202720677970869,-0.45632532640303064,1,27,train
-0.03630331028269309,0.10066050244124201,-0.36427018747143025,-0.2899370890988004,0.4410986171059167,-0.46283372851404747,-0.3451409515180448,-0.40861133825060303,-0.45304335339855795,-0.2519589082306903,-0.09992561707922108,-0.5522430759462171,0.36967000690136703,-0.04805747611610612,-0.6511732446585226,-0.49635506018662595,0.1407994846280129,-0.2690418578060493,0.04758435849232521,-0.05012463244747164,-0.18921951193419412,-0.2443160394704423,-0.3699953797614523,0.20995690597870237,-0.4086642190910593,-0.5514114793871185,-0.4959440883245208,-0.26211308363756786,-0.3726809396433657,-0.7649416335999867,-0.3674377207624677,0.05772520514840401,0.04140757741712722,-0.5029116254827175,0.3329118542086188,-0.2954838956282632,-0.45516622301309295,-0.2373430476766465,-0.5070494791134239,-0.3200705263423595,-0.661546960878147,-0.11078712764583645,-0.5290735311115903,0.07145109076151733,-0.18694573427613878,-0.47403689076063893,-0.1551966056438522,-0.8462509046460427,-0.5680808768671467,-0.6007931208195071,0.49121500427442516,-0.13069246213116847,-0.34602321724217094,0.13449212788987588,-0.2880522542773844,0.1336396355653405,-0.3641960734991556,-0.4646207261959535,-0.8806025397834263,-0.366685691712654,-0.2558094583995321,-0.6041214880954869,0.09806087030936278,-0.659508088008771,-0.1322618732604928,-0.2820536485195949,-0.28058504029530085,-0.576388039781816,-0.44931775563149184,0.12478138619364729,0.09493795330708586,-0.5030680049860358,-0.580711396398497,-0.4271168989410973,-0.6185267540560088,-0.3392922262240893,-0.4480945738891305,-0.5104710150948849,1,27,train
-0.20231165147830907,-0.08471091587152633,-0.09026764560444546,-0.27641358256626575,0.8219750849299055,1.1995799260448088,0.012267743604708808,-0.34293652337533814,-0.012753884908356435,-0.11905535937675192,0.4018588592827558,0.01945613329322702,-0.2542641500187987,-0.060845651963951315,-0.3928525862171438,-0.6165609242556215,-0.31543235892830995,-0.4301169404629236,-0.22380493938721271,0.7163675011771752,0.07593100014781655,-0.4005235343897794,-0.5142111765607683,0.5593904844803589,-0.37865005299221494,-0.7093168186735346,-0.43899530656043245,-0.5462448728051039,-0.5796327025900192,-1.2620414043497108,-0.46363325540538675,-0.09154538416476309,0.4681844873892387,-0.3559234929339369,0.09046071910039223,-0.09417115892550591,-0.36377941775791833,-0.4703552842321815,-0.6934685484925561,-0.2808654764997611,-0.6524489516929798,0.15680639605256852,-0.6004961832049004,-0.06661440154073771,0.20608445523659016,-0.14190187735780196,0.40443375751324073,-0.745306604767196,-0.27100656745878143,-0.32855230885633835,-0.005391647200436394,-0.3320121701287288,-0.6115444543243842,-0.2991249022979293,-0.28483000960894483,-0.5222006181598523,-0.3963321157499753,-0.4315088541974221,-0.577340733190948,-0.6542144832720215,-0.17822200939075236,-0.392760368374683,0.7242997831146651,-0.5397693527380347,-0.3271221836488464,-0.14975115504001693,-0.12957477619905422,-0.4458131196342088,-0.5762728742218922,0.29084111183078754,-0.016094447614812983,-0.4802387314193701,-0.6042943475714313,-0.4106125048643677,-0.5648547812561451,-0.7340768155392453,-0.503615723049097,-0.23557751865931703,1,27,train
-0.17677190667898351,0.09908955821825245,1.1710138963229448,1.0996032071191357,-0.2825666717596618,-0.3390694766581032,0.46399262216263354,-0.5276469402120205,1.0152263089144185,0.8657940154639711,1.2890500870673351,1.153603755506105,-0.23374000012010904,-0.41252048777969397,0.17697239563883868,-0.04558306992789256,-0.03843445391197109,0.3799959752525324,-0.5102714204822806,0.18800884596018563,0.18729421522226103,-0.46994908768726257,-0.5014862533137698,-0.4190235353242795,0.34669229439652394,-0.555359112869279,-0.5172998814860539,0.7428715780476063,-0.5796327025900192,0.8130611270357658,-0.6856229507351999,-0.054227736836471314,-0.22348843566901092,-0.06684683225466838,-0.11789572513323995,0.06842758994979807,-0.48562849143148445,-0.5352931206492978,0.529906594307999,0.6796582446438987,-0.015588308731273754,0.14741714960701044,-0.4933622050649352,0.11172019268300838,-0.5926543169989558,-0.05248091221088434,-0.12227717251696439,-0.41256428294433095,-0.7882653650168762,0.022130770960624737,-0.38913315061282944,-0.5810128615993955,-0.6833913772995713,-0.38082086450722596,-0.5844987637738247,0.17189698369931009,0.5326916511373561,-0.47064106655932286,0.320150289021927,-0.3986333352192504,-0.29812988513159383,-0.7270058600261868,-0.2553610903827385,0.7044722876839632,0.4473226396894818,-0.41824739180739584,-0.29676471144847016,-0.7519887944630806,0.5111253154437111,-0.18985809396093423,0.15550108108266708,0.24649314378615325,-0.35667336025562113,0.05563662780324292,0.15971685154201481,1.1262779615075174,0.25147190552644677,0.2892191563540399,1,27,train
-0.798239030129238,0.2640387016321565,0.17286177952178597,-0.6111203692464985,-0.7594240094752958,-1.4758670492608505,-0.7968658300759696,2.240956974373364,0.4428499998771564,-0.3115951160497652,0.15247802012695402,0.4246410097444836,1.120853893193409,1.1987896690487998,0.021220233931536808,-0.07134146937124876,-0.988917461320977,-0.6906795741725731,0.37928238923398266,0.9433384727844736,0.44183870682099124,-0.4959836701738187,-0.713568307430411,-0.3141934617737825,-0.708805880079503,0.24601048400928258,-0.6347567438744861,-0.47258107561352053,-0.711329279010617,-0.4123476101612288,-0.08255094508920759,-1.184419341636165,-0.19405554532610667,-0.135441294110766,0.6890119588988266,-0.1986989260596299,-0.14377414584731288,-0.6613489207531118,-0.6643405689020667,-0.4621888320217785,-0.8662521675444097,-1.256275194003921,-0.6219229788328935,-0.45779996306379367,-0.34225605109971713,-0.5251345851303061,-0.8080986959937939,-0.06112857225501282,-0.1242169086922951,-0.5131223508652663,-1.1171133556157515,-0.4114804759172394,0.0007162805946016909,1.0205791026214779,-0.36538612631993406,-2.9269482151522257,0.31942518892737115,-0.6482411072787186,-0.7453641665732671,-0.366685691712654,-0.3298702051806401,-0.8203979826935188,-0.9002011590139409,-0.15452298708436177,-0.3870792022298782,-0.27816239871137205,0.30188312121879335,-0.7925120455433725,-1.0012965321114935,0.9113800865801011,0.9360925057457136,-0.5563363099749222,0.012792874787016389,-0.2373163670587071,-0.9620273799751364,-0.5502045410636932,-0.5813453318730499,-0.5937720746208147,1,27,train
0.8490745094272588,1.3448483270489753,0.19025876630699134,1.5357362927933784,0.8326396260289771,-0.8112071781826313,0.17773473208746512,-0.4496580975476436,0.5194220813537133,1.3173253032369667,0.8084251970579719,0.4856962651001524,-0.6893761278710197,-0.40612639985577137,0.6366312143359979,-0.10997906853628305,-0.0547284483246969,0.29472093149301076,-0.0956488820552087,-0.4482540416602736,-0.358915839666681,0.2329846394497544,-0.034905734257159274,-0.14530056549798182,0.3416899333800499,0.6684072666004456,-0.04747243193232521,-0.14635568805079385,0.2058433067756886,-0.4701499090856153,-0.3563382359959771,-0.36343110041374604,-0.3816902212621212,-0.07664604109125375,-0.6406809852103534,-0.9613644862604606,0.3605456313016135,0.06824677075684202,-0.14003693627325736,0.12588691561719684,-0.4977827955451369,-0.5333032176959495,0.3172848961941347,-0.2794653688400476,0.32018999412738247,1.1866381762535458,-0.18811603877074004,-0.2779718831058687,0.4244968157443324,0.022130770960624737,-0.45685223945031056,-0.0777135916054947,0.07568698282957956,-0.42481099800453953,0.12117281861444085,0.39597573705541755,0.01851497512424185,0.3661862439490165,0.30375775893584706,0.1764242478994845,0.657606418567466,0.29047673956000875,-0.4041703369899391,-0.024372187877039805,0.377372784678278,1.0526450357008539,-0.4909207652865016,-0.31974078293996744,0.15233911073171003,-0.1548981517215363,-0.39629630531707266,0.2959565698472622,0.7399338692858243,-0.03513753961876977,-0.4414092438164586,-0.05807580643795071,0.16263806687050045,0.05181113670514034,1,27,train
0.054504671226019916,0.843717119915305,0.48818216500363354,0.31016851328242506,0.3481647589568635,-0.5865979803699918,0.02550510268332931,-0.3183084677971138,0.4830503426523487,0.30521366196466676,1.0638516323145204,0.4819959465937482,-0.14753857054561245,-0.45088501532322955,-0.35486425409341166,-0.3890283958393085,-0.02214045949924527,-0.3448418967034019,-0.5555029701288702,-0.18407471405177886,-0.19452252217583435,0.016029785395119536,-0.5439026641370981,0.07600736755306733,-0.2685981106297856,-0.2277055338499656,-0.2503524669668899,-0.2200194852423773,-0.18454297332822608,-0.4932708286553699,-0.3045406404190207,0.04173192772199325,-0.5141382278051904,0.021346047274599975,0.08288412112826016,-0.31871228832473525,-0.3367018458304592,-0.5391129933797164,-0.256548854635215,0.3317134272908382,-0.520527818508055,0.21783649794869597,-0.3005210444129979,-0.1644107919215017,-0.07600979368786853,0.06248890012086691,-0.3307669156539206,-0.6817490826212554,-0.4876960637331184,-0.32855230885633835,0.0341111546214276,0.06532935881382447,-0.3616421135411247,-0.3745365597218955,-0.313830211624901,0.07352094564053116,0.027279350283556294,-0.5278343000113317,-0.4912799502390285,0.016686030366502586,0.3402032180770034,0.005384996680784842,-0.44757303391703923,-0.2690556903868051,-0.5219824940371999,-0.1964461527386915,-0.571819121052348,-0.5493725390616213,-0.3058032737466914,-0.06312830334311667,-0.07665757539039417,-0.4840436103471477,-0.22696712880448242,-0.35697322411499655,-0.22135415533701744,0.012228298508583924,-0.3537086203171875,-0.3688592139008045,1,27,train
-0.3371047490303049,0.24518737095628174,-1.3515491875318357,-0.5502645898500925,-0.5232805994244227,-0.10223664903253084,-1.0136275849883805,2.243009312338216,-1.2493930007547485,-0.2638861497945053,-1.4193769660671904,-1.421817924951197,0.20547680771184978,-2.0302247325321106,0.02881790035628324,0.0016406623849271266,-1.6406772378300098,-0.4538044526183463,-2.4552280552856356,0.23637970876174103,0.733504270111203,-0.7910422716881221,-0.4633114835727744,-0.4248474282993071,-0.07850839200377127,0.2578533844557638,-0.538655674647587,0.7113013792512134,0.03651913709206295,0.1367742296204433,-0.23794373182007675,-0.7899184984513663,0.4129978179962932,-0.6890965933778396,0.2457809775290999,0.05294199481881674,-0.12685066339265091,-0.33665973866753024,0.285231565747888,0.8021740254020185,-0.042882336286775444,-0.7868128717260173,-0.5754982549722418,0.0944620061452265,0.2758156178920743,-0.4314554787859162,0.09718571499562106,-0.19572097209347508,-0.28848152683574413,0.27591457872290065,-1.2581947906938373,0.3090321632319238,-0.3991274646586136,-2.3289553479596843,-0.05927288281817502,-0.456616592787333,0.37785435665613415,-0.39237664183552134,0.1726175182472078,-1.0056385618445818,-0.5273655299302613,0.22657686615604475,0.08566009975876274,0.7773567352400634,-0.42705054795056613,-0.4260298914238416,-2.7668611741656477,-0.45031570308757457,0.058502718730109725,0.19470127067244317,0.1891472631802122,0.06005407632505041,-0.093330405491188,-0.20843367742443034,0.06847449778224653,1.4940225104586216,-0.3537086203171875,0.6682389771970199,1,27,train
0.12828615620184924,0.16821110402979317,0.15981403943288192,0.18507607785647948,1.6111511262612104,-0.1480752608310287,1.1357885954026241,-0.47223381516101587,0.5175077793167994,0.4568600189903144,-1.4843671241502174,0.5578524759750337,0.11106571817787732,-0.6235253892691396,-0.1839167595366169,-0.5564579922211237,-0.3588830106955788,-0.20745432620195028,-0.07303310723191388,-0.08733298844866809,-0.04073522516826814,-0.4873054760116333,-0.6244938447014217,-0.11035720764781615,-0.6587822699147624,-0.12111942983163478,-0.19696298406305707,-0.8987787593648248,0.45982956130112707,-0.626216116181459,0.8794044013399824,-0.5553504295306751,0.3210200356747175,-0.5127108343193029,0.35564164812501503,0.24264053517333806,-0.36039472126698596,-0.4932745206146931,-0.5420030546220111,-1.5795327525358316,-0.11566640976811328,0.20375262828035887,-0.39694162473896655,0.2382802272934088,-1.7971016719573187,-0.36332521962635994,-0.10581745595352049,-0.4462123829039465,-0.7253555112598106,0.1697868045677671,-0.016678162006683248,0.012350488288150704,-0.34602321724217094,-0.5127912649991667,-0.3976085730043298,-0.057647105104507386,0.08862997639875742,-0.40140715238057534,-0.8027380218745468,-0.4077612333639922,-0.3792440363680454,0.7820142272828086,-0.12515299960143805,-0.446060777308763,-0.2221974011320406,-0.04468741021799909,0.6632291103062407,-0.49083895416786644,-0.47691669445549195,-0.03690834666356821,-0.039646775083094554,-0.8455071084860206,0.3154407481730067,-0.27445125373134865,-0.5111828084562814,-1.5831340829704712,-0.5091678379650936,-2.0307153514431016,1,27,train
1.487568129410397,0.6457781478186201,0.783930940352125,1.4714996367638389,0.19733767769856397,-0.33601356920487,1.0331990625433152,0.9233560009383628,0.9156826029948946,1.3394758947126233,-0.059117843399180796,1.0333434040479694,-0.2009013602822056,0.7575976022981407,0.6708207132473569,0.6928243807816516,0.9011858905552177,0.5410710579094067,0.8843680269542338,-0.20267889205237707,0.5213838604455945,0.26769741609849595,0.7540395070567458,1.0078302435574849,0.30667340626473144,-0.05400966063490795,0.13049251108045082,-0.9408723577600153,-0.6407775416424397,-0.1233361155392961,-0.4155354880839272,0.2549756267408034,-0.14990620981175032,0.4329128184111857,-0.026976549467654997,-0.18708472971139392,0.8377878365230808,0.6068488257458655,0.42504586778223713,-0.594505875240548,-0.07927437302744436,1.180234258618398,-0.4255106855762906,-0.1529053342296471,-0.3295776578896291,0.48404487867062146,-0.012545728760671665,0.5781853269776829,1.0675753208165584,0.3681995997273646,1.0611840019898913,-0.12009668802603371,-0.1585964616547263,0.7754912159935881,-0.3234969456302197,0.0789862810882411,0.3486397727917527,0.38123709485743984,-0.6224201909276678,0.2905229747087573,-0.31223669404228105,-0.19614537328556308,-0.07554991739903785,0.15783893101321095,0.5922187679269755,0.5312175613989876,-0.2374392505535161,0.6303043257202086,0.3400118947349106,-0.2510379928798806,-0.2448884858781197,-0.3622874846582642,-0.038303519421007945,0.6662992086422374,0.041638511382314676,-0.9341731142332285,0.28478459502242665,-0.32720868413783966,1,27,train
0.6986737900534528,-0.606264397904061,0.7795816936558236,1.337955009755059,0.40605798206610977,-0.41699511671554956,0.988522975652971,-0.5276469402120205,0.9367399254009477,1.135008896475795,0.8567899658639455,0.9112328933366319,-0.2009013602822056,-0.40612639985577137,0.3327245573461406,0.5039294515303729,-0.630449584241009,0.024683292921192073,-0.5102714204822806,0.08010461355671593,0.2138092664304621,-0.7302949125528244,-0.0942887094098188,-0.6869226121755495,0.1966214639023021,0.21442941615199937,-0.6098416518526975,-0.18318758664658558,0.15880881519690368,-0.12911634543173475,-0.1047499146221889,0.19100251703516033,-0.19773465661896972,-0.4343171636266199,-0.06107124034224935,0.2465119339560834,0.3165445769194924,0.022408297991818735,0.24445239432120283,0.2925083774482398,0.330136040305081,-0.3549075352303462,-0.7183435591588622,0.11747292152893568,0.3075116009172944,-0.7422997862013918,-0.4843909369127304,0.0061676276642183055,0.323142051357949,0.5573838927865158,-0.7220853373971117,0.07592513291895922,-0.3491469965019617,-0.5127912649991667,-0.14949573353448295,0.013402255715721827,0.09447289317163371,-0.8077801269080063,0.21769697598392754,-0.7089818721404725,-0.6754870234924772,0.11352324397980079,-0.34216648423693885,0.0953665473936964,0.27244800216147225,-0.8034811228214612,-0.28597826401302395,-0.081103859911582,0.23513592720371027,-0.20733806508063318,-0.2549823405073832,0.07907847096393845,-0.1601487671478352,0.3815984108186521,0.07920889234221927,0.3096687425131535,0.1293253773745206,0.42666590457182385,1,27,train
2.398485693919674,0.416420291262144,2.086530325894378,2.67678215647599,0.33292970024390395,0.09486938170101004,2.110389157566059,2.684261974781402,1.989606045703603,2.300470786425716,1.824085341983419,2.0453805155495095,0.254734767468705,4.485350861945013,2.2473364963822418,3.766660047688824,4.7411372404876015,3.12300988285048,4.766742704953179,0.4410256667683215,0.9244126388102507,0.4542785905854819,3.557764262478742,4.921486322776038,3.728288341532989,0.0565240768655833,0.16964479854326153,2.589728207636591,0.3657605781435573,2.7667788306800305,0.25043359790551206,0.836064706567061,0.12234802586011388,0.4966076758489906,0.4351959268324019,0.3007115169145181,2.834758766173192,3.162343682395913,3.967008185985749,2.7330227301499876,2.850284584596403,5.086160779970554,-0.45765087901828017,0.3360766176741728,0.12367489937101796,0.4542378902883156,0.4538129072035725,2.929813646377482,3.839103878002836,2.5645830996336074,5.547573637473016,0.47326666186151245,0.11317233394706849,4.61520143983053,2.930970169493745,0.37411439526457785,1.1140618700385476,0.2909319894068996,2.9634457654023123,0.28595902563638637,0.27319587575123905,0.3445458632095167,0.6622959303616649,2.5422015724913494,3.2253311672772913,0.3911325683029638,3.9800616967059437,3.3453621480997637,4.016190546091722,0.42631088800845457,0.2598042455850569,2.674005899708268,0.15429058182462224,3.129580024594127,2.896987464335063,3.029896803136763,3.2995829944086053,2.984008432017865,1,27,train
-0.261904389343402,0.5012512793035804,-0.3077299804195127,-0.23922393960179542,1.1921870116548225,-0.5636786744707428,-0.3401769418635621,-0.4927571948095361,-0.32095651285149746,-0.36952743221686657,0.8673697590402523,-0.42273192822207123,0.254734767468705,0.27164692008002356,-0.4270420851285028,-0.47488972731716245,0.08648616991892684,-0.3448418967034019,-0.0956488820552087,-0.3515123160571628,-0.28467369628371797,-0.2443160394704423,-0.4930029711491042,0.07018347457803972,-0.5837468546676514,-0.5790449137622413,-0.23967457038612333,-0.514674674008711,-0.3350533463803378,-0.4239080699461061,-0.4488339423833992,-0.20882941862510868,-0.2455631034261891,-0.0962444587644245,0.29124056536189236,-0.2528985090180646,-0.23854564759341984,-0.5123738842667861,-0.6235613974753815,-0.39357999479723144,-0.8889971905073277,0.12394403349311527,0.03516542042555971,0.12897837922079025,0.5832666532367091,-0.6912020918317247,0.1026722871834357,-0.6742717270746742,-0.6694356412535301,-0.4669798403630343,-0.011034904603559822,-0.49624666875831747,-0.7083816113778973,0.12820782310454537,-0.4266087750202858,-0.035785763313667625,-0.0808146100146552,-0.4646207261959535,-1.0445278406442253,0.08514526645206627,0.09333406213997684,-0.6286983624816269,0.38327859297316386,-0.5449753847063277,-0.5769430944031457,-0.39100864314983563,-0.3506969486257011,-0.49083895416786644,-0.8246633236378931,0.6710304836842401,0.3136381369411291,-0.8949705345471295,-0.8558458267493972,-0.29508174632726064,-0.548753189416186,-0.5880605975733657,-0.9200243417488453,-0.7312188228385986,1,27,train
0.06159904478138812,-0.1695419039129627,0.3859748676405519,-0.026228711714374544,0.31617113565964844,-0.27642337386682275,0.13636798496677605,-0.38193094470752664,-0.06826864397886011,0.024071539389027875,-0.2525769186230755,0.002804700014408258,-0.0654419709508538,-0.175939234594558,-0.5751965804110583,-0.6637846565684412,-0.04386578538287969,-0.8138546373807711,-0.14841902330956327,0.03173375075516055,0.09184003087273719,-0.2746897190380912,-0.5269360998077668,-0.017174920047374413,-0.8038507393925102,-0.2277055338499656,-0.3571314327745555,-0.861946860769033,-0.16102572753883362,-0.7186997944604774,-0.6301255269027466,0.19100251703516033,-0.15358532110461334,-0.3412246796790588,0.06015432721186392,0.19231235099764873,-0.3773182037216479,-0.40541744781506517,-0.5245262668677175,-0.6337109250831463,-0.6160569149523109,0.12394403349311527,-0.4862199398556042,0.008171073456317103,-0.06967059708282451,-0.2185484189123028,0.11364543155906497,-0.8911150379255302,-0.7463254625121658,-0.4023803256599095,-0.011034904603559822,-0.19956499381454437,-0.8052187684314105,-0.06032132045536994,-0.2880522542773844,-0.2106764976403857,-0.49566170088887235,-0.4315088541974221,-0.6306164559707077,-0.3210462009889449,-0.31576339626995287,-0.407506493006367,0.4948855279285642,-0.6438899921038923,-0.501996821176856,-0.24314115043736612,0.2910966737833472,-0.6934552095693257,-0.7253071438714928,0.2165512345720669,0.27999195484358397,-0.6286290096026969,-0.38418680329071114,-0.4890083767288332,-0.5970579649360633,-0.8422369769954524,-0.17604094300529488,-0.4021796377111764,1,27,train
1.5613496143862262,-1.1435273221664912,1.7233682267532155,1.610115578722319,0.5355559811262659,-0.271839512686973,1.579240124536411,2.4933945440501635,1.6852320218342902,1.4178549107034073,1.3117210724451354,1.7974591756204306,-0.15985306048482625,3.666907607682921,1.0658993673341715,1.2852675679788441,3.2855404062840954,1.4222465100911308,3.590722414141848,0.06522127115623735,-2.4376958543896445,-1.9061902215289452,1.7253753149109625,2.9937777480418997,1.8073817112069497,0.23021995008064097,-1.7950881723177858,1.3479670549784701,0.24347090003871652,2.0500303240176376,0.13203909372961173,1.4757958036234915,-0.3448991083334909,-1.669017477036377,-0.0648595393283154,0.36652529622118873,1.169488092634455,1.5618170083505172,1.6717233942551837,1.5176661850294386,1.5583672803026567,3.006442692279442,-0.971893974090113,-0.1529053342296471,0.45331312283330677,-1.5981861668933177,-0.4075789262833254,1.340875592728969,1.2143649795830447,1.701718153241869,2.883956143198758,0.706373692174477,0.06631564505020733,3.8925063895175214,1.1104019318253886,-0.549527295398402,0.9475387420115732,-1.6265464163262375,1.1028936006322425,-2.128370033647826,-1.3984609801651977,0.3003074893144647,-0.5281780424959396,1.6311459780400956,1.4366134462765074,-1.3871685940548937,2.728833794194186,1.4677848480462405,1.8358743789957155,-0.17237812284123524,-0.332368559331737,0.9199567140027901,0.24469189465420377,1.1201700457523007,1.716204062738062,1.6833027930069842,1.2286441307418563,1.3679678772148292,1,27,train
-0.8110089025289009,-0.2103864537106913,-0.5708594055457442,-0.3575546217614737,-0.7167658450790091,1.2912571496418046,-0.7190963454890741,0.8186867647309094,-0.5334440389489424,-0.32522624926555377,0.21293398113442108,-0.6484513571127255,-0.39382836932988846,-0.26545646552947433,-0.24469809093458836,-0.2044265331619224,-0.23939371833558948,-0.292729369961472,-0.3821153631502765,-0.623133314865897,0.1713851844973404,-0.21828145698388612,-0.14094676131547984,-0.43649521424936233,-0.3586406089263187,-0.10138126242083277,-0.21120017950407916,-0.7356660655834614,-0.15632227838095514,-0.5048312884402473,-0.3452387512294864,-0.46472185744768085,0.12602713715297692,-0.30202784433271734,-0.10274252918897579,-0.1715991345804126,-0.36377941775791833,-0.16094559306827436,-0.3148048138161938,-0.6288102938528215,-0.2521365475456217,-0.7023096537159947,-0.6147807136235625,-0.22193808038077464,-0.3359168544946731,-0.3888740668111935,0.0423199931174747,-0.2630171720127062,-0.3723613318451649,-0.21319603260075837,-0.3778466358065826,-0.3055227348658919,-0.07113064238058543,-0.3431150357952429,-0.4846091790521981,1.0299546489897706,-0.060364401309588166,-0.25390881347802635,-0.37653223963646915,-0.4123251824363631,-0.2875497784485784,-0.24038374718061506,-0.1995576229050383,-0.18575917889411903,-0.08729410932471891,-0.20811990216336015,0.1454796334048236,-0.3017304491265044,-0.10709091421389079,-0.4695376318761178,-0.6385488164193974,-0.42697042643048355,-0.06581696245609797,-0.4064864063451853,-0.26965893085689474,-0.5285725087724518,-0.37036496506517746,-0.5729468097393322,1,27,train
-0.45061472591619617,0.10066050244124201,-1.436359498109712,-0.5367410833175579,0.3222651591448323,-0.487280988139913,-1.026864944067001,-0.4927571948095361,-1.2551359068654901,-0.5382127057622499,-0.37651163868838305,-1.316358847518678,0.4517666064961257,0.32279962347140434,-0.24089925772221515,0.1476049258972789,0.8088532555497714,-0.11270427758025953,0.5451314046048114,0.06150043555611771,0.19790023570554147,-0.37014985482213053,-0.06883886291582186,-0.017174920047374413,0.036545911375132134,-0.5277256784941562,-0.4176395133988993,-0.3673470796255442,-0.6313706433266827,0.37954388510286674,-0.7818184853781188,-0.011578997032709286,0.1113106919815248,-0.47841360339125405,0.2874522663758263,0.0839131850807794,-0.11669657391985375,-0.14184622941618133,0.2794059698297901,-0.3298717888030091,0.07084277852781493,0.4103160500826364,-0.7504837526008517,0.6754876195838831,-0.34225605109971713,-0.47403689076063893,0.475759195954831,-0.15085683881398768,-0.43527118560223044,0.19747231086910627,0.21469539152137726,-0.6551832803353388,-0.6459060261820825,0.7126481681402829,-0.20105164822951604,0.270273021758089,0.13829476896820594,-0.5729868527366018,-0.4421023599807888,-0.4351449277982177,-0.1958555205291114,-0.4812371161647869,0.8235059475194655,0.30881385809370443,-0.10727978218506286,-0.3365311458347153,0.2910966737833472,-0.09461161027167929,-0.06845239986029067,0.5530406786262722,0.14204260824364903,-0.38511675822492986,-0.4392136893608912,0.001997347053871787,0.05237290594228742,-0.39337230695219283,0.0571478834665642,-0.12312108829931197,1,27,train
1.4166243938567151,1.8931078608723324,1.401523971226916,0.6820649429271282,1.8290124658565319,-0.4750573583269802,1.5974414932695142,-0.6897816394353307,1.2717427818608835,0.7397060332179269,1.1877863523798278,1.414476210207599,-0.04491782105216414,-0.7130426202040558,0.4694825529915764,0.15189799247117158,-1.1247007480936921,0.37052097039036336,-0.7288905771074639,-0.3887206720583593,-1.1225493144628718,1.7516686178321983,1.2206200261133566,-0.38990407044914144,0.19161910288582804,0.5460306286534731,1.9065826423479555,0.9059842718289696,1.659209096560142,0.70901698897187,1.8561590607911602,-0.9445201802400037,-0.4295186680693406,1.7460068025136255,-0.17472020992423054,-0.5935816018996539,0.3639303277925459,1.0270348260919122,0.2211500106488113,0.9393916998511128,1.0898198072665446,-0.9135676987410513,2.1278491267595463,-0.4462945053719391,1.407362211892431,0.5053355846579828,-0.3033340547148474,1.1277709596514038,0.27421216510245355,1.3233495671235667,-0.2536949729378672,1.9513771495278105,1.3376938037850403,-1.0218199526109382,0.8784003156977396,0.34678771802602815,0.5940422772525572,1.476939040990661,0.18081378329024775,1.8879051500385764,1.4334809086552638,2.138657693397736,-0.47857496029353935,1.2511056443547155,0.5522474222062876,0.7335625514265776,-0.8468735306562257,1.1886246739375632,0.014344416611709586,-0.40835773295717137,-0.4635886695121629,0.21985899129171,0.7910302634938486,0.40635500193374646,1.2170547156993297,0.9207736547407238,0.20705498619847362,1.247181340902231,1,27,train
0.25030938135418235,0.1540726060228871,0.9905201584264389,0.5113306729538781,-0.07536987326341199,-0.024311008975084435,0.606294232257804,-0.47839082905557195,0.83528191744451,0.6272491841876714,0.014940708834966388,0.9722881486923007,0.11106571817787732,-0.553190422105991,-0.3244735883944259,-0.3976145289870939,-0.3317263533410358,0.17154586828481275,-0.3821153631502765,0.20289218836066422,0.41532365561279017,-0.3441152723355743,-0.24274614729146762,0.11677461837826061,-0.2836051936792078,-0.31850110393965486,-0.31441984645148924,-0.5936001709996933,-0.1751360750124691,0.03273009155654755,-0.6190260421362559,0.1163672223785768,0.24375869852459386,-0.292228635496132,0.17759159577991115,0.056813393601562075,-0.1776211107566368,-0.18768470218120462,-0.3381071974885853,-0.6680153436954198,-0.34311663939729403,-0.23284733143809133,-0.5040756028789317,0.2555384138311907,-0.291542478259365,-0.05673905340835661,0.30567545813257724,-0.6256689160218962,-0.5680808768671467,0.08673028566374952,-0.2536949729378672,0.028244149445852833,-0.5615639861677323,-0.8207221994803617,-0.42338653035184626,0.1609663128038902,-0.115872110651913,-0.4766614069226922,-0.4789855526744686,-0.3484298954231704,-0.1500083915693779,-0.45174486690141896,0.426681289900264,0.06413035558393913,-0.06231201824928897,-0.04857866002622197,0.010649040461746239,-0.07660127645821624,-0.2395658205690912,0.15100134287319575,0.004093261643714081,-0.5258972785527014,-0.24661958811526102,0.12165420411016123,-0.16768218253715372,-0.8260129527770214,-0.04279018502137541,-0.33137373711413615,1,27,train
0.10700303553574463,0.8154401239014929,-0.49039834166416923,-0.1597733387231543,0.13639744284672575,-0.04875826860094997,-0.030753673400807834,-0.5173852503877604,-0.43581463506633267,-0.013414076954390645,-0.7332018086324388,-0.6243992868210985,0.09875122823866352,0.28443509592786875,-0.3510654208810384,-0.7067153223073682,0.28744543434254527,-0.7096295838969112,0.4018981640572775,0.18428801036006598,-0.4013399215998027,-0.4092017285519648,-0.8705090274767254,0.110950725403233,-0.6687869919477105,-0.31850110393965486,-0.4283174099796659,-0.4147023778201335,-0.5090809652218419,-0.6088754265041431,-0.30824046867451754,-0.35276891546280553,0.12234802586011388,-0.10604366760100987,0.2382043795569678,-0.06319996866354326,-0.44501213354029573,-0.5123738842667861,-0.3847119648333684,-0.6729159749257446,-0.5569198552487239,-0.11078712764583645,-0.4183684203669596,0.28430205806082715,-0.22815051220892488,-0.21003213651735828,0.00940055999058688,-0.9546725600714706,-0.5541009093655765,-0.670006886572855,0.062327441637044734,-0.30022484781332454,-0.45535549133484704,0.34815849059111326,-0.5651652957631873,0.035263597506561585,-0.26486648836025856,-0.2960511960216118,-0.46259302258838864,-0.40319728429162127,-0.7072273435415235,-0.7466673595350989,-0.1375537701520381,-0.4564728412453487,-0.6369001129841776,-0.2937273979442636,0.4205340430087014,-0.6799474592092285,-0.5817926619866923,0.06797148005462562,-0.03291753866358554,-0.49165336820270295,-0.25841106370172817,-0.6499262189769466,-0.5970579649360633,-0.17705198403977856,-0.39257342472916407,-0.2980533133037643,1,27,train
0.3269286157521589,0.8609975063681902,-0.5534624187605388,0.5806386439331181,1.3018794343881313,-0.559094813290893,-0.0770844301759796,-0.49480953277438816,-0.0969831745325689,0.3086214452686139,1.0396692479115335,-0.29692109900432945,-0.05723231099137793,0.2460705683843332,-0.30927825554493305,-0.3976145289870939,0.3580527434643571,-0.5769795158265443,0.20589478225538901,-0.3403498092568039,-0.2528556348338767,-0.14017770952421757,-0.5820774338780935,0.01776843780279124,-0.6537799088982883,0.38023002240273623,-0.4318767088399214,-0.9093021589636223,-0.24568781238064646,-0.8285241624168118,-0.49693170970485867,-0.4487285800212701,-0.21245110179042181,-0.6939961977961322,0.05257772923973184,-0.3148408895419899,-0.28931609495740573,-0.688088029866042,-0.7051197403287518,-0.5749033503192488,-0.6433509425078126,0.0018838297008603763,0.28157357014747963,0.3360766176741728,0.6720154057073253,0.08377960610822825,0.21240373093972842,-0.6443623048883493,-0.5226459824870437,-0.25933854310299037,-0.3609168635972123,-0.9995459387522183,-0.19920559203200597,0.15962934703119794,-0.13982899952916425,0.42330241429396726,-0.13047940258410373,-0.15758336766411676,-0.24539199894782987,-0.521859960173265,0.421317369313455,-0.45174486690141896,0.5754905365074645,-0.3523522018794911,-0.3571006929393623,-0.1380774056153483,-0.6149649107941327,-0.5268596217947925,-0.4548375433962919,0.22529122013191638,-0.12376223032695731,-0.31662893752493293,0.11891615506522078,-0.3074600418848078,-0.752706686055668,-0.9341731142332285,-0.49251149321710364,-0.22724741270672405,1,27,train
0.8192781404947124,-0.60940628635004,-0.24249127997499256,0.844347021317544,0.3344532061151999,0.253776569269136,0.058598500379880576,1.9495249833643764,0.07721831082659779,0.6033947010600413,0.33384590314935525,-0.03789880355603761,0.19726714775237392,0.642504019667534,-0.07754942959016684,-0.3890283958393085,0.3417587490516313,-0.09375426785592138,-0.03534014919308916,0.23637970876174103,-0.905125894555623,-0.17922958325405183,-0.3318206100204569,0.9030001700069878,-0.548730327552333,0.18679598177687656,-0.4176395133988993,-0.9303489581612177,-0.33975679553821625,-0.7476009439226707,-0.35263840774048016,0.6388142849746616,0.137064471031566,-0.2775298222412539,0.162438399835647,-0.028357379618835256,0.042384161153968675,-0.3061007568241814,-0.7109453362468497,-0.5062945130947016,-0.6206059195448945,1.5041632609901512,-0.7433414873915206,0.07720381960744463,0.03809574520292375,-0.8104300453609481,0.22886344750317233,-0.39387089407787784,-0.022862144305911675,-0.13013951369674082,1.1909789222617302,-0.43796991118007633,-0.24293850166907638,0.45499167194173196,-0.12049553151852684,0.24294634451953928,-0.18014419515355226,-0.7987496163629523,-0.23309760138326993,-0.19325562696255935,-0.4850451031981996,-0.16173774914496708,0.2902728138436635,-0.14931695511606888,-0.29214725614324444,-0.7178736270405578,0.8627783878619952,-0.5538751225149872,-0.9074601401098933,0.07671146561447512,0.33719046440941064,-0.4764338524915925,-0.022581551972385074,-0.4436212930178268,-0.650729937735927,-0.4312283634618653,-0.38146919489717074,-0.17310172401486978,1,27,train
0.38368360419510456,-0.5936968441201445,0.4990552817443869,-0.16653509198942162,0.6300133451466151,-0.24892020678772403,0.7982359388978013,-0.5071235605635003,0.2456768900750227,-0.0491958016458356,-0.6530976602975449,0.3173317730587627,0.18495265781316012,0.08621837028626834,-0.5296105818625796,-0.8140419866546856,-0.09274776862105713,-0.5911920231197979,-0.5479643785211052,-0.10965800204938596,0.7441102905944834,-0.6912430388229901,-0.42937835491411186,-0.05211827789754007,-0.5587350495852811,-0.5474638459049581,-0.7771286982847069,-0.9619191569576105,-0.38679128711700117,-0.6724579553209682,-0.08995060160020137,-0.4860462273495619,-0.08368220654021578,-0.8213859126717421,0.07909582214219411,-0.03222877840158059,-0.4179345616128366,-0.5009142660755304,-1.1129114545956036,-0.8738418553690612,-0.28852858428629063,-0.13895486698251067,-0.6433497744608865,0.1002147349911538,-0.3644432392173712,-0.19725771292494146,-0.1497100334560376,-0.40882560517104033,-0.557595901240969,-0.23626728785187437,-0.22547868592225007,0.07592513291895922,-0.23356716388970417,-0.2299975496592937,-0.5844987637738247,-0.06311244055221732,-0.2561021132009441,-0.7295157021842048,-0.37653223963646915,-0.6405226360549088,-0.0653675381052545,-0.23055299742615906,-0.10035145850023795,-0.4356487133721772,-0.6568857858445216,-0.19255490293046865,0.24795088404156243,-0.42780278582074577,-0.797064384813893,-0.028168361103718724,-0.03291753866358554,-0.4764338524915925,-0.38811729515286686,-0.6994394012071353,-0.38237007373660853,-0.9774371788157113,-0.6701791705289963,-0.9727918954637946,1,27,train
-0.589664447601413,-0.8843215253732134,-0.7948456104052635,-0.36093549839460737,-0.4714813998003603,0.20182614256417175,-0.6496002103263164,-0.5727983754387651,-0.663616577459089,-0.41212472351620577,-0.16340437613706152,-0.7483599567856382,0.04538843850207039,0.5146222611890822,-0.40045025264189027,-0.5650441253689091,0.7708339352534112,-0.4490669501872617,0.2737421067252735,0.13591714755851061,0.45244472730427165,0.08111624161150999,-0.3699953797614523,0.44291262497980666,-0.32862644282747433,-0.29481530304669246,-0.21475947836433468,-0.26211308363756786,-0.31153610059094533,-0.5106115183326859,-0.37853720552895836,0.24431344178986286,-0.13886887593316122,0.10953892680386834,-0.08001273527257956,-0.1483707418839406,-0.16408232479290724,-0.27554177498083254,-0.355583985242879,-0.7219222872289925,-0.5068808047303042,0.5182923842065541,0.11373033772820085,0.12322565037486297,-0.13940175973830868,-0.009899500236161657,-0.10581745595352049,-0.3153586608387749,-0.1556718355708279,-0.3423950620070079,0.5815071227244,-0.4432677982326437,-0.47409816689359147,0.5241190245803676,-0.2880522542773844,0.17189698369931009,-0.32913857286189785,-0.20875626075275622,-0.2003125412111101,0.19468004418896814,-0.05478743142223908,-0.1666531240221951,-0.1933572376297383,-0.5449753847063277,-0.40206845687513615,0.1420925805766993,0.1400864096871005,-0.29722786567313864,-0.44931775563149184,0.03301153781522768,-0.07665757539039417,-0.18345817505271658,-0.1994536857693924,-0.2868295492888958,-0.28576052269685387,-0.5231645006996414,-0.19269728775328482,-0.2855581543748748,1,27,train
2.6184112741360885,2.8733770560178193,1.181887013063698,2.3048857268312872,2.8208147880701984,0.7182745021605812,2.7441277234550157,-0.6610489079274023,1.9226054744116163,2.118154379664544,0.8023796009572252,1.9972763749662554,1.3219905622005677,-1.1094760714872567,2.235939996745122,4.26894883683427,-1.4342866419354827,2.50713456680949,-0.7364291687152288,1.6130888808060095,-1.8225466663593797,3.9125389642163615,3.850437497159707,-1.1877774080279238,2.8428704416170802,4.102848396079995,5.177578294922779,0.3271972938950997,4.2978440741299755,1.5124689440208428,5.289599681892269,-1.4403117804587373,0.3946022615319781,2.4074533989831384,1.120878043310355,1.36921758095223,2.74675665740895,3.4297347735252157,1.6251186269104005,0.9050872812388392,3.4143611540767713,-1.3501676584595015,5.4882849077497875,0.8653276714994839,1.3122742628167707,4.652765110995973,1.4688287619492801,4.171054667109967,3.5210596173421154,3.187506991413739,-1.1791891870501092,2.565932047625626,4.755108313996115,-1.266907839238828,1.1426243785097843,-0.554992630846112,1.257213330974017,4.610526200124406,0.6930803484802449,4.393513190770207,1.3876337796955305,4.7732986275919425,1.8279683621180693,0.9179195983839712,2.900563983296702,3.967191142059793,-0.34530372490797806,1.990084528636669,3.3317368632565203,1.8465585414839962,1.5080776014039803,0.7525420411805753,4.116226378877586,3.707233817279662,1.9577279403374486,1.0505658484881724,1.406311808053749,1.555395261148171,1,27,train
1.8607321784227644,1.8569761437435726,1.1079498192265753,0.5738768906668509,0.5264149458984902,1.743531452720317,1.6206068716571,1.3440852837330284,1.4344584549985668,-2.444867464320674,0.010406511759406357,1.3904241399159718,0.7678385149359466,2.0492033629305046,-3.0672311677278885,0.1003811935844592,1.7810615888424115,-3.3057809161312384,1.004985492678473,1.0140343491867467,2.0062267281048545,1.8210941711296815,1.7635500846519578,-2.498153327409136,-0.2035674174156228,0.18679598177687656,1.739295595915946,-0.7777596639786519,0.3798709256171927,1.3448422771401218,0.14313857849610237,0.836064706567061,0.1113106919815248,1.5402234169453328,-2.8151646032122604,2.491923227948377,-4.381414152494667,1.5770964992721914,-0.15751372402755098,-0.7170216559986677,1.767621491561503,1.8750384955896948,0.2565756419148211,2.125175288757561,-0.22815051220892488,0.5010774434605105,2.708794076395388,1.6773565923251248,-0.2535316080818188,1.5955903790867354,0.2259819063276241,0.0017547141830159508,0.13816256802539445,1.4416275232386222,-0.46849795571000025,2.1120910676363387,0.9679889507166402,1.8923425260631461,-0.06917230052247085,2.1526141962360894,-0.21701573389514223,0.17250774250653678,2.900635014744973,1.230281516481544,-3.7346794063374906,-3.328902248358112,-0.027103525562315427,1.1886246739375632,-0.22300645727469115,2.5894573140712027,2.6688708837692867,-0.46501921570825966,-1.417906163037665,-3.6165910542690884,1.4049066204988525,-0.7016287671023831,-2.8243997579356943,-0.28139310139857837,1,27,train
0.2588226296206242,-0.17582568080492095,0.053257495373498956,-0.04144265656347604,-0.12412206114488256,1.4822513654688791,-0.16809127384149558,-0.3121514539025577,-0.18886967230443702,-0.045788018341888455,0.20991118308404774,-0.25251727692747944,-0.08186129086980554,0.21410012876472023,-0.30168058912018664,-0.410493728708772,0.10821149580256126,-0.6433045498617277,-0.14088043170179834,-0.19151638525201814,0.19790023570554147,-0.36581075774103783,-0.641460409030753,0.07018347457803972,-0.3736476919757409,-0.4408777418866273,-0.4283174099796659,-0.6567405685924791,-0.33975679553821625,-0.5106115183326859,-0.6042267291142683,0.3136176439709762,0.27687070016036114,-0.4539155812997906,0.03742453329546768,-0.3303264846729712,-0.35701002477605354,-0.46653541150176286,-0.6410381852296752,-0.6092077689315224,-0.5478218460635567,0.24130961406259113,-0.4469374812042836,0.6409712465083194,0.06662212992562182,-0.12061117137044064,0.20143058656409915,-0.6705330493013836,-0.5366259499886139,-0.3654663172581239,0.0961869860557853,-0.29492696076075714,-0.6052968958048027,-0.13573297787933608,-0.2783855202720657,-0.33637921293771433,-0.17722273676711411,-0.6211495756435566,-0.5363594079757482,-0.211511423252043,-0.3298702051806401,-0.323945120093491,0.09186048503406276,-0.4825030010868131,-0.6668786222746936,-0.37155239410872126,0.03222193533263862,-0.34225370020679624,-0.22300645727469115,-0.10245823836243936,0.2598042455850569,-0.4726289735638149,-0.2662720474260396,-0.6746828100920409,-0.6775659241358588,-0.7557088478304868,-0.3648128501491808,-0.6104322865260006,1,27,train
-1.462272394911702,-0.18525134614285832,-0.9992602051314268,-1.6169311676037637,-0.6908662452669778,2.912416053582013,-1.0318289537214835,-0.8088172413967483,-0.8186750424491165,-2.444867464320674,-0.2465313225223288,-0.8908222192821986,-3.858304872228704,0.642504019667534,0.35171872340800664,0.5511531838431926,0.455816709940712,0.6689836235486893,0.5225156297815166,-1.7170589813010726,0.35699054295474786,-0.20526416574060802,0.6140653513397627,1.7707602232861015,0.23163799101762053,0.672354900082606,-0.278826857848934,-0.4567959762153241,0.18232606098629614,0.43156595413481463,-0.0566521473007294,0.708118487155775,-0.48102622616942303,-0.5323092519924736,-4.947976932367441,-0.8413511239953552,1.1830268785981848,0.2592404072777723,0.5473833820622926,-0.30046800142106034,0.2755479851940776,0.8563052562466446,-0.43979521599495264,-2.108833141844927,-0.047483408965170455,0.08377960610822825,-1.5926785188512869,0.881018226614223,0.9697155483055674,0.46971312283227495,0.9652486261367931,0.04413781060355496,0.22250460803974456,0.6246679011456557,-0.062495127486614586,-1.9650491763552762,0.670000195299949,-0.18467489929927883,0.012790349907928692,-0.3986333352192504,-0.2804963739932348,0.08403099471643281,-2.1712801404504454,0.5014370409205409,0.9469644611980806,0.11096258211091622,0.1508728571225467,0.2565898990908502,0.3124129559109105,-2.1039149315679717,-3.1283662916377355,-0.13779962791938527,0.7635168204587587,1.0170175827727408,0.0738416950622329,-0.42582035538905494,1.0121116490179871,-0.2189173067541311,1,27,train
0.08571991486964001,0.21062659805051137,-0.5099699517975254,0.9271784988293188,0.12420939587635811,-0.2871190499531389,-0.07046575063666935,-0.4291347178991233,-0.0969831745325689,0.7397060332179269,0.33535730217454196,-0.221064569623044,-0.12701442064692278,-0.060845651963951315,-0.35486425409341166,-0.42766599500434277,-0.01127779655742806,-0.5248669890846144,0.13050886617773957,0.20661302396078385,0.1713851844973404,-0.30506339860574005,-0.4421032781611103,-0.33748903367389294,-0.34863588689337055,-0.2592866017072488,-0.22543737494510124,-0.8672085605684319,-0.4573430244851785,-1.210019335317763,-0.47843256842737425,-0.027572274459120045,-0.06528665007590063,-0.1746381294571075,0.02605963633726956,-0.05932856988079792,-0.40778047214003943,-0.649889302561856,-0.8391084464450033,-0.44748693833080416,-0.9981733007293345,-0.26101507077476555,-0.32909010525032195,0.1059674638370811,-0.09185778520047856,-0.15893444214769106,0.16851115343721135,-1.0331847933105736,-0.6519606818765674,-0.808434418079551,-0.06182422123167066,-0.35850160539156567,-0.5521926483883601,0.09050199439256232,-0.19138491422419734,0.270273021758089,-0.5774625357091405,-0.3261528978384585,-0.20850880625415008,-0.48078441852192677,-0.1429549871140343,-0.06834562647763513,-0.025946835196637676,-0.5762115765160849,-0.3970720386600502,-0.14196865542357115,-0.34530372490797806,-0.6169112908621078,-0.6535499029290925,-0.11556821670221358,0.031010207321750166,-0.49545824713048053,-0.08546942176687657,-0.6086652337851226,-0.9459257881351772,-0.29062015356879606,-0.6424185959490131,-0.23557751865931703,1,27,train
0.433344219082682,-0.5622779596603532,0.3076884271071277,0.421737442175836,-0.3587419653244596,-0.1908579651762934,0.4557192727384957,-0.37372159284811857,0.5787654444980448,0.4108549443870281,0.18875159673143427,0.5763540685070545,0.06180775842102212,0.0030952272752746307,-0.30927825554493305,-0.40620066213487926,0.005016197855297757,-0.19324181890869668,-0.7515063519307587,0.09498795595719452,0.3251724815049066,-0.57842651471458,-0.2978874813617943,-0.2792501039236168,-0.38865477502516305,-0.4408777418866273,-0.5742486632501422,-0.1568790876495915,-0.38208783795912266,-0.591534736826827,-0.6597241529467216,0.22832016436345212,0.03772846612426419,-0.5960041094302785,0.10940221403072244,-0.12514234918746858,-0.421319258103769,-0.40541744781506517,-0.6352125893115773,-0.5356983004766505,-0.36586166236021206,-0.15773335987362677,-0.23981179013368428,0.008171073456317103,-0.20596332409127083,-0.9637231284699498,-0.07289802282663267,-0.58828213828899,-0.6309907306242123,-0.41622307881057913,-0.11825679526290493,-0.5969065227570977,-0.6084206750645935,-0.1985760257326412,-0.313830211624901,-0.035785763313667625,-0.27947378029244935,-0.6843631494589347,-0.6920884437935074,-0.7135458212128434,-0.5978995744836975,-0.422252617638051,-0.050748376297837766,-0.5397693527380347,-0.45702905724108206,-0.5894623833692026,0.17244575199343906,-0.34225370020679624,-0.5983520252810923,0.19470127067244317,0.11176104435585843,-0.579165583541588,-0.22696712880448242,-0.5302693619206571,-0.505815611176295,-0.44204437960748605,-0.31484381590521104,-0.3896844787822869,1,27,train
-0.6549326843108004,-0.570132680775301,-0.7209084165681406,-0.39305382640937714,-0.718289350950305,-0.543815276024727,-0.7505350733007978,-0.4373440697585314,-0.5640728715395652,-0.30477954944187097,-0.88736450920148,-0.6891548606831714,0.2218961276308015,0.5146222611890822,-0.430840918340876,-0.3503907966742742,0.40693472670253455,-0.25482935051279565,0.4245139388805723,0.33684226996497146,0.3251724815049066,-0.15319500076749565,-0.6753935376894156,0.3439064444043374,-0.6137610207664959,-0.030323859741945538,-0.00476084560925897,-0.15161738785019266,0.00829844214479201,-0.30252324220489435,-0.23424390356457986,0.2762999966426844,0.38724403894625203,-0.12564208527418064,0.2116862866545055,0.13811276803921407,-0.3502406317941888,-0.5887713388751583,-0.15168812810945312,-0.24656105788748756,-0.7388800389520684,0.08638704771088299,-0.17910253585437066,0.29580751575268177,0.24411963486685426,-0.10783674777802384,0.552571206584236,-0.5135085828231777,-0.46672611248076323,-0.3931518235594631,0.24855493594011782,-0.07241570455292733,-0.2554336187082394,0.3355898810204523,0.024505478561253777,0.3686490598168679,-0.14216523612985632,-0.07028843239526122,-0.46259302258838864,-0.25258696490338123,0.18150161783177204,0.02996187106692483,0.35227666659666373,-0.15972901905265466,-0.2271938193471266,-0.14196865542357115,0.40435437185553214,-0.5223570383414268,-0.5321145721034921,0.41320090966868034,0.4482228653313095,-0.18345817505271658,-0.10119138921549944,-0.163046593713424,-0.3984716655765676,-0.38796429887938244,-0.3981255396451607,0.030985871823657925,1,27,train
0.2701736273092133,-0.12869735411523406,0.08587684559575905,0.24255098061975175,-0.12564556701617852,-0.08084529685989848,0.28694294448608426,-0.41476835214515906,0.18250492285686334,0.24046577918967116,0.19328579380699432,0.18967078458781883,0.38198449684058083,-0.01608703649649315,-0.5144152490130868,-0.40620066213487926,0.22226945669164197,-0.6433045498617277,-0.17857338974062306,-0.012916276446275188,-0.10967435830959092,-0.4959836701738187,-0.6202522036190888,0.00029675887770841316,-0.7338176851618733,-0.4448253753687877,-0.39628372023736624,-0.6251703697960862,-0.5325982110112344,-1.1059751972538672,-0.47843256842737425,0.436232770906792,0.04876580000285328,-0.19423654713027824,0.2457809775290999,-0.08642836136001525,-0.47208970546775486,-0.2526225385983209,-0.6934685484925561,-0.3102692638817099,-0.5705668690264747,-0.040367779304150926,-0.371943696506308,0.21526931190969964,-0.13623216143578668,-0.4782950319581112,0.3934606131376115,-0.793909415819974,-0.557595901240969,-0.6792353886733014,-0.06182422123167066,-0.6551832803353388,-0.6584011432212454,-0.07917423481136147,-0.3718306156568132,0.18282765459472994,-0.6183629531192746,-0.5549258316464937,-0.9912521178644658,-0.4077612333639922,-0.36866392968503,-0.353437369356859,0.5382882248556644,-1.1384630290917157,-0.511989657607028,-0.11472990676601098,-0.08103576273954638,-0.6169112908621078,-0.6480301151642924,0.3607609963095834,-0.1473145577952389,-0.4459948210693716,-0.41956123005011264,-0.43124299746027966,-0.8922538153353136,-0.44204437960748605,-0.38146919489717074,-0.22724741270672405,1,27,train
-0.04481655854913494,-0.5214334098626245,0.5295000086184963,0.02448443778263042,0.4441456288485086,1.0146975251242007,0.318381672297808,-0.3244654816916699,0.2686485145179897,0.11097001363967991,-0.016798670693953834,0.4875464243533545,-0.11059510072797106,0.015883403123119817,-0.4802257501017278,-0.5521649256472311,-0.163355077742869,-0.6385670474306432,-0.6007345197754599,0.3331214343648518,0.1342641128058589,-0.37882804898431593,-0.785676205830069,-0.47726246507455555,-0.9839357359855764,-0.290867669564532,-0.5422149735078425,-0.5251980736075087,-0.29272230395943133,-0.5106115183326859,-0.26014270135305806,-0.1715117712968169,-0.06896576136876366,-0.5078112299010101,0.5147502055397887,-0.5316392213757286,-0.28254670197554094,-0.5314732479188792,-0.6060846097210879,-0.6925184998470438,-0.5523708506561402,-0.049757025749709,-0.6790611005075415,0.40510936382530033,-0.10136658010804458,-0.3888740668111935,0.2727560250056894,-0.7378292492206148,-0.5890508281195018,-0.31932380675589195,-0.21419217111600322,0.19247864807544152,-0.5834304409862675,-0.3871051692925565,-0.33638592430397796,-0.3145178711468746,-0.3086883641568308,-0.49472242801280025,-0.5076724803251084,-0.43970887687058857,-0.3369236096359837,-0.17156849889942308,0.38947897824846384,-0.3107039461331481,-0.42705054795056613,-0.2937273979442636,-0.10800188132816185,-0.3557614505668935,-0.7253071438714928,0.3607609963095834,0.18578264497045766,-0.6780924356638057,-0.33309040908268683,-0.5508998545165691,-0.31796370637677207,-0.4853084441899689,-0.42588611422514394,-0.5021409091422919,1,27,train
0.054504671226019916,-0.40675448158438654,0.6034372024556192,0.041388820948298745,0.44262212297721265,-0.3023985872193049,0.6741356975357341,-0.5933217550872854,0.33756338784689083,0.11267390529165348,-0.28129350010162235,0.43204164675729195,0.18495265781316012,-0.45088501532322955,-0.6131849125347903,-0.6852499894379047,-0.1416297518592346,-0.6338295449995587,-0.593195928167695,0.05405876435587842,0.30396044053834576,-0.6174783884444143,-0.9129254383000537,-0.16277224442306465,-0.6337704648323921,-0.49219697715471256,-0.7557729051231737,-0.7724979641792531,-0.19394987164398306,-0.5106115183326859,-0.2897413273970331,-0.1608495863458764,-0.08736131783307881,-0.3167266575875954,0.003329842420873322,0.13811276803921407,-0.22500686162969027,-0.5543924843013908,-0.23324647096282344,-0.4229837821791802,-0.22939152458270365,-0.01689466319025576,-0.6719188352982105,-0.2852180976859749,-0.25984649523414494,-0.2568716896895532,0.17399772562502597,-0.793909415819974,-0.4632311206053707,-0.4069945767101327,-0.03925119161917696,-0.08830936571062944,-0.43661281577610256,-0.20486033051797167,-0.3524971476461758,0.270273021758089,-0.22104461256368635,-0.3111020469300351,-0.3314527818997494,-0.6907260758509888,-0.06889424033292631,0.19708461689267676,0.02985663228106253,-0.3731763297526627,-0.6418965311992637,-0.480507388738962,0.04300838276808481,-0.517854454888061,-0.7032279928122926,-0.13304818782191255,0.04446868016076821,-0.4574094578527044,-0.5138930347418498,-0.4023603078260029,-0.2911277199768402,-0.9774371788157113,-0.45364668880512715,-0.6854032400993373,1,27,train
0.20206764117767856,-0.20567362104172263,-0.17072870948602034,-0.11751238080898349,0.3557822883133433,0.9963620804048016,0.14960534404539655,-0.4660768012664598,0.07530400878968387,-0.0014868353905756607,-0.1120168092807145,-0.045299440568845946,0.09464639825892558,-0.060845651963951315,-0.6625697442956422,-0.5865094582383726,-0.13619842038832597,-0.27377936023713384,-0.23134353099497765,0.31079642076413394,0.02820390797305463,-0.20526416574060802,-0.42937835491411186,-0.36660849854903094,-0.9189050427714135,-0.4329824749223065,-0.4959440883245208,-0.4147023778201335,-0.2503912615385249,-1.1637774961782537,-0.6523244964357279,-0.01691008950817954,-0.13151065334743517,-0.4343171636266199,0.24956927651516594,-0.3961402639796419,-0.49916727739521405,-0.40541744781506517,-0.7925036791002201,-0.8297361742961381,-0.4386457358415499,-0.01689466319025576,-0.7540548852055172,0.3360766176741728,-0.288372879956843,-0.44422990237833304,0.25629630844224555,-0.7228745381274523,-0.5331309581132213,-0.5869503676688375,-0.10697028045665809,-0.29492696076075714,-0.5709353239471046,0.046511860895248745,-0.3589416369830549,-0.3418445483854243,-0.32329565608902155,-0.6241597458252413,-0.5527519380618282,-0.2982264556270903,-0.30870999181460923,-0.309198995461807,0.4142805193496639,-0.7063623757234069,-0.477014730101426,-0.21201115197158305,0.24795088404156243,-0.6439267915823024,-1.2331276182330944,0.44816085190807825,0.30017966410211105,-0.3927265160804851,-0.4824490998446041,-0.5178910663631099,-0.41457325741652673,-0.6962207590295728,-0.659074940697003,-0.4729855383082166,1,27,train
0.68590391765379,-1.0272774496652637,0.24679897335890882,1.4258578022165342,0.3009360769466889,-0.7500890291179675,0.24061218771091253,2.154758779849579,0.5998227669040979,1.0941154968284292,0.7207640535971447,0.587455024026267,-0.5785457184180954,1.3650359550707871,0.43909188729259063,-0.01123853733675097,0.6133253225970615,0.12890834640505192,0.590362954251401,-0.005474605246035899,-1.8596677380508613,-0.7910422716881221,-0.0009726055984966868,1.928005333611847,0.18661674186935398,-0.03427149322410594,-0.5884858586911643,-0.29368328243396075,-0.0340326002761144,-0.16957795467880532,-0.3452387512294864,0.5321924354652565,-0.27867510506195636,-0.40001993269857106,-0.1595670139799664,0.695594192754542,0.21838837868245306,-0.0043308111211115075,-0.2507232587171171,-0.011330758831897426,-0.3704106669527957,1.2975998391878736,-0.5505003267395834,-0.09537804577037418,-0.12672336652822064,-1.4832163545615664,-0.08935773939007657,-0.2966652719723218,0.34061701073491163,-0.04708299479272324,2.0826135919552318,-0.559821313389126,-0.36788967206070616,1.2468140748933763,0.07283914858784732,-1.4895649924045116,0.2609960211986082,-1.105786974894789,0.307855891457367,-0.7409295156470689,-0.8729823482420985,-0.1224147501271431,-0.07554991739903785,0.07454241952052489,0.08758052820329068,-1.1614761051779663,1.3373820750216276,-0.36926920092699084,0.13025995967250995,-0.03253835388364347,-0.1775961216830295,0.19322483879726673,-0.006859584523762202,-0.09702901740650569,-0.4414092438164586,0.023044314654204635,-0.3315001606532009,-0.28139310139857837,1,27,train
0.31983424219679074,-0.5418556847614889,0.5468969954037017,0.43018963375867014,0.3116006180457606,-0.0747334819534321,0.6526249890329757,-0.42503004196941924,0.502193363021488,0.27454361222914253,0.8129593941335319,0.5708035907474484,0.06591258840076006,-0.36136778438831324,-0.38145608658002417,-0.49206199361273323,-0.1579237462719604,-0.23114183835737298,-0.5027328288745156,0.15452132555910883,0.632747075520039,-0.8344332424990492,-0.7008433841834125,0.04106400970290168,-0.4336760241734296,-0.2000720994748428,-0.5884858586911643,-0.01481319306582342,0.11647777277599729,-0.325644161774649,-0.07885111683371071,0.1163672223785768,-0.11311509688312002,-0.5519076696656443,0.22305118361270362,-0.05932856988079792,-0.13700475286544808,-0.5200136297276233,-0.41966554034195563,-0.2171572705055388,-0.34311663939729403,-0.11548175086861548,-0.6147807136235625,-0.1644107919215017,-0.10136658010804458,-0.39313220800866583,0.2233768753153577,-0.4948151939567246,-0.4317761937268379,-0.3885375725092399,-0.21983542851912666,-0.28962907370818974,-0.47722194615338226,0.1407764326752064,-0.1946071588926369,0.31946104078747845,-0.16553690322136153,-0.6331902563702952,-0.11834989078071058,-0.7500574137918107,-0.5626325522069794,-0.1125840003726871,0.25307050219186333,-0.3471461699111983,-0.40206845687513615,-0.4999636377800763,-0.28058504029530085,-0.3872795347404539,-0.3886000902186917,0.2165512345720669,0.21269959064849375,-0.2329216011138255,-0.10119138921549944,-0.27857735225053104,-0.23208854989699015,0.055492363091066775,-0.27042689657723784,0.16010251408884893,1,27,train
1.4123677697234942,0.5750856577840898,0.3033391804108263,1.6134964553554527,1.0139368247131957,-0.0701496207735823,1.094421848281935,-0.4004019863911949,0.7835957624478341,1.2866552535014426,0.45022362808872946,0.8871808230450048,-0.11059510072797106,-0.40612639985577137,0.6366312143359979,0.8001510451289691,-0.4566469771719337,0.4273709995633778,-0.41226972958133623,-0.038962125647112704,-0.07255328661810942,0.25901922193631055,0.7455562248920802,-0.5296775018498041,0.5417843740390124,0.8855271081192676,0.0593065338753404,-0.4462725766165264,0.21995365424932406,-0.4817103688704926,0.4613238084688345,-0.2301537885269897,0.0009373531956338927,0.021346047274599975,0.014694739379071441,0.11101297655999674,0.736246941795109,0.34709748007740027,-0.023525017911299722,-0.11424401466871811,-0.02468631791644098,-0.5004408551364963,-0.0791108229237365,-0.04360348615702854,0.3709035669677346,0.3690750663388702,0.14656486468595278,0.6380041713503328,0.9592305726793898,0.3958851060287038,-0.6938690503814945,-0.11479880097346633,0.5692441058765172,-0.7201733229150735,0.05028343590877033,0.12817430011763056,0.2434672708799793,0.18858620322962075,0.17671565076872778,0.08970921552443718,0.15328800001039758,0.3789534873501127,0.06705894393286267,-0.019166155908746926,0.4423262214743959,0.383350068686518,-0.043283196715484716,-0.01806769156446132,0.5000857399141111,0.050491508934926654,0.1958764995997212,-0.0655069282916107,0.6731155076291772,0.6167860264120486,-0.1730493798171401,-0.06889182258357142,-0.07055075960135863,0.03931597777625089,1,27,train
-0.1029904217031542,-0.4287477007062404,0.7099937465150021,-0.12427413407525081,-0.25819057781892657,-0.400187625722767,0.1462960042757414,-0.4927571948095361,0.10210423730647873,0.025775431041001443,-0.12410800148220791,0.367286072895219,0.19316231777263598,0.06064201859057797,-0.5941907464729244,-0.3804422626915231,-0.18508040362650344,-0.6054045304130515,-0.442424096012396,0.299633913963775,-0.1043713480679507,-0.30072430152464735,-0.8874755918060567,0.3147869795291993,-0.6587822699147624,-0.28692003608237165,-0.5457742723680981,-0.7988064631762472,-0.33975679553821625,-0.5106115183326859,-0.43403462936141163,0.2389823493143926,-0.08736131783307881,-0.5862049005936931,0.16622669882171304,0.20005514856313938,-0.4619356159949577,-0.4321565569279954,-0.7167709321649476,-0.7513260746109414,-0.6842919838410652,0.07699780126532492,-0.2933787792036669,-0.19892716499706548,-0.03163541745256042,-0.32500194884910955,-0.08387116720226194,-0.5994981716088619,-0.5086660149854736,-0.4900510956141503,0.11311675826515558,-0.5280339910737217,-0.333528100203008,-0.01633118695805636,-0.37505286032525276,0.1336396355653405,-0.44891836670586194,-0.3381935785651972,-0.405219167287109,-0.4488367750153304,-0.22406913835048586,-0.5353062398142949,-0.08795068794963791,-0.3419401379429054,-0.9516744605345949,-0.040796160409776204,-0.04867642043320781,-0.7970146289967383,-0.8412226869322931,0.12478138619364729,-0.026188302244076513,-0.4383850632138164,-0.2898549985989739,-0.37760371671090853,-0.3877372710165949,-0.8422369769954524,-0.6535228257810064,-0.6145973395022971,1,27,train
0.2701736273092133,-0.519862465639635,0.10109920903281376,0.12760117509320718,-0.515663070067943,0.2568324767223692,0.24888553713505035,-0.3552505511644503,0.2533340982226784,0.2779513955330897,0.22955937041147453,0.17486951056220215,0.024864288603380726,-0.5787667738016814,-0.6891615767822548,-0.6165609242556215,-0.2882757015737669,-0.6859420717414886,-0.19365057295615293,0.005687901554323036,-0.03543221492662793,-0.43523631103852095,-0.39120358517311643,0.12259851135328821,-0.5287208834864368,-0.3737679726899005,-0.33221634075276685,-0.7988064631762472,-0.8101017113260653,-0.36610577102171954,-0.6893227789906967,0.3562663837747382,0.03772846612426419,-0.4490159768814979,0.27987566840369427,0.01422800699136341,-0.24193034408435224,-0.5085540115363676,-0.6410381852296752,-0.44258630710047936,-0.7070370068039832,-0.20467959210141712,-0.3683725639016425,0.38785117728751844,-0.4024784188476353,-0.2866786780718591,0.5800040675233091,-0.715397182580871,-0.45274614497919313,-0.5361936061163822,-0.10132702305353465,-0.321416396023594,-0.6209157921037565,-0.3871051692925565,-0.2880522542773844,-0.28719119390832487,-0.527797743139692,-0.20875626075275622,-0.5076724803251084,-0.576627349041716,-0.5485257432962921,-0.5205601151826109,-0.001145294095437585,-0.6438899921038923,-0.7318320590708115,-0.39100864314983563,-0.2374392505535161,-0.4773312038077691,-0.9460986544634934,0.5006007652671752,0.004093261643714081,-0.49165336820270295,-0.4352831974987355,-0.36109932263417893,-0.7205035023757498,-0.7665248639761074,-0.4980636081331003,-0.5229661740237744,1,27,train
-0.7514161646638079,-0.07371430631059939,-0.01198120507102123,0.09210197044530372,0.04803410231156036,0.9001009956279561,-0.4229104361049403,-0.4373440697585314,-0.08358306027417146,0.012144297825212891,0.028543300061646487,-0.06750135160727096,0.06591258840076006,0.26525283215610096,-0.6017884128976707,-0.6294401239772996,0.15709347904073873,-0.3827419161520782,0.07773872492338497,0.11359213395779273,0.03880992845633506,0.09413353285478808,-0.7262932306774095,0.006120651852736023,-0.4836996343381702,-0.3540298052790985,-0.42475811111941036,-0.4567959762153241,-0.14221193090731968,-0.6782381852134068,-0.2009454492651079,-0.2194916035760492,-0.06528665007590063,-0.2824294266595466,0.17001499780777907,-0.2528985090180646,-0.5465530282682675,-0.7606656117439956,-0.5886078219667942,-0.5356983004766505,-0.7252330251743176,0.3398967017409508,-0.4897910724602697,0.0024183446103898092,-0.1901153325786608,-0.3079693840592204,0.31116203032039186,-0.5733274271958275,-0.5610908931163616,-0.6054073718697303,-0.10697028045665809,-0.19426710676197698,-0.42724147799673035,-0.0917428443820225,-0.4201642856834067,-0.09590445323847696,-0.4021750325228516,-0.4736512367410075,-0.7043828413580673,-0.042645307574319266,-0.20643562721212683,-0.06343025160040713,0.30887396966956354,-0.7323925355648713,-0.6169144401238337,-0.03301366079333044,-0.2536189217066854,-0.6034035405020105,-0.6369905396346924,-0.06312830334311667,-0.39629630531707266,-0.6096046149638088,-0.27806352301250675,-0.4601256870945564,-0.9566601826951501,-0.6475486863742795,-0.753460894268946,-0.46049037937932713,1,27,train
0.3439551122850426,0.5342411079863613,0.5142776451814416,0.34904859456346216,0.2704659595207698,-0.0013917030758354976,0.7370131531591815,-0.3244654816916699,0.523250685427541,0.3239564701363761,0.864346960989879,0.6485102793819358,0.06591258840076006,-0.37415596023615844,-0.4536339176151153,-0.3074601309353472,-0.3317263533410358,-0.07954176056266776,-0.23134353099497765,0.06150043555611771,-0.056644255893188784,-0.018682991253622043,-0.39120358517311643,-0.08706163574770573,-0.3686453309592668,-0.4566682758152689,-0.0973026159759025,-0.030598292464019874,-0.04343949859187138,-0.24472094328050784,-0.46363325540538675,0.1163672223785768,-0.002741758097229137,-0.12074248085588794,0.22683948259876968,0.11488437534274207,-0.265623219520879,-0.45125592058008845,-0.39053756075146623,-0.16325032697196606,-0.4340967312489663,-0.19059572243308,-0.40051275734363206,-0.07811985923259229,0.009569360480225678,-0.24409726609713642,0.5470846343964213,-0.5097699050498871,-0.4492511531038006,-0.180896275249196,0.056684184233921305,0.01764837534071808,-0.333528100203008,-0.2802719879419378,-0.10760655284476855,-0.16695381405870618,-0.16261544483492338,-0.36829528038204395,-0.4871818177175085,0.0029941831493898526,0.22382204456383373,0.039792620821380825,0.20346741998946316,-0.16493505102094752,-0.20720814648678262,-0.15753365465646268,-0.3938427383674859,-0.19817102969909184,-0.7087477805770926,0.1859612851125937,0.027645589111995657,-0.41175091071937314,-0.16407925900999093,-0.19605538186688315,-0.23208854989699015,-0.009403733782657502,-0.3370522755691976,0.2142482027807032,1,27,train
-0.22217589743334,-0.40989637003036566,0.19025876630699134,0.06843583401336806,0.2872245241050253,-0.7791201499236828,-0.10024980856356548,-0.37577393081297056,0.16144760045081025,0.138232280071257,-0.21328054396822188,0.17116919205579798,0.12748503809682904,0.07343019443842316,-0.571397747198685,-0.5049411933344113,0.401503395231626,-0.5248669890846144,0.17574041582432923,0.01685040835468197,0.44183870682099124,-0.5393746409847457,-0.8280926166533972,-0.3316651406988653,-0.7738365732936657,-0.6264165155481662,-0.3571314327745555,-0.5988618707990921,-0.3162395497488238,-0.8574253118790051,-0.5413296487708213,0.20166470198610084,0.10763158068866176,-0.2775298222412539,0.04500113126759976,0.3781394925694247,-0.4754744019586873,-0.7644854844744141,-0.6293869933934794,-0.6239096626224968,-0.7661740665075701,0.03474619226031361,-0.5433580615302523,0.07145109076151733,-0.282033683351799,-0.12912745376538518,0.0423199931174747,-0.7228745381274523,-0.6414757062503899,-0.577721865568391,0.00589486760581046,-0.24724597728765074,-0.47722194615338226,-0.11059575873801403,-0.19138491422419734,0.6747078448886245,-0.4226252412279186,-0.3381935785651972,-0.3601397095503892,-0.2571509139757521,-0.1500083915693779,-0.368183493988543,0.03605701755636255,-0.5866236404526707,-0.7318320590708115,-0.2042286523551373,-0.1673273422231159,-0.630419041222205,-0.9184997156394933,0.16411132121296998,0.18241802676070315,-0.2747752693193792,-0.4785186079824484,-0.29095564780807825,-0.9244569990152318,-0.6421406783014693,-0.37036496506517746,-0.4729855383082166,1,27,train
1.2846690457268666,2.4665025022635225,-1.216722539946494,-0.13610720229121864,1.135817294416872,0.31336676460718327,0.3365830410309112,-0.6261591625249179,-0.7976177200430634,0.01555208112916003,-0.4566157870232769,-0.9130241303206237,0.06180775842102212,0.36116415101493987,0.23775372703681016,-0.43195906157823544,-0.31543235892830995,-0.8138546373807711,0.7712891528377596,0.3814922971664072,-1.249821560262237,-1.4766196105007683,-1.3795059573566641,0.14589408325339864,-0.5237185224699628,-0.5395685789406374,0.45082940850344766,-0.30420668203275836,-0.7489568722736449,0.021169631771670236,-0.13804836892166086,-0.41141093269297835,-0.08368220654021578,-2.2079739630485724,0.21547458564057156,0.5562238365757101,-0.3942416861763099,-1.2496093212375772,-0.45461911585054293,-0.4768907257127529,-0.7343310343594849,-0.7257827698298899,1.4707607275010932,-0.4462945053719391,-0.4468527950829434,-0.904109151705338,-0.056438306263188756,0.05477043871699634,-0.6240007468734272,-0.5684933634679447,-0.03360793421605353,-1.2962276136959914,0.6879477177485656,0.22875669966983359,-0.8003891565592759,0.035263597506561585,0.374932898269696,1.699691634435327,-0.1716256135604703,-1.6856669736278476,-1.0175771395766424,-1.1988818482400747,-0.08175030267433789,0.241135442505897,-0.5419681668975439,-0.27816239871137205,0.22637798917067004,-1.4543918131881395,-0.48243648222029195,0.3520210107497339,0.30017966410211105,-0.29379966395826723,-0.23089762066663813,-0.7035654997263177,-0.8976210126153,-0.4204123473162446,-0.6202101362850265,-0.7270537698623022,1,27,train
-0.3144027536531267,0.22005226338844874,-0.3686194341677316,-0.656762203793803,2.0819144404916603,-1.043456144628354,-0.2888821754339077,-0.5502226578253928,-0.284584774150133,-0.4734648229872543,-2.1811220747612756,-0.41718145046246496,0.7924674948143742,-0.09281609158356428,0.287138558797662,-0.6895430560117973,-0.1579237462719604,-0.2216668334952039,-0.02026296597755927,-1.5421797080954494,0.3463845224714674,-0.348454369416667,-0.45058656032577593,0.33225865845428215,-0.8238601834584064,-1.6093772526061063,-0.3393349384732779,-0.3094683818321572,-0.7254396264842525,-0.3372046215595263,-0.8373159092105721,-1.0511420297494087,1.641820989812545,-0.29712823991442466,0.5223268035119208,-0.00900038570510859,-0.170851717774772,-0.5734918479534838,-0.3730607729971726,-0.501393881864377,-0.20664650161978557,0.16619564249812657,-0.05411289469107795,0.24403295613933612,-3.2424384979073544,-0.5719741383025011,0.19594401437628453,-0.18076626100031262,-0.44575616122840805,-0.024011739541607246,0.4460689450494378,-0.7717367954918211,-1.017635758097181,0.07164908003657078,0.2500626053520236,0.7840145538428234,0.3048178969951804,-0.35625459965530526,0.34883721667256684,-0.3256101500613158,-0.696647236858508,-0.9875207285192708,0.48868514265326424,0.27237163431565425,-0.49700040296176995,-0.1964461527386915,1.2834498378443966,-0.44131053618084304,-0.5707530864570922,0.34328102518988446,0.33719046440941064,0.23888338593059805,-1.2685474722757477,-0.4023603078260029,-0.47897962477636313,-0.2095000324766407,-0.503615723049097,-0.18143182996746274,1,27,train
0.9100861220034253,-0.2873627206371798,0.3163869204997304,-0.3051510339479019,2.2175064630370005,-0.7959276409164654,1.0646377903550388,-0.640525528278882,0.10976144545413441,0.0019209479133714775,-1.3392728177322966,0.10456345894052292,0.17674299785368425,-0.22069785006201617,0.07820273211713506,-0.8612657189675054,-0.701056893362821,-0.5959295255508824,-0.19365057295615293,-1.2854420516871938,0.15017314353077954,-0.5437137380658384,-0.21729630079747067,0.05853568862798451,-0.7338176851618733,-1.0685514655501314,-0.5137405826257984,-1.1618637493347657,0.02240878961842748,-0.2967430123124557,1.2900853377001367,-1.141770601832403,0.9170360651185282,-0.5127108343193029,0.2836639673897603,-0.028357379618835256,-0.23854564759341984,-0.21060393856371626,-0.7983292750183181,-0.7807298619928901,-0.17935247406428387,-0.4769677390226011,-0.9826073719041096,-0.267959911148193,-2.228167041100312,-0.4484880435758053,0.0423199931174747,0.25665903847468974,-0.7498204543875583,-0.26395279415321354,-0.016678162006683248,0.3196279373370585,0.8378891222185212,-0.07917423481136147,-1.3803931968783982,0.4014410725031275,0.2989749802223041,-0.4887020876494309,-0.15523308347439038,-0.2480230158310103,0.03690682649722792,0.01030037155801284,-0.2181587787309384,-0.0764325075599686,-0.7718034047914993,-0.32096614660182377,0.8358122692733798,-0.18016069588562877,-0.9792173810522935,-0.5481975019147631,-0.3727439778487911,-0.4079460317915955,-0.16800975087214665,-0.45599958857537404,0.041638511382314676,-0.9936612030341424,-0.7034918600249762,-1.8932686032253176,1,27,train
1.3314919111922967,0.201200932712574,1.1775377663673967,1.528974539527111,0.04651059644026441,-0.6446602219814224,0.9173721706053858,-0.5358562920714286,1.2525997614917443,1.371849836100121,0.09051066009430025,1.3164177697878885,-0.7263195976886611,-0.5915549496495266,0.7050102121587158,0.5554462504170853,-0.5598422751191972,0.621608599237844,-0.8645852260472329,0.2475422155621,0.3410815122298272,-0.2660115248759058,0.9703632022557198,-0.7276898630007428,1.0170086706040482,-0.192176832510522,-0.1506920988797353,-0.5199363738081099,-0.11869468511792722,0.4142252644574987,-0.35263840774048016,-0.04356555188553081,-0.16830176627606547,0.011546838438014602,-0.6368926862242874,0.12649857169097806,0.6922458874129879,0.6985257712759121,0.6871976840966418,-0.38377873233658183,0.3574300678605826,-0.6271956821515302,-0.20410046408702923,-0.8604909822787041,-0.20279372578874882,-0.29519496046680366,-0.4843909369127304,0.4361155715926394,0.7739960032835856,0.2897573318735702,-0.45685223945031056,-0.3320121701287288,-0.4491079328152655,-0.7955849803390397,-0.16560695687668078,0.23748100907182934,0.43336206599845895,-0.3502342592919359,-0.41341543233014894,-0.211511423252043,-0.5591058499793076,-0.323945120093491,-0.65218574800194,0.668030063905913,0.8520325151114468,-0.12251240638245675,-0.09721543389271566,0.6167965753601112,1.052064516394113,-0.347177834038225,-0.49387023339995345,-0.28618990610271205,-0.06974745431825369,0.3815984108186521,0.21875602162186486,-0.43663637153467566,0.47355650216631257,-0.2730629954459854,1,27,train
-1.4594346454895548,-0.189964178811827,-0.9253230112943038,-1.684548700266437,-0.6680136571975385,2.884912886502914,-1.0814690502663105,-0.7513517783808915,-0.9392760707746934,-2.4176051978890967,-0.2994302884038625,-1.0147828892467383,-3.915772491945035,0.49543999741731437,0.5644533833009068,0.81732331142454,0.5861686652425185,0.8537462183609863,0.26620351511750856,-1.6686881184995173,0.31986947126326637,-0.30072430152464735,0.5249908886107734,1.689225721635715,0.43673479269305704,0.5499782621356335,-0.1471328000194798,-0.314730081631556,-0.024625701960357422,0.2986206666087256,-0.20834510577610169,0.5748411752690186,-0.6392280117625333,-0.22363417364003435,-4.766138581036271,-0.8142513325161379,1.2777983803442916,0.28597951639070257,0.6056393412432715,-0.24166042665716278,0.2800969897866612,1.0253116922666898,-0.4183684203669596,-1.8902294456996898,-0.06650099878030251,0.05397261772592237,-1.7517891122979115,0.7613805378689232,1.158445109576764,0.538926888585623,1.044254229780521,0.14479766460233512,0.2506186213778613,0.3167369666644607,-0.14949573353448295,-1.899465150982757,0.9095597829878772,-0.20574609057107154,-0.024092842785751103,-0.2160753723244139,-0.13237488043101886,-0.01427650282812715,-2.5123013305919466,0.5899395843815198,1.0219107344243705,0.04481133537112721,0.4259272667264245,0.31062090053123936,0.7374366138005118,-2.1738348160467673,-3.0812616367011723,-0.057897170436055474,0.7517253448722915,0.9510000064658225,0.05237290594228742,-0.3068441777872271,0.9565904998580207,0.11012187837329111,1,27,train
0.674552919965201,-0.22138306327161825,0.8361219007077411,-0.10906018922614932,0.9347145194058061,-0.2260009008884751,1.1556446340205548,-0.6261591625249179,0.4658216243201234,0.05644548077652569,-0.3281468698824094,0.628158527596713,0.11517054815761525,-0.0736338278117965,-0.2788875898459473,-0.8827310518369689,-0.9291728151409824,-0.38747941858316276,-1.1435131155345355,-0.15058719365070206,0.15547615377241975,-0.491644573092726,-0.16215496672714397,-0.16859613739809223,-0.9038979597219914,-0.5711496467979206,-0.6311974450142306,-0.8882553597660271,0.4833468070905195,0.00960917198679293,0.539020201834269,-0.3900865627910973,0.04876580000285328,-0.36082309735222956,0.03742453329546768,-0.12514234918746858,-0.32654775635766203,-0.17240521125953018,-0.6876429525744582,-0.7562267058412662,-0.20209749702720195,-0.35021291200756716,-0.7611971504148481,0.05419290422373545,-0.3549344443098052,-0.3377763724415263,-0.4789043647249157,0.09589589422319314,-0.49119105560851095,0.031359273061071134,0.0341111546214276,0.20837230923314365,-0.11173977275786512,-0.5316441793551583,-0.7069440611745283,0.08445161653595104,0.09739435155807187,-0.524824129829647,-0.3724341071149492,-0.23433116861389755,-0.22759584057815765,0.5952299819481446,-0.10655184377553797,0.07974845148881776,-0.42705054795056613,-0.5855711335609798,0.048401606485807894,0.13051756239660886,-0.7860248092842929,-0.08497826724274038,0.0747502440485588,-0.5182875206971462,-0.6396687743308328,-0.4023603078260029,0.17045124610198756,-0.9612131545972803,-0.3537086203171875,-1.0019472662978701,1,27,train
0.4276687202383874,-0.07999808320255765,1.042711118782055,0.37947648426166514,-0.14697464921432188,-0.18321819654321042,0.6244956009909072,0.8330531304848736,0.8008244807800594,0.5011612019416273,0.7116956594460246,0.870529389766186,0.053598098461546256,0.5274104370369274,-0.18011792632424367,-0.4190798618565574,0.48297336729525503,0.08627082452529107,1.1783730996570665,0.0354545863552802,-0.12558338903451155,-0.4005235343897794,-0.3869619440907836,0.9146479559570431,-0.4336760241734296,-0.3856108731363817,-0.5279777780668204,0.10620590232034938,-0.4996740669060849,0.05585101112630216,-0.7300208898011624,0.2656378116917439,-0.14254798722602427,-0.3363250752607661,0.07151922417006204,0.1303699704737234,-0.29608548793927053,-0.39777770235422794,-0.24489766279901923,-0.1338465395900173,-0.2475875429530381,0.2647827301764863,-0.625494111437559,0.013923802302244397,-0.3676128375198932,-0.2739042544794423,0.22886344750317233,-0.47612180509027147,-0.38983629122212754,-0.06092574794339283,0.8693132502836948,-0.4220762500223742,-0.5678115446873139,0.8634714829882152,-0.06893961682349373,-0.1286964659247366,-0.07205023485534076,-0.4345190243791068,-0.581438865712468,-0.4305809787258468,-0.20643562721212683,-0.314114370339035,0.08566009975876274,0.22551734660101835,-0.09728694575489089,-0.21590240177980594,0.8088461506847643,-0.1531451951654342,-0.5652332986922922,0.06797148005462562,0.04783329837052272,-0.3927265160804851,-0.25841106370172817,-0.18780318482851838,-0.0657054342174127,0.07171638730949785,-0.34260439048519425,0.21008314980440673,1,27,train
-0.010763565483367555,-0.17111284813595226,-1.0644989055759468,-0.9238514578113625,1.1571463766150156,-0.02278305524846784,-0.0820484398304623,-0.4229777040045672,-1.0962488378016348,-0.7103057626115804,-1.0385044117201476,-1.1109911704132467,0.053598098461546256,0.17573560122118467,0.0022260678696707234,-0.6766638562901193,0.07562350697710964,-0.1316542873045977,0.3868209808417476,0.23265887316162137,0.39411161464622935,-0.3614716606599451,-0.5735941517134279,0.4545604109298619,0.07656479950692463,-1.2106662709079057,-0.360690731634811,0.06937400372455765,-1.247522483008765,-0.3718860009141582,-0.32673960995200196,-0.22482269605151944,-0.04321198231872246,-0.04724841458149764,0.20789798766843948,0.2116693449113754,-0.4247039545947014,-0.4894546478842745,0.4075690800279435,0.38071973959408617,-0.8571541583592425,-0.08731401153194128,-0.38979935952963557,0.03693471768595357,-1.0078716946293387,-0.3292600900465818,-0.2539549050245157,-0.5508953605560838,-0.5925458199948944,-0.762291907577319,0.4122094006306972,-1.2856318395908566,-0.5084597387512897,0.10307060396322335,-0.3234969456302197,0.07352094564053116,0.07986560123944297,-0.44354953492416077,0.34064095162952684,-0.2160753723244139,0.13212778664436672,-1.1743049738539346,0.27167165801776344,-0.20137727479899767,0.1625268014295805,0.08372383345335604,0.30188312121879335,-0.48633637071450064,0.08610165755410981,0.26025116237131435,0.06802100762904978,0.07527359203616085,-0.9305251721303559,-0.47663008117128597,-0.6238939513359951,0.4665009766246539,0.33475362926639646,-0.42716995556895526,1,27,train
0.4659783374373757,2.350252629762295,1.7886069271977358,1.3125984350065565,0.30245958281798485,-0.1541870757374951,0.9322641995688338,-0.5173852503877604,1.2430282513071749,0.9117990900672573,2.093114368466648,1.4218768472204073,0.18084782783342218,-0.2718505534533969,0.5150685515400549,0.4223611866264116,-0.41862765687557346,0.30419593635517983,-0.8042764931851133,0.13963798315863024,-1.1066402837379512,2.185578325941468,0.05841036955416284,-0.40737574937422427,0.5517890960719605,0.22627231659848057,1.3050611349647725,2.4055687146576323,0.01770534046054899,1.408424805956947,-0.12694888415517022,-0.01691008950817954,-0.22716754696187394,2.9856067203416754,0.20789798766843948,-0.5432534177239645,0.14392505588194043,-0.10746737484241388,1.0425590351006124,1.9979280456012685,0.5393902515639273,-0.3408236655620091,0.03873655303022521,-0.20467989384299276,0.49768749906861487,2.0212338509581103,-0.1990891831463693,0.2529203607013991,-0.05781206305983699,0.7142684284941044,-0.3609168635972123,0.22426597039084575,-0.13048244831660957,-0.6321930559204464,0.3080630093839358,0.06259027474511128,0.7196649878693976,0.34812522285890846,1.2545245039284818,2.5588056636771004,3.302633089321322,0.15284624299762478,-0.13135338487673806,1.5009951788327736,0.36737994824810605,1.1693825299475404,-0.9709176761638569,0.06297881059612241,0.7484761893301118,-0.2947379206791281,0.020916352692486633,0.9503957454250109,-0.16407925900999093,0.2371849626472683,1.0131012190598476,2.624296197675986,0.7900270523781213,1.4346087248355728,1,27,train
-0.8507373944389628,-0.8450479197984744,-0.32947621390101944,-0.6077394926133648,-0.5263276111670147,-0.39254785708968404,-0.624780162053903,-0.5379086300362806,-0.29032768026087474,-0.49731930611488423,0.5469531657006768,-0.29877125825753154,0.38608932682031877,-0.21430376213809357,-0.3168759219696795,-0.12285826825796115,0.2385634511043678,-0.4538044526183463,0.05512295010009015,0.20661302396078385,0.6115350345534781,-0.10112583579438329,-0.6202522036190888,0.22742858490378517,-0.49370435637111837,-0.1684910316175596,-0.24323386924637885,-0.4620576760147229,-0.1375084817494412,-0.4123476101612288,-0.389636690295449,0.29229327406909517,0.07819869034575752,-0.1011440631827172,0.4238310298742038,0.20005514856313938,-0.07608021602866505,-0.6155104479880885,-0.3672351770790747,-0.38377873233658183,-0.7616250619149866,0.32581283207261375,-0.09696648594706403,0.5086584830519916,-0.34859524770476114,0.21578198322986858,0.058779709680918606,-0.33405204970522795,-0.14169186806925776,-0.6007931208195071,0.2937009951651052,-0.4220762500223742,-0.3428994379823802,-0.0917428443820225,-0.5844987637738247,0.06259027474511128,-0.14800815290273264,0.004965822146855628,-0.8724062747403863,-0.11566849273225385,-0.9540964994785499,-0.1224147501271431,0.3150743549448636,-0.4044125215624199,-0.5469645851126298,-0.14196865542357115,-0.32912405375480874,-0.3602640340202593,-0.5431541476330921,0.38261096020920715,0.5996306847702625,-0.860726624197131,0.020653858511327824,0.01437564261141897,-0.4414092438164586,-0.669180718665521,-0.5591368722090634,-0.5896070216445182,1,27,train
-1.236671315850993,-1.3901655651758524,-0.4773506015752652,-0.969493292358667,-1.8121665665408004,1.8489602598568622,-1.6225461026049237,0.9726121120948115,-1.1977068457580726,-0.8568404446813074,-0.8813189131007333,-1.0055320929807279,-1.580124233474151,-0.7130426202040558,0.6290335479112514,0.6284283821732611,-1.168151399860961,0.0531083075076993,-0.08057169883967881,-2.632384538930505,-1.0483071710799088,0.597468794261541,0.3977416561407887,-0.44231910722438994,0.43673479269305704,1.1500185514240144,0.9526905477994759,-0.2884215826345619,1.2641193672983488,-0.1348965753241734,1.3825810440875588,-1.5096159826398505,-1.2609978202563852,0.11933813564045372,-0.9778395949702311,-2.1614981089115135,0.4485477400658557,0.301259007312377,-0.22742087504472558,0.19939638407206875,0.7713894857856916,-0.7163935233843318,1.363626749361128,-0.5440908957527031,0.8400041157409917,0.8843101512330147,-1.559759085724399,0.8137220266949918,0.34061701073491163,0.6312119095900869,-0.8913830594908145,0.0017547141830159508,1.0003256437276398,-0.4813697410725141,0.25650709468890276,1.6092802064470242,0.6524714449813201,0.730416835932862,0.22179510850544754,0.6830225949326556,0.54827864950964,1.0965982194254005,-1.6132454656734434,0.5118491048571266,-0.07230485467946095,0.6207163069881139,-0.625751358229579,-0.06309352609811895,0.2185765639093102,-2.195684779946391,-1.6916743160725594,0.3796639062583696,0.8657096088748073,0.3857245093378345,-0.2106197607770447,0.14742850032884283,-0.3315001606532009,0.6349185533866479,1,27,train
0.22051301242163587,-0.1946770114807957,0.42294346455911336,0.027865314415764085,0.2034317011837478,-0.23364066952155807,0.5119780488226329,-0.3573028891293023,0.1767620167461216,0.19446070458638479,-0.16793857321262157,0.35803527662920853,0.2875734073066084,0.09261245821019094,-0.6131849125347903,-0.7625251877679733,0.276582771400728,-0.794904627656433,-0.442424096012396,-0.042682961247232344,-0.024826194443347504,-0.45693179644398446,-0.21305465971513785,-0.3200173547488101,-0.9038979597219914,-0.3935061401007025,-0.2895047544297006,-0.7514511649816579,-0.29272230395943133,-0.8285241624168118,-0.1750466514766297,0.06305629762387427,0.05980313388144237,-0.3755219106071076,0.09803731707252432,0.01422800699136341,-0.438242740558431,-0.2831815204416698,-0.5070494791134239,-0.8003323869141893,-0.7024880022113995,0.1521117728297895,-0.6004961832049004,-0.14715260538371983,-0.08234899029291254,-0.21003213651735828,0.21240373093972842,-0.6854877603945461,-0.5296359662378288,-0.5823361166186143,0.11311675826515558,-0.3532037183389983,-0.46785060837401,-0.11059575873801403,-0.48783142372063765,-0.0029937506274079918,-0.3495887815669649,-0.3050817065666658,-0.3683359745934292,-0.47622046944955587,-0.4286178675554507,-0.09292250086377511,0.12286241141056287,-1.1072268372819585,-0.511989657607028,-0.03301366079333044,0.280310226347901,-0.42780278582074577,-0.8246633236378931,-0.041278339443492955,0.15886569929242159,-0.4383850632138164,-0.16407925900999093,-0.27857735225053104,-0.4897140193363359,-0.5502045410636932,-0.48140726338511036,-0.42300490259265877,1,27,train
1.1512948228859443,-0.6879534974995182,1.1601407795821914,1.5678546208081483,0.5964962159781041,-0.34212538411133636,1.359169029854345,-0.6015311069466935,1.1530560555722207,1.3616264861882796,0.9489853064003329,1.2942158587494634,-0.42666700916779193,-0.6043431254973718,0.8455670410165248,1.1908201033532049,-0.7608015395428156,0.9627087742759307,-0.713813393891934,0.16940466795958742,0.4895657989957532,-0.9776234461751081,0.7794893535507428,-0.47143857209952794,0.8819449231592484,0.3210155201703302,-1.0440761128038711,0.7428715780476063,0.18702951014417463,0.46046710359700793,0.2541334261610089,-0.18750504872322768,-0.27867510506195636,-1.1251613866058887,-0.14441381803570222,0.3355541059592261,0.6888611909220556,0.5953892075546097,1.0891638024453956,0.7139626632561723,0.9078596235632,-0.6976150304932157,-0.8933290567874719,-0.27371263999412027,0.2567980280769423,-1.014820822839617,-0.3417400600295499,0.8249380600148637,0.7460360682804453,1.0787942614617372,-0.7446583670096054,0.34081948554732805,-0.011778836444561288,-0.8332908090510227,0.6045095188803763,0.28120369265350886,0.5034770672729746,-1.0756852730779423,0.5496457102270457,-1.2429639136078692,-0.7848147925503033,0.47726098489467267,-0.2925634020345387,0.62638180815957,1.0319035708545423,-0.8462848707119128,-0.3668766197788704,0.621299158813477,1.134861332866113,-0.4302076968567951,-0.32227470470247344,0.45195660588614417,0.24862238651635948,1.0954134546372063,0.9540620489799975,0.6449652430273957,0.8622045462860778,0.9472975266088842,1,27,train
-0.5002753408037736,0.13679221957000193,-0.6360981059902644,-0.30346059563133504,0.1546795133022772,0.20335409629078835,-0.33686760209390704,-0.35319821319959827,-0.6176733285731549,-0.17187600058793256,-0.3855800328395031,-0.6762037459107568,0.024864288603380726,0.009489315199197225,-0.6397767450214029,-0.5092342599083041,-0.07645377420833133,-0.46327945748051536,0.46974548852716197,0.068942106756357,0.20320324594718167,-0.014343894172529346,-0.353028815432121,0.3730259092794754,-0.29861227672862994,-0.3777156061720609,-0.4603510997219656,-0.48310447521231814,-0.7489568722736449,-0.8516450819865664,-0.5043313662158525,-0.20349832614963845,-0.25660043730477816,-0.29712823991442466,0.2457809775290999,0.11101297655999674,-0.3739335072307155,-0.32520012047627445,-0.48957269135913023,-0.48179135694307773,-0.4113517082860482,0.24600423728537016,-0.661205437484214,0.07720381960744463,-0.34859524770476114,-0.4101647727985549,0.3715143243863529,-0.6967037937144179,-0.5995358037456795,-0.4531370872123647,0.12440327307140243,-0.4220762500223742,-0.6490298054418732,0.3732957097324353,-0.04960614881285631,-0.12323113047702666,-0.4021750325228516,-0.4766614069226922,-0.42570982989470885,-0.18412772881781753,-0.29812988513159383,-0.6975136107628188,-0.044547991022537745,-0.5033271289599847,-0.27216158328290047,-0.2509236500538119,-0.01092385440914614,-0.2612071980462125,-0.4548375433962919,0.2777311334910133,0.1925118813899667,-0.7389704985082475,-0.4274222137744241,-0.27857735225053104,-0.41457325741652673,-0.5556125491365035,-0.13717613859331837,-0.2938882603274678,1,27,train
0.16092027455654298,0.04881934308258646,-0.10114076234519882,0.048150574214566075,0.21409624228281948,-0.6186850086289403,-0.14658056533873726,-0.41887302807486315,0.06764680064202819,0.13141671346336273,0.13887542890027393,0.021306292546429104,0.16442850791447045,-0.2846387293012421,-0.6397767450214029,-0.49635506018662595,0.1353681531571043,-0.38747941858316276,0.25866492350974357,-0.009195440846155544,0.2456273278803034,-0.4135408256330575,-0.3827203030084508,0.09347904647815017,-0.6687869919477105,-0.4448253753687877,-0.36425003049506655,-0.4567959762153241,-0.48086027027457096,-1.244700714672395,-0.4155354880839272,-0.05955882931194157,-0.08368220654021578,-0.4539155812997906,-0.019399951495522916,-0.005128986922363256,-0.5296295458136056,-0.3481193568587861,-0.9090155974621777,-0.5553008253979497,-0.8526051537666588,0.3211182088498347,-0.5290735311115903,0.20376385421784507,-0.06333140047778049,-0.45274618477327755,-0.0783845950144473,-0.9023310712454019,-0.6135157712472495,-0.3885375725092399,0.1356897878776493,-0.24724597728765074,-0.34602321724217094,0.10307060396322335,-0.4910536683890772,0.4670250978756468,-0.627127328278589,-0.39237664183552134,-0.7412660340517471,-0.18869167789018845,-0.3298702051806401,-0.6090368629727149,0.0484577881069626,-0.8208950790258502,-0.5369717486824579,-0.2742711489031492,-0.11339510504588494,-0.5403673721548898,-0.9350590789338934,0.1859612851125937,-0.029552920453831025,-0.34706796894715375,-0.33702090094484255,-0.5715303471124811,-0.7634410806156408,-0.6962207590295728,-0.27042689657723784,-0.6187623924785935,1,27,train
-1.4324760259791556,-0.695808218614466,-1.5624876523024511,-1.4394351443642464,-1.1753411123390916,-0.12210004747854658,-1.9121133324497472,-0.5379086300362806,-1.73371141609397,-1.2436238496793075,-1.2954422460018828,-1.747445953514764,0.2998878972458222,0.6680803713632244,0.8911530395650035,1.5428515624124062,0.8577352387879488,1.0337713107421989,0.3642052060184528,0.18800884596018563,0.3516875327131076,0.44126129934220387,1.2503115136896863,0.6351010931557178,1.3471644976913362,1.1026469496380897,0.34405044269578205,0.5902822838650406,1.1230158925619942,1.0384900928408733,1.0384970163263485,0.5801722677444888,0.05612402258857934,0.4084147963197223,0.14728520389138283,0.27748312421804605,0.702399976885785,1.0041155897094005,1.3163620432512129,1.0129011683059848,1.367309087414145,0.5417655003204493,0.2637179071241521,0.29005478690675446,0.935092064816652,0.3563006427464534,0.44832633501575786,1.1913284817973444,1.0885452720689135,1.4894626049316018,0.38399311361508004,1.0984173340644627,0.669205042189821,0.5304033293656981,0.9847343897562454,-0.06311244055221732,0.6846074872321397,0.23072858577320618,1.0987954681107226,0.514156479254932,0.24498225792986458,1.406266836690764,0.4514828310014641,0.9908040459400715,0.9769429704885966,0.3210900717549519,0.7009816763303024,0.850930914935131,1.4494892354597142,0.22092122735199163,0.0713856258388043,0.8248347408083498,0.8932230519098974,1.1614310309441245,1.1419139537795204,1.2668861714005866,0.7345059032181549,1.538735049242985,1,27,train
0.0715311677589036,-0.0611467525266829,0.7165176165594541,0.4352609487083706,0.07088669038099968,-0.3757403660969015,0.5351434272102188,0.7776400054338688,0.4734788324677791,0.6033947010600413,0.28548113434338157,0.6300086868499151,-0.13932891058613658,0.20770604084079763,-0.49542108295122067,-0.5607510587950164,0.3254647546389055,-0.41116693073858546,0.4772840801349269,-0.005474605246035899,0.12365809232257848,-0.3961844373086867,-0.48451968898443853,0.6875161299309662,-0.5937515767005995,-0.3461345383147777,-0.3713686282155776,-0.4936278748111158,-0.05754984606550685,-0.5048312884402473,-0.48213239668287117,0.2549756267408034,0.04140757741712722,-0.5127108343193029,0.05636602822579788,0.021970804556854077,-0.6582480124690364,-0.45125592058008845,-0.4371423280962493,-0.5111951443250264,-0.23394052917528727,-0.12956562053695259,-0.5933539179955694,-0.020592570773319364,-0.12355376822569863,-0.3973903492061381,0.12461857593469425,-0.4948151939567246,-0.5296359662378288,-0.31932380675589195,-0.03360793421605353,-0.18367133265684224,-0.480345725413173,0.16591365181652845,-0.4523867323678024,-0.19974582674496583,-0.19183002869930485,-0.46763089637763816,-0.44620049250230875,-0.5309878583180069,-0.2910764806762502,-0.05359950184595113,0.3708778224225638,-0.19096521086241192,-0.29714367435833045,-0.3092923971771551,0.18862542314660838,-0.4818337872611349,-0.37204072692429163,-0.32532787013860126,-0.11703299390744829,-0.45360457892492684,-0.21517565321801527,-0.3941081107876381,-0.19451816893708557,-0.5772445814277449,-0.1538324833413083,-0.33137373711413615,0,27,train
0.20916201473304674,1.1421965222833217,0.5534208654481537,-0.18005859852195627,0.42586355839295714,-0.2596158828740402,0.5384527669798739,-0.40245432435604694,0.20930515137365824,0.16890232980678127,-0.1724727702881816,0.28587906575432726,-0.02439367115347447,0.2268883046125654,-0.4612315840398617,-0.6551985234206558,0.21140679374982477,-0.4064294283075009,-0.03534014919308916,-0.1133788376495056,-0.16800747096763327,-0.17055138909186646,-0.42937835491411186,-0.022998813022402025,-0.7938460173595621,-0.35008217179693807,0.1269332122201953,-0.8093298627750448,-0.3068326514330668,-0.7649416335999867,-0.29344115565253004,-0.1608495863458764,0.08187780163862055,0.11933813564045372,0.09046071910039223,-0.11739955162197792,-0.2994701844302029,-0.4703552842321815,-0.6526893770658709,-0.7807298619928901,-0.6706449700633142,-0.04506240252692996,-0.27552311618033937,-0.07236713038666501,-0.23132011051144688,-0.6273299738696406,0.09169914280780643,-0.7677386714069397,-0.6869106006304927,-0.6054073718697303,0.24291167853699439,-0.06711781750035994,-0.21794826759075042,0.12192351831921487,-0.3686083709883736,0.21015433183327964,-0.14508669451629447,-0.14554268693737807,-0.4748874201529486,0.15360450253762994,-0.49209850765354324,-0.323945120093491,0.023656247005762507,-0.6647141199770639,-0.6918607133501236,-0.18088115350579997,-0.28597826401302395,-0.34675628366016203,-0.8357028991674931,-0.045648332223417694,-0.00600059298554945,-0.46121433678048207,-0.08939991362903228,-0.5550259530357515,-0.049603842377453605,-0.669180718665521,-0.37591707998117413,-0.3188785781852467,0,27,train
0.24037725837666685,1.629189231410086,-0.9274976346424546,-0.2713422676165652,0.4410986171059167,-0.27336746641358955,-0.06881108075184178,0.9130943111141027,-0.5123867165428894,0.020663756085080736,-0.7785437793880392,-0.5226405278949838,0.2834685773268705,-0.04166338819218353,-0.3662607537305313,-0.5135273264821967,-0.19051173509741204,-0.46327945748051536,-0.3670381799347466,-0.05012463244747164,1.3115323864499864,-0.8344332424990492,-0.7050850252657453,0.14007019027837103,-0.5387256055193849,-0.2237579003678052,-0.4318767088399214,-0.3989172784219371,-0.5090809652218419,-0.48749059876293127,-0.38593686203995214,0.3882529386275597,0.25847514369604596,-1.296647541246133,0.2116862866545055,-0.4309828530243499,-0.30962427390300007,-0.6346098116401816,-0.39053756075146623,-0.5847046127798984,-0.5796648782116419,0.14741714960701044,-0.03982836427241593,0.4223675503630822,-0.4817183764106855,-0.8657858809280876,0.058779709680918606,-0.5322019716896307,-0.5471109256147915,-0.5869503676688375,-0.3496303487909655,-0.4432677982326437,-0.5053359594914989,-0.12944867309400557,-0.5329428490787916,-0.008459086075117932,-0.16845836160779967,-0.12146132548390068,-0.0773685655655108,-0.8732840387458253,-1.2432860821476381,-0.39767574325191096,0.22206857581536324,-0.18575917889411903,-0.6818678769199515,-0.1536424048482398,-0.1673273422231159,-0.6754448757558628,-0.5210749965738921,0.13789136453342152,0.010822498063223102,-0.36989724251381945,-0.4313527056365798,-0.3817298152300909,-0.7688082778956271,-0.32306820200565817,-0.26487478166124123,-0.33553879009043264,0,27,train
-0.3569689949853359,0.8264367334624197,-0.20334805970828043,1.0117004146576605,-0.11650453178840278,-0.4490821449744981,-0.5900320944725241,-0.5461179818956887,0.019789249719180196,0.7005165252225348,0.4547578251642895,0.01575581478682285,-0.2912076198364401,-0.23988011383378394,-0.27508875663357407,-0.8569726523936126,0.3526214119934485,-0.5532920036711215,-0.4725784624434558,0.15452132555910883,-0.3854308908748821,-0.04905667082127092,-0.6117689214544232,-0.500558036974666,-0.6337704648323921,-0.4092966740293441,-0.6027230541321864,-0.47784277541291936,-0.5373016601691128,-1.059733358114358,-0.45623359889439297,0.15901596218233882,0.03404935483140116,-0.07174643667296107,-0.08380103425864559,-0.13675654553570457,-0.5736306001957266,-0.7301066299006467,-0.5769566301305985,-0.30046800142106034,-0.520527818508055,0.15680639605256852,-0.5219312659022592,0.11172019268300838,-0.08234899029291254,0.10507031209558959,0.22886344750317233,-0.45742841622381836,-0.603030795621072,-0.3931518235594631,-0.2593382303409906,-0.3955868147595373,-0.48346950467296373,-0.1420172826646666,-0.6006099871160225,-0.06311244055221732,-0.08957898517396966,-0.6151292352801871,-0.2781770591199897,0.08514526645206627,-0.05478743142223908,-0.49106786591924295,0.3212747402201636,-0.7063623757234069,-0.5319753304673719,0.07983258364513315,-0.03249674928003852,-0.34225370020679624,-0.6866686295178926,0.3913509457690566,0.11849028077536745,-0.1606289014860509,-0.31736844163406397,-0.7200698938030473,-0.5326515975762268,-0.5880605975733657,-0.43143822914114055,-0.7062285049808197,0,27,train
0.2588226296206242,0.16035638291484536,1.4232702047084227,0.8578705278500787,-0.785323609287327,-0.8341264840818803,0.8478760354426281,2.3394691966862613,1.1377416392769093,0.9254302232830459,1.420541802258576,1.349720636345526,-0.4348766691272678,2.4456368142137053,0.44289072050496386,0.24205239052291827,1.802786914726046,0.30893343878626434,2.9650193106973575,0.7014841587766967,0.2191122766721023,-0.2226205540649788,-0.353028815432121,1.7125212935358254,0.3016710452482574,-0.6224688820660058,-0.28594545556944506,0.979648069020553,-1.3886259577451197,0.7436983683265019,-1.1074033718618446,-1.264385728768219,-0.7569595731341503,-0.24813219573149778,-0.3414053653111363,0.07229898873254341,0.022075982208374322,-0.3175603750154372,0.02307974943348333,0.7727702380200698,0.3574300678605826,0.4854300216471009,-0.33980350306431845,-0.8547382534327769,-0.8620701727133264,-0.035448347420995265,-0.7367732575522037,-0.16955022768044076,-0.45274614497919313,0.5850693990878549,1.281271040711705,-1.5664198533769276,-0.5678115446873139,2.8053216616553427,-0.062495127486614586,-1.5606143532247407,0.5268487343644798,-0.4887020876494309,0.4021129394523265,-0.04720925664669018,-0.0653675381052545,-1.5036350906282105,-1.0614111761717415,1.2563116763230082,0.372376366463192,0.10318008249447046,2.5832167538156625,-0.3512588671135278,0.22961613943891027,-0.6181173863935591,-0.13049146674646633,0.48239563730836504,-0.903011729095266,0.3815984108186521,0.5676238448209789,1.2073980825996726,0.22371133094646356,0.8181808843436933,0,27,train
-0.34845574671889407,-0.19938984414976438,-1.0884197624056045,-0.7463554345718451,0.08002772560877541,-0.35434901392426915,-0.4725505326497672,-0.48660018091498003,-1.0617914011371843,-0.5995528052332983,-1.050595603921641,-1.1276426036920655,0.2752589173673946,0.25885874423217836,-0.14212959420051152,-0.48347586046494784,0.015878860797114966,-0.12691678487351316,0.16066323260879936,0.068942106756357,0.2085062561888219,-0.16187319492968105,-0.4760364068197729,0.6525727720808007,-0.07850839200377127,-0.555359112869279,-0.22543737494510124,0.24301009710471863,-0.3585705921697302,-0.44702898951586073,-0.41183565982843034,-0.054227736836471314,0.5049756003178689,0.01644644285630729,0.351853349138949,0.28522592178353673,-0.23177625461155507,-0.49709439334511174,0.11628928412304944,0.38071973959408617,-0.44774374502671715,0.30233971595871856,-0.5147890006929282,0.34758207536602737,-0.294712076561887,-0.07802975939571795,0.3989471853254261,-0.5359406494629213,-0.3933312830975201,-0.5361936061163822,0.5137880338869188,-0.28962907370818974,-0.5303261935698249,0.17848226138718948,-0.2590520522614283,0.3139957053397685,0.17627372799190189,-0.3472240891102512,0.049673542601608486,-0.3119183028442031,-0.22759584057815765,-0.387844993497455,0.5816909217827646,-0.3367341059746125,-0.15724396433592275,-0.19255490293046865,0.1562660808402698,-0.3737717843803566,0.030903779906109638,0.32580105407018545,0.3742012647167103,-0.111165475424942,-0.36453434397993256,-0.2414424655778895,-0.5541203866961724,0.40701288782373996,0.03493942380257762,-0.018994763891899878,0,27,train
-0.34845574671889407,0.10066050244124201,-0.16203021609341767,0.07688802559620223,-0.33284236551242835,-0.8692694197940619,-0.5387373280428697,-0.3408841854104861,0.11550435156487618,-0.07305028477346556,0.27338994214188816,-0.07120167011367513,-0.11880476068744693,-0.12478653120317726,-0.3852549197923974,-0.5478718590733384,0.010447529326206363,-0.6290920425684741,-0.0428787408008541,0.13591714755851061,0.1342641128058589,-0.46560999060616987,-0.7178099485127438,0.19830912002864715,-0.5687397716182293,-0.31850110393965486,-0.442554605420688,-0.5567682724039016,-0.48086027027457096,-0.6840184151058455,-0.5339299922598275,-0.07555210673835233,-0.24188399213332606,-0.556807274083937,0.253357575501232,-0.1715991345804126,-0.6751714949236984,-0.7530258662831584,-0.4254911362600535,-0.4964932506340521,-0.8344091353963243,0.14741714960701044,-0.45050861380894913,0.01967653114817169,-0.20279372578874882,-0.2483554072946087,-0.11679060032914976,-0.6032368493821525,-0.36886633996977236,-0.6054073718697303,0.20905213411825382,-0.40088470181210467,-0.21482448833095968,0.015090336968596192,-0.4910536683890772,0.12817430011763056,-0.332060031248336,-0.49472242801280025,-0.33964904694278936,-0.4488367750153304,-0.513258721019574,-0.5451369895687509,0.38327859297316386,-0.7375985675331641,-0.6668786222746936,-0.3559873948758297,-0.29137148773074706,-0.5538751225149872,-0.6977082050474926,0.26025116237131435,0.27662733663382943,-0.19867769076382702,-0.49031008356891553,-0.4436212930178268,-0.9727617745351091,-0.744892831684866,-0.3037395860732177,-0.5521215448578498,0,27,train
0.4290875949494611,1.019662872890136,0.38814949098870255,0.14957687320857602,0.2262842892531871,-0.7455051679381177,0.4292445545812547,-0.47223381516101587,0.20164794322600255,0.04962991416863141,1.5973754882054176,0.23222444741146678,-0.012079181214260671,-0.13118061912709986,-0.48782341652647426,-0.5478718590733384,-0.1579237462719604,-0.42537943803183903,-0.03534014919308916,0.02429207955492126,-0.32709777821683966,-0.10980402995656868,-0.353028815432121,0.18666133407859192,-0.38865477502516305,-0.2079673664391636,-0.1150991102771801,-0.10952378945500213,-0.12339813427580572,-0.41812784005366743,-0.23794373182007675,0.3562663837747382,-0.8562955780414521,0.17813338865996595,0.15865010084958095,-0.6206813933788712,-0.30962427390300007,-0.504734138805949,-0.2623744505533129,0.08668186577459847,-0.4249987220637991,-0.23754195466087036,-0.45765087901828017,-0.4520472342178664,0.17438847221137008,-0.33351823124405405,0.08072599843217715,-0.27049452755928743,-0.5471109256147915,-0.11168250949584801,0.2034088767151304,-0.09360725276319683,-0.4053750231781951,0.015090336968596192,0.08895037193004515,0.625519825859235,0.03896518382930889,-0.028146049851675785,-0.6224201909276678,-0.11566849273225385,0.8586284455447591,-0.01919187770535515,0.04225740283166258,-0.024372187877039805,-0.7068499679953816,-0.39100864314983563,-0.6796835954068099,-0.27021236495294404,-0.8909007768154933,-0.08060827446281564,-0.3054516136537009,-0.3965313950082627,-0.5021015591553827,-0.43124299746027966,-0.32869810093674484,-0.0851158468020025,-0.486959378301107,0.2517336795673716,0,27,train
0.04741029767065171,0.5955079326829541,-0.15985559274526698,-0.004253013599005726,-0.21248540168004793,1.138461776980145,-0.012552304667704638,0.71812220445316,0.019789249719180196,0.046222130864684276,0.04365729031351326,-0.006446096251602166,0.17674299785368425,0.3483759751670947,-0.5600012475615653,-0.650905456846763,-0.01127779655742806,-0.2690418578060493,-0.14088043170179834,0.028012915155040903,0.23502130739702295,-0.4265581168763356,-0.5990439982074247,-0.29089788987367204,-0.16855089030030437,-0.3935061401007025,-0.2681489612681675,-0.6883107673888721,-0.3350533463803378,-0.909447380910953,-0.5302301640043307,0.18567142455969007,0.05980313388144237,-0.713594615469303,0.02605963633726956,0.660751603709834,-0.2859313984664733,-0.49709439334511174,-0.7458989117554371,-0.5454995629373001,-0.7252330251743176,-0.12956562053695259,-0.39337049213430103,-0.27371263999412027,-0.10453617841056659,-0.37184150202130445,0.32213517469602115,-0.7490452825404866,-0.5121610068608662,-0.4992795977145967,-0.3552736061940889,-0.5174382169685869,-0.5272024143100341,0.18476656617252,-0.455608977036242,0.3795797307122878,-0.410939407682166,-0.2960511960216118,-0.577340733190948,-0.22976721954152665,-0.38982414305106083,-0.387844993497455,0.2902728138436635,-0.6126538002941351,-0.4220541297354801,-0.36766114430049834,0.17244575199343906,-0.5268596217947925,-0.47139690669069195,0.38261096020920715,0.1655949357119306,-0.5943850992526983,-0.580711396398497,-0.7489525834373241,-0.5702219785361314,-0.5880605975733657,-0.6535228257810064,-0.42716995556895526,0,27,train
1.0278527230225376,-0.6031225094580818,0.9405038214189734,1.7081610010831954,-0.3130367891855809,-0.718002000859019,0.9057894814115928,0.8515241721685418,1.3425719572266985,1.566093484425108,1.0819884206167605,1.395974617675578,-0.90693211679713,1.2947009879076388,0.9253425384763624,0.5253947843998363,0.7056579576025078,1.4127715052289618,0.72605760319117,0.13591714755851061,-0.49679410594932655,-1.0253535140671277,0.7879726357154084,0.9030001700069878,1.412195190905499,-0.6658928503697702,-0.723739215380874,0.4745248882782666,-0.5467085584848698,0.576071701445781,-0.5487293052818151,-0.3314445455609245,-0.6171533440053552,-0.6303013403583273,-0.6747756760849478,0.2116693449113754,0.6719377084673935,0.5953892075546097,0.6580697045061524,0.8462797064749417,0.6849583985266029,0.6872988202265994,-0.39694162473896655,-0.7051673034386673,-0.3993088205451133,-1.0701766584067565,-0.6983672522375012,0.23796564960823663,0.6621562632710246,0.889609968402586,1.0329677149742742,-0.3055227348658919,-0.836456561029318,1.3222257323173425,0.5497313595169036,-0.5713886371892417,0.5852779020932427,-0.7716580847277902,0.9061832395992837,-1.0102025109169526,-0.7283875569075544,-0.5746292388321189,-1.3652300546614426,0.8346230868912852,1.2467495541032398,-1.0564123603559485,0.8088461506847643,0.2250718149172899,1.6095630806389147,-0.6836672780924302,-0.3996609235268272,0.8857128036527916,-0.6435992661929885,0.9386217109082754,0.4119751237013742,1.028933816196931,0.6678805242261951,0.5974330765999797,0,27,train
-0.0575864309487977,0.059815952643513394,-0.6143518725087577,0.17155257132394483,0.4791862638883156,0.15598753076567387,0.04370647141643251,-0.3860356206372307,0.06381819656820034,0.2932864204008518,-0.6122898866175046,-0.036048644302835525,-0.049022651031902065,0.06064201859057797,-0.6853627435698815,-0.4791827938910551,-0.00041513361561084874,-0.40169192587641633,0.4395911220961022,-0.027799618846753766,0.1342641128058589,-0.4005235343897794,-0.7093266663480782,-0.15694835144803704,-0.543727966535859,-0.3619250722434193,-0.33577563961302237,-0.30420668203275836,-0.39619818543275814,-0.8632055417714438,-0.3304394382074989,0.10037394495216605,0.14442269361729207,-0.1648389206205221,0.07909582214219411,0.010356608208618076,-0.4179345616128366,-0.562032229762228,-0.6934685484925561,-0.6386115563134711,-0.6478999471003962,-0.14834411342806872,-0.2540963205523463,0.048440175377808155,-0.275694486746755,-0.22280656010977506,0.31116203032039186,-0.8761603268323677,-0.42828120185144536,-0.6377071292212926,0.1864791045057601,-0.5545234263365586,-0.39600368539882286,0.10935490874855384,-0.15916246753980165,0.12270896466992062,-0.37296044865847006,-0.3050817065666658,-0.6347145884922277,-0.4442728259429595,-0.16764190270773693,-0.5058139905509269,0.5196870690297644,-1.003106197916101,-0.3870792022298782,-0.16531615427290847,0.3881747007023628,-0.37827436783372237,-0.5155552088090921,0.33454103963003495,0.04783329837052272,-0.6438485253138073,-0.41170024632580116,-0.35697322411499655,-0.5219172030162541,-0.8584610012138835,-0.4425424589731339,-0.5437914389052568,0,27,train
1.9643100323311402,2.0831921118540695,1.595065449212326,1.2940036135243214,2.5252546490387835,-0.559094813290893,1.999526275282612,-0.6815722875759226,1.83646188275049,1.233834612290262,1.9585998552250334,1.875165864254918,-0.6154891882357368,-1.2821164454331666,1.0621005341217982,1.3668358328828054,-1.2713466978082244,1.360658978487032,-1.3998252301985437,-1.1403294632825276,-1.1596703861543531,2.497993315780142,2.7857855854941684,-0.44814300019941755,1.3871833858231286,1.8211162433912826,2.4974262531503717,2.163530523885287,3.709912929395164,1.807260668535214,3.410086928099852,-1.600244554722845,-0.7716760183056024,2.275164079689236,-0.3755000561857306,-0.8413511239953552,1.2168738435075086,2.2761332089387967,1.0775126106092,2.7379233613803122,2.290757019708619,-1.1670773527711191,3.349176477555149,-0.365756301528957,3.166489269792145,1.4634173540892432,-0.731286685364389,2.350318591517436,1.2178599714584373,2.126229249862403,-0.5358578430940386,3.2016784939337115,3.090133968527648,-1.254339229668167,2.418633267211854,0.14457030646076038,0.9972035345810217,2.310756181317316,1.3364871543588812,3.0197645199865626,2.678406795023412,4.124469143797847,-0.7513919124067403,1.6363520100083884,1.676441520600635,1.4612262655642565,-1.2136127434613961,2.012597445903498,1.3777319945173139,-1.0201567221466354,-0.8303320543754046,1.3461031539138824,2.0920230698673916,1.334727168749785,2.032868702257258,3.078568875792056,1.0343201086819738,2.9923385379704577,0,27,train
1.1498759481748706,-0.7884939277708501,1.4863342818047922,2.1138661970592354,-0.30998977744298906,-0.6171570549023236,1.3757157287026207,-0.6672059218219584,1.7771185196061583,1.917095164731663,1.4039164129815227,1.8955176160401408,-0.8987224568376542,-0.9240475216935014,1.5559488517303164,1.7274534250897922,-0.7608015395428156,2.128134372322727,-0.8796624092627627,0.40381731076712507,0.65926212672824,-1.3768203776356362,1.3648358229126725,-1.0771234415023991,2.3676461450520447,-0.8948555923350735,-1.3145828261832906,1.042788466613339,-0.5702258042742623,1.82460135821253,-0.778118657122622,0.04173192772199325,-0.7017729037412048,-0.9977716717302788,-0.5080905206980421,0.35878249865569806,0.9900991786150384,1.2485874444561913,1.9105728268971969,1.8264059525399006,1.5538182757100731,-0.8619268432904819,-0.27552311618033937,-0.779952778435722,-0.4151568120577233,-1.4959907781539834,-0.6819075356740573,0.8884955821608043,1.0675753208165584,1.4525485965298162,-1.043751009375147,-0.6180980709673671,-0.6552773639614546,-1.0909473052495737,0.8300666456711461,0.47795576877106666,0.9037168662150009,-0.9281869341753932,1.6233564308652797,-1.5487485014567202,-1.24681278437531,-0.6827674861311349,-1.166817725851842,1.6207339141035098,2.4259042528635333,-1.1498023557532977,-0.6958632665599791,0.90496191637552,2.901193417602119,-0.8322470326098714,-0.45349481488289933,1.505908068880542,-0.6986261522631686,1.5987974739774584,1.136546756499534,1.8888070997737776,1.8171683118375008,1.1347249105422261,0,27,train
0.6461754257437281,1.6181926218491591,-0.6534950927754698,-0.34065023859580534,0.5416500046114497,0.08570165934131047,0.24888553713505035,-0.5132805744580564,-0.4798435819153528,-0.03556466843004704,-0.7483157988843055,-0.46528559104571915,0.11927537813735319,-0.01608703649649315,-0.4270420851285028,-0.6122678576817288,-0.30456969598649275,-0.6148795352752205,-0.16349620652509317,0.08010461355671593,-0.5339151776408081,-0.6261565826065997,-0.8874755918060567,-0.011351027072346805,-0.6387728258488661,-0.4803540767082313,0.04862863729457383,-0.1358322884519962,-0.5231913126954774,-0.44702898951586073,-0.20834510577610169,-0.278133620806222,-0.17933910015465457,-0.7037954066327176,0.39352463798567544,-0.06707136744628858,-0.36039472126698596,-0.77594510266567,-0.7692012954278287,-0.4915926194037273,-0.5751158736190584,-0.46757849257704304,0.07087674647221477,0.12897837922079025,-0.4563615899905094,-0.967981269667422,-0.24846833283670103,-0.6368849493417681,-0.7253555112598106,-0.4808225935137039,-0.15775959708476892,-0.7187579249661473,-0.3054140868648913,0.17219795660185896,-0.7198330398482866,0.19922366093785976,0.12368747703601521,0.4113387966742866,-0.032289107828791054,-0.6907260758509888,-1.2327059754646228,-0.5205601151826109,0.1848662641635631,-0.357558233847784,-0.5219824940371999,-0.379334893725167,0.5391849647986094,-0.6934552095693257,-0.5652332986922922,0.20344125623229267,0.1622303175021761,-0.2367264800416031,-0.4510051649473584,-0.5343954604398395,-1.1337776929347003,-0.36092425851533066,-0.9033679970008553,-0.6437527103363725,0,27,train
1.3783147766577268,0.17920771359072013,0.7665339535669196,0.9897247165422915,0.5264149458984902,0.0016642043773976943,1.1258605760936586,-0.48454784295012804,0.785510064484748,0.9629158396264644,-0.16793857321262157,0.8316760454489422,-0.09417578080901932,-0.44449092739930696,-0.00537159855507571,0.516808651252051,-0.6195869212991919,0.024683292921192073,-0.2765750806415673,0.13591714755851061,-0.0990683378263105,-0.005665700010343952,0.6522401210807581,-0.5122058229247213,0.12158604865519118,0.2578533844557638,-0.35001283505404446,-0.5515065726045028,-0.20806021911761854,0.0038289420943542767,-0.13434854066616397,-0.2887958057571625,-0.035853759732996406,-0.12074248085588794,0.3215469572504207,0.1535983631701954,0.3639303277925459,0.5724699711720981,0.11628928412304944,-0.43768567587015456,0.14817585660173638,-0.8619268432904819,-0.33623237045965293,0.1865056676800632,-0.26618569183918894,-0.12912745376538518,-0.0180323009484863,0.5295825159249049,0.34061701073491163,0.400499357078927,-0.5697173875127791,0.028244149445852833,0.0569443072708351,-0.21114463530330219,-0.4298310196887254,-0.28719119390832487,0.08278705962588112,-0.256918983659711,-0.6674996486643875,0.05319762294546988,-0.11826807152033161,-0.21089149791724707,0.1352631819611629,0.05892432361564625,-0.06730843646437495,-0.08359990830022791,-0.08642898645726947,0.2115640645571926,-0.002214946682690466,0.03301153781522768,0.1992411178094757,-0.6476534042415849,0.2093174678948023,0.41460719897211123,0.2670607971417422,-0.6799967348111418,0.06825211329855749,-0.41050974366376936,0,27,train
1.117241829820177,1.5522129644835976,1.3275867773897931,1.7605645888967674,0.9210029665641425,-0.2290568083417083,1.1606086436750376,-0.4332393938288273,1.028626423172816,1.434893827223143,1.0819884206167605,1.1406526407336903,-0.09828061078875726,-0.8153480269868174,1.039307534847559,0.7958579785550765,-0.27198170716104114,0.5552835652026603,-0.6459660694220495,0.12103380515803203,-0.3483098191834006,1.0227003082086252,0.6479984799984253,-0.5820925386250525,0.9969992265381519,0.9802703116911173,0.9633684443802425,0.9270310710265649,0.7890710023526213,0.576071701445781,0.2578332544165058,-0.35276891546280553,-0.13886887593316122,1.1923515032465521,-0.19366170485456075,-0.16772773579766725,0.5974743856668809,0.5610103529808422,1.26975727590643,0.3954216332850605,0.5848802974897633,-0.21876346176975422,0.7529630739633265,0.07720381960744463,0.45014352453078477,1.7274221083325239,0.0039139878027722435,0.7576418600956326,0.6971061820249499,0.6958114242932117,-0.3947764080159529,0.8494166425937961,0.11629611320685924,-0.5253598745698277,0.4498417747952769,-0.16695381405870618,0.5210058175916035,0.7605185377497088,0.9266739022068836,1.3082836178474706,1.0349635569283495,0.6640452302293366,-0.06314914684843781,0.6784421278424988,0.6621686229381792,1.282228774386004,-0.3668766197788704,0.7788895796812787,1.2066185738085133,-0.13304818782191255,-0.03291753866358554,0.6307859154916918,0.7988912472181601,0.8849824301589042,0.6910693822606654,0.7260853641195509,0.9510383849420241,0.6640739242207234,0,27,train
0.12261065735755466,1.1626187971821862,-0.8405127007164277,-0.05496616309601069,0.6604834625725342,1.4807234117422625,-0.4957159110373531,2.2122242428654357,-0.6023589122778436,0.22001907936598833,-1.0475728058712677,-0.7058062939619901,-0.05312748101164,-0.8473184666064303,0.025019067143910025,-0.69383612258569,-0.3914709995210304,-0.6148795352752205,-1.7164460777246713,0.9545009795848324,2.0115297383464945,-0.7476513008771951,-0.5948023571250919,0.02359233077781885,-0.3936571360416371,-0.4290348414401461,-0.6062823529924419,-0.08321529045800805,-0.49497061774820644,-0.5395126677948792,-0.7189214050346717,1.3318563067857947,-1.2205275960348918,-0.9879724628936934,0.48823211263732647,1.6402154957444033,-0.4179345616128366,-0.5811315934143211,-0.4138399444238578,-0.16815095820229087,-0.3385676348047104,0.21314187472591692,0.04230768563489072,-0.5440908957527031,-0.6338590949317419,-0.5038438791429448,-0.6928806800496865,-0.2817105608791593,-0.438766177477623,-0.13013951369674082,-0.44556572464406374,-0.7187579249661473,-0.5459450898687787,-1.1223688291762262,-0.6263879444635391,2.6422286060642026,0.158744977673273,-0.22982745202454893,-0.28227519164150966,-0.681598177706247,-1.3667206601161515,-0.7958211083073788,-0.8878003884633409,0.12139670723516079,-0.4420398025958241,-0.2003374025469144,-1.8877657081767831,-0.7339784606496176,-0.6038718130458923,-0.38650776905754763,0.30354428231186553,-0.5182875206971462,-0.20731466949370383,-0.4023603078260029,-0.6614643322958997,-0.03644377414670929,-0.39257342472916407,-0.22724741270672405,0,27,train
0.6362433027662127,0.4541229526138935,-0.29033299363430737,0.5755673289834177,0.6406778862456868,-0.3757403660969015,0.39946049665435857,-0.5194375883526124,0.15570469434006848,0.6068024843639885,-0.8782961150503599,0.13601616624495835,-0.27478829991748843,-0.060845651963951315,-0.40045025264189027,-0.2902878646397764,-0.19594306656832064,-0.5438169988089525,-0.314268038680392,-0.03524129004699306,-0.20512854265911476,-0.2399769423893496,-0.353028815432121,-0.04629438492251246,-0.39865949705811116,-0.07374782804570995,-0.37848722593608863,-0.719880966185265,-0.20806021911761854,-1.1464368065009378,-0.045552662534238744,-0.38475547031562707,0.32837825826044353,-0.3804215150254003,-0.08001273527257956,-0.1715991345804126,-0.19792928970223114,-0.19914432037246044,-0.5653054382944027,-0.6582140812347702,-0.5614688598413075,-0.3173505494481139,-0.32909010525032195,0.07720381960744463,-0.6116719068140878,-0.17170886574010785,-0.20457575533418393,-0.36770014966484355,-0.20460172182632333,-0.3977660746096863,-0.581003902319026,-0.6657790544404735,-0.05551174608163171,-0.07917423481136147,-1.0001683260025291,-0.035785763313667625,-0.2882381554517638,-0.18467489929927883,-0.9748595877783858,-0.2160753723244139,-0.6931205346308363,-0.1273301250043711,-0.1685556965285382,-0.8365131749307289,-0.5419681668975439,0.0720500840286874,0.2857034500656241,-0.5493725390616213,-0.5707530864570922,-0.08060827446281564,-0.14394993958548438,-1.016726660236013,-0.12870483225058946,-0.3693515196725437,-0.607792359496036,-0.6799967348111418,-0.659074940697003,-1.0810832728475033,0,27,train
-0.030627811438398527,0.7164706378531505,-0.4860490949678679,0.12252986014350668,0.3146476297883525,-0.3803242272767513,-0.583413414933214,-0.5296992781768726,-0.3879570841434847,0.024071539389027875,0.53637337252437,-0.49118782059054833,0.23831544754975323,0.11179472198195872,-0.2712899234212009,-0.45342439444769894,0.3308960861098141,-0.5248669890846144,0.26620351511750856,-0.06128713924783057,0.09184003087273719,-0.7129385242284536,-0.6541853322777514,0.09930293945317778,-0.8388672665078286,-0.33429163786829647,-0.5528928700886091,-0.35156198022734775,-0.45263957532730004,-0.9152276108033917,-0.5413296487708213,0.07904957505028502,0.0009373531956338927,-0.542108460829059,0.16622669882171304,-0.1406279443184499,-0.40101107915817463,-0.6269700661793444,-0.39053756075146623,-0.6386115563134711,-0.4068027036934646,0.4572622823104267,-0.3112344422269944,0.15198929460449945,-0.16792814446100673,-0.3973903492061381,-0.11130402814133512,-0.8163414824597177,-0.6659406493781376,-0.34700931305723115,-0.06746747863479409,-0.39028892770696993,-0.517831076530662,0.22247239488450307,-0.3106079669564614,0.1063129583267908,-0.3495887815669649,-0.38033596110878265,-0.46669115510990866,-0.8185166498773744,0.12860108441669493,-0.5844599885865749,0.19106664943886312,-0.7480106314697499,-0.4170577115203941,-0.2587061496702576,-0.4963139890042247,-0.6664397088491312,-0.7749852337546929,0.1684813139928947,0.020916352692486633,-0.7960436824249116,-0.12870483225058946,-0.4848822782096508,-0.5326515975762268,-0.9341731142332285,-0.6368664810330165,-0.7395489287911916,0,27,train
0.30422662037498066,0.6913355302853175,-0.6513204694273191,-0.9035661980125604,1.3826252455668169,-0.1450193533777955,0.038742461761949815,2.158863455779283,-0.711474128381937,-0.5688827554977741,-1.1427909444580284,-0.6540018348723318,-0.0777564608900676,-0.4828554549428425,0.08200156532950828,-0.6723707897162265,0.1462308160989215,-0.548554501240037,-1.0153570582025315,0.1433588187587499,1.2691083045168645,-0.5957829030389508,-0.6457020501130858,-0.8441677225012949,-0.3186217207945262,-1.2975142075154347,-0.4745882951629877,-0.16740248724838913,-1.2051914405878585,-0.19269887424855994,-0.29344115565253004,2.4193991717817265,0.2106466968888266,-0.3363250752607661,0.15865010084958095,0.0839131850807794,-0.2859313984664733,-0.6919079025964606,-0.2915024301438023,0.008271766089401753,-0.7297820297669012,0.5793224861026816,0.47084359819475147,0.16349475229635402,-1.2265739775033573,-0.8274626101508372,0.43186661845231394,-0.4499510606772371,-0.7323454950105956,-0.4669798403630343,-1.675795838524971,-0.9359712941214098,-0.21482448833095968,-0.6447616654911075,-0.6618326358163744,-0.19974582674496583,0.17919518637834003,-0.07931894294031525,0.5742345053561656,-0.25258696490338123,-0.8412420281930522,-1.1693895989767067,0.35227666659666373,0.20989925069613974,-0.3770863657997062,-0.2664886492867034,-2.1304607754743223,-0.783506878636641,-0.28372412268749136,0.1160414006337978,0.06802100762904978,0.04483456061393997,-0.9108727128195774,-0.3445949285574494,-0.6721987268558725,0.06630837923668749,-0.3592607352331842,-0.6187623924785935,0,27,train
-0.03204668614947217,-0.469592250503969,1.0448857421302058,0.17831432459021215,0.8433041671280488,-1.0022013940097059,0.10823859692470747,-0.6282115004897698,0.5519652159812499,0.25239302075348613,0.3716308787790222,0.6152074128242984,-0.032603331112950336,-0.08642200365964169,-0.48782341652647426,-0.44054519472602083,0.02674152373893218,-0.34957939913448643,-0.6384274778142845,-0.6789458488676916,0.40471763512950976,-0.6348347767687851,-0.5566275873840966,-0.08706163574770573,-0.45868782925579993,0.013100108561818879,-0.5422149735078425,-0.29368328243396075,0.26228469667023047,-0.06553381661490956,-0.36003806425147394,-0.29945799070810303,-0.27867510506195636,-0.4882128122278394,-0.11789572513323995,0.2697403266525554,-0.3502406317941888,-0.46653541150176286,-0.3730607729971726,-0.030933283753196605,-0.6751939746558979,-0.16712260631918485,-0.8611888633454824,-0.7742000495897947,0.14269248918615,-0.41442291399602715,-0.6160686694202816,-0.5135085828231777,-0.714870535633633,-0.5131223508652663,-0.07311073603791751,0.5474370805974558,-0.4616030498544285,-0.43109530278987007,-0.4266087750202858,0.7020345221271743,0.10908018510382446,-0.4465597051058455,-0.4175135648516689,-0.8139527008050034,-0.2804963739932348,0.21674611640158875,-0.7203899860302403,-0.0712264755916757,-0.10727978218506286,-0.379334893725167,0.026828711614915523,-0.5718854563284501,-0.43827818010189185,-0.12430820226206307,0.2227934452777573,-0.267165511463824,0.03244533409779498,-0.3115861404039902,-0.47897962477636313,-0.009403733782657502,-0.08165498943335192,-0.4688204853319201,0,27,train
-0.5329094591584673,-0.20567362104172263,-0.2946822403306087,-0.3000797189982014,-0.6253554928012518,-0.40477148690261683,-0.5106079400008011,-0.48454784295012804,-0.3075563985931,-0.16676432563201185,-0.2193261400689686,-0.3468753988407857,0.008444968684428993,-0.2974269051490873,-0.537208248287326,-0.5306995927777676,0.09191750138983545,-0.6290920425684741,-0.1710347981328581,0.15080048995898918,0.23502130739702295,-0.37882804898431593,-0.4930029711491042,-0.0754138497976505,-0.5887492156841255,-0.05400966063490795,-0.12221770799769115,-0.488366175011717,-0.19394987164398306,-0.7186997944604774,-0.4414342858724054,0.2549756267408034,-0.050570204904448524,-0.02764999690832689,0.46929061770699626,0.049070596036071404,-0.3739335072307155,-0.45889566604092563,-0.355583985242879,-0.4229837821791802,-0.9344872364331639,0.363369817854846,-0.5183601332975938,0.4396257369008641,-0.025296220847516405,-0.18874143052999692,0.22886344750317233,-0.6817490826212554,-0.5960408118702869,-0.7069208949746406,0.011538125008933888,0.03883992355098759,-0.09612087645891139,-0.06660562524070045,-0.2977189882827031,0.23748100907182934,-0.41386086606860417,-0.3171223872934045,-0.6879903112719874,-0.2754067102652358,-0.36161052522968634,-0.19614537328556308,0.14146356723646294,-0.6126538002941351,-0.7967854958669294,-0.02912241098510756,-0.14036122363450043,-0.17115552897889727,-0.9295392911690934,0.1859612851125937,0.2564396273753024,-0.3927265160804851,-0.21910614508017098,-0.4106125048643677,-0.7258706996557361,-0.5556125491365035,-0.42588611422514394,-0.2980533133037643,0,27,train
0.8022516439618287,-0.1067041349933802,0.810026420529933,0.7716581737051702,-0.3084662715716931,0.12237254878010875,0.5086687090529778,-0.4537627734773476,0.548136611907422,0.6698464754870106,0.5469531657006768,0.6041064573050858,0.12748503809682904,-0.05445156404002872,-0.3510654208810384,-0.2130126663097078,-0.29370703304467555,-0.12691678487351316,-0.17857338974062306,0.057779599955998066,0.19259722546390126,-0.5437137380658384,-0.09004706832748598,-0.5063819299496937,-0.22357686148151903,-0.5672020133157601,-0.4745882951629877,0.11672930191914702,-0.5561154568006268,-0.25050117317294646,-0.6560243246912247,0.15368486970686857,-0.028495537147270343,-0.7870886817436933,0.24956927651516594,-0.051585772315307254,-0.31977836337579724,-0.0005109383906929014,-0.20411849137233404,-0.13874717082034208,-0.7388800389520684,-0.23754195466087036,-0.40051275734363206,0.20376385421784507,-0.4658703848980754,-0.5591997147100842,-0.18811603877074004,-0.30414262751890303,-0.333916421215847,-0.1716677731487496,-0.5471443579002854,-0.43796991118007633,-0.736495624716014,-0.24885046401528524,-0.06571737215505416,-0.3964979028625237,-0.15385106967560894,-0.6422207669153492,-0.397022902244069,-0.416889131508734,-0.3051832895869374,-0.5303908649370669,0.03605701755636255,-0.11287473133801874,-0.1822260554113527,-0.3092923971771551,-0.28058504029530085,0.1485278962100719,-0.2009273062154911,0.3476510179698092,0.24971039095579337,-0.33945821109159857,-0.6239468068822099,-0.2331902685395247,-0.1891509716570992,-0.35551625044252033,-0.4647509186371204,-0.2688979424696889,0,27,train
-0.2732553870319911,-0.6722440552696225,-0.009806581722870557,-1.6862391385830038,1.144958329644648,1.9498052058135573,0.818091977515732,1.159374866896346,-0.27118465989173557,-2.536877613527247,-1.177553122037322,-0.22291472887624608,-2.5981220684491584,-0.41252048777969397,1.0621005341217982,-1.9860491613273923,0.5481493449461583,-0.3353668918412328,0.4018981640572775,1.806572332012231,-0.5180061469158874,-0.17922958325405183,-0.46755312465510723,-2.346732110058418,-0.5337232445029109,-1.94097846510758,-1.0689912048256598,-0.9040404591642236,-0.6125568466951687,-0.08287450629222552,0.3540287890594248,1.1772546249971572,-1.7098493979856748,-0.213834964803449,-3.4250807399688927,-1.1742914193114538,-0.6379398335234421,-0.3748584659717163,-0.8857132137897863,-0.4964932506340521,-0.4068027036934646,-0.19059572243308,-1.1718773999513814,0.34758207536602737,-1.0395676776545588,0.8034054684810417,0.11913200374687961,-0.24058510537296252,-0.4177962262252678,-0.29163830045455275,-1.6983688681374645,-0.2101607679196791,-0.6365346884027102,-0.3179778166539209,-0.28160776494050527,1.8661509724893914,0.5210058175916035,-0.25089864329634165,1.033225347766403,-0.3393019972784285,0.163868106693413,-0.407506493006367,0.2654712727424634,0.36608020974492606,-0.506993239391942,0.9359075414541674,-1.0518160319297034,-0.4323053692741115,-0.5707530864570922,1.7678986714453508,-0.187689976312293,1.6428837102805358,-2.620636672857315,-2.3416266118417286,-0.40383886285655396,-0.6583647025199003,-0.7923256986809225,-1.260180550828252,0,27,train
-0.4208183569836497,0.5091060004185283,-1.2797866170428636,-0.7683311326872139,-0.11041050830321895,1.804649601784981,-0.8084485192697625,-0.5871647411927293,-1.0101052461405085,-0.4819842812471221,-0.8042375628162127,-1.1146914889196509,-1.087544635905599,0.437893206102011,0.2681443927357959,0.0660366609933176,0.39607206376071735,-0.11744178001134407,0.5149770381737516,-0.0798913172484288,-0.33240078845847987,-0.5610701263902091,-0.2894041991971287,0.2565480497789232,-0.09851783606966752,-0.11322416286731397,-0.6667904336167858,0.2061781985089269,-0.6689982365897106,0.10209285026581139,-0.5524291335373119,0.06305629762387427,-1.2609978202563852,-0.7331930331424737,-0.4739958298234477,0.927878119719262,-0.19115989672036637,-0.2373430476766465,0.5532089779803906,-0.08974085851709414,-0.16570546028653305,0.2647827301764863,-0.39337049213430103,-1.211407441880269,-0.288372879956843,-0.7167509390165582,-0.9946421503794916,-0.3116199830654843,-0.19761173807553828,-0.1485965178976336,0.19776561931200698,-0.24194809023508337,-0.5303261935698249,0.467560281512393,-0.18171818021887864,-0.9211701058426778,0.24054581249354115,-0.6964038301856734,0.0660660726876884,-0.6040110434759415,-0.7001739390861799,-0.348521994479631,-1.6876500889770436,0.26195957037906853,-0.1372582914755788,-0.4649423895060704,0.6524426628707944,-0.3602640340202593,-0.2671647593930913,-1.0201567221466354,-0.5140579426584806,0.0562491973972728,-0.20731466949370383,-0.4064864063451853,-0.022767855977521755,-0.18786800018539926,0.018283079054587686,0.08096650753921572,0,27,train
0.29855112153068614,0.1713529924757723,0.19895725969959405,1.0184621679239276,-0.12564556701617852,-0.4750573583269802,0.21082812978401638,-0.4599197873719037,0.3930781469173945,0.8112694826008168,-0.2525769186230755,0.41909053198487733,-0.2788931298972263,-0.0800279157357191,-0.3396689212439188,-0.281701731491991,0.02674152373893218,-0.07954176056266776,-0.19365057295615293,0.12103380515803203,0.0547189591812557,-0.2226205540649788,-0.5778357927957607,-0.28507399689864443,-0.25859338859683745,-0.4250872079579857,-0.22899667380535677,-0.6199086699966874,-0.29742575311730984,-0.724480024352916,-0.5376298205153244,0.15901596218233882,0.17753469525305932,-0.1011440631827172,-0.17472020992423054,-0.09029976014276059,-0.170851717774772,-0.43597642965841404,-0.4313167321781514,-0.8150342806051637,-0.5887628873968092,-0.42532688357203174,-0.41122615515762856,-0.11838896115408336,-0.1077057767130886,-0.035448347420995265,0.0862125706199918,-0.7639999936336491,-0.11373193306611751,-0.6238643760706231,-0.2706247451472375,-0.1465861232888706,-0.5521926483883601,-0.07917423481136147,-0.4846091790521981,0.270273021758089,-0.3028454473839545,-0.4616105560142688,-0.7289716364871872,-0.22976721954152665,-0.35455712077434276,-0.422252617638051,-0.20575800818033835,-0.701156343755114,-0.2271938193471266,-0.1302949059989025,-0.1619341185053928,-0.5898957901419132,-0.4658771189258919,0.25588116959138957,-0.1203976121172028,-0.8188729559915773,-0.40776975446364544,-0.19605538186688315,-0.6560971350159134,-0.761116855903297,-0.5313762976290802,-0.364694160924508,0,27,train
0.46881608685952303,0.17763676936773057,1.1014259491821232,0.4234278804924028,0.3725408528975988,-0.27031155896035636,0.814782637746077,0.7776400054338688,0.8123102930015429,0.45004445238242013,0.6769334818667311,0.9704379894390986,-0.007974351234522739,0.4570754698737788,-0.37005958694290453,-0.2344779991791713,0.7979905926079541,-0.2453543456506266,1.2085274660881264,-0.01663711204639483,0.17668819473898062,0.0680989503682319,0.15172647336548495,0.3613781233294202,-0.4736949123052221,-0.152700497688918,-0.42475811111941036,0.27458029590111155,-0.1657291766967121,0.15411491929775928,-0.21944459054259233,0.22298907188798187,-0.17933910015465457,-0.08644524992783913,0.05257772923973184,-0.12127095040472324,-0.07608021602866505,-0.21824368402455346,-0.2740256423895086,0.0572780783926497,0.020803728009395162,0.21783649794869597,-0.4647931442276112,-0.2852180976859749,-0.07600979368786853,-0.3505507960339431,-0.31430719909047666,-0.24432378314625314,-0.3234314455896694,0.07288753251307992,0.07361395644329159,0.19247864807544152,-0.2929189698257283,0.8446185686322236,0.04706119124033076,-0.1942804912972559,0.12660893542245336,-0.4977325981944849,-0.4298079624162288,-0.366685691712654,-0.3298702051806401,0.06436949520752082,-0.34216648423693885,0.543085296666884,0.002641418546828879,-0.25481489986203476,0.5176120699277171,-5.735775099826797e-05,-0.024294097741890536,-0.27288795677950434,-0.07329295718063966,-0.38131187929715227,0.11498566320306507,0.05563662780324292,0.19192003522193302,-0.05266779836514036,0.3292015143503998,0.16843262004144188,0,27,train
0.31983424219679074,-0.17268379235894182,0.0902260922920604,0.139434243309175,-0.25057304846244677,-0.21072136362230914,0.28032426494677404,-0.3860356206372307,0.08104691490042562,0.1995723795423055,0.15701221720251404,0.1804199883218084,0.3491458570026774,-0.13757470705102245,-0.5789954136234314,-0.4705966607432697,-0.09274776862105713,-0.5059169793602762,-0.14841902330956327,0.042896257555519485,-0.014220173960067077,-0.28336791320027654,-0.6202522036190888,-0.08123774277267812,-0.3236240818110003,-0.3461345383147777,-0.45323250200145454,-0.4567959762153241,-0.07636364269702081,-0.6493370357512136,-0.7818184853781188,0.24431344178986286,0.01565379836708601,-0.40001993269857106,0.27229907043156215,-0.15998493823217658,-0.7394807282514139,-0.5352931206492978,-0.3847119648333684,-0.7660279683019158,-0.7570760573224029,-0.15773335987362677,-0.4290818181809561,-0.055108943848883124,-0.21230252069631483,-0.8061719041634758,0.07523942624436251,-0.8126028046864271,-0.5995358037456795,-0.3423950620070079,0.056684184233921305,-0.33731005718129614,-0.5928017787656398,-0.07288993002603096,-0.41371979634652756,0.26480768631037904,-0.45476128347873823,-0.3592647698369899,-1.0035465154290257,-0.14761613623885023,-0.40393095196174805,-0.29936824570735104,-0.09415107322493793,-0.7063623757234069,-0.487007566531598,-0.6128098822185399,-0.1457544473522235,-0.5493725390616213,-0.29476369821709136,0.0854514511743246,-0.08675143001965771,-0.6286290096026969,-0.25448057183957246,-0.29095564780807825,-0.8278474479754772,-0.6421406783014693,-0.34815650540119086,-0.3605291079482115,0,27,train
-0.18812290436757265,0.5452377175472881,-0.2577136434120473,-0.7159275448736421,-0.3831180592651949,1.2912571496418046,-0.017516314322187327,0.787901695258129,-0.5296154348751146,-0.35930408230502514,-0.9644458594860005,-0.39497953942403996,-0.6975857878304955,-0.19512149836632578,-0.062354096740673964,-0.5049411933344113,-0.005846465086519454,-0.4064294283075009,0.22851055707868384,-0.2398872480535735,0.3728995736796685,-0.6999212329851755,-0.904442156135388,-0.2676023179735616,-0.2786028326627337,-0.2000720994748428,-0.37848722593608863,-0.8356383617720389,0.03651913709206295,-0.2851825525275784,-0.5265303357488338,0.08971176000122554,-1.1506244814704942,-0.3167266575875954,-0.14820211702176828,0.49815285483453003,-0.36039472126698596,-0.600230957066414,-0.23324647096282344,-0.3102692638817099,-0.5887628873968092,-0.12017637409139452,-0.5433580615302523,-0.3024762842237568,-0.03163541745256042,-0.5464252911176675,-0.03449201751193021,-0.58828213828899,-0.5226459824870437,-0.4485228361621415,-0.2593382303409906,-0.42737413707494154,-0.4209939194771488,0.0842176896072318,-0.3686083709883736,1.0354199844374805,-0.0983433603332841,-0.40441732256226004,0.13573432555352802,-0.3210462009889449,-0.569685956662323,-0.1224147501271431,-0.3297657136863388,-0.357558233847784,-0.5419681668975439,-0.39100864314983563,-0.6742903716890868,-0.6394242081289366,-0.4548375433962919,0.12478138619364729,-0.2112423037805746,-0.33184845323604334,-0.13263532411274517,-0.5055127708055628,-0.258924536296922,-0.4312283634618653,-0.5924495617050433,-0.24390762461190998,0,27,train
-0.5073697143591418,0.2781771996390625,0.5012299050925375,0.4876645365219424,0.36339981766982304,2.7703163570066693,-0.6545642199807992,-0.7246713848378151,0.7548812318941254,0.38018489465150385,1.7742091741522588,0.8520277972341652,0.9607655239836294,-0.45088501532322955,0.30233389164715485,-0.6294401239772996,0.5046986931788895,-0.032166736251822384,-0.23888212260274258,0.8317134047808842,-0.12028037879287135,0.3110883869094229,-0.806884411241733,-0.2734262109485892,-0.06350130895434909,0.21048178266983897,-0.3891651225168552,0.11672930191914702,-0.23157746490701098,-0.1233361155392961,-0.7596195158451375,-0.09687647664023334,3.7941010961374175,-0.10604366760100987,0.9882875787980436,0.3200685108282447,-0.15392823532011005,-0.6919079025964606,-0.4487935199324451,0.8805841250872153,-0.7889190894704883,0.18027951216646368,-0.4219395529716251,1.8087752022315597,0.3423771822450365,-0.23132284250471963,2.5826029160756514,0.09963457199648376,-0.41430123434987526,-0.923790694335131,-0.08439725084416437,0.07592513291895922,-0.6365346884027102,-0.5253598745698277,-1.0742799533766392,-1.8448117965056576,0.4245976908391445,-0.5820173632816558,-0.01179844522119117,0.23575558584030634,0.10038746659532047,-0.269875996443983,3.2292554343358746,0.12660273920345366,-0.32212576543376037,-0.07970865849200504,-1.0787821505183188,-0.7564913779164464,-0.6093916008106923,-1.111926570525055,-0.9615521645558305,-0.012238623302724166,-0.10119138921549944,-0.5508998545165691,-0.9781289718150955,0.8342455255757582,-0.17604094300529488,-1.3059961335675134,0,27,train
0.2701736273092133,-0.4774469716189168,0.02498739184754021,0.139434243309175,-0.2399085073633751,0.15445957703905727,0.19759077070539588,-0.42092536603971514,0.18059062081994945,0.20638794615019979,0.0345888961623932,0.12121489221934169,0.08233190831971178,-0.02887521234433834,-0.5941907464729244,-0.44483826129991355,-0.2611190442192239,-0.5343419939467834,0.11543168296220968,-0.05384546804759128,0.1713851844973404,-0.32675888401120357,-0.641460409030753,-0.261778424998534,-0.4336760241734296,-0.27112950215373005,-0.5030626860450318,-0.5357214732063064,-0.4573430244851785,-0.926788070588269,-0.4895320531938649,0.20166470198610084,-0.08736131783307881,-0.4196183503717418,0.10940221403072244,-0.06319996866354326,-0.3773182037216479,-0.6460694298314373,-0.4779214995229345,-0.4572882007914537,-0.7570760573224029,-0.19529034565585904,-0.5826405201815729,0.08870927729929921,-0.11721457162065463,-0.46552060836569437,0.3989471853254261,-0.6593170159815117,-0.4842010718577259,-0.5823361166186143,-0.14082982487539863,-0.22605442907738124,-0.5865542202460583,0.09678629917789283,-0.2268296055770326,0.11177829377450074,-0.36711753188559376,-0.3141122171117198,-0.761756696659347,-0.4214530805811049,-0.16058849825239332,-0.24529912205784304,0.03605701755636255,-0.8625433347721932,-0.6169144401238337,-0.37155239410872126,-0.2428324742712392,-0.1396374448053369,-0.6701092662234925,0.1160414006337978,0.041104061951013696,-0.7998485613526892,-0.1955231939072367,-0.5715303471124811,-0.548753189416186,-0.6799967348111418,-0.5258241827130835,-0.2147522537778346,0,27,train
0.4858425833924067,-0.5874130672281862,0.4164195945146613,0.5552820691846158,-0.11193401417451491,-0.1878020577230602,0.5219060681315982,-0.4701814771961638,0.6132228811624953,0.5369429266330722,0.13585263084990057,0.6781128274331693,-0.08186129086980554,-0.20790967421417098,-0.3510654208810384,-0.11856520168406844,-0.163355077742869,0.11943334154288283,-0.2916522638570972,0.028012915155040903,0.2880514098134251,-0.7259558154717317,-0.026422452092493626,-0.3316651406988653,-0.383652414008689,-0.29481530304669246,-0.6098416518526975,-0.4147023778201335,-0.3726809396433657,-0.40656738026879014,-0.5931272443477776,0.2976243665445654,0.019332909659949042,-0.6547993624497908,0.09424901808645827,0.06068479238430741,-0.18777520022943398,-0.3633988477804605,-0.6293869933934794,-0.5111951443250264,-0.22029351539753642,-0.6084171892604141,-0.5612137245535799,-0.03785075731110124,-0.11404497331813261,-0.5677159971050288,-0.2923609103392181,-0.39760957185116846,-0.5890508281195018,-0.04246874374250004,-0.26498148774411406,-0.3532037183389983,-0.5865542202460583,-0.32426212143925137,-0.268718786266747,0.25387701541495916,-0.09542190194684595,-0.6753326389138806,-0.585536998233988,-0.6268307888377961,-0.2487560539441885,-0.49598324079647094,-0.1685556965285382,-0.5241512568331561,-0.06231201824928897,-0.4960723879718535,0.09694061994531575,-0.3017304491265044,-0.498995845514692,-0.36465780515792395,0.24971039095579337,-0.4307753053582612,-0.27413303115035104,-0.2249380715011599,-0.5272844002962405,-0.5718365733549345,-0.31484381590521104,-0.42716995556895526,0,27,train
0.11125965966896555,-0.7178014377363199,-0.1337601125674589,0.24255098061975175,0.2064787129263397,-0.11904414002531338,0.12643996565781065,-0.4435010836530875,0.06573249860511426,0.23365021258177687,0.09806765522023364,0.056459318357268716,-0.07365163091032967,-0.175939234594558,-0.7879312403039583,-0.5822163916644799,0.021310192268023574,-0.2595668529438802,-0.0956488820552087,-0.1059371664492663,0.1713851844973404,-0.32241978693011086,-0.688118460936414,0.08183126052809495,-0.43867838518990365,-0.26323423518940925,-0.48882549060400976,-0.47784277541291936,-0.4150119820642721,-0.4932708286553699,-0.6227258703917528,-0.11820084654211435,0.08555691293148358,-0.1746381294571075,0.0298479353233356,-0.13288514675295926,-0.44501213354029573,-0.37103859324129773,-0.5594798423763048,-0.6043071377011976,-0.8344091353963243,-0.08731401153194128,-0.639778641856221,-0.026345299619246657,0.006399762177703671,-0.32074380765163724,0.0862125706199918,-0.9172857823385644,-0.6764256250043151,-0.8315056733306669,-0.0279646768129301,-0.38499104065440254,-0.4959646217121267,-0.1545858922353276,-0.40083081767276935,-0.11776579502931672,-0.4459969083194238,-0.5940580440083945,-0.5363594079757482,-0.4944762657390395,-0.460358187604497,-0.510729365428155,0.0732593292081627,-0.5501814166746205,-0.501996821176856,-0.3754436439169441,0.23716443660611622,-0.3962847016471854,-0.7363467194010928,-0.11993820948213833,-0.14394993958548438,-0.5106777628415909,-0.13656581597490092,-0.5178910663631099,-0.7849098697355862,-0.6421406783014693,-0.2870832413252278,-0.35219900199561854,0,27,train
-0.20231165147830907,1.0385142035660107,-1.6233771060506699,-0.9830167988912016,0.0769807138661835,0.02916737145649642,-0.7770097914580388,1.0095541954621479,-1.3948799555602063,-0.6847473878319769,-1.3014878421026295,-1.5235766838773117,-0.007974351234522739,-1.243751917889631,0.27574205916054234,0.1433118593233862,-0.630449584241009,-0.20271682377086575,-0.9625869169481771,0.1619629967593481,0.8395644749440072,-1.194578300229743,-0.20032973646813937,-0.5879164316000801,0.1816143808528799,-0.31060583697533406,-1.1864480672140918,0.8323204746373861,-0.6689982365897106,0.5240496324138331,-0.5006315379603555,0.04706302019746351,0.008295575781359952,-1.2574507058997912,-0.09137763223077768,0.1652125595184314,-0.18777520022943398,-0.3022808840937628,0.6638953004242503,0.9197891749298136,-0.22029351539753642,-0.23284733143809133,-0.350516900878315,-0.267959911148193,-0.16158894785596273,-1.125532493973896,0.10815885937125033,-0.5471566827827932,-0.25702659995721133,0.1559440514170975,-0.7107988225908648,-0.44856568528521107,-0.5521926483883601,-1.0343885621815991,-0.10760655284476855,-0.1560231431632863,0.3574041479510671,-0.49472242801280025,0.5660382403131257,-1.4711613672264148,-1.2080190598709202,-0.7122597353945028,-0.1685556965285382,0.6524119680010344,0.18251247428992445,-0.9318923664928163,-1.2190059671791194,-0.4052898685539169,0.6160012829749114,0.12041139341372255,0.07811486225831331,0.17039556523060106,-0.4510051649473584,-0.20843367742443034,-0.06033823693742634,1.239846131036535,0.1459817221225105,0.33086968611700474,0,27,train
0.24747163193203506,1.6527533947549296,-1.044927295442591,-0.1969629816876246,0.11354485477728642,1.353903252433085,-0.14988990510839237,-0.48454784295012804,-0.4702720717307832,-0.06453082651359772,0.27338994214188816,-0.5337414834141962,-0.15574823050508832,0.054247930666655376,-0.38145608658002417,-0.5006481267605186,-0.016709128028336667,-0.36852940885882457,0.5752857710358711,0.17312550355970704,-0.83088375117266,-0.6565302621742485,-0.7262932306774095,0.1691896551535091,-0.41866894112400743,-0.23560080081428642,-0.4959440883245208,-0.7882830635774496,-0.5984464992215333,-0.5452928976873178,-0.3711375490179646,0.22832016436345212,0.2842289227460872,-1.213354266135157,0.15486180186351492,1.5744017164377326,-0.36039472126698596,-0.5773117206839025,-0.4487935199324451,-0.38867936356690663,-0.8844481859147442,-0.021589286413034797,-0.26838085097100833,-1.033072847656523,-0.06016180217525849,-0.665653244646891,-0.3307669156539206,-0.382654860758006,-0.65545567375196,-0.5915646187190606,0.062327441637044734,-0.21545865497224648,-0.47409816689359147,0.11563921353388436,-0.23971858425079087,-0.6642993398003108,0.07110122608012853,-0.13350200621063937,-0.5281631429327083,-0.9326153766866472,0.10744087105066408,-0.422252617638051,-0.47857496029353935,-0.4044125215624199,-0.41206129330530816,-0.4921811381636306,-0.32373083003708564,-0.7970146289967383,-0.3444417881002915,0.09419143673417409,0.3472843190386742,-0.4079460317915955,-0.2387586043909496,-0.3858559137492733,-0.6453627404559407,-0.4961244603355896,-0.4647509186371204,-0.5896070216445182,0,27,train
-0.3782521156514405,1.5930575142813261,-0.09026764560444546,0.47921234493910825,0.31617113565964844,-0.3772683198235181,-0.586722754702869,-0.406559000285751,-0.13144061119701944,-0.033860776778073476,1.085011218667134,-0.27101886945950027,0.20137197773211185,-0.23348602590986134,-0.3890537530047706,-0.7324737217507243,0.0484668496225666,-0.5532920036711215,0.13050886617773957,-0.2212830700529753,-0.4066429318414429,-0.2790288161191839,-0.5523859463017637,0.04106400970290168,-0.9539215698867319,0.028890642490460486,-0.8162809857475176,-0.746189465182259,-0.4479361261694215,-0.7649416335999867,-0.6338253551582435,-0.04356555188553081,-0.5178173390980534,-0.4147187459534491,0.09046071910039223,-0.49679663233102056,-0.3502406317941888,-0.4245168114671582,-0.5827822260486963,-0.5062945130947016,-0.779821080285321,-0.1765118527647429,0.0923035421002078,0.048440175377808155,0.23778043826181025,-0.04396462981593981,0.020373704366216154,-0.37143882743813417,-0.8406902431477642,-0.4346800830114719,-0.005391647200436394,-0.48035300760061533,-0.6740200395201992,0.25389391881115564,-0.665054880484814,-0.2653298521174851,-0.042835650990959276,-0.7686479145461056,-0.17982187860351023,-0.631394737910167,0.8656818500001028,-0.6237829876043989,0.0732593292081627,-0.4720909371502274,-0.7618105683613274,-0.30540114736893226,-0.5017072127219477,-0.5808906232351817,-1.0730537730538938,0.2471411840315401,0.1655949357119306,-0.4726289735638149,-0.3527428683934654,-0.6251696278618522,-0.25355733901693567,-0.7503008397576764,-0.4480945738891305,-0.9186462067719404,0,27,train
0.9881242311124756,0.13679221957000193,0.5729924755815097,1.317669749956257,0.2826540064911374,-0.6339645458951062,0.5583088055978046,-0.5009665466689442,0.7682813461525227,1.1367127881277685,0.011917910784593033,0.8501776379809631,-0.6113843582559989,-0.5915549496495266,0.27574205916054234,0.11755345988002999,0.015878860797114966,0.3799959752525324,-0.4348855044046311,-0.03524129004699306,-0.23164359386731584,-0.15319500076749565,0.011752317648501783,-0.4306713212743347,0.30667340626473144,-0.08953836197435157,-0.35001283505404446,-0.37260877942494297,-0.06225329522338534,-0.3892266905914742,-0.21944459054259233,0.07371848257481477,-0.38536933255498423,-0.23833298689491242,-0.2845808805201457,-0.11352815283923258,0.16423323482753477,-0.031069920234041752,0.3434875249288668,-0.5847046127798984,-0.2157445108049528,-0.5755548267009608,-0.5326446637162557,-0.2449489957644838,-0.2439985037215349,-0.23558098370219188,-0.04546516188755948,-0.15085683881398768,0.23227226259774317,-0.25011004100254397,-0.6374364763502602,-0.15718189739400534,-0.2648049564876116,-0.4122423884338785,-0.4942759130575168,0.17189698369931009,0.04480810060218519,-0.3050817065666658,-0.5158687453681483,-0.261714863048123,-0.386297440823389,-0.15190699939051108,-0.16235531125323818,-0.14411092314777602,0.34239785717267607,-0.11083865695778809,0.11312029109848504,-0.31974078293996744,0.3952097723829108,-0.09371825280258987,-0.38283783247805464,-0.46882409463603725,-0.01079007638591792,0.12990640114852603,-0.3125965090967857,-0.5447965329908828,0.05159576855056756,-0.485480697237106,0,27,train
0.8987351243148363,0.11322805622515851,-0.21204655310088313,0.9119645539802174,0.7107591563253007,-0.3467092452911862,0.44579125342953035,-0.3839832826723787,0.13656167397092928,0.8811290403317331,-0.17549556833855495,0.10826377744692708,-0.06133714097111587,0.028671578970965006,-0.21810625844797585,-0.2688225317703129,-0.11990442597560017,-0.4727544623426844,0.21343337386315395,-0.26965393285453065,0.23502130739702295,-0.348454369416667,-0.26819599378546455,0.04106400970290168,-0.36364296994279277,0.20653414918767857,-0.4318767088399214,-0.6409554691942827,-0.38679128711700117,-0.475930138978054,-0.21574476228709544,0.2656378116917439,-0.08368220654021578,-0.18933694271198556,-0.034553147439787074,0.1535983631701954,0.08638521553608977,-0.2564424113287395,-1.0721322831689184,-0.761127337071591,-0.3795086761379629,-0.2469312011064284,-0.2898076465990014,-0.06661440154073771,0.09514851464831989,-0.23983912489966416,0.19594401437628453,-0.49107651618343395,-0.20460172182632333,-0.09783975634517841,-0.49635504127217456,-0.5280339910737217,-0.07113064238058543,0.07793338482190129,-0.37505286032525276,0.24294634451953928,-0.13340086097054188,-0.4074274927439447,-0.5240650104111884,-0.16130798345596298,-0.17116860493540872,-0.25021449693507103,0.16626510833766303,-0.3940004576258342,-0.6418965311992637,-0.247032400245589,0.30188312121879335,-0.5718854563284501,-0.5817926619866923,-0.05001832500334244,-0.08338681180990319,-0.5068728839138134,0.37046763424318674,-0.03513753961876977,-1.015699352775,-0.44204437960748605,-0.8533989627568855,-0.3438688960430256,0,27,train
0.19071664348908943,-0.20567362104172263,0.16416328612918327,-0.04820440982974336,0.4624276993040601,-0.31767812448547084,0.5053593692833226,-0.34293652337533814,0.11167574749104833,0.08029996390415566,-0.32663547085722267,0.20632221786663757,0.1480091879955187,-0.10560426743140947,-0.6739662439327618,-0.8097489200807929,-0.13076708891741737,-0.5059169793602762,0.17574041582432923,0.11731296955791239,-0.19452252217583435,-0.5306964468225603,-0.7771929236654034,-0.3782562844990862,-0.6487775478818142,-0.47640644322607095,-0.4995033871847763,-0.8145915625744437,-0.28331540564367436,-0.9730299097277781,-0.21944459054259233,0.27096890416721414,0.11866891456725084,-0.18933694271198556,0.3329118542086188,-0.00900038570510859,-0.49916727739521405,-0.6078707025272513,-0.8682364260354927,-0.8934443802903604,-0.720684020581734,-0.0920086347547203,-0.5826405201815729,0.048440175377808155,-0.4088176154526793,-0.37184150202130445,0.2069171587519138,-0.8911150379255302,-0.4317761937268379,-0.7761346607279885,-0.2593382303409906,0.07592513291895922,-0.39600368539882286,-0.2677033783712768,-0.4749424450468794,0.3030650344443486,-0.47813295057024346,-0.4856919174677462,-0.7043828413580673,-0.5720633999693451,-0.23112254280582947,0.09386174447088881,0.19106664943886312,-0.7584226954063357,-0.6069216036936617,-0.23535865082092033,0.04300838276808481,-0.6349216246755709,-0.8964205645802933,-0.054388317783267186,-0.0026359747757949397,-0.7656046510026908,-0.34095139280699827,-0.21668587446279514,-0.6453627404559407,-0.9774371788157113,-0.49251149321710364,-0.9269763127245334,0,27,train
-0.3839276144957351,-0.14911962901409836,0.3946733610331546,-0.23077174801896128,-0.5598447403355257,-0.10682051021238062,-0.166436603956668,-0.3552505511644503,0.00447483342386884,-0.054307476601756305,-0.4944007626529438,0.09901298118091667,0.18905748779289805,0.07343019443842316,-0.40424908585426345,-0.6294401239772996,0.31460209169708825,-0.5769795158265443,-0.186111981348388,0.02429207955492126,-0.32179476797519946,-0.391845340227594,-0.83233425773573,-0.011351027072346805,-0.8588767105737248,-0.10138126242083277,-0.264589662407912,-0.630432069595485,-0.5890396009057762,-0.626216116181459,-0.6745234659687092,0.4255705859558515,-0.12783154205457214,-0.542108460829059,0.18516819375204324,-0.18708472971139392,-0.44501213354029573,-0.649889302561856,-0.9264923852164715,-0.6533134500044454,-0.8935461950999114,0.21314187472591692,-0.4219395529716251,0.013923802302244397,0.13001409597606198,0.028423770541088758,0.2398365918788016,-0.7527839603137773,-0.5680808768671467,-0.693078141823971,0.1808358471026367,-0.42737413707494154,-0.4897170631925452,-0.028899796528717384,-0.3718306156568132,0.15003564190847032,-0.47813295057024346,-0.25390881347802635,-0.5199668778896683,-0.3256101500613158,-0.23464924503350126,-0.323945120093491,-0.09415107322493793,-0.6855382478502353,-0.4320469661656521,-0.26259739947848054,0.1346931859693774,-0.5403673721548898,-0.9957767443466936,0.015531566695528708,0.2227934452777573,-0.5905802203249207,-0.14442679969921235,-0.27857735225053104,-0.8922538153353136,-0.744892831684866,-0.4647509186371204,-0.6145973395022971,0,27,train
0.9044106231591308,0.5248154426484238,0.5795163456259618,0.7767294886548707,0.11506836064858238,-0.12668390865839638,0.8693867439453864,-0.5009665466689442,0.5615367261658195,0.6715503671389841,0.45022362808872946,0.6762626681799672,0.028969118583118656,0.047853842742732786,-0.05475643031592753,0.03169212840217602,-0.42949031981739066,0.11943334154288283,-0.30672944707262706,0.03917542195539984,0.03880992845633506,-0.10546493287547598,0.05841036955416284,-0.40155185639919666,-0.16354852928383032,-0.26323423518940925,0.13761110880096183,-0.30420668203275836,-0.3350533463803378,-0.21003956392587592,-0.3304394382074989,-0.0329033669345903,-0.11311509688312002,-0.25793140456808317,0.17380329679384512,-0.2799983004972819,-0.07946491251959743,0.056787152565586196,-0.05847859341988701,-0.5356983004766505,-0.17935247406428387,-0.25162582432920744,-0.6576343048795485,-0.2852180976859749,-0.04114421236012644,-0.009899500236161657,0.00940055999058688,-0.04991253893514097,-0.14868185182004282,0.1190300430153119,-0.14082982487539863,-0.236650203182516,-0.28042385278656534,-0.3368307310099124,-0.11082879751320812,0.21561966728098958,-0.08957898517396966,0.1344031399592966,-0.15523308347439038,0.19011609511659724,-0.1570617960247215,-0.289537495952895,0.11046164085996282,-0.22220140267216917,-0.012347836098429085,-0.001883662327547379,-0.08103576273954638,0.15753306311680343,-0.1457294285674909,-0.058758310563191925,0.08484409867782233,-0.061702049363833084,-0.21910614508017098,0.2165544700513563,-0.017400658697535386,-0.609692629864607,-0.17048882808929824,-0.018994763891899878,0,27,train
0.0261271770045471,-0.036011644958849905,0.531674631966647,0.1766238862736453,-0.21096189580875196,1.130822008347062,0.19759077070539588,0.6955464868397877,0.4007353550650502,0.23705799588572402,-0.2525769186230755,0.5023476983789712,0.12748503809682904,0.15655333744941688,-0.44983508440274206,-0.49635506018662595,0.249426114046185,-0.4538044526183463,0.25866492350974357,-0.34407064485692357,-0.06725027637646921,-0.31808068984901816,-0.8874755918060567,0.5069754477051104,-0.32862644282747433,-0.5514114793871185,-0.1506920988797353,-0.488366175011717,-0.4479361261694215,-0.5684138172570724,-0.5228305074933369,0.0044142803937014755,-0.12783154205457214,-0.32162626200588806,0.3707948440692792,-0.10191395649099659,-0.47208970546775486,-0.8026842117786003,-0.5653054382944027,-0.8052330181445141,-0.5796648782116419,0.24600423728537016,-0.33980350306431845,0.9746295195721024,-0.22181131560388084,-0.12912745376538518,0.9476044041068897,-0.6518396604349305,-0.5750708606179318,-0.5731076145181678,0.15261956008701957,-0.43796991118007633,-0.4334890365163118,0.3607271001617743,-0.23327409491391174,0.6747078448886245,-0.14800815290273264,-0.3171223872934045,-0.30276585424910957,-0.1704358816007048,-0.19232881830143958,-0.8695517314657988,0.7739028653170653,-0.4616788732136416,-0.4170577115203941,-0.21201115197158305,-0.11339510504588494,-0.7294758771962518,-0.3058032737466914,0.42631088800845457,0.27999195484358397,-0.22150696433049266,-0.46672713239598124,-0.45599958857537404,-0.5433859921361996,-0.3771482827337617,-0.45364668880512715,-0.5229661740237744,0,27,train
0.8476556347161852,-0.2355215612785243,0.6599774095075366,0.7412302840069672,-0.2658081071754063,-0.07778938940666529,0.50039535962884,-0.5338039541065767,0.4619930202462956,0.6238414008837242,0.47440601249171627,0.6059566165582879,-0.05723231099137793,-0.31021508099693246,-0.40045025264189027,-0.2344779991791713,-0.08731643715014853,-0.3827419161520782,0.1682018242165643,0.1433588187587499,0.16608217425570018,-0.5567310293091164,0.13475990903615365,-0.2734262109485892,-0.32862644282747433,-0.4487730088509481,-0.5350963757873315,-0.4041789782213359,-0.49497061774820644,-0.5395126677948792,-0.49693170970485867,0.09504285247669579,-0.1351897646402982,-0.7037954066327176,0.02227133735120352,0.01422800699136341,-0.1674670212838396,-0.18768470218120462,-0.2215952791266277,-0.3200705263423595,-0.5569198552487239,-0.24223657788364938,-0.4933622050649352,0.261291142677118,-0.4341744018728554,-0.40590663160108265,0.21789030312754307,-0.255539816466125,-0.27100656745878143,-0.05169724584294644,-0.21419217111600322,-0.24194809023508337,-0.5865542202460583,0.10307060396322335,-0.039939414807537606,-0.07950844689534714,-0.07789315162821706,-0.3833461312904673,-0.2740789265984697,-0.4670925713048141,-0.4109843564170917,-0.16173774914496708,0.16006472306236302,-0.3107039461331481,-0.3021400925734164,-0.2664886492867034,-0.4801343178510554,-5.735775099826797e-05,-0.3499615758650916,0.050491508934926654,0.17232417213143963,-0.19867769076382702,-0.3920477870150226,-0.49726057376719796,0.004068130422410092,-0.4150043392434342,-0.053894414853368704,-0.19809204187264867,0,27,train
-0.005088066639072993,-0.3847612624625327,-0.05764829538218536,0.35919122446286317,-0.18506229599672075,-0.14043549219794574,-0.00758829501322195,-0.3839832826723787,0.14421888211858497,0.2864708537929575,0.203865586983301,0.10826377744692708,-0.03670816109268827,-0.25266828968162913,-0.537208248287326,-0.45342439444769894,0.06476084403529242,-0.4964419744981071,0.6129787290746959,-0.0724496460481895,0.09184003087273719,-0.5697483205523945,-0.6966017431010797,-0.2093633882232855,-0.7588294902442436,-0.35008217179693807,-0.5066219849052873,-0.5357214732063064,-0.7066258298527386,-1.0366124385446034,-0.51913067923784,0.31894873644644645,0.04140757741712722,-0.012951183653448831,-0.0648595393283154,-0.016743183270599257,-0.5770152966866591,-0.649889302561856,-0.5478286505401091,-0.619009031392172,-0.7070370068039832,0.17089026572090563,-0.45050861380894913,-0.21618535153484736,-0.11087537501561061,-0.3079693840592204,-0.09484431157789121,-0.7565226380870679,-0.5890508281195018,-0.7346064012759798,-0.26498148774411406,-0.44856568528521107,-0.4303652572565211,-0.1483015874499971,-0.2977189882827031,-0.024855092418247748,-0.5716196189362642,-0.44354953492416077,-0.7207753714441473,-0.5674994508969741,-0.4321445697831225,-0.7024289856400469,-0.28636301675923864,-0.7948649191843858,-0.3770863657997062,-0.44159489065673313,-0.027103525562315427,-0.32874594984669897,-1.2607265570570945,-0.27288795677950434,0.024280970902241145,-0.34706796894715375,-0.30164647418544105,-0.47663008117128597,-0.8063786588555317,-0.685404742883952,-0.56468898712506,-0.20642214782524165,0,27,train
-1.272143183627834,-0.6172610074649879,-0.8231157139312223,-0.8105920906013847,-0.8462638441391652,1.479195458015646,-1.2519000484035496,-0.5892170791575814,-1.2187641681641257,-0.6864512794839505,-0.3190784757312893,-1.1886978590477344,-0.90693211679713,0.37395232686278507,0.22635722739969052,0.0789158607149957,0.6404819799516046,0.048370805076614766,0.3114350647640982,-0.7942917524714006,0.2085062561888219,0.15921998907117854,0.32139211665879786,0.6700444510058834,0.05155299442455432,0.5499782621356335,0.11269601677917321,-0.6409554691942827,0.31872608656477236,-0.07709427639978687,0.13943875024060548,0.3402731063483274,-0.25292132601191514,0.17323378424167327,-0.4474777369209854,-0.6826237739027966,0.1608485383366024,0.2936192618515398,0.16289405146783248,-0.39357999479723144,0.16637187497207084,0.7483289221227268,0.013738624797566667,-0.8835018976624133,0.07930052313570984,0.24558897161217444,-1.3677290591508868,0.3762967272199895,0.14140247383753732,0.19285805981888307,0.5702206079181532,0.0812230199715266,0.18501925692225563,0.31045266187913023,-0.062495127486614586,-1.0632688274831361,0.33111102247312374,0.04710820469044106,-0.22080320381871,0.08514526645206627,0.14623459555505397,0.23640761591050075,-1.6070450803981433,0.10577861133028216,-0.2172009829169546,0.14598383038492216,0.059188053921254084,-0.1171245275385081,0.20201720061491016,-1.3391661950811415,-1.3922232954044078,-0.30521430074160005,0.18180402485971228,0.08039321891833728,0.041638511382314676,-0.3338842181512789,-0.24821843691325127,-0.17310172401486978,0,27,train
-0.12427354236925882,-0.4821598042878855,0.4077211011220586,-0.32881717037983754,0.6086842629484718,1.3921020955985,0.3001803035647048,-0.40245432435604694,0.021703551756094116,-0.18891491710766825,0.12376143864840715,0.15081744027057503,-0.3979331993096264,-0.09281609158356428,-0.2712899234212009,-0.49206199361273323,0.1353681531571043,-0.5201294866535298,-0.49519423726675066,0.6866008163762181,0.26683936884686427,-0.37014985482213053,-0.5142111765607683,0.00029675887770841316,-0.383652414008689,-0.5158827780476749,-0.5920451575514198,-0.4462725766165264,-0.3350533463803378,-0.9556892200504622,-0.24164356007557364,-0.1608495863458764,0.05612402258857934,-0.46371479013637595,0.06394262619792995,-0.5548676140722005,-0.23516095110248747,-0.3824982114325535,-0.646863781147773,-0.6043071377011976,-0.4249987220637991,0.10986016382477816,-0.9468960458574546,0.6409712465083194,0.06662212992562182,-0.07377161819824568,0.5470846343964213,-0.6518396604349305,-0.44575616122840805,-0.5269651040159359,0.0961869860557853,0.11830822933949824,-0.44598415355547477,-0.12316436830867505,-0.4169420410149671,-0.41835924465336344,-0.2765523219060112,-0.3171223872934045,-0.37653223963646915,-0.3803775389297667,-0.30870999181460923,-0.15190699939051108,0.693297856738165,-0.5501814166746205,-0.506993239391942,-0.21201115197158305,0.08076094879214646,-0.3017304491265044,-0.4658771189258919,0.570520649745971,-0.05983448434162162,-0.38511675822492986,-0.3802563114285554,-0.3322166329999022,-0.26965893085689474,-0.5015324684083999,-0.6257622512010231,-0.535461332952664,0,27,train
0.6561075487212435,0.17292393669876185,0.3033391804108263,1.258504408876418,-0.031188202995829296,-0.17405047418351083,0.6046395623729764,-0.39629731046149086,0.6534232239376876,1.0975232801323764,1.0215324596092934,0.7595198345740609,-0.2501593200390608,-0.23988011383378394,0.19216772848833155,0.24205239052291827,-0.27198170716104114,0.261558414475419,-0.05041733240861904,-0.12082050884974489,-0.04073522516826814,-0.19224687449732994,0.07537693388349413,-0.37243239152405855,0.2916663232153093,-0.290867669564532,-0.18984438634254602,-0.1621407874489903,-0.024625701960357422,-0.5626335873646338,-0.5672284465592995,0.02573865029558249,-0.109435985590257,-0.42941755920832714,0.09424901808645827,-0.05932856988079792,-0.04900264410120591,-0.183864829450786,-0.08178097709227854,-0.15344906451131646,-0.28852858428629063,-0.3549075352303462,-0.4933622050649352,-0.055108943848883124,-0.2376593071164909,0.06248890012086691,-0.17165632220729612,-0.255539816466125,-0.09276198181376231,-0.10706825844562481,-0.3778466358065826,-0.47505512054804794,-0.30229030760510056,-0.43737960757520056,0.1759509779779135,-0.276260523012905,0.04188664221574704,-0.2719698345681344,0.5045662524903259,-0.23433116861389755,0.005166506448181652,-0.402591118129139,-0.112752229050838,-0.21178933873558342,0.15253396499940852,-0.10305615734134232,-0.7228293851485946,-0.34675628366016203,0.26273486602771035,-0.15052815894161153,-0.1506791760049934,0.22746874914726523,-0.2662720474260396,-0.07227242629141131,-0.2911277199768402,0.10957244381917033,-0.13162402367732173,0.13094714325477352,0,27,train
0.07436891718105089,0.1933462115976262,0.01193965175863617,0.3169302665486924,0.01908749075693722,-0.17710638163674403,0.03708779187712225,-0.5009665466689442,-0.07401155008960186,0.3307720367442703,-0.14224478978444804,-0.03419848504963344,-0.09007095082928139,0.29082918385179135,-0.7385464085431065,-0.238771065753064,-0.07645377420833133,-0.36379190642774006,0.07773872492338497,0.1433588187587499,0.2456273278803034,-0.5176791555792822,-0.6499436911954186,-0.4131996423492519,-0.623765742799444,-0.654049949923289,-0.48882549060400976,-0.38313217902374064,-0.33975679553821625,-0.9325683004807076,-0.6190260421362559,0.40957730852944074,0.1996093630102375,-0.6205021315217419,0.26093417347336406,0.06068479238430741,-0.27239261250274377,-0.5887713388751583,-0.04100180566559337,-0.6729159749257446,-0.7479780481372357,-0.08731401153194128,-0.4719354094369422,0.059945633069662746,-0.05699220387273648,-0.08228790059319022,0.08072599843217715,-0.9322404934317269,-0.5366259499886139,-0.808434418079551,-0.19726239890663294,-0.42737413707494154,-0.6052968958048027,-0.010046882172725851,-0.2493853182561096,-0.1286964659247366,-0.6797135792344757,-0.4375291945607914,-0.7207753714441473,-0.16130798345596298,-0.27344296953789116,-0.618867612727171,0.09186048503406276,-0.9666639741380508,-0.7418248955009834,-0.07581740868378214,-0.3399105011902549,-0.2657097814995783,-0.8853809890506932,-0.006318397204095008,0.06465638941929527,-0.4726289735638149,-0.30164647418544105,-0.5797825441508458,-0.30722931181679936,-0.5772445814277449,-0.2981874711572211,-0.5146360680711815,0,27,train
-0.261904389343402,-0.4256058122602613,-0.9209737645980025,-0.9035661980125604,0.12268589000506215,-0.3589328751041189,-0.2690261368159769,0.6503950516130431,-0.9852193196606275,-0.5535477306300121,-1.1518593386091485,-1.0110825707403341,0.3655651769216291,-0.34218552061654545,-0.08134826280254004,-0.5349926593516602,-0.01127779655742806,-0.5011794769291916,0.0023528088457355554,0.2959130783636554,-0.1414924197594322,-0.13583861244312487,-0.2894041991971287,-0.06376606384759528,0.026541189342184014,-0.3382392713504569,-0.4283174099796659,0.0535889043263612,-0.4056050837485151,-0.31408370198977165,-0.4747327401718774,-0.12886303149305486,0.31366181308899144,0.10953892680386834,0.10182561605859036,0.04132779847058074,-0.3942416861763099,-0.3328398659371116,-0.303153621979998,-0.06523770236547016,-0.47958677717480247,0.09108167093366203,-0.4076550225529631,0.048440175377808155,-0.25350729862910093,0.028423770541088758,0.21789030312754307,-0.43125767181078406,-0.1906217543247532,-0.2777955473038832,-0.6543662485596305,-0.4432677982326437,-0.4397365950358933,-0.6321930559204464,-0.23327409491391174,-0.01938975697053781,0.05065101737506149,-0.2599291538413957,0.27097269876368724,-0.2799706593376067,0.25556236461288,-0.6286983624816269,0.4948855279285642,0.11098464329857503,-0.3271221836488464,0.07594133383691028,-0.3345172774725318,-0.39178211819381964,0.09714123308370984,0.1684813139928947,0.18578264497045766,-0.09594595971383157,-0.5178235266040055,-0.5467737559973866,-0.16768218253715372,0.4286449201149814,-0.2870832413252278,-0.3938495317585834,0,27,train
1.3669637789691376,1.891536916649343,1.3275867773897931,0.391309552477633,1.8381535010843075,-0.55145504465781,1.446866533750206,-0.5830600652630252,1.1721990759413599,0.5045689852455744,0.9656106956773863,1.3108672920282822,0.10285605821840145,-0.5723726858777588,0.21116189455019765,-0.2645294651964202,-0.7282135507173639,-0.16007930189110492,-1.0153570582025315,-0.6268541504660166,-1.0005800789051469,1.643191190804881,1.0551960239023763,-0.3549607125989757,-0.16855089030030437,0.03283827597262089,1.5577713540429143,0.4376929896824749,1.7438711814019547,0.9864680238089254,1.6230698806948565,-0.9445201802400037,-0.3375408857477648,1.7117095715855768,0.007118141406939362,-0.8607081179090819,0.25223534359177696,0.7329046258496795,0.05803332494207062,0.5228380452735052,0.7304484444524391,-0.6178064357059722,2.0814244028988944,-0.29672355537782946,1.0428584071024,-0.09506232418560702,-0.4130654984711401,0.8137220266949918,-0.12771190056768764,1.0787942614617372,-0.20854891371287979,1.8666109566867324,1.2720944393294347,-0.4813697410725141,0.5626203381906618,0.42330241429396726,0.5472989430695467,1.386633935540121,-0.14293868590983044,1.9654922842688818,0.9820630235132725,1.9322119485541598,-0.7017888302043401,1.355226283720573,-0.017344254313515075,0.317198821946729,-0.5502462261814557,0.9770032516293723,-0.47139690669069195,-0.6836672780924302,-0.4736825241414264,-0.13399474899160765,0.2093174678948023,0.01437564261141897,0.9862652326599157,0.49354101698870567,0.05159576855056756,0.772365301604432,0,27,train
-2.019890156363643,-1.2440677524378232,-2.1822553065253927,-2.288035179280796,-1.1601060536261318,-0.06862166704696572,-2.4002409484738783,-0.9114341396393496,-3.000979364530985,-2.139870858617405,-0.32210127378166264,-2.668825261609402,0.07412224836023591,2.151508769713266,2.106779667524433,3.5047829866813696,1.7864929203133202,3.7909977256334,1.2763747905580107,0.1917296815603053,1.1206240177509386,2.1204918697250776,3.3796153370207636,1.8581186179115157,4.438623605872306,1.6316298362475834,1.575567848344192,-0.04638339186221632,2.035485029190421,2.997988026377577,1.2937851659556336,1.1665924400462166,-0.2198093243761479,1.4471309329977717,0.3026054623200905,0.2929687193490274,2.171358253950443,3.3418777007255875,3.244634292141612,0.35621658344246215,3.6645564066688703,1.2647374766284205,0.6029755045673753,0.40510936382530033,0.028586950295357724,1.9275547446137204,0.40992032970105535,2.3839666914770516,2.7451714210049736,3.1275217277608376,1.5916501978834934,1.3474180255351296,1.0628012289234547,1.8375387247144441,0.0631724145825286,0.2593423508626691,1.3623858328857903,1.2632169580910493,-0.05687790295791092,2.10697470551238,-0.1041612626096444,1.966619572694756,0.5692901512321645,2.1205129830596263,3.714980152355718,1.6324412571260634,0.17244575199343906,2.3592963718126616,4.485372506099724,0.05486150171485139,0.12858413540463098,0.10190774453060411,1.498518798681878,2.857257522328089,2.7735419268953763,0.5097650412071367,2.9053828353728433,0.3183745271881153,1,27,train
-1.865232812856616,-2.965822620834383,-1.6538218329247794,-2.196751510186187,-1.3017920996566557,-2.8265781435899213,-0.6065787933207998,-1.176185737105261,-0.2922419822977887,-2.3034444572068677,-2.722202925778106,-0.5411421204270046,5.020442373944445,-0.022481124420415746,1.0583017009094249,0.20770785793177668,0.3689154064061743,-0.10796677514917499,1.38191507306672,2.7442229032423815,2.6001638751685583,-0.05339576790236362,0.09234349821282542,2.4230362364891938,-0.47869727332169615,0.9171081759765508,0.6287943515162236,2.5476346092414004,-0.1751360750124691,-0.08865473618466418,-0.012254208234766781,1.465133618672551,6.001567871855236,2.9023134452307,4.791739760808348,6.320736624083511,1.5993445469828689,-0.7606656117439956,1.8872704432248053,-0.5307976692463257,0.5757822883045961,1.7999245240252304,2.3635438786674694,3.7531975521549854,2.0729778554220526,5.018965253978587,0.4428397628279432,-2.6296002025056677,2.3502373390856173,-3.8123118517748527,2.1954787400177,1.114310995222165,1.1002865800409436,0.6120992915749948,3.34019524238557,2.9154953784496995,-6.125312011555185,3.198756384914294,3.7379928119695878,0.5369762246167865,5.552669110575935,0.005384996680784842,1.3815406222964675,-4.069459027240606,-0.0023549996682571094,4.675398607156358,2.7450134653473555,1.440769347326046,-0.01877430997709052,1.2915694584335538,4.071916677236917,4.157908681541535,1.9112204442082283,0.41460719897211123,-0.05497103965743997,0.498949025061516,2.222472700705256,0.6515787652918339,1,27,train
-1.6424694832180544,-1.6760774137599528,-1.4320102514134108,-1.6456686189853997,-1.4769952748556905,-1.0801270340671523,-1.764847712700094,-0.6487348801382902,-1.7413686242416258,-1.3901585317490344,-1.248588876221096,-1.7603970682871786,1.7571025400527884,1.0133611192550445,1.2178526958291,1.529972362690728,0.8848918961424919,1.0148213010178606,0.6355945038979907,1.3526303887976343,1.1259270279925788,1.5347137637775636,1.2884862834306816,1.01947802950754,1.427202273954921,1.615839302318942,1.500822572278826,0.7113013792512134,1.207677977403807,0.726357678649186,1.375181387576565,0.9640109259783471,0.9243942877042542,1.1237570413904545,1.2875631986972607,1.2259758259906526,1.0070226610697004,1.3555438809079123,0.9318727126567528,1.0864106367608566,1.2535839725995546,1.0957310406083753,1.285061832058487,1.4003314541707221,0.8812088936737777,1.9147803210213037,1.880321676035378,1.3147048483159347,1.4450344433589517,1.2126075419182099,0.9483188539274228,0.9500764965925763,1.2439804259913179,0.4864131958683845,1.1426243785097843,0.5654011359344258,0.6466285282084439,1.4227559777203371,1.1274823957613624,1.6870913908542562,1.1866117527182374,1.676612454938304,2.187590708085471,1.1313669090839793,0.8820110244019628,1.31725002266001,0.6092968731290097,0.9770032516293723,1.5543652029909145,1.6542788591673074,1.3533051637552729,0.9580055032805662,1.231245352055289,1.0995395531563887,0.9111244707401065,1.4291264135848973,0.6900889838901817,1.255511446854824,1,27,train
-0.8195221507953427,-1.0586963341250548,-0.8731320509386877,-1.6169311676037637,-1.054984148506711,-0.4842250806866798,-0.8895273436263132,-0.7062003431541469,-1.3259650822313052,-1.2044343416839154,-1.3211360294300563,-1.1923981775541386,0.6857419153411879,0.6233217558957662,0.7467973774948212,0.5511531838431926,0.3689154064061743,0.3515709606660252,0.11543168296220968,0.32940059876473216,0.90850360808533,0.6408597650724679,0.35108360423512763,0.8971762770319602,1.0070039485711,1.0000084791019193,0.08422162589712905,0.232486697505921,0.6150433835111172,-0.16379772478636667,-0.03815300602324498,0.457557140808673,0.512333822903595,0.43781242282947835,0.548844896414383,0.39362508770040605,0.1913108067549939,0.16756346174772577,0.5357321902260969,0.5914468824980523,-0.13841143273103135,0.4572622823104267,0.11373033772820085,0.40510936382530033,0.7575945598754195,1.097217211106628,0.6677892225283433,-0.07234460557488467,0.46993171012443535,0.20670081296955267,0.9426755965242993,0.452075113651243,0.11004855468727776,0.7817755207789185,0.337063211399892,0.6091238195161052,0.237624354107103,0.05312854505381041,1.0742066729816029,0.4183135487351428,0.6893467386165124,0.5165839839124966,0.5444886101309644,0.07974845148881776,0.5122760764855997,0.717997552193686,0.7926664795315951,0.11700981203651156,0.9030302467445124,0.6360705414448422,0.49196290205811816,0.7411274043972425,0.6495325564562427,0.24131106116645068,-0.13011180157724914,0.6233332107361542,0.21260710111447026,0.4183357986192309,1,27,train
-2.5633191707048475,-1.2063650910860737,-1.8778080377842985,-2.609218459428494,-2.8862382058044487,-2.244427773748998,-1.7300996451187152,-1.020208051776507,-1.4331659962984846,-2.589698254738427,-2.3912065392622237,-0.635500242340311,4.7782574051399065,0.7192330747546052,2.7297883143536406,2.684807271067864,1.297673087931546,1.8154592118711474,1.3442221150278952,4.898586715711656,1.5395618268405156,0.9098837841002152,0.2323176539298086,2.376445092688973,1.8724124044211126,5.164761802781143,0.8815045705943656,2.5476346092414004,2.4682023517152425,1.0153691732711188,2.8107147507093564,2.6059874084231853,4.12522111249509,1.113957832553869,4.378815171327149,2.2906104912456193,3.5286215468143323,1.7298914084889359,2.930052112564326,1.9930274143709437,0.944251660303869,2.034655685164182,2.042141944247574,3.350506532940075,4.402632607775728,2.293754887596336,2.961176397034861,1.232453937303541,4.244522935548369,-3.0186606711364625,2.1841922252114534,3.5248496041403214,4.642652260643648,0.9074616164855287,4.0394223354369565,2.0902297258454987,-4.632446776085291,1.681630613345219,4.266651907245665,0.09427316459680808,1.8461050692928653,0.8557448504412285,1.0963228996326664,-3.944514260001577,0.3523906936028481,2.083826234879918,2.0169282634547376,2.5258919595871947,0.5718429808565113,3.2755461805193873,4.4319308256806496,4.062786708347095,5.181389673521786,2.5230435422743147,1.3082970694590978,0.423236912042171,2.783236307220917,2.5591730284356236,1,27,train
-1.7659115830814611,-1.2157907564240111,0.4816582949591815,-0.31360322553073605,-1.5805936741038153,2.7168379765750887,-0.9540594691345882,-0.7636658061700037,0.08296121693733954,-0.49731930611488423,1.7757205731774455,0.04905868134446038,-0.8248355172023714,-0.04166338819218353,0.655625380397864,-0.45342439444769894,0.7110892890734165,-0.733317096052334,-0.6007345197754599,-3.3839933301546736,0.7812313622859649,-0.6869039417418974,-0.9553418491233819,0.3904975882045582,-0.6087586597500217,0.2657486514200846,0.5220153857085581,0.3587674926914926,-0.6031499483794117,-0.042412897045154954,0.4206256976583687,1.0066596657821092,3.8750415445804043,-0.7331930331424737,-0.8604023264021837,-2.7770505153680216,0.2928517014829657,-0.6919079025964606,-0.5711310342125006,0.0572780783926497,-0.47048876798963524,1.1567611425045028,0.9243774389872708,1.6246878791618864,-2.0696871259742116,0.011391205751199686,0.8488461047262262,0.5034117715118706,0.050532685077331496,-0.4208373298608023,0.2034088767151304,-0.8723966494906013,1.4595211949168794,0.17219795660185896,-2.5694014795325995,-1.7901584420285581,0.5677491517746138,0.989291471557744,-1.2617288642847841,-0.3256101500613158,-1.9168862076329536,-0.515644740305383,0.8049047916935654,0.18386909085467534,-0.8467496780177892,0.18489632846715098,-1.2513653094854578,-1.2697858916001432,-0.5652332986922922,-1.7499455163940674,-3.538849713227786,-1.1004339966471204,0.43728599589983397,-0.19605538186688315,-1.1498792847746593,-0.003995725709847147,-0.8200862732609058,-1.5808896300030812,1,27,train
-1.6339562349516126,-2.0248270312636354,-1.0731973989685497,-1.2162972865774244,-1.1768646182103875,-0.687442926326687,-1.5315392589394077,2.386672969877858,-1.5173952859226971,-1.1413903505608933,0.25676455286483474,-1.4736223840408553,0.8745640944091329,-2.6312689973808343,0.8227740417422855,0.8645470437373596,-2.5694349193553814,0.4605335165809696,-1.7767548105867907,0.697763323176577,-4.203598264855836,1.599800219993954,1.284244642348349,-2.1894869997326727,0.7818977028297672,0.9565845107981549,1.6182794346672582,-0.7672362643798543,0.9536917228783685,0.46046710359700793,0.6352157364771881,-2.1280227097944,-0.04321198231872246,1.0600621839526496,0.7458364436898172,0.90464972702279,0.6143978681215428,1.107252153430703,0.4017434841098456,-1.0453639484304291,0.8350755500818622,-3.0120642793232797,1.2957752298724834,0.5604330426653372,-0.3644432392173712,1.7103895435426348,0.8707923934774848,1.0193493042259758,0.8998157107977167,1.0926370146124067,-2.669009141474694,0.47326666186151245,0.6973190555279377,-2.492347272378278,-0.7456109971958031,-1.5114263341953513,0.6174139443440624,1.7237729958888044,-0.577340733190948,1.8924690991109472,-0.753074472501257,1.1359212184432244,1.0219182763290662,0.5170551368254196,0.5472510039912016,1.4651175153724796,0.7225545712011948,0.621299158813477,0.6987980994469117,0.9201200721399505,0.946186360374977,-0.6324338885304744,0.8342656739775616,0.7735777701409796,0.5783582393809517,-1.1504934371456428,0.018283079054587686,-0.6312575514074831,1,27,train
-0.6705403061326105,-1.4577161667644036,0.25984671344781285,-0.7446649962552783,-1.3033156055279518,1.2286110468505242,-1.0285196139518284,2.3415215346511133,-0.4185859167341074,-0.6302228549688227,-0.044003853147314025,-0.2802696657255107,-0.8864079668984404,-0.36776187231223584,0.10479456460374757,0.18194945848842048,-1.8416365022536283,-0.27851686266821835,0.8240592940921142,-1.1812586548838437,-2.787694530337899,-0.14885590368640295,-0.3869619440907836,-1.2693119096783103,-0.4136665801075334,0.5855069634750771,0.5754048686123908,-0.23054288484117494,0.03651913709206295,-0.6551172656436522,0.29113170871597777,-2.3999084260433827,-0.08368220654021578,-0.6841969889595468,-0.6179511912939571,-1.631116475675403,0.05592294711769824,-0.5085540115363676,-0.8216316586907095,-0.6582140812347702,-0.11111740517552966,-1.4581439925834194,0.7101094827073404,0.3360766176741728,-0.15524975125091872,0.509593725855455,-0.32528034346610596,0.08841853867661191,-0.28848152683574413,-0.028625990591830443,-1.3767031961594292,-0.7770346825443885,-0.10236843497849288,-0.17343880659131913,-0.4942759130575168,2.6094365933779433,0.3048178969951804,0.21868790504646748,-0.2658826615554298,-0.3073543537718321,-0.2522827561718603,-0.27970674619843905,-0.27396224620863857,-0.315909978101441,-0.2571723286376425,0.33276382117962056,0.22098476545294696,-0.630419041222205,-0.44931775563149184,-0.7317371986716024,-0.5510687429657801,-0.6057997360360312,0.28792730513791664,0.12990640114852603,-0.6829331214158452,-0.42582035538905494,-0.6313143661170197,-0.4188398496163623,1,27,train
-1.0025569885238423,-0.9738653460836185,-0.18595107292307506,-0.7040944766576743,-1.3703498638649738,1.9635567893531067,-1.1873679228952745,2.2881607475649606,-0.6272448387577245,-0.5859216720175099,-0.0455152521725007,-0.48748750208414415,-1.1368025956624541,-0.757801235671514,0.5226662179648014,-0.13573746797963923,-1.7873231875445421,-0.23587934078845751,0.06266154170785508,-2.0110049937105243,-1.8755767687757818,0.011690688314026837,-0.31909568677345845,-0.9664694749768746,-0.3186217207945262,0.5776116965107563,0.44727010964319214,-0.5778150716014969,0.18232606098629614,-0.4932708286553699,0.48352277800181576,-2.250637836730216,0.06348224517430541,-0.24813219573149778,-0.6065862943357591,-1.6504734695891299,0.22515777166431783,-0.3748584659717163,-0.5128750750315217,-0.6582140812347702,0.038999746379729625,-1.6083719357123485,0.6244023001953682,-0.06661440154073771,-0.06333140047778049,0.27113781879700805,-0.7422598297400183,0.46228631600567377,0.08897759570664934,-0.037854492692276843,-1.173545929646986,-0.030032608132388307,0.39118868806844476,-0.48765404585784466,-0.11082879751320812,3.8172757273218396,0.30773935538161856,0.2909319894068996,-0.3273546493782294,-0.0974126964427702,-0.001886898007161964,0.22166149127881676,-0.6273842069007399,-0.2169953707038763,-0.31712934721867436,0.2238088265493798,-0.00013740697369995142,-0.49083895416786644,-0.31684284927629147,-1.5576658340773788,-1.3955879136141622,-0.3584826057304866,0.5394787843158827,0.12165420411016123,-0.548753189416186,-0.6259166540830381,-0.7368045495209561,-0.42300490259265877,1,27,train
-2.0057014092529064,-1.8158914496060239,-1.249341890168754,-1.8028793824261151,-2.470321102940653,-1.5217056610593485,-2.2860687264207766,3.146038016873108,-1.6915967712818638,-1.5094309473871843,-0.9931624409645474,-1.7455957942615619,2.266101457540292,-3.55841174634961,1.776281178047963,2.4916192752426927,-5.21992467715878,1.1000963447773824,-2.824619044066118,2.8595688068460907,-4.919504647477265,1.5650874433452124,1.7550668024872922,-3.7852336748902378,1.4822282451361357,3.0804113242004507,2.397765885063217,0.2956270950987068,2.562271334872812,1.1194133113350144,3.2805929391574606,-6.174321898676322,0.9759018458043368,1.0502629751160641,1.8899027374817612,2.2712534973318927,1.6568843873287196,1.4319413355162844,1.1474197616263744,0.6306519323406508,1.9040916293390115,-4.796021103979313,2.838504515087982,1.774258829155996,1.385175023774777,2.35762700555842,2.302787734497105,2.37275065815718,2.301307452830122,1.9185879526023593,-4.582073401133536,1.7023764580571437,3.030782162591624,-4.032001944784253,1.1265131551675864,-4.003619298351084,1.119904786811424,1.9254543980616776,0.8242205891688842,1.9289806916899146,0.9467960012365544,2.8268101762096554,2.6774211448341725,0.9439497582254356,1.2617388087484978,1.6869187544411839,-2.78843406903654,1.02202908616303,1.8137952279365153,2.816696938627289,2.3593260084718715,0.6650298258416902,2.528307666566676,1.9949029318189684,1.4210082123388117,0.6990453237554992,0.7567143628821414,1.247181340902231,1,27,train
-1.378558786958357,-1.4325810591965706,0.029336638543841553,0.31016851328242506,-1.994987271096315,-0.6354924996217228,-1.920386681873885,-0.6733629357165145,-0.49898660228449193,-0.05089969329780916,1.0079298683826132,-0.5207903686417817,0.09875122823866352,0.21410012876472023,0.1351852303027333,-1.1016774471054964,1.0804198290952016,-0.5438169988089525,0.10789309135444473,1.1405427595908146,0.8236554442190867,-0.01000479709143665,-0.14518840239781267,0.14589408325339864,-0.6837940749971326,-0.7093168186735346,1.2765867440827283,-0.3778704792243418,0.35635367982780025,-0.8054032428470572,2.0633494430989856,1.2625521046046813,-0.473668003583697,-0.42941755920832714,0.2836639673897603,0.7459223769302313,-0.20469868268409594,-0.22206355675497208,-0.7400733158373392,-0.9326494301329588,-0.3340186302121268,0.8516106330238655,1.4957586557337519,0.0024183446103898092,-1.59424738059591,-0.6741695270418355,0.15753800906158205,1.0230879819992664,-0.7323454950105956,-0.31932380675589195,-0.14082982487539863,-0.6604811673879061,1.4251596230591812,0.059080470465909765,-1.3352817715202443,0.4724904333233567,0.46257664986284047,0.8297524519284563,-0.3478453119858293,0.12165685903103356,-1.3596672556608078,0.4182764863679367,0.33367551077076363,-0.357558233847784,-0.5269789122522859,-0.2042286523551373,-0.7551887274549332,-0.7609939613698122,-0.8909007768154933,1.221649573954758,0.6433707214970711,-0.46121433678048207,-0.20731466949370383,-0.5178910663631099,-1.085472917414823,-1.0855973402719183,-0.5313762976290802,-1.7974723847704985,1,27,train
-0.4860865936930372,-0.9408755174008376,-0.3273015905528688,-0.5519550281666594,-0.48671645851331985,-0.62326886980879,-0.6280895018235582,0.8022680610120931,-0.5889587980194462,-0.3865663487366023,-1.271259861598896,-0.6095980127954818,0.5749115058882637,-0.47646136701891995,-0.41564558549138314,-0.3160462640831326,-0.2556877127483153,-0.6385670474306432,-0.0051857827620293865,0.15080048995898918,-0.3960369113581625,-0.062073962064549015,-0.42937835491411186,-0.3200173547488101,-0.43867838518990365,0.01704774204397928,0.023713545272785193,-0.30420668203275836,-0.28801885480155287,-0.626216116181459,-0.35263840774048016,-0.22482269605151944,0.6889311649610204,-0.07174643667296107,0.3404884521807509,0.3781394925694247,-0.22500686162969027,-0.4436161751192512,-0.2623744505533129,0.08178123454427368,-0.45229274961930077,-0.11548175086861548,-0.09339535334239853,0.40510936382530033,0.16171007900128204,0.09655402970064506,0.7446012331577482,-0.48733783841014333,-0.2325616568294636,-0.3239380578061151,-0.6205067041408899,-0.1412882362363032,-0.24606228092886714,-0.5127912649991667,-0.010939212791581483,-0.5167352827121423,-0.060364401309588166,-0.15758336766411676,-0.0036021801781512164,-0.04720925664669018,0.42837077376879856,-0.309198995461807,0.5072862984791643,-0.3992064895941271,-0.33211860186393233,-0.040796160409776204,-0.4693478704156092,-0.5133518714346953,-0.41619902904269174,0.5355607075065731,0.2900858094728475,-0.28999478503048964,-0.25841106370172817,-0.4601256870945564,-0.7580738833356544,0.1906925649113257,-0.42588611422514394,0.01432565991847199,1,27,train
-0.4094673592950606,-0.9094566329410464,-0.1359347359156096,-0.43362434600698113,-0.41663518843370595,-0.6813311114202206,-0.4990252508070082,0.7755876674690169,-0.27884186803939126,-0.18891491710766825,-1.0022308351156675,-0.33392428406837116,0.38608932682031877,0.32279962347140434,-0.3320712548191723,-0.22159879945749322,-0.01127779655742806,-0.619617037706305,-0.17857338974062306,0.3666089547659286,-0.49679410594932655,-0.2790288161191839,-0.4760364068197729,0.12842240432831584,-0.34863588689337055,-0.3382392713504569,-0.21120017950407916,-0.8724702603678306,-0.3068326514330668,-0.5106115183326859,-0.48583222493836803,-0.3687621928892163,0.40196048411770413,-0.3951203282802784,0.1434969049053168,0.5871950268376727,-0.2994701844302029,-0.6193303207185071,-0.7284221240011434,-0.5847046127798984,-0.5068808047303042,-0.2704043172203236,-0.20767159669169472,0.17500020998820862,0.3899211567828666,0.0028749233562551484,0.11913200374687961,-0.6069755271554431,-0.3933312830975201,-0.4023803256599095,-0.10697028045665809,-0.5545234263365586,-0.39600368539882286,0.10307060396322335,-0.062495127486614586,-0.5003392763690125,-0.1041862771061604,-0.16962404839085546,-0.11015362573767062,-0.4260170296534759,0.2026618311978029,-0.43208336739250697,0.4514828310014641,-0.5605934806112063,-0.6069216036936617,0.09928883268624757,-0.5286733313105633,-0.3512588671135278,-0.4658771189258919,0.5617806641861216,0.1891472631802122,-0.14540938577494048,-0.27413303115035104,-0.3115861404039902,-0.7688082778956271,-0.5502045410636932,-0.5813453318730499,0.10595682539699462,1,27,train
-0.5513548304024247,-0.8151999795616727,-0.11201387908595219,-0.5333602066844242,-0.27951966001706996,-0.6492440831612721,-0.5486653473518351,0.7591689637502006,-0.5851301939456183,-0.45812979811949217,-0.845045336496253,-0.550392916693015,0.32862170710398775,-0.11199835535533206,-0.10794009528915256,-0.37185612954373765,-0.08731643715014853,-0.39221692101424727,-0.05041733240861904,0.3331214343648518,-0.16800747096763327,-0.0881085445511052,-0.34454553326745535,0.10512683242820539,-0.4136665801075334,-0.34218690483261727,-0.08306542053488042,-0.719880966185265,-0.39149473627487963,-0.8516450819865664,-0.5080311944713494,0.15368486970686857,0.4792218212678277,-0.11584287643759525,0.442772524804534,0.451696069441586,-0.25208443355714943,-0.39777770235422794,-0.646863781147773,-0.4180831509488554,-0.5887628873968092,-0.21406883854697517,-0.3219478400409909,0.0944620061452265,-0.053822605570214475,-0.0013832178412171202,0.6293832172136409,-0.5247246161430495,-0.25702659995721133,-0.41622307881057913,-0.3947764080159529,-0.4644593464429132,-0.4334890365163118,-0.41852669321920904,0.01483874455593507,-0.549527295398402,-0.2064373206314956,-0.02513587966999111,-0.048681637914870964,-0.019825562212464707,0.329623111393988,-0.35835274423408703,0.33987589604606366,-0.7271865035965784,-0.4320469661656521,0.2238088265493798,-0.5502462261814557,-0.6259164577688393,-0.5873124497514923,0.17285130677281946,0.12521951719487648,-0.13779962791938527,-0.27413303115035104,-0.163046593713424,-0.6024251622160497,-0.5988766137189864,-0.6535228257810064,-0.14394635318079438,1,27,train
-1.1756597032748266,-0.7570750433110589,-0.9318468813387559,-1.3396992836868031,-0.19267982535320052,-0.6538279443411219,-0.8746353146628651,2.3394691966862613,-1.3585082168588418,-0.9897439935352457,-1.4647189368227906,-1.2793556624546365,0.8129916447130638,-2.1069537876191813,0.32132805770902095,0.4266542532003043,-1.2441900404536814,0.3657834679592788,-1.354593680551954,0.15452132555910883,-1.276336611470438,0.29807109566614487,0.656481762163091,-2.0147702104818443,0.7818977028297672,-0.09743362893867237,-0.08306542053488042,0.42190789028427844,-0.01051535448672195,0.3911043448877441,-0.4414342858724054,-0.11820084654211435,0.8655285070184459,0.09973971796728297,0.6056693812053737,0.6220376158823807,0.4993181874298416,0.45023404379870263,0.4949530187994117,0.8364784440142922,-0.00194129495352291,-2.101307374104147,-0.22195612711035675,0.39360390613344576,0.025417351992835718,0.3733332075363425,0.43735319064012856,0.40620614940631444,0.5922564257631739,0.21592931506999907,-2.6351495970559533,-0.4644593464429132,-0.5053359594914989,-1.7507993077092776,0.8268444010027065,-1.3857236188980226,0.5414560262966704,0.23674892613657553,1.1274823957613624,0.20380794233370997,0.6928734408441841,-0.1666531240221951,0.6560955450863648,0.412934497459562,0.4673083125498258,0.09539758287802469,-2.750681503012478,0.10800464512978004,0.9195896100389124,0.6448105270046918,0.7409446495799519,0.7905908304583513,-0.2387586043909496,0.2206805685705387,-0.05497103965743997,0.9153656466679134,0.1182211475425273,0.5849379176710902,1,27,train
-1.9858371632978755,-0.240234393947493,-1.4037401478874518,-0.99992118205687,-0.8051291856141745,-0.10987641766561382,-1.7019702570766466,0.8843615796061742,-1.8600553505302888,-0.97270507701551,-0.5714821129374643,-1.769647864553189,0.12748503809682904,-0.8728948183021207,0.3175292244966477,0.6370145153210466,-0.9020161577864394,0.4889585311674768,-0.7967379015773484,0.013129572754562325,-0.3005827270086386,-0.062073962064549015,1.861107829545613,-0.5646208596999697,0.8369236740109819,0.3249631536524906,-0.10798051255666906,-0.062168491260412774,0.9866158669835179,0.5818519313382197,0.4021265563808843,-0.3687621928892163,0.15546002749588114,-0.292228635496132,0.23441608057090174,0.09165598264627008,0.5839355997031513,1.8215683540189822,0.3085339494202795,0.21409827776304313,1.1717018899330496,-1.265664440449479,-0.2612385857616773,0.1807529388341359,0.09831811295084189,-0.10357860658055157,0.31664860250820653,1.4418198926078158,0.8718557757945765,1.1987647887675403,-0.7615881392189756,0.4202877913358387,0.5661203266167265,-0.8835652473336668,0.4143970834424417,-0.024855092418247748,0.6144924859576242,-0.052227411305153175,0.3898185418877666,0.1764242478994845,-0.2452293517165167,0.9589677228630165,0.4142805193496639,0.8294170549229922,0.6022116043571475,-0.12640365619067961,-0.44238175182699374,1.3237021775385363,0.6104814952101114,0.146631350093271,0.1319487536143855,0.0562491973972728,0.21717845161911373,0.4764986767598472,0.7554757496205018,0.24477264563942924,0.4124832380903495,0.20591809682811024,1,27,train
-1.0848517217661136,-0.5654198481063323,-2.1757314364809406,-1.1571319454975852,-1.498324357053834,2.234004598964244,-1.9336240409525056,1.099857065915637,-1.9902278890404355,-0.9079571942405144,-1.640041223744445,-2.0342206377610874,-2.1589052606171997,-1.6849439846402903,0.587246382575146,0.9847529078063552,-1.5917952545918324,0.8490087159299018,-1.8069091770178505,-2.5356428133273945,-0.4278549728080038,0.5757733088560775,0.9533966379263885,-0.6403314683753286,1.162077140081796,1.185547252763458,0.29422025865220475,1.9478008321099354,1.8567539611910386,1.708996760363757,1.3973803571095464,-1.2537235438172785,-2.8724485665303923,0.4035151919014296,-1.4778950611309483,-1.0504066582636031,0.46547122252051765,0.7711033531538656,1.4736531330398557,1.8852135273037982,1.6357003583765781,-0.9464300613005046,0.07444787907688027,-3.7713717783179144,1.3598182373546008,0.10932845329306186,-3.469086207083893,0.9221436821204197,0.3545969782364818,1.8216886805476722,-1.1791891870501092,2.1473989704728034,0.6285959118125414,-1.587407383290684,0.8203999116658274,2.0246457004729796,0.8920310326692483,0.062159055598864435,1.029127215244883,0.5963075625576083,0.5235917339159374,1.9322119485541598,-4.130601887445253,1.8602113846449821,1.0668784983601443,0.009790087097121269,-1.4563078107589356,1.251660842284684,1.4715683865189142,-3.2794429893677273,-1.8027067169944582,0.7221030097583544,0.7792387879073815,0.7900821642177092,2.1885174233768625,2.0726793742493297,1.0731849130939501,1.7844731748444775,1,27,train
-1.5842956200640352,-1.5268377125759443,-0.0706960354710894,-0.0397522182469092,-1.4830892983408743,-1.1443010905850493,-1.6275101122594064,2.3435738726159654,-0.37455696988508724,-0.4070130485602851,1.1137278001456807,-0.4375332022476879,0.30399272722556014,-0.4956436307906877,0.2947362252224084,-0.3976145289870939,-2.531415599059021,-0.5911920231197979,0.06266154170785508,1.4568137856009844,-3.111178155077952,-0.17922958325405183,-0.0942887094098188,-0.768457113825936,-0.6837940749971326,-0.06585256108138915,1.2160786634583844,-0.3357768808291513,0.04122258624994144,-0.27940232263513975,1.0384970163263485,-2.7251050670470685,-1.0218555862202883,-0.4098191415351564,0.4579257207487981,1.36921758095223,-0.028694465155611557,-0.27554177498083254,-0.8624108301173947,-0.6337109250831463,-0.4249987220637991,-2.8806148290854665,1.2243525777791733,0.08870927729929921,-1.2265739775033573,-0.36332521962635994,0.3879740409497968,1.2474086483967035,-0.45274614497919313,-0.024011739541607246,-0.23676520072849694,-0.28962907370818974,1.097162800781153,-0.7893006755537092,-1.6800619510432782,-2.4077413476197815,0.5677491517746138,1.3324508722697967,-0.5486538055403082,0.016686030366502586,-1.613589816053178,0.11843861885702879,0.5692901512321645,-0.11287473133801874,-0.40706487509022216,0.04092008556290433,1.984568921148399,-0.3332485333000647,-0.7473862949306928,1.545029039669189,1.4306913825796266,-0.8378973506304653,0.15036008996246653,0.04325833224569573,-0.4575108356564177,-0.8855010415779353,-0.48140726338511036,-1.8266277556045738,1,27,train
-0.8762771392382883,-1.442006724534508,-1.1862778130723846,-0.9678028540421001,-1.3916789460631172,-0.5407593685714939,-1.2717560870214804,-0.6179498106655097,-1.2053640539057282,-0.6728201462681619,-0.8767847160251733,-1.2664045476822219,0.5831211658477395,0.31640553554748174,0.3061327248595281,0.4438265194958751,0.662207305835239,0.2047083853024045,1.0276012675017678,0.7833425419793288,0.8713825363938486,0.7580153862619707,0.15596811444781777,0.2973153006041165,0.5818032621708048,0.8776318411549469,0.7996406968084886,0.19039309911073046,0.6056364851953602,-0.01929197747540034,0.7536102406530883,0.9906663883556984,0.4129978179962932,0.9081744469855763,0.5223268035119208,0.48266725970354873,0.022075982208374322,0.11026537079144669,0.4192202718641393,0.2435020651449919,0.02535273260197878,0.4807353984243219,1.038653682336567,0.22677476960155424,0.564249063421577,0.8587613040481811,0.3824874687619822,0.2529203607013991,0.1483924575883224,0.31282858712468625,0.77902113183372,0.8600124166989309,0.29435153101493167,0.762922606422927,0.07283914858784732,0.33585704713060827,0.27560331313079894,0.37220658431238585,0.3529353491940868,0.8564526596827503,0.5976524806970454,1.0130368465125243,0.7987044064182653,0.37128624171321895,0.19250531072009644,0.46895756446742143,0.4205340430087014,0.08098914440958546,0.7926344914485121,0.6273305558849928,0.4145766832337644,0.01820040811949671,0.5748532110752842,0.20417617449380912,0.2294904161818376,0.28803671022191213,-0.02058172535738883,0.31420947421181883,1,27,train
-0.23636464454407644,-0.6266866728029252,-0.7861471170126608,-0.5688594113323278,-1.3170271583696154,2.03384266077747,-0.6942762972166606,-0.5666413615442091,-0.8818470096672758,-0.32522624926555377,-0.6410064680960516,-0.9925809782083134,-1.0136576962703163,0.53380452496085,0.09339806496662792,-0.22159879945749322,0.401503395231626,-0.15060429702893582,0.4772840801349269,-2.156117582115191,0.15017314353077954,0.029047076638397624,-0.19608809538580654,0.11677461837826061,-0.19356269538267468,0.3131202532060094,-0.11153981141692458,-0.2200194852423773,0.27639504414386595,-0.2331604834956305,-0.015954036490263668,0.8947067237972338,-1.0402511426846035,-0.04724841458149764,-0.2845808805201457,-1.0504066582636031,-0.10992718093798896,-0.4932745206146931,-0.20994408729043193,0.032774922241025725,-0.4659397633970516,0.03005156903753458,0.10301693991420433,-0.8029636938194312,0.3835819601778226,0.019907488146144223,-1.0220750113185648,-0.3153586608387749,-0.2325616568294636,-0.12552526264651762,0.22033864892450067,0.34611737259989545,-0.33665187946279873,0.37958001451776585,-0.2977189882827031,-1.0632688274831361,0.2084097702427215,-0.23584779238791828,-0.19621440868959014,-0.006133714995351971,0.015746613131197074,0.6837067297382485,-1.6132454656734434,0.10057257936198928,-0.047322763604031,-0.09527365772489657,0.6740155577416869,-0.3557614505668935,-0.4548375433962919,-0.9720868015674632,-0.19778383094155655,-0.17204353826938376,0.052097793408573574,-0.2455685640970719,-0.09790861789733092,0.1366124841832221,-0.1538324833413083,0.11012187837329111,1,27,train
-2.3646767111545377,-1.1953684815251466,-2.1583344496957353,-2.656550732292365,-2.980695569824798,-1.1106861085994841,-2.079234990817331,-1.176185737105261,-1.806454893496699,-2.5300620469193524,-2.6028024027883583,-0.6965554976959798,2.4056656768513816,1.6719521754190716,2.6424151504690565,3.5734720518636527,2.1395294659223794,2.260784440393094,1.8643849359636764,2.4577185620331687,1.2903203454834253,1.0574130848573668,0.3298753988234635,2.4754512732644423,2.877886968732399,5.362143476889163,1.2445530543404286,3.6157596685193605,3.394781835817305,1.0153691732711188,3.628376795174168,3.149758840921151,2.263590798306397,1.1923515032465521,2.162660264478516,1.2104902308596714,2.9701466258104876,2.04694084511368,3.6116468349817783,2.9192467169023297,1.5629162848952405,2.2693868463031337,2.1314202593642118,1.9640988810715967,4.966821105624645,2.1958176400544738,1.7486439435278267,1.5128547703003374,3.964923585516967,-2.53877856191325,2.7033719062988086,4.409596741919073,4.417740153938714,0.34815849059111326,4.129645186153264,1.3688054467477868,-3.8553388452927435,1.4197458075386524,4.684661424440702,0.2677032293469027,1.962486242806035,0.9982907218808404,1.1769279082115667,-3.1636094647576454,0.372376366463192,1.8581337460029907,2.545464187791601,2.7825392164290434,0.5552836175621113,1.9776583248817385,2.117073497369547,4.355762385785971,5.224625084005499,2.9769143793843784,2.0167671104172986,0.7963894690660857,3.116363202180716,3.6462518552490057,1,27,train
-0.767023786485618,-0.08313997164853677,-0.38819104430108764,-0.4539096058057831,-1.254563417646481,2.091904902388901,-0.8514699362752792,-0.4763384910907199,-0.8397323648551697,-0.44279477325173006,0.43662103686204934,-0.8926723785354007,-0.6770616379318058,0.5849572283522306,0.08200156532950828,-0.18296120029245894,0.3417587490516313,-0.477491964773769,0.0023528088457355554,-1.9812383089095673,0.3835055941629489,-0.5523919322280237,-0.16215496672714397,0.06435958160301211,-0.23358158351446717,0.13547674650879132,-0.3713686282155776,-0.6830490675894733,0.3093191882490154,0.06163124101874081,0.11723978070762418,0.47355041823508376,0.7367596117682398,-0.18933694271198556,-0.34898196328326836,-0.11352815283923258,0.06269234009956302,-0.23352317494622787,-0.60025901380299,-0.7660279683019158,-0.17935247406428387,0.31172896240427667,-0.40051275734363206,-0.2449489957644838,-0.5039055645283396,-0.2185484189123028,-0.9781824338160476,-0.1994596498667657,-0.08577199806297725,0.1282585451157583,0.22033864892450067,-0.3320121701287288,0.07881076208937031,0.3041683570937997,-0.48783142372063765,-0.8227940677838989,0.2726818547443608,-0.16962404839085546,-0.8150324194391066,-0.4625286222324432,-0.2487560539441885,0.23640761591050075,-1.476836989616843,0.012070035901010344,-0.29214725614324444,-0.23924990062914323,0.010649040461746239,-0.6034035405020105,-0.3886000902186917,-1.3347962023012168,-1.0995015111557653,-0.4383850632138164,-0.018651060110229357,-0.14654219963669443,-0.4736124274963768,-0.8638690092866939,-0.24266632199725463,-0.6645779752178549,1,27,train
-0.8478996450168155,-1.0524125572330967,-0.725257663264442,-0.7243797364564762,-1.9706111771555799,2.3852720178992874,-1.299885475063549,-0.7821368478536719,-1.3336222903789607,-0.6148878301010605,0.05423708348982,-1.3700134658615386,-1.4405600141630612,0.8726911849287475,0.32132805770902095,0.3364998551485576,1.0043811885024811,-0.21692933106411938,0.5602085878203412,-3.7077060273650826,0.7441102905944834,0.7449980950186926,0.31715047557646503,0.48367987580499994,0.07656479950692463,0.7592028366901348,0.3903213278791038,-0.6514788687930804,1.2500090198247134,0.06741147091117947,1.0754952988813173,1.4811268960989616,0.05612402258857934,0.3006234991172831,-1.0195108838169575,-2.1150413235185694,0.17100262780939957,-0.008150683851530114,-0.19829289545423617,-0.8297361742961381,0.2800969897866612,0.6966880666721574,1.0172268867085739,-0.9410291861216863,-0.4056480171501573,0.1859749948475627,-2.240094037013414,0.38377408276657077,0.23227226259774317,0.5481553906860693,0.16954933229638985,0.6798842569116401,0.7254330688660544,0.825765654276232,-0.22360736090859304,-1.4294463024797022,0.5706706101610519,0.1554743312310893,-0.4502986250238287,0.8747084559722339,-0.4321445697831225,1.5045743342353242,-2.7045132741262474,0.35046211384004744,-0.03732992717385903,0.11874508172736199,0.04300838276808481,-0.2251865304192864,0.22961613943891027,-2.239384707745639,-1.486432605277534,-0.49165336820270295,0.43335550403767825,0.09277151447588447,0.12751366786209659,-0.8260129527770214,-0.08720710434934857,-0.42300490259265877,1,27,train
-0.7031744244873043,-0.1192716887772967,-0.38384179760478626,-0.35586418344490683,-1.1890526651807551,1.7985377868785144,-0.662837569404937,-0.5830600652630252,-0.7937891159692355,-0.4155325068201529,0.40941585440868916,-0.8519688749649549,-0.49644911882333675,0.6233217558957662,0.021220233931536808,-0.3890283958393085,0.37434673787708295,-0.19324181890869668,0.10789309135444473,-1.650083940498919,0.049415948939615484,-0.3831671460654086,-0.04763065750415774,0.32061087250422693,-0.40366185807458527,0.09994804516934772,-0.14001420229896874,-0.5462448728051039,0.18232606098629614,-0.8978869211260757,0.06914201338616469,0.564178990318078,0.6852520536681573,-0.3510238885156442,-0.4399011389488533,-0.24902711023531923,-0.23854564759341984,-0.16094559306827436,-0.6235613974753815,-0.8346368055264629,-0.4340967312489663,0.15680639605256852,-0.5005044702742663,-0.3254871996074659,-0.4753791798056415,-0.3420345136389986,-0.7806658350547208,-0.14337948326740643,-0.3968262749729126,-0.1947390283998656,-0.016678162006683248,0.3196279373370585,-0.06488308386100394,0.4047172336590879,-0.5554985617578686,-0.9539621185289374,0.027279350283556294,-0.15156302730074742,-0.5281631429327083,-0.3301740991336867,-0.49209850765354324,0.3396304883322887,-1.0180084792446413,-0.4044125215624199,-0.24218307399238456,-0.0874911581084508,-0.4208088569561014,-0.4728286203544034,-0.2671647593930913,-0.8366170253897962,-0.9682814009753394,-0.7123363460138042,0.06388926899504073,-0.09702901740650569,-0.3340652982167312,-1.3397737196940052,-0.5535847572930668,-0.5146360680711815,1,27,train
-0.6776346796879787,-0.6549636688167374,-1.5298683020801909,-1.0218968801722388,-0.22772046039300747,-0.3818521810033679,-1.1509651854290681,-0.5399609680011327,-1.7011682814664333,-0.8210587199898624,-0.12713079953258127,-1.7899996163384118,0.3450410270229395,0.783173953993831,0.3327245573461406,0.20770785793177668,0.37434673787708295,0.5647585700648294,0.4245139388805723,0.18056717475994635,0.6645651369698802,0.5844515030182629,0.21959273068281013,0.827289561331629,0.7768953418132932,-0.1961244659926824,0.1945598905650502,-0.24106628443997258,-0.019922252802478932,0.6685553797247994,-0.6042267291142683,0.37225966120114895,-0.1830182114475176,0.5505033244502102,0.4579257207487981,0.23876913639059272,0.0322300716811715,0.12936473444353971,0.8270119861309909,-0.11424401466871811,0.07994078771298216,0.3398967017409508,-0.6076384484142314,0.7675312811187199,-0.2408289054190129,0.05397261772592237,0.837872960350597,-0.09477667221462839,0.029562733824976303,0.6450546627407565,0.8015941614462136,-0.1889692197094096,-0.29916652834530977,0.5932463772190032,-0.4169420410149671,0.3249263762351884,0.4567337330899642,-0.1304918360289547,-0.3355509144212694,0.5004646320378192,-0.23817594726117308,0.015215746435240839,0.718099397839365,0.845035150827871,0.5822259314968036,0.18878757827537387,0.19401864686433148,-0.07209869300485047,1.0079062142757127,0.5617806641861216,0.3607427918776922,-0.38131187929715227,-0.15228778342352378,0.09689761299506687,0.72863976322057,-0.15001194367572676,0.2736803651904334,-0.43966511449784473,1,27,train
-1.343086919181516,-1.5504018759207878,-1.4798519650727255,-1.422530761198578,-0.8645459145947166,1.3630709747927845,-1.5580139770966488,-0.8129219173264524,-1.8562267464564608,-1.1618370503845763,-1.2954422460018828,-1.8954586937709308,-1.4077213743251578,1.1284547018856512,0.8151763753175391,1.0190974403974968,0.7816965981952283,1.166421378812566,0.46974548852716197,-0.7645250676704434,1.2001691713755418,1.369828074696041,1.186686897454694,0.798170096456491,1.1970936671971144,0.6210356648145208,1.1769263759955737,0.9059842718289696,0.7091123666686869,1.177215610259401,0.3873272433588968,0.5588478978426078,-1.0549675878560556,1.241347547429479,-1.0801236675940142,-1.7279014452440364,0.7260928523223118,1.0996124079698657,0.8969191371481655,1.2089264175189764,1.085270802673961,0.7905805311277381,0.5636930459160546,-1.1251165091913595,0.5293834820938349,1.3441894005600197,-2.163282026384009,0.8211993822415731,0.9382606214270346,0.9542094831057109,0.9821783983461634,0.38850046902043445,0.4161789221467707,1.0205791026214779,0.9364007197296519,-1.0468728211400065,0.7897799891439131,0.9501592591958432,1.2545245039284818,1.7281669325055944,1.1689782415798784,0.7279451036333006,-2.214682837377546,1.1573970689254436,1.216771044812724,0.8269525468239267,0.8412054929911029,0.8104076638548391,1.5046871131077144,-1.553295841297454,-1.3518478768873536,0.8172249829527947,0.41370304472689967,0.8973607257164514,0.8413509061002837,1.4507584458761387,0.7678185927141348,1.0639190099451858,1,27,train
-1.1288368378093965,-1.4074459516287376,-0.5708594055457442,-0.8663765550480902,-0.9635737962289538,-0.7256417694921019,-0.935858100401485,-0.5789553893333212,-0.902904332073329,-0.6966746293957918,-0.3538406533105829,-0.8575193527245611,0.6611129354627603,0.32279962347140434,0.07060506569238863,0.06174359441942491,0.5209926875916153,0.03415829778336115,-0.22380493938721271,0.6047424331735859,0.8024434032525257,0.4456003964232966,0.12627662687148802,0.4662081968799171,-0.03848950387197878,0.38417765588489666,0.39743992559961483,-0.39365557862253825,0.27169159498598744,-0.2216000237107532,-0.001154723468276128,0.5855033602199591,0.3063035905032654,0.11933813564045372,0.4048895349438736,0.8659357391953367,0.022075982208374322,0.17138333447814438,-0.11090895668276794,-0.43278504463982975,-0.1884504832494511,0.6826041970038204,0.5422662502880616,0.41086209267122764,-0.0221266225449944,0.8843101512330147,0.8049535272237092,-0.04991253893514097,0.23926224634852822,-0.25011004100254397,0.5702206079181532,0.11830822933949824,0.16002902284392967,0.4235701480150794,-0.09471757417101027,0.42330241429396726,0.17335226960546374,0.6431219006640065,-0.1142517582591906,0.43200539595225557,-0.12884817820334704,0.3347151134550607,0.7863036358676653,-0.013960123940454048,-0.02234067252860106,0.32887257137139764,0.4151408192909783,-0.22968911387265217,-0.173328367391491,0.4088309168887556,0.5996306847702625,-0.2785801482471568,0.30364927258653956,-0.06402022925304653,-0.35016689005669027,-0.5502045410636932,0.06269999838256085,-0.114790982346719,0,27,train
-2.1092792631612824,-1.800182007376128,-1.7908231038582716,-2.1815375653370856,-2.095538658601848,0.9780266356854025,-0.7025496466407984,-1.1105109222299963,0.6572518280115155,-2.349449531810154,-2.7070889355262393,-0.9463269968782612,-1.707373962846027,-1.0071706647044951,0.951934370962975,0.5125155846781583,0.7925592611370456,-2.0740302840492584,1.4497623975366045,-1.7840340221032263,1.8047123389225264,-1.5720797462848077,0.8091808411270726,2.1842566245130617,-2.1344787697746104,2.4882663018763904,0.18744129284453914,2.931738694597514,-1.7601984412175202,-0.8343043923092505,0.3762277585924061,2.056884883449749,-2.0409694143433477,1.878296121807528,-1.3036333077719104,-1.313661775490286,2.1848970399141727,-1.891347939947903,2.551388377887964,-2.4910501613762435,0.04809775556489685,1.5839718557773947,2.267123298341501,-1.073341949578014,3.5088058864645224,2.868603949255092,0.7720340940968213,-2.0239344032325874,2.710221502251048,-3.4385575167067737,1.8399535236209243,2.5023574029948175,2.6090719625198733,0.6686580346429694,3.804198474640868,-0.9539621185289374,-6.490494309859954,2.060912056237488,3.7912685347493476,0.924911895768314,3.1615650002144497,1.0179522213897525,-0.37316841061343897,-3.22608184837716,1.0269071526394564,2.7025349543873562,2.572430306380216,2.0396129466236923,0.820233430272512,-0.3777677834976982,-1.44605718676048,4.214981865458199,3.34191948203291,0.4022289034145641,0.1972872325019194,1.499430518531432,2.333514999025189,0.7931905664859144,0,27,train
