q1_z_4,q1_z_1,q1_z_11,q1_z_3,q1_z_9,q1_z_10,q1_z_5,q1_z_6,q1_z_2,q1_z_8,q1_z_0,q1_z_7,q2_z_2_4,q2_z_4_9,q2_z_4_6,q2_z_3_7,q2_z_6_10,q2_z_4_11,q2_z_2_3,q2_z_3_9,q2_z_6_7,q2_z_0_7,q2_z_1_7,q2_z_5_11,q2_z_0_1,q2_z_8_10,q2_z_5_7,q2_z_4_5,q2_z_0_3,q2_z_7_11,q2_z_3_10,q2_z_1_11,q2_z_0_9,q2_z_4_7,q2_z_6_8,q2_z_2_6,q2_z_5_10,q2_z_2_9,q2_z_0_6,q2_z_1_9,q2_z_2_11,q2_z_9_10,q2_z_1_2,q2_z_2_7,q2_z_2_8,q2_z_2_5,q2_z_10_11,q2_z_4_10,q2_z_0_11,q2_z_1_3,q2_z_4_8,q2_z_3_5,q2_z_3_8,q2_z_7_9,q2_z_5_8,q2_z_3_11,q2_z_2_10,q2_z_3_4,q2_z_8_9,q2_z_7_8,q2_z_1_6,q2_z_3_6,q2_z_8_11,q2_z_7_10,q2_z_1_8,q2_z_9_11,q2_z_5_6,q2_z_6_9,q2_z_0_10,q2_z_5_9,q2_z_1_5,q2_z_1_10,q2_z_0_8,q2_z_1_4,q2_z_0_4,q2_z_6_11,q2_z_0_2,q2_z_0_5,y,split,set
-1.5049254679856698,2.4922654636736272,2.993494286709897,1.374470984174581,2.7518340358657722,2.4416700526949677,2.0616534838822544,1.3335171932410677,-2.4076518725909652,0.14956859943226877,-1.012587124490013,2.6024300781105447,2.9004412998110305,-4.145246362069012,-6.651756199837537,2.7142030380124793,1.1315967982055357,-4.50610684721553,-2.604475302882768,2.554821297098064,2.183152949833954,-2.4997188621140705,4.596134341637541,4.6049701250394,-2.5950997777241915,-0.08506761679847033,4.536445800328606,-3.5959574934497,-1.0987059119582099,4.805928671778956,1.894768886362916,5.220563842395252,-2.199971509100753,-4.100977694576412,-0.17673674083367308,-2.1081398316358015,3.269092861809868,-5.595416822544962,-0.9860820847864874,4.52333260965479,-6.1646185104968785,4.04624256826052,-5.081637818323891,-5.993565371574249,-0.4576656792278562,-3.793262058427992,5.129178928088388,-3.51857565833995,-2.5910104433093952,2.229588726715323,-1.393450382608001,1.591890453209987,0.042137512907627586,4.692226932068263,-0.03626281088992362,3.1353104522681408,-4.311437573022712,-2.3792740213988295,-0.7842584530177737,-1.566718470996942,1.9913006669666045,0.7828083236988629,-1.630063478232966,4.395560020774506,0.25621979477902096,5.880836357132866,1.1879499205855952,2.241889871925562,-2.0653676188536725,4.445355425267612,3.55793546065294,3.7276847424206427,-0.3291016888095619,-3.428009698180607,1.002496524565206,2.4923577769551675,2.3455282118639533,-1.976902104665592,1,54,train
0.2922755761856208,0.11876378554833668,0.6826466286240779,1.089832454745626,0.6621524574300932,0.4677449154336095,-0.8526026868123538,0.47331615985711717,-0.7674411752084305,0.8845984711068284,-0.5043619575898067,0.7185548273221675,-0.07935675612835907,-0.5242922607010982,-0.22483419679101477,0.4181611945904685,-0.1809591460269579,-0.4098693508932891,-0.5550032585656194,-0.012815843036263274,-0.29656361912504725,-0.39190297535821295,-0.2390673059597555,-1.1035284146059585,0.3811675222993558,-0.2755072722598941,-1.1864344275432566,-0.7474217804240575,-0.6087011580058399,-0.17679954635407688,-0.12861339721990356,-0.31604405932856355,-0.5764134272705422,-0.49567425640647766,-0.009730063090683687,-0.07008989317491625,-0.7086055513116516,-0.2766861993655429,-0.16623272567892242,-0.24366273957559423,-0.40864495098064435,-0.2800339006787986,-0.17696462102193272,-0.531212090336804,-0.675635666161907,0.5022590713818829,-0.30405548408393307,-0.5271115643746594,-0.617867577795382,-0.26467634178452365,-0.3399922201655561,-0.9544615702288936,0.586214380807352,-0.29653339782615956,-1.4997691261436266,0.26964561959716316,-0.27869315402767486,-0.1387955868014377,0.1885703647443973,0.09636521182539542,-0.2532931154404403,-0.06289508860697926,-0.0637922319898442,-0.20717508583860475,-0.17859014847355278,-0.45568291163954877,-0.8311497981944117,-0.20647678058004373,-0.3658348503989966,-1.1388787547554766,-0.5192340412898504,-0.4581039586560457,-0.817818720654701,-0.2851154959584283,-0.2235201661415296,0.008673052590946688,-0.005657488592747896,0.4261744604756276,1,54,train
0.9959415934802003,0.25348422518682573,1.8413009063968369,-1.1254603424766965,0.9268785481266163,0.27615409554904846,1.583859385773311,0.9497602104837665,-1.1737593078933573,1.599364361356776,2.4027696555430613,1.475131233261275,-0.7271389422021394,0.24191645699450137,0.5571625381580527,-1.7548784072196488,0.10967824162452282,0.5513214395124755,1.135316932326177,-1.469353416288607,0.6038921182064337,3.162198889079355,0.11707839598631917,1.6837438867912786,0.5636007193235663,-0.24238733217964648,1.6382891750932402,0.7776287148006189,-2.250469663516358,1.6954265142048273,-0.7126539742869008,0.17684324739360843,1.8808636695535599,0.6645430734301235,0.8105674422939995,-0.6567498588217269,0.10488298878088616,-0.9935406753014213,1.6613481373316914,-0.1701088069276603,-1.8328033574588878,-0.07296425772101922,-0.035063838607410185,-1.493925695459112,-1.8185053273836869,-1.5745147876883796,-0.008013865471979648,-0.15670992419847446,3.5731490512808946,-0.8257169940487168,0.836458519617885,-1.335999658431462,-2.1052809214576564,0.5251447741564511,2.2864991061225823,-1.8212467453152832,-0.29074018739285795,-1.030131434621143,0.9948789344211517,0.7775086035941853,-0.41131251772189625,-1.1790866368325037,1.8624295491041813,-0.17755169014037073,0.10689112739934917,1.1311455934874444,0.7628762955792782,0.4696244682327788,0.42065105840715666,0.801542186936,-0.12739339321581253,-0.40946526561551005,3.5034687188181075,-0.3043734261191034,1.6787299458967238,0.5043206620583679,-2.687750806150763,3.1092705406227097,1,54,train
1.6108569419268148,0.14298319042716617,1.4170353065432428,0.08065948677023951,0.7763155840429689,1.3083159068989727,0.47716161033422294,1.533526129169661,-0.8600578083939653,1.5385724170829405,-0.5963862676458112,1.4127136797712985,-1.0294372957032367,0.6497372260905464,0.9827142497349871,-0.3335191708155469,0.9034620745651261,1.0822117016551942,0.15671050602040007,-0.22292762010689476,1.2873149342323782,-0.8394085020848411,-0.05051958140006892,-0.1400904841784476,0.07884965294494992,1.2231700163713102,-0.16326764599901417,-0.002010565800524863,0.04800624419836733,1.0081536565313054,-0.3528185476579451,-0.07199306279622596,-0.5818984207902389,1.2254745924007118,1.3410592421834953,-0.8500424486591154,0.01803367845072198,-0.5115178380341927,-0.8152801349724114,-0.35924749087949037,-1.0398060629425931,0.2968029618464439,-0.07508713621150628,-0.9445510838404038,-1.141031043669745,-0.2703404246792323,0.9758891610912771,0.9576339932807262,-0.5490370127193118,-0.5147788012275977,1.066401164211921,-0.11397186868120662,-0.3237902920514791,0.4167916086202827,-0.17485242407682733,-0.49022737762755014,-0.8418919638499841,-0.201223778477526,0.5917246495827745,0.5587472222961798,-0.4256779179293013,-0.06974288951633831,0.9090470513909767,1.081442627034575,0.019050734823071645,0.1920021924939178,0.047335693485310665,0.6456508288704367,-0.6777171935462643,-0.050153961384068434,-0.37736070319407805,-0.2263548918158463,-0.7856662843490997,-0.3082250121512384,-0.8612687586167821,1.3104288620713167,0.35427711246482124,0.008690819921432677,1,54,train
0.5585275827295156,1.8110947014565477,1.4385716314089074,1.7324254984564489,1.5738029322662448,1.4769697976424243,1.2255138121916038,0.619664161756088,-0.3670983091806351,1.4372525099598807,-0.4918131880367152,1.2992272188804324,0.057397260931661205,0.02358816646833589,0.35711686177573315,1.8577429853074434,0.14405470683061194,0.06513772576072248,-0.4067295576101987,1.7250578384970954,0.20676804943460103,-0.579985008330274,1.6841194845490477,1.0345825005139184,-0.6196088728048843,1.4301696418728578,1.1389446214209307,0.1501141718777471,-0.573339990194844,1.0792508487044283,1.2692088369925776,1.6985729904775957,-0.7025682782235654,0.27620586798894714,0.3046354479549434,0.11981159859514962,0.8836318047413582,-0.396161945354856,-0.20039311564173765,1.693257486819999,-0.3061487020295587,1.3210581600483169,-0.6790750818733201,-0.15973021009939156,-0.5578140516029606,-0.27694383917548115,1.3111127586371656,-0.05626202177781413,-0.4419672448232026,1.8882326672051815,0.1840631093743404,1.1827046774565078,2.0354810820269718,1.2294403501415458,1.4605050115286362,1.988051221164162,-0.31483425412322413,0.204559467417048,1.4550006725519082,0.6308390411330226,0.3141401927520606,0.3787880700466792,1.2252198184897436,1.05552215579862,1.9471473518723634,1.4010143868763887,0.11109673723625826,0.36560889149234455,-0.5285560729106145,1.3398784316288734,1.3656545934111246,1.3558331817968732,-0.23907486715387838,0.31573192505463527,-0.17953750459151221,0.11215991610612255,0.05239647931976325,-0.4189753484511573,1,54,train
1.3588684357334857,2.1335155289059653,1.7939209916923746,2.4109577504285036,2.099946037525584,1.9680899274873556,2.1681497587619583,1.3351432821510563,-0.3745673925020492,1.9899065488129333,-0.6193923451598122,1.9196198717505004,-0.10814707550941598,1.8484831231304362,1.022723385011451,3.7802224653155556,1.1753486630132854,1.6186902823467837,-0.7856512378296071,3.420196921304224,1.6659681160845907,-1.0664040591200872,2.9117746689043407,2.7656795305868793,-1.42231493971141,2.8294871102633197,3.395786182626173,1.739817680615689,-1.326027705028897,2.2582792855753837,2.885700292002655,2.722630113181914,-1.0810328310826347,1.6138117978418882,1.7880477032014963,-0.14130295258869094,2.6814125285757564,-0.6804318237432216,-0.832360329953819,2.803571612981668,-0.46798488458390447,2.511708607055548,-0.7445677506800229,-0.7823547699339279,-0.8936056530959577,-0.5344770045291861,2.369026189853411,1.2024757554310856,-1.053794489943827,3.385467660898179,2.135901836742322,3.1982210999179017,4.269566628093097,2.6651197934957778,3.860877111925808,3.383634961165106,-0.5587866797681816,1.8311606838662375,2.5505286204822815,1.0683618037290337,1.6968099627148001,1.967477881017978,1.794330799267524,2.447821753615619,3.1461687105385514,2.529065943242176,1.7299187924686499,1.7178113891179896,-0.9941195706521879,3.4811711064147057,3.1897403689281973,2.5546339102665465,-1.4029930614166437,1.7254124128160537,-1.0371994048168518,1.4901692039660959,-0.040489869340254586,-1.2641251573779422,1,54,train
-0.12295076735307249,0.2822447684804358,-0.5320020937994094,1.2551528127472917,0.243554326516216,0.1601202187175537,-0.4424481146405201,-0.004753979679520706,-0.2087537427666563,-0.3183451534633156,2.0744101855704997,-0.21392559299778233,0.06459484077692543,-0.7261429443951003,-0.1957366438626774,-0.6023018469304252,-0.3309655396535286,-0.3763394396000647,-0.14313186702278405,-0.09828504048872354,-0.5135965404305837,-0.02871008410181912,-0.218117558786457,-0.49043154978845155,0.6365739981332504,-0.6439666056526487,-0.5793881073926055,-0.40894423908990235,2.280811411692672,-0.7159532536669259,-0.4469293515455181,-0.22033778617862723,0.6412551341021155,-0.5388228347888306,-0.2504161574849919,0.018078656575471468,-0.5435918616843397,0.10646015846225414,-0.18331292066033003,-0.1701088069276603,-0.0957616647089091,-0.6017313817024915,-0.30794995863533814,-0.023694591984282802,-0.045290028271544026,0.09614907986257876,-0.6436326348447031,-0.5522235399798245,-0.9773160843037488,-0.21397989730281947,-0.8480050396174965,-0.5452757944754144,-0.6174955039265516,-0.6847989076640965,-0.5684469255276339,-0.718685925812758,0.1550000471189161,-0.5029600382452861,-0.45121795684694044,0.1510555571498968,-0.2820239158552505,-0.3813178308921749,-0.2924094635843371,-0.7144757371708622,-0.31474275696678294,-1.0871758881696787,-0.5229714200648317,-0.6025360920147741,0.2714899377715069,-0.6487517260052484,-0.4212738792713409,-0.3436599750312559,-0.22621389263163788,-0.30052184008696836,-0.635857618172943,-0.6558215447170247,-0.8009968489941507,-0.6429909604558472,1,54,train
-0.43199327494866485,-0.4912624748371813,-0.3618651273606585,0.03034459520451513,-0.4976787274340487,-0.2554429680743112,0.3548348081075357,-0.2567977607277481,-0.27597549265938315,-0.375452737478131,-0.4311608018634395,-0.31417196678471404,-0.014578537520981049,-0.3347997821312188,-0.5958279966273166,-0.7344153656987552,-0.5215986648872954,-0.6334020928481181,-0.06734753097890235,-0.568365626477255,-0.5874800881090642,0.12045842480705693,-0.10917887348530475,-0.6398417101221296,-0.01497313409607259,-0.7474664184034225,-0.4080443879952444,-0.8539090967988479,0.3106892050800502,-0.6804046575803644,-0.41924970334329076,-0.1150608857136973,0.03790584693548327,-0.7114171483182423,-0.505838135209564,0.3504062671730867,-0.7694000685427667,0.30009326403114084,-0.5078366253070745,-0.21564219380495275,0.21712162156282622,-0.7126615475727305,-0.060533209810016794,0.3425551490948562,0.5909466903467664,-0.065634575295518,-0.31711614372857805,-0.574196518634344,-0.2507712307230075,-0.6229312161219,-0.5806298714848963,-0.11950140619138878,-0.4586057991416763,-0.7434902056628544,-0.6959493696595852,-0.3660651231790676,0.09777663863429646,-0.22896964144467635,-0.4643642922221049,-0.39087604652016233,-0.009081311914553839,-0.28202471770646875,-0.7301871411057066,-0.5330324385191789,-0.2708225606786442,-0.6931674498218199,-0.9445027648627632,-0.44651272690412275,0.08164851150795266,-0.7130306805954424,-0.47194292859125964,-0.3064656803531992,0.3460994736080644,0.02301138661237356,0.05137146854607926,-0.6340348366085665,0.2265583830572967,0.049420931195012674,1,54,train
-0.23547393678531378,-0.5321327205702061,-0.3855550847128897,-0.4871800037572215,-0.5622057120413262,-0.6791015416218618,1.2168789790932495,-0.2600499385477253,-0.5971460754801892,-0.3293982342403766,-0.45834980256180446,-0.2763431464877587,0.14736700899746402,-0.49545644874481226,-0.479437784913967,-0.3335191708155469,-0.35284147205740346,-0.694873596885696,0.2852143801817647,-0.529192244311544,-0.3196522277745724,-0.31407592723184286,-0.2809668003063525,-0.918053732812427,0.3498932599523483,-0.6605265756927725,-0.7066720132306452,-0.9870182422673358,0.5582173797570207,-0.7100284876524989,-0.374962266219727,-0.3064734320135699,-0.0937339975372365,-0.5004685428934058,-0.5303979407600036,0.27919320775931206,-1.1544320110064945,0.1847373713518041,0.19245136893063727,-0.4538168328554054,0.36816872528021566,-0.3687780333749897,0.16505264941307032,0.19082311350492717,0.46134291433192537,-0.5873043204991769,-0.3911265483815664,-0.6495324454498392,0.009255348453257853,-0.3559299418515912,-0.7464024757271084,-0.5646291757610519,-0.23230834081170243,-0.7299460599708333,-1.028564441308154,-0.4008305544246427,0.2634233474055639,-0.2775249016371895,-0.38548627997111806,-0.13482579340999676,-0.13477856372934835,-0.19985110679416018,-0.37996499908861103,-0.5700616831419715,-0.19176620735999442,-0.3909144012262021,-0.9197068034040613,-0.16247019042062924,0.3302503792340356,-0.9380070216611208,-0.8570277034226416,-0.29216018240010044,-0.41269802320412513,-0.15801315689797252,0.03487797046482273,-0.45429449471378747,0.23816917663979895,-0.7651812942765872,1,54,train
0.7502924207760114,0.09454438066950718,-0.0280520919428562,-0.26435691253758486,0.10126405276683483,0.1290879028207586,-0.2697514526734322,0.6001510948362252,-0.6046151588016032,0.2122027238356147,-0.3830571852432554,0.23245448650629102,-0.3600623700936639,-0.3430385855473005,-0.3739591555487439,-0.6524138712908262,-0.4215944024695817,-0.6725203226902131,0.10069599677057446,-0.7143755054585413,-0.7075408530865949,-0.46324443614071886,-0.1929778621784988,-0.7686435724787488,-0.01497313409607259,-0.6315466281225559,-0.6675077345112485,-0.7930592017275391,0.33089558668633356,-0.8818467020708793,-0.4856808590286364,-0.2969028046985763,-0.15406892625389973,-0.418965672615628,-0.505838135209564,-0.15486734485798137,-0.3206786318369183,0.011703532332798954,-0.20039311564173765,-0.3452372179941696,0.09304721493782772,-0.7607312861165006,-0.013232949005175946,0.04432321707327158,0.06664050555945501,0.0598303001332101,-0.6131577623405315,-0.3889956985462515,0.3304646521415856,-0.5282978530893855,-0.6394524084740684,-0.2660341502112158,-0.6608290597769721,-0.7118871990481386,-0.7014929541870614,-0.47532790709373224,0.06464729688004298,-0.5168329697288614,-0.4950390747641554,-0.0677058241481087,-0.12400451357379452,-0.41898073589364965,-0.6329032127676245,-0.5034090428209449,-0.1566300503294834,-0.42869603230065434,-0.6717471888170428,-0.4425121277987214,0.09068857942526476,-0.5041240781773124,-0.2050859355063545,-0.6497976312275687,-0.4770028958153277,-0.3428892864404536,-0.10806567957273389,-0.721181669042399,0.2207529862660456,0.023964611649025174,1,54,train
-0.8947646196559107,-0.22333530836512996,-1.8112597908198906,1.781302821691724,-0.6482416915176962,-0.4996538018708292,-1.6527638872598613,-0.8454419461436083,-0.41938189243053375,-1.828932859661659,-0.5608314205787185,-1.8065189274996032,0.32370771520643754,-0.09999388477288985,0.5753485087382636,-2.980345184760365,0.05655097721511237,0.5233798467681219,-0.6472624502712144,-1.2343131232943414,0.5253908487980481,1.1127532884182758,-0.16783816557054057,1.6064627693773073,0.25085809585349117,-0.043667691698160815,1.7068266628521847,0.8612973205236685,-0.9320032637063728,1.4762101716710314,-1.1361525917809792,0.047639778641194425,0.31764051644001273,0.6741316464039797,0.6288248812207463,0.3164952864998607,0.2901615174852364,0.2794939974812593,0.2550787505291318,-0.18061651159165087,0.9669626007312953,-0.017499174785899754,0.11775238860822948,1.0279653788286733,1.19772800532534,0.6310256540587353,0.19660313562745874,-0.18182189980363955,0.8122786076740773,-0.7885396014288004,0.6867284254636288,-2.223490428815697,-3.284916608496882,-0.04822406013910685,2.1423659084082023,-2.784745839835508,0.1670470804840992,-1.9006578852154856,0.3331800538712065,0.5338879744214065,-0.27124986569969667,-1.6789761032157142,1.2641333898249765,-0.02202886272464214,0.20351555923325446,0.25677070290726445,0.6955729716199446,-0.010447424415379205,-0.19407355997006656,0.26722337690501363,-0.053078787546598456,-0.3293544770781572,0.7512201710586403,-0.05787192006246192,0.26028911090866197,0.4280671836787647,0.19172600230979003,0.5330910025687751,1,54,train
-1.0152119559495774,-0.5820852431327919,-1.107021967712656,-0.4483656588350912,-0.7739865845985446,-0.6669584614883333,-0.7648152169790842,-0.7397461669943517,1.6062335043369684,-1.228382137441342,-0.7114166552158168,-1.146406013317732,-1.1374009933822002,-0.14118790185329844,0.15707118539341355,0.06282138548944308,0.13467930722895127,0.23837560077571493,-0.45285915346299616,-0.38318236533025773,-0.08414841954941586,1.0284406529480417,0.016519609554486316,-0.10402596271859427,0.46456555522470916,-0.11818755687871793,-0.0947301582400697,0.03602061861904313,0.37635994530047095,-0.4552635490321417,-0.41924970334329076,-0.00978398524876736,0.24085060716425954,0.22826300311966607,-0.06376163530165084,-0.6228388781485009,-0.02539097671436011,-0.7669487432527241,0.6023760484844198,-0.24716530779692442,-1.0991459965458532,-0.23196416213502838,-0.7372907874792781,-1.1747652068044339,-1.7242480357365297,-0.9372852888003658,-0.13862046191842967,0.006517917235098578,0.49871714454975735,-0.308613260335334,0.3124031900779885,-0.017204962253018985,-0.006010882481728558,-0.3416805501328964,0.1965677392640746,-0.09290816339240593,-0.5316808546965196,-0.10064502522160594,0.017668004867259144,0.18337257938710216,0.07351973927802541,-0.19985110679416018,0.27670151719344316,0.026109155284988136,-0.17859014847355278,0.3701155961306211,-0.12623603672560224,-0.1744719877368332,0.43873119424178086,-0.0662237000316169,0.027991691365271437,-0.22921599140646606,0.9569957634144883,0.16166848376923437,0.6231460686963057,-0.24732076768343572,-0.922910181610424,0.32434918229167764,1,54,train
0.9040212578876652,0.32916986543316795,0.42205709774953537,2.3405169022364896,1.1684411058871937,1.617289834740976,2.4530992510076537,0.5627510499064883,-0.38801174248059456,0.6764321164721787,1.840166487246125,0.7771894987824483,-0.19451803365258669,0.398453721900054,0.9863514438510294,1.552515200566819,0.2784354344544148,-0.19192492748733084,-0.7527015265061803,1.6538335072867119,-0.20420918452694667,1.5018885290501265,-0.029569834226770408,0.4111814867078821,-0.025397888211741756,0.5980311473566366,1.5746472221742205,0.7548100041488781,3.4477299494555327,0.4393761191463219,2.174333333205412,-0.23947904080861449,1.7217988574823568,0.16114299230267262,-0.2651520408152557,-0.07348099124223886,2.5250837699814612,-0.18604942654606405,0.7333242100085448,-0.16310367048499994,0.2548833974921736,1.3247558322439914,0.05225971980152677,-0.15973021009939156,-0.0688543511833333,-0.782105048138518,-0.02107452511662465,0.5589813805487304,0.9881789406462567,0.1577940288963447,0.14663058583577634,3.532758119283922,1.4480706582768268,0.5386889198484722,1.3828948281439701,0.7116632454337611,-0.3991634876795057,0.9918483291099395,0.587342537791053,0.8719737455183241,-0.26047581554414284,0.5910698982368097,0.549096516540073,0.5889536735514345,-0.0468295596091365,0.1542205614194656,0.472409318491628,-0.0024462262045765724,2.2783850154147944,2.175504841301393,0.2712031281008811,-0.07757771310361952,1.25279817742602,-0.21963853341213288,1.0574748515027277,-0.33991427714438255,-1.0564343078091998,3.5623930285412873,1,54,train
-0.1356294343313532,1.3282203166848847,-0.4738540166621148,1.6720476285775796,0.4851168842767934,0.49742800020445704,0.3663479189053416,0.07167219908994181,-0.3043580092807567,-0.22623614698780686,-0.5106363423663525,-0.14015939341871936,0.14376821907483192,-0.5448892692413025,-0.09025801449745431,-0.47929960531853166,-0.3028393408485466,-0.44898758073538414,-0.3869597308161426,0.24359174932111752,-0.4581838796717233,-0.022224496757954945,-0.3773356373035257,-1.0107910737091927,-0.7655554304242526,-0.7102064858131439,-0.37867117895569674,-0.42415671285772955,-1.0128287901315058,-0.6685551255515105,-0.0704861359952261,-0.7850047977632514,-0.3350737124038894,-0.649091423988177,-0.38303910745736586,0.21137124641285993,-0.20777452840770488,-0.06657368055675099,0.015956020789425363,0.15563003765604702,0.5246103684160833,-0.165406062612885,-0.3916350354439027,0.023394660440177923,0.46134291433192537,-0.16798749998737514,-0.6479861880595849,-0.5522235399798245,0.07043807296532029,1.222419363012133,-0.7731399925403685,0.06850286915480436,-0.4056425642133845,-0.7254313447401596,-0.6017084326924907,-1.0017758659552984,-0.14617578701066097,-0.6694352160481883,-0.45121795684694044,0.11376668533773678,-0.1527353139886047,-0.30941592134390494,-0.238903302998392,-0.6070909277647639,-0.6353601898701959,-0.7903202154418398,-0.1156091961004443,-0.5025211143797411,-0.25283400143259527,-0.35146156102560205,-0.22197561861299406,-0.03180011965370358,0.27536411373574166,-0.589390792497095,0.2108086166648924,-0.6449281906627956,0.1510882247710322,-0.2560549033568373,1,54,train
0.4951342478381121,1.9155408849964999,1.7982282566655075,-0.3218596457555556,-0.38682467695487965,-1.7072156595939432,1.8457826564233943,2.436005474213314,-0.5403810422374421,1.9014819025964447,-0.8682762746294607,2.1125468552649727,-0.13693739489047288,-0.9856652520016744,-1.7779160843410233,-0.9986424032354151,-4.103001312721671,-0.16398333474297722,0.42030819660781465,-0.41879453093544955,3.406849208258787,-1.539851935222172,2.8195957813418273,2.106213995320989,-1.5943233826199514,-3.421901579883417,3.2293379980687367,-0.39373176532207516,0.07831581660779229,3.028498867450882,-0.18950862326480372,2.1483924742822964,0.26827557476274283,-0.040217040148307764,3.305843686218665,-0.7991759776492763,-2.6627150337403456,0.23417561107151985,-1.6180492990985689,-0.709504313012509,-0.8833644198067254,0.008384530583822667,-1.1993779507265694,-0.9550153621569506,-1.0173183483828514,-0.8283289496122599,-2.8204092422855367,-1.2302468813192817,-1.749747981268537,-0.9304896459775721,-0.07261705203295583,-0.5590996382508697,-0.9160155553405597,-0.7886373579695912,3.0958624471340994,-0.9620439445317839,0.7031400652347465,-0.9781079415577361,-1.0734778312713922,1.152883246503263,3.0794797326775396,-0.9428375054596166,1.9305282989408388,-3.3287404075400144,2.601558276565631,-0.6715779463507043,2.8740752997773207,-0.9785924079224978,1.2432972388825583,-0.9420244563230079,2.2709416079270053,-2.675456141386349,-1.615199141033612,0.1655200698013694,-0.3554681507915819,3.0642588648021922,0.36588790604732346,-1.6357874227493594,1,54,train
0.19877040722080055,0.5017331251948282,1.1564457756687003,-0.20110390599781708,0.7399157465721969,0.5298095472271998,0.4526962498888855,0.28306375738845513,1.0027315719667096,1.0817117449644171,-0.5566484973943547,0.8850016366287711,0.12217547953903923,-0.3183221752990553,-0.29757807911185824,-0.4109650266452575,-0.13408214801865453,-0.7954633307653691,0.14682559262337203,-0.628906308006081,-0.08876614127932089,-0.5670138336425457,0.27629647450338785,-0.2122195270981543,-0.08794641290575676,-0.11404756436868699,-0.34929796991614914,-0.47359725260316793,0.21470889245020455,0.3445798629154913,-0.6268470648599959,0.023713210353710348,-0.12664395865541644,-0.43334853207641233,-0.245504196374904,0.38431724784631277,-0.24251425253977055,0.9345506737674929,-0.5647706085784332,-0.061529192066424536,1.2474786504921613,-0.23196416213502838,0.39063850863615746,1.4099115373826328,1.6925787864729147,0.3503805379681594,-0.173448887637483,-0.4863046040162662,-0.5949240561033586,-0.5857538235019836,-0.5218073344957243,-0.27156368772139794,-0.5645322689982598,-0.012106338293717373,-0.1027858252196374,-0.5249928088731253,0.3025762058424089,-0.3850401206348971,0.2849768241622701,0.1585133315123288,-0.19583151461081996,-0.44294803907640634,0.5734174986245936,-0.1183048987439027,0.2518277751502071,0.3701155961306211,-0.3068923273532871,-0.3424971501636885,-0.26187406934990737,-0.2550431291403113,-0.10036990024518923,-0.18057729836593037,-0.3805455868985239,-0.5855392064649599,-0.32248115462906884,-0.2691074757918938,-0.35398129606781475,-0.2662374311752323,1,54,train
1.2732874336300908,2.870693664905338,2.2720274037101302,1.2623406543995381,2.578107538846179,2.421431585805754,1.047060594825613,-2.3853481439027786,1.4449013045944241,2.144649679691788,1.4595204774690156,2.1825301728143405,1.4609253307581853,1.9679457726636211,-4.454890953748064,2.1401925771569763,-5.293677062132576,1.5292771855648521,1.537303410471984,2.0099551633386294,-4.535632167177865,2.4941833926613453,4.436916263120472,1.2561217037673034,3.2010635105878658,3.9390051029516147,1.4473633163361808,0.8080536623362733,1.528123696858619,3.4965553825906084,1.6705637359248744,4.564975871318188,2.9614073929338014,1.5994289383811038,-4.784156262096145,-2.1420508123090274,1.4510472988984309,3.221069260804346,-2.5859270147116664,4.891102272894459,2.9089967913834456,3.735638103823851,2.8975523312927223,3.356267304260343,3.7485659605265287,0.9149724773974359,3.7795774314750714,1.4033715602724064,2.357142401603654,2.4053364009185643,1.7187965744554659,0.7043996828257517,2.204000465889718,3.7396220183961146,1.5824638711331116,2.2463087104170056,2.615606611957561,1.0646812193987092,3.2385201717825556,1.1653128704406497,-5.144711886061873,-2.7746242487131614,2.5434170474707565,3.5920254124599076,4.7404718357979885,3.9593705482035815,-2.5810362211370848,-5.3352448337045315,2.60382746043803,1.7617090711270205,1.8926127063382792,4.377154349491325,2.5710480659556714,2.3763304522468722,0.9530160303214364,-4.849762855595205,1.6430752001225686,1.07276497694371,1,54,train
2.0720434532617755,-0.8394164199703552,1.791767359205808,-0.17810281271062878,1.6581843736757615,1.482366722146215,1.4269932511532064,1.9530570679467105,-0.5314181422517451,2.0562250334752994,-0.7197825015845444,1.997168953359259,-0.8387014298037349,2.0173785931601116,1.670143937666958,-0.5203003525224962,1.3628566550464987,2.2948768267601416,0.18307027507914153,-0.9529770150133263,2.6495428445543623,-1.0469472970884948,-1.4918621869230064,1.4673567580321587,0.7460339163477767,2.0014886082571293,1.878170382249546,1.7131958515219914,0.11367698441878804,2.388624137892776,-0.7873890244329146,-1.3305305547178883,-0.8451781097356784,2.9226520087732606,2.8097356140997847,-0.707616329831566,1.0747002874677194,-0.7793083031826531,-1.2992189927789601,-1.346971729294603,-0.9103371168991164,1.398709276157484,0.4961544750469563,-0.7509619349842874,-1.1233578014859031,-0.5608906625141815,1.5897401643895923,1.6356573346201835,-1.5509041266043342,-0.497879986400363,3.098452442019683,-0.4402145817819535,-0.7715703691724912,2.1414128267376302,2.2698683525401537,-0.7087529454568795,-0.5979395382050267,-0.5861976271467373,1.9764719757667657,0.9614670378675082,-1.7293379867513128,-0.49430654589659917,1.9937628523605921,1.6813163899238137,-1.6499167241262012,1.8489965839020364,1.698038270593176,2.1698790880283383,-0.9217990273136911,1.6010116846515359,-1.3941196262137796,-1.4509055166010976,-1.2358003926275172,-1.764124532298277,-1.1581517240793997,1.920456689108143,0.40652568358608127,-1.1572086152847947,1,54,train
-0.6221732796228755,-0.09466971994634826,-0.5040048714740454,-0.002719476395818041,-0.045989835183106155,-0.20821987866614475,-0.856920103361531,-0.4356675408264902,-0.18485267613813122,-0.607567433796413,0.7400576897584353,-0.5543849756703807,0.2841210260574843,-0.6684713204825283,-0.26848052618352086,-0.3335191708155469,-0.4997227324834206,-0.21986652023168446,0.14353062149102933,-0.668079690171792,-0.564391479459539,-0.2751624031686578,-0.3563858901302272,-0.2791964955235962,-0.04624739644308009,-0.4618069352112869,-0.1975363898784864,-0.12371035594314243,-0.12879959485661155,-0.7337275517102065,-0.6130072407588822,-0.2969028046985763,0.06533081453396655,-0.4477313915371966,-0.437070679668333,0.29953979616324766,-0.35541835596898397,-0.1448508934463009,-0.4736762353442593,-0.4152885824207734,0.16857076679652244,-0.9197311905305098,0.03042883019929253,0.09141246949773231,0.11376915138303356,0.14897639583256952,-0.5217331448280165,-0.4078296802501253,-0.12840578169888262,-0.42352520116053016,-0.17421961592334392,-0.2881523002519444,-0.1263818709551189,-0.734460775201507,-0.41877014328577783,-0.08297518303652733,0.15801180546021187,-0.42665891508562265,-0.7141446643502299,-0.10499469596026874,-0.37539901720338353,-0.37447002998281587,-0.22431071374767966,-0.4960031938963864,-0.48163950286171026,-0.7633333361029454,-0.27855408568619927,-0.6745468759119978,-0.16695335621813023,-0.5001066435154253,-0.18144037915705913,-0.4867149545622432,-0.1426175582370746,-0.3621472166011287,-0.8502730932292778,-0.5359946501205052,0.0698126696935166,-0.5717132657270823,1,54,train
1.6298749423942358,1.662750846573717,-1.038105728142529,0.8828226151609313,-0.16677111406339482,0.8212434704318843,0.20516436773605953,1.2619692812015708,-0.7554906418941679,-0.3883479983847022,-0.3830571852432554,-0.17609677270082694,-0.6479655639042329,-0.619038499986038,0.666278361639318,-0.31529661650267377,0.284685700855522,-1.7678307582688753,-0.5022837204481364,-0.5861717092798508,-0.7029231313566898,0.09451607543160022,-0.3521959406955675,-0.9077495838238975,-0.5257860857638618,-0.8261262760940106,-0.6870898738709468,-0.2340007907598896,-0.19447033507703226,-0.47303784707542246,-0.08986188973678526,-1.2300389679104553,-0.17600890033268635,-0.8168914510306606,-0.9233548295670374,-0.3990264057052089,-0.28304393069384715,0.24653517100144878,-0.2630204972402322,-0.5343759019459997,0.7619701028291238,-0.37247570557066434,-1.1084159107172602,0.17512669603010694,0.5320358830672932,0.023511520403841437,-1.2400694252834916,0.28902764279320575,0.62873043413789,0.6343406070243642,-1.2223302750031368,-0.18862062506866567,-0.36230900836296404,-0.576445742127928,-1.0341080258356303,-1.0564072579126307,-0.3389283208535903,0.762944959630949,-0.17952702576020796,0.33004214184826497,1.0503669533815714,0.5773742964180916,-0.015150267820803155,-0.6478230968498357,-0.6134000917261265,-0.6176041876729154,-0.2573004044358834,-0.5585295018553595,-0.2392738995566271,-0.4960892088535382,-0.04294497768261472,0.5604474956045838,0.11460193220773543,1.6945997245589735,-0.2565071623040427,-1.1787025393200186,0.540049809784857,0.09524230637779016,1,54,train
-0.28301893795386646,0.1021129446941414,-0.331714272548728,0.3897366778168322,-0.35538845368466754,-0.05575676143406443,-0.07115029141128112,-0.25191949399778246,-0.41490044243768526,-0.5504598497815976,-0.393514493204165,-0.4503557198537534,0.31291134543854116,-0.53253106411718,-0.6649346848321179,-0.4337432195363489,-0.48097193328009924,-0.5216357218707036,-0.057462617581874306,-0.40454966469337283,-0.2873281756652372,-0.04816684613341165,-0.26839695200237346,-0.2791964955235962,-0.1713444458311101,-0.39556705505079165,-0.34929796991614914,-0.8767278074505886,-0.012612900620482566,-0.7988999778689025,-0.38603412550061794,-0.5265978602584234,0.10372576917184313,-0.43334853207641233,-0.14235301306305762,0.28258430582663463,-0.3409434709139566,0.10646015846225414,0.15829097896782207,-0.5168630608393487,0.03910182075304577,-0.8605684353997157,-0.3043114770349658,-0.14403379262457133,0.0960959091991916,-0.002902137581153953,-0.5957435494810048,-0.5867525064369264,0.009255348453257853,-0.5485764308820672,-0.4683323008692042,-0.26879891896630687,-0.6560142202380365,-0.6802841924334228,-0.3688778825384925,-0.2071374374850099,0.07669433024522607,-0.5827293942758435,-0.5476244162648133,-0.25912203278386353,-0.328711466529317,-0.6004474599916644,-0.5793970521816794,-0.26642187723507277,-0.3806230513989911,-0.6499884428795887,-0.5229714200648317,-0.45051332600952404,-0.16243332225947418,-0.5523332941199577,-0.3098019707675198,-0.49529825333410243,0.13389339399109618,-0.5008043137579895,0.4362197571087317,-0.4651878487680165,0.10464505044102328,-0.3171500702672073,1,54,train
-0.2703402709755858,-0.07650516628722613,-0.0603565792413532,0.7491287604291493,0.001991768755638661,-0.2136168031699352,0.4066438066976621,-0.12508455901867446,1.2103720883020215,0.01877381023704636,-0.3265877222543435,-0.015324286438766639,-0.23410472280153996,-0.647874311942324,-0.41760548494125,-0.6341913169779531,-0.39659333686515325,-0.7004619154345667,0.6213014356807184,-0.49714129526687145,-0.4443307144820082,-0.06113802082114,-0.4192351316501227,-0.5574085182138935,0.08927440706061908,-0.536326800391844,-0.31013369119675227,-0.5952970427457855,-0.15405757186446567,-1.308429855109617,-0.6213111352195504,-0.3830384505335189,-0.35701368648267595,-0.4045828131548437,-0.33391949635648666,0.06555402951798793,-0.33804849390295116,0.26301458424135404,0.4998948785959742,-0.4608219692980658,-0.0903671252904309,-0.7607312861165006,-0.11511043381560239,0.3896444015193169,0.6910950627218707,0.3800959032012792,-0.4694905062494364,-0.3199377656320475,-0.2660669118510231,-0.6161716901910061,-0.5913248782102003,0.0740324066649865,-0.44897612006380505,-0.6712547619720755,-0.7735595530442513,-0.3958640642467034,-0.022693695017534377,-0.7214587091115953,-0.28907982055324527,-0.2864672054461142,-0.20660556476637376,-0.6209908627197415,-0.4675205345928849,-0.49230026943410715,-0.6573202880142652,-0.5960146842017998,-0.5017177388145159,-0.43451092958791876,0.09520861338392081,-0.2871826064354082,-0.23548736509830573,-0.4638261578372852,-0.30981022702620115,-0.20038060325145776,-0.047589519941459935,-0.5196546190391617,-0.5920025645091105,-0.1745946808096773,1,54,train
1.0197140940644767,0.10059923188921455,1.1887502629671973,-0.2931082791465702,0.4536806610065813,-0.18933064290287815,1.251418311486667,0.8147948309547156,-0.29390129263077697,1.1480302296267832,-0.5148192655507163,1.0003795385344851,-0.21611077318837937,-0.09999388477288985,0.12797363246507615,-0.6341913169779531,-0.5090981320850813,0.47308497982828535,0.1534155348880574,-0.7108142888980221,0.3452997013317519,-0.41784532473366964,-0.48627432260467796,0.7048497328809735,0.19873432527514534,-0.5239068228617512,0.6493911374284702,0.23758589604275349,-0.1186964040534699,0.8185611440696442,-0.6849743260846733,-0.10070494474120685,-0.07727901697814653,0.2905887274497314,0.4274344757071415,-0.12095636418475532,-0.60728135592646,-0.19016927985604035,-0.4565960403628517,-0.5378784701673299,0.07686359668239313,-0.43163846070145845,0.037705793400037275,-0.11264095767493085,-0.23969569229380552,-0.24062505944611245,-0.7655321248613899,-0.7845093143276015,-0.5566848532833196,-0.5147788012275977,0.46213328423224465,-0.6226893196179645,-0.7763852087114268,-0.03919462967775948,1.1334335244075435,-0.6292891026098506,0.13090598038854995,-0.5861976271467373,0.043960675617588096,0.5040568769716784,-0.4544087183441115,-0.40528513407493155,0.6950224090471961,-0.5552499852928544,-0.41136718880068823,0.13263105794835003,0.17485778098720586,0.01755676932243001,0.08616854546660871,0.21901416096236825,-0.3503372102234547,-0.5010204525153419,-0.3934065614207644,-0.11949729657662228,-0.421442143116608,0.22109345664841293,0.1452828279797811,-0.3324238619947998,1,54,train
1.4286011041140296,1.3009734861962017,0.21746201152572103,0.7591917387422943,0.1674455754409656,0.7861634611572463,0.7937721572738841,1.2457083921016852,-0.7554906418941679,0.4830032028736104,-0.43534372504780333,0.510496315688913,-0.6155764546005439,-0.16178491039350273,0.5680741205061792,0.12660032558449894,0.2721851680533077,-0.16957165329184795,-0.41002452874254136,-0.3938660150118153,0.2621807101934614,-0.4113597373898055,0.1924974858101938,-0.16585085664977142,-0.33814051168181675,-0.06850764675834652,0.09619570051698986,0.22237342227492626,-0.41168893734457773,-0.49673691113313007,-0.012358874770548664,-0.11027557205620048,-0.0937339975372365,0.2857944409628033,0.35866702016591057,-0.5889278974752749,0.026718609483738397,-0.15721045337622985,-0.18900631898746592,-0.07553946495174528,-0.28996508377412405,-0.2985222616571717,-0.9301303122990139,-0.17542662757421182,-0.38108162976454113,-0.3825984711154627,-0.34759101623274974,0.3047226275464339,-0.13605362226289042,0.2524273919288592,0.11454556565986433,0.17356408184826522,0.22028657584824532,-0.5177544441291702,-0.0806114871097328,-0.15747253570561687,-0.3630223875839565,0.4889545628303392,0.043960675617588096,0.0665341143756674,0.9031216012556692,0.5499830927806554,0.014034910680621474,0.029812079747267385,0.14202728442986018,-0.47187503924288543,0.22090742369622357,-0.07045641099639896,-0.5692363785385189,-0.009979614765197287,0.5650836141564094,0.29436523367694745,-0.4384199722486062,1.0013142387746694,-0.48741613544163415,0.13394662421458062,0.3833040964210768,-0.5157093627259097,1,54,train
1.1116344296570118,0.10968150871877562,0.48020517488682996,0.2675433697286444,0.642298000627854,1.097835851251145,0.04541995541650321,0.9269949657439266,-0.5553192088802702,0.7409084210050348,-0.5148192655507163,0.7034232992033853,-0.42843937862367404,0.15540902112564337,0.10251327365278093,-0.2014056520472169,0.21280763724279017,-0.2589847500737795,-0.14642683815512675,-0.41167209781441116,0.11441361483650044,-0.5151291348916323,-0.2139276093517973,-0.44406287934006866,-0.07230928173225301,0.1260720012131082,-0.5793881073926055,-0.5762814505360015,0.10357379361564639,-0.48488737910427626,-0.3417466883770542,-0.31604405932856355,-0.0553390428993599,0.10361155445953536,0.32919525350538303,-0.19556052166585264,-0.35831333297998946,-0.12013177358644304,-0.5419970152698897,-0.2997038311168772,-0.2575978472632549,-0.14322002943883722,0.012236422197430666,-0.3533193589555079,-0.546031890147066,-0.039220917310522616,-0.2997019308690514,0.2513596793854581,-0.3348974769270934,-0.5215383271584916,0.06107053203334428,-0.25773984394594257,-0.10712251279937646,-0.16109194090594897,-0.5795340945825861,-0.06807571250270941,-0.5587866797681816,-0.1492002854141191,-0.03053522484167726,-0.027931027548471345,-0.20660556476637376,-0.16903600270204447,0.11131883901870357,0.07054424883233916,-0.3279188158532246,-0.36932489775508653,-0.3316882888119889,0.06956455769264713,-0.44719546165480556,-0.45591486223466704,-0.14090513970112417,-0.31218787953443866,-0.5155858193820492,-0.28126390992629324,-0.31148548924156444,-0.3017875379545809,0.7084063167311392,-0.1898684725372698,1,54,train
0.2795969092073401,0.8180991014245385,0.512509662185327,0.3020450096594268,0.015228073290464817,0.030594030626582825,1.0369866228775328,0.279811579568478,-0.5358995922445936,0.47931884261459007,-0.3014901831481605,0.47455893640680535,-0.14053618481310498,-0.4295460214161585,-0.3812335437808283,-0.2515176764076179,-0.3715922712607248,-0.2813380242692624,-0.17608157834621088,-0.3440089831645468,-0.3612117233437177,-0.4567588487968547,-0.016999985922791304,-0.23797989956947813,-0.1765568228889447,-0.5653067479620607,0.30180816379382325,-0.5154315554646928,-0.02776768682519504,-0.5204359751908377,-0.3998739496017316,-0.014569298906264174,-0.06082403641905655,-0.29910851044242537,-0.5254859796499156,0.05877183338334272,-0.3641032870020004,-0.07069353386672729,0.027342817443697102,-0.2751858535675659,-0.1820742954045602,-0.697870858790032,-0.32614236663720003,-0.31146224568932057,-0.42231919486017233,-0.5014599320479419,-0.5696222301917149,-0.5145555765720768,-0.6025718966673664,-0.3322716010934626,-0.3292972134402521,-0.1720320125381192,-0.058974117410020316,-0.5403280202825386,-0.008544888252542883,-0.023377300901255692,-0.07690534516085826,-0.29833429886255225,-0.28907982055324527,0.0739918887380994,-0.24970176538858904,-0.2922964190705073,-0.21458232091387144,-0.5589529097551337,-0.011693402578625486,-0.25058262866395103,-0.5052600190229019,-0.3825031412177017,0.15396905484644952,-0.4157405156157959,0.2610693182368974,-0.5553813447371171,-0.38697607415964413,-0.015504473708976669,-0.009104691085194691,-0.37259433930706964,0.04078568573726102,-0.5920783213638723,1,54,train
-0.5270832772857702,0.241374522747411,-1.309463421449904,-0.5202440753575547,-1.0238218326933883,-0.34179376013495844,-1.3275185072218456,-0.2633021163677024,-0.062359709666940086,-1.4162845106513797,2.3086538838948747,-1.237195182030425,0.1689597485332567,-0.054680465984440416,-0.013876938060568654,-0.03740266323135898,-0.17783401282640432,0.23837560077571493,0.19625015960851225,-0.2799070850752016,-0.4674193231315334,-2.058698922731306,-0.7963305807694959,0.6739372859153849,0.7356091622321075,-0.48664689027147257,0.7717795084265853,0.1006736321323087,-0.8158165694702437,0.1253635203816956,-0.43308952744440443,-0.7084397792433024,-1.6953521052886602,-0.11692562393915742,-0.4321587185582451,0.20458905027821472,-0.13540010313256806,0.17237781142187517,-0.46228943868998756,-0.558893879495311,0.06067997842695855,-0.21717347335232984,0.023151866998547786,0.09664460865600573,0.08431374774329697,0.33057029447941283,-0.47384405946431807,-0.3356327503852757,-2.529827718797333,-0.5925133494328775,0.02363800849478025,0.13485731927699016,0.15769366184208233,-0.0662829210618016,1.5103972722759216,0.20508124728395224,0.16102356380150765,0.12825834425738453,0.2849768241622701,0.37230286323537964,-0.461591418447814,-0.17588380361140352,0.7631211588838536,-0.3626979132543333,-0.9955057994329337,0.040875668196108945,0.0012860507762929578,-0.23848157342325427,-0.8133182123059458,0.5846007151940957,-0.5699030906097691,-0.4266318631592285,-2.386857612368042,-0.4622884534366393,-1.2681083779544433,-0.37259433930706964,-0.522337803014097,-2.6642227324072545,1,54,train
0.16231923965824352,0.16720259530599568,0.18731115671379048,1.4937891556018703,1.1254231161490087,0.10075404917585871,-1.389401477760052,0.42453349255746026,-0.10717420959542465,0.5548482279245072,-0.45834980256180446,0.5086048746740651,0.0861875803127181,-0.590202688029752,-0.21755980855893042,0.3726048088082858,-0.39346820366459967,-0.555165633163928,-0.09041232890530114,0.7955803162015901,-0.2272977931764718,-0.6318697070811874,-0.5030341203433167,-0.9025975093296327,-0.025397888211741756,-0.6439666056526487,-1.6074504237767724,-0.8044685570534095,-0.5935463718011273,-0.6567055935226567,-0.38603412550061794,-0.5361684875734171,-0.40089363464024924,-0.6730628564228175,-0.23076831304464024,0.30293089423057024,-0.43937268928814266,-0.04597441400686942,-0.1548459290246507,-0.2226473302476131,0.19554346388891344,-0.46491751046253016,0.20143746541679405,-0.0969445402001106,-0.11598299700691184,0.24802761327630224,-0.5130260383982531,-0.7280073692159801,-0.113110100570867,-0.42352520116053016,-0.4950698176824642,-1.673301446552573,0.7017705297418068,-0.13851836475258056,-1.6439023238580066,-0.07304220268064872,-0.04377600340660477,-0.2046920113484198,0.18418825295267582,0.12619630927512346,-0.10963911336638944,0.18020184367526687,-0.37996499908861103,-0.5145178162077827,-0.42015122805831595,-0.542040925524011,-0.8417766388195697,-0.30249115910967533,0.14040895297048134,-2.0186969457087547,-0.4280297525139967,-0.4352151619310878,-0.5284467939042897,-0.40066307692247893,-0.058585185328964284,-0.5251012960662762,-0.09854383725276573,0.5738211138423551,1,54,train
1.368377435967196,0.6273712880037561,0.8054036803583664,0.1597257449449493,1.0228417560041059,1.3933174678336724,-0.03229354246868634,1.2668475479315364,-0.2909136593022113,1.028288521208622,0.9638440801219007,0.902024605762401,-0.18732045380732246,0.6085432090101378,0.6008088675505588,-0.6934146184947907,0.7128289493313591,0.37249524594861233,-0.1925564340079243,-0.45084547998012214,0.502302240148523,0.7690171591934746,0.22601708128747142,-0.9438141052837509,0.5271140799187242,0.7015309601074105,-0.6234479209519269,-0.6371313456073103,0.17429612923763796,-0.1412509502675154,-0.2199562362872538,0.3873970483234683,0.871624861929375,0.2522344355543066,0.5698813478996912,-0.03957001056901281,-0.3727882180350168,-0.24784722619570873,0.938286549785436,0.09958894611476404,-0.17128521656760382,0.5482446711523189,-0.20243399222453934,-0.007998174509462561,-0.0688543511833333,-0.174590914483624,0.5710087121072821,0.8822980664652309,0.8581656510581241,-0.45056330488410573,0.2963606799900325,-0.3932135129454052,-0.2563825385063805,-0.10240064290719107,-0.9786721805608688,-0.1972044571291313,-0.22749326222564678,-0.14573205254322527,0.3726190599967,0.3474436153606063,0.4218806943075987,-0.1279491972458902,0.18428178527226513,0.5519244289286419,0.2518277751502071,0.013888788857214503,-0.39190705235455053,0.6096454369218248,1.0805760163709404,-0.37556616899692474,-0.3638489567087664,0.30867073163004616,0.7898030946253617,0.3658025434723906,0.9915008591777016,0.25377351881110005,0.046591082528512136,-0.2764199589936273,1,54,train
1.2431755995566742,-0.5790578175229382,0.8010964153852335,0.35667260621649904,0.9781692281990677,0.6431449618067993,0.8398246004651075,1.0717168787329088,-0.37008594250920074,0.9067046326609506,-0.5148192655507163,0.9228304569257264,-0.18732045380732246,0.42728953385634,0.2770985912228053,0.08104393980231618,0.2315584364461115,0.19925737093361987,0.05786137205011959,-0.15170328889651122,-0.0010294284111253239,-0.4113597373898055,-0.7376712886842601,-0.20191537810962476,0.22479621056431826,-0.12646754189877984,0.26264388507442643,0.1425079349938335,0.11367698441878804,-0.14717571628194231,-0.3888020903208407,-0.459603469053468,-0.675143310625082,0.1467601328418883,0.25551583685406415,-0.07008989317491625,-0.21645945944072129,-0.2066486930959456,-0.7184923634111016,-0.6289452439219148,0.08225813610087132,-0.017499174785899754,0.20507594701716644,-0.45796214212097625,-0.32217082248506795,-0.2175131087092415,-0.11685269584402133,0.2136917159777105,-0.5566848532833196,-0.7277038680507554,0.1947581160996444,0.16250500682790092,0.0469523524465632,0.3039237278534406,0.29635226075864524,-0.013444320545377086,-0.2365285372495341,0.09010778267755278,0.5522856434572812,0.13116815885007813,-0.8099523734773874,-0.23409011134095542,0.1259114282694159,-0.014623013800083637,-0.7100245235600318,0.05167041993166672,0.018997451818222846,0.33360409864913404,-0.3974750881095889,0.35158950480464307,-0.7117764287055414,-0.8214636066647535,-0.5284467939042897,-0.7434542337824959,-0.7458142720479864,0.10126656205189351,-0.02307367896650124,-0.32224133417640477,1,54,train
2.4983636304064647,0.40636921848443697,2.09542953981168,0.28766932635493414,2.099946037525584,2.25952385069204,1.7608734642895763,2.1839616931650867,0.13034264002554352,2.0359610520506877,2.7583181262139873,1.9631230150919992,0.21214522760484206,3.5580348319673925,2.110244425708061,0.2814920372439203,2.5566575376579572,3.7701929236620124,0.3774735718873598,0.19017350091332985,3.0189605829467645,4.550114580666289,0.4061849069778386,2.513227880367906,0.9232547363141526,3.438066009237869,2.7006202353568796,2.690597291104889,0.7249200280088578,2.8211320569459404,0.020856703072124158,0.4496061258709269,4.749515280354911,3.53152639261313,3.158484852916027,0.37414395364434494,2.5511385630805106,0.39073003685061974,4.7642502256207395,0.1381171965493961,0.28725063400304274,2.874080482231662,0.25601468942237965,0.4367336539437776,0.6321842554423975,0.06973542187758337,3.196201300680928,3.3715226483272196,4.796803541522143,-0.48098117157312825,3.8577979195162677,0.0021484190326185437,0.2732498107765371,2.805075965646662,3.0847752780791473,0.35904244280007064,0.22427048896871887,-0.048621532158199025,2.45850427285613,0.9987559096796682,0.29259209244095297,0.039821925033406425,2.4120837442143452,3.0291808941934613,0.2474357555213932,2.8852927505155828,2.4348325539374596,2.998003102846411,4.841244269972777,2.8182943872033315,0.19688852243166705,0.2228377439114538,4.718830811169835,0.3388414412474454,5.362277850710683,3.211319144534284,0.3600825092560723,3.7049484179988172,1,54,train
-0.23547393678531378,0.4881097099504865,-0.27571982789799987,1.0984578647283216,-0.35042483948410774,-0.27028451045973495,0.8498985724131877,-0.3641196287869934,-0.5134923422803513,-0.42150724071588536,-0.47926441848362367,-0.3198462898292574,0.21214522760484206,-0.5119340555769757,-0.4503402319856296,-0.39729811091060274,-0.28096340844467166,-0.6334020928481181,-0.3243552793016316,-0.48289642902479474,-0.3612117233437177,0.27611252105979717,-0.26839695200237346,-0.5264960712483049,-0.2651672328721326,-0.5156268378416893,-0.42273099251501817,-1.0288525451288606,-0.2651926706990238,-0.4493387830177148,-0.7071180446464552,-0.12941682668618773,0.048875833974876576,-0.601148559118896,-0.5795175518608828,0.245282227086086,-0.46542748238719195,0.6214418222092931,0.02164941911656123,-0.2646781489035753,0.09304721493782772,-0.6904755143986827,-0.2642881794308697,0.10187674781427913,0.36708562268476824,-0.260435302934859,-0.5130260383982531,-0.6777834180056499,-0.13605362226289042,-0.014573882341449601,-0.8319625295295405,0.4030398885208245,-0.6800884179327146,-0.906019953967107,-0.6238827708023953,-0.5498252597628218,0.2724586224294512,-0.6070070243721,-0.42054317430488997,-0.017987328398562003,-0.4292692679811526,-0.840120491819231,-0.472384731009789,-0.5330324385191789,0.05418689185358266,-0.5798225565984632,-0.8878262815285874,-0.3224941546366819,0.06356837567332844,-0.7652573311999749,0.024613754743943526,-0.49529825333410243,0.12746290672997593,-0.6972352013968757,-0.05308735263521211,-0.9281553960727507,-0.07532225008776128,-0.3833365010867748,1,54,train
-0.03578493187739261,-0.1582456577532757,0.411288935316703,0.2718560747199922,0.12608212376963387,0.03734018625632089,-0.21650331523358007,0.011506909420364935,-0.2326548093951814,0.00219418907145479,-0.3663254925058,-0.07017607586935193,-0.06856038636046274,-0.6931877307307734,-0.5921908025112744,-0.22873948351652654,-0.4090938696673675,-0.5384006775173158,0.015026747329664712,-0.6573960404902345,-0.8183661746043156,-0.17787859301069517,-0.29772659804499135,-0.8665329878697794,0.10491153823412283,-0.5487467779219368,-0.6626121996713238,-0.6447375824912239,0.11367698441878804,-0.7515018497534873,-0.79292495407336,-0.3686825095610285,-0.08276401049784318,-0.8120971645437325,-0.505838135209564,0.038425244979407094,-0.3409434709139566,0.19297707797175673,-0.0637515557904768,-0.3802629002074715,-0.02023811285021437,-0.9049405017478113,0.1541372046119532,0.11234102613082597,0.47312507578782,-0.1778926217317484,-0.7089359330679282,-0.7468413509198539,-0.18958850621094506,-0.5080192752967039,-0.7357074690018044,-0.16650247502793705,-0.4634206386806119,-0.6351370401266859,-0.8844312435937742,-0.27170180979822084,0.24234103901649348,-0.29833429886255225,-0.35919360922078913,-0.3709886482203436,-0.29279796601080427,-0.42925243725768825,-0.564804462930967,-0.42935055357535984,-0.33670285511085235,-0.6283989394084731,-0.639866666941569,-0.5105223125905438,0.06356837567332844,-0.4478799929108928,-0.3672268933300943,-0.4638261578372852,-0.06545171110363159,-0.2697091518298882,-0.05308735263521211,-0.19830067443940505,-0.26109494740779693,0.22252390410772765,1,54,train
1.4983337724945736,-1.0967475968079186,1.73577291455508,0.47886591430468683,1.568839318065685,1.4634774863829483,1.273005394232553,1.3416476377910105,-0.22817335940233294,1.7891089146963242,2.563812198141069,1.6623838937312039,-0.15133255458100134,1.1770206447197764,0.979077055618945,0.16304543421024512,1.0190920029856076,1.5683954154069473,0.04468148752074886,0.07621457097671618,1.3611984819108587,3.7199594006516743,-1.8731475854770394,1.2973382997214213,-2.3813923183529737,1.6495892449044982,1.4865275950555774,0.963981518456502,1.3311114761973568,2.0864610711570033,-0.02066276923121687,-1.6655025107426653,3.2795370170762075,1.6905203816327379,1.4000027755045503,-0.07348099124223886,0.9154765518624184,-0.17368986661613509,2.879735379338767,-1.795300461624867,-0.17128521656760382,1.3025697990699436,0.31786887662871,-0.38471219390514844,-0.4989032443234875,-0.34958139863421844,1.3807696100752722,1.0141359383923476,3.6037404135369258,-0.9676670385974885,1.7455340912687258,0.28968436956209037,0.22991625492611653,1.5228968401353355,1.7044227307375868,0.5775680106293999,-0.30579897909933684,0.10398071416112796,1.639049367804211,0.8570581967934601,-1.348654881255078,0.11857163549103546,1.5608493712561269,1.4776555444984547,-2.075942628121147,1.6978700596042275,0.8018413778715239,1.0497113385159698,2.838869226288145,1.259529738391131,-1.4042534360777634,-1.5996826953133245,3.979324776141006,-1.5176230262416355,2.767300819259655,1.1797086134205683,-0.6210295484653661,2.5237751910649977,1,54,train
-0.34641227284527,-0.19760219068137364,-0.5363093587725424,-0.7028152533246117,-0.7293140567935064,-0.7924369562014613,0.22675145048194553,-0.3218413171272907,1.3000010881589905,-0.6462532165161267,0.8571795389206228,-0.5297962424773597,-0.3564635801710318,-0.2524117479704016,-0.27575491441560523,-0.22418384493830826,-0.39659333686515325,-0.33722120975796965,-0.5648881719626474,-0.38318236533025773,-0.31041678431476233,-0.26867681582479364,-0.24325725539441523,-0.742883200007425,0.1830971941016416,-0.1720074595091203,-0.6577166648313992,-0.40894423908990235,-0.5076692499744234,-0.5322855072196916,-0.14245322132101723,-0.330400000301054,-0.2802237772069228,-0.38540566720713126,-0.0981453630722663,-0.1073919719154649,-0.5175370685852905,-0.4538398916945243,-0.4736762353442593,-0.23665760313293385,-0.23601968958934214,-0.2837315728744732,-0.18788006582304986,0.04432321707327158,-0.18667596574227965,0.0730371291257078,-0.330176803373223,-0.4109686772007709,-0.426671563695187,-0.629690742052794,-0.1367870923847799,-0.3987430504555874,-0.299716094356801,-0.2739598216727911,-0.5629033410001577,-0.3710316133570069,-0.579868988157252,-0.18735084699395083,-0.17952702576020796,-0.0005858548862206545,-0.26047581554414284,-0.15191650042864685,-0.13675517824340577,-0.19236338798948774,-0.42454324768712987,-0.299159011473961,-0.45212581589711215,-0.43051033048251747,-0.7319576010501369,-0.6125948140482644,-0.340203400359471,-0.2950212819907202,-0.3548236378540429,-0.4237725931152891,-0.41044647772910364,-0.3889343703884132,1.056730124206206,0.08505977855939516,1,54,train
-0.5144046103074895,0.1021129446941414,-1.3934550884259962,0.2776063480417893,-1.0370581372282146,-0.4497322502107675,-0.33451270091109014,-0.5251024308758612,-0.4388015090662104,-1.3112802432692998,-0.47926441848362367,-1.2428695050749683,0.38488714389118345,0.08537919208894877,-0.27211772029956305,-0.6843033413383541,-0.16845861322474368,0.2327872822268442,0.041386516388406173,-0.8034059194715207,-0.1349433585783712,0.32799721981071056,-0.3899054856075048,-0.3822379854088915,0.20915907939081452,-0.10162758683859413,-0.35908903959599836,-0.46979413416121113,-0.07828364084090329,0.37420369298762585,-0.6517587482420005,-0.5026712919709393,0.7783799720945319,-0.006657034739811033,-0.117793207512618,0.2418911290187634,-0.26277909161680885,0.5102057828399328,-0.0637515557904768,-0.43980655997008467,0.6055284596932562,-0.17280140700423427,0.05225971980152677,0.4576622105768713,0.7853523543690278,0.0598303001332101,-0.12991335548866634,-0.46747062231239234,0.514012825677773,-0.7581217347397778,-0.09935456884621587,-0.40427258796576954,-0.5356432317646461,0.046584959705040535,-0.424313727813254,-0.6988199651010009,0.11885894702336686,-0.5619199970504807,0.21048092370300478,0.16845703066223816,-0.37899036725523483,-0.4771870436232015,0.3253434813624842,-0.17384876567809146,-0.4465033458311992,0.02468354059277228,-0.41316073360486644,-0.03445101904778711,0.3392904471513477,-0.17871187056445612,-0.2523770482049453,-0.5982978385964133,0.7254982220141593,-0.5008043137579895,0.166825955114875,0.030459760699404762,0.24977997022230117,0.22252390410772765,1,54,train
0.6282602511100596,1.82925925511567,1.4170353065432428,1.6993614268561157,1.5870392368010708,1.3258559115362918,1.154996008555043,0.6944642516155619,-0.42685097575194786,1.4077776278877179,-0.680044731333088,1.253832634524086,-0.05056643674730218,0.08949859379698963,0.4080375794003236,1.534292646253946,0.2753103012538613,0.17690409673813695,-0.35730499062505844,1.7357414881786528,0.3360642578719419,-0.7226679298952859,1.6589797879410895,0.8645640422031813,-1.0887228080099969,1.156930136210815,0.9088544839444742,0.1082798690162223,-0.9623128361157977,0.7119153558099598,1.1058989125994363,1.6698611085326147,-1.1742777209174777,0.1419658463549602,0.5305856590189879,-0.1718228351945944,0.7070382070700244,-0.396161945354856,-0.42812904872717233,1.8473704885585271,-0.4464067269099917,1.0918024839164897,-0.5844745602636384,-0.28530154989795353,-0.4517745984999089,-0.4255206653410802,1.110849310752609,0.16974575866867161,-0.7784722296395459,1.9659672154104613,-0.019142018406435788,1.1218797648445042,2.030666242488036,1.057881171375946,0.92277731236345,1.7446932024451363,-0.4232575544098719,0.38143934383263156,1.2797162008830487,0.5562612975087025,0.608630897003865,0.5944937986914891,1.2057630328221272,0.9592461197793596,1.7890346452350638,1.195914103900791,0.150061819528504,0.3576076932815419,-0.9353591291896592,1.1430241331964048,1.3082296708485501,1.3501109826156337,-1.0493162620550298,0.38506047363306567,-0.28949415846655574,0.17752004043149677,0.3310555252998168,-0.8517327807329448,1,54,train
0.46819208050926564,0.15357918006165408,1.0099987665821808,-0.09759898620546975,0.5959709347559624,0.21678792600735347,0.03822426116787455,0.5871423835563166,0.013824940211483668,0.9674965769347862,-0.4646241873383502,0.8225840831387947,0.0861875803127181,-0.43778482483224024,-0.35213599085249087,-0.24240639925118138,-0.22471101083470768,-0.3595744839534526,0.16659541941742811,-0.6467123908086769,0.1421199452159306,-0.5605282462986815,-0.3647657889995466,-0.6037771886622764,0.4228665387620325,-0.27136727974986313,-0.696880943550796,-0.5040222001388224,0.04295464879679651,0.018717732122011194,-0.5770236980959866,-0.32082937298606035,-0.37346866704176596,-0.3134913699032097,-0.07358555752182669,0.14354928506640785,-0.46253250537618645,0.13117927832211201,0.06719660573364818,-0.33823208155150924,0.21172708214434802,-0.6424057758549124,0.02679034859892016,0.29546589667039547,0.4083231877803995,0.17869176106568935,-0.11249914262913967,-0.5867525064369264,-0.426671563695187,-0.5249180901239385,-0.265127173088428,-0.3600362878843123,-0.5067541945310324,-0.3642541262862648,-0.8678004900113458,-0.058142732146830814,-0.004623144969759753,-0.37810365489310954,0.10531024070168897,-0.047818425848290026,-0.11323046341824071,-0.30941592134390494,0.09672624976799125,-0.2182838592254425,-0.36305497288373556,-0.19660886998616214,-0.5442251013151476,0.08156635500885108,-0.27995420518453157,-0.37958360365881183,-0.20846387212768241,-0.5067426516965814,-0.8435406696991818,-0.1233488826087573,-0.28949415846655574,-0.06758042578865658,0.13367203439727884,-0.04222181917054232,1,54,train
-0.1609867682879146,0.7908522709358553,-0.45662495676958303,0.10222301172697855,-0.041026220982546345,0.08051558228664452,-0.674149469446363,-0.024267046599383477,-0.01007612641704143,-0.6223048748324944,-0.5043619575898067,-0.43333275072012345,0.07539121054482177,-0.734381747811182,-0.3775963496647861,-0.5658567383046789,-0.47159653367843857,-0.40428103234441837,0.1501205637557147,-0.347570199725066,-0.716776296546405,0.2890836957475255,-0.4276150305194421,-0.42860665585727437,-0.3798395281444934,-0.8840861712344439,-0.7017764783907207,-0.4888097263709951,-0.40158574654143603,-0.638931295479376,-0.48291289420841366,-0.13898745400118137,0.2518205942036529,-0.6826514293966737,-0.6384610851819379,0.19780685414356952,-0.5899114938604273,0.05290206543256208,0.06150320740651231,-0.45031426463407526,0.238699779236739,-0.9678009290742801,-0.08600258101262341,0.012930382123631096,-0.12776515846280648,0.06973542187758337,-0.6958752734232831,-0.574196518634344,0.3687038549616246,-0.4438037789532118,-0.5966723815728523,-0.3047409127824908,-0.7956445668671693,-0.576445742127928,-0.20257034671420807,-0.3660651231790676,-0.03775248672401323,-0.37810365489310954,-0.6133560931406357,-0.17460059000963413,-0.3394855166848708,-0.3196876227079435,-0.38969339192241925,-0.5330324385191789,-0.4157592084295021,-0.6283989394084731,-0.5123445794396738,-0.6665456777011951,-0.16243332225947418,-0.3474441263637149,-0.7421778582974926,-0.33507667625939663,0.3525299608691847,-0.2620059797656181,0.018384472383566195,-0.4107210784968713,0.00014790819850321824,0.3447142379284676,1,54,train
0.5331702487729543,0.8347499422787338,-0.5190802988800106,1.2019627845206688,-0.08735328685443788,0.2896464068085246,1.0139604012819212,0.28306375738845513,-0.5090108922875028,-0.2962389919091935,-0.4813558800758056,-0.09854769109206844,-0.061362806515198515,-0.43778482483224024,-0.3375872143883222,-0.3107409779244555,-0.327840406452975,-0.7116385525323082,-0.31447036590460353,-0.529192244311544,-0.5874800881090642,0.25017017168434047,-0.16783816557054057,-0.9129016583181623,-0.23389297052512512,-0.6025666805523392,-0.6038657815922286,-0.2872444489472848,-0.4925144637697109,-0.8640724040275986,-0.25593977895014935,-0.7132250929007992,0.3231255099597094,-0.6682685699358895,-0.3633912630170142,0.031643048844761885,-0.20777452840770488,0.20121678459170936,-0.02959116582766158,-0.4538168328554054,0.28725063400304274,-0.6608941368332856,-0.32250388503682764,0.20651953097974743,0.5497091252511351,-0.2307199377017392,-0.5478544641173064,-0.5459455460785332,0.16986000029742174,0.21862976227438974,-0.4736798042318562,0.48045341366337463,-0.5067541945310324,-0.662225331510728,-0.9786721805608688,-1.0216418266670555,-0.11906996193899905,0.23577356325509216,-0.2233481436774229,-0.0602480497856767,-0.19583151461081996,0.009006820941290718,-0.2924094635843371,-0.7033669637840245,-0.5299517187786629,-0.784922839574061,-0.34939968985391884,-0.33449595195288584,-0.05395250725172894,-0.279147737111634,0.33876186052743934,-0.20346609509088834,0.15961534303557717,0.0037534564516984443,-0.39395297964784715,-0.5087612649849327,0.4123310803773324,-0.6328084326374522,1,54,train
0.7804042548494281,-0.5820852431327919,-0.21111085330100585,0.2891068946853834,0.048318834627530206,0.7578296075123465,0.3418825584600041,0.5643771388164768,0.2856995731109567,-0.03833377377776905,2.0095748762128602,0.07357344125907847,0.16176216868799248,-0.4295460214161585,-0.11571837330974954,-0.401853749488821,-0.021577352798726534,-0.717226871081179,0.19625015960851225,-0.3903047984512961,-0.11647247165875108,0.6522765870039194,-0.2055477104824779,-0.9335099562952213,-0.8750153486387788,-0.3583071224605131,-0.5353282938332841,-0.2758350936214144,0.5380109981507374,-0.7811256798256219,-0.29469128643326764,-0.3064734320135699,0.30667052940061945,-0.5675885537103992,-0.29953576858587116,0.12998489279711742,-0.19040466634167205,0.061141772052514705,0.8358053798969904,-0.43980655997008467,0.04449636017152397,-0.4131500997230853,-0.05325624660927205,0.22221594845456766,0.2787194117655585,0.08294225087008106,-0.5739757834065965,-0.09706898213620739,-0.07487089775082799,-0.751362208808884,-0.9121750799693206,-0.07250033735484049,-0.2226786617338312,-0.6396517553573596,-0.46311881950558703,-0.49519386780548946,0.2935409308185216,0.06583015258129621,-0.10064901350922112,-0.1025087711727914,-0.7309426723366593,-0.1142535954271721,-0.10270580332507705,-0.3330745175560993,-0.2137263055040638,-0.6823726980862621,-0.4981754586061299,-0.4665157224311293,1.392458359518208,-0.2269210865071015,-0.5293678511538341,-0.8128803078928943,0.46184824430822896,-0.8050796102966563,1.1179510111340016,-0.39982772444264225,0.2207529862660456,0.7621978784826626,1,54,train
-0.16732610177705498,-0.5669481150835235,0.5232778246181593,0.5679951507925415,0.7878973505109417,0.3436156518464291,-0.5978751104108991,-0.058414913709143326,-0.20576610943809065,0.3153648110881845,-0.4939046496288971,0.24002025056568208,0.15096579892009612,-0.8373667905122035,-0.5485444731187683,-0.44741013527100376,-0.4465954680740101,-1.1028208509532589,-0.11018215569935723,-0.1374584226544345,-0.6013332532987792,0.08803048808773604,-0.6999617437723228,-0.9644224032608099,0.7460339163477767,-0.45352695019122496,-0.9024934068276295,-0.40894423908990235,-0.5278756315807067,-0.704103721638072,-0.28638739197259944,-0.8376432479957163,-0.13212895217511308,-0.5771771266842555,-0.6581089296222896,0.05538073531602012,-0.60728135592646,-0.037734707386916796,-0.097911945753292,-0.7935659503244336,0.06607451784543675,-0.4279407885057838,-0.05689472820964442,-0.13880165346629791,-0.09241867409512257,-0.11516018401738437,-0.45207629338990973,-0.5773355155849896,-0.5949240561033586,-0.6567288457763695,-0.8052250127162804,-0.42362596925140705,-0.2900864152789298,-0.31007754351818057,-1.023020856780678,-0.013444320545377086,-0.03775248672401323,-0.5792611614049497,-0.20143758471881543,-0.16714281564720213,-0.24611041533673775,-0.43267633771236774,-0.3702366062548028,-0.5219236651323411,-0.6441442291278237,-0.4125039046973177,-0.4981754586061299,-0.714552866966011,-0.1895535260114105,-0.9982685415894275,-0.12739339321581253,-0.7470750173086401,-0.23907486715387838,-0.2504512216692131,-0.2620049949977949,-0.6830549298525973,-0.10434923404401684,0.18179379283414765,1,54,train
0.0196842361525855,-0.5351601461800598,0.16362119936155936,0.18272683823213756,0.12608212376963387,-0.040915219048640684,-0.41942189304490834,-0.0015018018595435783,-0.2729878593308175,0.10351409619451439,-0.29521579837161477,0.01872165182849319,0.01061299193744374,-0.590202688029752,-1.0104681258561246,-0.023735747496704155,-0.5278489312884026,-0.6836969597879545,-0.021217935126104797,-0.43660061373804543,-0.72139401827631,-0.10653713222818924,-0.6077828562098093,-0.8253163919156613,0.08927440706061908,-0.5446067854119059,-0.48637294543403803,-0.6295251087233967,0.3056376096784794,-0.5263607412052647,-0.49952068312975006,-0.2155524725211304,-0.08276401049784318,-0.48608568343262143,-0.7072285407231688,0.31988638456718327,-0.4133178961890934,0.13941898494206464,-0.097911945753292,-0.5658990159379714,0.0013400448236984084,-0.8457777466170172,0.16141416781269796,0.1960552526632006,0.27282833103761117,0.09284737261445433,-0.5739757834065965,-0.7060343905614607,0.06279023240131248,-0.32889183812801565,-0.9603026102331886,-0.22456261888484966,-0.4586057991416763,-0.8834463778137386,-0.540729002890253,-0.43559598567021784,0.046576746832268354,-0.3850401206348971,-0.7404373351005589,-0.3113264533208876,-0.41131251772189625,-0.3813178308921749,-0.5550760700971588,-0.6033880033024847,-0.19615822698880828,-0.7741280878385032,-0.4592103763138841,-0.7105522678606097,0.018368036086767913,-0.5884902060769418,-0.07672434389589385,-0.34079887544063614,-0.13618707097595434,-0.44688210930809924,0.12834112625860974,-0.4978679109307036,0.13947743118852998,0.43126572438482513,1,54,train
2.149700288503745,2.7738160453900202,1.1995184254000297,2.6352184099785894,2.7336341171303866,2.4686546752139202,0.7880156018749812,2.0099701797963103,0.7398198390529336,1.988064368683423,-0.650764269042541,1.8969225795723272,1.1478306074891915,4.040004831808173,2.0993328433599348,4.090005888634399,2.475404074443565,1.5236888670159814,1.415389478575305,5.0405504563404495,2.4186567580591105,-1.1247743452148649,3.7455746064016213,0.2978358478340573,-1.7767565796441618,3.723725492430005,0.874585740065002,0.5836696742608222,-1.4321112084618843,1.5354578318153007,4.134052425923109,2.315878452294685,-1.4869223515401873,2.6829376844268555,2.839207380760312,0.9879327038297364,0.9444263219724731,1.7296823625929214,-1.2081246195447863,5.066230683960969,0.7835482605030366,4.10170765119564,1.2602356111251547,1.4046793982243595,1.7397074322964932,0.31406175823879073,1.8857817830015458,3.085873925818467,-0.7861200702035537,5.146324165896038,3.194707502547419,1.038936702191772,4.611420235357525,3.364900654250199,1.0558233410228774,2.320806063086095,1.3416328335894498,3.5063171605079404,3.0500893647385316,1.1205662242660577,3.5930427900922717,3.4911135833503657,0.8944544621402645,3.288385606553009,4.200253421453882,1.9407519736542773,0.6459810487025409,3.558086977602595,-1.3557222873446722,1.4403142981760513,1.2643164947712873,4.328515656450789,-1.3001052652387197,4.136505268932578,-1.1911387202419128,1.3540022782882328,-0.6268349452566171,-0.3782452371775773,1,54,train
0.5268309152838139,1.7944438606023525,1.1262949208567699,0.4702405043219912,1.6102027697370167,1.7481652539578947,0.03390684461869735,-2.3446959211530642,1.742170820786705,1.3838292862040857,1.392593706519194,1.4146051207861463,0.6619939679338561,0.040065773300499326,-2.978190142634941,0.2951589529785751,-4.106126445922224,-0.1863366089384601,0.8848991262681329,0.0868982206582737,-3.2472878045343614,2.079105802654038,1.7260189788956448,-0.7840997959615431,1.9865796561124076,1.6868491774947767,-0.7458362919500421,-0.12371035594314243,0.7249200280088578,1.36363961739692,0.04300042163390604,1.4688779349177485,1.7601938121202334,-0.23678278611236003,-3.6838769734364503,-2.5354181881184497,-0.5030621835302631,2.430057425288894,-2.4891392431503565,1.6827497821560082,1.964952393149761,1.6353602966806604,2.3153952752331426,2.587142847994151,2.7588643982313794,0.0598303001332101,1.110849310752609,-0.30424278087881934,0.9805311000822489,0.1949714215162611,-0.249084663000472,-0.3047409127824908,0.10473042691379057,1.7305737407463249,-0.7402980458793944,-0.08297518303652733,2.380689461336491,0.06583015258129621,1.5382607965946167,0.8744596703058014,-3.1407385571288624,-1.3297382568384029,1.1863062471545107,1.4924672423475718,2.0437717837062688,1.384822259273052,-0.48754861798097193,-3.542976434484742,1.7495410422520363,-0.33137438771616645,-0.27264466793291275,1.7449427261211585,1.4714347443041085,0.3812088876009307,0.17782162050237932,-2.7963656163730306,2.206198688873927,-0.07786066653492481,1,54,train
-0.050048432227958406,-0.16430050897298307,0.0817831648720336,-0.14360117277984633,-0.17835288053136772,0.22488331276303913,0.22387317278249405,-0.055162735889166196,1.486728171194343,-0.25202666880094926,-0.29521579837161477,-0.18933685980476134,-0.08295554605099119,-0.4501430299563628,-0.3303128261562378,-0.401853749488821,-0.39034307046404615,-0.6501670484947303,-0.18267152061089625,-0.6324675245666002,-0.6521281923277346,0.21774223496501957,-0.3857155361728451,-0.6656020825934535,0.20915907939081452,-0.6605265756927725,-0.6381345254717008,-0.5572658583262176,0.22986367865491703,-0.5382102732341185,-0.6157752055791049,-0.4787447236834552,0.0708158080536632,-0.3997885266679156,-0.6679328518424654,0.018078656575471468,-0.3322585398809402,-0.10777221365651411,0.02164941911656123,-0.45031426463407526,0.573161223182387,-0.6867778422030081,-0.33705781143831715,0.1960552526632006,0.0902048284712443,0.20840712629880914,-0.3693587823071581,-0.5585015338811158,-0.18194066564693723,-0.4708418826767874,-0.249084663000472,-0.04761741855902082,-0.38156836651870646,-0.5674163116665807,-0.7957338911541559,-0.36109863300112827,0.22427048896871887,-0.4856188738908172,-0.3241367148870172,-0.10002284638531407,-0.41131251772189625,-0.32653542361730253,-0.41401437400693974,-0.4885973449718279,-0.2312943840193193,-0.7093595774251565,-0.4946331783977439,-0.6905492723336031,0.1765692246397298,-0.6487517260052484,-0.38073863981540595,-0.6440754320463292,-0.1426175582370746,-0.18112267309078264,0.05137146854607926,-0.3834876933612987,-0.39461907360657256,-0.021856763533752318,1,54,train
-1.5271131351976612,-0.17338278580254413,-0.9605749586261363,-0.6783765917069742,-1.0420217514287744,-1.4117340430114158,-0.21074675983467714,-2.3446959211530642,2.8849405689630614,-0.8875788134819595,-0.8013495036796393,-0.8116209536896771,-3.3938422748725348,0.47260295264478946,0.29528456180301615,0.10382213269340755,1.0315925357878217,0.4898499354748975,-1.533609684871396,-0.1054074736097619,0.6269807268559588,0.6522765870039194,-0.23068740709043611,-0.4698232518113925,0.36553039112585206,0.564911207276389,-0.3297158305564507,-0.04764798710400645,0.6036817383711581,0.42752658711746805,0.1177354717799199,-0.5553097422034042,0.42185539331424926,0.18032013825038504,0.9186305867159338,-4.444606400021076,-0.13829508014357353,-1.9946650296256652,1.6841217306402347,-0.3032063993382074,-2.00542861885019,0.847756119001964,-0.8173373826874704,-1.5148542520922057,-2.060039637229527,-0.47174456681482213,0.20966379527210374,0.794406151847153,0.49106930398574955,-0.46408235674589354,0.2696231631767725,-0.14714909374229954,0.018063315212949512,0.24974714508535636,-0.45757523497811087,-0.0432432616130129,-2.808570160716122,0.492422795701233,0.46902551941457277,0.6208953419831132,0.03401488870766142,0.5705264955087325,0.505318748787936,0.21495830286123,-0.41136718880068823,0.04627304406388783,-0.18291252005977787,0.9496963608809368,0.7686936732236728,-0.27111286778785976,-0.3334475271168152,-0.22921599140646606,0.6354714003584757,0.0037534564516984443,0.8980377033839146,0.967288209363102,-2.124627317399405,0.09015104246859265,1,54,train
0.8580610900913975,0.20807284103902043,-0.47600764914868127,0.0907224650833844,-0.08073513458702482,0.06027711539743032,0.34332169730972983,0.6944642516155619,-0.24311152604516112,-0.22070960659927635,-0.4144291091259842,-0.09854769109206844,-0.12254223519994444,-0.4666206367885262,-0.3812335437808283,-0.5157447139442779,-0.43722006847234945,-0.8401698791563349,0.1698903905497708,-0.5113861615089481,-0.5366851490801088,-0.06113802082114,-0.32705624408760925,-0.8716850623640441,0.1830971941016416,-0.46594692772131785,-0.47658187575418887,-0.2530163829696736,-0.09343842704561578,-1.2551069609797747,-0.5687198036353185,-0.20598184520613677,-0.049854049379663236,-0.37581709423327503,-0.4026869518977176,0.007905362373503654,-0.2540941605837924,-0.12013177358644304,-0.37688846378294955,-0.25066787601825463,0.07146905726391493,-1.0454520451834473,-0.08236409941225104,0.1646624177135601,-0.02172570535975475,-0.09865164777676223,-0.6349255284149399,-0.6620884332524217,0.0933815946573437,-0.35930970481703817,-0.6661899252873283,-0.1858558563135746,-0.13119671049405454,-1.0143731195032755,-0.31898562179120715,-0.4206965151363999,0.019470921760606413,-0.3260801618297026,-0.7448194468922803,-0.440594542269709,-0.19942286466267123,-0.16903600270204447,-0.5015699095112136,-0.666337719161232,-0.490423542119338,-0.9792283708141009,-0.5158868596480598,-0.626539686647182,-0.30707440893646787,-0.2871826064354082,-0.2017079988850266,-0.3636876721655941,0.08887998316325443,-0.21578694737999785,-0.10256784687898171,-0.6558215447170247,0.24977997022230117,-0.3782452371775773,1,54,train
0.38419591177815593,-0.5366738589849867,0.3337581658003102,-0.36498669566903363,0.4454079706723149,0.39083874125459556,0.2037252288863338,0.380629091987769,-0.14900107619534358,0.573270029219609,-0.3579596461370723,0.5691309871491937,0.043002101241132754,-0.4460236282483219,-0.3375872143883222,-0.4428544966927855,-0.4497206012745637,-0.6445787299458595,0.07104125657949031,-0.6858857729743879,-0.21344462798675673,0.003717852617501759,-0.5910230584711705,-0.17615500563830094,0.33425612877884453,-0.3251871823802655,-0.5647015028728317,-0.7017843591205759,0.1490381522297838,-0.6211569974360952,-0.6185431703993277,-0.6175188197508629,-0.033399068820573266,-0.4141713861286999,-0.46163048521877265,0.08250951985460096,-0.3641032870020004,0.17237781142187517,-0.31995448051159087,-0.5939195617086129,-0.02023811285021437,-0.6054290538981661,-0.14421828661858138,-0.06555170525047012,-0.045290028271544026,-0.006203844829278377,-0.3693587823071581,-0.6432544515485479,-0.8014157513315693,-0.2748156306808645,-0.6127148916608083,-0.2853875314968533,-0.47786515729741874,-0.3868277024396332,-0.4742059885605393,-0.6441885731436685,0.09175312195170492,-0.4856188738908172,-0.3723399445959536,-0.18703021394702082,-0.6124281206255674,-0.2922964190705073,-0.4675205345928849,-0.42935055357535984,-0.7144165431888456,-0.5366435496562321,-0.5938170242325512,-0.550528303644557,-0.2076336618460347,-0.43582768892523144,-0.6374618230363274,-0.7041585234493438,-0.20692243084827713,-0.9437367074535171,-0.1575461738165035,-0.334467600117268,-0.07532225008776128,0.11051609810538265,1,54,train
-0.37969377366325685,-0.5442424230096208,-0.6849100003456285,-0.704252821655061,-0.7607502800637185,-0.6440215323472238,-0.8209416321183877,-0.30232825020742793,-0.4940727256446747,-0.6867811793653505,-0.42279495549471185,-0.560059298714924,0.18335490822378514,-0.39247140604379077,-0.45397742610167174,-0.06473649470066863,-0.38409280406293905,-0.1807482903895894,0.2852143801817647,-0.2763458685146824,-0.2734750104755221,0.5225648401266358,-0.18040801387451968,-0.1710029311440362,0.33425612877884453,-0.6936465157730202,-0.27586494731728006,-0.4888097263709951,0.19450251084392126,-0.32491869671474966,-0.3057631457141586,-0.15812870863116862,0.37249045163697936,-0.6299142780404646,-0.23568027415472817,0.1740691676723113,-0.06013070084642578,0.37837047692069076,0.28923914049194704,-0.03350864629578304,0.24948885807369536,-0.5314756099846735,0.10319846220673999,0.530912158792699,0.33763021904503165,0.3074583437425419,-0.5435009109024248,-0.49572159486820305,0.391647376653648,-0.21735966026826642,-0.5485448513089842,0.10720963172607942,-0.034899919715342245,-0.7570343513548754,-0.41877014328577783,-0.15250604552767758,0.39292895608128203,-0.12492265531786251,-0.35042938563734616,-0.07019174893558605,-0.19942286466267123,-0.18273160452076256,-0.11243419615888525,-0.6070909277647639,-0.2708225606786442,-0.42869603230065434,-0.2254198825604096,-0.19447498326383977,0.027408104004080017,-0.030066788074632863,0.10906217027714134,-0.12049420696291571,0.3396689863469442,-0.16956791499437757,0.19981295127738802,-0.4161677555239858,0.35427711246482124,0.32944044620087515,1,54,train
0.21620357431593654,-0.11888912482517777,0.1140876521705306,-0.1450387411102956,0.2766450878532814,0.23567716177062004,0.208042645435511,0.2180202009889126,-0.041446276366980624,0.18825438215198242,-0.3997888779807107,0.17760269707570572,0.32370771520643754,-0.4460236282483219,-0.5339956966545996,-0.5886349311957704,-0.49659759928286706,-0.7004619154345667,-0.02451290625844748,-0.5113861615089481,-0.6521281923277346,-0.015738909414090767,-0.5114140192126362,-0.634689635627865,-0.09315878996359135,-0.6398266131426178,-0.3395069002362999,-0.9794120053834222,0.346050372891046,-1.1484611727200904,-0.6628306075228915,-0.22512309983612405,0.18600067196729297,-0.7449771537267391,-0.5156620574297398,0.20458905027821472,-0.4162128732000989,0.32893223720097503,-0.04667136080906919,-0.41879115064210354,0.17396530621500064,-0.8088010246602708,-0.10783347061485764,0.37918012320277006,0.5143626408834512,0.0037012769150948947,-0.6349255284149399,-0.5773355155849896,-0.22017986846697626,-0.39986686040240155,-0.6608424219246763,-0.22456261888484966,-0.41045740375232015,-0.5899898878199491,-0.4742059885605393,-0.6988199651010009,-0.14015227032806946,-0.48908710676171097,-0.6221203167240786,-0.47539748929439174,-0.17428341429971234,-0.46006754134980393,-1.026903122536857,-0.2812335750841898,-0.42015122805831595,-0.925254612136312,-0.46983721693904207,-0.45451392511492533,-0.09463281287963342,-0.279147737111634,-0.41789594265001295,-0.5811312410526948,-0.08474317288699235,-0.5046558997901245,-0.10256784687898171,-0.39982772444264225,0.15689362156228331,-0.12877330562689981,1,54,train
0.011760069291160058,-0.49731732605688866,0.5534286794300898,0.39261181447773075,0.3080813111234935,-0.06385214818975012,0.008002345323634169,0.0944374438297817,1.0296202719238003,0.4848453830031206,-0.30776456792470624,0.2627175427438553,-0.10814707550941598,-0.5860832863217111,-0.50126094961022,-0.3562973637066382,-0.3215901400518679,-0.6166371372015059,0.28191940904942203,-0.30127438443831667,-0.6475104705978295,0.01668902730523011,-0.3982853844768242,-0.5368002202368344,0.1466105546967995,-0.8012863210338249,-0.7213586177504191,-0.53064402923252,-0.22983150288802803,-0.5382102732341185,-0.5963994518375458,-0.5313831739159202,-0.20343386793116963,-0.9846914780731443,-0.4321587185582451,0.4453570130581196,-0.3843681260790387,0.32893223720097503,-0.5135300236342104,-0.5623964477166412,0.3519851070247811,-0.7533359417251514,-0.5262588546576805,0.26407306172075495,0.37297670341271555,-0.10195335502488666,-0.38241944195180305,-0.6055864881408003,-0.6484589400514132,-0.690526475430839,-0.7357074690018044,-0.19415016257884782,-0.23230834081170243,-0.5719310268972543,-0.5185546647803485,0.09581846336928758,0.15801180546021187,-0.353826024796853,-0.2803155969698023,-0.21188946182179416,-0.3394855166848708,-0.3847417313468544,-0.2534958922491043,-0.5515470608305751,-0.45089536546001313,-0.347735394283971,-0.6859163096505867,-0.5705312991715635,-0.10367288079694552,-0.5442984247961835,-0.38749451305806176,-0.5239092492402999,-0.39983704868188463,-0.4237725931152891,-0.2510093296102905,-0.4434011406595584,-0.3713974864415681,-0.15422962517288732,1,54,train
0.027608403014010945,-0.3868162912972291,0.6266521839733497,0.39117424614728147,0.6638069954969466,0.030594030626582825,-0.243846953378369,0.09606353273977027,-0.25804969268798933,0.4295799791178153,-0.5817460365005377,0.3308094192783749,0.15096579892009612,-0.7137847392709777,-0.6285627436716962,-0.26062895356405447,-0.26846287564245747,-0.2589847500737795,0.03479657412372081,-0.3297641169224701,-0.6428927488679245,-0.4567588487968547,-0.6287326033831079,-0.7789477214672784,0.3134066205475062,-0.9254860963347534,-0.4521042015545658,-0.36710993622837756,-0.21972831208488638,-0.5382102732341185,-0.46630510528707725,-0.3447559412735444,-0.18149389385238301,-0.649091423988177,-0.6433730462920259,-0.012441226030431974,-0.39884301113406606,-0.1366111868263483,-0.2060865139688735,-0.7725505409964524,-0.2953596231926023,-0.8088010246602708,0.10319846220673999,0.16989455687183352,0.03129402119177111,-0.1184618912655088,-0.5391473576875431,-0.49258259791755743,-0.6408110994874054,-0.6837669494999451,-0.7143174555511964,-0.33238860033340156,0.12880462460846864,-0.2513862455194227,-1.023020856780678,-0.16740551606149548,0.0315179551257895,-0.5307059012124365,-0.3635757210125106,-0.1373117181974741,-0.5118703191737318,-0.5422411522621124,-0.31186624925195355,-0.5737646076042507,-0.6924564450447763,-0.32074851494507656,-0.48046405756419996,-0.4265097313771161,-0.07203264308635315,-0.7210655499192166,-0.13077132983714043,-0.3493821742124954,-0.21335291810939738,-0.3043734261191034,-0.080576516103973,-0.470634525795131,0.24977997022230117,-0.01167423571535732,1,54,train
-0.12136593398078739,-0.1930610522665931,-0.14004098124431247,0.30923285131167316,0.13931842830446003,0.1709140677251346,-0.08266340220908698,-0.012884424229463527,1.0116944719524066,-0.04570249429580975,-0.4520754177852587,0.0716820002442307,0.07179242062218966,-0.619038499986038,-0.6758462671802444,-0.31529661650267377,-0.5215986648872954,-0.7954633307653691,0.2621495822553659,-0.6787633398533495,-0.2919458973951422,-0.06113802082114,-0.23068740709043611,-0.42860665585727437,0.04236301354010783,-0.45352695019122496,-0.8584335932683079,-0.5724783320940448,-0.08333523624247412,-1.2077088328643595,-0.5853275925566549,-0.459603469053468,-0.17600890033268635,-0.9223657537430789,-0.4812783296591243,0.20798014834553732,-0.404632965156077,0.4113293034005013,-0.4053554554186289,-0.5168630608393487,0.28725063400304274,-0.7385452529424529,-0.3989119986446475,0.24837664424593472,0.3965410263245049,-0.15808237824300186,-0.6610468477042298,-0.5553625369304701,-0.2737147524150309,-0.7615014977052248,-1.2276777783657888,-0.3572715191292212,-0.3671238479018996,-0.4590631461304122,-0.7347544613519182,-0.36109863300112827,0.2604115890642681,-0.47868240814902957,-0.5344780808896488,-0.22431908575918083,-0.26406716559599414,-0.5148499486246763,-0.6231748199338163,-0.42935055357535984,-0.31474275696678294,-0.444888159903991,-0.42024529402163835,-0.538526506328353,-0.07203264308635315,-0.5161763821629737,-0.3604710200874385,-0.646936531636949,0.04386657233541267,-0.4738432115330444,-0.14655050842899914,-0.6721615757983682,-0.4004244703978237,0.18179379283414765,1,54,train
-0.11185693374707686,-0.19457476507151994,-0.6978317952650274,-0.7186285049595537,-0.63500538698287,-0.6561646124807524,0.3159780591649409,-0.2128933601580569,0.47392047281059185,-0.6296735953505351,-0.42697787867907566,-0.592213795967336,0.043002101241132754,-0.39659080775183164,-0.3739591555487439,0.2404912900399558,-0.5778510624972595,-0.4657525363819963,-0.22221117419900843,-0.04842800864145505,-0.33812311469419254,0.5809351262214134,-0.31448639578363013,-0.5625605927081583,0.3603180140680175,-0.5032068603115964,-0.6919854087108714,-0.2948506858311984,0.14398655682821299,-0.3426929947580304,-0.3417466883770542,0.08592228790116894,0.38346043867637264,-0.7066228618313143,-0.8054677629249273,0.03503414691208449,-0.46253250537618645,0.13117927832211201,0.05580980907937644,-0.42229371886343375,-0.13891798005673464,-0.35028967239661657,-0.13330284181746424,-0.14403379262457133,-0.12776515846280648,0.06313200738133452,-0.16474178120771968,-0.45805363146045547,0.3763516955256324,-0.33565136405890955,-0.9228700866946246,-0.3185647565579462,0.07584138968017688,-0.7976667884309386,-0.7125801232420137,0.135550384792802,-0.0919641368673371,-0.35729425766774675,-0.5300959690979273,-0.11493839511017809,-0.11323046341824071,-0.15191650042864685,-0.10756999974198114,-0.17755169014037073,-0.2620385214210164,-0.5258487979206743,-0.48400633777258595,-0.3264947537420832,0.2036894283916661,-0.5684030327675061,-0.40100625954337343,-0.44093736111232723,0.539014091441672,-0.3929599048582089,-0.03659385455395558,-0.47608120282224553,-0.6442511356303705,-0.14913836126368982,1,54,train
1.3255869349154987,-0.9847328492433323,0.27345645617644915,0.2574803914154995,0.23031802198138984,0.6310018816732708,0.7103021039897917,1.0326907448931832,-0.6957379753228552,0.58432310999667,2.2187210354310523,0.5899368383125192,-0.5184091266894768,-0.06703867110856299,0.3789400264719862,-0.10573724190463311,0.14092957363005837,-0.2757497057203917,-0.017922963993762114,-0.38318236533025773,0.10056044964678534,1.3851479568605713,-0.7963305807694959,-0.3101089424891848,-1.813243219049004,-0.035387706678098915,-0.04087927500089905,0.22617654071688306,0.4369790901193209,-0.1886490783829307,-0.4054098792421771,-0.4261062734509903,0.5809202053854523,0.1371715598680321,0.07377327578081101,-0.15825844292530397,-0.01670604568134369,-0.04185456069689311,1.8378434854729033,-0.6079298345939337,-0.11733982238282187,-0.3170106226355449,0.6271398126603618,-0.08124812272529036,-0.0688543511833333,-0.2901506681679788,-0.3954801015964481,0.22938670073093867,0.5598998690618198,-0.5688550086747489,0.09315555220925631,-0.2162683126195764,-0.1841599454223463,-0.3913424176703069,0.0025422808024094137,-0.6094231418980934,-0.16725809539973138,-0.1283908881887563,-0.021771001258234276,0.27286587173628624,-1.1403565782477043,-0.10055799360845402,0.10645464260179946,-0.0405434850360384,-0.7407686609617289,-0.47187503924288543,0.12526585806980217,-0.1304653975774187,1.1935768653373418,-0.33137438771616645,-0.9009408794999044,-1.1047124661361083,1.2720896392093806,-1.4136302033739898,1.9866085767468458,-0.3508076311986116,-1.6195577965605579,1.2102291024920426,1,54,train
0.39212007863958137,-0.5169955925209376,0.5706577393226215,0.2675433697286444,0.642298000627854,0.28290025117878653,0.7980895738230613,0.25054197918868387,-0.03547100970984935,0.5677434888310784,-0.4102461859416203,0.493473346555283,0.04660089116376487,-0.5284116624091391,-0.4066939025931235,0.0400431925983517,-0.187209412428065,-0.4378109436376427,0.12376079469697324,-0.12677477297287695,-0.250386401825997,-0.36596062598275625,-0.838230075116093,-0.03704899429315233,0.6365739981332504,-0.7184864708332058,-0.24649173827773244,-0.16934777724662403,0.04295464879679651,-0.3486177607724573,-0.5022886479499729,-0.5744509968333915,-0.19794887441147296,-0.45731996451105283,-0.4075989130078055,0.1842424618742791,-0.2569891375947979,0.19297707797175673,-0.00681757251911811,-0.6079298345939337,-0.1820742954045602,-0.5129872490063003,-0.08236409941225104,0.21698380929629424,0.24337292739787456,-0.14157384200237977,-0.41289431445597474,-0.4643316253617467,-0.5490370127193118,-0.629690742052794,-0.40950976388003213,-0.19415016257884782,-0.17453026634447505,-0.3642541262862648,0.0358037879672663,-0.356132142823189,0.18210587219057806,-0.2740566687662957,-0.3460472738456246,-0.09007914723540474,-0.5298270694329882,-0.18273160452076256,-0.287545267167433,-0.5404382874437375,-0.7495527002193567,-0.2613773803995088,-0.2714695252694273,-0.3064917582150766,-0.16695335621813023,0.0944736864438677,-0.6036824568230482,-0.6555198304088082,0.14032388125221643,-0.4276241791474241,-0.2565071623040427,-0.2908941839003519,0.3020285413435612,-0.3171500702672073,1,54,train
1.5015034392391435,0.5592542117820481,0.32945090082717726,0.9302623700657572,1.084059664477677,1.321808218158449,0.4526962498888855,1.216438791721891,-0.030989559717000893,0.8827562909773183,-0.3851486468354373,0.771515175737905,-0.10814707550941598,0.7115282517111592,0.5680741205061792,0.14026724131915375,0.6190749533147525,-0.05780528231443346,-0.04757770418484626,0.39316284486292297,0.39147691863080225,-0.4113597373898055,0.21763718241815203,-0.45951910282286296,-0.05667215055874926,0.6932509750873485,-0.14368550663931576,0.1044767505742655,-0.2853990523053071,-0.5085864431619839,0.4249795668246435,-0.014569298906264174,-0.49962351799478905,0.47756590043992747,0.4225225145970536,-0.0022679318284641596,-0.036970884758382,0.03642265219265683,-0.5647706085784332,0.029537581688160314,-0.06878896761651812,0.607407426283113,0.07772909100413337,0.14373386108046646,0.06664050555945501,-0.039220917310522616,-0.05590295083567799,0.7849891609952161,-0.4572629259512182,-0.1227262972357519,0.4514382775069406,0.21780038192972243,0.30695368754908636,-0.04822406013910685,-0.0916986561646851,-0.192237966951192,0.1670470804840992,0.6797073707294979,0.3989117307470289,0.25795032301142223,0.28540939233725043,0.49177678505110345,0.01889910709752558,0.30012556549365277,0.05857891148239653,-0.20200624585394103,-0.1156091961004443,0.5616382476570091,-0.5375961408279266,-0.022031918750858633,0.08203867730651804,0.12556035783038244,-0.740652873521258,0.26180972060474494,-0.7183251085792255,-0.09481381092422918,0.09883965364977217,-0.09313445826251732,1,54,train
-0.12770526746992775,-0.40800827056620487,0.7321801758151065,-0.2701071858593819,0.1360093521707535,-0.11917062435360226,-0.09417651300689284,0.013132998330353498,-0.3536539592020897,0.36510367458495924,-0.47926441848362367,0.09816217445209946,0.15816337876536035,-0.4213072180000768,-0.6103767730914853,-0.401853749488821,-0.4872221996812064,-0.7228151896300498,0.25226466885833787,-0.468651562782718,-0.6151864184884943,0.06208813871227934,-0.3228662946529496,-0.8047080939386022,-0.08794641290575676,-0.9006461412745677,-0.7801050358295143,-0.43556606818359994,0.15914134303292546,-0.5382102732341185,-0.374962266219727,-0.6079481924358693,-0.22537384200995625,-0.6730628564228175,-0.9479146351174771,0.13337599086444002,-0.41910785021110436,0.10646015846225414,0.2607721488562677,-0.5658990159379714,-0.21444153191542936,-0.61652207048519,0.16141416781269796,-0.07601598356701694,-0.08063651263922793,-0.1184618912655088,-0.8090676570102066,-0.5333895582759507,-0.4878542882072494,-0.3255120751625687,-0.8480050396174965,-0.13332524996684417,-0.5886064666929379,-0.7028577685867912,-0.8844312435937742,-0.5796242008304576,-0.03172897004142169,-0.35035779192595917,-0.44245373326349746,-0.33121385162070627,-0.10604776331453816,-0.3470788263453797,-0.2826810707505289,-0.45527102481131465,-0.45967940471764085,-0.41790128056509657,-0.4627526565222701,-0.40250613674470825,0.018368036086767913,-0.6527691606671356,-0.27940054117556856,-0.37513207052807307,-0.020438300275789842,-0.36599880263326373,0.0678649666273358,-0.6667148987712537,0.10464505044102328,-0.09822572217171482,1,54,train
0.10843490500055049,-0.4958036132519618,0.12916307957649587,-0.5130562337053083,0.2385907123156562,0.23567716177062004,0.24258197782892857,0.253794157008661,0.28868720643952234,0.17351694111590105,-0.33913649180743505,0.24758601462507313,0.01061299193744374,-0.647874311942324,-0.7013066259925397,-0.8574176073106485,-0.28408854164522523,-0.6501670484947303,-0.008038050596734066,-0.7143755054585413,-0.6936876878968798,-0.5864705956741382,-0.45275472712740034,-0.8047080939386022,-0.020185511153907175,-0.4162670176009464,-0.47168634091426426,-0.53064402923252,0.2702764418674836,-0.39009112287344566,-0.6296150296802187,-0.4739594100259584,-0.3295887188841927,-0.5484114077626868,-0.7317883462736084,0.23510893288411816,-0.3409434709139566,0.460767543120217,0.07289000406078404,-0.3557449226581602,0.3358014887693465,-0.7311499085511036,-0.013232949005175946,0.5570728545840662,0.0018386175520345193,-0.006203844829278377,-0.4999653787536081,-0.4831656070656205,-0.23547554959499187,-0.3964870974369546,-0.9496076035078846,-0.45680319431249994,-0.5741619480761311,-0.7254313447401596,-0.8068210602091082,-0.3859310838908248,-0.004623144969759753,-0.42665891508562265,-0.48627485118071234,-0.39833382088259434,-0.4292692679811526,-0.473763143168522,-0.564804462930967,-0.5293295140568997,-0.5826559543244294,-0.7525385843673876,-0.5123445794396738,-0.386503740323103,-0.25283400143259527,-0.5643855981056191,-0.5901707103377365,-0.252104788131424,-0.39983704868188463,-0.33133452834404853,-0.14105267573524694,-0.5142079420120471,-0.34237050248531253,-0.2764199589936273,1,54,train
0.07515340418256361,-0.06590917665273822,0.0171741902750396,0.018844048560920982,-0.43315174282677116,-0.7357692489116615,0.05117651081540614,0.00012428705044498578,0.917584022102589,-0.06780865584993184,-0.42279495549471185,-0.08530760398813407,0.04660089116376487,-0.6602325170664466,-0.6176511613235696,-0.21051692920365345,-0.5653505296950453,-0.5998721815548937,0.08751611224120373,-0.24429491947000984,-0.39815349718295795,0.269626933715933,0.05841910390108334,-0.4698232518113925,0.052787767655777,-0.7433264258933916,-0.5647015028728317,-0.7131937144464463,-0.27529586150216545,-0.7100284876524989,-0.45800121082640904,-0.3112587456710667,0.12018074973093311,-0.5052628293803338,-0.6188132407415862,0.13676708893176262,-0.459637528365181,-0.07069353386672729,-0.04097796248193332,-0.44681169641274504,-0.025632652268692564,-0.5906383651154676,-0.2642881794308697,0.3006980358286689,0.2963926539494004,-0.09865164777676223,-0.6218648687702948,-0.5804745125356352,0.03984671070928907,-0.5113990382621508,-0.6501474151993724,-0.27156368772139794,-0.1263818709551189,-0.7434902056628544,-0.6848622006046329,-0.2667353196202815,-0.3630223875839565,-0.4093177507311537,-0.5520065280565347,-0.29143905502106887,-0.09886506321083563,-0.3368071249813411,-0.6474958020183368,-0.7737225285673303,-0.06878965775320588,-0.9900231225496586,-0.6221552658996391,-0.4825181188527346,0.2714899377715069,-0.5041240781773124,-0.262510858068929,-0.5038815521059616,-0.09760414740923284,-0.35059245850472365,-0.14655050842899914,-0.7647550852593151,-0.13918161479152352,-0.2916937507212198,1,54,train
0.3160480767698971,0.5198976788539502,0.5383532520241245,0.22872902480651416,0.7266794420373708,0.30583718031989593,0.8470202947137362,0.29769855757835223,0.03623219017572595,0.6451150542705058,-0.30776456792470624,0.5142791977186084,0.04660089116376487,-0.35127738896338223,-0.4758005907979248,-0.11484851906106966,-0.3059644740491001,-0.4098693508932891,0.041386516388406173,-0.49714129526687145,-0.10261930646903598,-0.3789318006704846,-0.05051958140006892,-0.052505217775946626,-0.04103501938524551,-0.4162670176009464,-0.1926408550385618,-0.511628437022736,0.04295464879679651,-0.2656710365704805,-0.374962266219727,-0.1533433949736718,-0.37346866704176596,-0.39499424018098744,-0.21603242971437647,0.1876335599416017,-0.17882475829765015,0.16413810480192254,-0.13207233571610721,-0.1245754200503679,-0.10115620412738728,-0.5277779377889988,0.08136757260450575,0.5256800196344257,0.19624428157429602,-0.04252262455864703,-0.23004507943094468,-0.4800266101149749,-0.2737147524150309,-0.4269049641259771,-0.7196649589138484,-0.09738325615066018,-0.025270240637471016,-0.4545484308997385,-0.030719226362447474,-0.06807571250270941,0.016459163419310644,-0.49949180537439236,-0.14885224321815752,-0.08759322244792739,-0.21378826487007632,-0.23751401179563494,-0.11729839257578936,-0.4737856471227109,-0.024869461465067116,-0.2613773803995088,-0.43795669506356827,-0.2264797761070503,-0.2392738995566271,0.1467003370484002,0.14959740973307628,-0.40374306643427055,-0.29051876524284037,-0.2928186680226983,0.012886639689814018,-0.3562543082257261,-0.21465177307778802,-0.42406661236035476,1,54,train
0.052965736970572365,-0.38984371690708275,0.21746201152572103,0.2445422764414561,-0.11051681979038366,-0.2325060389332018,-0.17908570514071107,0.12045486638959874,-0.7241204919442288,0.1698325808568807,-0.36005110772925425,0.15679684591238027,0.10058274000324656,-0.5407698675332617,-0.5885536083952322,-0.3790755565977296,-0.4997227324834206,-0.6389904113969888,0.0018468628002939814,-0.5719268430377742,-0.5366851490801088,0.0750593134000077,-0.5533135135592332,-0.6089292631565411,0.4489284240512054,-0.8426862461341343,-0.6528211299914746,-0.39373176532207516,0.1237801752219297,-0.8936962340997332,-0.5022886479499729,-0.3064734320135699,0.3670054581172827,-0.783331445622164,-0.7317883462736084,0.024860852710116677,-0.2540941605837924,0.14353883825204097,-0.37119506545581366,-0.3802629002074715,0.03910182075304577,-0.7385452529424529,0.3287843214298271,0.04432321707327158,0.037185101919718425,0.056528592885085674,-0.6479861880595849,-0.6526714424004848,0.13926863804139053,-0.562095482743855,-0.9228700866946246,-0.35174198161903913,-0.424901922369127,-0.7841226427389175,-0.6793186160771568,-0.31640022139967455,0.1550000471189161,-0.6486258188228256,-0.5257138573062058,-0.30884052853341026,-0.25688446549229155,-0.5114260481699968,-0.5112983023450218,-0.7774254530296095,-0.27521458030745805,-0.9576388673429853,-0.31043460756167307,-0.3184935555312806,-0.022312269541136565,-0.5161763821629737,-0.20846387212768241,-0.37513207052807307,-0.11689560919259359,-0.18882584515505269,-0.03659385455395558,-0.3889343703884132,0.6793793327748836,-0.2102335281740598,1,54,train
-0.13879910107592336,2.381764428913968,-1.175938207282783,1.0452678365016985,0.3262812298588795,1.2003774168231636,-0.41078705994655396,0.003376464870422114,0.3439584230179866,-0.9096849750360816,-0.6152094219754485,-0.7908151025263517,0.043002101241132754,-0.4707400384965671,0.18616873832175093,-0.798194305793811,-0.42471953567013526,-0.4713408549308671,0.3247540337698769,-0.1837542379411838,-0.8183661746043156,0.3669107438738956,-1.4583425914457289,-0.32041309147771435,-1.2138198573980268,-1.380885272438158,-0.5059550847937365,-0.21878831699206241,-0.4571532959587151,0.00686820009315737,0.5301622299931075,-2.191887013067315,-0.35701368648267595,-0.5436171212757587,-0.5451338240902673,0.1774602657396339,-0.8012448156638269,0.32069253058102243,0.09566359736932753,0.41482008603448084,-0.4464067269099917,0.030570563757870456,0.4961544750469563,-0.049855287775649876,-0.07474543191128061,-0.11516018401738437,-1.44468642638293,-0.6369764576472566,0.7434480425980071,1.344090829768223,-0.5004173210451162,-0.495509956883775,-1.238609804449246,-0.7525196361242017,-0.4520316504506347,-1.2997652766316563,0.2604115890642681,-0.572324695663162,-0.5169496337227628,0.3698169384479023,-0.32512011647746575,-0.29572031952518685,0.26210892794273083,-1.2476968597390747,-1.6499167241262012,-0.9306519880040909,-0.32814600860360293,-0.7185534660714122,-0.7545577708434171,-0.7612398965380878,-1.039436280974349,1.5618323523214948,0.2303507029078999,-0.8898145030036267,-0.07507868341022082,-0.6340348366085665,0.00014790819850321824,0.16142873719735765,1,54,train
-0.6269277797397308,0.21715511786858152,-0.3360215375218609,1.9379977697106943,-0.2991341594116564,-0.32020606211979663,-2.0528444874836147,-0.46331105229629577,-0.9825507748651564,-0.41598070032735485,-0.5378253430647174,-0.2839089105471498,0.6835867074696488,-0.7179041409790186,0.2334522618302992,-0.7754161129027196,-0.21846074443360056,-0.3931043952466769,-1.37874604165129,-0.8568241678793084,-0.24115095836618688,-0.09356595754046088,-0.36895573843420626,-0.3255651659719791,0.3551056370101829,-0.47422691274137974,-0.5304327589933595,0.2642077251364511,-1.0633447441472141,-0.3604672928013111,-0.9811465618485061,-0.32561468664355714,-0.19794887441147296,-0.831274310491445,-0.500926174099476,0.45213920919276485,0.1425176899239573,0.31245282396106977,0.27785234383767526,-0.3627500591008206,0.20093800330739162,-0.20238278456963132,-0.035063838607410185,0.19082311350492717,0.4672339950598727,1.4333405153529704,-0.46513695303455477,-0.47688761316432926,-0.059575216622812385,-0.09906795647762327,-0.5859773748475483,-2.9340359988741036,-1.0315717042750143,-0.22881266936605427,-0.23583185387906494,-0.8080827490156656,0.2935409308185216,-1.5122158036753806,0.00013955770037318008,0.31015474354844624,-0.24970176538858904,-1.1996300395605808,0.29129410644415543,-0.592279229915647,-0.3410948747396662,-0.5096566703173376,0.1677732205704339,-0.4265097313771161,0.10424868130123292,-0.23495595583087572,-0.7320440484335089,-0.3922986680717916,0.06958852137989367,-0.589390792497095,0.3922370955587142,-0.5196546190391617,0.7954872685999058,1.1593164634000674,1,54,train
0.005420735802019702,-0.4534196547140102,0.12916307957649587,0.7074392788461205,0.37260829573077103,0.4893326134487714,-0.07690684681018405,0.21151584534895831,-0.14601344286677792,0.07956575451088213,-0.470898572114896,0.03763606197697088,0.0034154120921795145,-0.4419042265402811,-0.7267669848048348,-0.24696203782939966,-0.5090981320850813,-0.6334020928481181,-0.22550614533135113,-0.4864576455853139,-0.35659400161381266,-0.11950830691591759,-0.4485647776927406,-0.5986251141680116,0.45414080110904,-0.5446067854119059,-0.7507318267899666,-0.5420533845583904,-0.18436714427389062,-0.8462981059843179,-0.3666583717590588,-0.4261062734509903,-0.34055870592358606,-0.29910851044242537,-0.5500457852003553,-0.0056590298957867645,-0.46253250537618645,0.27125429086130665,-0.18331292066033003,-0.632447812143245,0.14699260912260967,-0.47601052704955404,0.09228301740562288,0.14896600023873988,0.048967263375613065,-0.03591921006239819,-0.6392790816298215,-0.6809224149562956,0.032198870145281264,-0.7919193643942474,-0.5859773748475483,-0.29368183776212653,-0.44897612006380505,-0.8699022321217176,-0.7125801232420137,-0.08297518303652733,0.07669433024522607,-0.5376423669542241,-0.5826813105985852,-0.37347457300782094,-0.3143460663219119,-0.44294803907640634,-0.8809772300297338,-0.44416225142447685,-0.4289352673159437,-0.9414467397396487,-0.4910908981893579,-0.40650673585010955,-0.10367288079694552,-0.6567865953290227,-0.3604710200874385,-0.5668257430995961,-0.11689560919259359,-0.6125003086899051,-0.05308735263521211,-0.33991427714438255,0.08722886006726994,0.07487725074100017,1,54,train
-0.29728243830443224,-0.27177411812278895,0.3423726957465761,2.0659413511206792,1.054277979274318,0.8441803995729937,-1.2512441481863816,-0.009632246409486398,-0.7405524752513397,0.10351409619451439,-0.6298496531207218,0.10572793851149054,0.14376821907483192,-0.8826802093006529,0.033406585447979614,-0.05106957896601381,-0.28096340844467166,-0.8010516493142399,-1.151393033519645,1.1908753544192188,-0.6059509750286842,-0.2232777044177444,-0.557503462993893,-1.160201234042871,0.16224768587030325,-0.24652732468967742,-0.809478244869062,-0.20357584322423522,-1.1492218659739182,-0.3189939307003227,0.6630245413637987,-0.5361684875734171,-0.7464482263811386,-0.7449771537267391,-0.7710840351543118,0.23850003095144076,-1.322340677644812,-0.527997251274098,0.010262622462289496,-0.5343759019459997,-0.2791760049371677,0.23024486232430055,-0.05325624660927205,0.04432321707327158,-0.2043492079261216,0.7829041874724588,-0.21263086657141803,-0.7499803478704995,-0.23547554959499187,-0.9778063274938293,-0.9816926236837966,-2.0493099972449595,-0.0541592778710847,-0.20172437798201215,-1.0396516103631064,0.21501422763983083,-0.34194007919488606,-1.0370679003629306,-0.22773025546914438,0.3051828939734916,-0.3646249670478297,-0.24093791225031447,-0.034607053488419574,-0.240501405999118,-0.2664305410498303,0.013888788857214503,-0.4344144148551823,-0.47851751974733325,-0.5149959710346463,-1.88612160186648,-0.02943323119730307,-0.5181870500590604,-0.08474317288699235,-0.4776947975651794,-0.058585185328964284,-0.7157349920152845,0.3891094932123279,0.736741558936675,1,54,train
1.4222617706248892,0.19899056420945938,1.1952111604268967,0.017406480230471717,0.9070240913243771,1.244902043979435,0.11018120365416118,1.2977432372213191,-0.5926646254873407,1.3101420810236788,-0.523185111919444,1.2349182243756083,-0.6479655639042329,0.4767223543528303,0.6335436145949384,-0.18773873631256208,0.5784482217075562,0.623969580647795,0.20613507300554032,-0.3903047984512961,0.5808035095569085,-0.5994417703618665,-0.28934669917567196,-0.5316481457425697,0.3498932599523483,0.9126705781189889,-0.412939922835169,-0.44317230506751354,-0.10859321325032825,0.4097522890741873,-0.4773769645679682,-0.024139926221257806,-0.6038383948690256,0.9330231166980973,0.8253033256242632,-0.5855367994079522,-0.23093434449574865,-0.3384839990151876,-0.7583461517010527,-0.1771139433703207,-0.8348135650404217,0.40773312771668285,0.09228301740562288,-0.45796214212097625,-0.6167248588824338,-0.1910994507242461,0.5579480524626371,0.6186223226109975,-0.9161333597916864,-0.24101800102639503,0.9861886137721411,-0.28262276274176223,-0.38156836651870646,0.3310120192374827,-0.46866240403306314,-0.3958640642467034,-0.4503633794815338,-0.2671202030245081,0.29812315953743457,0.41953543419744904,-0.18146611440341487,-0.15534040088332637,0.6609730341288674,0.640794616023344,-0.2312943840193193,0.1920021924939178,-0.321061448186831,0.33360409864913404,-0.65963705771164,-0.3233395183923922,-0.6003045202017203,-0.3865764688905521,-0.817818720654701,-0.3390377004083186,-0.48741613544163415,0.4389605377329937,0.21494758947479448,-0.1440470973544923,1,54,train
-1.5905064700890648,-0.17792392421732467,-0.8873514540828764,-0.6568130667502351,-1.0916578934343724,-1.4090355807595205,-0.26111661957507776,-2.3186784985932474,2.8580518690059704,-1.0110048821591413,-0.7427885790985456,-0.9307817376250865,-3.4442253337893844,0.7280058585433227,0.49896743230137797,-0.09662596474819656,1.1190962654033214,0.5457331209636047,-1.4907750601509413,-0.2514173525910482,0.807071874322255,0.5031080780950433,-0.3228662946529496,-0.33071724046624384,0.3290437517210099,0.477971364565739,-0.27096941247735545,-0.08187605308161765,0.4773918533318875,0.2912569687856491,0.1426471551619245,-0.2538349817811049,0.553495237786969,0.3768858842144373,0.9923100033672527,-4.281833692789591,-0.21645945944072129,-2.060582682585286,1.6044141540603327,-0.1736113751489905,-1.8004361209480186,0.7294306087403758,-0.7918680114848637,-1.6665862876821347,-2.384049077266629,-0.6137179784841723,0.26190643385068374,0.9639119871820174,0.23104272480948418,-0.4438037789532118,0.6813809221009768,-0.16373770627284598,-0.07823347556576277,0.25426186031603004,-0.3356163753736356,0.05112005176783385,-2.7664055439379815,0.3849075767035253,0.5347571962903951,0.8247411745562547,-0.027038062173810197,0.5602547941446939,0.5880100878753058,0.24087877409718475,-0.23568640364813317,0.02468354059277228,-0.10852463568367235,0.8856867751945158,0.9314148957352907,0.04626447050122232,-0.19157418902104287,-0.24924368854080428,0.3203775245635834,-0.023207645773246716,0.9750073610964451,0.9128214390919568,-2.0549625559043916,0.3498055018376651,1,54,train
0.3445750774710287,-0.0719640278724456,1.0616859462597759,-0.16516469773658535,0.6141708534913484,0.38544181675080513,0.7016672708914372,0.46681180421716295,-0.14153199287392948,0.8661766698117267,0.8718197700658963,0.7885381448715348,0.03580452139586853,-0.45838183337244454,-0.21392261444288824,-0.5567454611482423,-0.3340906728540821,-0.270161387171521,0.018321718462007395,-0.7535488876242522,0.05900095407764007,0.5355360148143642,-0.4192351316501227,0.08144871907493723,-0.1087959211370951,-0.4121270250909155,-0.16326764599901417,-0.5991001611877423,0.1843993200407796,0.04241679617971884,-0.5825596277364321,-0.3638971959035317,0.44928036091273255,-0.45731996451105283,-0.10796928529244215,0.04859853918137491,-0.1440850341655845,0.05290206543256208,0.8471921765512621,-0.5483861748313205,-0.014843573431736175,-0.4944988880279272,0.09592149900599524,0.22221594845456766,0.08431374774329697,-0.16798749998737514,-0.186509547282128,-0.4266636619539991,1.1564314330544283,-0.6398300309491347,-0.5806298714848963,-0.4263907380064981,-0.37193868744083525,-0.26944510644211744,0.05243454154969474,-0.48029439727167156,0.03452971346708527,-0.43706361369830404,-0.03491733663339875,-0.010529554036129997,-0.2676585156478454,-0.3196876227079435,0.2475163386920185,-0.42194470465080136,-0.44211132620238536,-0.09405872849836326,-0.42024529402163835,-0.21847857789624767,0.19916939443301004,0.14268290238651307,-0.262510858068929,-0.46668725742790496,0.8798299162810453,-0.3197797702476435,0.8045745475901276,-0.3617009852528406,-0.17401399553903021,0.7112852393906876,1,54,train
-0.8773314525607747,-0.15975937055820255,-1.0251839332231303,1.0653937931279884,-0.0923169010549977,-0.03147060116700739,-0.964855517090961,-0.6893374107847061,0.015318756875766488,-1.1067982488936705,-0.4081547243494384,-1.0858799008426034,0.03580452139586853,-0.705545935854896,-0.03933729687286387,-1.2810919950849482,-0.4528457344751173,0.35573029030200015,0.19295518847616958,-0.36537628252766186,-0.15341424549799132,0.1788287109018345,-0.3815255867381854,0.04538419761508389,0.40201703053069415,-0.5942866955322773,0.3507635121930693,0.2566014882525375,-0.2803474569037363,-0.3960158888878726,-0.5299682961522002,-0.08156369011121958,0.03790584693548327,0.0316972571556138,0.14745269243212986,0.17067806960498869,-0.3727882180350168,0.23417561107151985,0.39741370870752857,-0.3837654684288017,0.006734584242176603,-0.5684523319414199,0.17232961261381508,-0.2382122974734928,0.2610461695817165,-0.0788414042880157,-0.5086724851833714,-0.608725485091446,0.353408173833609,-0.41676567522963626,0.05037552530804027,-0.9848740265348953,-1.2145356067545678,-0.8744169473523913,0.45711621205545355,-1.2898322962757778,0.05260026351485989,-1.1619242837151071,-0.7009983289750654,0.11873853491269144,0.00887543834470252,-0.9051746004581419,-0.1513477674941181,-0.5108148917455034,-0.23568640364813317,-0.6553858187473676,0.015455171609836869,-0.4985205152743398,-0.13983315246619393,-0.4719846008822155,0.06177105757855056,-0.4752705561997642,0.10174095768549493,-0.36985038866539877,0.3592500993962012,0.3027936120551307,0.04078568573726102,0.23270643192612264,1,54,train
1.2194030989723978,2.2697496813493814,1.800381889152074,0.2589179597459488,0.9219149339260565,0.42187105715139067,2.0170401795407567,0.8586992315244069,-0.11314947625255592,1.4151463484057587,-0.5043619575898067,1.2254610193013695,0.14736700899746402,0.3490209014035637,0.45168390879282966,-0.05562521754423208,0.07217664321788014,0.9648570121289091,0.1105809101676025,-0.17307058825962626,0.2714161536532715,-0.2751624031686578,2.0779747314070596,2.332905273068639,-1.0730856768364931,0.022572188462334403,1.9662900093681888,1.1046969008089036,-0.08333523624247412,1.428812043555616,-0.1950445529052492,2.880545463879309,-0.4612285633569124,0.4871544734137837,0.3488430979457347,0.17067806960498869,0.1946272761220558,-0.2890457592954718,-0.44520924370857995,1.2554364591537255,-0.21983607133390753,0.22654719012862592,-0.5371742994587976,-0.18589090589075866,-0.12187407773485916,-0.24392676669423688,0.022461007032192025,-0.12845895164266374,-0.854950635279624,-0.011194119376002653,0.6920759288262809,0.32839113213336546,0.08547106875804811,0.5116006284644301,2.6690064385184367,0.1256174044369234,0.010435646736719102,0.10051248129023416,0.7012774443758119,0.6631560633702279,1.0108621028112073,-0.23751401179563494,1.4392444608335242,-0.1405224455175782,2.4346615306707036,0.9908138209251932,0.8301796195386117,0.19358312996008795,-0.3839149862336208,1.3238086929813249,3.0985360801523436,0.277198636133229,-0.6506260518655744,1.7562251010731338,-0.39395297964784715,0.7494211282785213,0.02917489215475879,-0.9688318506444872,1,54,train
-0.5809676119434632,-0.8091421638718184,-0.2972561527636645,-0.5231192120184531,-0.63500538698287,-0.8302154277279944,0.5448011362713324,-0.48607629703613564,-0.34618487588067565,-0.29808117203870366,-0.5252765735116259,-0.2895832335916931,0.3273065051290696,-0.1741431155176253,-0.34486160262040655,-0.20596129062543517,-0.130957014818101,-0.3875160766978062,0.1698903905497708,-0.4259169640564879,-0.4674193231315334,-0.21679211707388021,-0.13012862065860326,-0.47497532630565725,0.6157244899019121,-0.6398266131426178,-0.412939922835169,-0.869121570566675,0.20965729704863373,-0.437489250988861,-0.3832661606803952,-0.13420214034368455,0.20245565252638295,-0.51485140235419,-0.5500457852003553,0.36397065944237716,-0.60728135592646,0.3495315037508566,0.1753711739492297,-0.26818071712490554,0.4490868165573886,-0.3539873445922912,0.16141416781269796,0.060019634548091824,0.30228373467734776,0.030114934900090283,-0.38677299516668473,-0.203794878458159,0.016903189017265657,-0.13962511206298664,-0.5592398580342882,-0.4098021254759517,-0.1841599454223463,-0.7796079275082438,-0.7070365387145375,-0.48029439727167156,0.5284580814395917,-0.24631080579914533,-0.5476244162648133,-0.07516359851054072,-0.19942286466267123,-0.07659069042569736,-0.34105142775337816,-0.6330113990007187,-0.13906197181422789,-0.47187503924288543,-0.8559457596531136,-0.022449221731583157,0.25792983589553875,-0.6286645526958129,-0.9786334217904464,-0.04896671719742206,-0.09760414740923284,0.12315262344788415,0.24379561282740544,-0.5741213893103069,0.02917489215475879,-0.3629714454499848,1,54,train
-0.9201219536124722,-1.334400507181433,-0.44370316185018427,-1.7364268829176355,-1.6326918412953915,-1.1972062939857453,-0.8151850767194848,-0.8291810570437227,1.8452441706222193,-1.0017939815115904,1.0140391583342667,-1.1861262746295351,-1.3965138678117122,0.5467521833895249,0.560799732274095,1.1516190056836109,0.3534386312677002,-0.2533964315249088,-2.344172583427696,1.2799057684321982,0.02667690196830486,-0.7226679298952859,0.5444532383216087,-0.30495686799492006,-1.0157495292003127,0.3537715892648105,0.16962872311585894,0.1463110534357903,-1.4977819486823052,-0.15310048229636924,0.8069587120153809,0.08113697424367212,-1.218157669075051,0.3768858842144373,-0.08340947974200254,-0.8907356254669866,0.14830764394596824,-2.0811819491351677,-0.4793696336713952,0.9086822052420371,-0.538113897024121,0.7811980194798206,-2.0580596084144496,-1.4834614171425653,-1.5298423717142682,-1.1717065034171998,-0.09943848298449466,0.22938670073093867,-0.12075794113487481,1.2426979408048147,0.17871560601168837,0.6269861576832017,1.009920260233686,0.741851105228788,0.1300447249343608,-0.08297518303652733,-1.5225493489828283,0.9120789730793821,0.622399432124825,0.6059797932582491,0.504481745500178,0.6595479073304001,0.5150471416217443,0.25569047194630173,0.6295414632282005,-0.23978787692839323,0.29883758828071505,0.33760469775453533,-0.7455177029261051,0.5524612378989988,0.46036757889524416,0.6405582841419367,-0.4962943575986884,0.7278516304930828,-0.9107492528605518,-0.3508076311986116,1.6721021840788242,-0.6429909604558472,1,54,train
1.4587129381874462,-0.657770883379134,1.1779821005343651,0.5363686475226576,1.3487857551742,1.073549690984088,0.9276120702983772,1.287986703761388,-0.29688892595934263,1.2880359194695565,-0.5901118828692654,1.1365632916035244,-0.38525389955208866,1.0863938071428774,0.7681197968884989,0.10837777127162583,0.5753230885070026,1.0095635605198747,0.13694067922634398,0.19373471747384904,0.9132794741100707,-0.6124129450495949,-0.9764984064598632,0.7048497328809735,0.49583981757171663,0.7263709151675961,0.6836598813079424,0.4505605287923342,-0.24498628909274053,0.45715041718960264,-0.08986188973678526,-1.134332694760519,-0.8067831550978019,0.8035773815510385,1.0021339255874284,-0.14469405065601357,0.46096516113455926,-0.4167612119047375,-0.5078366253070745,-1.0562585669241975,-0.2845705443556459,0.7922910360668445,0.288761023825731,-0.3219265240058674,-0.27504217666148945,-0.2901506681679788,0.5623016056775187,0.5935103470058324,-0.7631765485115303,-0.8933122533576556,1.066401164211921,0.11826870674644371,0.40325047832779864,0.8772925621489986,0.6400545014621665,0.23488018835158805,-0.2967637040754495,0.18375007019168524,1.0474642759218096,0.47919762909690505,-0.8494572240477514,0.12199553594571498,0.6220594627936346,0.5408156555418041,-1.2238908201312553,0.9314426863796255,0.36614091224004863,1.0257077438835618,-0.7274375670914808,0.8537688375405325,-0.8164924639667067,-1.076101470229911,-0.8564016442214224,-0.9899557398391373,-0.7678056028229951,0.82022792963101,0.2613907638048034,-0.3986102928143673,1,54,train
-0.2956976049321472,0.1369283392074588,-0.6009183333695364,0.11947383169236976,-0.3471157633504012,-0.496955339618934,-0.34314753400944453,-0.17549331522831993,0.23640362318962369,-0.6738859184587793,-0.3370450302152531,-0.6130196471306615,0.01061299193744374,-0.5448892692413025,-0.6540231024839913,-0.798194305793811,-0.4059687364668139,-0.5048707662240914,0.04797645865309154,-0.5363146774325824,-0.4766547665913434,0.010203439961365935,-0.04632963196540922,-0.4955836242827163,0.2143714564486491,-0.3790070850106679,-0.5108506196336611,-0.45458166039338394,-0.260141075297453,-0.8877714680853063,-0.6545267130622232,-0.32561468664355714,-0.11567397161602312,-0.327874229363994,-0.2798879241455195,0.20458905027821472,-0.12671517209955166,0.2506550243114251,0.3177061321276264,-0.4818373786260469,0.04449636017152397,-0.7126615475727305,0.07772909100413337,0.3582515665696764,-0.039398947543596706,-0.2703404246792323,-0.29099482443928804,-0.6150034789927372,0.4375344200376949,-0.6736276606036042,-0.4736798042318562,-0.4098021254759517,-0.7474961714778131,-0.4319748547463701,-0.5906212636375384,-0.48029439727167156,0.16403532214280342,-0.43012714795651646,-0.4073968389297255,-0.29143905502106887,-0.29998066611450686,-0.466915342259163,-0.4334711596745562,-0.35158913986749557,-0.20494226624643605,-0.444888159903991,-0.7425927929847623,-0.3064917582150766,0.18108925859838584,-0.3434266917018278,-0.3503372102234547,-0.5067426516965814,0.3782519099136657,-0.4430305232759642,0.07886063201484014,-0.1601739352496034,-0.1682085987477791,-0.06258687480733231,1,54,train
-1.3607056311077268,-0.6653394474037683,-1.5183657726468514,-1.1355233207898414,-1.9222360029947139,-1.383400189366516,-1.2095091215443354,-1.1983032396111268,-0.08177932630261672,-1.7405082134451706,-0.5252765735116259,-1.7157297587869103,0.25173191675379525,1.4241847472022278,0.811766126281005,1.0149498483370625,0.5878236213092168,1.2275079839258332,0.1534155348880574,0.9487126283039146,0.9825453000586462,0.6782189363793761,0.3936150586738595,0.5554395725472955,0.3603180140680175,1.1859100837810317,0.9822875065433433,0.9601784000145452,0.4824434487334583,1.0496270186322938,0.5135544410717711,0.3634704800359842,0.8277449137718018,1.2494460248353523,0.9481023533764613,0.116420500527827,0.802572448433205,0.19709693128173303,0.5739090568487405,0.30974303939457526,0.2440943186552172,1.1546629112429583,0.23418379982014542,0.4315015147855042,0.4318875106921888,0.010304691411343742,0.7843328196364838,0.9011320481691047,0.3304646521415856,0.201730947447155,1.3712088558830855,0.7099292203359339,1.3132551511866297,1.3332788004470406,1.2775667221219233,0.9450882837969083,0.055612021856155665,0.8704601786286567,1.4374722253850223,0.6333249659204999,0.2279477915076301,0.6835152105131568,0.9625532119769219,0.9370285730056841,0.46703673696208703,1.1203508417518866,0.7132843726618744,1.089717329569983,0.46585139799371716,1.4242445595285027,0.16986502946104376,0.16561575209905888,0.539014091441672,0.2502549625083399,0.33176093592744027,0.6949543580073761,-0.10434923404401684,0.6094599612067376,1,54,train
0.39687457875643667,-0.053799474213323484,0.738641073274806,0.04040757351766001,0.5248257978812718,0.04678480413795418,0.29583011526878067,0.5643771388164768,-0.3297528925735646,0.626693252975404,0.8153503070769844,0.4651017313325665,-0.13333860496784078,-0.5943220897377929,-0.5158097260743887,-0.1285154347957245,-0.6684799253133126,-0.4545758992842549,-0.017922963993762114,-0.5149473780694673,-0.4258598275623881,0.2112566476211554,-0.415045182215463,-0.5058877732712458,0.13618580058113033,-0.5073468528216274,-0.5402238286732087,-0.47359725260316793,0.17429612923763796,-0.5322855072196916,-0.5050566127701955,-0.5361684875734171,0.29021554884152945,-0.6107371320927522,-0.30444772969595907,0.03503414691208449,-0.4885872984752357,-0.317884732465306,0.6251496417929633,-0.39427317309279225,-0.04721080994260534,-0.5129872490063003,-0.005955985804431199,0.1228053044473728,0.3553034612288736,-0.002902137581153953,-0.5043189319684898,-0.5522235399798245,0.4451822606017027,-0.6094121642601122,-0.39346725379207614,-0.21350354386448533,-0.11675219187724768,-0.2559009607500964,-0.612795601747443,-0.25680233926440293,-0.1130464452564075,-0.4023812849893661,-0.2803155969698023,-0.11245247032270075,-0.3538509168922759,-0.28202471770646875,-0.14161937466030988,-0.4737856471227109,-0.5387357580362906,-0.22359574932505658,-0.476921777355814,-0.4185085331663135,-0.1805134580940984,-0.37958360365881183,-0.3435813369807989,-0.4981593529247222,0.16604583029669745,-0.4314757651795591,-0.07507868341022082,-0.17651396633094696,-0.24948415382529468,0.12578988983297515,0,54,train
-0.1800047687553357,1.1057045343606389,0.577118636782321,0.3753609945123395,0.5281348740149784,0.17766022335487267,-0.1402289561981163,0.14972446676939288,-0.2162228260880704,0.2840477488865115,-0.3872401084276192,0.2040828712835745,-0.03257248713414161,-0.6849489273146917,-0.4830749790300092,-0.36996427944129306,-0.3372158060546357,-0.6613436855924717,-0.11347712683169991,-0.33332533348298926,-0.42124210583248306,0.23071340965274792,-0.1971678116131585,-0.8150122429271317,-0.15049493759977176,-0.45352695019122496,-0.809478244869062,-0.5002190816968656,-0.21972831208488638,-0.7988999778689025,-0.27254756787148576,0.08113697424367212,0.17503068492789967,-0.8025085915698763,-0.692492657392905,0.06555402951798793,-0.4133178961890934,-0.05421412062682204,-0.06944495411761266,0.09608637789343386,-0.0957616647089091,-0.7829173192905484,-0.13694132341783663,0.09141246949773231,0.02540294046382379,0.03341664214821471,-0.3737123355220397,-0.6934784027588781,-0.07487089775082799,-0.308613260335334,-0.8426575362548445,-0.3075056815375819,-0.38156836651870646,-0.6893136228947702,-0.7070365387145375,-0.14753955534973826,-0.013658419993647065,-0.4058495178602599,-0.5520065280565347,-0.07267767372306339,-0.23533636518118395,-0.172459903156724,-0.5842612485985834,-0.49230026943410715,0.1200671862857908,-0.07786660089502659,-0.48400633777258595,-0.5745318982769648,-0.09915284683828947,-0.3675312996731505,-0.5361237243964899,-0.19202169672840935,0.12103241946885568,-0.6394614109148503,0.19431511858363584,-0.3943810474155277,0.1859206055185389,-0.32224133417640477,0,54,train
-0.2655857708587305,1.5749555038879601,-0.8895050865694428,0.3897366778168322,-0.07908059652017155,0.20734330812572016,-0.717323634938135,0.008254731600387807,-0.22966717606661577,-0.5209849677094348,0.9533867721609911,-0.5089903913140342,0.23733675706326682,-0.5490086709493434,-0.3921451261289548,-0.5658567383046789,-0.34659120565629636,-0.4098693508932891,-0.057462617581874306,-0.4223557474959687,-0.4766547665913434,-0.041681258789547475,-0.838230075116093,-0.41315043237448007,1.3037582615360772,-0.7226264633432368,-0.6136568512720778,-0.13131659282705602,0.30058601427690856,-0.5145112091764108,-0.5272003313319774,-1.3018186727729075,-0.23085883552965292,-0.557999980736543,-0.6826687351727292,0.1740691676723113,-0.5609617237503726,0.11881971839218308,0.08997019904219165,-0.4538168328554054,0.36816872528021566,-0.5499639709630467,-0.43165833304799883,0.060019634548091824,0.21391752375813797,0.19189859005818702,-0.6915217202084015,-0.5679185247330527,-0.4113758825671714,-0.08554890461583549,-0.5378498445836802,-0.5259224131897768,-0.4537909596027407,-0.5990193182812964,-0.352247128956064,-0.5001603579834287,0.0014003717128317893,-0.2948660659916585,-0.5344780808896488,-0.09256507202288207,-0.21019691481822506,-0.4703392427138425,-0.13675517824340577,-0.651526021312115,-0.8681372301973314,-0.8011149671773976,-0.3989916127713225,-0.40650673585010955,0.08616854546660871,-0.383601038320699,-1.2556242247393352,-0.16913290000345138,-0.13618707097595434,-0.8551502287144116,-0.3829573142603428,-0.28544750687323733,-0.0462952661315057,-0.2102335281740598,0,54,train
0.937302758705652,0.8014482605703432,-0.17234546854280947,-0.13641333112759998,-0.6002600875789513,-0.36068299589822506,0.45701366643806274,0.657064206685825,-0.40145609245913993,0.015089449978026012,-0.5336424198803535,0.016830210813645424,-0.266493832105229,-0.878560807592612,-0.3048524673439426,-0.5931905697739887,-0.5903515952994737,-0.5886955444571522,0.12376079469697324,-0.49001886214583307,-0.564391479459539,-0.24273446644933694,-0.07984922744268684,-0.49043154978845155,-0.36420239697098966,-0.6315466281225559,-0.3297158305564507,-0.3176693964829392,0.0833674120093631,-1.101063044604675,-0.5078245775904183,-0.10549025839870366,0.31764051644001273,-0.649091423988177,-0.5353099018700915,-0.09043648157885188,-0.6217562409814874,0.3577712103708092,-0.5363036169427539,-0.6219401074792543,0.07686359668239313,-0.47601052704955404,-0.1551337314196985,0.22221594845456766,0.30817481540529507,-0.0095055520774028,-0.3693587823071581,-0.6181424759433829,-0.5184456504632806,-0.5418169049511733,-0.6982749454632404,-0.17756155004830138,-0.5452729108425174,-0.5403280202825386,-0.6238827708023953,-0.455461946381975,0.09777663863429646,-0.45787301092366683,-0.35042938563734616,-0.025445102760994008,0.005284088292851248,-0.3710461295281363,-0.6231748199338163,-0.7440991328690962,0.05418689185358266,-0.5636304289951265,-0.20416620131009375,-0.7345558624930175,0.09520861338392081,-0.7411527232286521,-0.11725958335182879,-0.6383532328650897,-0.14904804549819486,0.02301138661237356,-0.29499199116030794,-0.4488478176866729,-0.10434923404401684,-0.08295193044412232,0,54,train
0.7930829218277088,0.15963403128136144,1.4385716314089074,-0.7675058281948287,0.8375334925165397,0.22488331276303913,1.3766233914128057,0.8717079428043154,-0.7778978918584102,1.3433013233548619,2.406952578727425,1.1214317634847422,-0.3924514793973529,0.17600602966584764,0.38257722058802834,-1.4177611524314964,-0.04032815200204787,-0.013098733923467663,0.6081215511513477,-1.1167929767972085,0.2760338753831765,2.4812122179736167,-0.24744720482907492,0.936693085122888,0.23000858762215284,-0.3790070850106679,0.7424062993870376,0.31364826488188946,-1.265408560210047,0.7474639518965213,-0.5825596277364321,-0.277761550068589,1.78213378619902,0.2474401490673785,0.35375505905582266,-0.321031150156789,-0.13829508014357353,-0.5939149042337191,1.627187747368876,-0.3102115357808678,-0.8294190256219435,-0.19128976798260744,0.04134427500040965,-0.6986405434015532,-1.0055361869269568,-0.7193726104241539,-0.3780658887369214,-0.4831656070656205,2.968969646724278,-0.369448993713379,0.1894106127369924,-0.8576946638007059,-1.537129855863254,0.3310120192374827,1.2165872923196859,-1.5530562757065607,-0.1250934786215906,-0.6451575859519317,0.5785783142076101,0.4990850273967238,0.026832188603958876,-0.8812072972753853,1.2106272292390312,-0.3441832909429371,-0.07318167738201975,0.5428316238995455,0.39447915390713645,0.33360409864913404,0.41161099048984456,0.7292283630220319,-0.12739339321581253,-0.5181870500590604,2.8668504799672028,-0.1040909524480822,1.2059163342340367,0.19386007151284035,-1.6950279548468223,2.386311065516665,0,54,train
-0.7109239484708405,-0.18700620104688573,-1.0488738905753614,0.04903298350035562,-0.48278788483236923,-0.3525876091425394,-0.9763686278887668,-0.5836416316354495,-0.3088394592736052,-1.123377870059262,-0.47299003370707793,-1.0518339625753437,0.23013917721800262,-0.5201728589930574,-0.17755067328246651,-0.4200763038016941,-0.27471314204356456,0.07631436285846392,0.04797645865309154,-0.447284263419603,-0.1487965237680863,0.2631413463720688,-0.1887879127438391,0.21540265592582108,0.21958383350648367,-0.49906686780156545,0.3507635121930693,-0.01341992112639526,-0.1186964040534699,-0.47303784707542246,-0.5493440498937593,-0.01935461256376099,-0.022429081781179958,-0.11692562393915742,-0.16691281861349724,0.29953979616324766,-0.31488867781490737,0.2959734107211645,0.590989251830148,-0.25066787601825463,0.29803971283999914,-0.5536616431587214,0.24146076302089017,0.3844122623610435,0.5556002059790824,0.4131129756825234,-0.3998336548113297,-0.42980265890464475,0.12397295691337493,-0.5350573790202794,-0.003099508318479775,-0.3628010566394034,-0.4441612805248695,-0.46809257659175957,0.3961367822532159,-0.356132142823189,0.3266702725727751,-0.5861976271467373,-0.48627485118071234,0.2007740528994435,-0.24611041533673775,-0.4121329349842906,-0.27781687433362484,-0.518220740670062,-0.3279188158532246,-0.585219932466242,-0.15811655860107604,-0.2704863662664648,0.23532966610225847,-0.07827600401727824,-0.28277847779689647,-0.38371536929993233,0.17890680481893795,-0.1426068127694324,0.4582110878837404,0.008673052590946688,0.2962231445523101,0.09524230637779016,0,54,train
0.06088990383199781,0.1021129446941414,-0.13142645129804661,-0.3405480340513961,-0.5489694075065,-0.3525876091425394,0.2843170044709748,-0.08118015844898323,-0.8122556751369151,-0.0714930161089522,-0.32449626066216164,0.11140226155603385,-0.1153446553546802,-0.5819638846136703,-0.4103310967091657,-0.5385229068353693,-0.6841055913160804,-0.44339926218651343,0.10728593903525983,-0.5648044099167359,-0.6382750271380194,-0.12599389425978175,-0.48208437317001823,-0.567712667202423,0.1466105546967995,-0.7350464408733297,-0.5255372241534348,-0.37471617311229116,-0.1389027856597532,-0.7159532536669259,-0.26977960305126303,-0.5792363104908883,-0.027914075300876612,-0.5867656996581117,-0.6679328518424654,0.21137124641285993,-0.5233270226073014,0.23417561107151985,0.14690418231355035,-0.464324537519396,-0.00944903401325798,-0.6202197426808647,-0.18788006582304986,-0.10740881851665743,0.36708562268476824,-0.2571335956867346,-0.5739757834065965,-0.4078296802501253,-0.08251873831483579,-0.47422164564223435,-0.7089699521885444,-0.28262276274176223,-0.5982361457708091,-0.8518433711990228,-0.7846467220992036,-0.46042843655991433,0.2393292806751977,-0.37810365489310954,-0.5520065280565347,-0.23177686012161286,-0.3969471175144912,-0.5216977495340354,-0.6523599984352408,-0.7663166796427718,-0.45967940471764085,-1.0062152501529953,-0.2395890033939535,-0.4665157224311293,0.08616854546660871,-0.5925076407388289,-0.5563913441244575,-0.5239092492402999,0.011714136029811412,-0.2966702540548333,0.1613281224211228,-0.323574246063039,0.09883965364977217,-0.3273325980856023,0,54,train
0.12903773884025665,0.987634935576345,0.4134425678032695,0.18703954322348537,0.4189353616026626,0.3867910478767527,1.5450026368307164,0.035898243070193396,-0.6912565253300067,0.23062452513071643,-0.45834980256180446,0.19651710722418342,-0.021776117366245275,-0.5819638846136703,-0.5085353378423044,-0.19229437489078033,-0.34659120565629636,-0.2869263428181332,0.008436805064979347,-0.2799070850752016,-0.4397129927521032,-0.13247948160364595,-0.13850851952792267,-0.12978633518991808,-0.30686624933480927,-0.3790070850106679,0.05703142179759303,-0.6371313456073103,0.2702764418674836,-0.44341401700328786,-0.4386254570848499,0.1385607381336339,-0.19794887441147296,-0.4141713861286999,-0.7072285407231688,0.12659379472979482,-0.0022311606263163276,-0.08717294710663255,0.1355173856592786,-0.14208826115701884,-0.4518012663284699,-0.29112691726582246,-0.609943931466245,0.08094819118118549,0.043076182647665745,-0.8085187061235133,-0.2997019308690514,-0.5679185247330527,-0.07487089775082799,-0.48098117157312825,-0.8961325698813646,0.046384719114075754,-0.08304831510469839,-0.44551900043839116,-0.10832940974711354,-0.17237200623943477,-0.28170491236897066,-0.2809931345080833,-0.08312056634233515,0.08393558788800876,-0.4292692679811526,-0.5319694508980739,0.014034910680621474,-0.5256265895946204,-0.13906197181422789,-0.35853014601952876,-0.42378757423002433,-0.45451392511492533,-0.28447423914318765,0.18285724900538422,0.7576260015721005,-0.08043881269423926,0.011714136029811412,-0.3737019746975338,0.15583028972737062,-0.5033145879578181,0.6271307616536236,-0.6939035995478222,0,54,train
2.5665114654147234,2.14562523134538,1.0315350914478454,1.6087946220378118,1.514239561859527,2.0584884129258456,1.1103827042135452,2.522188186442708,-1.4157576075071738,2.0378032321801975,-0.7616117334281828,2.167398644695558,-2.544527853131356,2.524065003249137,2.1066072315920192,2.645868459339205,2.69103826528176,1.652220193640008,-1.7378978950766424,1.4330380805345229,3.730089729352139,-1.7473907302258258,3.3098198651970123,0.5760478705243546,-1.338916906786057,3.1482665335357027,1.6236025705734665,1.059059479505422,-1.0027255993283644,1.493984469714312,1.8477134844191294,1.5645842080676848,-0.7848431810190152,3.9678064629235874,3.8608952916586,-2.328561206011771,1.2223441150289984,-1.7309944177871812,-1.652209689061384,2.1871196060275553,-1.207036784915417,1.8350345952470906,-2.574723995667327,-2.791496206710919,-3.2205825406351485,-1.016526262755352,1.2501630136288222,2.9948430142497435,-1.0384988088158114,2.229588726715323,4.093088067472956,0.8896391894168538,2.6902992593222153,2.2994278598112095,1.6157253782979684,1.168580341804177,-2.2032067341156725,2.1918569024391923,1.8230980630565137,1.115594374691103,3.549946589470056,2.52899755558542,0.733935980382429,2.9440136315610386,3.4711781630707783,1.1257482176196654,1.4429940955893856,2.5739395976738715,-1.4144827288072008,0.8497514028786454,1.6122439667680621,2.694827790206914,-1.5830467047280108,3.7744561819118854,-1.5649913434170608,1.7733964093760508,0.8709574268861704,-0.8110026694593647,0,54,train
0.42223191271299804,-0.8636358248491848,1.1930575279403304,-0.5374948953229458,0.29649954465552064,0.4191725948994955,0.7045455485908887,0.530229271706717,-0.30137037595219107,1.0485525026332339,0.8320819998144399,0.7979953499457737,-0.0289736972115095,-0.49545644874481226,-0.2648433320674787,-0.8027499443720293,-0.3090896072496537,-0.4601642178331256,0.2950992935787927,-0.6930082060954262,-0.014882593600840415,0.47068014137572245,-1.0393476479797588,0.2411630283971449,-0.3694147740288242,0.010152210932241551,0.03744928243789462,-0.283441330505328,-0.3712761741320111,0.00686820009315737,-0.7873890244329146,-1.1486886357330093,0.2353656136445629,-0.47649711045876525,-0.05884967419156292,-0.012441226030431974,-0.1527699651986009,-0.008895734217082608,0.5852958535030122,-0.8250890643164052,-0.036421731105648954,-0.4686151826582048,0.27056861582386915,-0.2068194625238523,-0.1984581271981743,-0.08544481878426455,-0.06461005726544132,-0.5271115643746594,0.865813491622132,-0.22749894916460725,-0.6447999118367204,-0.46786226933286423,-0.8630523204122679,-0.23784209982740162,0.01362944985736171,-0.5796242008304576,-0.12208172028029482,-0.49949180537439236,-0.039299448425120245,0.1585133315123288,-0.8494572240477514,-0.4224046363483292,0.4615409810357991,-0.21458093476316326,-1.2502429379041384,0.03008091646055117,-0.10498235547528637,-0.23048037521245163,0.18108925859838584,-0.3394092570399407,-0.7523116681614763,-0.7413528181274006,0.4940006806138302,-0.6433129969469853,0.3207652705399359,0.22654013367552744,-0.24367875703404357,0.5330910025687751,0,54,train
1.5902541080871087,-0.5760303919130846,0.960465219391152,-0.3218596457555556,0.8954423248564042,0.9561665830266457,1.0542562890742417,1.4831173729600156,-0.664367825372916,1.3893558265926162,0.8906429243955336,1.3238159520734534,-0.8063123205000459,0.4478865423965443,0.8445008733253845,-0.6023018469304252,0.5596974225042349,0.5960279879034412,0.10728593903525983,-0.5790492761588125,1.3519630384510486,1.3138064960780653,-1.0225878502411199,0.4420939336734707,-0.47366231518551594,0.734650900187658,0.8158393219859067,0.7814318332425757,-0.38137936493515273,0.5756457374781409,-0.8206046022755874,-0.6510160153533406,0.6741650952202954,1.3117717491654177,1.2133482533212092,-0.6194477800811783,0.41175055194746624,-0.6557127038833637,0.8358053798969904,-0.7410274270044808,-0.6891610007415104,0.21175650134592738,0.17232961261381508,-0.6620155692936394,-1.2941991425963755,-0.5939077349954258,0.17918892276793205,0.5181744201903371,0.6975609992139602,-0.42352520116053016,1.5262864533999938,-0.45403842555740886,-0.6271251830044228,0.656071515845988,1.033649002912973,-0.3710316133570069,-0.36603414592525224,-0.6833081475317635,0.8677976924612285,0.5488035231462705,-1.04339012684772,-0.6552298672665368,0.8166273194697988,0.5408156555418041,-0.9998978190617476,0.3863077237339578,0.7699608559960501,0.8736849778783118,0.6059724507120549,0.5163043259420148,-0.76244547802546,-0.7871304115773166,1.3492554863428237,-1.0400263582568927,0.9640116957089407,0.6295942336820018,-0.6442511356303705,0.7112852393906876,0,54,train
0.1496405726799628,0.06275641176604348,-0.5793820085038717,0.4256758860780639,0.03342799202585078,-0.07599522832327864,-0.5590183614683044,0.2684289571985581,0.19009530659685628,-0.03649159364825888,-0.37050841569016385,0.0603333541551441,-0.054165226669934285,-0.5160534572850165,-0.6976694318764974,-0.4565214124274403,-0.4465954680740101,-0.7004619154345667,-0.03769279078781821,-0.3689374990881811,-0.41662438410257807,0.06208813871227934,-0.4192351316501227,-0.32041309147771435,0.1466105546967995,-0.7267664558532677,-0.6675077345112485,-0.6485407009331807,0.027799862592084033,-0.89962100011416,-0.4303215626241817,-0.19641121789114316,-0.03888406234026993,-0.5627942672234711,-0.3928630296775417,0.05538073531602012,-0.22514439047373772,0.30421311734111717,-0.20039311564173765,-0.35924749087949037,0.01752366307913299,-0.8901498129651128,-0.01687143060554832,0.3006980358286689,0.49668939869960926,0.08954566536632991,-0.4041872080262114,-0.4611926284111011,0.4069430577816636,-0.28833468254265227,-0.5325023412210282,-0.346212444108857,-0.5597174294593242,-0.6667400467414017,-0.9010619971762027,-0.6044566517201541,0.03452971346708527,-0.4162542164729413,-0.5826813105985852,-0.26657980714629553,-0.22097096497377886,-0.4532197404404449,-0.9004340156973503,-0.5811704565288092,-0.455287385088827,-0.5528356772595687,-0.6540357877751128,-0.3825031412177017,-0.1985935939287226,-0.5844727714150546,-0.225353555234322,-0.3436599750312559,0.10817144494661518,-0.2735607378620232,0.1393367916461141,-0.45974117174090195,0.09303425685852106,0.3141666544732826,0,54,train
1.2019699318772619,2.012418504511818,1.6087085978476583,2.3563301538714314,1.9890919870464152,1.8466591261520704,1.8889568219151665,1.1660300355122455,-0.5090108922875028,1.8664804801357515,-0.6716788849643602,1.8118077339041776,-0.5507982359931659,1.2552892771725526,0.9754398615029028,3.520551066357114,1.0628438677933574,0.9983869234221333,-1.0228891593582803,3.2314524435967074,1.3011680994220933,-1.2998852034991975,2.3796510907025583,2.09590984633246,-1.1252094474148389,2.684587372412236,2.705515770196804,1.1807592696480396,-1.5836590705090092,1.8376208985510731,2.658727176744391,2.1866749835422707,-1.3223725459492874,1.287800316730777,1.6357769087887706,-0.35155103276269245,2.0908372183306403,-0.9729414087515398,-0.485063031998531,2.4287968132993383,-0.370883175051297,2.300941291902094,-0.8173373826874704,-0.6934084042432799,-0.7109821505295909,-0.7325794394166516,1.907549549075954,1.0172749353429933,-1.4591300398362406,3.121846149593317,1.3016913121686093,2.656326423920051,3.975861416218024,2.2497659922737987,3.1346675388264327,2.916784884438812,-0.7515392136111109,1.5016785611313272,2.042203652642588,0.8993189181805747,1.2802133567000527,1.7278048491904112,1.565713567673031,2.170102418944675,2.878255513180905,2.016315235803182,1.1985767612107532,1.257742491996838,-1.1794409629570861,2.826329256527106,2.500641298177303,2.1426355692173034,-1.2872442907164792,1.2516673308634458,-0.5643857931541646,0.9890749174715601,0.11625584402352551,-1.1979387265583747,0,54,train
1.9706141174355298,-0.7546485028944521,1.5010269735193351,-0.3189845090946571,1.3653311358427327,1.0722004598581405,1.3607928640658227,1.8180916884176597,-0.56577592553025,1.8867444615603635,-0.6570386538190868,1.7531730624438968,-0.7991147406547816,1.6013190206479848,1.4482750965883855,-0.6250800398215165,0.8534599433562692,1.797516475910647,0.34452386056393297,-0.7998447029110015,2.0492390196667083,-0.9366923122428037,-1.3619737544485557,0.9985179790540651,0.6626358834224233,1.2976898815518674,1.7949462899708275,1.4469775605850155,-0.02776768682519504,1.8553951965943538,-0.6600626427026687,-1.0099145396656017,-0.8067831550978019,2.2274804681686855,2.372571075301959,-0.4702394651189837,0.6636135519049423,-0.7957877164225583,-1.0999500513292049,-1.3224537517452917,-0.759290013181727,0.8551514633933133,0.31059191342796527,-0.6463191518188192,-1.1056845593020612,-0.6698470017022875,0.8365754582150638,0.8822980664652309,-0.931429040919702,-0.308613260335334,2.777602240260563,-0.46786226933286423,-0.7330516528610063,1.5183821249046618,1.9150789427816803,-0.6640545338554258,-0.4142222793859846,-0.8844656540436036,1.4024153310512504,0.8197693249813001,-1.1295825280921505,-0.70316447363205,1.5511209784223186,1.1740157385915562,-1.518156135261785,1.1149534658841076,1.3473525299629643,1.5137808347425223,-0.8856387556444427,1.0345533973254526,-1.2590021613606632,-0.9359075902895434,-1.1200516219273526,-1.4251849614703949,-1.0591907355918606,1.7570563782947073,0.4703850482898435,-0.7091773912754148,0,54,train
-0.3305639391224191,1.5643595142534723,-0.618147393262068,0.4846161876264839,0.2385907123156562,0.5932234101467376,-0.6885408579436203,-0.045406202429234814,0.12137974003984661,-0.4638773836946194,-0.5001790344054429,-0.47683589406162213,0.09338516015798233,-0.6437549102342831,-0.4503402319856296,-0.5795236540393337,-0.39346820366459967,-0.7731100565698863,0.05786137205011959,-0.2514173525910482,-0.6244218619483043,-0.015738909414090767,-0.6371125022524273,-0.1555467076612419,-0.510148954590358,-0.9006461412745677,-0.5206416893135103,-0.08948228996553124,-0.3308634109194445,-0.47303784707542246,-0.3500505828377224,-0.7227957202157929,-0.3460436994432827,-0.6538857104751051,-0.5254859796499156,0.3368418749037963,-0.72887039038869,0.18061751804182777,-0.05805815746334093,0.019029877024169754,0.09304721493782772,-0.6534987924419363,-0.08964106261299577,-0.23298015831521937,0.17857103939045407,-0.20100457246861939,-0.7089359330679282,-0.7280073692159801,-0.20488418733896066,0.019223747313019866,-0.5806298714848963,-0.5038042631490482,-0.5741619480761311,-0.5945046030506228,-0.39105222064839706,-0.7584178472362725,0.1369294970711415,-0.5203012025997551,-0.4336895096800545,0.15602740672485146,-0.4184952178255988,-0.4874587449872401,-0.2972736600012412,-0.7885342264164473,-0.6924564450447763,-1.1681365261863619,-0.2750118054778133,-0.5545289027499583,-0.5059559031173342,-0.6808912033003455,-1.2454904148753516,0.33728172753624364,0.1724763175578177,-0.9475882934856521,-0.19603100267276874,-0.9118153649914071,0.17430981193603665,0.4567220439308126,0,54,train
0.9166999248659459,0.17779858494048356,0.7881746204658348,0.4702405043219912,1.115495887747889,1.289426671135706,-0.13591153964893907,0.9074818988240638,0.03921982350429159,0.827490887092013,-0.470898572114896,0.7734066167527527,-0.09375191581888753,0.43964773898046255,-0.046611685104948224,-0.2742958692987093,0.2753103012538613,0.07631436285846392,0.10728593903525983,-0.18019302138066462,-0.0010294284111253239,-0.4502732614529905,-0.037949733096089816,-0.5625605927081583,-0.08273403584792217,0.6021711398666676,-0.46679080607433965,-0.6789656484688351,-0.34096660172258614,-0.010906097950123364,-0.028966663691885074,-0.1533433949736718,-0.6641733235856887,0.07484583553796674,-0.07849751863191462,0.2724110116246668,-0.4683224593981974,0.01994323895275158,-0.5476904135970255,-0.3732577637648111,0.14699260912260967,0.5001749326085486,0.11775238860822948,-0.013230313667735975,0.1314423935668755,-0.07223798979176685,0.16612826312328705,0.22938670073093867,-0.3196017957990777,-0.3660692307479321,-0.035184528494391805,-0.33791813784358377,-0.27082705712318733,0.12333511862649318,-0.7181237077694899,-0.058142732146830814,0.17005883882539496,0.12825834425738453,0.4032938425387504,0.12122445970016878,-0.14555261388490215,0.08775653139891974,0.09186205335108716,0.5185981087681286,0.02344275445188552,0.24057857530392782,-0.6575780679834988,0.36560889149234455,-0.8856387556444427,-0.45591486223466704,-0.1780624425357312,-0.29788238158133995,-0.21978340537051763,-0.18882584515505269,-0.5973727893166777,0.041353114753633805,-0.34237050248531253,-0.13386456953609732,0,54,train
1.6393839426279464,1.500783576446545,1.343811801999983,0.8425707019083518,1.1502411871518077,1.0411681439613454,1.0542562890742417,1.3579085268908961,-0.18634649280241403,1.1351349687202121,-0.418612032310348,1.0136196256384193,-0.09735070574151965,0.7074088500031184,0.9536166968066497,0.691499509283565,0.49094449209205665,1.1828014355348673,0.0941060545058891,0.1972959340343682,0.5161554053382381,-0.8264373273971127,0.9550682829182595,0.8851723401802403,-0.3277157575661476,0.5980311473566366,0.3654501167128431,0.8004474254523597,-0.40158574654143603,0.5756457374781409,0.023624667892346896,1.1291206652354746,-0.3131337383251028,0.913845970750385,0.6386488034409222,-0.1887783255312074,0.3220062646062966,-0.1366111868263483,-0.616011193522656,0.9191899099060277,0.04449636017152397,0.7257329365447012,-0.18424158422267747,0.007698242965357682,-0.05707218972743866,-0.1646857927392507,0.7146759681983771,0.5495643896967934,-0.6943459834354601,0.6647584737133867,1.1359187079263973,0.2869196008069993,0.586214380807352,0.5567477807711669,0.7232082693743086,0.7116632454337611,-0.03775248672401323,0.762944959630949,0.6837489972089258,0.4941131778217691,1.1150112543148942,0.6013415996008482,0.6707014269626757,0.5074893353812909,1.2312481523757015,0.6669712688584599,0.5326280820341895,0.8216771895080947,-0.2663941033085634,0.5805832805322086,0.926522832638496,0.6691692800481341,-0.5413077684265302,1.4904656648558172,-0.4269399758103602,0.9073747620648422,-0.21465177307778802,-0.3986102928143673,0,54,train
-0.06272709920623912,1.1253828008246878,-0.8033597871067842,0.5967465174015268,-0.505951417768315,0.09535712467206826,-0.9734903501893154,0.19850713406904982,1.4852343545300601,-0.7033608005309421,2.277281960012146,-0.5978881190118793,-0.0577640165925664,-0.7220235426870595,-0.01751413217661083,-0.5521898225700241,-0.4465954680740101,-0.43222262508877196,0.8321795881506501,-0.7428652379426947,-0.6244218619483043,-0.8588652641164336,-0.7544310864228989,-0.10402596271859427,1.9917920331702421,-0.614986658082432,-0.1975363898784864,-0.321472514924896,1.1947184003549445,-0.5678341033062531,-0.563183873994873,-1.0003439123506082,-0.43380359575842914,-0.418965672615628,-0.4468946018885089,0.4216193265868614,-0.6449160570695313,-0.3755626788049744,-0.02389776750052571,-0.6254426757005845,-0.538113897024121,-0.30221993385284635,1.5149293231512209,-0.656783430135366,-0.8405859265444319,-1.1353877236878311,-0.7481179120018632,-0.47060961926303796,-1.7803393435245685,-0.007814356410555707,-0.6180623950234603,-0.6586313134341485,-0.8437929622565254,-0.35973941105559115,-0.058437148999828215,-0.7584178472362725,0.2634233474055639,-0.4752141752781358,-0.10064901350922112,0.1858585041745795,-0.2532931154404403,-0.2751769167971097,0.15023241035393642,-0.5996850788402055,-0.6836724057871485,-0.6931674498218199,-0.5371405408983756,-0.4265097313771161,0.14944902088779347,-0.279147737111634,-1.3738520064858122,-0.2721324852657622,-1.1522040582329538,-0.5277654159829346,-0.4764204700541298,-0.4107210784968713,2.769322177625285,-1.834346715208062,0,54,train
0.528415748656099,0.4426983258026812,-0.2584907680054681,0.5780581291056863,0.3891536763993037,0.5837787922651043,-0.8123067990200333,0.5676293166364539,-0.3297528925735646,0.13483115839618737,-0.5064534191819886,0.15112252286783698,-0.2520986724147005,-0.3347997821312188,-0.42487987317333437,-0.2742958692987093,-0.243461810038029,-0.5775189073594108,-0.044282733052503576,-0.09472382392820436,-0.555156035999729,-0.06113802082114,-0.26420700256771373,-0.7274269765246307,-0.18698157700461385,-0.3790070850106679,-0.6870898738709468,-0.964199531615595,-0.43189531895086103,-1.1899345348210788,-0.12861339721990356,-0.406965018821003,-0.23634382904934956,-0.4237599591025561,-0.5451338240902673,-0.08704538351152928,-0.9807333903461661,-0.08717294710663255,-0.09221854742615612,-0.4012783095354526,0.04449636017152397,-0.3872663943533629,-0.18788006582304986,-0.19112304504903205,-0.15722056210254307,0.2546310277725511,-0.5696222301917149,-0.2602968235697804,-0.3578409986191168,-0.35930970481703817,-0.5859773748475483,-0.6392779321485109,-0.1889747849612819,-0.5809604573586017,-0.7181237077694899,-0.7087529454568795,-0.13714051198677368,-0.16307321689769425,-0.35481149742906765,-0.19448798830945283,-0.001898611810851295,-0.20669890770351923,-0.7447797303564189,-0.22939263261228027,-0.23568640364813317,-0.6391936911440309,-1.0011792481969388,-0.3945049385339056,-0.3613148164403405,-1.1027218427984924,-0.728666111812181,-0.22921599140646606,-0.08474317288699235,-0.22734170547640292,-0.608368454704182,-0.6721615757983682,-0.07532225008776128,0.21743264019853015,0,54,train
0.10368040488369522,0.6954883642254641,-0.45231769179645015,0.27041850638954296,-0.5936419353115383,-0.05035983693027398,0.5347271643232523,0.011506909420364935,-0.33423434256641305,-0.4896679055077618,-0.5169107271428982,-0.38604672534892925,0.1977500679143136,-0.4913370470367714,-0.3012152732279004,-0.5111890753660596,-0.43096980207124236,-0.4098693508932891,-0.06734753097890235,-0.5719268430377742,-0.5366851490801088,0.11397283746319276,-0.7209114909456213,-0.36678176192609724,0.10491153823412283,-0.6729465532228653,-0.6675077345112485,-0.4926128448129519,0.007593480985800733,-0.9529438942440023,-0.5382721906128684,-0.5648803695183979,0.2957005423612261,-0.8456571699522293,-0.42233479633806925,0.13337599086444002,-0.3612083099909949,0.14765869156201727,0.05011641075224057,-0.5729041523806317,0.1146253726117405,-0.8309870578343187,-0.15877221302007086,-0.10217667935838402,0.18446212011840138,-0.039220917310522616,-0.6828146137786382,-0.6746444210550043,0.23104272480948418,-0.34241088998980346,-0.7838349992656725,-0.2522103064357604,-0.636754862082294,-0.4274601395156964,-0.9786721805608688,-0.45049545620403575,0.010435646736719102,-0.3919765863766847,-0.3066082677201312,-0.24669240884647686,-0.3071633662182094,-0.20669890770351923,-0.6620883912690491,-0.6441201723875565,-0.8154329946515648,-0.5636304289951265,-0.795726996110552,-0.5065217134851425,0.3844907867379082,-0.773292200523749,0.05839312095722265,-0.41518746479674956,0.22392021564677966,-0.4314757651795591,-0.10806567957273389,-0.6503748676899102,0.07561806648476771,-0.5208006266351073,0,54,train
-0.8583134520933536,0.6712689593466346,-0.6159937607755016,1.27815390603448,0.028464377825290973,0.26805870879336274,-1.0641560977220366,-0.5543720312556554,-0.10418657626685901,-0.6517797569046572,2.222903958615416,-0.7057002568582021,-0.07935675612835907,-0.7014265341468552,0.037043779564021787,-1.2400912478809838,-0.32471527325242144,-0.31486793556248677,0.11387588129994519,-0.33332533348298926,-0.559773757729634,-0.48918678551617556,-0.6077828562098093,-0.1864591546268305,1.2620592450734005,-0.6646665682028035,-0.021297135641200636,0.473379239444075,2.2252438622753927,-0.21234814244063835,-0.26977960305126303,-0.3638971959035317,0.10921076269153979,-0.34705137531170643,-0.38303910745736586,0.12659379472979482,-0.6767608041905915,0.09822045184230152,-0.87221411824377,-0.49584765151136767,0.1254144514486969,-0.4686151826582048,0.05225971980152677,0.41580509731068394,0.33763021904503165,0.14897639583256952,-0.7960069973655616,-0.7342853631172713,-1.0690901710718426,0.3977571994430779,-0.30790719998964405,-1.1756430706361796,-1.209720767215632,-0.7480049208935281,0.0468909570222186,-0.9620439445317839,0.05260026351485989,-1.2382254068747707,-0.42054317430488997,0.20325997768692086,-0.3143460663219119,-0.8880550981847443,0.2329237494413062,-0.7070698882463038,-0.2708225606786442,-0.7039622015573777,-0.012883070057250952,-0.3705013439014977,0.5020116696629656,-0.6567865953290227,-0.8705394499079533,-0.12907750573477494,-0.663487026387815,-0.8204859544251963,-1.6749479972921044,-0.3780410163341842,-0.24948415382529468,-2.0634535911219496,0,54,train
0.15597990616910315,-0.4473648034943028,1.0638395787463424,0.7692547170554391,0.09795497663312829,-0.051709068056221594,0.37786102970314744,0.22940282335883252,-0.9422177249295203,0.6119558119393226,-0.6173008835676304,0.542650812941325,-0.03977006697940584,-0.47897884191264883,-0.5085353378423044,0.18126798852311823,-0.38409280406293905,-0.3931043952466769,-0.6143127389477876,-0.39742723157233445,-0.3658294450736227,-0.0870803701965967,-0.6454924011217467,-0.3101089424891848,0.41244178464636333,-0.5777267254921535,-0.060461414360597474,-0.44697542350947034,-0.3510697925257278,-0.0820032901232463,-0.4884488238488591,-0.512241919285933,-0.011459094741786646,-0.48129139694569334,-0.117793207512618,-0.12095636418475532,-0.46542748238719195,-0.12837148020639566,-0.13207233571610721,-0.5623964477166412,-0.7538954737632488,-0.5314756099846735,0.22690683661940067,-0.5835334819195381,-0.6815267468898544,-0.2901506681679788,-0.5913899962661232,-0.7185903783640432,-0.6866981428714523,-0.8628943866686333,-0.4576372941439002,0.018737031563164995,0.1480639827642111,-0.6938283381254439,-0.030719226362447474,0.42857330529122084,0.19114114721446535,-0.08677209373803077,-0.4643642922221049,0.1435977827874648,-0.4184952178255988,-0.06631898906165878,-0.02974285707151547,-0.4885973449718279,-0.811040975022751,-0.5096566703173376,-0.3033500471449011,-0.3384965510582872,-0.21667372976334684,-0.5121589475010867,-0.3334475271168152,-0.47813165579038397,-0.4448504595097264,-0.44688210930809924,-0.11356351226648606,-0.10570716497845821,0.7084063167311392,-0.02694802744294982,0,54,train
1.0197140940644767,-0.9332666138758196,0.5426605169972575,0.27473121138089074,0.16910011350781887,0.6836218955852277,0.7534762694815637,0.7156034074454133,-0.4791345590018465,0.5382686067589156,2.28146488319651,0.6012854844016058,-0.29528415148628584,-0.4295460214161585,0.05159255602819049,-0.005513193183831055,-0.021577352798726534,-0.14163006054749433,-0.014627992861419432,-0.46509034622219886,-0.21806234971666175,1.6445714506151383,-0.6957717943376631,-0.3873900599031563,-1.6464471531982972,0.0060122184222105995,-0.17795425051878797,-0.04384486866204965,0.7299716234104286,-0.301219632657042,-0.22549216592769927,-0.9285642074881558,0.7180450433778687,-0.2223999266515757,-0.2012965463841127,-0.04296110863633541,-0.06013070084642578,0.07350133198244364,1.1261686945809197,-0.33823208155150924,-0.08497258587195271,-0.2948245894614971,0.36880761903392323,-0.18065876673248524,0.07253158628740233,-0.33307286239359635,-0.31711614372857805,-0.16612691505041136,1.0111224623382802,-0.7784003125324596,-0.30255969662699206,-0.022734499763201136,0.05176719198549881,-0.26944510644211744,0.1411318939893131,-0.07800869285858802,-0.09497589520863288,-0.16654144976858806,-0.004242554091348312,0.14111185799998746,-0.7776302230107259,-0.29572031952518685,0.19401017810607335,-0.09608735197022718,-0.6836724057871485,-0.27756950800284547,-0.0695595533914266,-0.3464977492690898,1.0805760163709404,-0.10238061198860093,-0.9887672316544301,-0.827185805845993,1.3171030500372225,-0.9090724331643019,1.5082971323904064,-0.48152787984936,-1.2886501794592442,1.3629670197679677,0,54,train
-0.292527938187577,-0.1930610522665931,-0.26279803297860105,-0.6165611534976556,-0.5208422603699945,-0.5279876555157291,-0.18484226053961397,-0.17061504849835424,-0.3581354091949382,-0.3459778554059682,-0.470898572114896,-0.306606202725323,-0.003782167753084711,-0.5654862777815068,-0.5558188613508527,-0.26062895356405447,-0.4059687364668139,-0.3763394396000647,0.12046582356463056,-0.4757739959037564,-0.6382750271380194,-0.3011047525441145,-0.3982853844768242,-0.5007356987769811,0.2456457187956566,-0.5156268378416893,-0.4521042015545658,-0.6979812406786191,0.17429612923763796,-0.7515018497534873,-0.1645969398827991,-0.06242243548123232,0.05436082749457324,-0.605942845605824,-0.7956438407047515,0.4046638362502484,-0.34962840194697303,0.16413810480192254,-0.12068553906183548,-0.14909339759967918,0.38435234353565023,-0.697870858790032,0.01951338539817541,0.22221594845456766,0.13733347429482284,-0.08544481878426455,-0.2039237601416547,-0.6118644820420915,-0.21253202790296846,-0.5384371419857263,-0.9335650934199285,-0.127795712456662,-0.2563825385063805,-0.9511671062738439,-0.5906212636375384,-0.04820975179095221,0.2212587306274231,-0.14573205254322527,-0.6484129874744076,-0.30138275417097826,-0.09527371315898435,-0.28544861816114825,-0.5356192844295424,-0.4811914960472694,-0.29278265882271354,-0.7579359602351665,-0.42024529402163835,-0.43451092958791876,0.29409010756478715,-0.3474441263637149,-0.41114006940735714,-0.35510437339373485,-0.07188219836475185,-0.242748049604943,-0.0310960218602034,-0.4434011406595584,0.21494758947479448,-0.18477720862807231,0,54,train
-1.5920913034613497,-0.6426337553298657,0.019327822761606068,1.0538932464843942,0.807751807313181,-0.28107835946731585,-1.0972562912657284,-2.432504722292447,1.9438360704648854,-0.2225517867287865,1.2043621632228214,-0.2706688234432154,-2.2890137686244763,-1.9619634568073576,0.9754398615029028,-0.666080787025481,-0.6497291261099913,-0.8848764275473008,1.5867279774571244,0.28988756460786685,-0.3519762798839076,-0.41784532473366964,-0.2055477104824779,-0.9077495838238975,-0.49451182341685423,-0.49078688278150356,-0.5255372241534348,0.8993285049432365,1.0482221337093907,-0.09977758816652703,-0.6434548537813323,-0.2442643544661113,0.5151002831490924,-0.5532056942496149,-0.5107500963196518,-3.081384976957389,-0.33515351689194567,1.6555250030133477,-2.3411108866448243,-1.080776544473509,0.29803971283999914,-0.26154553970042543,-1.1302468003194943,0.11757316528909938,0.2551550888537692,-1.5745147876883796,-0.4564298466047914,-0.45177563755916417,0.3687038549616246,-1.1569337646625175,-0.5859773748475483,-1.012521714085806,-0.4634206386806119,-0.4274601395156964,-0.6959493696595852,-0.2816347901540994,-0.1762933704236187,-1.8035473648304594,-0.2540229262194733,0.4941131778217691,0.795381099700131,-2.3774517959703365,0.37884964194842935,-0.39972715787712587,-0.35427093362610784,-0.4340934081684332,1.4748746174648595,-2.306791310915735,-0.2392738995566271,-1.2754715332596385,0.09217248717050178,-0.29216018240010044,-0.3291016888095619,0.6546714958825174,-1.696939328067113,-0.8028818244491167,1.9449558332676267,-1.0452008092824496,0,54,train
-0.7315267823105467,0.4956782739751207,-1.2383935493932106,-0.13066305780580292,-0.8186591124035829,-0.42139839656586764,-0.7417889953834724,-0.4714414968462386,1.8019234873580177,-1.1104826091526907,-0.575471651723992,-1.0007650551744538,-0.9646590770958587,0.00711055963617246,0.21526629125008834,-0.7207484499641004,-0.2372115436369219,0.49543825402376823,-0.08382238664061577,-0.5826104927193317,-0.13956108030827624,0.44473779200026575,-0.5742632607325318,0.17933813446596775,-0.3120786263926439,-0.3169071973602036,-0.11920783243969273,0.001792552641431936,-0.007561305218911741,0.08981492429513413,-0.5493440498937593,-0.7515076021607737,0.361520464597586,-0.13610276988686984,-0.14726497417314555,-0.4397195825130802,-0.24540922955077601,-0.9729414087515398,0.203838165584909,-0.6849863354631978,-1.1638804695675915,-0.3318013114182434,0.8454487086827042,-0.9445510838404038,-1.600535340449636,-1.1717065034171998,-0.38677299516668473,-0.25401882966848915,0.4834214634217417,-0.4201454381950832,-0.291864689901688,-0.3572715191292212,-0.4056425642133845,-0.1881802322899911,-0.21365751576916037,-0.31143373122173523,-0.46843392952930846,-0.1977555456066322,-0.11817746067610709,0.2554643982239449,-0.4975049189663267,-0.2751769167971097,0.28156571361034727,-0.26642187723507277,-0.6090080720973127,-0.05087972155613215,-0.0022562294320930196,-0.43051033048251747,0.19916939443301004,0.018142427868012515,-0.7354219850548368,-0.7156029218118228,0.47470921883046946,-0.7203447175896858,0.15033245703361844,-0.00766697849039687,-1.015796530270442,0.5636385860239601,0,54,train
0.9436420921947923,0.17023002091584935,0.22607654147198689,-0.1450387411102956,0.200536336778031,0.2626617842895723,-0.21650331523358007,0.7627599858350816,-0.42685097575194786,0.4166847182112441,-0.44580103300871293,0.3856612087089602,-0.25569746233733265,-0.32656097871513706,-0.36668476731665955,-0.3608530022848565,-0.21846074443360056,-0.44898758073538414,0.0941060545058891,-0.568365626477255,-0.10261930646903598,-0.08059478285273253,-0.24744720482907492,-0.6295375611336002,0.06842489882928075,-0.5984266880423083,-0.8437469887485342,-0.7360124250981871,0.0833674120093631,-0.7574266157679141,-0.5687198036353185,-0.13420214034368455,-0.011459094741786646,-0.2895199374685692,-0.23568027415472817,-0.1718228351945944,-0.5175370685852905,0.23005575776154352,-0.32564787883872676,-0.2541704442395848,-0.13891798005673464,-0.7792196470948738,-0.11147195221523001,0.08618033033945889,-0.192567046470227,0.11926103059944972,-0.6088042091256498,-0.1786829028529939,-0.23547554959499187,-0.437044253022318,-0.4843748109571602,-0.19967970008902997,-0.47786515729741874,-0.6080487487426438,-0.801277475681632,-0.2220369080188278,-0.11605820359770327,-0.471745942407242,-0.5695349752234207,-0.2069176122468395,-0.1886488145071174,-0.4497958399857654,-0.6183106235169121,-0.45897394927359386,-0.2488624625345748,-0.687770073954041,-0.8169806773608679,-0.2264797761070503,-0.46527559748942976,-0.41172308095390875,-0.40438419616470134,-0.4924371537434827,-0.08474317288699235,-0.1040909524480822,-0.3059876565478123,-0.5468880041747343,0.24977997022230117,-0.20514226426486232,0,54,train
0.38578074515044103,0.17628487213555674,1.1198340233970705,0.3250461029466151,0.8044427311794744,0.4245695194032859,0.6685670773477453,0.41802913691750604,-0.22667954273805013,0.9656543968052761,0.8153503070769844,0.7998867909606215,-0.01817732744361316,-0.2812475599266876,-0.395782320244997,-0.23329512209474482,-0.130957014818101,-0.2981029799158746,-0.027807877390790162,-0.26210100227260574,-0.26423956701571205,0.4641945540318583,0.033279407293125125,0.24631510289140968,0.18830957115947616,0.11365202368301533,0.02765821275804541,-0.45838477883534073,0.14398655682821299,0.14313781842497633,-0.33897872355683145,-0.1198461993711941,0.7674099850551386,-0.49567425640647766,-0.009730063090683687,0.031643048844761885,-0.03986586176938747,-0.2684464927455903,0.30631933547335466,-0.44681169641274504,-0.2953596231926023,-0.26524321189610006,-0.140579805018209,-0.29576582821450037,-0.32217082248506795,-0.20100457246861939,-0.03848873797615132,-0.367022719891732,1.1870227953104595,-0.48774069750402216,-0.05657454194499982,-0.1720320125381192,-0.0011960429427929433,-0.003076907832370002,-0.07506790258225665,0.09581846336928758,-0.07389358681956248,-0.23243787431557014,0.09216390532652449,0.1585133315123288,-0.3035720161663581,0.005582920486611196,0.5442323201231689,-0.24790725492367652,-0.3806230513989911,0.16501531315502338,-0.40961845339648045,0.01755676932243001,0.15396905484644952,0.10250855576764192,-0.38073863981540595,-0.5267703488309197,0.8605384544976846,-0.3891083188260739,0.02938013777107055,0.2973469350280162,-0.24367875703404357,0.43635698829402264,0,54,train
0.11952873860654611,-0.1612730833631294,0.11839491714366354,-0.2629193442071356,0.2700269355858683,0.28290025117878653,0.1735033130420934,0.17899406714918703,-0.1684206928310202,0.17904348150443156,-0.37050841569016385,0.07735632328877401,0.2949173958253806,-0.5078146538689349,-0.5958279966273166,-0.1467379891085976,-0.743483122126598,-0.40428103234441837,0.02491166072669276,-0.8034059194715207,-0.5182142621604887,-0.13896506894751012,-0.30610649691431074,-0.4698232518113925,0.0006639970774311617,-0.6398266131426178,-0.7947916403492882,-0.9908213607092926,0.16419293843449628,-0.6804046575803644,-0.604703346298214,-0.4261062734509903,-0.13212895217511308,-0.3518456617986345,-0.4911022518793002,0.22832673674947296,-0.45384757434317,0.06938147867246733,-0.12637893738897132,-0.47483224218338654,-0.07957804645347451,-0.8272893856386441,-0.17696462102193272,0.07571605202291207,-0.08652759336717525,-0.02601408831802492,-0.5696222301917149,-0.6150034789927372,-0.18958850621094506,-0.4539430678495527,-0.31860220671494804,-0.29091706900703546,-0.3574941688240284,-0.7750932122775701,-0.6793186160771568,-0.4008305544246427,-0.08594062018474556,-0.4023812849893661,-0.30222615592840973,-0.33618570119566094,-0.633976220936675,-0.316263722253264,-0.6231748199338163,-0.5552499852928544,-0.16980610921592504,-0.8604861017229654,-0.639866666941569,-0.3184935555312806,-0.2076336618460347,-0.40770564629202166,-0.45167530886329216,-0.3951597676624113,-0.0783126856258721,-0.8012280242645212,0.012886639689814018,-0.36714766227995516,0.24397457343105006,-0.1898684725372698,0,54,train
-0.6823969477697089,0.5304936684884382,-0.2261862807069711,-0.38798778895622194,-0.02778991644772019,-0.20012449191045906,-0.8943377134544,-0.354363095327062,1.3000010881589905,-0.39387453877323275,0.825807615037894,-0.5260133604476641,-0.6227740344458081,-0.5407698675332617,-0.10116959684558084,-0.03740266323135898,-0.39346820366459967,-0.2589847500737795,-0.22550614533135113,-0.5576819767956974,-0.42124210583248306,-0.1973353550422877,-0.7083416426416422,-0.8407726153984555,0.3811675222993558,-0.9172061113146915,-0.3395069002362999,0.06644556615469752,0.017696671788942384,-0.3071443986714689,-0.4524652811859636,-0.3447559412735444,-0.04436905585996658,-0.3086970834162816,-0.5451338240902673,-0.14808514872333617,-0.4133178961890934,0.10646015846225414,-0.30856768385731914,-0.4012783095354526,-0.31154324144803686,-0.6054290538981661,0.4415772510413707,-0.028926731142556217,-0.31038866102917334,-1.072655285973467,-0.6566932944893482,-0.5459455460785332,0.19280352198944514,-0.562095482743855,-0.4736798042318562,-0.13332524996684417,-0.1841599454223463,-0.6080487487426438,-0.46311881950558703,-0.4852608874496108,-0.19737567881268908,-0.2740566687662957,-0.403014727138004,-0.032902877123426016,-0.4292692679811526,-0.21012280815819875,-0.2972736600012412,-0.6181997011516017,-0.33670285511085235,-0.28836425973840324,-0.3635688106874627,-0.5265247090121491,-0.1714733901767863,-0.29521747575918245,-0.610438330065704,-0.4380762615217075,0.08244949590213417,-0.5662812763042848,-0.29499199116030794,-0.606801451472994,1.0625355209974572,-0.6888123356386248,0,54,train
0.44600441329727436,0.2731624916508747,0.5254314571047257,0.3164206929639195,-0.6647870721862289,-0.503701495248672,1.713381882248627,0.35135949160797486,2.7460156191847593,0.847754868516625,-0.7155995784001805,0.7431435605151885,0.8311370942975654,-0.6602325170664466,0.2480010382944679,-0.29707406218980065,-0.2028350784308328,-0.4657525363819963,0.7234455407833416,-0.7820386201084056,-0.056442089169985686,-0.4567588487968547,0.26791657563406845,0.09175286806346676,-0.10358354407926051,-0.8219862835839796,0.8501080658653789,-0.07046669775574725,-0.1591091672660365,-0.1412509502675154,-0.6434548537813323,-0.13898745400118137,0.47122033499151916,-0.10254276447837311,-0.3290075352463987,0.8692442714734452,-1.047317861599292,-1.0594583282610421,-0.31426108218445503,-0.41178601419944316,1.6682527251334605,0.07494263010596604,0.27420709742424154,2.4668036473538626,3.071091676812587,3.3648392555057582,-0.7698856780762715,-0.44863664060851854,-0.2813625929790387,-0.4471835419186588,-0.6234098983861123,0.19291746313390276,-0.3286051315904147,-0.8066962188922859,0.8340799599238315,-0.013444320545377086,-0.868997788921646,0.08663954980665899,-0.8543722416853177,0.41207765983501704,-0.14196126383305088,-0.18273160452076256,0.15509660677084053,-0.7070698882463038,0.19912353960444057,-1.0116126260207743,-0.06601727318304061,-0.5705312991715635,0.11780878317720107,-1.3196633145403966,0.03136962798659935,-0.6068811373682725,-0.5413077684265302,-0.28126390992629324,-0.12455917765399041,-0.19830067443940505,-1.9969085879918802,-1.0706571288284372,0,54,train
0.11952873860654611,-0.45493336751893704,0.05378594254666953,-0.25285636589399074,0.18730003224320485,0.23567716177062004,0.05693306621430907,0.1854984227891413,0.18860148993257345,0.12009371736010596,-0.40606326275725646,0.17571125606085797,0.06099605085429332,-0.48309824362068965,-0.6103767730914853,-0.5157447139442779,-0.4090938696673675,-0.49369412912634997,-0.06075758871421699,-0.5220698111905057,-0.5459205925399189,-0.02871008410181912,-0.34800599126090775,-0.547104369225364,0.1830971941016416,-0.6605265756927725,-0.48637294543403803,-0.7664373726338415,0.1237801752219297,-0.964793426272856,-0.5991674166577685,-0.44524752808097756,-0.30216375128570944,-0.45731996451105283,-0.6188132407415862,0.08250951985460096,-0.28593890770485264,0.09822045184230152,-0.30287428553018325,-0.5238681972820092,0.055285439008480354,-0.6756848256159841,-0.08600258101262341,0.3844122623610435,0.037185101919718425,-0.1184618912655088,-0.173448887637483,-0.5114165796214313,0.0780859135293281,-0.5992728753637714,-0.6822324353752843,-0.2079740063543032,-0.30453093389573666,-0.7750932122775701,-0.7181237077694899,-0.29653426068791733,0.028506196784493728,-0.336484860442384,-0.5300959690979273,-0.26160795757134087,-0.41131251772189625,-0.2649052154330711,-0.7691007124409394,-0.6626347946989527,-0.4333272869447576,-0.5798225565984632,-0.799269276318938,-0.5905342946985701,-0.24379393351528314,-0.2670954331259726,-0.21859768199166615,-0.3522432738031151,0.09531047042437468,-0.49310114169371944,-0.17953750459151221,-0.5414413271476197,0.08142346327601882,-0.2815112229028248,0,54,train
0.5093977481886779,-0.5608932638638161,0.44143979012863355,-0.13210062613625217,0.5115894933464457,0.4407602929146573,0.15335536914593315,0.5009596713269228,-0.14601344286677792,0.6745899363426686,-0.45625834096962253,0.6031769254164536,-0.08295554605099119,-0.17002371380958445,-0.3775963496647861,-0.4337432195363489,-0.23408641043636835,-0.6389904113969888,0.01173177619732203,-0.6217838748850427,0.09132500618697528,-0.21030652973001604,-0.7334813392496005,-0.42860665585727437,0.29776948937400244,-0.060227661738284616,-0.5402238286732087,-0.6029032796296991,0.21470889245020455,-0.43156448497443406,-0.5991674166577685,-0.6749425836408247,-0.20343386793116963,-0.40937709964177177,-0.07358555752182669,0.06894512758531054,-0.3235736088479238,-0.35496341225509287,-0.37119506545581366,-0.6289452439219148,-0.06339442819803992,-0.41684777191875994,0.03042883019929253,-0.2748372715814067,-0.15722056210254307,-0.022712381069900495,-0.330176803373223,-0.6055864881408003,-0.3348974769270934,-0.5789942975710897,-0.5164598311330723,-0.2052092375992121,-0.550087750381453,-0.24235681505807533,-0.6072520172199669,-0.4157300249584606,0.21523521394483155,-0.35729425766774675,-0.017388889466512784,-0.03041695233594868,-0.5262357193811369,-0.3333832245266616,-0.45292794534217257,-0.38861838449028807,-0.6309681702413821,-0.5582330531273476,-0.45566809610549813,-0.25448396984485955,-0.6415569218770159,-0.4719846008822155,-0.30304609752486394,-0.6955752246774847,-0.33553217607068214,-0.5855392064649599,-0.3004898238540601,-0.334467600117268,0.23236377984854784,0.03923840337661767,0,54,train
0.21620357431593654,-0.6865314266727441,-0.10342922897268253,0.16835115492764488,0.11615489536851425,0.08456327566448735,0.11737689790278984,0.21151584534895831,-0.07879169297405109,0.05561741282724986,-0.4290693402712576,0.06222479516999186,-0.07575796620572696,-0.6149190982779972,-0.7958736730096362,-0.4747439667403134,-0.47159653367843857,-0.57193058881054,-0.10688718456701454,-0.650273607369196,-0.27809273220542713,-0.17787859301069517,-0.3438160418262481,-0.49043154978845155,0.1830971941016416,-0.706066493303113,-0.6332389906317761,-0.5572658583262176,-0.1793155488723198,-0.5204359751908377,-0.5188964368713093,-0.20598184520613677,-0.016944088261483303,-0.4621142509979809,-0.505838135209564,0.011296460440826259,-0.44226766629914815,-0.12425162689641936,0.03303621577083297,-0.5098579243966884,-0.052605349361083534,-0.9308242071175337,-0.1514952498193261,0.08618033033945889,0.07253158628740233,0.03671834939633913,-0.42160142088573804,-0.6840614119069411,-0.13605362226289042,-0.6533490828109225,-0.7464024757271084,-0.10014802490575125,-0.5645322689982598,-0.8518433711990228,-0.6793186160771568,-0.44552896602609643,-0.13714051198677368,-0.32954839470059644,-0.7667300058508878,-0.32872792683322893,-0.4149038677737475,-0.21354670861287828,-0.4772489274266931,-0.3960242334148466,-0.5035996010057796,-0.8173070947807343,-0.5300559804816036,-0.538526506328353,-0.13983315246619393,-0.39967077696824743,-0.5057222948045388,-0.6183255357307514,-0.16190902002043536,-0.3621472166011287,-0.06958085071646865,-0.30723421498169545,-0.162403201956528,0.17161126501575263,0,54,train
-0.9328006205907529,1.0057994892354671,-1.5786674822707123,0.04615784683945708,-0.7872228891333708,-0.2136168031699352,-1.2152656769432384,-0.6649460771348777,0.06610852346138232,-1.5176044177744394,1.0516854669935414,-1.3809446991588552,-0.01817732744361316,0.08125979038090791,0.22254067948217268,-0.7207484499641004,-0.23408641043636835,0.601616306452312,0.1303507369616586,-0.5327534608720632,-0.22268007144656676,-1.2609716794360124,-1.1859958781928484,0.7924349992834745,0.8398567033887991,-0.22996735464955362,0.8892723445847758,0.4657730025601614,-0.022716091423624216,0.5223228433482987,-0.5687198036353185,-1.263536163512933,-0.675143310625082,0.132377273381104,0.16710053687248155,-0.09721867771349708,-0.17882475829765015,0.10234030515227784,-0.6217045918497919,-1.196361295777405,-0.2791760049371677,-0.5647546597457452,0.1286678334093466,0.10710888697255255,-0.15722056210254307,-0.032617502814273766,-0.4303085273155014,-0.30738177782946496,-1.015555287123788,-0.37958828260971983,0.5637358481226328,-0.24668076892557825,-0.76194069009462,-0.24235681505807533,1.2498487994845426,-0.5051268481613681,0.06163553853874721,-0.37116718915132196,0.17104191757751133,0.3549013897230383,-0.9284669251884793,-0.4874587449872401,0.6463804448781552,-0.3293715930938201,-1.443491801571949,-0.08866135263058438,0.10401217681948631,-0.23848157342325427,-0.27995420518453157,0.2591885075812394,-1.2218448585260562,-0.5239092492402999,-1.0621772365772704,-1.090096976674648,-0.734818606660482,0.11760659313323707,-0.20304097949528577,-1.203029990467572,0,54,train
-0.19585310247818657,1.5976611959618627,-1.005801240844032,0.08065948677023951,-0.16015296179598174,0.21408946375545823,0.2843170044709748,-0.0730497138990404,1.3612475713945862,-0.5320380484864958,-0.470898572114896,-0.4673786889873833,-0.1477337646583692,-0.5366504658252208,-0.4066939025931235,-0.6524138712908262,-0.39346820366459967,-0.4657525363819963,0.14023565035868665,-0.408110881253892,-0.3843003319932428,0.055602551368415166,-0.6664421482950452,-0.7944039449500727,-0.8020420698290947,-0.7433264258933916,-0.4178354576750936,-0.549659621442304,0.1490381522297838,-0.57375886932068,-0.49952068312975006,-1.2204683405954615,-0.0553390428993599,-0.4429371050502685,-0.41742283522798135,0.12320269666247222,-0.2975188157488745,0.07762118529241996,0.118437190677871,-0.5168630608393487,-0.9966497475947675,-0.4020570831360614,1.4530751359448904,-0.31146224568932057,-0.4517745984999089,0.215010540795058,-0.8090676570102066,-0.6652274302030674,0.5446041879338042,-0.3018537344044401,-0.3667297369788161,-0.15820816876266383,-0.47786515729741874,-0.9015052387364333,-0.5296418338353008,-0.28660128033203874,0.3025762058424089,-0.30527076460433983,-0.5388601926813703,0.11128076055025944,-0.5226443693292856,-0.3025681204345459,-0.34105142775337816,-0.5959821543779262,-0.9252334853719117,-0.6769753222184832,-0.4344144148551823,-0.4105073349555109,-0.0765526770450092,-0.6286645526958129,0.038125501229255176,-0.18057729836593037,0.11460193220773543,-0.6741256852040655,0.018384472383566195,-0.48152787984936,-0.7429428810816394,-0.35788018154078727,0,54,train
0.4380802464358489,1.540140109374643,-0.0603565792413532,0.2718560747199922,-0.5969510114452449,-0.38092146278743927,1.057134566773693,-0.043780113519246246,-0.33124670923784744,-0.27044847009605105,-0.39142303161198305,-0.13259362935932828,0.16536095861062458,-0.7590981580594272,-0.41396829082520786,-0.5066334367878413,-0.38409280406293905,-0.594283863006023,-0.20903128966963772,-0.6609572570507536,-0.564391479459539,-0.23624887910547276,-0.3019165474796511,-0.7531873489959545,-0.385051905202328,-0.5735867329821226,-0.5353282938332841,-0.226394553875976,-0.10859321325032825,-0.7988999778689025,-0.6766704316240051,-0.4404622144234807,0.01048087933699998,-0.9559257591515756,-0.761260112934136,0.06555402951798793,-0.6796557812015969,0.22181605114159092,-0.00681757251911811,-0.8320942007590656,0.01752366307913299,-0.39096406654903754,-0.4935125202543291,0.023394660440177923,0.07253158628740233,-0.5047616392960663,-0.6000971026958865,-0.8315942685872859,0.0933815946573437,0.03950232510570155,-1.0726001808488808,0.10168009421589726,-0.675273578393779,-0.7976667884309386,-0.7901903066266798,-0.5349257892290039,0.13994125541243727,-0.07289916225445559,-0.38986839176283955,0.014329693838643357,-0.35025956684042464,-0.40186123362025206,-0.4042859811731315,-0.4478651758867561,-0.6353601898701959,-0.28296688387062435,-0.4946331783977439,-0.6425420830687872,-0.22571379768065894,-0.946041890984895,0.7643818748147563,-0.7842693119866968,0.25607265195238094,-0.11179412451235224,-0.047589519941459935,-0.4651878487680165,-0.3191489153203081,-0.5258918905443047,0,54,train
1.224157599089253,0.1369283392074588,0.5965013291614192,0.2402295714501083,0.5479893308172177,0.9183881115001125,0.03534598346842308,1.0733429676428974,-0.582207908837361,0.8459126883871149,-0.48763026485235134,0.7563836476191228,-0.5471994460705337,0.05654338013266276,0.22254067948217268,-0.13307107337394275,0.09092744242120149,0.2942587862644222,-0.044282733052503576,-0.26210100227260574,0.3452997013317519,-0.5994417703618665,-0.18040801387451968,-0.3873900599031563,-0.21304346229378676,-0.022967729148006058,-0.6136568512720778,-0.5382502661164336,0.002541885584229908,-0.4137901869311533,-0.3140670401748268,-0.26819092275359535,-0.022429081781179958,0.2522344355543066,0.3242832923952951,-0.2701646791469499,-0.5262219996183068,-0.09953250703656148,-0.4679828370171234,-0.3732577637648111,-0.2575978472632549,-0.17280140700423427,-0.13330284181746424,-0.039391009459103045,-0.15132948137459576,-0.3859001783635871,-0.34759101623274974,0.13207779526092397,-0.4802064476432416,-0.5519561938475142,0.3498357136165525,-0.3185647565579462,-0.21304898265595998,-0.23784209982740162,-0.5795340945825861,-0.23196988837470642,-0.3509753542187734,-0.17694614838126943,-0.2145839200939799,0.08890743746296342,-0.17069206424786107,-0.10398189406313355,-0.09784160690817294,-0.06646395627199317,-0.27960659993627196,-0.3423380184161921,-0.4910908981893579,0.0895675532196537,-0.6099166841664234,-0.528228686148635,-0.4347856257566526,-0.3436599750312559,-0.4255589977263657,-0.2851154959584283,-0.6633467816417038,0.025013083672290246,0.1452828279797811,0.05451219510421017,0,54,train
0.8437975897408317,0.11422264713355615,-0.18095999848907532,0.6441862723063527,0.4354807422711953,0.8333865505654129,-0.14310723389756774,0.8294296311446128,-0.30137037595219107,0.10719845645353475,-0.3684169540979819,0.13220811271935928,-0.06496159643783063,-0.3142027735910145,-0.25029455560331,-0.44741013527100376,0.019049378808469696,-1.063702621111164,-0.2518659143900926,-0.2585397857120865,-0.4858902100511535,0.029660201992958463,-0.36895573843420626,-0.6501458591106593,0.2456457187956566,-0.29620723481004885,-0.7898961055093635,-0.5458565030003472,0.1843993200407796,-0.502661677147557,-0.14245322132101723,-0.22033778617862723,-0.15955391977359637,-0.39019995369405935,-0.6433730462920259,-0.04635220670365802,-0.41910785021110436,-0.05833397393679836,-0.00681757251911811,-0.4538168328554054,-0.0903671252904309,-0.5092895768106257,0.11775238860822948,0.19082311350492717,0.1608977972066121,-0.11516018401738437,-0.5913899962661232,-0.2602968235697804,0.17750784086142954,-0.32213231219712174,-0.5966723815728523,-0.022734499763201136,-0.30934577343467223,-0.4003718481316543,-0.4742059885605393,-0.5796242008304576,-0.0829288618434498,0.08317131693576518,-0.06997423096717068,-0.06273397457315404,-0.29638931606265556,0.2281364500407802,-0.33132303491957,-0.28493649954646905,-0.18298216810236664,-1.0493942570952264,-0.5265137002732176,-0.07045641099639896,-0.29351430706049975,-0.3916359076444732,-0.2287314918556499,-0.44093736111232723,0.07601900864101392,-0.28896708199056326,-0.5259009642978993,-0.8627952717473765,0.2207529862660456,0.23270643192612264,0,54,train
-0.05638776571709876,-0.1930610522665931,0.19161842168692342,0.40986263444312193,0.495044112677913,0.1601202187175537,-0.287021118870141,0.06516784344998755,-0.2729878593308175,0.204834003317574,-0.3265877222543435,0.10761937952633831,0.11857668961640712,-0.8332473888041626,-0.6867578495283709,-0.3471860865502017,-0.5215986648872954,-0.8681114719006886,0.09081108337354642,-0.26210100227260574,-0.5182142621604887,-0.10653713222818924,-0.5449336146899139,-0.8201643174213965,-0.1765568228889447,-0.793006336013763,-0.9220755461873278,-0.7131937144464463,0.18945091544235043,-1.0121915543882714,-0.4303215626241817,-0.22033778617862723,-0.17052390681298968,-0.6634742834489613,-0.6089893185214104,0.28258430582663463,-0.508852137552274,-0.062453827246774674,-0.4167422520729006,-0.520365629060679,0.01752366307913299,-0.9049405017478113,-0.035063838607410185,0.201287391821474,0.18446212011840138,0.06643371462945895,-0.6523397412744665,-0.4643316253617467,0.13926863804139053,-0.5992728753637714,-0.9014800732440166,-0.4623327318226821,0.02769299429082074,-0.7389754904321807,-1.023020856780678,-0.013444320545377086,-0.010646661652351294,-0.5168329697288614,-0.7141446643502299,-0.3560730994954796,-0.28561526590710173,-0.39158953225621346,-0.6718167841028573,-0.6256055500761603,-0.5782639346956155,-0.6769753222184832,-0.7673887544434642,-0.24648277163405688,-0.14435318642485,-0.9540767603086693,-0.2861564144182244,-0.5153259504684407,-0.2776577907205999,-0.408366248986749,-0.29499199116030794,-0.5087612649849327,0.28461235096980786,-0.01167423571535732,0,54,train
0.7170109199580246,0.5108154020243891,0.6029622266211185,0.08209705510068879,0.8590424873856323,0.8387834750692033,0.4526962498888855,0.6294206952160194,-0.08626077629546519,0.6727477562131584,-0.48763026485235134,0.5521080180155639,0.014211781860075852,-0.025844654028154408,-0.0938952086134965,-0.39729811091060274,-0.13408214801865453,-0.09133519360765781,0.021616689594350078,-0.3689374990881811,0.09132500618697528,0.04911696402455099,-0.13431857009326295,-0.32041309147771435,0.052787767655777,0.022572188462334403,-0.5647015028728317,-0.20357584322423522,-0.0984900224471866,-0.23012244048391908,-0.32790686427594046,-0.28733217738358263,-0.47219855039630576,-0.1984284942169352,-0.024465946420947456,0.14015818699908525,-0.18171973530865562,-0.06657368055675099,-0.43951584538144406,0.10659408255742442,-0.2953596231926023,-0.07296425772101922,-0.2897575506334763,0.012930382123631096,0.10787807065508624,-0.14157384200237977,0.11388562454470705,-0.21007287235945027,-0.350193158055109,-0.6702478976381573,-0.17421961592334392,-0.1416195562321174,-0.3478644897461572,-0.20172437798201215,-0.6460571089122998,-0.30646724104379597,0.06765905522133875,-0.32954839470059644,0.1359850232437394,-0.025445102760994008,-0.07013426279602546,-0.28544861816114825,-0.1708045531617345,0.01870330636042963,0.1552033433163018,-0.045482345688353264,-0.11206691589205832,0.17358013443308137,-0.29803434101915577,-0.07827600401727824,-0.21521974537033825,0.07406056519922702,-0.34839315059292264,-0.08098143625527206,-0.17953750459151221,-0.19285399741229053,0.19172600230979003,-0.12877330562689981,0,54,train
0.15439507279681808,-0.029580069334493985,0.5555823119166563,-0.22554256761545463,0.18730003224320485,0.0036094081076305583,-0.21650331523358007,0.21476802316893545,1.1431503384092947,0.49958282403920196,0.7316918433897077,0.3932269727683513,0.10058274000324656,-0.53253106411718,-0.4721633966818826,-0.5066334367878413,-0.49659759928286706,-0.5775189073594108,-0.31776533703694626,-0.5541207602351783,-0.4674193231315334,0.15937194887024198,-0.33962609239158836,-0.5007356987769811,-0.05145977350091468,-0.9006461412745677,-0.8339559190686849,-0.34048810713468,-0.06312885463619082,-0.5974579333783876,-0.4635371404668545,-0.3495412549310412,0.21342563956577626,-0.3566399482855626,-0.42233479633806925,0.3164952864998607,-0.2917288617268636,0.39073003685061974,0.44865429365175136,-0.1771139433703207,0.8860445094541223,-0.6682894812246348,-0.12238739701634714,0.9076261781883849,0.7382237085454493,-0.15478067099487744,-0.7437643587869815,-0.5930305003382178,0.22339488424547638,-0.369448993713379,-0.3292972134402521,-0.2992113752723087,-0.9160155553405597,-0.5990193182812964,-0.40768297423082556,-0.49519386780548946,0.24234103901649348,-0.5827293942758435,-0.5213317455144842,-0.07516359851054072,-0.26406716559599414,-0.5011543468059582,-0.39455758833932336,-0.8144546976524021,-0.19176620735999442,-0.5744251807306843,-0.26084268464426935,-0.47851751974733325,0.18108925859838584,-0.5643855981056191,-0.24899911158361737,-0.35510437339373485,0.3653909353914252,-0.18882584515505269,0.10634979548360103,-0.470634525795131,0.6793793327748836,-0.1593208890820848,0,54,train
0.6837294191400377,-0.22182159556020314,0.6826466286240779,-0.27729502751162827,0.4900804984773532,0.7848142300312988,0.47572247148449726,0.5838902057363395,-0.03845864303841499,0.6027449112917718,-0.5210936503272621,0.4537530852434799,-0.061362806515198515,-0.2812475599266876,-0.42487987317333437,-0.5521898225700241,-0.215335611233047,-0.24780811297603808,0.11387588129994519,-0.529192244311544,-0.39815349718295795,-0.31407592723184286,-0.5700733112978721,-0.41830250686874487,0.17788481704380701,0.09709205364289153,-0.34929796991614914,-0.3138662780409824,0.02274826719051321,-0.5678341033062531,-0.5991674166577685,-0.7227957202157929,-0.12664395865541644,-0.3566399482855626,-0.309359690806047,0.00451426430618105,-0.11803024106653523,0.03642265219265683,-0.31426108218445503,-0.5553913112739808,0.21712162156282622,-0.27633622848312395,-0.013232949005175946,0.21175167013802085,0.1550067164786648,-0.1613840854911263,-0.03848873797615132,-0.3199377656320475,0.13162079747738273,-0.5147788012275977,-0.3720772403414681,-0.4844508818634107,-0.2226786617338312,-0.576445742127928,-0.4464880659231586,-0.31143373122173523,0.14596477209502878,-0.4925553396326048,-0.026153113049955767,-0.015501403611084668,-0.3143460663219119,-0.4361002381670473,-0.2534958922491043,-0.2182838592254425,-0.47724748323289634,-0.02389284221723771,-0.2395890033939535,-0.5185235108013464,-0.28899427310184367,-0.25102569447842416,-0.45843118210594797,-0.41804856438736926,0.10174095768549493,-0.43917893724382917,-0.2510093296102905,-0.07847377984288562,-0.12176542441777019,-0.5055268349075148,0,54,train
-0.7711476166176738,-0.5896538071574261,-0.7861307272142525,-0.8250085614127994,-1.2620753143202592,-1.2309370721344355,-0.27982542462151233,-0.6665721660448662,1.4837405378657773,-1.1841698143330979,-0.5775631133161738,-1.2069321257928607,-0.8063123205000459,0.019468764760295035,0.17525715597362443,0.23593565146173753,0.08780230922064793,0.12102091124942972,-0.7164568440504108,0.08333700409775452,0.02205918023839983,0.37988191856162395,0.12126834542097888,-0.6501458591106593,0.21958383350648367,0.27925172408425336,-0.42273099251501817,-0.264425738295544,0.2551216556627711,-0.09385282215210013,0.08451989393724707,0.1337754244761371,0.6083451729839355,0.007725824720973279,-0.2258563519345523,-0.41598189604182195,-0.13829508014357353,-1.2736907003798106,0.6080694468115557,0.08207610500811312,-0.8563917227143345,0.34857037258588874,-0.668159637072203,-1.300336546602996,-1.5239512909863209,-0.26703871743110785,-0.15168112156307467,0.05046387454413747,0.276929768193531,-0.034852460134131284,0.16267309592373236,-0.036558343538656515,0.16732334091995354,0.14139397954918792,-0.36333429801101635,-0.008477830367437784,-1.2545028566075047,0.3849075767035253,0.20609881191128326,0.3325280666357423,0.06633703917432286,0.06378922821616309,0.1356398211032241,0.24828462302174326,0.05418689185358266,0.013888788857214503,-0.3387728492287609,0.04156036395483791,0.6647328921745835,-0.2269210865071015,0.07528280406386222,-0.008911322928745614,0.3139470373024632,0.1501137256728293,0.5131894148212621,-0.2691074757918938,-1.1667368468429709,0.003599556012235177,0,54,train
-0.3194701055164235,-0.4594745059337176,0.43282526018236767,0.5478691941662517,0.28988139238810756,-0.13940909124281645,0.14184225834812728,-0.19175420432820559,1.3985929880016565,0.14956859943226877,-0.3872401084276192,0.01872165182849319,-0.3600623700936639,-0.5284116624091391,-0.3012152732279004,-0.39729811091060274,-0.27783827524411814,-0.6557553670436009,0.5949416666219769,-0.2834683016357208,-0.5320674273502038,-0.09356595754046088,-0.3899054856075048,-0.45951910282286296,0.2769199811426641,-0.536326800391844,-0.6332389906317761,-0.40894423908990235,-0.21972831208488638,-0.9944172563449907,-0.47460899974774545,-0.48831535099844886,0.09824077565214648,-0.40937709964177177,-0.5107500963196518,0.0418163430467297,-0.4567425513541755,0.526685196079838,-0.04667136080906919,-0.6114324028152638,0.573161223182387,-0.6682894812246348,-0.5480897442599147,0.5256800196344257,0.6616396590821342,0.010304691411343742,-0.330176803373223,-0.47688761316432926,-0.541389172155304,-0.9440086978393599,-0.4843748109571602,-0.04761741855902082,-0.21304898265595998,-0.44551900043839116,-0.5351854183627769,0.026287600878137335,-0.0618465534543794,-0.5515152984377993,-0.47751062759726937,-0.18454428915954346,-0.26406716559599414,-0.4258285368030087,-0.4772489274266931,-0.40713300680168435,-0.39379911028543274,-0.299159011473961,-0.41316073360486644,-0.35849954658529376,0.05000827379736028,-0.5764379020912804,-0.3604710200874385,-0.35510437339373485,-0.1297565837148341,-0.1387552267372974,0.05137146854607926,-0.6394815136356811,-0.4817000254753393,0.023964611649025174,0,54,train
-0.21328626957332256,-0.1340262528744462,-0.170191836056243,0.08928489675293513,-0.1088622817235304,-0.017978289907531256,-0.6540015255502027,-0.06004100261913189,-0.09970512627401056,-0.49335226576678215,-0.41652057071816606,-0.4503557198537534,0.25173191675379525,-0.6355161068182015,-0.6722090730642022,-0.6934146184947907,-0.580976195697813,-0.5272240404195743,0.0018468628002939814,-0.5327534608720632,-0.41662438410257807,0.04911696402455099,-0.3354361429569287,-0.5574085182138935,0.17788481704380701,-0.4245470026210083,-0.23670066859788322,-0.6295251087233967,-0.16416076266760732,-1.0062667883738445,-0.42755359780395896,-0.3495412549310412,0.11469575621123644,-0.557999980736543,-0.5303979407600036,0.12320269666247222,-0.459637528365181,0.13941898494206464,0.03872961409796884,-0.2541704442395848,-0.04721080994260534,-0.7681266305078499,-0.13330284181746424,0.1228053044473728,0.3906499455965575,0.17539005381756492,-0.3214696969434597,-0.599308494239509,0.3763516955256324,-0.7479824458434371,-0.7089699521885444,-0.4180964317412249,-0.4345316014469982,-0.9195640996591281,-0.41322655875830167,-0.24686935890852432,0.06765905522133875,-0.4613412437945606,-0.5213317455144842,-0.4604819405695277,-0.24251906528488648,-0.44637193953108584,-0.6474958020183368,-0.35529206432977484,-0.3586629532549217,-0.7471412084996087,-0.5406828211067616,-0.40650673585010955,-0.12175301663156973,-0.5041240781773124,-0.3266916538741593,-0.24352148935956477,0.4039738589581467,-0.45458528137236925,0.10085196278984886,-0.5251012960662762,-0.09273844046151461,0.33453171011007266,0,54,train
1.168688431059275,0.1717437337207762,0.32945090082717726,-0.055909504622440966,0.5943163966891092,0.6026680280283708,0.9966907350852123,1.0359429227131605,-0.13256909288823257,0.7556458620411163,-0.38096572365107345,0.6428971867282567,-0.23050593287890783,0.17600602966584764,0.14252240892924484,-0.09662596474819656,-0.10595594921367255,-0.1136884678031407,-0.12006706909638527,-0.5968553589614084,0.2298566580841262,-0.24273446644933694,-0.218117558786457,-0.18130708013256572,-0.025397888211741756,0.03913215850245821,-0.18284978535871257,0.40872622593080943,-0.04292247302990752,-0.5915331673639607,-0.34728261801749966,-0.45481815539597115,-0.3131337383251028,0.23785157609352228,0.13762877021195402,0.06894512758531054,0.07593321867083143,-0.15309060006625352,-0.4110488537457647,-0.21564219380495275,-0.07957804645347451,-0.27633622848312395,-0.08236409941225104,-0.15973021009939156,-0.10420083555101721,-0.13827213475425534,-0.3737123355220397,-0.15984892114912008,-0.09016657887884359,-0.5147788012275977,0.22149563291290442,-0.31303521904776405,-0.4586057991416763,-0.31007754351818057,0.09123963324202777,-0.5299592990510645,-0.14316402866936523,-0.353826024796853,-0.07873845455061367,0.08642151267548609,-0.1635093641441585,-0.32653542361730253,-0.1610761603279263,-0.21458093476316326,-0.2532544821633887,-0.32074851494507656,0.15714637994527597,-0.1064618029450108,-0.3974750881095889,0.06635164381065789,-0.05983466078925428,-0.31218787953443866,-0.4512809467708467,-0.015504473708976669,-0.41044647772910364,-0.1547272582224889,-0.3307597089028103,-0.7346337108214023,0,54,train
0.28593624269648044,0.19142200018482516,0.04086414762727073,-0.008469749717615114,0.026809839758437704,0.04948326638984941,-0.11144617920360163,0.3042029132183065,-0.1355567262167982,-0.0346494135187487,-0.48763026485235134,-0.07585039891389522,-0.09015312589625542,-0.28536696163472847,-0.7485901495010879,-0.401853749488821,-0.31221474045020725,-0.07457023796104563,0.11387588129994519,-0.6467123908086769,-0.3796826102633378,0.2955692830913897,-0.5323637663859346,-0.3976942088916858,0.2560704729113258,-0.6688065607128344,-0.7017764783907207,-0.7284061882142735,0.32079239588319186,-0.970718192287283,-0.6157752055791049,-0.6414453880383469,-0.11567397161602312,-0.6395028510143208,-0.7416122684937843,0.21815344254750516,-0.30620374678189094,-0.017135440837035235,-0.4509026420357158,-0.5098579243966884,0.02831274191608938,-0.9456148959002322,0.03042883019929253,0.08094819118118549,0.0902048284712443,0.13907127408819625,-0.2953483776541697,-0.5585015338811158,0.03984671070928907,-0.49450022343491606,-0.8907850665187126,-0.15544340000757276,-0.6704587388548433,-0.7660637818162228,-0.612795601747443,-0.4852608874496108,0.049588505173564126,-0.6729034489190822,-0.7448194468922803,-0.5276019098314157,-0.13836991378119962,-0.3573505277094182,-0.8663846407790216,-0.6070909277647639,-0.18298216810236664,-0.3369406425484132,-0.4946331783977439,-0.5985354929093728,-0.13983315246619393,-0.5563507287818449,-0.3266916538741593,-0.4695483570185247,-0.014007813014669591,-0.14645839880156744,-0.234515831529034,-0.3181275690359245,-0.17401399553903021,-0.3731539732683798,0,54,train
-0.8583134520933536,-0.4049808449563512,-0.8830441891097435,0.08928489675293513,-0.27927970260941715,-0.27028451045973495,-1.072790930820391,-0.5397372310657582,-0.3133209092664536,-1.007320521900121,0.6856796883617055,-0.9761763219814329,0.3093125555159091,-0.5696056794895477,-0.11935556742579172,-0.4656326895838769,-0.42471953567013526,-0.32604457266022824,0.24896969772599517,-0.507824944948429,-0.5135965404305837,-0.3465038639511637,-0.16364821613588088,0.029927974132289595,-0.12443305231059885,-0.3169071973602036,-0.0947301582400697,0.19194847473927187,-0.18941873967546144,-0.33676822874360346,-0.4690730701073,0.0715663469286785,-0.049854049379663236,-0.016245607713667242,-0.33391949635648666,0.07572732371995575,-0.2917288617268636,0.14765869156201727,-0.10929874240756374,-0.45031426463407526,0.01752366307913299,-0.45012682167983165,0.012236422197430666,0.21175167013802085,0.47312507578782,0.2414241987800534,-0.4172478676708564,-0.24774083576719788,-0.03663169493078897,-0.433664490056871,0.06107053203334428,-0.3268590628232194,-0.6800884179327146,-0.4996955832064754,0.4183111203631205,-0.5001603579834287,0.15801180546021187,-0.3954448192475785,-0.24087659084430885,0.09387928703791809,0.0016927382409999763,-0.545665052716792,0.1405040175201282,-0.35899498879205405,-0.29717467845152745,-0.19660886998616214,-0.14394743776753213,-0.5665307000661622,0.031928137962736074,-0.4398451235871186,0.1799988393250275,-0.3007434811719597,-0.6506260518655744,-0.04631716196605685,-0.6798402797229604,-0.30723421498169545,-0.057906059714007925,-0.3680627093591823,0,54,train
0.35566891107702436,1.827745542310743,1.343811801999983,1.7079868368388114,1.4364762727174234,1.2786328221281251,0.9434425976453603,0.47006398203714006,-0.5015418089660888,1.3046155406351483,-0.5712887285396281,1.1554777017520022,0.07899000046745389,-0.31008337188297364,0.1607083795094557,1.616294140661875,0.17218090563559393,0.020431177369756682,-0.5681831430949901,1.5113848448659446,-0.1811205758774215,-0.579985008330274,1.554231052074597,0.4060294122136173,-0.9688381356798014,0.995470428319608,0.49273402255088283,-0.19216648789836482,-0.9623128361157977,0.9963041245024515,1.0477716513747588,1.636363912930137,-0.7738731939796218,-0.2032227807038633,-0.02937790753103538,-0.009050127963109368,0.4233304599914881,-0.6557127038833637,-0.3939686587643571,1.504118802868169,-0.3061487020295587,0.7811980194798206,-0.8355297906893322,-0.38994433306342186,-0.6638535047060123,-0.3429779841379696,0.9062323096531705,-0.19123889065557645,-1.0690901710718426,1.922030296859651,-0.4897223143198122,0.8039313580090305,1.8284429818527403,0.7012186681527248,0.48483413469283426,1.6652293595981074,-0.4322928294337592,-0.0694309293835618,1.0474642759218096,0.5164865009090651,0.22435644145577882,0.08775653139891974,1.3030469611602093,0.6741209361838573,1.8636989789248997,0.9638269415862988,-0.1793702398513919,-0.022449221731583157,-0.6505969897943279,0.6850365817412737,0.8758537833185773,1.2642779948970413,-0.4962943575986884,-0.15801315689797252,-0.24551149691653834,0.025013083672290246,0.4123310803773324,-0.5717132657270823,0,54,train
-2.1562919839948416,-1.1936252163232366,-2.132151031318294,-1.1211476374853486,-2.4103247327164286,-1.9419818755088278,-0.28270370232096376,-2.0536260062651115,-0.029495743052718074,-2.6579139179412374,-0.9059225832887352,-2.967863710616133,0.05379847100902909,3.3067513277769,1.9756682434145008,1.8987437325114078,1.9441314303494601,3.0772414236020427,0.15671050602040007,1.194436570979738,3.6700593468633738,2.182875200155865,2.015125489887164,-0.06796144125874092,1.1161126874540321,3.2641863238165696,0.3262858379934463,-0.11230100061727204,1.038118942906249,3.0581226975230167,0.8623180084198356,1.377956975425309,1.7656788056399302,4.212315073756921,3.639857041704644,0.2554555212880538,-0.02539097671436011,0.04054250550263314,1.7695227055472729,1.5216316439748199,0.3519851070247811,2.334220341663166,0.24873772622163492,0.3948765406775903,0.5438180445231878,-0.23732335219798803,2.242773146621843,2.389016602775136,1.2558533603865298,0.5228084291646149,4.312335705341688,-0.08079464362011372,1.8621468586252896,3.613209991937252,0.5014648882752627,1.1785133221600557,0.10681191365818377,1.3352033833284251,2.9931219114461523,1.2100595166152417,1.4382327589815087,1.2107958805338033,2.018083834445113,3.2032183439205864,1.99985158741813,2.7611531055566685,0.04025113306853871,2.733963561889924,1.1619366276267493,0.24713620359557806,-0.16455069605041955,1.1469729116816316,1.8765554417546841,1.6714902083661634,1.5082971323904064,2.824605075609153,0.23816917663979895,0.11051609810538265,1,54,train
-2.0707109818914464,-2.8526544505230573,-1.6088183370826428,-1.2548414922171307,-0.6168054682474841,-1.794915682780538,-2.568056195685427,-2.2097305416240136,-2.725834822083206,-0.5394067690045365,-1.175721128680203,-0.29147467460654086,4.3903403277807245,0.14305081600152078,0.9718026673868606,-0.24240639925118138,1.4159839194559092,1.775163201715164,2.4170607028074804,-0.06267287488353177,-0.13032563684846618,-0.022224496757954945,-0.08403917687734654,2.4720112844137874,2.570365886589881,0.055692128542582015,-0.5598059680329072,3.409386676634724,1.321008285394215,-0.10570235418095394,0.8955335862625085,2.7991951317018633,0.3340954969991027,-0.5004685428934058,-0.014642024200771611,4.273906731065341,2.9188006434782054,1.2064609922259297,2.321782343279452,0.5899484971009902,3.4916070485790907,-2.624358072736515,5.91385357800142,0.4262693756272308,1.3155496198842864,5.345863604380413,1.3546482907859823,2.034309947352179,1.362923128282639,2.1890315711299597,-0.05122703858234782,1.70248120341363,-0.058974117410020316,0.5477183503098196,0.4903777192203104,0.9599877543307263,3.6365926896568275,0.7074532336966483,-3.597574223302971,-5.161365713689169,4.246668499529203,1.5703054282751532,-3.765445705253868,-0.7737225285673303,0.4889968351061564,-0.08326397676280547,3.816321835207991,0.36560889149234455,1.6772204989135393,0.5685309765465473,5.253659644559551,2.9866599484501286,0.6226104258362353,4.46774166769619,2.096565230621889,2.1546638012740673,3.059592017187841,2.53904898279259,1,54,train
-1.5540553025265076,-1.6098962376781187,-1.3891478234528634,-1.4201618502187965,-1.7749821150447729,-1.5830863960067627,-1.1648958172028379,-1.3381468858701433,-1.018402374807944,-1.7534034743517417,-0.6382154994894496,-1.7232955228463014,1.5293023392881955,1.4118265420781053,1.124564820260632,1.0969513427449915,0.8690856093590369,0.8586789597003652,1.184741499311317,1.2727833353111597,0.9640744131390261,1.0284406529480417,1.4494823162081043,0.6739372859153849,1.1213250645118666,1.2231700163713102,1.0557205291422123,0.9868002291082428,0.8461583176465576,0.7296896538532406,1.0228599679927544,1.0621262740305193,0.8551698813702852,1.326154608626202,0.8547750922847909,1.1371410187919309,0.9444263219724731,1.5484088169539636,0.9496733464397078,1.448077711326886,1.2852404264215087,1.2766860937002211,1.1256117919113768,1.7970898350948654,2.0813901145174376,0.7895076019687077,0.9062323096531705,1.2213097371349595,0.6057869124458666,1.168343155564982,1.4728114197734736,0.6629281514993857,1.5780713258280885,1.2204109196801984,1.4438742579462078,0.8060265588146078,1.2030919498898442,1.3213304518448499,1.1745455178817328,0.6010079436832945,1.1473334047815555,0.9779706496155958,1.0938865152333328,1.2776976235353752,1.5957857815672534,0.8882636794373944,0.8372641799553836,1.029708342988963,0.9992154051151314,1.151059002520179,1.0717741073555962,1.298611189984478,0.4940006806138302,1.6599354502697583,0.8815442053026581,0.6513809417904599,0.5632713969498614,0.5229084747503802,1,54,train
-1.5271131351976612,-1.015007105341869,-0.8356642744052812,-1.0219554226843492,-0.8997314776793931,-0.8005323429571469,-1.233974481989673,-1.1609031946813897,-0.43581387573764474,-1.187854174592118,-0.6967764240705433,-1.3128528226243357,0.5900181694812139,0.47260295264478946,0.6735527498714023,0.5229408818894888,0.11592850802562993,0.47867329837715605,0.2786244379170793,-0.087601390807166,0.31759337095232176,0.6328198249723269,0.5863527326682058,0.20509850693729156,0.9076176051406488,0.30823167165447,0.5612715103098272,0.9373596893628044,0.3662567544973293,-0.18272431236850378,0.018088738251901423,0.3921823619809651,0.3340954969991027,0.9234345437242412,0.4912899701382845,0.475876895664023,0.22068206922110506,0.5884829957294827,0.8301119815698546,0.05405555923747162,0.3519851070247811,-0.095150290895067,0.3433382478313166,0.6407870811164408,0.5202537216113985,0.41971639017877227,0.07470364561077203,0.3455295879048272,0.0780859135293281,0.059780902898383226,0.841806022980537,0.5551021700508337,0.44176919463928355,-0.16109194090594897,0.6178801633522618,0.3391764820883134,0.43208181451812705,0.780286123985418,0.21924514728644776,0.25297847343646757,0.5942654967964598,0.4712333823230263,0.11131883901870357,0.12608811576652793,0.3748043247569956,-0.1588272389117099,0.635354208077383,0.19758372906548927,0.3844907867379082,0.34355463548086884,0.5954850437483606,-0.003189123747506123,0.796233581886482,0.920430932099834,0.8760463726089059,0.1829667174586113,0.6097145712798703,0.6960114476630951,1,54,train
-2.4574103247290084,-1.1572961090049925,-1.830642483198989,-2.74991255588437,-1.7402368156408543,-2.4587373967467636,-2.252884787595492,-2.4829134785020925,-2.156690672991452,-0.6333579556095554,-1.016770047674377,-1.4187735194558106,4.17801172234543,2.519945601541096,2.5721680784454173,2.3178624817074893,3.197309843771436,2.7754722219630237,4.324848988433893,2.6545353607926008,1.7444693854929763,0.7301036351302895,0.8461295976171073,2.4720112844137874,1.5278904750229643,0.1923118813736034,1.961394474528264,3.8999889556471503,2.402049701330372,1.025927954574586,4.03440569239509,1.0525556467155255,1.272029388867231,1.752846105962803,0.33410721461547094,3.9042770417271764,3.5470106548663933,3.0768743949551753,2.276235156662365,0.8386308408154334,3.113989289285617,1.1953373053953793,2.126194232013779,2.827821249274728,1.0445599063987099,3.6619929078369564,2.4038546155724645,3.7356462946021134,1.3246839254626002,1.8848529042397346,0.5209558212214167,3.7345862384055706,0.773993122825841,0.9134102839943881,0.41276753583564435,3.219740785293109,3.9588508321754747,4.4392718027783715,-2.8438509951268744,-3.8910581472882506,1.8548293649962562,4.418990606568516,-3.6487049912481693,1.640584220838742,0.06297093111121041,1.2876694936530322,3.7277648299983417,2.409915034352417,1.903222196846342,2.408516051690846,1.7034482555439159,1.5446657547777762,0.9248433271088871,2.002726607129775,2.085569565234385,2.7047781810126335,2.1829771017089223,1.8517283550509276,1,54,train
-2.481182825313285,-1.1966526419330903,-1.7811089360079602,-2.713973347623138,-1.756782196309387,-2.430403543101864,-2.245689093346863,-2.500800456511967,-2.2522949395055525,-0.7033608005309421,-1.1673552823114752,-1.3298757917579656,4.375945168090196,2.466393379336565,2.5357961372849958,2.035412889857956,3.216060642974757,2.853708681647214,4.4797126316539995,2.6509741442320816,1.6151731770556352,0.8922433187268939,0.7246210640119759,2.441098837448199,1.4132181797506034,0.3040916791444391,1.7459909415715815,3.77068292862062,2.6697842576136255,0.3386550969010644,3.9292230292266264,1.1147647242629841,1.5353090778126706,1.4364231978255484,0.5551454645694275,4.022965474083468,3.489111114646284,3.109833221434986,2.3502493349151314,1.1188362985218483,3.173329222888877,1.2064303219824033,2.104363342411545,2.623767822102065,1.6218858177375468,3.790759490513809,2.3341977641343576,3.6540323738853266,1.684132431970967,1.9085112449978632,0.5263033245840687,3.668231788283385,0.8269563577541327,0.8818072773796722,0.5624443180775004,3.07074607995493,4.07630940748601,4.3768436111022835,-2.7299160885421156,-3.8587411250510453,1.8440553148407024,4.350512597474926,-3.4395445453212927,1.3813795084791942,0.08053900962646592,1.3146563729919265,3.664003786247394,2.493927615565845,2.1156637929031765,2.5250216568855723,1.6325115864960298,1.558971252730875,0.719067734753039,1.97576550490483,2.4979070172657982,2.770138305338008,2.4964685284364823,2.3659460098798752,1,54,train
-0.3052066051658577,-1.1663783858345533,0.5060487647256275,-1.5179164966893468,-0.9642584622866707,-1.700469503964205,1.7148210210983528,-0.48607629703613564,2.6937320359348607,0.048248692309209154,-0.755337348651637,0.07924776430362178,-0.7343365220474036,-0.4913370470367714,0.5862600910863901,-0.6569695098690445,0.20968250404223662,-0.5831072259082816,-3.009756752160918,0.35398946269721204,-0.7398649051959301,-0.041681258789547475,-0.6957717943376631,0.3287482947996459,0.7825205557526188,-0.966886021435063,0.02765821275804541,-1.230417822552571,0.8865710808591242,-0.05830422606553865,1.2138495405881229,-0.7515076021607737,0.6796500887399921,-0.6251199915535365,-0.8447634518056306,-0.7856115853799859,-2.390587194705831,-1.660956911517584,0.334786327109034,0.48487145046108454,1.495627463742158,0.4742912272388262,-2.636578182873657,0.8134476733394634,0.7676791121851859,3.4374768149644956,-1.2661907445727816,-0.031150046172649045,-0.6484589400514132,0.8269870960548401,-0.5806298714848963,-1.9110715594904057,-0.5693471085371954,-0.490666152745128,-0.025175641834971327,-0.9024460623965123,-3.1760046783542064,0.1351948099991721,-0.3767220563876751,0.5338879744214065,0.10225053969283558,0.2863427577703321,0.20860276735678568,-0.7070698882463038,-0.3410948747396662,-1.1843286537896986,-1.0791094127814302,-0.2264797761070503,1.05797584657766,-1.5848140022249462,-1.9008101194129663,0.8866128489352347,0.1724763175578177,-0.06172350609459694,0.15583028972737062,-0.8301152095846893,-1.938854620079369,-1.2335775739227572,1,54,train
-1.1483379592215248,-0.2066844675109347,-1.3805332935065975,-1.3008436787915072,-1.2703480046545255,-0.7438646356673472,-1.0310559041783447,-0.838937590503654,1.8631699705936133,-1.5691854614007243,0.9784843112671742,-1.6230491490593697,-1.482884825954883,0.46024474752066685,0.42986074409657665,0.9967272940241895,0.17218090563559393,0.6686761290387607,-1.615983963179963,0.4893156919969408,0.37300603171118213,-1.1377455199025932,-0.16783816557054057,0.3287482947996459,0.2664952270269949,0.3703315593049343,0.5563759754699027,0.37449815995319824,-1.0229319809346475,0.41567705508861424,0.13987919034170176,-0.014569298906264174,-0.8561480967750718,0.8898745383157445,0.4667301645878449,-0.9314288022748579,0.13672773590194634,-1.7474738310270863,-0.6330913885040635,-0.39427317309279225,-1.859776054551279,0.45210519406477845,-0.43165833304799883,-2.21072876014257,-2.637365548568364,-1.5282908862146376,0.31414907242926376,0.19171873732319106,-0.5643326938473274,-0.37958828260971983,0.9487560902335771,0.6076327763975641,1.0821428533177202,0.5883507873858828,0.7509261920116894,0.9103228525513333,-0.9442917474540403,0.7074532336966483,0.845887133502621,0.5537753727212251,-0.2532931154404403,0.43699437777623107,0.4420841953681827,0.4001045259751926,-0.14784601107185566,0.5590237515028822,0.12172357786141619,0.29359810759512084,-0.6053966502077673,0.5645135418846602,-0.3199357806315035,-0.5525202451464973,-1.0171638257494287,-0.3082250121512384,-0.949234081716817,0.18841339448572583,1.4805240899675374,-0.7600900303673898,1,54,train
-1.151507625966095,-1.945940480371878,-1.0337984631693962,-1.1369608891202907,-1.5416922476184618,-1.574991009251077,0.26848647712399176,-1.100737905011813,-0.6344914920872596,-1.4678655542776646,2.455056195347609,-1.5019969241091125,0.755562505922291,0.7733192773317721,0.7462966321922458,0.8509468595212046,0.5065701580948244,0.35014197175312944,0.6048265800190049,0.5605400232073243,0.42380097074013745,-2.6683441330545388,1.5123315577279999,-0.7737956469730136,-4.11711387861189,1.2190300238612792,-1.0738371262249906,-0.5952970427457855,-2.0837670152645207,0.45715041718960264,0.5384661244537756,0.9999171964830607,-2.6332859971567886,0.7076916518124765,0.5256736979089,0.6522139951647985,-0.7520302064767338,0.856273460877943,-2.1873891318121554,1.563662462630782,0.4976376713236923,0.9845699902419254,0.8236178190804699,0.8343762299725571,0.973866937663342,-0.0788414042880157,0.5623016056775187,0.7316262128342403,-1.8415220680366309,1.1784824444613227,0.6439483985624128,-0.42362596925140705,1.048438976545171,0.8050571184582196,-1.2004155616599146,0.35904244280007064,0.838669190593056,0.7421355624055862,1.0606106112969742,0.5761486958085211,1.283804706751904,0.632156703692964,0.5199113380386484,1.0370075334872237,1.7934266648638777,0.5536263756351033,-0.643408947149955,0.7136610136622591,-2.955814308708915,-0.6688388993146841,-0.7860910343747555,1.5847211490464528,-2.5540502811571684,1.475059320727277,-2.6425665513924876,-0.00766697849039687,-1.6427793837255622,0.6298250168435275,1,54,train
-0.7093391150985554,-1.3994901577932874,0.28637825109584797,-1.25627906054758,-1.0387126752950677,-0.6588630747326476,-0.017902153971429018,-0.6129112320152437,1.238754604923395,-0.2796593707436019,2.409044040319607,-0.41630978158649357,-0.7883183708868853,0.11833440575327564,0.058866944260274834,-0.03740266323135898,-0.00907681999651231,-0.8234049235097227,-1.0591338418140497,0.2293468830790408,-0.29656361912504725,-0.3724462133266204,-0.17621806443986,-0.24828404855800765,-2.725409204170056,-0.4121270250909155,-0.6870898738709468,-0.3062600411570688,-2.341398380744633,-0.6863294235947912,-0.17013286952324458,-0.7036544655858056,-1.8982968655174364,-0.4381428185633404,-0.2651520408152557,-0.5685813090713392,-0.5262219996183068,-0.7010310902931032,-1.2878321961246884,0.5374099737810374,0.28725063400304274,0.06384961351894214,-1.5595876291634345,-0.30623010653104715,-0.25736893447764747,-0.11516018401738437,-0.6479861880595849,-0.3356327503852757,0.7969829265460617,0.6242013181280234,-0.4683323008692042,-0.2411512314153961,-0.3382348106682859,-0.13400364952190688,-0.45757523497811087,-0.8130492391936048,-0.5015632712835619,0.4161216725415695,-0.004242554091348312,0.31015474354844624,0.2387218416631839,0.1562345404925102,-0.2583600886660084,-0.5293295140568997,-0.3235267962244107,-0.7147569532929354,-0.6186129856912531,0.0895675532196537,-1.4596830683937614,-0.46394973155844127,-0.30642403414619185,0.1541713537365799,-0.1812004818037961,0.3889120596652007,-1.383562864523239,-0.6449281906627956,2.7344897968777784,0.15633747328816014,1,54,train
-1.7014448061490208,-1.7446166773166079,-1.20824269458128,-2.3574564016717194,-2.296161606103553,-1.9284895642493516,-0.921681351599189,-1.4519731095693427,-1.4501153907856787,-1.7386660333156603,3.2288969844549196,-1.6741180564602594,1.9755522896945774,2.3345725246792575,1.6592323553188315,2.408975253271855,1.4691111838653197,1.0654467460085821,2.5192048079101035,3.1068098639785364,1.0471934042773166,-3.6087542979148446,1.4788119622507223,0.2669234008684687,-4.820784781419559,1.6785691924747148,0.6004357890292241,0.7053694644034397,-5.917927925056778,1.1325737428342706,2.606135845160159,0.990346569168067,-5.309962834768757,1.378891759982411,1.228084136651473,1.676325611496225,0.9299514369174458,2.6442897974076627,-3.747380273447384,2.3307249031020927,1.6358854886225913,2.323127325076142,2.108001824011917,2.1999645502819183,2.546785492025276,0.8357315034424496,0.9497678418019871,1.9903639900431402,-2.9045719064337154,2.6385400455344037,1.7241440778181178,1.1025263835588666,2.704743777939022,1.8660151976665356,0.6954903467369279,1.511268164081989,2.10360769393728,2.6080448469464477,1.845008622015121,1.0037277592546228,1.4885116597074264,2.1078577996598384,0.918775444224785,1.3517561127809603,1.8285628218943888,1.4010143868763887,0.5645086039096634,1.8978383488610489,-4.673427212998215,1.1430241331964048,0.8420744171052983,1.7764148216179758,-4.12951966013163,2.0605003976118006,-4.506331834574476,0.7167410661158341,-4.29004032053607,-2.6845877880440447,1,54,train
-0.5286681106580553,-0.9014786449723559,-0.29510252027709805,-0.4857424354267722,-0.6383144631165766,-0.48346302835945787,-1.1864828999487238,-0.38038051788687904,-0.5717511921873812,-0.607567433796413,0.8404478461831675,-0.5846480319079449,0.4928508415701468,-0.3595161923794639,-0.43942864963750305,-0.35174172512841995,-0.26846287564245747,-0.2869263428181332,0.12046582356463056,-0.3903047984512961,-0.6475104705978295,-0.4827011981723114,-0.09241907574666594,-0.32041309147771435,-0.37462715108665884,-0.45352695019122496,0.05213588695766843,-0.06286046087183364,-0.2803474569037363,-0.6567055935226567,-0.2974592512534904,-0.10549025839870366,-0.29667875776601277,-0.4621142509979809,-0.33883145746657456,0.28936650196127983,-0.09197544796748598,0.4937263696000275,-0.35980826880154193,-0.005488100525141551,0.3519851070247811,-0.5055919046149511,0.3287843214298271,0.7140370293322685,0.48490723724371465,0.5781983380887445,-0.5347938044726614,-0.2854087991749455,-0.044279535494796775,-0.1362453490975397,-0.43624728069329216,0.03532564409371145,-0.3671238479018996,-0.4726072918224333,0.17439340115416999,-0.21707041784088849,0.2513763140403808,-0.08330386086713697,-0.2846977087615238,-0.0005858548862206545,-0.10604776331453816,-0.3196876227079435,-0.3361872313364741,-0.4663797981981524,-0.07318167738201975,-0.7903202154418398,-0.32460372839521695,-0.4825181188527346,-0.16695335621813023,-0.04613652672218132,0.3455177337700952,-0.20346609509088834,-0.5284467939042897,0.015308214548103513,-0.6468532835604472,-0.4434011406595584,-0.5861971677178593,-0.49534430708911975,1,54,train
-0.41772977459809907,-0.8712043888738189,-0.105582861459249,-0.41961429222610586,-0.5092604939020215,-0.41060454755828674,-0.9303161846975434,-0.19175420432820559,-0.6285162254301283,-0.333082594499397,0.8132588454848025,-0.2782345875026065,0.3273065051290696,-0.26888935480256504,-0.35941037908457524,-0.36996427944129306,-0.3372158060546357,-0.7339918267277912,0.31157414924050614,-0.5185085946299866,-0.6290395836782093,0.32799721981071056,-0.3019165474796511,-0.8768371368583089,-0.47366231518551594,-0.49906686780156545,-0.6136568512720778,-0.1617415403627104,-0.41674053274614853,-0.5382102732341185,-0.4303215626241817,-0.42132095979349343,-0.049854049379663236,-0.37581709423327503,-0.6089893185214104,0.1130294024605044,-0.13829508014357353,0.5184454894598854,0.07858340238791992,-0.23665760313293385,0.13620353028565327,-0.6239174148765393,0.5252623278499353,0.11757316528909938,0.4318875106921888,0.3206651727350395,-0.3780658887369214,-0.42980265890464475,-0.22017986846697626,-0.244397763991842,-0.4843748109571602,0.2343889944602689,-0.48749483637529,-0.5267838745905175,-0.5850776791100623,-0.6044566517201541,0.16102356380150765,-0.3954448192475785,-0.35919360922078913,-0.037874726698380684,0.023240838552107606,-0.3333832245266616,-0.48697732026050133,-0.6367143234629979,-0.4377193065735715,-0.8011149671773976,-0.18999708047654984,-0.3384965510582872,-0.31611447685378,0.04224703583933521,0.1293297900051088,-0.21491049345336732,0.10174095768549493,-0.06942667815886698,-0.14655050842899914,-0.5959080974187649,-0.568780977344106,-0.5513482100902922,1,54,train
-0.5112349435629193,-0.7803816205782084,-0.08189290410701787,-0.2902331424856717,-0.5588966359076196,-0.5455276601530481,-0.7806457443260671,-0.44867625210639867,-0.5971460754801892,-0.5486176696520874,0.7965271527473472,-0.5808651498782494,0.27692344621222004,-0.41306841458399507,-0.14481592623808692,-0.45196577384922204,-0.2934639412468859,-0.6557553670436009,0.28191940904942203,-0.5398758939931015,-0.407388940642768,-0.11302271957205341,-0.11755877235462416,-0.7274269765246307,-0.15049493759977176,-0.37072709999060593,-0.4472086667146412,-0.10469476373335844,0.07831581660779229,-0.8877714680853063,-0.4635371404668545,-0.148558081316175,-0.12664395865541644,-0.4381428185633404,-0.437070679668333,0.38092614977899014,-0.0688156318794422,0.1517785448719936,0.05580980907937644,-0.11056514716504715,0.06067997842695855,-0.5425686265716974,0.3979154718369022,0.6041621070085269,0.325848057589137,0.3900010249456525,-0.6436326348447031,-0.30738177782946496,-0.09016657887884359,-0.35255017888614426,-0.6020198849355043,-0.15267863125248168,-0.4152722432912558,-0.6080487487426438,-0.6349699398573476,-0.520026318695186,0.10380015531688801,-0.39891305211847233,-0.3723399445959536,-0.12488209426008742,0.1381640402113483,-0.3333832245266616,-0.6426316056014327,-0.42194470465080136,-0.0468295596091365,-0.633796315276252,-0.18291252005977787,-0.19447498326383977,-0.26187406934990737,-0.1987990438738917,0.2509355083729136,-0.07757771310361952,-0.4319894849874859,-0.07327826419100202,-0.4269399758103602,-0.6667148987712537,-0.6210295484653661,-0.5717132657270823,1,54,train
-0.3907876072692525,-1.199680067542944,0.20884748157945515,-0.5949976285409165,-0.5870237830441252,-0.49155841511514353,-0.9029725465527545,-0.1819976708682742,-0.8032927751512181,-0.22992050724682722,0.8571795389206228,-0.17609677270082694,0.5000484214154111,-0.53253106411718,-0.5158097260743887,-0.15129362768681587,-0.10595594921367255,-0.8401698791563349,0.3016892358434781,-0.36537628252766186,-0.6382750271380194,0.1010016627754644,-0.415045182215463,-1.0468555951690461,-0.8385287092339367,-0.3914270625407607,-0.6772988041910977,-0.10089164529140164,-0.4521017005571443,-0.19457384439735761,-0.31960296981527225,-0.3878237641910158,-0.2473138160887429,-0.466908537484909,-0.5402218629801794,0.408054934317571,-0.013811068670338218,0.31245282396106977,-0.18900631898746592,-0.07553946495174528,-0.12812890121977827,-0.46491751046253016,0.6853555182663197,0.07048391286463865,0.5084715601555039,0.5914051670812422,-0.4303085273155014,-0.30110378392817366,0.20045136255345297,-0.051751274961366014,-0.5859773748475483,0.06020856288953113,-0.37193868744083525,-0.6306223248960122,-0.7125801232420137,-0.683920494567183,0.29655268915981736,-0.17694614838126943,-0.17076280217676498,0.026759317776030037,-0.1024564132626869,-0.2922964190705073,-0.20485392808006325,-0.4737856471227109,-0.15223803070066952,-0.5474383013917898,-0.2431312836023395,-0.5265247090121491,-0.34775471456437235,-0.32735695305427936,0.33876186052743934,0.07978276438046651,0.13389339399109618,0.02301138661237356,-0.795294766291756,-0.6394815136356811,-0.4875054222665904,-0.7549987664581922,1,54,train
-1.2672004621429065,-0.7243742467959152,-0.8938123515425758,-0.20829174765006342,-0.8848406350777137,-1.139189355569998,-1.3706926727136175,-0.9560159920228307,-0.6016275254730377,-1.2744366406790963,2.406952578727425,-1.3450073198767476,0.7015806570828094,0.35314030311160455,0.2661870088746788,-0.08295904901354173,0.4003156292760035,0.439555068535061,0.12376079469697324,-0.4757739959037564,0.33144653614203684,-2.1365259708576763,0.25534672733008934,0.39057318873082303,-1.2398817426871998,0.6063111323766985,0.8060482523060575,0.9868002291082428,-0.1793155488723198,0.3860532250164797,-0.5272003313319774,0.061995719613684865,-1.2949475783508042,0.7076916518124765,0.44708232014749316,0.5267433666738621,0.6607185748939369,0.5967227023494353,-2.0165871819980796,-0.11056514716504715,0.3411960281878247,0.3781517501512858,0.5580086622532867,0.42103723646895735,0.6262931747144502,0.7366802859987169,0.0659965391810087,0.4553944811774244,-1.4132429964521938,-0.25791681585362974,0.857848533068493,-0.0835594123752048,-0.22749350127276682,-0.025650483985738427,0.9172337278359738,-0.520026318695186,0.6549519317740141,-0.18388261412305704,0.22800937086989073,0.5115146513341104,0.019649488500256333,-0.3025681204345459,0.4226274097005663,0.4001045259751926,0.16837940220274344,-0.08326397676280547,0.6814038507864006,0.17758073353848267,-2.0789277207296406,0.5042520219563534,0.5988629803696885,0.17133795128029838,-1.795252784344979,0.26566130663688,-2.6095795552299745,0.09037320799766448,-1.5092552575267866,-2.648948940679662,1,54,train
-0.9486489543136037,-0.22636273397498366,-1.3611506011274992,-0.7861942164906692,-1.7121096685043486,-1.9096003284860852,-0.5201616125257096,-0.9397551029229451,-0.06982879298835418,-1.7626143749992926,0.9241063098704443,-1.840564865766863,0.10058274000324656,0.5549909868056067,0.2625498147586366,0.8828363295687326,0.4784439592898424,0.26072887497119784,-0.0014481083320487013,0.33618337989461616,0.45150730111956766,-0.8848076134918903,-0.09241907574666594,-0.08341766474153521,-0.28080436404563636,1.7820690052254886,0.18431532763563274,0.30223890955601906,-0.41674053274614853,0.5815705034925678,0.42221160200442076,-0.32082937298606035,-0.9493929866099149,0.7604288031686857,0.5797052701198672,0.19441575607624692,0.2901615174852364,0.1270594250121357,-0.5989309985412484,-0.13508312471435846,0.14159806970413147,1.4024069483531587,0.059536683002271516,0.3059301749869423,0.3965410263245049,0.09945078711070318,1.241455907199059,0.7065142372290752,-0.8473027947156162,-0.29509420847354617,0.5583883447599807,-0.01996973100811006,0.8751047531434889,1.1391460455280724,0.2298292464289315,0.3093775410206776,0.10982367199947954,0.18721830306257903,1.1613991825065684,0.5736627710210438,-0.18505746445526614,0.09460433230827879,0.8117631230528947,1.729454407933444,0.14202728442986018,0.7317397792718067,-0.0022562294320930196,0.4256178780733643,-1.2743616760888632,0.13866546772462596,-0.29966816090353604,-0.10332760941919723,-0.9078455423103844,-0.16571632896224256,-0.7842991009042516,0.379047090434734,-0.06371145650525904,-0.46988798754313227,1,54,train
-1.096038457936117,-0.5397012845948402,-2.125690133858595,-1.4402878068450862,-1.9437449978638064,-1.0528385635093507,-1.5376327792818025,-0.8779637243433797,2.2216859700214897,-2.0260461335192477,1.1437097770495457,-1.9691828547765113,-1.9039432469028401,0.8886625251569161,0.520790596997631,1.7256294665391134,0.36906429727046797,1.3783925847453427,-2.2585033339867864,1.2941506346742748,0.80245415259235,-1.7084772061626408,0.5235034911483103,1.8846747920676044,-0.4059014134336663,0.8961106080788651,1.8536927080499228,0.8955253865012797,-1.2553053694069056,1.7368998763058157,0.47757089840887545,0.3586851663784874,-1.6459871636113903,1.0720574248190125,1.036517653358044,-1.3383605703535704,0.6549286208719259,-3.1029055700092933,-0.6729451767940147,0.26070708429595263,-3.564450510790388,0.8884305131543849,-1.0138153891075785,-3.3042458442217133,-3.9216211472608795,-2.6178542780956975,1.1717990557609521,0.24194268853352122,-1.872113430292662,0.022603510278466812,1.3925988693336937,1.080408233518138,1.8284429818527403,1.599646999056788,2.1035608167158695,1.9284533390288905,-1.6219373742455887,0.9432930689174264,1.7529842743889696,0.8098256258313907,-0.05936021264047164,0.5842220973274506,1.7748740135999075,0.7111501808066497,0.5460930902807368,2.1728391359687698,0.617642807035453,0.7296634100838644,-0.9669993669002517,1.6612732045798426,0.4367220225459488,0.005394175024353114,-1.6280601155558525,0.02686297264450858,-1.1911387202419128,1.0272016566613618,2.1133123402139087,-1.427045602472262,1,54,train
-0.04846359885567332,-1.4660935212100685,-0.040973886862255,-1.4259121235405936,-1.6376554554959513,-1.5277679198429106,1.084478204918482,-0.3998935848067418,-1.0811426747078223,-0.43624468175196673,2.411135501911789,-0.3728066382449949,0.2553307066764274,-0.43778482483224024,0.24072665006238356,-0.032847024653140704,-0.08720515001035122,-0.8625231533518178,1.2770006910169123,0.9487126283039146,-0.6013332532987792,-0.5021579602039039,-0.2055477104824779,-0.35132553844330294,-3.0433642046979656,-0.12646754189877984,-0.6626121996713238,-0.568675213652088,-2.649545700240453,-0.301219632657042,0.8927656214422857,-0.4356769007659839,-2.594891042518912,-0.697034288857458,-0.4125108741178934,0.3944905420482806,-1.5915735396683208,1.4454124842045557,-0.7981999399910038,1.1678722536204709,0.055285439008480354,1.2101279941780778,1.2602356111251547,0.37394798404449664,0.5438180445231878,-0.9570955322891123,-0.3606516758773947,-0.4831656070656205,0.024551029581273462,1.1108871851523838,-0.7570974824524125,-1.1756430706361796,0.05176719198549881,-0.44551900043839116,-0.9287799198135834,-0.356132142823189,1.2723623917396472,-0.15613675115590667,0.00013955770037318008,0.5338879744214065,-0.030629412225661467,0.0363980245787269,-0.06865642840674831,-0.30345112185786527,-0.011693402578625486,-0.4880671668462221,-0.8346920784027977,0.005554972006226061,-2.8292533578665457,-1.821842647276286,-1.6103075699787661,1.2127782022658857,-0.8113882333935807,-0.40066307692247893,-0.27300066038529924,-0.4978679109307036,-2.594864457490745,1.8211807715957427,1,54,train
-0.9185371202401871,-1.384353029744019,-1.1457873524708526,-1.3396580237136375,-1.2819297711224984,-0.8545015879950515,-0.8108676601703075,-0.6535634547649578,-0.49108509231610903,-1.261541379772525,-0.6068435756067208,-1.1936920386889263,0.5000484214154111,0.369617909943768,0.2516382324105101,0.5138296047330523,-0.04032815200204787,0.36690692739974157,0.6806109160628867,0.674498953143938,0.17444399732526583,0.3215116324668464,0.6994813674040177,0.16388191098317345,0.8711309657358067,0.11779201619304629,0.21368853667518037,0.2680108435784079,0.8714162946544117,-0.03460516200783101,0.1813986626450428,0.8515724731006593,0.6302851470627222,0.5159201923353524,0.1769244590926574,0.45213920919276485,-0.01670604568134369,0.58024328910953,0.2436919538748601,0.7580717717248391,0.18475438505195704,0.22654719012862592,0.4270233246398812,0.3687158448862232,0.7617880314572386,0.33057029447941283,0.039875219891718695,0.05674186844542874,1.0034746217742723,0.9351395109491425,0.7348559557274968,0.38645127599027806,0.9280679880717806,0.001437807398303683,0.27417792264874064,0.7215962257896397,0.3628113726683243,0.6727709049877103,0.32003371849604206,0.2852954956736729,0.3644190934779784,0.4061792736841154,0.38371383836533346,0.07054424883233916,0.7964382091231277,0.20279694422947558,-0.037679031515952796,0.1615783371168774,0.4070909565311885,0.24311876893369094,0.5076586915938349,0.30008743285818695,0.7769421201031212,0.7047421143002727,0.7166092244900928,-0.045793717680198506,0.3194447317173145,0.3447142379284676,1,54,train
-0.5445164443809062,-0.5987360839869872,-0.7495189749426225,-1.2692171755216233,-0.7044959857907074,-0.2459983501926779,-0.5863619996130933,-0.3218413171272907,2.0259959870004405,-0.9888987206050193,-0.5545570358021727,-0.8740385071796535,-0.8998808584884808,-0.26888935480256504,0.04795536191214831,0.19493490425777305,-0.16220834682363655,-0.23663147587829664,-1.9224162784878327,-0.06623409144405094,-0.17188513241761144,0.5420216021582284,-0.004430137618812196,-0.23797989956947813,0.16224768587030325,-0.22582736213952267,0.003180538558422386,-0.2416070276438032,0.780487577426137,-0.2538215045416267,-0.37773023103994974,-0.08156369011121958,0.3670054581172827,-0.22719421313850383,-0.05884967419156292,-0.2701646791469499,-0.34962840194697303,-0.9276230223418004,0.06719660573364818,-0.13858569293568865,-0.7808681708556398,-0.33549898361391806,-1.0138153891075785,-0.9707117796317708,-1.5298423717142682,-0.9736040685297345,-0.38241944195180305,-0.2854087991749455,0.4451822606017027,0.04964161400204239,-0.4736798042318562,0.22885945695008672,0.6054737389630944,-0.48615143751445433,0.11895755587940852,0.23984667852952735,-0.18532864544750602,0.17681360444989766,-0.09626690171749963,0.2281192255616942,-0.15632666404045598,-0.04919948678826117,0.13077562468631998,-0.5145178162077827,-0.033653500722694865,-0.1264429837050366,-0.21479304193525167,-0.2744869653718661,-0.02683230349979262,0.04626447050122232,-0.049700850925270545,-0.27785468444700173,0.3846823971747859,-0.0540203340303269,0.17232378780862717,-0.17651396633094696,-1.1667368468429709,0.5840036416607501,1,54,train
-2.501785659152991,-1.1467001193705044,-2.108461073966063,-2.839041792372224,-2.089344347746894,-2.269845039114098,-2.4543642265570944,-2.4260003666524925,-1.0482787080936005,-0.6941498998833912,-1.175721128680203,-1.7876045173511255,2.0979111470640692,3.372661755105554,2.4885126137764475,3.2153232816164894,2.6816628656800994,3.4293054921808985,2.163347925617094,3.441564220667339,2.178535228104049,1.6964561493660515,0.9885878783955372,3.5178824067495347,1.2829087533047387,0.2875317091043153,2.886650559274014,4.287907036726744,2.917312432290596,1.025927954574586,3.8351122253390533,1.1291206652354746,2.122203384420213,2.7164976898353523,0.35375505905582266,1.9204846723434528,3.6280700111745463,1.8532779618922106,2.373022928223675,1.1958927993911124,1.8139052894323717,1.4726627200709768,1.1110578655098873,1.6715184952963036,1.121143955862025,1.991329040285998,2.6520071488207195,3.4845265385504627,1.8523849243791386,1.9693469783759083,0.5049133111334607,4.226715076811782,0.9136234694549737,1.527411555366009,0.7952748682314985,4.0491446450089725,1.8867610933639845,4.612683446323061,-2.3881113687878393,-3.2298021538192794,1.6465310619888824,4.456653511569991,-2.9190755287125536,1.9479269512079198,0.2298676770061377,2.000123108199845,4.000520406044062,2.8499809359465624,2.1292238947791446,3.4570664984433828,1.814920164047737,1.2957500903938584,0.3525299608691847,1.9141401283906698,2.5913701730595853,3.031578802639505,1.4166647252637752,2.3506722181522823,1,54,train
-0.43674777506552015,-0.0749914534822993,-0.3554042299009591,-1.2102768739732033,-0.861677102141768,-0.7506107912970852,0.4397440002413539,-0.4340414519165016,2.0827610202431877,-0.8894209936114698,-0.4625327257461683,-0.8324268048530026,-0.6047800848326476,-0.23181473943019731,0.037043779564021787,0.22682437430530097,-0.0028265535954051972,-0.6110488186526352,-1.7675526352677267,0.06196970473463946,-0.49050793178105856,0.5939063009091419,-0.5658833618632123,-0.6913624550647774,0.391592276415025,-0.19270742205927505,-0.7947916403492882,-0.8158779123792799,0.3814115407020418,0.048341562194145746,-0.009590909950325929,-0.22033778617862723,0.30667052940061945,-0.2655485050339287,-0.29953576858587116,-0.3278133462914342,-0.5204320455962959,-1.2695708470698341,0.015956020789425363,-0.39427317309279225,-0.2575978472632549,-0.22087114554800447,-0.13330284181746424,-0.9288546663655834,-1.4002385956994272,0.6211205323143622,-0.6218648687702948,-0.1535709272478288,-0.03663169493078897,-0.4269049641259771,-0.40950976388003213,-0.5452757944754144,0.16732334091995354,-0.20172437798201215,-0.9066055817036789,-0.3958640642467034,-0.9924798809147727,0.02074312525967688,0.1447492468271824,0.28280957088619557,-0.28920661595895303,-0.11082969497249259,0.048084285598950206,-0.2627189527727935,-0.4728554636040825,-0.5042592944495587,-0.4627526565222701,-0.1784725868422345,0.24436973401957057,-0.700978376609781,-0.30304609752486394,-0.21491049345336732,0.30751655004134293,-0.2697091518298882,0.17232378780862717,-0.26366079876477927,-0.9112993880279219,-0.04222181917054232,1,54,train
-0.6903211146311343,-1.0089522541221616,-0.6892172653187615,-1.8859339892843594,-1.310056918259004,-0.8275169654760992,0.07564187126074359,-0.5982764318253466,2.3695738197854888,-1.3647034670250948,-0.7741605029812743,-1.3204185866837268,-1.2741550104422203,0.26663286724274654,0.2661870088746788,1.137952089948956,0.0971777088223086,-0.2254548387805552,-3.2964192406747315,0.9843247939091064,-0.23653323663628187,0.8857577313830297,0.6869115191000386,-0.6604500080991889,0.7460339163477767,0.2751117315742224,-0.8584335932683079,-0.4774003710451247,1.3361630715989277,0.05426632820857266,0.5633778078357803,0.25819357957105427,0.9758397388036115,0.0316972571556138,-0.049025751971387074,-0.9280377042075353,-0.28304393069384715,-2.1223804822349313,0.4258807003432079,0.3552764262718677,-0.9103371168991164,0.355965716977238,-2.0143978292099813,-2.132246672768469,-2.5666725798329963,0.010304691411343742,-0.2561663987202347,0.13207779526092397,0.5293085068057886,0.9148609331564609,0.1894106127369924,-0.459567963067591,1.409551941965342,0.25426186031603004,-0.8678004900113458,0.5527355597397035,-1.3388320901637862,0.5687239188608965,0.5435214198738381,0.5363738992088838,0.04119758881136396,0.2829188573156526,0.364257052697717,-0.04424640949831765,0.8140062876383832,0.10024680274167672,-0.5123445794396738,0.05356216127104186,0.6150125186293669,-0.46796716622032836,-0.47869880183391544,0.09408826233356524,0.8412469927143238,0.09619152122293899,0.12284329356485757,-0.11115384200557274,-1.5556984318567957,-0.01167423571535732,1,54,train
-0.34482743947298494,-0.1098068479956167,-0.3510969649278262,-1.1484614357638847,-0.6730597625204953,-0.6898953906294427,0.41383950094629074,-0.40802402935668464,1.7959482207008863,-0.8488930307622459,-0.5712887285396281,-0.7870322204966561,-0.4464333282368346,-0.4295460214161585,-0.021151326292653004,0.10382213269340755,-0.28096340844467166,-0.6334020928481181,-1.4743002044892277,0.01567388944789015,-0.21344462798675673,0.6328198249723269,-0.4024753339114839,-0.5574085182138935,0.06321252177144616,-0.08092762428843937,-0.8633291281082326,-0.549659621442304,0.46728866252874585,-0.9351695962007215,-0.13691729168057176,-0.37825313687602213,0.33958049051879935,-0.4285542455894842,-0.2504161574849919,-0.4091996999071767,-0.5812265628274108,-0.7999075697325346,0.26646554718340354,-0.16660623870633012,-0.33312139912194966,-0.165406062612885,-0.2606496978304973,-0.7404976566677406,-0.9642986218313256,0.5748966308406201,-0.4956118255387264,-0.4329416558552904,0.07043807296532029,-0.5215383271584916,-0.291864689901688,-0.5203928756795947,0.26843497123760146,-0.4545484308997385,-1.3944410201215798,0.21501422763983083,-0.8750213056042376,-0.010470970578367277,-0.161998578593322,0.0739918887380994,-0.14914396393675342,-0.0389277854242226,-0.34105142775337816,-0.19236338798948774,-0.34548689436848007,-0.36392752188730765,-0.7177968315260604,-0.1304653975774187,0.09520861338392081,-0.5563507287818449,-0.5361237243964899,-0.19774389590964883,0.41040434621926697,-0.3814051467618038,-0.058585185328964284,-0.5686747122831923,-1.0506289110179485,-0.4495229319063423,1,54,train
-2.1039924827094336,-1.850576573661487,-1.8371033806586883,-2.5500905579519215,-1.6508917600307775,-2.322465053026055,-2.438533699210111,-2.2536349421937047,-1.974445039948948,-0.587303452371801,-1.075330972255471,-0.2952575566362364,3.339493670372148,1.9473487641234168,0.9281563379943545,-0.3016297007680189,2.4847794740452254,2.484879657421746,3.68232961762707,2.3375870869063937,-0.4397129927521032,0.4836513160634508,-0.18459796330917938,2.7193108601384965,1.6634122785266634,-0.006407759107882253,-0.3639845744359229,3.2078213992110136,2.4980300139602174,-0.07015375809439248,3.491884587631434,1.8134205182575192,1.1513595314339047,-0.49567425640647766,0.393050747936526,3.2769238992724947,3.6628097353066122,2.7637655433969757,2.1452869951382403,1.4410725748842255,2.7633442270845343,0.6000120818917637,2.941214110497191,0.22221594845456766,1.2389655704209714,3.744535589040067,2.342904870564121,2.863005142322627,1.5770626640748575,3.1184663866278703,0.03968051858273626,3.684820400813931,0.6199182575799013,-0.01662105352439106,0.4238547048905967,3.07074607995493,3.3956520223531657,3.35024668131772,-2.751826647500723,-5.250859006038354,2.806537128736843,3.576711094717354,-3.677890169749594,-0.3404803664806578,0.3045320106959736,1.1635298486941177,3.656919225830622,1.9498461372312659,2.1789442683243614,2.5973354807995404,3.1052919533949996,2.5546339102665465,0.09531047042437468,2.7614890554603746,1.7062191093654846,2.563164578307656,1.6256590097488153,2.040105119691235,1,54,train
-0.9692517881533099,-0.6259829144756703,-1.4860612853483544,-0.24135581925039656,-1.1611484922422097,-0.6656092303623856,-0.0970547907063443,-0.7950331899339629,-0.3357281592306959,-1.7828783564239046,-0.5273680351038078,-1.6835752615344983,0.2913186059027485,0.14305081600152078,0.2770985912228053,-0.09207032616997829,-0.030952752400387203,0.7580892258206922,0.14682559262337203,-0.6324675245666002,0.5253908487980481,0.7949595085689313,0.5318833900176296,-0.25858819754653717,0.6678482604802579,0.17989190384351056,-0.14368550663931576,-0.37091305467033436,0.2854312280721961,0.6704419937089714,-0.3445146531972769,0.5022445761033919,0.33958049051879935,0.7028973653255484,0.5600574256795154,0.3944905420482806,-0.4567425513541755,0.5184454894598854,0.7617912016442241,0.1626351740987074,0.6918410903889073,-0.1173363240691148,0.1977989838164217,0.8029833950229166,0.6852039819939234,-0.2043062797167438,-0.108145589414258,-0.049984027876522855,0.391647376653648,-0.6229312161219,0.9434085868709251,-0.3157999878028551,-0.04934443833214908,0.0556143901663879,-0.17485242407682733,-0.2617688294423422,0.314623239207592,-0.2705884358954019,0.6355457674999895,0.4394228324972677,0.10584188974468685,-0.22724231043159637,0.8263557123036069,0.08905887114373542,0.4538606780756454,0.7047528999329121,-0.40961845339648045,0.05756276037644318,0.2714899377715069,-0.4840369048678768,-0.29291228766088023,-0.1777161987753106,0.6033189640528744,-0.023207645773246716,0.7386005552651015,0.24288016475687102,0.3078339381348123,0.13088115374217266,1,54,train
-1.344857297384876,-1.4887992132839711,-1.4365277381573256,-0.8422593813781907,-1.5681648566881141,-1.2983986284318163,-1.2095091215443354,-1.1202509719316756,1.3702104713802832,-1.8878826238059845,-0.8055324268640031,-1.8367819837371675,-1.2453646910611635,0.921617738821243,0.7390222439601615,0.6140536534538543,0.6096995537130918,0.8251490484071409,-0.6900970749916693,0.32193851365253945,1.111841508495987,1.1451812251375968,1.2902642376910358,0.8645640422031813,1.1942983433215508,1.1238101961305673,1.1781089001403273,1.1046969008089036,0.462237067127175,1.1918214029785397,0.2893492906337295,1.1769738018104428,0.7509550044960487,1.1056174302275092,1.1838764866606817,-0.982295273284697,0.7591477932681229,-1.4755635125686497,0.7333242100085448,1.1293440031858388,-1.0829623782904187,0.7885933638711699,-1.6505496691727437,-2.058996724552641,-2.101277202325158,-0.9868108975222322,0.7451508407025488,0.7661551792913424,0.4375344200376949,0.4856310365446985,1.4246838895096057,0.35603881968427625,0.648807294813515,1.0533664561452722,1.4660485960561125,0.2795785999530418,-1.2183617565119556,0.44733576837961364,0.9291472575453293,0.7228182582696839,0.6948232982482955,0.26579935504225494,1.1182074973178533,1.0296016845626654,1.635313958226578,0.8180977931562688,0.7061998122451025,0.8336789868242986,0.705413197802488,0.9662570080733717,1.0548844242489568,0.849418554257178,1.0405920978090517,1.1438229219636653,0.9145312014651712,0.7276344201700632,-1.1493206564692175,0.7418328228458726,1,54,train
-0.8234471179030817,-1.3510513480356283,-0.5363093587725424,-0.935701322857393,-0.9460585435512847,-1.0946647284137265,-0.31292561816520414,-0.6763286995047977,-0.6718369086943301,-0.8544195711507764,-0.5671058053552642,-0.8948443583429789,0.5684254299454212,0.002991157928131602,0.026132197215895266,0.1903792656795548,-0.04032815200204787,-0.14163006054749433,0.5224523017104379,-0.05198922520197423,0.008206015048684737,0.32799721981071056,0.3978050081085192,-0.4079983578802153,0.803370063983957,0.08881206862282963,-0.46189527123441504,-0.16554465880466723,0.48749504413502914,-0.24197197251277291,0.062376175375465186,0.08113697424367212,0.4876753155506091,-0.0785713320437326,-0.0342898686411233,0.34701516910576413,-0.16724485025362826,0.3742506236107145,0.4088005053618003,0.36228156271452805,0.35737964644325926,-0.07296425772101922,0.7872330030767462,0.7715905600732761,0.750005870001344,0.23482078428380454,-0.26051995193511635,0.13835578916221525,-0.2660669118510231,0.46535245875201686,-0.20095713273660396,-0.12503094370157092,0.2636201316986658,-0.21075380844335953,-0.5850776791100623,0.026287600878137335,0.5284580814395917,0.23924179612598595,-0.2145839200939799,0.19828812811196617,0.23513049161133262,0.1699301423112283,0.023763303514429682,0.1297910402288072,0.38798038364343723,-0.3801196494906443,-0.31397688777005905,-0.09846060473420817,0.6014524167533988,-0.17067700124068189,-0.18819625239971494,0.5575863960139641,0.4296958080026277,0.7278516304930828,0.5131894148212621,0.03590643772651928,0.4123310803773324,0.3396229740192701,0,54,train
-2.056447481540881,-1.7294795492673394,-1.7444971837363303,-2.0038145923811994,-0.7127686761249737,-2.0269834364435275,-2.5536648071881696,-2.2536349421937047,0.9937686719810128,-0.9428442173672648,-1.1087943577303816,0.6466800687579523,-1.5080763554133076,0.43552833727242174,0.8699612321376797,-1.7776566001107401,1.9566319631516744,2.4122315162864267,-1.5929191652535644,0.3112548639709819,-2.046680154759054,-1.021004947713038,-1.5505214790082424,2.8481127224951157,1.7885093279146935,0.7553508627378127,-2.518019904002749,3.458827216380162,1.8817353749685768,-0.8699971700420255,2.2324605944300897,1.7990645772850287,0.7619249915354419,-2.087377370066608,0.9972219644773406,-1.1823700592567306,3.3356773330629936,-0.3673229721850218,2.0883530118668814,0.15563003765604702,-1.034411523524115,-2.0253351770372245,-1.2612321379329,0.7401977251236357,-0.35162622612480454,-1.8716684400195776,1.933670868365244,2.3576266332686795,1.4317536933587094,2.097777971062892,0.7615934725407569,2.954921449469887,0.9328828276107163,0.024011383551672108,1.5159408568033979,2.2612081809508235,-1.302690990068237,2.0878099163123784,-3.2426231681735302,-5.472106312123836,2.4258540232406083,2.8166051937785,-2.9774458857154027,-1.8697881694019889,0.8623185035553359,0.17041268902280227,3.8694560383337806,0.3536070941761406,1.469298936815361,0.7051237550507092,2.9634186152992275,1.9051643031958643,0.6804848111863174,2.522690721468003,1.7502017709155022,2.2635973418163577,-1.0506289110179485,2.37612853769827,0,54,train
