q1_z_4,q1_z_10,q1_z_9,q1_z_11,q1_z_3,q1_z_1,q1_z_2,q1_z_6,q1_z_5,q1_z_8,q1_z_0,q1_z_7,q2_z_2_4,q2_z_0_7,q2_z_0_9,q2_z_6_7,q2_z_3_9,q2_z_2_11,q2_z_1_7,q2_z_3_7,q2_z_4_9,q2_z_0_1,q2_z_5_11,q2_z_6_10,q2_z_7_11,q2_z_3_4,q2_z_1_11,q2_z_4_7,q2_z_4_11,q2_z_2_7,q2_z_0_11,q2_z_0_3,q2_z_1_2,q2_z_8_10,q2_z_3_5,q2_z_2_9,q2_z_1_9,q2_z_0_2,q2_z_8_11,q2_z_4_8,q2_z_6_8,q2_z_5_7,q2_z_7_9,q2_z_1_10,q2_z_2_3,q2_z_2_5,q2_z_0_6,q2_z_5_6,q2_z_7_10,q2_z_2_8,q2_z_7_8,q2_z_4_10,q2_z_4_6,q2_z_9_10,q2_z_0_8,q2_z_5_8,q2_z_0_10,q2_z_1_5,q2_z_1_6,q2_z_1_4,q2_z_2_10,q2_z_6_9,q2_z_9_11,q2_z_1_8,q2_z_10_11,q2_z_3_10,q2_z_8_9,q2_z_5_9,q2_z_5_10,q2_z_3_11,q2_z_1_3,q2_z_2_6,q2_z_0_5,q2_z_4_5,q2_z_0_4,q2_z_6_11,q2_z_3_6,q2_z_3_8,y,split,set
-1.6074067337671376,2.5621043628430833,2.849358421135076,3.0650500174176862,1.4140147628735635,2.5995939997490907,-2.452706413749107,1.409861475132755,2.127057556204107,0.13219649213964332,-1.0331748442103867,2.6968404749377477,3.1026878924907026,-2.6278327014111134,-2.336371998076562,2.4207631186768865,2.5730084896011447,-6.324887585484113,4.6949897650200905,2.746984382182596,-4.402557230384913,-2.7003102986480743,4.8233836771171665,1.2375893313941,5.05939191262184,-2.3511773225708614,5.454506821635622,-4.454861586104159,-4.84343662897144,-5.905936327930453,-2.702110702999489,-1.0605902675456147,-5.726854860633828,-0.021004733000840665,1.6250468698246168,-5.5948930772667875,4.596493599046948,2.341204444771588,-1.7366941016113282,-1.4507654735480597,-0.1276312375832313,4.622898433318294,5.079113839535689,3.9063835646249965,-2.6355118357390457,-4.128541392681385,-1.0408002687234263,1.3342795852129377,4.763044119956062,-0.41220287299009667,-1.739404882265643,-3.7070038314141596,-6.796258147393536,4.368073126111742,-0.3180779421362346,0.006260517001578028,-2.2149484387366516,3.9879212026541073,2.2030199805755664,-3.694899387418008,-4.479765642091735,2.437274006918696,6.241038402754678,0.29357548338738665,5.49233227641665,1.9235623972634583,-0.8345252036510743,4.591287539137114,3.485512539071328,3.175323337525003,2.315086701535955,-2.2095622519381557,-2.0568520224928615,-3.7684783178990475,1.2178566975439613,2.770170925977719,0.8321933931785924,0.08122663454228413,1,29,train
0.3164759968796052,0.49860919746049664,0.6853537994311669,0.6741821367329386,1.1265511377431756,0.1155081359782622,-0.7862148214816185,0.4981902789587201,-0.887626010160416,0.8963549176359684,-0.5210041908648765,0.7294215759236935,-0.06478908020553946,-0.39780021035880636,-0.5816103092747197,-0.2528043227018633,0.013296383459027799,-0.3714187793217647,-0.20522831002346018,0.45931001294253443,-0.48676748403081493,0.3960266290313353,-1.1035380697348105,-0.12894405070387638,-0.13154552641313444,-0.10338912599840765,-0.277564416024639,-0.4635522558634366,-0.3598380004760428,-0.49882233165931994,-0.6184277884453978,-0.5733586179392144,-0.15027332080388112,-0.22683401621939045,-0.9236477691040683,-0.27141748963940165,-0.20828964849751913,0.037427097580380854,-0.0507898902923373,-0.2763850995068134,0.05341993069189194,-1.1667023675265245,-0.2439621717480896,-0.428651136201078,-0.5594589777309731,0.6006902351019043,-0.11593538092768611,-0.8319488954152402,-0.16635859557198107,-0.6292717234297187,0.09757415325839093,-0.4898205189042671,-0.1735535856023626,-0.2570521183557554,-0.8352200603498265,-1.485037808753628,-0.33814938844811143,-0.5191884769650892,-0.21790143088980551,-0.24836404316637825,-0.27443670612862486,-0.15671834657188308,-0.4251398412427996,-0.1493524663592791,-0.2596887664609636,-0.09928552956718403,0.2365655846850039,-1.1255549365903166,-0.6900876203326091,0.3081194199873002,-0.22952114137221707,-0.04156456662184268,0.4746791817259598,-0.7323121387991633,-0.17651136019866043,0.08076628638838244,-0.01903122156271997,0.6223613410442227,1,29,train
0.9883080615498961,0.002129157669197631,0.6236719574823618,1.4607397899311827,-1.2109056120544217,0.1614510505505543,-1.329570003659907,0.880781971871075,1.483925062046342,1.430691260276256,2.463496406407726,1.359548713258516,-0.8375310469744295,3.3143461824390332,1.3865683416786978,0.4790660942118727,-1.080172865766731,-1.6714733546130742,-0.14578025711998555,-1.8510595385320519,0.07454026118035273,0.3146867797928219,1.239414750771657,-0.2200462761770748,1.5473307915625054,-0.9663171023915478,-0.3370154573832588,0.656349697169532,0.8451673607976178,-1.7055824476853487,3.1693523934378147,-2.210858801152477,-0.37780446671682405,-0.6519162315620476,-1.3913235497543917,-0.6672762475109967,-0.19063798337061075,-2.909132571172817,1.080127220406116,0.5999291897523906,0.2930464769383786,1.3987494843448325,0.4545410152529493,-0.37827821076427465,1.2495774355172191,-1.3949655401886616,1.643876975016986,0.5171934039233618,-0.2575703915954284,-1.9375515517550088,0.7401049369842861,-0.24675945017319445,0.47859728805449314,-0.3044893003502938,3.3631573993578874,1.7912994220722034,-0.12850694134141277,-0.16071082224806943,0.11909082958617427,-0.08363992744846947,0.014502996715741168,-0.13976414818305577,0.08021779394951341,-0.16724854513692214,-0.531619248455979,-0.5531118770367126,0.4826269820054543,0.21111686528839924,-0.39530362072403413,-1.5453763533949585,-0.6122467112405193,-0.36622312182728056,2.73267629396351,0.6013309492166737,2.036969771823259,0.5702851133311784,-0.9426271598245488,-1.8534496612699567,1,29,train
1.0697422512069013,0.29832463595377945,0.9594953192036336,1.8729583900492426,-1.1107288942059532,0.2565053565621932,-1.1990433397846758,1.0031423781628641,1.6327983245828617,1.6394463188704902,2.408696254197918,1.519549647816888,-0.7533710307916791,3.362377651477083,2.074245219722663,0.7180441895306435,-1.4387455741167363,-1.8444419890938921,0.1557062968904929,-1.7058103722310956,0.3418296636618611,0.5858196105878665,1.7903831081053696,0.17364548390353265,1.8189137253526826,-0.9976330370187182,0.2327236889701811,0.8208850551980724,0.6922478987070517,-1.4518002773622782,3.807379332390424,-2.2058357944555036,0.011066946298023846,-0.1910376191379035,-1.30553686809664,-0.9889114882816675,-0.13415265496450385,-2.5905855799562554,2.0225581459881607,1.0351056735341722,0.9427006689844091,1.6909534597510296,0.6327797595221799,-0.37827821076427465,1.1527839742917623,-1.6857714819432066,1.9457425981169847,0.8782314840280581,-0.13463275347686898,-1.7674165068158454,0.8499392589887127,-0.09147043403945358,0.6322650226517983,-0.03567860238124273,3.7374049849071973,2.3731317234085147,0.5303693209939259,-0.08602797751535697,-0.3883342982569677,-0.26948251954046915,-0.2869993019044669,0.5595965353560709,1.2442438075947286,0.14145881377742064,0.05372263651634226,-0.683171866860297,1.1243165083509425,0.8609450028171287,0.1638742754406852,-1.7838959167256514,-0.8018855071212097,-0.6656304560722955,3.301198132199093,0.8931920505453675,1.9869475993481875,0.6174676508678334,-1.1425098628812131,-2.054579375191031,1,29,train
1.728001950934358,1.377322449704756,0.8035773298330432,1.4340012861397409,0.10736192137180088,0.14085595091469924,-0.8803154396242271,1.621837953638249,0.48796293567702553,1.57624524608508,-0.6137429099891665,1.4543640818856993,-1.0747092743985442,-0.8712532623052961,-0.5875385582233746,1.4548933167635205,-0.19616688181473768,-1.024235883652594,-0.014145282833720308,-0.28963100079677156,0.78285717775635,0.08151254530908349,-0.10323629476972045,1.0000728149818325,1.1029223544513067,-0.16602099525274847,-0.02489749025050478,1.4418733419509506,1.2733418546512028,-0.9079813409556988,-0.5457411751469993,0.07963225266730119,-0.034439282884564736,1.3929529517178925,-0.08238482639579435,-0.5064586271256611,-0.32479063833511457,0.3901041235701459,0.9963555825766011,1.2914425064467283,1.517804379975977,-0.13160692922321643,0.5171654389151115,-0.18863896206101508,0.16148542312070496,-0.2499171445301401,-0.8481200837659805,0.11055051370017752,1.213715535565395,-1.0927430527467497,0.6083037505789743,1.1069556687318076,1.0707802652831322,0.3596312475732442,-0.8011975525726166,-0.13496091536160437,-0.6825619801234022,-0.362354503026393,-0.4038281952903461,-0.2737062148152873,-0.8617380586492386,0.7460927176331713,0.25624123991537523,0.051978419889205346,1.0953546522938586,-0.32343146947591456,0.6804410465179732,-0.010976295639141239,0.072703966283394,-0.4521616881292831,-0.4846715212844186,-0.8712475410357395,0.03487926912862216,0.06219863704005873,-0.9018328610871991,1.4903445952959515,-0.025923728564673915,-0.28272237160061264,1,29,train
0.6014956606791226,1.5536292820170072,1.6294286581475992,1.456283372632609,1.7755220490223842,1.8866867046617994,-0.3794573108006651,0.6532950193285937,1.262103900866928,1.4709101247760628,-0.5083580018933824,1.3358448711017203,0.08057822047375668,-0.5967877249450122,-0.7179600350937818,0.28987510208451234,1.7458061030115286,-0.26540574528513433,1.7438185673118864,1.8936455301644781,0.10572402480319537,-0.6451234412216361,1.1163829816583037,0.2094356439108606,1.176990427303173,0.24108615490046686,1.8081762849736063,0.3909700874460797,0.1600881706318818,-0.13109714608915662,-0.43267311001615716,-0.538197571060402,-0.7211696505490833,1.6166804334771858,1.2154846477166412,-0.39099982274644596,1.74398451453855,0.09431048886905265,1.336677861259006,0.30782442666598925,0.3942221297980063,1.185787264980994,1.384272843468125,1.4499626712655873,-0.40926222755354014,-0.25718729307400373,-0.1544714179191753,0.17895772887790945,1.185955423732172,-0.5119372096785717,0.6879336340321835,0.01655670761880093,0.4261253786798036,1.454639531947173,-0.2228149203600466,1.5314519865239478,-0.5178429145395674,1.564462891077588,0.3941075019286405,0.4105324197052569,-0.3121244934561509,0.44939424582869336,1.5281525914106349,2.0160730657355312,1.4502469762534551,1.29816755257984,1.6309135028342228,1.412065068822507,0.9813680475510629,2.027447938996044,1.966840912736869,0.1604452010615409,-0.4156474706052358,0.22434369333377752,-0.12648918772358878,0.19282481303793814,0.4255354800633096,2.06379095747859,1,29,train
1.458251197695529,2.0670347777102824,2.1742849286953767,1.8239377997649326,2.460788872565531,2.2241294910031173,-0.3870460703282948,1.4115848611368647,2.2372237704811315,2.0454653319161564,-0.6369275897702389,1.9837498900541397,-0.09539272245381233,-1.1114106074955445,-1.127009212550968,1.8631475629330876,3.4357131245422465,-0.43279474639560334,2.987981388791748,3.809118910758339,2.0792107797916657,-1.4802125600703735,2.913716652183813,1.283140444130699,2.405285968763292,1.8729943038052361,2.8683865225356593,1.8717883097029433,1.8605525890789765,-0.7474252740166134,-1.0787763393352554,-1.2866255689094084,-0.795634389211501,3.129078210170008,3.232855322829575,-0.6755233049666549,2.8631000835845426,0.0032970628071777915,1.949257962887335,2.483706845574897,2.0023825068299836,3.4689403609514486,2.916162591511783,2.6915071276197398,-0.7930983668958688,-0.5407230862846852,-0.867388102261725,1.915740914223659,2.6770700022024405,-0.8463405738693409,1.1712046508516603,1.370271826523803,1.1120081940775313,2.727537248800621,-1.4544297018950487,3.9774071950542673,-1.0319660586345667,3.580899698860824,1.8853950913913096,1.9564048902887086,-0.5665170579169514,1.8820240096846013,2.7148913077611225,3.23748044230967,2.570231842775298,2.9142321069835266,2.8370968230325095,3.604206823903601,2.8685934471069907,3.4237812159944747,3.4942952141031567,-0.11731822950311152,-1.3059741229364314,1.918759531603139,-1.1019215509874856,1.6849725626346534,2.024597104516625,4.285795416035223,1,29,train
-0.12801895499821364,0.1770255353229507,0.2518675212909538,-0.5825275414648226,1.2935123341572898,0.2866058867992121,-0.21857560881491483,-0.00848520624953378,-0.46333721193133504,-0.35426024990563637,2.0777876427771567,-0.24441127268466875,0.0882291310358249,-0.013548458054408912,0.734460957326662,-0.48680370770149317,-0.07190901258453782,-0.04780004384152459,-0.18399686255793352,-0.5574341511641598,-0.7050538293907134,0.661736803210479,-0.4669823947570259,-0.28511929437221656,-0.6932284122064551,-0.4687416966487291,-0.17847934709360597,-0.511320585613658,-0.32313732957430696,0.0035627810210440095,-0.9980134356703679,2.299801212729454,-0.2992027981287165,-0.6250689337509324,-0.5140855469960928,0.11207068204870592,-0.13415265496450385,-0.7418753630744226,-0.2968690764165378,-0.8427106605926936,-0.20750675299872687,-0.5525787581982461,-0.6582468205900851,-0.3101266057615408,-0.14224578279365938,0.1535760996542912,-0.1352033994234307,-0.5013140220562025,-0.7096636414507758,-0.0015320748610818525,0.15798303036082553,-0.5168273043188307,-0.14356963738825426,-0.6009716878161591,-0.2092059172491626,-0.5360297832730424,0.36565025541009116,-0.41089835210265613,-0.24888922495656227,-0.26525882426565095,0.17781674180168722,-0.576334756695359,-1.08948639537202,-0.28804707688601283,-0.6191900816408146,-0.41751741956106075,-0.4678454743107953,-0.6237889063466141,-0.5168640329337557,-0.6807429363211971,-0.17780146976839245,0.05222568265972827,-0.6516376676086852,-0.37153938854563906,-0.645469227152457,-0.6387674110456067,-0.3395327971535785,-0.5748393370574114,1,29,train
-0.24847369386586682,-0.7002772622628107,-0.5825507295164919,-0.4310093533133194,-0.4661134923984171,-0.5657143904384829,-0.6131911042516608,-0.27905680889475776,1.2531715051147367,-0.3657513540484383,-0.4746348313027316,-0.3095968386158573,0.1762146024996094,-0.3154605491507212,-0.05992440179309098,-0.27769787429756865,-0.5014862176375144,0.43204842600848664,-0.24769120495451347,-0.28963100079677156,-0.45558372040797224,0.36349068933592993,-0.9109666050356489,-0.30789485074051615,-0.6870560728021329,-0.2425710576747206,-0.2676559091315357,-0.4688598480579057,-0.6717937031407977,0.21591112761789888,0.04382802160667767,0.5869559290615941,0.23859809221096676,-0.6429671322916758,-0.5334567331768754,0.1904177278774591,-0.42010963002041996,0.2763373409928023,-0.39111216897474227,-0.7294455483755174,-0.5110337115776099,-0.6813466117670786,-0.7064194541763636,-0.256790567063749,0.2916559399411468,-0.5988842746355942,0.2886930074829502,-0.9269589164954234,-0.5550001612371043,0.5030063342688507,-0.15779064540190077,-0.6214785978002648,-0.4359131324758103,-0.35192648234483226,-0.4065364623569806,-1.004884938718808,0.4305395842764503,-0.8926027006286514,-0.09007678036443387,-0.10898209909737851,0.2908801037842652,-0.11009430100260797,-0.3570017331269821,-0.1627745254425114,-0.3518685908660536,-0.3455693400841843,-0.3954744750988981,-0.919913120916668,-1.1580952073400372,-0.3627168518802733,-0.3226165502591014,0.3299891132243807,-0.7803595932469305,-0.9876906024617704,0.11736890309238543,-0.42054817493857727,-0.15688136160179889,-0.19173512006488846,1,29,train
0.8067776804394894,0.1445850781774965,0.10451645441325295,-0.061126717531708875,-0.24107883636200247,0.09016032104182517,-0.6207798637792905,0.6326143872792772,-0.28468929688751143,0.19731274894885398,-0.3987576974737671,0.22176428973231602,-0.36317459212619996,-0.4732782331328844,-0.12513514022829458,-0.6959095411054178,-0.6860979090652399,0.1474871241206893,-0.15851912559930154,-0.6073635520801135,-0.2907552555443754,-0.016095273777132574,-0.7558395918057685,-0.37947517075517206,-0.8660539155274769,-0.4826598898163604,-0.2577474022384324,-0.3786307807519319,-0.647326589206307,0.07089274457614433,0.38303221699920414,0.3609206276978002,0.035888525852163074,-0.6116452848453748,-0.23458700353051495,0.017229521308636295,-0.31066930623358785,0.2592723236062008,-0.6633699919206663,-0.6102191144627006,-0.48440853977244475,-0.6417257337458993,-0.6871504007418522,-0.6271797246873029,0.10474442860923029,0.11359028266304126,-0.1544714179191753,-0.6609308574709103,-0.4836170165231021,0.10993571320250788,-0.08365247804891285,-0.34128319912416716,-0.32722132019966765,-0.7709549232965884,-0.4745814779114006,-0.6716023583416975,0.16599078197514008,-0.1719132489579763,-0.07845635758940009,-0.3117194722886509,0.08359727348287219,-0.406792772807086,-0.3967489628612089,-0.12698236788722528,-0.5869271430990329,-0.4562586931255327,-0.5160928071187267,-0.47572679906158705,-0.2828602394300417,-0.4372542154211148,-0.49846343371210516,-0.13174749862335322,0.050969509833402794,-0.780955655687279,-0.04520315745159738,-0.7095412173505893,-0.3774415856643252,-0.6179385614690703,1,29,train
-0.9542366708932434,-0.5126867926825756,-0.6716467234425435,-1.9060834791411878,1.8248844897013397,-0.2425297499989108,-0.4325786274940732,-0.8994757703742522,-1.7153613498634654,-1.9247111494218936,-0.5779120412365999,-1.9076308640198432,0.36366191127028075,1.1940999063308402,0.38469426935602447,0.6334061141052456,-1.2044307349969308,1.051387730117222,-0.13304138864066956,-2.92681117644851,-0.027920676437558824,0.26046021363381294,1.7101449978140522,0.1183334184376622,1.590537167392761,-1.8709996582875816,0.0989588459132865,0.8315002395870105,0.6616640062889385,1.0445876021422105,0.891838510087994,-0.894831046545499,0.18481800317699842,0.02374076335101798,-2.1938441201011,0.28525888861752874,-0.1447436540406489,0.2308306279618649,1.3785636801737637,0.8681886660562285,0.7456743976261867,1.7602899962880934,0.020987312976442397,-0.2953110394565986,-0.6529147333969313,0.7424581317072451,0.3593424086340137,0.8060238680071188,0.03192791752246953,1.23634704521352,0.5808451700778677,-0.11847721945401721,0.651004990285616,0.023617875111930305,0.8250783191780213,2.226261433750805,-0.1484728886849079,-0.0038768483093732874,-0.2372688021815285,0.0008339780478940145,0.1903793375775292,0.0509705836912515,0.3243793480311927,0.2398872470544575,0.2703452238683037,-1.1065586422434546,0.39578178295117766,0.31393777312522353,0.3583709349762398,-2.7479124851872014,-0.7639577479450717,0.36966960330504534,0.5873108666594243,0.9823718315069129,0.37373253702712755,0.5348982101786871,-1.6456628740238513,-3.227836039730633,1,29,train
-1.083174137850168,-0.6875831703363287,-0.8018639453344653,-1.1774592508244008,-0.42691390715336425,-0.6179942587448842,1.6254929563991092,-0.7874556801071212,-0.796813320013139,-1.3003611576629912,-0.7296663088945288,-1.218244121293031,-1.1894729328295675,1.1048986066887478,0.30169878407485623,-0.023783648021374497,-0.3559269993964232,-1.0856118507264325,0.053795349055964975,0.1052651700839534,-0.07246891018447689,0.48278913488574954,-0.065791843300439,0.19967469118158934,-0.4216454784162781,-0.0651140947874216,0.03950780455466668,0.33789416550138923,0.34970830362418376,-1.1358673714498846,0.5607106050619562,0.406127687970559,-0.7873605293601212,-0.05680113008232758,0.014471104508118768,-0.7621174082510663,-0.21181998152290082,-0.8613304847806333,0.3157110252117912,0.4508961473613695,-0.005155447279471465,-0.06227039268615272,-0.29213480533436814,-0.19160207532200352,-0.4559901053865193,-0.9842021474603666,0.7511254513808203,-0.07566912761698162,0.0834824109270267,-1.6735488958149278,0.19367918501226417,0.08407367115521,0.219985734707809,-0.2056618378616721,1.0428223689521652,0.24351252337172444,0.550335268337421,0.08574256536988165,0.13458472661955265,0.24158460871252993,-0.5382512174213069,-0.12280994979422846,0.4436210372338733,-0.1493524663592791,-0.08454710009129268,-0.38984508130072365,0.048400986734071234,-0.027427640893033126,0.027118811704748405,-0.05462908257812843,-0.27434485676219844,-0.6295572832716914,0.3674109103607555,0.10273490111348843,0.7864154599464686,-0.19643112163946586,-0.15688136160179889,0.03333860741821876,1,29,train
0.9713426053713535,1.7003165665008,1.2096494559960096,0.4045688901692345,2.3896488845282127,0.3357172782385589,-0.40070583747802835,0.592976509184754,2.5319928303034405,0.679939122946533,1.8417254486426005,0.790656501495416,-0.18720364919863094,1.605798212371266,1.9023260002116718,-0.1532301163190421,1.6748016063085571,0.3148761252311583,0.007086164631806344,1.5895300882218508,0.5111129519001498,-0.02694058700893436,0.4691288919750102,0.34934263303041535,0.5103777716363749,1.0309436171635427,-0.1982963608798126,0.2635878747788226,-0.12128363961475976,-0.13109714608915662,1.0775931885172345,3.460115759730263,0.11035326451458076,0.7172959568048269,3.56770011252596,-0.18069985762716118,-0.1270919889137405,-0.9921622847445783,0.6089117576150939,0.26609517479650335,-0.22348185608182597,1.6265695329666132,0.6472315495980635,-0.034557072489616675,-0.7597213113008836,-0.8133536566795713,0.898846926514862,0.566598614885057,0.6862734107341566,-0.02499897761131127,0.9542818648929179,0.6782229502756099,1.0745282588098959,1.4585926304467178,1.355829440502497,1.4523679844005657,2.5818704105380483,0.35460080640764646,-0.2256483794064947,-0.1765612234944693,-0.40006266388704487,0.059447682885665154,0.21649401018114836,-0.015131875526956134,0.039895662855578766,2.203053013692863,0.6756163132371801,2.267535022024885,2.7044868906238664,0.7503744436629597,0.2014761219929882,-0.045171883901903104,3.7785419397742523,0.8688702921013097,1.280384413137801,-0.29669401390485783,0.639203197123882,1.4795570265649927,1,29,train
0.8050811348216351,0.876611045937963,0.6579396474539202,0.9460235919459294,-0.4283657436439217,-0.20133955072720064,0.26862275285891374,0.6653587213573616,0.7901756586261605,0.8159171886363553,-0.5694812485889371,0.7057177337668976,0.11500731800306366,-0.034133373356430206,-0.33855210237987,-0.227910771106158,-0.7713033051088055,0.4041502591567418,-0.4769908375822013,-0.6164416249739232,-0.12147196730608677,0.21707896070660582,-0.17812519770828333,0.12158706934741928,-0.032788095943979155,-0.7401464634175393,-0.277564416024639,-0.1344815398063558,0.14173783518101388,0.34539182676232255,-0.46497827148211207,0.2303224535764971,0.035888525852163074,0.050588061162133165,-0.6469165379500308,0.26876477370621227,-0.49071629052805354,0.16257055841545878,0.26335375156834423,0.14090741918804564,0.15459558355151964,0.056592241377385055,-0.1572514312927882,-0.5471756666406152,0.08138048969274073,0.1499410253823594,-0.42422367685959944,-0.26188876893414076,0.047790838570025584,0.25660385539144176,0.10306586935861226,-0.15223570122222174,0.06257000658374036,-0.1700839513657683,-0.4337544685787486,0.13618423477570582,-0.5328173750471887,-0.6872248776136922,-0.4231955665820691,-0.45954880690728694,0.41964671048664576,-0.07618590422495335,-0.10716200336898467,-0.5072740419121403,-0.02002122300772971,-0.7329820757289036,0.10147305282279583,0.21111686528839924,0.08486000750436616,-0.8198793482641012,-0.239865075692982,0.477889121706858,-0.38346698919567457,-0.19317982662254837,-0.5704359684398496,0.4523287694895408,-0.6876044007522528,-0.6466713777435095,1,29,train
0.5336338359649518,-1.7750437120382931,-0.40093197266723263,1.8283942170635064,-0.29915229598430304,1.9959991565751842,-0.5555165318416748,2.5783171859191363,1.9037476623993272,1.9535364987737418,-0.8877436710382048,2.1852325483869044,-0.1259963647020852,-1.6123102131780627,0.33134002881813057,3.740121353249268,-0.3914292477479089,-0.8624265159124739,2.8945630199434307,-0.9523303220448847,-0.9857077019962972,-1.6591602283951028,2.229018111031238,-4.21227594244902,3.207690091325179,-0.9454398126401009,2.2738761089494615,0.0406690026111227,-0.09069974719664654,-0.9183397968872528,-1.8137187626857294,0.10977029284914037,-1.312750629922735,-3.6274917389606474,-0.5279221085537946,0.23990007261140847,-0.6778239408732826,0.40148080182788026,2.0958583290889865,0.021680985275228784,3.647818124389192,3.3005516293614368,-0.7690438778385258,-2.7250639134671117,0.4285018678805857,-0.8642446964866166,-1.7537169530659757,3.1432703865796263,-3.5094692063444186,-0.9695418133080453,1.264563824555423,-1.2460105105120487,-1.7739468215303935,0.05128956460874439,-1.6789782532246347,3.1978648884095002,1.4388199251229534,2.5652130104959348,3.3766826808539787,0.2458083039873481,0.7494148496024983,-0.974758418832801,-0.6522668682955245,2.682702000202735,-2.9236856917680636,-0.16016467373992566,-1.1529576001834219,-0.924025957230141,-2.741419576371661,-0.9242316572212793,-0.9087728284357806,-0.8171377818348332,-1.6975033134194273,-0.3553248829162672,-0.3265778776238753,3.3894417311463165,-0.9047183713138021,-0.8717451052266167,1,29,train
0.21637980542620325,0.5634901117514051,0.7658828708643289,1.1643880395760369,-0.17719803077747184,0.5163204596606727,1.012321186566627,0.2965541164778843,0.4626544810458172,1.1012796081826022,-0.5736966449127685,0.9032497517401963,0.14943641553237066,-0.583064448076998,-0.09549389548502021,-0.02876235834051556,-0.6008925130216743,1.3415286653753684,0.31706529762849545,-0.3667946203941546,-0.26402631529622456,-0.09201246639974507,-0.17812519770828333,-0.08013928705752009,0.4116203411672196,-0.3504370547238631,0.07418757868052825,-0.39455355733533903,-0.7818957158460051,1.4226712436439277,-0.5941989173459317,0.2453914736674167,0.49508774760373875,-0.05232658044714172,-0.2401216281535957,0.9408999563423578,-0.024712331177671763,-0.30387325015164984,0.6350903944368174,-0.4790700371586021,-0.20218171863769382,-0.3198060998238179,0.059525419845465236,-0.1412291498852002,0.15147230644220944,0.4334768185930409,-0.5655224791617264,-0.2694895706205554,-0.07118106928664479,1.7291520029683376,0.16622060451115753,-0.4459344926056012,-0.24851345613763334,-0.2056618378616721,-0.3725139545797706,-0.06152577053274952,-0.22334519122301455,-0.056154839622271996,-0.15592584275629198,-0.5778122746021959,0.33170854005575173,-0.30082903287691526,0.4436210372338733,0.2891014636929759,-0.12141902985332867,-0.5973876182532519,0.3427097168624531,-0.2207309476262628,-0.2008069611884796,-0.48694579111500913,-0.557079061529773,0.44181594890625375,-0.25474506355742943,-0.44045103747046954,-0.28906124826757157,-0.2200223904077934,-0.401565360171164,-0.5221625072209395,1,29,train
1.3666377343313985,2.5409475429656134,2.669453048784395,2.3186001199066046,1.3007715166100773,2.9956536081309193,1.461575750602307,-2.5315223162661447,1.0775010553216435,2.206340789915383,1.4581243831739468,2.2583193950370246,1.5725057800770592,2.655628892774352,3.242110262607673,-4.8232603956733575,2.029824089823414,3.0600557434428506,4.533630764282088,2.175065789872581,2.208400657657728,3.3296838582337185,1.3463988978267467,-5.45191693906647,3.695304904266633,1.104014131293607,4.775774099458045,1.8558655331195362,1.7626841333410141,3.3493440469129525,2.5232491641187167,1.5513732148804478,3.3454324664040604,4.32825751239982,0.7367396178201565,3.229458400287516,4.9671785667120245,1.6529154101786594,2.755559976996418,2.0187237533149114,-5.12251346823222,1.4978016793977806,4.062671270865212,4.57901027486937,1.5599840525505804,1.055074519093381,-2.845571334491502,-2.7093469119596607,3.9024806531261453,3.7766392679258542,1.2782931148059762,1.5863261098403119,-4.532470057228359,4.036012852149972,2.7507522593681073,1.6557268470035484,2.9412574627209604,2.146989079992745,-5.493573370755144,2.67020939173298,2.743726929017416,-5.5905389301910375,4.219607861985425,4.861549591380778,4.063544998137756,1.699416457354728,3.5945799481170333,1.8439128817371688,1.5770140673786988,2.2858441326042946,2.4943815630958803,-2.24563542473876,1.155832704895007,0.9256210618041113,1.1615817535095059,-5.180086648948653,-2.7484639943364826,2.231399052412819,1,29,train
2.221696725729951,1.5592711006509992,1.716811267575073,1.8217095911156458,-0.15396864692855164,-0.8873147924445277,-0.5464100204085192,2.066471542698553,1.4705264684180552,2.114411956772968,-0.7380971015421915,2.064738017423192,-0.8719601445037365,-1.0908256921935233,-0.8720945077588085,2.9236128609101337,-0.923962973020194,-0.8903246827642187,-1.474868868461954,-0.47573149511987184,2.26185853815403,0.7756125921443977,1.565716399289681,1.4783594987161244,2.5410774356583805,-0.5522508556545168,-1.327866146693589,3.320760978792993,2.6006827855973165,-0.7163499062219518,-1.6037352131570226,0.14493133972795275,0.615058715448745,2.234168283132835,-0.40892767915755857,-0.7744879944345536,-1.3203445514927483,0.44129917572995053,2.1639227848254676,3.556744750790249,3.1099896539248553,1.9336313376307526,2.3573600419109515,-1.4568514377640636,0.18818706759669301,-0.5698036804601397,-1.3940472744787438,1.881537306634793,1.8561638379914152,-1.0751428756840777,1.0531327546969018,1.8361388749250256,1.7791510418414411,1.5376546004376153,-1.2775126614535566,2.356185151524933,-0.9521022692605862,-1.4863313162537153,-1.8098993510694341,-1.8702630286965571,-0.607345494188438,2.3609801141689726,1.999441172545039,-1.6481490639868857,1.745222414349743,-0.7578871801632071,2.2050567632486073,1.6793994291982501,1.1819427276971035,-0.6708046211824182,-0.46743163074981037,-0.7197402152732019,-1.193342438002967,1.8903841467517382,-1.2394825252939325,2.150900120809122,-0.4532591626858186,-0.7280810238544206,1,29,train
-0.6624308246223088,-0.20802858644700564,-0.04797476596018168,-0.553560829024094,0.023155404919465064,-0.10786948314908909,-0.1942915783264997,-0.46518249733860606,-0.8920922080365116,-0.6549441416422856,0.7330762154749528,-0.5999689050366063,0.32158190317890556,-0.2742907185466786,0.11199481771790032,-0.5415695212120448,-0.6399449862083085,0.22560199130557484,-0.3241244158304094,-0.28963100079677156,-0.6426863021450281,-0.04863121347253793,-0.24766489329409172,-0.4608164434990992,-0.7117454304194217,-0.392191634226757,-0.2577474022384324,-0.41047633391874616,-0.15186753203287298,0.11750579626813686,-0.1015452049901194,-0.09617298172676071,0.08553168496044153,-0.42818874980275434,-0.25672550202283795,-0.13946457034887003,-0.3812759667412215,0.11137550625565418,-0.22356889331571214,-0.09158412694194724,-0.40985805871798225,-0.16627519749174827,-0.7112367175349915,-0.4582822688109623,0.1481346008827109,0.21173728800520022,-0.4627597138510886,-0.2390863638748968,-0.47568555599932405,0.15686951870296673,-0.1248403488005728,-0.3615382881850899,-0.21852950792352505,-0.9409381587770178,-0.12074739702841662,-0.3835106363208054,-0.11852396766966523,-0.14577425330152693,-0.34959955567352174,-0.33283794866274174,0.1809573907456477,-0.652628649445082,-0.7487958547929325,-0.4580598252736219,-0.4901383274736885,-0.5835514491230833,-0.757329471158384,-0.47161396274811407,-0.31932836309295815,-0.04469076743934956,-0.39157611239753426,0.35163301690474325,-0.5765498776530422,-0.0675174079949163,-0.8893273179684312,-0.5090154328198054,-0.33264029015162455,-0.08638146039194466,1,29,train
1.7483604983486096,0.868148317986975,-0.17305183435636964,-1.106156574047223,0.9174866831028937,1.7314313381761226,-0.774072806237411,1.3340324909519279,0.20659246948300342,-0.4270372428100483,-0.3987576974737671,-0.20490486909000902,-0.6692110146089286,0.11682267219172594,-0.14884813602291405,-0.6909308307862768,-0.5582898149998915,0.8393616620439613,-0.3198781263373041,-0.271474855009152,-0.5892284216487264,-0.54751562213542,-0.9002681903301398,0.3558499348499295,-0.4401624966292447,0.8012934298976264,-1.2238268243160044,-0.8191609328928627,-1.846215171996345,0.20037344372056803,0.6980075412922645,-0.16147206878741227,-1.2093273817804882,-0.8219491176991104,-0.15710225880738446,0.2522706587948958,-0.5013072896041986,0.5721309756938956,0.0015673833511096256,-1.2600031792875526,-0.9370364604602529,-0.6615361727564889,-0.5426324999830165,0.6262171847108035,-0.5060556887789969,0.07360446567179131,-0.22512081907023876,-0.21628395881565282,-0.6382804967367736,0.5734070425195389,0.3556848099687933,0.3879000070690508,0.7447048284547044,-0.35587958084437715,0.15143266518926338,-1.0105337960133352,-0.19838775704364567,0.007325578400533579,1.1881697248892824,1.9226153280901632,-0.33724968500783487,-0.529710711126084,-0.5954851115323433,-0.5922804161059448,-1.2506218788156807,-0.060544256002712085,-0.1687120109016203,-0.4675011264346411,-0.24335310546188216,-1.0186456510396786,0.6876410350689397,-0.39147434278770354,0.1260572997890458,-0.18507257380786243,-0.21402798955496413,-1.2049578614854672,0.625418183119974,-0.32103279329986495,1,29,train
-0.29937006240149494,-0.04864721003673068,-0.3683776671942522,-0.3753041370811491,0.4195067668416664,0.09808151320946175,-0.4280253717774954,-0.2704398788742092,-0.0792441945871143,-0.595573436904476,-0.4092961882833455,-0.49132629515129206,0.35218554542717845,-0.034133373356430206,0.15349256035848444,-0.2428469020635812,-0.3772283484073146,0.0916907904171996,-0.23495233647519748,-0.38948980262867905,-0.49567713078019854,-0.17877497225415936,-0.24766489329409172,-0.4412945380405567,-0.779641163866966,-0.548771307362609,-0.49555156767291164,-0.39455355733533903,-0.4821735701484957,-0.11555946219182579,0.04382802160667767,0.019356172303622826,-0.2950658682030266,-0.3565959556397805,-0.23735431584205532,0.11207068204870592,-0.4836556244772902,0.14550554102885724,-0.6057769909128746,-0.41945682020219366,-0.09035599705600005,-0.3198060998238179,-0.6534295572314572,-0.4671716085939276,-0.05546543824669815,0.044523871496336805,0.250156970491461,-0.5013140220562025,-0.22981027976220528,0.13926934164029464,-0.29508354790743396,-0.5539616342638557,-0.6270608023407508,-0.8776885827842998,0.17184616985558937,-0.3326709206700597,-0.11353248083379146,-0.2876716582936806,-0.299244390315042,-0.484890978556196,0.09615986925871418,-0.4152698720014996,-0.629554165590252,-0.3551573723021743,-0.568491178218015,-0.3566382753883191,-0.5739896064882445,-0.5250808348232627,-0.30413331156674295,-0.1689197066740854,-0.519151302353635,0.3335964305044411,-0.3083791992400316,-0.8701354366488243,0.5738212269274141,-0.432343809322741,-0.5600930212161048,-0.6131497587566638,1,29,train
-0.2857976974586608,-0.2136704050809977,0.001713384498577917,-0.09454984727101103,0.7824658894810449,-0.08885862194676133,1.2232887014347336,-0.13601577055365208,0.4150150370341309,-0.003781573550178955,-0.34184984710204375,-0.037002653812705184,-0.22928365729000613,-0.0478566502244444,-0.34448035132852484,-0.4121230529143773,-0.46953419412117736,-0.042220410471175626,-0.38781875822698936,-0.5892074062924939,-0.620412185271569,0.09235785854088528,-0.5365220903428343,-0.3534459634771153,-1.3104623526386756,-0.6879532390389219,-0.3469239642763621,-0.3627080041685248,-0.6779104816244202,0.41272179031742284,-0.24691843158691648,-0.12128801521162669,-0.07994551206715332,-0.5087306432361,0.10579241078895113,0.26876477370621227,-0.4271702960711833,-0.5370951544352041,-0.4853552615329467,-0.5565672192019331,-0.29803233713628846,-0.28018522180263866,-0.6437950305142015,-0.43457736272305486,0.6321019070099947,0.4661924870404272,0.6355173404063528,-0.47851161699695854,-0.47171982573743504,0.7318086360835875,-0.32528798645865126,-0.26701453923411717,-0.37219724252083014,-0.7709549232965884,-0.2976644374699086,-0.7450375031705523,0.17098226881101386,-0.20552052908769688,-0.1675462655313258,-0.15544274712037842,-0.007481545891982336,-0.3983156736126723,-0.5727724088270708,-0.6370206130500525,-0.43483043283063455,-0.5918531506011845,-0.28933034292144894,-0.25363363813404655,-0.30109430126149994,-0.3577476943108839,-0.5881108644920678,0.10272812458057416,-0.15820361932874558,-0.5701670825054446,0.023577329701626123,-0.4913219812435598,-0.5807705422219666,-0.4072312421231826,1,29,train
1.0951904354747153,-0.18828222122803354,0.46946735261034933,1.197811169315339,-0.27011556617315274,0.09649727477593444,-0.30508746742989373,0.8601013398217585,1.2889010881235015,1.1702262330394133,-0.531542681674455,1.0237442827039085,-0.2101563808848356,-0.42524676409483475,-0.042139654947126355,0.4392364116587442,-0.6825476842300914,0.13074822400964237,-0.45575939011667466,-0.5892074062924939,-0.027920676437558824,0.20623364747480402,0.7740337110820161,-0.47057739622837047,0.9054074935129961,-0.5522508556545168,-0.05462301092981469,0.4068928640294868,0.6066129999363348,-0.0844840943971641,-0.553817465513488,-0.08612696833281432,0.09380554481182127,-0.4953069943305423,-0.5915702917192233,-0.18482338635499027,-0.5048376226295803,0.18532391493092748,0.7659835785454346,0.6178131548393131,0.5273479888238322,0.6905262897162533,0.030621839693698107,-0.4730978351159045,0.15814771756120644,-0.2172014760827538,-0.44349169535534405,0.24736494405564136,-0.5391372401895482,-0.19513402255047455,0.5478948734765398,-0.7666400694035443,0.19000178649370067,-0.41912915683709506,-0.3861229576906546,1.1981694061468375,0.1609992951392663,-0.33248136513330806,-0.43481598935710286,-0.06674514634919677,0.1526915502500032,0.0806404308716993,0.19378130747587588,-0.38647551016304965,-0.7482418358079405,-0.6554995285999599,0.0773493864188301,0.26458373736354784,-0.5837222596491026,-0.5912981000721872,-0.4846715212844186,-0.095674325822749,-0.3244694399448122,0.3175771007026658,-0.40161113633648277,0.3107811568795757,-0.3636565716604173,-0.7328698265668272,1,29,train
-0.6217137297938063,-0.8060613616501613,-0.8361316353060236,0.17506339929269302,-0.7245403877176546,0.26284231029630245,-1.4342948851411974,-0.33075838901804894,0.1693741538488735,0.41564372766208973,2.311742138749797,0.4331235489637455,1.0522438618564205,1.3038861212749537,-1.079583220961729,-0.6859521204671357,-0.10386103610087492,-0.4216354796549054,-0.48123712707530664,-0.7163004268058307,-0.05464961668570967,0.46652116503804686,-0.4616331874042714,-0.14195865434290472,-0.4031284602033115,0.15409744760277128,-0.1239825591815378,-0.7130090890034818,-0.647326589206307,-0.7318875901192826,0.39918479773218163,-1.1510043880911323,-0.19164262006077984,-0.7190344760898355,-0.3729526191075337,0.8543058530579464,-0.6213386124671757,-3.0399643711367625,-0.09791143657143953,-1.015588989766278,-0.3619327494686849,-0.4634317826505927,-0.8702064083697106,-0.6479215175142219,0.8357019461394039,-0.18812088190729928,-0.32788358438087656,-0.5545196338611051,-0.6700063388318857,-0.8052734940564394,0.3474472358184613,-0.12522891580765813,0.036334051896395596,-0.04753789787987734,1.1312808891729111,-0.5529763551566242,-1.3314552687869932,-0.36608864526302864,-0.2953709160566974,-0.5355753218540141,0.8813221052488392,-0.22029659052998551,-0.9929574088746119,-0.3551573723021743,-0.789722756790231,-0.04947532069857724,-0.4823196741531747,-0.6073375610927222,-0.37706955889257593,-0.4322850578517254,-0.6087987331335977,0.6726842548301207,0.2708694661320716,-0.7363657652065063,-1.2082186674970128,-0.5738914219327061,-0.039708742568581805,-0.8238570781025514,1,29,train
1.532899204881117,0.8314764968660268,0.17305183435636964,0.1928890684869875,0.7926287449149475,1.3527983525630947,-0.774072806237411,1.3167986309108308,0.8154841132573688,0.47884480044750005,-0.4514501515216591,0.512136356153065,-0.6347819170796217,-0.41838512566082764,-0.05992440179309098,0.3496196259142051,-0.3665776739018689,-0.2486668451740874,0.23213950776638886,0.1688116803406218,-0.09474302705793593,-0.3522999839629879,-0.1299823315334929,0.34283533121090115,-0.4648518542465335,0.5264091148369083,-0.064531517822918,0.4015852718350178,-0.09681652568026919,-0.14663482998648747,-0.10962149535660813,-0.3774613567572597,-1.0066178154216845,-0.003106534460097209,0.20541565400440462,-0.15183515653235738,-0.03883366327919848,0.4185458192144818,0.03298174753717778,0.2303272446226583,0.45279750776936967,0.13088138766709617,-0.48000807632085446,0.3506476514388793,-0.41259993311303866,-0.3735096697758218,-0.14162607225534557,0.29677015501733667,0.08744814118891571,-0.335935439051851,0.06462385665706297,0.40477924795315307,0.6435090032320888,-0.2768176108534798,-0.4337544685787486,-0.03893034135464034,-0.5627662960624314,0.6794711809949455,1.029357280297154,1.1623501786228918,-0.3623748765595189,-0.012607660266850926,-0.44217436827175394,0.17725097133270676,-0.3057786786635086,0.01693829112623181,0.0773493864188301,0.030152067495588478,0.08182099719912313,-0.11922813098019107,0.2980195089867942,-0.5934841104710871,-0.5175523284021799,0.30136259507329394,-0.47664439504909023,0.21641608180626565,0.5978481551121583,0.258412334901326,1,29,train
1.193590081310263,1.1572915229790668,0.6647931854482318,0.46473052369997836,0.2961006651442777,0.10600270537709833,-0.5706940508969343,0.9790149741053282,0.041343148067466605,0.746970563779544,-0.531542681674455,0.7136190144858295,-0.43585824246584803,-0.5281713406049412,-0.018426659152506866,0.19030089570169115,-0.3843287980776117,-0.2151890449519936,-0.1797505730648282,-0.15799894383652993,0.24827837279333317,-0.07574449655204239,-0.4188395285822355,0.28101596392551653,-0.4525071754378891,-0.11382777087413112,-0.277564416024639,0.19989676844519408,-0.19468498141823148,-0.3227285808229037,-0.319605044885315,0.13488532633400635,0.06484703533199217,0.20719729839363843,-0.22628506659589384,-0.11472339798189535,-0.264774976903626,0.7370928104310437,0.1376962948240716,0.17071402766624988,0.42084730160317146,-0.5525787581982461,-0.09944427098925396,-0.277532359890668,-0.1455834883531579,0.00453805450508685,-0.5398317878340669,-0.29609237652300674,0.13107117406969485,-0.500203758303457,-0.03971874924714224,0.3473898289472054,0.1637658318063559,-0.11078747387259524,-0.5154084872440526,-0.547327497862097,-0.42799615149383946,-0.10096454646189947,-0.1675462655313258,-0.24414034789156008,-0.5665170579169514,0.13574157563538808,-0.3342890304217096,-0.30146913596924513,-0.25507977524070913,-0.3123625341717797,-0.004671079354653364,-0.42637276329991136,-0.3223673733982012,-0.029783294731181267,-0.49156747749826185,-0.17503530598407827,-0.1742938600335262,-0.5498989504687297,-0.2765557051488037,-0.25540929356028463,-0.12586508009300615,-0.06722624954231851,1,29,train
0.30290363193677106,0.041621888107141874,0.015420460487201255,0.49815365343928053,0.330944740917658,0.8474262922678814,-0.550963276125097,0.2931073444696649,1.0670799269440872,0.47501443239989943,-0.3165574691590556,0.47460527273813824,-0.1298218199831193,-0.4664165946988773,-0.024354908101161737,-0.32250626716983816,-0.31687452620978895,-0.13707417776710806,0.019825033111122336,-0.20792834475248365,-0.38430654641290335,-0.18419762887006025,-0.2048712344720558,-0.32741675619905863,-0.4895412118638223,-0.2634483474261675,0.03455355110811503,-0.24594097589020578,-0.21915209535272204,-0.2812947570966881,-0.6022752077124204,0.004287152212703235,-0.3198874477571658,-0.5400524906824009,-0.1404983849381422,-0.06524105324794599,-0.24006264572595426,0.08293381061131828,-0.21309743858702274,-0.2644624561155317,-0.5057086772165769,0.33889099727828725,-0.5040943931139937,-0.5293969870746846,-0.17562283838864448,-0.5043723435653671,0.10243549535741919,-0.48231201784016586,-0.5431029704514373,-0.3770025188647525,0.07286143080739496,-0.4763171261969853,-0.33471730725319476,-0.7037522488043256,-0.3793184561352126,0.03450480347421451,0.23587159767737298,0.34339837969773956,-0.21402795663146093,0.04729462607089393,-0.06401322688327135,-0.3432145288489835,-0.20936916554271087,0.020660282028329986,-0.5408372308964879,-0.37047444451848766,-0.28933034292144894,-0.38524440016518163,-0.3284453940086873,0.014939123393323634,-0.2984807035106499,0.09551349002045333,-0.5980035319260831,-0.4850409279512422,0.06734673061731379,-0.3320809170573491,-0.24993020612817718,-0.019338222418253146,1,29,train
-0.5606380875510526,-0.3476635976383085,-1.0605850046197307,-1.386910863857361,-0.4995057316812399,0.24383144909397467,-0.06983592207337218,-0.28250358090297717,-1.3789077765309308,-1.4957099280906232,2.3138498369117126,-1.3130594899202144,0.19916733418581406,-2.1612412878986307,-1.7909730948003137,-0.43701660451008256,-0.25297047917711474,0.11400932389859547,-0.769984812606469,0.005406368252045935,0.02108238068405105,0.764767278912596,0.7419384669654893,-0.1256903997941193,0.18324378320729803,0.16453609247849474,-0.6838131986418744,-0.044252472500382035,0.34970830362418376,0.12268502423391381,-2.6375003800675794,-0.7793018925151156,0.07725782510906179,-0.4550360476138695,0.16667328164283937,0.17804714169397176,-0.5260196207818704,-0.46883508488879794,0.8392837616462604,0.12898477579676396,-0.4045330243569492,0.8143415335324384,0.0017182595419309797,-0.39605689033020525,0.20153788983468707,0.41166637296145,-0.4499143681872589,0.06114530273848223,-0.3329192665713196,0.12753589026517995,0.4023643968206746,-0.2838937801182194,0.04383003894992267,-0.18984944386349265,-2.4955184398776744,1.5822917021746936,-0.8323065851996155,-0.5752006105146236,-0.44256293787379203,-0.4426540258080143,0.1840980396896082,-0.19062674334953772,0.09725232097846777,-0.9815201295196814,-0.43943942405088904,-0.4036812504308922,0.3427097168624531,0.6388518418895882,-0.08836357989448712,0.24352037158523757,-0.5639750177436164,0.25062813306305143,-2.7809128542079904,0.1716465500383189,-1.3645379564816118,-0.3320809170573491,-0.13275758709496008,0.196157899640041,1,29,train
0.17735925621555504,0.11496553034903832,1.1651014590329838,0.16169414739697216,1.534517191589837,0.16620376585113628,-0.11536847923915054,0.44648869883542885,-1.4429232794216342,0.5535369773757123,-0.4746348313027316,0.510161035973332,0.11118186272202955,-0.651680832417069,-0.39190634291776383,-0.1781236679147474,0.8191974210377526,0.2535001581573197,-0.472744548089096,0.41391964847348556,-0.5580446580258838,-0.02694058700893436,-0.8949189829773854,-0.3501923125673583,-0.6315050181632331,-0.1695005435446563,-0.5054600745660149,-0.6599331670587913,-0.5188742410502315,-0.06894641049983326,-0.08539262425714195,-0.5582895978482948,0.2799673914678655,-0.6250689337509324,-1.6431489701045656,-0.040499880880971305,-0.18710765034522905,-0.053586328481493986,-0.39111216897474227,-0.44926342868039787,-0.18620661555459472,-1.5926268062542015,-0.0753579541961147,-0.40494623011317055,-0.08884249384168325,0.32078951616315465,-0.10309003526385639,-0.8433500979448622,-0.4955142073087691,-0.07193278311177011,0.1305244498597189,-0.7058748022207761,-0.1660575985488355,-0.4547070433329989,-0.5290174903549366,-1.6319080984113377,0.22089713716975165,-0.4183666365759274,-0.06296246055602171,-0.3750749014109235,-0.02946608849970584,-0.25844353690484695,-0.5159906520638895,-0.3954235495518712,-0.48092034503317954,-0.3566382753883191,0.23174085140421075,-2.0262660892408975,-0.4074596619450063,-0.034752452300570696,-0.39157611239753426,0.35524033418480366,0.630218175205506,-0.7931165349093079,0.011071786582858213,-0.4972197984356417,0.22565277700664513,0.7372926061419796,1,29,train
1.4684304714026548,1.4661810931901307,1.0588716201211528,0.8011900297422867,0.18721292835246411,0.6478122496434398,-0.30205196361884185,1.339202648964257,-0.03904841370225401,1.045739271492393,0.9585999187999306,0.9210276333577931,-0.1795527386365627,0.8304330693284642,0.9834474131701665,0.6085125625095403,-0.42338127126424596,-0.12591491102641014,0.2661098237112315,-0.6482148801022575,0.738308944009432,0.5478610142765602,-0.9377126417994213,0.8016001094866504,-0.09451148998720121,-0.1103482225822233,0.4507108406184538,0.36443212647373446,0.4965109872311272,0.019100464918374853,0.9402962522869264,0.20520742009163112,-0.17923183028371023,0.8291596976844736,-0.3618833698613722,-0.24255278854459789,0.13768298798988554,0.08862214974018545,0.216232205289242,0.433012182274447,0.6817739852937903,-0.5971522459720727,-0.036819847327091856,0.3654632177438215,-0.19231136618613703,-0.14449999064411753,1.130063148463797,-0.3606991908575313,0.6466161081152665,-0.02499897761131127,0.37490581631956793,1.0259353124881165,0.6772409449729607,0.6284419455422953,0.8659053285106734,-0.9540452230680623,1.2591263990314974,-0.34741793407985055,0.5103117296789783,0.46544045827789315,-0.22104567408129636,0.7079457712583099,0.06886144259687715,0.2891014636929759,0.6667184688101905,-0.19060424582629648,0.439204382478316,-0.34411603703045196,-0.3375624249244164,-0.15898139153530652,-0.4191599372529074,-0.009098711101298892,-0.2654718906939499,-0.6147569729862172,1.2053511544251936,0.346168060032067,-0.08451003808128246,-0.21567913362692115,1,29,train
1.3344033675921674,0.6819683030652377,1.012610238659549,0.7967336124437131,0.38611452755884357,-0.6148257818778297,-0.38249281461171697,1.1323963284710923,0.8631235572690551,0.9193371259215722,-0.531542681674455,0.942756155334856,-0.1795527386365627,-0.41838512566082764,-0.6883187903505075,0.06583313772316461,-0.12516238511176633,0.13632785737999134,-0.7105367597029945,0.12342131587157294,0.5422967155229924,0.2333469305543085,-0.16742678300277436,0.300537869384059,-0.10068382939152341,0.1262610612675087,-0.4261920194211885,0.2476650981954155,0.30689085423882523,-0.4263131401384427,-0.553817465513488,0.14493133972795275,0.28410432139355535,-0.06575022935269931,0.1943464047582431,-0.20131750126630674,-0.596626281289504,0.020362080193779324,0.1534034769171057,0.31974707005727093,0.34097178618767593,0.299270119257108,0.39673385494941504,-0.8049665203466086,0.061354256335749674,-0.1917559561792311,-0.7389346456234277,0.08014730695451888,0.03985937804624756,-0.2772681821762775,0.13601616595994023,0.30687965082535995,0.3436695210910058,0.023617875111930305,-0.5290174903549366,0.3451919546732158,-0.3730897962992279,-0.7320345844533197,-0.8182899409332178,-0.7509837808697409,-0.23046762091317785,0.41548584905103875,0.10860867233110402,-0.6907088493829817,-0.06150214399002019,-0.3594055092143528,0.637018446990835,0.4003073357081559,-0.17345586844129224,0.024877438532102503,-0.7018941420204821,-0.04156456662184268,-0.3137426128082918,0.21623644051909158,-0.7705246583401361,0.18102917865377438,-0.19134389661156864,0.08601543725469066,1,29,train
-0.24847369386586682,-0.27290950073791403,-0.3632375136985184,-0.31737071219969204,1.1352621566865209,0.5020623137589268,-0.5281969975422078,-0.389353513157779,0.8735446856466115,-0.46151055523845397,-0.4957118129218884,-0.355029202749716,0.2450727975582234,0.3089485483439247,0.0942100708719357,-0.32250626716983816,-0.4553332947805831,0.1474871241206893,-0.23495233647519748,-0.35317751105344,-0.4734030139067395,-0.2763827913403754,-0.5044268462263073,-0.23306087981610316,-0.41547313901195587,-0.5731281454059638,-0.0843485316091246,-0.5803192841417556,-0.6045091398209486,0.12786425219969075,-0.10962149535660813,-0.231794162545037,-0.24955963902043804,-0.4863578950601706,0.4351025758622557,0.6275117730273452,-0.2294716466498092,-0.030832971966025278,-0.4905909888972914,-0.824826695505771,-0.5642840551879403,-0.39409524611352903,-0.89429272516285,-0.4671716085939276,-0.3258195885660774,-0.23901192171434466,0.09601282252550433,-0.8927553089065574,-0.5153428586182142,0.40913872326793294,-0.028735317046699585,-0.6518612313916489,-0.405929184261702,-0.6958460518052358,0.16504166830014735,-0.5925183562183153,0.13604186095989743,0.08200842313324602,-0.4077016695486907,-0.7002994375719229,0.30030205061614673,-0.2796362848908811,-0.5557378817981163,0.08777057744449146,-0.48092034503317954,-0.6776373992082295,-0.4340723413452433,-0.7430611594373302,-0.43481075469219366,-0.5117915789619563,0.02562923853998445,0.2939159404237765,-0.3781035756274143,-1.032280492942543,0.017324558142242166,-0.9336582706497007,-0.8013307662844928,-0.6370937723186965,1,29,train
-0.03470894601622877,0.04867416139963192,0.1302172218919217,0.3934278469228004,0.3004561746159502,-0.1744074973572363,-0.24285963930333,0.00874865379156329,-0.22960618974899916,-0.02101822976438178,-0.38189611217844166,-0.09428693902496178,-0.05331271436243713,-0.17136614203657216,-0.04806790389578123,-0.8153985887648033,-0.6292943117028629,0.030314823343360955,-0.2646763629269348,-0.18523316251795924,-0.669415242393179,0.10862582838858796,-0.8574745315081039,-0.3664605671161437,-0.7302624486323883,-0.2634483474261675,-0.33206120393670713,-0.8138533406983937,-0.5005239055993637,0.13822270813124465,-0.1661555279220292,0.14493133972795275,0.22618730243389715,-0.5221542921416575,-0.13496376031506147,0.19866478533311732,-0.34597263648740467,-0.21285982408977497,-0.5900698088198406,-0.7175229049842358,-0.48440853977244475,-0.6367731239932519,-0.6052569236451787,-0.43457736272305486,0.017964084062269056,-0.14813506491604933,-0.0003272699532185916,-0.6267272498820444,-0.4043024112853218,0.5147397856439653,-0.4186471601624138,-0.7261298912816988,-0.55210093180548,-0.9251257647788383,-0.039093378363112635,-0.8580146490610983,0.13604186095989743,-0.35115207631648615,-0.2605096477315961,-0.23146926206710555,0.26889556117654173,-0.478848115959602,-0.6068414628849795,-0.3104171753580666,-0.688324949944632,-0.7634216478152744,-0.36652607541413923,-0.4181470906729654,-0.30413331156674295,-0.23351875507614803,-0.47777556507057534,0.07386958634009079,0.2601426389955512,-0.6228642258009032,0.017324558142242166,-0.14335076691072896,-0.3877803461672561,-0.42159765026040225,1,29,train
1.607547212066705,1.5395247354320272,1.6242885046518656,1.7637761662341889,0.5095206292562322,-1.156635326144171,-0.23830638358675213,1.4184784051533035,1.3112320775039794,1.8367102733219225,2.5709890126654256,1.7151063456104536,-0.14129818582622164,3.952478556801694,3.585948701629656,1.5345526818697777,0.10205200433774197,-0.12591491102641014,-1.861281212334539,0.20512397191586088,1.3530745697169013,-2.4779813773961377,1.3891925566487828,1.1204578986428448,2.2262881260379483,0.14017925443513998,-1.6746638879522047,1.9567097848144481,1.8055015827263727,-0.3538039486175654,3.839684493856379,1.3554759536984933,0.41234914908994136,1.8538315641420366,0.32164277108910033,-0.16832927144367382,-1.7722271787416035,-0.5655368500795399,1.69794304939879,2.0485303617931154,1.5817047923083736,1.53742255741896,1.6973949617789357,-1.6109333273354618,0.04800343409775564,-0.33715892705650363,3.320194584146765,0.9200358933033387,1.6380486735875195,-0.45326995280299814,0.9378067165922539,1.1677209359145757,1.0670322717563687,1.4348740394494486,4.240938100009905,1.780001707483149,3.200814778186397,-1.4975337429636222,-1.399311079684907,-1.599946531108194,-0.3027025466242694,1.174186226951061,1.8404522536081316,-2.0821289743447298,1.5239908357775271,0.008636589648130678,1.833552300627535,1.3298083425530474,1.0147971609087363,0.6162071892894451,-0.9467005876119187,-0.045171883901903104,2.684405571849168,1.0918197445051732,3.224996368106211,1.3487969826859865,0.16362021398905963,0.26798994032613904,1,29,train
-0.36723188711566573,-0.8187554535766434,-0.7556025638728615,-0.5869839587633962,-0.6838889659820442,-0.21559769662894646,1.3143538157662904,-0.3445454770509266,0.22892345886348137,-0.6951630061420923,0.8511073125422309,-0.5742897427000775,-0.35934913684516584,-0.2674290801126715,-0.26148486604735666,-0.2677404536592865,-0.3559269993964232,-0.19287051147059772,-0.2094745995165655,-0.18069412607105434,-0.19274914130115567,0.18996567762710134,-0.7290935550419961,-0.3534459634771153,-0.5018858906724668,-0.15210280208511717,-0.29242717636429394,-0.34147763539064857,-0.2803198801889485,0.07089274457614433,-0.41652052928317973,-0.4728984839997505,-0.16268411058095075,-0.11497027533974383,-0.36741799448445295,-0.44872922493605355,-0.20122898244675577,1.0783931581630744,-0.1293258007575077,-0.049854875072461335,-0.04243068780670272,-0.6318205142406046,-0.21987585495495032,-0.25975368032473745,-0.5694720944094686,0.1281305797507685,-0.4627597138510886,-0.4253060051920559,-0.15049567452442503,-0.14233349136245835,-0.009514310695924942,-0.36491413636191034,-0.22602549497705213,-0.26100521685530026,-0.3452959483580026,-0.530380925978515,-0.7424598221538875,-0.32127893842340116,-0.2256483794064947,-0.40041707305983254,-0.5885016005246749,-0.39407712401546546,-0.260472746629574,-0.39989756924628195,-0.2873427137824906,-0.11312169869735259,-0.1687120109016203,-0.5867733795253574,-0.4895129401865684,-0.3329019064639367,-0.6019027769197545,-0.08124505670250731,0.11533047265252537,-0.37153938854563906,-0.3891055932177149,-0.34977436863359473,-0.10863381258812127,-0.25877835803857996,1,29,train
-0.5470657226082184,-0.4604999703181492,-1.074292080608354,-1.4738110011795467,0.3062635205781803,0.09808151320946175,-0.45230940226591054,-0.5599687275646399,-0.3516822650289453,-1.3865444387340053,-0.4957118129218884,-1.3189854504594132,0.42869465104786064,0.3638416558159815,0.8826671810430337,-0.07854946153192617,-0.7748535299439542,0.6775522943038412,-0.3580947317752521,-0.6391368072084477,0.17254637542357248,0.21707896070660582,-0.35464904034918154,-0.11592944706484803,0.44248203818883064,-0.5278940176111621,-0.47078030044015334,0.07782214797240601,0.34359152514056107,0.4800517538725232,0.5768631857949337,-0.04594291475702873,0.11035326451458076,-0.038902931541584126,-0.3729526191075337,0.516176497375959,-0.40598829791889324,0.2877140192505367,0.36806829885523806,-0.008125623202975434,-0.06373082525083487,-0.32971131932911274,0.12214984350762734,-0.5738436859895111,0.04466572853825713,0.11359028266304126,-0.0003272699532185916,-0.3835015959167753,-0.13066702321497997,0.8256762470845052,0.17720403671160018,-0.4256794035446785,-0.22227750145028857,-0.1424122618689542,0.7978603129562534,-0.3891594936153327,0.44052255794819783,-0.224191240270875,-0.35347302993186636,-0.484890978556196,0.1401289544741612,0.02553928610801053,0.08021779394951341,-0.4222676677183358,-0.07532911765078369,-0.6222927226875553,0.2606892510889696,-0.14258705767027632,-0.22208003332518086,-0.6608663060436394,-0.7329259449827769,0.2903086231437161,0.2601426389955512,-0.4363974110631266,0.26743542051760033,0.10435755515670996,-0.4360278951809337,-0.4934296909465003,1,29,train
0.6761436678647106,1.3956583602652302,1.6431357341362225,1.4340012861397409,1.7421298097395614,1.9056975658641273,-0.44016738702170294,0.7325707755176402,1.1891560022240333,1.4402671803952576,-0.6980508364657936,1.2884371867881286,-0.03418543795726659,-0.7477437704931683,-1.2277894446781008,0.4292789910204621,1.7564567775169742,-0.4104762129142075,1.7183408303532546,1.5713739424342312,0.1770011987982643,-1.1331625366527165,0.9398591390174054,0.34608898212065825,0.7943053842351964,0.4185431177877658,1.7784507642942964,0.24235750600094644,0.28242374030433465,-0.2553986172678034,-0.788029886141661,-0.9249690867273382,-0.6136094724811467,1.3213601575549188,1.154603776862753,-0.39099982274644596,1.899319167655344,0.3673507670546772,1.3157349518016273,0.08129420223163722,0.639173710405526,0.9530146066065659,1.2012168358402668,1.4440364447436105,-0.3591966441610625,-0.42076563531093536,-0.4113783311957697,0.22076213815319007,1.0828464369230577,-0.4063361473025393,0.6055578925288637,0.2596177763498736,0.47859728805449314,1.209547424975391,-1.0801821163457386,0.9835128289548002,-0.9670767297682075,1.5009824730547825,0.7117323911128973,0.486558934651984,-0.4251878554387289,0.4409171466342797,1.312381915710546,1.8550083567367437,1.2382333801217482,1.134900756843851,1.437924171602497,1.2105360894623314,0.7959884189312374,1.7839592180959618,2.0461444091960668,-0.1497840850236553,-0.8715376239073541,0.17975380285300485,-0.25154461891126784,0.26359861934292067,0.6426494506248589,2.059002154766184,1,29,train
0.5047925604614292,0.23626463097986708,0.6168184194880502,1.0128698514245338,-0.07266580345733085,0.15194561994939043,0.007569425108451053,0.6188272992463996,0.03389948494064062,0.9825381987069827,-0.4809579257884786,0.8380641858090077,0.11118186272202955,-0.5762028096429909,-0.3622650981744895,0.2201731576165375,-0.6186436371974172,0.2702390582683666,-0.3326169948166201,-0.19885027185867388,-0.39321619316228695,0.4394078819585424,-0.5846649565176247,-0.17449516344047558,0.07214167392949834,-0.34347795814004745,-0.28251866947119064,-0.26186375247361293,-0.30478699412343907,0.31949568693343783,-0.41652052928317973,0.07460924597032799,0.08139475503475166,-0.22235946658420458,-0.3286756221228877,0.1368118544156806,-0.3036086401828245,0.17394723667319315,0.12198911273103755,-0.19292659576784157,-0.015805516001537536,-0.6714413922617838,-0.3162211221275074,-0.4790240616378813,0.1714985397992005,0.24445295645258658,0.14739420518082322,-0.5241164271154465,-0.1782557863576481,0.4502058030808344,-0.06168561364802755,-0.5539616342638557,-0.30473335903908644,-0.6444557713111526,-0.8624380665715946,-0.8410680771775163,-0.24331113856650965,-0.1756473911946119,-0.0668359348143663,-0.07096884162401494,0.011362347771780667,0.14845722442700854,-0.15258740877952964,-0.3372612935245312,-0.0568931527697657,-0.5475774093846452,0.14489565234993415,-0.34822887334392494,-0.43177174438695065,-0.0198449795924024,-0.4950154556051835,0.18569642202196385,-0.01875486655397999,-0.4728800487292133,-0.25154461891126784,-0.0018031543007638652,-0.26716147363306203,-0.46469687467206106,1,29,train
-0.1687360498267161,0.09380871047156819,-0.04283461246444793,-0.5045402387397842,0.12913946873016358,0.8189100004643897,-0.016714605379964078,-0.029165838298850263,-0.7030231646151317,-0.6702656138326881,-0.5210041908648765,-0.47354841353369515,0.09970549687892723,0.3226718252119389,0.313555281972166,-0.7058669617437,-0.3204247510449375,0.2981372251201114,-0.39631133721320005,-0.5211218595889208,-0.713963476140097,-0.3956812368901951,-0.402791906523972,-0.43153358531128544,-0.6129879999502664,-0.34347795814004745,-0.0942570385022279,-0.6705483514477294,-0.3537212219924202,0.039817376781482644,0.4234136688316478,-0.36741534336331333,-0.04685007266163435,-0.8845928125917125,-0.2733293758920802,0.05846480858692744,-0.41657929699503826,0.043115436709248035,-0.40158362370343165,-0.5625285408975739,-0.6281844675203367,-0.6763940020144311,-0.5426324999830165,-0.3012372659785755,0.15481001200170794,0.1244955054788367,0.14097153234890836,-0.4899128195265805,-0.5153428586182142,-0.08366623448688482,-0.2017243742036714,-0.5404582415565738,-0.3309693137264312,-0.992328439271101,0.40319922274061737,-0.16320520183424084,-0.11353248083379146,-0.7656418645830403,-0.3108648130900758,-0.22302187151746922,-0.02318479061178484,-0.6441515502506684,-0.6068414628849795,-0.3909495298574604,-0.6744979762838685,-0.45349145929949897,-0.6463606057001416,-0.3153261828361411,-0.5654881978176444,-0.32793274889454727,-0.4122639810390641,0.2434134985029306,0.3888645646337964,-0.4566655430998414,0.09861058841423356,-0.37336563740192225,-0.27750023413599295,-0.7520250374164533,1,29,train
0.5743509307934543,0.3124291825387595,-0.0908093784246296,-0.5691582895691016,1.2397943840066619,0.8648529150366818,-0.52364374182563,0.2965541164778843,1.043260204938244,-0.3312780416200326,-0.49781951108380407,-0.12391674172095658,-0.04566180380036892,0.2815019946078963,0.3906225183046793,-0.5664630728077502,-0.5014862176375144,0.3483539254532521,-0.13304138864066956,-0.2669358185622472,-0.39321619316228695,-0.24384685164497005,-0.9056173976828943,-0.28186564346245946,-0.8475368973145102,0.2724020895276373,-0.688767452088426,-0.6546255748643223,-0.6901440385916655,0.23144881151522972,0.21343011930294092,-0.4578294639088309,-0.31575051783147595,-0.5803234373990738,0.5125873205853863,0.20691184278877556,-0.42010963002041996,0.4469875148588177,-0.2968690764165378,-0.4254181418978345,-0.3299825433024867,-0.5773418069614831,-0.6341605037969458,-0.16493405597310765,-0.3158064718875819,-0.20629625326695836,0.03820876703827058,-0.3150943807390434,-0.6977664506651088,0.5910072195822109,-0.07541490389858087,-0.5100756079651898,-0.2897413849320323,-0.6642212638088769,0.19906417607735735,-0.9540452230680623,0.006263203227179198,0.4292836511403589,-0.15592584275629198,0.0684131024449848,-0.10798231209871834,-0.2923519336825016,-0.7715085574982051,-0.5072740419121403,-0.5177922747952155,-0.22657828556473472,-0.21695934370955175,-0.24540796550710062,-0.1643388375255631,-0.9838615480539525,0.26353972791757774,0.06665495177996995,-0.6409108404721648,-0.241823343510664,-0.370347278539563,-0.47952634685939605,0.05334010195779647,-0.46469687467206106,1,29,train
0.8390120471787205,0.8018569490375685,0.0496881504587596,-0.25052445272108775,0.31787821250264037,-0.6179942587448842,0.2838002719141732,0.5946998951888637,0.3480220688926971,-0.06315227828798868,2.0124489997577704,0.05583739463474517,0.19151642362374585,0.7069235775163364,0.3728377714587147,-0.058634620255361924,-0.36302744906672035,0.09727042378754856,-0.17125799407861753,-0.3577165475003449,-0.38430654641290335,-0.9108336154007799,-0.9270142270939122,0.03699214569373503,-0.7611241456539993,0.10190422322415392,-0.2676559091315357,-0.5431661387804724,-0.6962608170752882,0.24698649541256057,-0.04501117242469832,0.5668639022737013,-0.00961770333042551,-0.3163250089231077,-0.040875141722688725,0.06671186604258567,-0.40598829791889324,0.2592723236062008,-0.09267570920709484,-0.9142465209403837,-0.2607570966090572,-0.5080052704244193,-0.6100741870038066,-0.7960771805636434,0.20153788983468707,0.13903580256656395,1.0144550374893295,-0.4747112161537512,-0.3011934244762075,0.3211378379545726,-0.12209449075046214,-0.027329318679864965,-0.06111377979945642,-0.3993636643393707,0.5188757491831313,-0.42870149467702373,1.603538990706788,-0.5303909036749961,-0.7330735072496367,-0.8185629052668317,0.3222865932238702,-0.43222407039032695,-0.6636232196481607,-0.1851446239145652,-0.5454462221167425,-0.2653195591292067,-0.08186681184734369,-0.19194109343195198,-0.14610477569410488,-0.4571308456986725,-0.7260299887689335,0.17126715290172217,0.8286644772311339,-0.2296624642886351,1.3491649002910244,-0.3615700030177585,-0.07072502407737456,-0.1821575146400754,1,29,train
-0.1755222322981332,0.36884736887867986,0.8155710213230886,0.5092946966857146,0.5995344916707981,-0.6021518744096112,-0.21554010500386295,-0.0653569443851541,-0.6241203354707763,0.3045630542816715,-0.5104657000552981,0.22966557045124797,0.18004005778064353,0.10996103375771885,-0.10142214443367509,-0.5813992037651734,-0.11096148577117206,0.11958895726894445,-0.6723201542650464,-0.4031069119693937,-0.8253340605073921,0.7756125921443977,-0.9591094712104392,-0.40550437803322875,-0.6808837333978107,-0.5452917590707013,-0.8175780416987689,-0.5537813231694104,-1.1183185324452505,-0.11038023422604884,-0.5941989173459317,-0.4929905107876433,-0.013754633256115381,-0.4192396505323826,-0.3923238052883163,-0.032252823425313076,-0.762551933482443,-0.05927466761036117,-0.3806407142460529,-0.7950200870275669,-0.6494846049644689,-0.8794510018729749,-0.25841396182397314,-0.7279255755609095,-0.1088687271986743,-0.07906865374934487,-0.038863306944707764,-0.4747112161537512,-0.5034456678325472,-0.04846588036154069,-0.1934868000533394,-0.5438340897333943,-0.5071250094843175,-0.41517605833755017,-0.2228149203600466,-0.9992360814242806,-0.14348140184903413,-0.08602797751535697,-0.21015448237311632,-0.21035078569301469,-0.02318479061178484,-0.6950141454171503,-0.37971443583225456,-0.6235985539668202,-0.41639446794961654,-0.2570178576511055,-0.19283567730558604,-0.9816056656187626,-0.5837222596491026,0.024877438532102503,-0.6294866017751276,0.0919061727403929,0.21723533044946944,-0.37153938854563906,-0.22028076111434808,-0.6682564970060162,-0.3912265996682331,-0.2492007526137669,1,29,train
0.024670150608670692,-0.033132208793252585,0.1302172218919217,0.13718385225481725,0.21044231220138435,-0.5688828673055375,-0.2838389407525305,-0.005038434241314366,-0.4395174899254919,0.08431689154463548,-0.31023437467330855,-0.0014468905775114292,0.030847301820313262,-0.09588811926249409,-0.04806790389578123,-0.710845672062841,-0.4091803719236517,0.052633356824756825,-0.5789017854167292,0.01902347759276059,-0.5580446580258838,0.09235785854088528,-0.8146808726860679,-0.49009930168691296,-0.49571355126814454,-0.3504370547238631,-0.17352509364705432,-0.4529370714744986,-0.6595601461735523,0.22109035558367582,0.10036205417209876,0.33580559421293427,0.2344611622852769,-0.5176797425064716,-0.19307731885740934,0.14505891187133885,-0.5330802868326338,0.1796355758020603,-0.5795983540911512,-0.9678984162011514,-0.7027349485747992,-0.4584791728979453,-0.8702064083697106,-0.3071634925005523,-0.018750677092214545,0.1499410253823594,-0.038863306944707764,-0.4329068068784706,-0.5906917335941054,0.31527111226701526,-0.35274656695975787,-0.6822438649830329,-0.983120187383287,-0.8618761887861204,-0.11394289547297462,-0.5077854968004059,0.08612699260115965,-0.030015843965822644,-0.3883342982569677,-0.42575924470874155,0.06475337981910918,-0.6907755958199434,-0.7601522061455688,-0.16724854513692214,-0.5454462221167425,-0.47009486225570124,-0.7862778708431429,-0.5620963616445195,-0.38010856919781894,-0.39750095486599935,-0.29503272540372827,0.37327692058510575,0.48004259529422,-0.6066497201715313,0.22366601960191268,-0.4677307124752323,-0.3395327971535785,-0.4168088475479957,1,29,train
-0.3706249783513743,-0.5987245268509541,-0.683640414932589,-0.8164894496399376,-0.45014329100228445,-0.8952359846121642,0.23219670712629104,-0.43243816326052165,-0.14177096485245255,-0.7985829434273092,-0.5779120412365999,-0.7086115149219205,0.04997457822548381,0.5696908088361944,0.8411694384024496,-0.4320378941909415,-0.3878790229127603,0.14190749075034031,0.08351937550770229,-0.33048232881891554,-0.5669543047752674,0.4773664782698486,-0.24766489329409172,-0.16148055980144724,-0.508058230076789,-0.3226006683886005,0.12373011314604476,-0.3096320822238343,-0.32313732957430696,-0.06894641049983326,0.28611673260133946,0.19516140669768473,-0.1378625310268115,-0.3565959556397805,-0.1958446311689497,0.025476578764294523,-0.20475931547213747,0.18532391493092748,-0.4905909888972914,-0.41945682020219366,-0.37790785255178405,-0.7259200995409052,-0.4896426030381102,-0.21530698140991097,0.11141983972822732,-0.13359476782832208,0.5070638837680556,-0.18208035122678684,-0.2694675823810954,-0.136466765674901,-0.262133251306106,-0.1556115493990422,-0.3796932295743572,-0.31634859584892844,0.5937252662929934,-0.5247320686839878,0.5553267551732948,-0.07482555080545011,0.12296430384451885,-0.02450819360101503,-0.06401322688327135,-0.27115918569646746,-0.27750727365852834,0.19514705011034983,-0.2827337225622361,-0.47009486225570124,-0.30380454276382834,-0.30298767389572223,-0.30413331156674295,-0.46210000326806194,0.10148475689226058,-0.05960115302214479,0.10996705908426516,-0.19723345302989134,0.6738655718775574,-0.1610442184869746,-0.22580643162133837,-0.18694631735248193,1,29,train
2.3048274610048103,2.5903134560130434,2.8305111916507193,1.208952212561773,2.687275365092503,2.8942623483851713,0.7451968511940606,2.126790052842393,0.809529182755908,2.0435501478923563,-0.6685430621989741,1.9600460478973438,1.2396911706270917,-1.1731653534016084,-1.5656996347514285,2.6746773449530807,5.051065424534845,0.8616801955253571,3.8329929979197086,4.117773389147872,4.449176815127707,-1.8489532099516341,0.35144633021441135,2.636659222589647,1.652260561435983,3.553616128796715,2.4472749795787694,3.0553813690695404,1.7565673548573917,1.417492015678151,-0.7961061765081497,-1.3921087095458455,1.483813999843618,4.095580931370154,1.0715844075165417,1.7367410008133768,5.143695217981108,-0.5712251892084071,0.980648400483567,3.6640485413117845,3.1419398600910533,0.918346338338034,3.6628384120991004,4.528637349432567,1.4364889468491355,0.39349100160179096,-1.2912845091681058,0.7528182562022162,3.5772907716512465,1.7760858084687965,1.2288676699039842,3.395780732616075,2.2214142779995387,4.427369603604915,-1.3455576770079767,1.1190854040234552,-1.4312850055044686,1.4524386239785194,3.930589499797256,4.600438132324886,1.4152324257221243,3.831756824399742,2.095970159042447,4.311245168968254,2.0586338173270486,4.16225456252473,3.387116417042928,1.5148859766593312,1.0451872639611668,2.360381496145136,5.290691807809332,1.0839184247570086,-0.3727401620591541,0.6864571037708761,-1.2769991546502364,1.5375271328326066,3.5581799124513784,4.6258004086160875,1,29,train
0.5675647483220372,1.837130668375107,1.6671231171163134,1.1331931184860216,0.5008096103128872,1.869260081892999,1.7636083798019704,-2.488437666163402,0.02943328706454503,1.4153697880858536,1.390678041992645,1.4563394020654323,0.723254707687487,2.2164840329978976,1.9438237428522558,-3.4342002166330015,0.11270267884318769,2.083619903631781,1.7862814622429397,0.3367560288761025,0.1235433183019626,2.0662048667288104,-0.771887213864032,-4.215529593358777,1.4732627187106389,0.10190422322415392,1.570372119539127,-0.17694227736210819,-0.11516686113113712,2.587997535943741,1.069516898150746,0.7527151500617095,2.683523678293681,1.8941025108587093,-0.2733293758920802,2.437740884544326,1.733393515462405,2.204684305678776,1.2947920423442485,-0.17504263068091905,-3.9297057713608194,-0.7209674897882579,1.9189890762758168,1.852946074760014,0.8991183517698755,0.11359028266304126,-2.7363858963489496,-0.4633100136241292,1.6539115946350755,2.791029352416219,0.9570277229430286,-0.2501352983500149,-3.010784685362361,1.790652904408487,1.5871824933875252,-0.7111443594033885,1.9978664507408166,-0.24659609369068872,-3.33217473459886,0.4823352393771659,2.498756311388497,-3.6916687106423782,1.5111180643816804,2.114501499012568,1.2382333801217482,0.07228296764690602,1.7225834351692926,-0.29887483758224925,-0.4743178886603532,-0.04469076743934956,0.23940388116912625,-2.664084229225769,-0.056298761531801494,-0.0675174079949163,0.2799409636363683,-2.956609567533785,-1.2941450169242001,0.1434810698035691,1,29,train
-1.6311583724170973,-1.4661541418272293,-1.0794322341040878,-1.0259410626728978,-0.6592077456425665,-0.19024988169250942,2.9246885875293187,-2.488437666163402,-0.22365125924753837,-0.9460521132599333,-0.8202973298569031,-0.8686124494802924,-3.588033394037954,0.7069235775163364,0.497330999380467,0.7429377411263489,-0.07900946225483495,-2.022990256945059,-0.1967357310372495,0.14611649810609736,0.5912997726446023,0.3797586591836326,-0.4455855653460079,1.1334725022818732,0.4980330928277305,0.5298886631288162,-0.5252770883522215,0.28481824355669877,0.6249633353872027,-1.472517189225386,0.5526343146954674,0.6321629893343529,-0.8783729877252985,0.6814995597233401,-0.11559257413427884,-1.9909289691441423,-0.2683053099290077,-2.038816684456139,0.5617902113359917,0.4032055737962428,1.0598514249271358,-0.29999566081322826,0.3389266946458808,-0.19160207532200352,-1.5507575289020303,-0.4716566751179807,1.971433289444644,-0.1364755411082989,0.2857346542833663,-2.007952260005697,0.6769502018317409,0.9314115635371439,0.3624094887248235,0.9486429240054297,0.7025972911800653,-0.42305263738249643,0.9147138073562067,-0.3138106539501299,0.0919765097777621,0.0684131024449848,-2.9125818190554456,1.0682224870208903,0.1029304966547859,-0.38647551016304965,0.28417219752906714,0.1469982809498162,0.5453485146557652,-0.2371822928801547,-0.09140259019973015,-0.004937506884234099,-0.43295184968059397,-4.695003857899786,0.12069388622078558,0.013555120151943092,1.0990540379156664,1.1187821121947932,0.6185256761180201,0.05728262098025144,1,29,train
0.9221427824535796,0.07265189059409807,-0.08395584043031794,-0.5245941165833654,0.11752477680570347,0.20897820355637375,-0.2534839026420116,0.7325707755176402,0.3495108015180623,-0.25275549664421976,-0.4303731699025023,-0.12391674172095658,-0.11069454357794876,-0.0478566502244444,-0.012498410203851992,-0.5116972592971984,-0.4837350934617716,0.12516859063929342,-0.29440038937867213,-0.471192458672967,-0.4243999567851296,0.18996567762710134,-0.8628237388608584,-0.39574342530395745,-1.2549112979997759,-0.2912847337614301,-0.16361658675395102,-0.3308624510017105,-0.8308299437149863,0.19001498778901413,0.13266721563805367,-0.061011934847948326,-0.04271314273594448,-0.4326632994379402,-0.1543349464958441,-0.11472339798189535,-0.2153503145482825,0.2877140192505367,-0.5220053530833596,-0.6400257229409049,-0.372582818190751,-0.4485739533926505,-1.0099070457699184,-0.3308683985884598,0.174836245358699,-0.0608932823896858,-0.353574275708536,-0.4937132203697879,-0.6581091480462186,0.021934827889147565,-0.4955311855655124,-0.6349819905075466,-0.33471730725319476,-1.0753435077615434,0.12421465896749537,-0.2818312050193141,-0.2732600595817523,-0.16817910672134068,-0.1597993170146366,-0.17233752821965112,0.03648753932346467,-0.6017660542786001,-0.9759228818456575,-0.46700786466244343,-0.6099720992003055,-0.539275707906544,-0.7911026041239361,-0.25363363813404655,-0.21296300240945176,-0.382593482157831,-0.32606452836602307,0.041403730819547006,-0.3727401620591541,-0.20534070584457728,-0.038950385892213425,-0.6387674110456067,-0.12586508009300615,-0.0911702631043512,1,29,train
0.41487564271515287,0.4182132819261101,0.46090043011745974,0.3132123355484753,-0.34270739070102846,-0.5704671057390648,-0.157865532593877,0.39995727672446674,0.20510373685763822,0.5726888176137155,-0.37346531953077894,0.5733712817247876,0.06527639934962025,0.020759734115626576,0.0052863366421126235,-0.16318753695732421,-0.6576961103840514,0.030314823343360955,-0.5619166274443078,-0.39856787552248885,-0.40212583991167056,0.34722271948822725,-0.1406807462390019,-0.4087580289429858,-0.5944709817372998,-0.45134395518918996,-0.589682383157393,-0.3733231885574629,-0.6167426967881938,-0.037871042705171575,-0.8122587572411273,0.18009238660676513,-0.11304095147267229,-0.2805286118416208,-0.2539581897112976,0.17804714169397176,-0.5613229510356872,-0.030832971966025278,-0.4853552615329467,-0.5804125059844965,-0.4364832305231474,-0.5377209289403038,-0.3403074389206467,-0.6834788766460831,0.07470507857374371,0.04088879722440499,-0.2893475473893874,-0.5773220389203491,-0.4043024112853218,-0.0015320748610818525,-0.2154536644542247,-0.6147269014466239,-0.2897413849320323,-0.6049247863157039,-0.1887924125828366,-0.43999920926607833,-0.16344734919252923,-0.6498834552473359,-0.6052488567242651,-0.970615935160286,0.1118631139785167,-0.5212336119316703,-0.5103124763875714,-0.6951828690773925,-0.3288236347647811,-0.5890859167751508,-0.3810002752565187,-0.4058085817325465,-0.3284453940086873,-0.6062055727803556,-0.239865075692982,0.12076471098087627,0.14214754049382644,-0.6836686219110477,-0.10147810148605298,-0.29079619671277596,-0.24993020612817718,-0.4359640583976218,1,29,train
-0.40285934509060545,-0.6636054411418625,-0.788156869345842,-0.740730355564186,-0.6853408024726018,-0.5783882979067014,-0.5084662227703706,-0.3238648450016101,-0.8548738924023817,-0.7372970546656992,-0.438803962550165,-0.6058948655758053,0.2144691553099505,0.5696908088361944,0.44397675884257315,-0.227910771106158,-0.24942025434196619,0.3092964918608094,-0.14578025711998555,-0.021827850429383375,-0.3442131360406771,0.34722271948822725,-0.1353315388862474,-0.340431359838087,-0.28585401152118955,-0.08947093283077635,-0.11407405228843451,-0.61216483730857,-0.10905008264751448,0.5525609453934004,0.44764253993111397,0.2252994468795239,0.16827028347423895,-0.6787635293731628,0.13900015852743564,0.38422357808542745,0.0035303330253816803,0.3901041235701459,-0.10314716393578421,-0.5088766456368062,-0.19153164991562774,-0.2455169535341068,-0.7353230343281307,-0.07900377140444315,0.2916559399411468,0.3862208530579273,0.39787844562550284,-0.18208035122678684,-0.5946574638559944,0.3798050948301462,-0.08639833609902352,-0.4560620371360626,-0.4096771777884655,-0.5258628163248065,0.38959021962973334,-0.3835106363208054,0.0961099662729072,0.17536197904913658,-0.1597993170146366,-0.12165318492183304,0.42592800837456674,-0.14400269778026262,-0.3967489628612089,-0.24330687994190517,-0.513183283574961,-0.2763884944333415,-0.35687660885255296,0.009587885928223619,-0.009349311958168075,-0.11425897341080163,-0.18124944787531408,0.21816227754250764,0.3727743239290157,-0.4566655430998414,0.30495204987390406,-0.3792634545940041,-0.13965009409691403,0.0046057911437795375,1,29,train
0.23504180722260024,0.2560109961988392,0.2861352112625122,0.0859350533212206,-0.12057640764572881,-0.13321729808552613,-0.04858739539600894,0.22761867631349605,0.2095699347337338,0.1724153566394499,-0.41561928276909255,0.16448000452005943,0.36366191127028075,0.00017481881360528244,0.24241629458830752,-0.636165017275725,-0.4837350934617716,0.23118162467592382,-0.48123712707530664,-0.5438170418234451,-0.40212583991167056,-0.09743512301564597,-0.6167602006341517,-0.4575627925893421,-1.1438091887219761,-0.4548235034810978,-0.18343360054015762,-0.739547049975827,-0.6779104816244202,0.40236333438586896,-0.1984606893879841,0.3759896477887198,-0.07167165221577358,-0.6205943841157465,-0.19307731885740934,0.3347412333514781,-0.38480629976660313,0.19670059318866182,-1.0874639084325863,-0.634064401245264,-0.49505860849451083,-0.3099008803185231,-0.5570842900589001,-0.5560650064235805,-0.022088382651713055,0.05179402004020043,0.018940748542525993,-0.44430800940809256,-0.24567320080976132,0.5558068654568669,-0.5339731982670617,-0.5438340897333943,-0.4921330353772634,-0.8223452037906717,-0.059506883029438636,-0.43999920926607833,-0.0386601782956848,-0.4071642098660205,-0.13268499720622443,-0.4891146738310142,-0.12996685470644184,-0.41950842159870644,-0.9191411250824763,-0.3954235495518712,-0.6099720992003055,-0.6333616579916902,-0.6560100722617279,-0.24540796550710062,-0.383147579503062,-0.6608663060436394,-0.3674402656490828,0.25062813306305143,-0.10993289721440364,-0.9795833496470845,-0.038950385892213425,-0.3615700030177585,-0.41879662767604886,-0.3689208204239303,1,29,train
0.016187422519399343,-0.057109937987718726,0.3186895167354926,0.5404896177757299,0.4224104398227814,-0.5292769064673547,1.0396407208660943,0.09664134000115833,0.0026360998079714947,0.48075998447130036,-0.32288056364480267,0.25336941260804374,-0.09539272245381233,0.03448301098364077,-0.17848938076618842,-0.631186306956584,-0.27427182818800616,0.41530952589743975,-0.3665873107614627,-0.312326183031296,-0.553589834651192,0.1520070813157951,-0.5151252609318163,-0.27535834164294526,-0.508058230076789,-0.3191211200966927,-0.5005058211194633,-1.0049266596992792,-0.5861588043700806,0.28842031913877614,-0.6507329499113528,-0.19663311566622466,-0.5474185936701088,-0.7951018198879952,-0.1626368834304652,0.3347412333514781,-0.529549953807252,-0.32093826753825133,-0.2549832575017803,-0.7175229049842358,-0.4045330243569492,-0.6962044410250208,-0.5378152366243887,-0.4968027412038119,0.2883182343816483,-0.0645283566616176,-0.5077184236744926,-0.6761324608437397,-0.5351715099276593,0.4150054489554903,-0.24291224495533134,-0.5742167233247785,-0.45840109363639153,-0.7630487262974986,-0.3929274592460966,-0.4851900676222967,-0.04864315196743235,-0.3735569297362999,-0.3108648130900758,-0.40041707305983254,0.1809573907456477,-0.5424263599177045,-0.3115763277164371,-0.42674168741274654,-0.34265060842554457,-0.5669480461668811,-0.27968087635986266,-0.5168551621963168,-0.34971846614538854,0.13419890505867005,-0.663966382844344,0.5067476599473414,-0.13674996505570472,-0.5012554335806141,-0.20777521799558019,-0.4087525405544135,-0.3429790506545555,-0.19173512006488846,1,29,train
0.03315287869794205,0.041621888107141874,0.6870671839297448,0.6162487118514814,0.4209586033322239,-0.4136275008198607,-0.26866142169727103,0.09836472600526804,-0.2578921096309379,0.42330446375729097,-0.5989890228557567,0.3244809390784313,0.18004005778064353,-0.4664165946988773,-0.15477638497156893,-0.6262075966374429,-0.3026736268691947,-0.2542464785444364,-0.6001332328822558,-0.21700641764629341,-0.691689359266638,0.32553209302462366,-0.7665380065112776,-0.2200462761770748,-0.508058230076789,-0.4965780829839917,-0.3072899367039489,-0.6333952060864461,-0.19468498141823148,0.19519421575479107,-0.642656659544864,-0.18658710227227826,0.16827028347423895,-0.9293383089435712,-0.30100249900748394,-0.13121751289321182,-0.7413699353301528,0.2877140192505367,-0.31781198587391657,-0.6936776182016724,-0.6335095018813698,-0.42381090462941345,-0.19578953816181105,-0.3160528322835176,0.03799031741926011,-0.08270372802127668,-0.16089409075109015,-0.4557092119377146,-0.5589658914989933,0.07473535907716375,-0.16053650345201143,-0.4526861889592421,-0.5895808670731154,-0.8223452037906717,-0.19559691413827862,-0.9992360814242806,-0.013702744116315911,-0.0897621197519926,-0.4967915774906164,-0.26948251954046915,0.049050135099306676,-0.38983857441825864,-0.28318544933484646,-0.6728127706053386,-0.5085742923547065,-0.4368880563432967,-0.3713508086949324,-0.6978199599891276,-0.36491351767160374,-0.12916644611896994,-0.6570704266305007,0.019759827139184477,0.0134256148555813,-0.3269494980648664,-0.013939299654677604,-0.4382416265148229,-0.5015067116994962,0.16742508336560177,1,29,train
-0.12632240938035935,0.18830917259093477,0.14392429788054503,-0.176993567294623,0.3382039233704456,-0.21084498132836452,1.0214276979997827,-0.017102136270082315,-0.09115405559003588,-0.07081301438318993,-0.4683117368169845,0.053862074455012184,0.09588004159789312,-0.0478566502244444,-0.14884813602291405,-0.24782561238272224,-0.6505956607137543,0.3483539254532521,-0.1967357310372495,-0.271474855009152,-0.5892284216487264,0.043553948997777245,-0.402791906523972,-0.4835919998673988,-1.2055325827651981,-0.44438485860537436,-0.4261920194211885,-0.9359279611711817,-0.7818957158460051,0.2728826352414453,-0.2549947219534052,-0.05096592145400193,-0.40262604627096327,-0.4192396505323826,-0.32590830981134733,0.4172118079080604,-0.4836556244772902,-0.34937996318258724,-0.6528985371919769,-1.2659645009831935,-0.4577833679672796,-0.8348775140991482,-0.4173836526586924,-0.6242166114263145,0.2682920010246572,-0.12632461928445846,-0.38568763986811033,-0.39110239760318993,-0.4043024112853218,0.43847235170571974,-0.2566415352058847,-0.5202031524956512,-0.6383047829210414,-0.7472363322993192,0.07658314807940135,-0.7054955021088612,-0.013702744116315911,-0.3436837918432149,-0.2295218536648393,-0.4553251116324688,0.2877394548403047,-0.5085179631400498,-0.41378348989016334,-0.28804707688601283,-0.6376260465218325,-0.5558791108627462,-0.5595154066458651,-0.4880653080020059,-0.37099153828208986,-0.32296359132515784,-0.7363739230896985,0.25423545034311185,0.21723533044946944,-0.5458453240613867,-0.08897255836728506,-0.6564608626218524,-0.47393668369168046,-0.3258215960122715,1,29,train
-0.11614313567323374,-0.6762995330683446,-0.6579396474539202,-0.7540996074599069,-0.6998591673781769,-0.21242921976189183,0.4750370120104423,-0.22907861477557626,0.32122488163612356,-0.6779263499278894,-0.4430193588739964,-0.639475308631266,0.06527639934962025,0.6314455547422583,0.4558332567398829,-0.2976127155741329,-0.022205864892457874,-0.09243711080431634,-0.28166152089935614,0.2822875915132439,-0.3486679594153689,0.3743360025677317,-0.5418712976955888,-0.5421577162430263,-0.3043710297341562,-0.3226006683886005,0.1385928734856997,-0.6970863124200747,-0.4210057853122693,-0.11555946219182579,0.43148995919813654,0.17506937990979193,-0.10063016169560268,-0.472934246154613,-0.2871659374497821,0.1368118544156806,-0.3883366327919848,-0.5882902065950086,-0.09791143657143953,-0.9261691643316654,-0.80923563579546,-0.6664887825091363,-0.7786784045557814,-0.41087245663514743,-0.22235071622162364,0.11722535693497306,0.1345488595169935,-0.4595096127809219,-0.13463275347686898,-0.08366623448688482,-0.13582378100101547,-0.4155518590142171,-0.32722132019966765,-0.3321609898471079,0.6005297678484354,-0.6829000729307521,0.29077795287198455,-0.3884934986828424,-0.0668359348143663,-0.36662751086128714,-0.07971647160307385,-0.2838748344880879,-0.49895612503493514,-0.23435884055308362,-0.11220104741281968,-0.3123625341717797,-0.5546906733650719,-0.5415321800771546,-0.43177174438695065,0.17395216561378551,-0.3019286816175716,0.07026226906003037,-0.1313865514874445,-0.24993059632534995,0.03608287282039403,-0.4441394437069048,-0.10863381258812127,0.11474825352912987,1,29,train
0.42335837080442423,0.3053769092462695,0.6647931854482318,0.5583152869700244,0.2961006651442777,-0.5498720061032097,-0.04251638777390516,0.2620863963956902,0.8199503111334644,0.5669432655423144,-0.42615777357867096,0.4943584745354681,0.06910185463065435,-0.37035365662277797,-0.17256113181753355,-0.2030172195104527,-0.10031081126572636,-0.13707417776710806,-0.8124477075375224,0.08256998784942898,-0.4912223074055067,0.661736803210479,0.0037478522853693955,-0.13545135252339055,-0.3105433691384784,-0.23909150938281276,-0.5450941021384281,-0.42109151830768426,-0.3904218928941561,0.2418072674467836,-0.5457411751469993,0.07460924597032799,-0.04271314273594448,-0.7056108271842779,-0.1626368834304652,0.19866478533311732,-0.5754442831372139,0.33890907141034127,-0.2916333490521931,-0.35388228155014434,-0.37790785255178405,-0.21580129501822234,-0.3162211221275074,-0.6331059512092797,0.12810836752571986,-0.10814924792479937,0.06389945836593003,-0.23148556218848212,-0.5232743191419922,0.2859374838292285,-0.10836520049990883,-0.422303555367858,-0.3609532619405395,-0.5060973238270822,0.17865067141103136,0.07969566183043288,-0.11852396766966523,-0.6125420328809797,-0.5161589487823394,-0.4046407683346507,0.2060825822973317,-0.2626820865020538,-0.2207255168953471,-0.7309750266326785,-0.37491354696732604,-0.47286209608173496,-0.3520518755717598,0.13708581164588574,-0.2160020127146948,-0.3179944337557684,-0.6019027769197545,0.2289842293826889,-0.3083791992400316,-0.11616092488303194,-0.21402798955496413,-0.2436136591761209,-0.13965009409691403,-0.13426948751601003,1,29,train
1.6109403033024134,1.391426996289736,1.1222668465685357,0.3087559182499016,0.9653972872912916,0.5765215201347107,-0.03796313205732732,1.2857776828368561,0.4626544810458172,0.8944397336121681,-0.4008653956356828,0.7847305409562171,-0.09539272245381233,-0.41838512566082764,-0.4986148239935515,0.48902351485015483,0.41802201466596445,-0.019901876989779754,0.25761724472502084,0.18242878968133644,0.8496795283767271,-0.05947652670433971,-0.43488715064049893,0.7039905821939377,-0.47719653305517795,0.7177842708918386,0.03455355110811503,0.6138889596137797,0.02551904399218367,0.16929807592590634,-0.44882569074913464,-0.25188618933292983,0.13931177399440986,0.8202105984141018,0.2496926509890506,0.04197069367561098,0.06707632748225192,0.13981720189999006,0.03821747490152247,0.6058905114480314,0.5220229544627991,-0.11179649021262679,0.020987312976442397,0.17582396904056194,-0.04545232156820262,0.00453805450508685,-0.5655224791617264,-0.06426792508735964,0.3769464503068136,0.10993571320250788,0.27605492651558405,0.9212840190066826,0.6435090032320888,0.6916915215350132,-0.7535660416845226,-0.05022805594369493,-0.527825888211315,0.1454888411560516,0.36311970786188374,0.3514006858578025,0.1903793375775292,0.657083176091828,-0.15826558445584776,0.09224459713890223,0.003023733093542779,0.45416123563955807,0.4681527821630749,0.017813558555169563,0.014962770483776245,-0.1540122339659171,-0.0847060608815081,0.03058177897936574,-0.07238900223658214,0.17570017644566188,-0.7392608005432163,-0.03129224026117326,0.5392618455955497,0.34461078372464365,1,29,train
-0.13310859185177645,-0.11493857898613707,0.1404975288833892,0.7254309356665352,-0.24688618232423254,-0.43580683888924315,-0.3657975436509316,0.010472039795672995,-0.10306391659295745,0.35627302292428,-0.4957118129218884,0.081516556971274,0.18769096834271173,0.08251448002169046,-0.20220237656080792,-0.5963353347225966,-0.44113239543998883,-0.17055197798920188,-0.2901540998855668,-0.3577165475003449,-0.37539689966351975,-0.09201246639974507,-0.79328404327505,-0.4478018398600709,-0.508058230076789,-0.31564157180478486,-0.5797738762642897,-0.6599331670587913,-0.7023775955589109,-0.04822949863672547,-0.48113085221508956,0.19013840000071153,0.2344611622852769,-0.902491011132456,-0.10175601257657697,0.11207068204870592,-0.5330802868326338,0.14550554102885724,-0.28639762168784844,-0.8427106605926936,-0.963661632265418,-0.7556357580567896,-0.6775158740245965,-0.3427208516324135,0.2582788843461617,-0.08270372802127668,0.3657650814659285,-0.4367072077216779,-0.43206252311854493,-0.03673242898642598,-0.37471343136064317,-0.496572215257908,-0.5708408994392977,-0.6167840818143385,0.008538132524981363,-0.8580146490610983,0.08612699260115965,-0.25406437816396,-0.05908898629767711,-0.3370616439375599,-0.016903492723863836,-0.36440727683501767,-0.3853926115085727,-0.4356897268015681,-0.7943317480104854,-0.3455693400841843,-0.458196007749209,-0.627901742660087,-0.38618658980830506,-0.5416065243782929,-0.2915847472968066,0.1748744701817826,-0.07775241580484235,-0.39991477339703985,0.15488553244868916,-0.6505630454297705,-0.3050702621438087,-0.5461065207829722,1,29,train
0.11967670520850984,0.2560109961988392,0.2467273677952201,0.10153251386622827,-0.49224654922845235,-0.5276926680338273,0.28683577572522506,0.2655331684039096,0.24529951774249853,0.1570938844490474,-0.35449603607353786,0.2375668511701799,0.030847301820313262,-0.6036493633790193,-0.3148391065852505,-0.6809734101479946,-0.6860979090652399,0.39857062578639285,-0.42178907417183203,-0.8116201921908333,-0.620412185271569,-0.021517930393033468,-0.79328404327505,-0.23631453072586023,-0.35374974496873385,-0.392191634226757,-0.44105477976084345,-0.5219357700025962,-0.6228594752718165,0.5784570852222852,-0.21461327012096157,0.3006445473341219,0.035888525852163074,-0.37896870381570985,-0.4255315530268008,0.46669415264200975,-0.32126030530973293,-0.2924965718939155,-0.5900698088198406,-0.9559757728098697,-0.7293601203799644,-0.4436213436400031,-0.7016021908177358,-0.21530698140991097,-0.005399854854220509,0.04088879722440499,0.15381687801273808,-0.4899128195265805,-0.5113771283563252,0.04540173063937698,-0.4488515987136311,-0.44255864442878073,-0.6645407376083862,-0.7393301353002295,-0.3929274592460966,-0.7789306469377161,-0.213362217551267,-0.5976054639344373,-0.4077016695486907,-0.29904838646419635,0.011362347771780667,-0.3474530784461904,-0.7374395034402963,-0.5609622782450695,-0.467093371372416,-0.6001548520792857,-0.5064433405571405,-0.5374193437636816,-0.30413331156674295,-0.34780937917210497,-0.3639922875421611,0.28309398858359525,-0.2654718906939499,-0.5012554335806141,-0.08271978680790111,-0.4854241640514779,-0.4325816416799568,-0.5317401126457526,1,29,train
0.08404924723357016,-0.7595163579197269,-0.4489067386274143,-0.01433433589668586,0.044932952277827766,-0.07776895291207013,0.9258093279516483,-0.003315048237204659,0.04729807856892739,-0.0937952226687937,-0.438803962550165,-0.11008950046282567,0.06910185463065435,0.3020869099099176,0.17127730720444903,-0.3623359497229667,-0.21746823082562908,0.024735189973011988,0.09625824398701828,-0.1670770167303397,-0.6337766553956444,0.054399262229579026,-0.4455855653460079,-0.529143112603998,-0.6870560728021329,-0.37479389276721786,-0.27261016257808734,-0.47416744025237473,-0.5678084689192127,0.3246749148992148,0.07613318307263257,-0.2418401759389834,-0.24955963902043804,-0.7324581249953931,-0.2401216281535957,-0.06524105324794599,-0.41304896396965657,-0.09340470238356423,-0.6790771740137004,-0.6221417578539823,-0.6068843300762046,-0.5377209289403038,-0.7208712442522472,-0.4760609483768929,0.09139360637123625,-0.0608932823896858,0.025363421374440857,-0.6077252456660077,-0.7731153256409999,0.3387380150172447,-0.33077970255887257,-0.5472099379102148,-0.5783368864928248,-0.5891123923175244,-0.07311588614032263,-0.6546557864581156,0.36565025541009116,-0.23539366698078187,-0.05134203778098792,-0.3201668628382872,-0.3623748765595189,-0.44917826877915423,-0.9872792331982938,-0.03750197399900996,-0.596145125539542,-0.4285863548651956,-0.5788143397690376,-0.47572679906158705,-0.4287327340817076,-0.2285495975067586,-0.48122354317749694,0.178481787461843,-0.2815621313987305,-0.6958295011330766,-0.08897255836728506,-0.7567237548872444,-0.2947315016408778,-0.08638146039194466,1,29,train
0.3419241811474193,0.32935463844073565,0.7521757948757056,0.5248921572307222,0.2569010798992248,0.5353313208630005,0.030335703691340237,0.3120645905148717,0.8705672203958811,0.6473809945419277,-0.32288056364480267,0.516086996512531,0.06910185463065435,-0.38407693349079214,-0.3622650981744895,-0.04369848929793874,-0.46953419412117736,-0.05337967721187356,-0.014145282833720308,-0.07175725134533711,-0.29966490229375903,-0.043208556856637034,-0.01229976977289408,-0.2590900870941598,-0.22413061747796753,-0.4652621483568213,-0.10911979884188286,-0.3520928197795867,-0.3598380004760428,0.5473817174276235,-0.2549947219534052,0.07460924597032799,0.14344870392009973,-0.37896870381570985,-0.0657809525265521,0.16980008423831353,-0.088258325634542,-0.16735311105883754,-0.1083828913001289,-0.6996389398973133,-0.1702315124714956,-0.16132258773910085,-0.4125663893000645,-0.3723519842422978,0.04466572853825713,0.0009029802331550355,-0.07739934393619693,-0.4101044018192266,-0.45189117442799,0.23900367832876968,-0.10561934244979816,-0.4391827962519603,-0.43216513894904673,-0.5219097178252616,-0.2772509328035826,0.011909374296105325,-0.19838775704364567,0.22017168588876404,-0.17529321404801496,-0.2568114337160146,0.03334689037950417,-0.17791109455791723,-0.2207255168953471,0.007238222945097691,-0.18133591571663715,-0.3455693400841843,-0.1349388779360683,0.19055268372103437,-0.1339487344731327,-0.029783294731181267,-0.3950240905044559,0.23259154666274934,-0.421010884173496,-0.48098730154389924,0.09235781685484962,-0.31438746548110347,-0.1947901501125456,0.014183396568592611,1,29,train
0.06029760858361037,-0.2334167702999698,-0.11479676140472045,0.1928890684869875,0.2728712812953574,-0.41679597768691534,-0.7422000162213661,0.12421551606691364,-0.19089914148950404,0.15326351640144678,-0.37557301769269463,0.14275148254299658,0.126483683846166,0.09623775688970465,0.4380485098939183,-0.5116972592971984,-0.5440889156592973,0.0916907904171996,-0.5237000220063599,-0.33502136526582044,-0.5045867775295821,0.46652116503804686,-0.5900141638703792,-0.4608164434990992,-0.8783985943361213,-0.6148827249088576,-0.2676559091315357,-0.7820077875315794,-0.6106259183045712,0.07089274457614433,0.181124957836986,0.15497735312189914,0.42475993886701097,-0.8398473162398539,-0.3203736851882666,0.14918244059916796,-0.34597263648740467,0.7086511147867078,-0.532476807812049,-0.9261691643316654,-0.7293601203799644,-0.6268679044879572,-0.7642266144798979,-0.3427208516324135,0.0046132618242750185,0.10995520839110945,-0.34715160287662117,-0.27328997146376277,-0.777081055902889,0.08060208476472111,-0.3500007089096472,-0.6248544459770853,-0.5483529382787165,-0.7472363322993192,-0.09352939080664863,-0.6490069291635883,0.04120361107829564,-0.1756473911946119,-0.2217749051481501,-0.1427716612959239,0.17781674180168722,-0.2753977352936743,-0.953210179140385,-0.24778089963631592,-0.6237990728610691,-0.47286209608173496,-0.5498659400842788,-0.4880653080020059,-0.21296300240945176,-0.27824117320065295,-0.5329432147813216,0.05944031721984911,-0.19574751430656706,-0.3553248829162672,0.03608287282039403,-0.34977436863359473,-0.47049043019070347,-0.38328722856114994,1,29,train
-0.14498441117675634,1.2644860770249153,0.3375367462198497,-1.248761927601579,1.0815442065358927,2.483944594101597,0.3429925962296851,0.00013172377101475463,-0.43058509417330076,-0.969034321545537,-0.6327121934464075,-0.8468839275032296,0.06527639934962025,0.40501148642002405,-0.34448035132852484,-0.8153985887648033,-0.15711440862810344,-0.4104762129142075,-1.4408985525171112,-0.7526127183810698,-0.4288547801598214,-1.263306295434338,-0.29045855211612764,-0.3827288216649291,0.05979699512085393,-0.5383326624868856,-2.2196317670728862,-0.5166281778081271,-0.4271225637958919,-0.02233335880784073,0.8191518967895954,-0.4226684170300185,0.615058715448745,-1.4215387688140162,-0.46427392538836604,0.32649417589581986,0.4554129602742368,0.043115436709248035,0.30000384311875705,-0.4552247503760387,-0.527008814660709,-0.4782896119085349,-0.7305057709695029,1.6633068260567543,0.3317084066551289,-0.07906865374934487,0.17950756934039752,-0.2922919756797994,-1.2807287991627936,-0.030865703298868626,0.3996185387705639,-0.607975205092983,0.2499696829219173,0.07500815560601361,0.27391369318721936,-0.41740378008796913,-0.7674172563332564,-1.094246381406975,-0.2953709160566974,-0.9114842013128316,0.2877394548403047,-0.6992526950143572,-0.9248193007587944,-1.6481490639868857,-1.4672444661676423,0.5593161210288391,-0.5402164735226925,-0.7389483231238573,-0.7873359501003864,-1.2621343719397609,1.4117164375224847,0.22176959482256806,0.19578167617642858,-0.16885806817849056,-0.00768652809529365,-0.6151761422772792,-0.25337645962915417,-1.1925948869578546,1,29,train
-0.6675204614758716,-0.3250963231023404,-0.310122594242603,-0.3797605543797228,1.9831346671721088,0.21848363415753763,-1.0047710958773546,-0.49448005940847106,-2.12922901971499,-0.45576500316705304,-0.5547273614555274,-0.3174981193347893,0.7462074393736917,-0.0821648423944799,-0.17256113181753355,-0.1930597988721706,-0.8281069024711827,0.25907979152766863,-0.3368632843097254,-0.7299175361465453,-0.6961441826413297,0.3689133459518308,-0.29580775946888216,-0.1679878616209614,-0.3228880479471228,-1.4812902495939058,-0.2874729229177423,-0.8350837094762699,-0.3414876650251749,0.21591112761789888,-0.028858591691720864,-1.0254292206668023,0.011066946298023846,-0.4416123987083119,-2.905043384166976,0.3182471184401616,-0.32832097136049626,0.8224178973640514,0.33141820730482524,-0.5506058975062922,-0.4790835054114117,-0.503052660671772,-0.17170322136867178,-0.3604995311983441,-1.3938853676056002,1.6257811797866757,0.3850330999616731,0.23976414236922672,-0.5787945428084383,0.508873059956408,0.333717945567908,-0.43580694807513987,0.2986935987698433,-0.17403704986531315,0.10380115430116936,-0.19709834560140463,0.1809652424827614,-0.7544394378731334,-0.21402795663146093,-0.582035969877014,0.3222865932238702,-0.38983857441825864,-0.4819215980059808,-0.3148911950524774,-0.43022144161038006,-0.9515935479855668,0.029102053610898654,-0.20016676605889794,0.20338140940884472,-0.7701877725702069,-0.060570214133056605,0.5139622945074622,1.2470107355554305,0.3459524855540666,0.5237990544523425,-0.4913219812435598,-1.163187383887075,-0.9866763703243736,1,29,train
0.00940124004798226,0.5211764719964648,0.3855115121800314,0.10153251386622827,0.740362631254877,-0.48333399189506254,-0.15483002878282512,0.22072513229705723,-0.08519912508857509,0.0594194992352314,-0.48728102027422565,0.018306311219818433,0.023196391258245044,-0.10961139613050828,-0.32669560448256024,-0.3175275568506971,-0.45888351961573165,0.20328345782417898,-0.4175427846787267,-0.20338930830557878,-0.3976710165369788,0.47194382165394777,-0.5793157491648703,-0.47057739622837047,-0.8290198791015436,-0.5035371795678073,-0.39151224529532697,-0.24594097589020578,-0.6045091398209486,0.17447730389168328,0.06805689270614385,-0.15142605539346587,0.15585949369716934,-0.5176797425064716,-0.2622601266459187,0.2770118311618705,-0.6001566143148857,0.12844052364225572,-0.9303920875022456,-0.5506058975062922,-0.5323338490217421,-0.7259200995409052,-0.8557546182938272,-0.5412494401186384,-0.22568842178112214,0.008173128777018663,-0.1352033994234307,-0.46711041446733653,-0.4201653323328779,0.09233553613983582,-0.42139301821252445,-0.6552370795684693,-0.6907766922957309,-0.46656633883163345,-0.09352939080664863,-0.6829000729307521,-0.04864315196743235,-0.3436837918432149,-0.28375049328166363,-0.6073781415259231,0.09615986925871418,-0.3686458264322245,-0.9361756521114306,-0.4043715889406927,-0.61458109042056,-0.3372676386060831,-0.6125874727345897,-0.6320145789735601,-0.43177174438695065,-0.04469076743934956,-0.7674057260519932,0.02697446169930532,0.10460364551600494,-0.513416312802643,0.017324558142242166,-0.29669401390485783,-0.401565360171164,-0.4072312421231826,1,29,train
-0.31463897296218335,0.8921260471814412,1.0914259255941332,0.32212517014562253,2.1123481148317276,-0.2932253798717849,-0.7588952871821516,-0.013655364261862899,-1.3000049473865753,0.08431689154463548,-0.6474660805798174,0.08941783769020593,0.17238914721857532,-0.21939761107462183,-0.7653860266830208,-0.5863779140843144,1.2132723777392433,-0.23750757843338946,-0.5279463114994652,-0.008210741088668719,-0.874337117629002,0.16827505116349778,-1.1623793506151099,-0.23306087981610316,-0.27968167211686734,-1.0045921336025339,-0.5054600745660149,-0.739547049975827,-0.7880124943296278,0.07089274457614433,-0.21461327012096157,-1.1108203345153467,-0.00961770333042551,-0.19551216877308938,-2.0195034444740565,-0.5229527420369776,-0.5013072896041986,0.424234158343349,-0.019375526106269143,-0.9917437029837147,-0.7719603952682288,-0.7853514165726742,-0.14279964121690467,-0.490876514681835,-1.1635836840002032,0.9096715482161085,0.08316747686167461,-0.40630400097601926,-0.2020501679289822,-0.15993366842513043,0.32822622946768665,-0.7295057394585193,0.09255395479784867,0.2884754745814365,-0.059506883029438636,-1.0161826533078624,-0.5028684540319461,0.02226214734707607,-0.33797913289848797,-0.45954880690728694,-0.34039033395179535,-0.4449397191819474,0.06886144259687715,-0.2388328602474944,-0.16289995083561915,0.6921433446784572,-0.22178407699034489,-1.8905424908962893,-1.3343578050441336,0.25345868672401645,-0.9570445219326835,0.28670130586365566,0.8018474093898328,-0.15264356254911868,0.011071786582858213,-0.7036434001585075,-0.19823640361352257,-0.01454941970584661,1,29,train
1.5261130224097,1.3110310807553496,0.9389347052206987,1.2044957952631994,0.04348111578727026,0.19947277295520988,-0.608637848535083,1.3719469830423414,0.10833611620890045,1.338762427133841,-0.5399734743221176,1.2686839849907987,-0.6692110146089286,-0.6173726402470334,-0.6112515540179941,0.6931506379349383,-0.36302744906672035,-0.8122098155793331,-0.25618378394072416,-0.14438183449581526,0.5957545960192941,0.36349068933592993,-0.5097760535790619,0.6616931203670956,0.47951607461476387,-0.2321324127989971,0.024645044215011732,1.1181102180883389,0.7717660189941461,-0.4263131401384427,-0.9334031127384581,-0.07608095493886792,0.15585949369716934,1.0573617290789528,-0.2511908773997572,-0.33327042055683836,-0.1412133210152672,0.2535839844773336,0.7293334869950219,1.2020226810121157,0.9586757720675082,-0.3841900266082342,0.4256374351011822,-0.3545733046763672,0.2115510065131826,-0.16267536200377658,-0.7838933554468317,-0.2846911739933847,0.7417936344006028,-0.5706044665541452,0.4545356997727772,0.7423640656351984,0.7109728867138325,0.47822420255959025,-0.8352200603498265,-0.43435035197155103,-0.6625960327799071,-0.6088078906443442,-0.14043194572291362,-0.3074957770138327,-0.4534536959343734,0.41548584905103875,0.25624123991537523,-0.20304070269220828,0.6528914951494269,-0.4479569916474316,0.3571839167048325,-0.2906491649553033,-0.18865091996750744,-0.3577476943108839,-0.20538529462376556,-0.5898767931910267,-0.1260231379191843,-0.4080220262117258,-0.47664439504909023,0.5466938445628509,-0.11208006608909825,-0.3401880041494911,1,29,train
-1.6990201971312682,-1.4633332325102333,-1.1308337690614254,-0.9501819685971462,-0.6374301982842038,-0.19500259699309136,2.8973690532298515,-2.4608634900976467,-0.27575690113532025,-1.0743694428545543,-0.761281781323264,-0.9930576208034706,-3.6415897679724316,0.5491058935341732,0.639608974148184,0.9371074435728503,-0.2245686804959262,-1.8109641888717984,-0.2901540998855668,-0.05360110555771757,0.8674988218754944,0.34180006287232634,-0.3011569668216367,1.2245747277550716,0.35606928652831976,0.42202266607967365,-0.21315912121946753,0.5024295235299296,0.6861311202234291,-1.6227148002329175,0.27804044223485075,0.5065878219100229,-0.8494144782454693,0.5875340173844369,-0.1321964480035211,-2.056905428789408,-0.13768298798988554,-1.9705566149097329,0.6507975765298515,0.8622273443605877,1.1397269403426313,-0.24056434378145938,0.34374395800450863,-0.21234386814892253,-1.5073673566285497,-0.6279648688110487,1.881515869797836,-0.05666712340094498,0.3134947661165894,-2.3306221728213514,0.9021105619408153,1.1137073650854483,0.5722971262235816,0.8221437720199939,0.36917671496340737,-0.2987777769028959,1.0944073334476627,-0.1569766800114338,0.026127447385903984,0.03884723552125758,-2.8686127338399983,1.000405693465581,0.08021779394951341,-0.20751472238661903,0.33948009217212116,0.1719033853841196,0.6177195138676623,0.08773177588421008,-0.17345586844129224,0.08947648693416513,-0.4122639810390641,-4.521852628456886,0.3942279782020566,-0.022927517514143635,1.1865928397470416,1.0598039402739743,0.6081869156150892,-0.038493433267879296,1,29,train
-0.117839681291088,0.6579905738707716,1.1856620730159186,0.8546670373251701,0.889901789782301,-0.22668736566363765,-0.19277382642097377,0.04149298786964772,-0.304042821017259,0.6263139702801243,-0.6327121934464075,0.4568273911205413,0.11500731800306366,-0.061579927092458596,-1.0143724825265255,-0.3673146600421077,0.4925767362040844,0.0749518903061527,-0.4769908375822013,0.43661483070801,-0.896611234502461,0.17369770777939866,-0.8842205682718763,-0.3176558034697874,0.047452316312209517,-0.5661690488221481,-0.3518782177229137,-0.9200051845877746,-0.6717937031407977,-0.42113391217266577,-1.232225856298541,-0.4025763902421257,-0.11304095147267229,-0.13734302351567315,-0.3840218683536952,-0.08585869688709155,-0.6178082794417941,0.09431048886905265,0.1376962948240716,-0.7830974436362852,-0.4045330243569492,-0.7605883678094371,-0.16688595801004394,-0.5264338738136962,-0.1455834883531579,0.05179402004020043,-0.167316763583005,-0.5165156254290318,-0.16239286531009206,-0.054332606049098044,0.1387620240100509,-0.47969297437380576,-0.25975743671792395,0.11849223910100717,-0.5494309950212626,-0.9822895095406987,-0.3680983094633541,-0.2577985204005956,-0.6013753824659205,-0.3497327297620144,0.07731597559495118,-0.38983857441825864,0.20513765882851212,-0.2254108011642621,0.15512044336194122,-0.14909573843579083,0.0869988529804164,-1.0103955198130734,-0.6992046512483382,0.14910637776683833,-0.7432698793035417,0.05222568265972827,0.018789028423841513,-0.3674857621382961,0.06734673061731379,-0.3320809170573491,-0.6117868237307593,0.5553181030705312,1,29,train
0.3724620022687961,0.4125714632921181,0.6356656489724073,1.0663468590074172,-0.140902118513534,-0.0841059066461794,-0.1502767730662473,0.49129673494228127,0.7202052252339962,0.8772030773979653,0.8658611996756407,0.8025084225738139,0.057625488787552026,0.5834140857042086,0.5269722441237413,0.1305563718719984,-0.7251503822518742,0.03589445671370992,-0.38781875822698936,-0.512043786695111,-0.415490310035746,-0.11370309286334863,0.1267796213987227,-0.2883729452819736,0.09683103154678716,-0.40263027910248045,-0.3271069504901555,-0.42109151830768426,-0.20691853838547677,0.24698649541256057,1.2552715765799864,0.21525343348557752,0.1599964236228592,-0.37449415418052395,-0.39509111759985666,0.05846480858692744,-0.5154286217057253,-0.1275347371567673,0.284296661025723,-0.5446445758106514,-0.05308075652876879,-0.13160692922321643,-0.21505859159632248,-0.4375404759840433,0.021301789621767566,-0.1372298421002539,1.0273003831531593,-0.39110239760318993,-0.39637095076154377,0.12753589026517995,-0.020497742896367598,-0.3817933772460126,-0.16230960502207195,-0.4863318313293578,0.9611683502868612,0.09664223371401476,0.28578646603611074,-0.23539366698078187,-0.2333953279231839,-0.2863773006397418,0.05219078404326717,-0.16943399536350356,-0.044702070929485305,-0.417793648023925,-0.13524600351409216,-0.5531118770367126,-0.009495812635446509,0.1864398474075614,-0.09748061081021624,-0.44222337299050424,-0.6122467112405193,0.08469153818027206,0.7750303415485317,-0.5742207089127875,0.992756921406139,-0.32028528267318535,-0.27750023413599295,-0.330610398724678,1,29,train
-0.9355746690968464,-0.023259026183766525,-0.09594953192036336,-1.092787322151502,1.1018699174036979,-0.1759917357907636,0.009087177013976998,-0.7340307139797203,-1.0037471549389012,-1.1739590120921706,-0.42405007541675527,-1.1550338755415754,0.057625488787552026,0.2060239718338182,0.08235357297462596,-0.09846430280849042,-0.3381758752206804,0.05821299019510579,-0.3496021527890414,-1.2337505817529877,-0.6827797125172543,0.4177172554949388,0.08933516992944127,-0.4120116798527429,-0.35992208437305606,-1.1298558721112155,-0.03480599714360808,0.12028288552815838,0.47816065178025924,-0.20878556557581085,0.40726108809867034,-0.2468631826359566,0.2468719520623465,-0.571374338128702,-0.9540882045310124,0.23990007261140847,-0.34950296951278637,0.08293381061131828,-0.14503298285054175,0.1587913842749682,0.22382103024494912,0.38841709480476133,-0.860571881652455,-0.4464298157670086,0.19820018427518857,-0.03908283675809491,0.5199092294318852,0.07634690611131155,-0.4915484770468801,0.3035376608919006,0.1222868757093869,-0.5775925715015989,0.0175940842625779,-0.5653938013202552,0.13782366207837937,0.5090088162145073,-0.08857504665442256,0.12308398773623787,0.06486218996934993,-0.3412853392123781,0.07103467770703017,-0.46613246716798157,-0.6352323412665701,-0.20751472238661903,-0.476311353812925,-0.500534434342072,-0.7428552713160046,-0.4428241085538033,-0.3375624249244164,-1.252196056800982,-0.38468015618369095,0.21455496026244722,0.2708694661320716,0.33784523273938066,0.48628242509603875,0.3992484147608039,-0.8668095828030554,-1.168650873395822,1,29,train
1.3089551833243533,0.45065373907156436,0.9543551657078999,1.8306224257127932,0.2873896462009326,2.366710950020576,-0.12143948686125432,0.9066327619327206,2.0809068448177857,1.4479279164904588,-0.5210041908648765,1.2588073840921337,0.1762146024996094,-0.2742907185466786,-0.4571170813529674,0.35957704655248723,-0.14646373412265773,-0.17613161135955085,2.1429697796637877,-0.012749777535573605,0.4576550714038481,-1.1168945668050139,2.4643832345524355,0.13460167298644762,1.5411584521581831,0.13669970614323215,3.031876886271864,0.6245041440027177,1.1448895064951272,-0.15699328591804138,-0.8687927898065483,-0.05096592145400193,-0.5598293834471784,0.0953335575139918,0.3603851434506656,-0.283788075822889,1.30269288636584,0.07155713235358392,1.5670498652901725,0.8741499877518694,0.44214743904730364,2.0227783131784056,0.6183279694462963,0.3328689718729488,0.11475754528772582,-0.2208365503546856,-0.43064634969151433,0.9504391000489973,-0.09497545085797886,-0.07779950879932745,0.7236297886836222,-0.0610878004480695,0.5235732103756556,0.2845223760818917,-0.6583030199083346,2.7629028767308985,-0.35811533579160654,3.4800778584716623,1.145561508047492,1.990194452487254,0.02706559249158317,0.2671366131487998,1.0966112400104575,2.512689251815126,0.08598557505812375,-0.16569914139199307,0.8010593785378018,1.395613723568615,0.25808359490321947,0.16401385047500663,0.029077216646906094,0.21455496026244722,-0.9948961359773391,1.241803921576863,-0.370347278539563,0.882869424511518,-0.1947901501125456,0.12432585895394295,1,29,train
-0.6183206385580978,-0.8582481840145876,-0.6579396474539202,-0.33965279869256015,-0.502409404662355,-0.8556300237739813,-0.35820878412330187,-0.518607463466007,0.5579333690691898,-0.3331932256438329,-0.5420811724840333,-0.3234240798739882,0.36748736655131486,-0.21253597264061475,0.26020104143427214,-0.43701660451008256,-0.398529697418206,0.5157429265637211,-0.09482478320272159,-0.1625379802834348,-0.10810749718201135,0.6400461767468755,-0.4509347726987624,-0.076885636147763,-0.4031284602033115,-0.21125512304755018,-0.08930278505567625,-0.48478262464131283,-0.3353708865415523,0.08643042847347518,0.051904311973166396,0.2403684669704435,0.2344611622852769,-0.6205943841157465,-0.37848724373061443,0.3553588769906237,-0.2330019796751909,0.07155713235358392,-0.34922635005998476,-0.5207992890280879,-0.5323338490217421,-0.3841900266082342,-0.7594093511212701,-0.004925939879732365,0.174836245358699,0.08087461421565494,0.26942498898720557,-0.8585517013176914,-0.6224175756892175,0.34460474070480207,-0.09189005219924484,-0.14210815669176038,-0.29723737198555933,-0.3361140883466528,-0.07311588614032263,-0.6772512156362247,0.35067579490246986,-1.0270318211475338,-0.1597993170146366,0.1993476559643482,0.5672572108527892,0.03825493489963101,-0.44217436827175394,-0.10908628910958221,-0.34725959964579906,-0.3538710415622854,-0.5739896064882445,-0.6032247247792492,-0.5837222596491026,-0.44222337299050424,-0.10194595141611631,0.42017204522589124,-0.35664992135437346,-0.8620281838341384,0.35497422234897574,-0.5503001531643786,-0.03281623556662786,-0.1438470929408231,1,29,train
-0.9813814007789118,-1.241891851126046,-1.6911105000964042,-0.4911709868440633,-1.7277594026928969,-1.4053607602079594,1.8683332612832606,-0.8822419103331551,-0.8489189619009209,-1.0647935227355527,1.009184674685907,-1.2597258450674238,-1.4649057130640233,-0.7477437704931683,-1.2752154362673398,0.09570539963801097,1.3020279986179577,-0.50532998021014,0.5888278251872366,1.1900948808942209,0.6714865933890549,-1.057245344030104,-0.2744109300578642,0.4274302548645854,-0.10685616879584561,0.9509140064496628,0.13363862003914806,0.5024295235299296,-0.18856820293460883,-1.4414418214307243,-0.09346891462363068,-1.457407796606497,-2.289066092385544,0.453297528328861,0.659254873097026,-2.0775230724285536,0.9531899168530537,1.6813571058229955,0.5722616660646811,0.3018631049703484,-0.026455584723603612,0.2051705339568073,0.8640084007363169,0.7091843560184795,-2.3718330965386634,-1.2422924207675254,-0.4691823866830035,0.3803789735678979,0.3293576871641455,-1.4799469481255352,0.6604750535310769,0.3237588917094622,0.6360130161785618,0.8774871510136221,-0.4949949825777266,0.1757262358373969,-0.7574342826615088,0.5637127716592413,0.599401637620904,0.8624678141108015,-1.5715247199843116,0.41972439864824557,-0.19801281419007463,0.6738671574123017,-0.0430661791090022,0.8360395036322102,0.7142141794835253,0.6059491513818045,0.20945943001933082,-0.04469076743934956,1.3082770943148354,-0.9145353483964646,-0.6516376676086852,0.22029006692643455,-0.9581078051216547,-0.3084896482890216,0.7081282671434214,1.043775979735998,1,29,train
0.019580513755107883,0.2066450831514089,0.519155503069109,0.4313073939606762,0.19302027431469418,-0.19975531229367333,-0.2003625859486035,0.18108725420253396,-0.14623716272854814,0.34669710280527843,-0.3566037342354535,0.15855404398086045,0.27567643980649625,0.11682267219172594,0.30169878407485623,-0.795483747488239,-0.1926166569795891,-0.12033527765606117,-0.44302052163735867,-0.312326183031296,-0.7718761800110905,-0.010672617161231683,-0.7451411771002595,-0.42502628349177124,-0.8475368973145102,-0.4095893756862961,-0.36674097806256867,-0.9200051845877746,-0.4821735701484957,0.23144881151522972,-0.48113085221508956,0.024379179000596024,0.035888525852163074,-0.1910376191379035,-0.14603300956122298,-0.044623409608800416,-0.2788963090051527,0.0032970628071777915,-1.056049544246518,-0.824826695505771,-0.49505860849451083,-0.8051618555832637,-0.6967849274591079,-0.3101266057615408,-0.04879002712770113,0.06269924285599587,-0.33430625721279145,-0.4367072077216779,-0.27739904290487344,0.16273624439052406,-0.2813542576568806,-0.5168273043188307,-0.5895808670731154,-0.7077053473038705,-0.09352939080664863,-0.5529763551566242,0.16599078197514008,-0.47064462788882605,-0.05134203778098792,-0.22302187151746922,0.1558321991939637,-0.2626820865020538,-0.493277949358617,-0.4625338449680326,-0.41639446794961654,-0.4645603946036338,-0.5546906733650719,-0.4387112722403303,-0.49255195049181144,-0.3776243245884416,-0.5881108644920678,0.10994275914069501,0.24941581185903072,-0.3634321357309531,0.15488553244868916,-0.4677307124752323,-0.1947901501125456,-0.11511427666638388,1,29,train
1.565133571620348,1.1319033391261026,1.3964083663410025,1.186670126068905,0.5675940888785328,-0.6972061804212499,-0.3081229712409456,1.3616066670176832,0.9539362474163321,1.3157802188482373,-0.6074198155034194,1.1659673356446834,-0.38995277909343873,-0.6310959171150476,-0.8305967651182243,1.0516177809130947,0.2192094238976447,-0.24308721180373843,-0.9525752608099982,0.15065553455300226,1.2550684554736815,0.515325074581155,0.7740337110820161,0.6584394694573386,0.5288947898493416,0.2202088651490199,-1.1247417553849712,0.9748052288376747,1.1938237343641085,-0.29165321302824204,-0.7718773054086836,-0.21170213575714425,0.3792537096844224,0.8560069954955888,0.15006940777359712,-0.41161746638559155,-1.027326910386069,0.29909069750827105,0.6874476680802643,1.2914425064467283,1.1503770090646974,0.7251945579847852,1.0085263014951527,-1.068683600574579,0.1414591897637139,-0.271727590161731,-0.5012957508425778,0.45258658958883713,0.6347189173295994,-0.23033437667581866,0.5204362929754331,0.7153572802206348,0.8496486472040835,0.8893464465122567,-0.8760470696824787,0.6954211069339081,-0.7374683353180137,-0.847792993789024,-0.8608981577750083,-1.021300278458104,-0.29328059979238785,1.14875492936782,1.034151307570958,-1.2141691536290413,0.6575004863696814,-0.060544256002712085,1.1822133077204604,0.9144118748922773,0.5376725429855791,0.27333531700157415,-0.8708450692596426,-0.12092554678317195,-0.39419381633219497,0.5445801795138722,-0.7955357445776718,0.9595410480085824,0.1670664674900366,0.4403868379727744,1,29,train
-0.3129424273443291,-0.5098658833655796,-0.3598107447013626,-0.6538302182420004,0.14656150661685374,0.13451899718059,0.23371445903181698,-0.189440736681053,-0.36061466078113646,-0.7238907664990969,-0.35238833791162216,-0.6612038306083289,0.030847301820313262,0.027621372549633674,-0.08363739758771047,-0.4469740251483647,-0.5085866673078115,0.09727042378754856,-0.009898993340614977,-0.7526127183810698,-0.509041600904274,0.2225016173225067,-0.47233160210978037,-0.3632069162063866,-0.8722262549317991,-0.3956711825186648,-0.2874729229177423,-0.27778652905702006,-0.46382323469762776,0.38164642252276115,0.4961002821300463,-0.22677115584806382,0.13931177399440986,-0.33869775709903704,-0.37848724373061443,0.2563941875227249,-0.4483522942234734,-0.12184639802790011,-0.4487051699825339,-0.4254181418978345,-0.23945695916492507,-0.48324222166118236,-0.38848007250692523,-0.4790240616378813,0.05134113965725415,-0.2499171445301401,0.4299918097850772,-0.7369388743350569,-0.32102207578565256,0.0043346508264755015,-0.33077970255887257,-0.5843442678552399,-0.6158168217604602,-0.7195646428025051,0.4304172289623853,-0.5586252124511516,0.26582051869261564,-0.33248136513330806,-0.26825659624828524,-0.4215355494339234,0.1872386886335687,-0.2626820865020538,-0.41378348989016334,-0.1761965845257437,-0.24586179280020012,-0.625059956513589,-0.41959814150286384,-0.3112133465226682,-0.07924654897875799,-0.44222337299050424,-0.6467264923097358,0.25062813306305143,-0.040208520827020845,-0.4201829054337547,0.16739107556745705,-0.10206604656615581,-0.4256891346780028,-0.704137010292388,1,29,train
0.03993906116935913,0.14740598749449252,-0.16277152736490214,-0.10569089051744508,0.20318312974859679,0.04580164490306037,-0.5828360661411418,0.11732197205047482,0.15597556022058673,-0.0018663895263786412,-0.41983467909292393,0.04596079373608024,0.160912781375473,-0.2880139954146928,0.14756431140982956,-0.3673146600421077,-0.42338127126424596,0.22002235793522587,-0.40055762670630535,-0.4938876409074914,-0.49567713078019854,0.26588287024971385,-0.4455855653460079,-0.5128748580552126,-1.291945334425709,-0.4548235034810978,-0.4460090332073951,-0.6705483514477294,-0.9042312855184581,-0.04305027067094852,0.269964151868362,-0.09114997502978751,0.015203876223713718,-0.3700196045453381,-0.12942913569198072,0.16980008423831353,-0.353033302538168,0.4924942278897551,-0.7680845392075601,-0.944053129418588,-0.521683780299676,-0.5575313679508934,-0.8557546182938272,-0.39605689033020525,-0.018750677092214545,-0.07906865374934487,0.12170351385316378,-0.345497587484702,-0.3448164573569866,0.09233553613983582,-0.5422107724173937,-0.5978476605625216,-0.6158168217604602,-0.9369850602774729,0.13782366207837937,-0.7054955021088612,0.34568430806659606,-0.36608864526302864,-0.2914974417983528,-0.46377250218210514,-0.02004414166782434,-0.5636191079037386,-0.7828649088508414,-0.18067060422015443,-0.531619248455979,-0.3566382753883191,-0.3520518755717598,-0.6320145789735601,-0.49559096079705445,-0.27824117320065295,-0.519151302353635,-0.0018840765411780491,-0.14211337862396492,-0.7323121387991633,0.17989661868622497,-0.2436136591761209,-0.3464253041555324,-0.6179385614690703,1,29,train
-1.4530210825423988,-1.436534593998771,-1.9909527873475397,-1.6030471028381816,-1.1208917496398558,-0.7051273725888866,-0.08956669684520947,-1.2734505332660586,-1.2568317012509846,-1.8327823162794785,-0.5420811724840333,-1.8128154953926598,0.2871528056495986,0.7343701312523647,0.9360214215809276,1.1262984357002106,0.9718570889491408,0.3037168584904604,0.4359614034354447,1.0539237874870744,1.6203639721984098,0.3743360025677317,0.6189066978521359,0.6714540730963668,1.1461287302815621,0.9091594269467689,0.4259395733856955,1.468411302923296,1.4323780952253915,0.4541556140436384,0.38303221699920414,0.5116108286069961,0.3171997607990743,1.3526820050012198,0.7422742424432373,0.20278831406094644,0.34950296951278637,-0.05927466761036117,1.0539485835843927,1.6312378430982564,1.091801631093334,1.027303752896277,1.4950699007165658,0.21730755469439997,0.15814771756120644,0.05906416858406406,0.719012087221246,0.8250258722231554,1.0590520553517235,0.47367270583106386,0.6906794920822943,1.0461904015490393,0.8946245695252459,1.276750099467654,0.6005297678484354,1.3450396958045472,0.5802841893526636,0.24257653930857778,0.30114411972837024,0.33872960003334796,0.07417532665099068,1.2165717229231292,1.2328874562420924,0.5083284287191034,0.8925590386026608,0.5427127180726368,1.6116145697110502,1.4984346314054393,0.8962757590042577,0.9839248494242631,0.24629983738296954,0.15683788378148047,0.6677620701833276,1.0877661180978302,0.455018567299119,0.8238912525906992,0.7322520416502603,1.3454705506176097,1,29,train
0.4284480076579871,0.05854734400911798,0.5431428860491998,0.7321155616143956,0.06671049963619048,-0.06509504544385163,-0.34151351316251644,0.5946998951888637,0.3003826248810108,0.6282291543039246,0.8089533493039174,0.4647286718394733,-0.1221709094210511,0.2403321640038537,0.35505302461275007,-0.39220821163781305,-0.4872853182969202,0.0024166564916161177,-0.38357246873388406,-0.08537436068605177,-0.5624994814005756,0.1411617680839933,-0.4830300168152894,-0.6365135926259818,-0.5018858906724668,-0.3678347961834022,-0.5054600745660149,-0.5909344685306938,-0.40877222834502397,0.14858116406279856,0.504176572496535,0.20520742009163112,0.04416238570354281,-0.47740879578979883,-0.18200806961124782,-0.31265277691769283,-0.3600939685889314,-0.20148314583204063,-0.13456152812185238,-0.3359983164632218,-0.26608213097009026,-0.5129578801770668,-0.20060680152043892,-0.470134721854916,-0.015412971532716037,0.044523871496336805,0.7768161427084798,-0.4519088110945072,-0.45189117442799,0.3974052718928182,-0.1330779229509048,-0.5168273043188307,-0.4733930677434457,-0.5060973238270822,0.20586867763279937,-0.5812206416292607,-0.13349842817728658,-0.3250130806600368,-0.3263587101234542,-0.4088644636094689,-0.10170101421079734,-0.381361475223845,-0.18097828716112027,-0.5162220813009618,-0.4717023625926705,-0.4756293299077687,-0.27968087635986266,-0.34822887334392494,-0.459122837134138,-0.21861128236797972,-0.5812149082782245,0.07026226906003037,0.1582377811986071,-0.44045103747046954,-0.00768652809529365,-0.11975949814240144,-0.23959144562524626,-0.07680385496713159,0,29,train
-0.18909459724096736,0.19536144588342483,0.5465696550463556,0.5649999129178849,0.40498840193609126,1.148431594638071,-0.22616436834254458,0.15523646414088837,-0.15070336060464373,0.2720049258770662,-0.4029730937975985,0.19213448703632122,-0.015058161552096045,0.260917079305875,0.23055979669099777,-0.38722950131867195,-0.30622385170434324,-0.04780004384152459,-0.16276541509240686,-0.32594329237201064,-0.6605055956437953,-0.15708434579055577,-0.803982457980559,-0.2916265961917307,-0.779641163866966,-0.37131434447531003,0.13363862003914806,-0.8032381563094556,-0.6350930322390618,0.11750579626813686,-0.04501117242469832,-0.18658710227227826,-0.10476709162129255,-0.4192396505323826,-0.2760966882036206,-0.04874693833662953,0.13415265496450385,0.22514228883299772,-0.6110127182772194,-0.8367493388970527,-0.6867598454917001,-0.7853514165726742,-0.663064083948713,-0.1530816029291539,-0.11220643275817281,0.08450968848758675,-0.006749942785133453,-0.4595096127809219,-0.47171982573743504,0.0688686333896064,-0.08914419414913419,-0.6687404722757512,-0.43966112600257384,-0.7946735142938576,0.15823716674470537,-0.6772512156362247,-0.043651665131558576,-0.5378591881482673,-0.19853405959808254,-0.6369440084496503,0.0019404009398991658,-0.5466649095149113,-0.027667543900530937,0.15488087286065294,-0.3334326259850356,-0.24318168852093697,-0.5788143397690376,-0.335890364403506,-0.38010856919781894,-0.1092898158414122,-0.27434485676219844,0.10272812458057416,-0.3137426128082918,-0.46882642232187033,0.29869927831452014,-0.3556721858256766,-0.1293113335939831,-0.3401880041494911,0,29,train
-0.28070806060509795,0.226391448370381,-0.08224245593174002,-0.9524101772464331,0.4195067668416664,1.6395455090315385,-0.2398241354922781,0.0053018817833438755,-0.7476851433760876,-0.5649304925236709,0.9480614279903522,-0.5525612207230146,0.27185098452546214,-0.02727173492242311,-0.2081306255094628,-0.4469740251483647,-0.39497947258305743,0.43204842600848664,-0.8124477075375224,-0.5211218595889208,-0.5134964242789658,1.3558368500457934,-0.3867442844657085,-0.30138754892100195,-0.48336887245950017,-0.2599687991342597,-1.2981406260142792,-0.5325509543915342,-0.3598380004760428,0.08643042847347518,-0.40036794855020225,0.33078258751596107,-0.4398584156021721,-0.7100853768194638,-0.4947143608153102,0.12444126823219326,-0.42010963002041996,-0.0023912763216893864,-0.1293258007575077,-0.4969540022455246,-0.6761097767696341,-0.5872470264667778,-0.5667188167761559,-0.12937669684124647,-0.05546543824669815,0.25899325354031383,0.17308489650848266,-0.36829999254394596,-0.6422462269986625,0.25660385539144176,-0.11111105855001949,-0.533706545202933,-0.34596128783348534,-0.5456283088225309,-0.11394289547297462,-0.3157243487864778,0.1609992951392663,-1.3332314845516549,-0.17141973978967037,-0.873470943839468,0.017643645659701668,-0.3686458264322245,-0.7885430845271595,-0.8517735583817693,-0.669888985063614,-0.49776720051603834,-0.5595154066458651,-0.35234170965739786,-0.535098094765214,-0.46210000326806194,-0.046778301705370035,0.21816227754250764,-0.19574751430656706,-0.07562466080960224,-0.35784173542079506,-0.23771584198403903,-0.4291353881789798,-0.4120200448355891,0,29,train
1.0069700633462932,-0.36740996285728067,-0.621958572983784,-0.21041669703392518,-0.11186538870238373,0.8299996694990809,-0.4143656046277619,0.6929328974231169,0.4671206789219128,-0.0076119415977795825,-0.5505119651316961,-0.0034222107572444154,-0.2637127548193131,-0.2399825263766431,0.38469426935602447,-0.5415695212120448,-0.4624337444508802,0.13074822400964237,-0.04386930928545762,-0.54835607827035,-0.8698822942543102,-0.3794132670424924,-0.4669823947570259,-0.5551723198820547,-1.0944304734873984,-0.4235075688539274,-0.05957726437636634,-0.6333952060864461,-0.5555749119519674,0.24698649541256057,-0.5134360136810444,0.11479329954611357,-0.1254517412497419,-0.6116452848453748,-0.14603300956122298,0.36360593444628186,-0.5895656152387406,-0.05927466761036117,-0.6528985371919769,-0.6757936531147499,-0.516358745938643,-0.29999566081322826,-0.5040943931139937,-0.6153272716433491,0.12810836752571986,0.03725372295247317,-0.533409115002152,-0.15927794616754287,-0.7413894835458879,0.35047146639235943,-0.03697289119703158,-0.5877201160320602,-0.2560094431911604,-0.46656633883163345,-0.12755189858385863,-0.5925183562183153,0.17098226881101386,-0.07482555080545011,0.06098871571100534,0.08953157881907567,0.11814441186643769,-0.7162068934031844,-0.538703354769162,0.08777057744449146,-0.3288236347647811,-0.47839656373380235,-0.35687660885255296,-0.7183841415564924,-0.5989173111753179,-0.41737758514355705,-0.5122553461397917,-0.06320847030220521,-0.06166217510006171,-0.27425235476940774,-0.2577973904706518,-0.4146503577464954,-0.32919403665064756,-0.5030072963713134,0,29,train
0.8525844121215547,0.24472735893085512,0.8669725562804261,1.456283372632609,-0.7492216080571323,0.15828257368349968,-0.7968390848203001,0.9204198499655982,1.4184208265302733,1.3732357395622468,2.4129116505217496,1.1501647742068195,-0.3976036896555069,2.641905615906338,1.9675367386468754,0.3645557568716283,-1.0872733154370282,-0.8066301822089842,-0.21372088900967084,-1.3699216751601342,0.27055248966679224,0.23876958717020938,1.0147480419559682,0.01747024023519251,0.8313394206611296,-0.6114031766169499,-0.23793038845222578,0.35912453427926544,0.07445327186116481,-0.6645576265641823,3.1693523934378147,-1.22634948854573,0.09794247473751114,-0.33869775709903704,-0.8267918382001552,-0.5889292016822435,-0.2753659759797711,-1.6178795889199677,1.320970679165972,0.3137857483616301,0.4474724734083366,0.784625875016554,0.4256374351011822,-0.490876514681835,0.6187510847720007,-0.7442872455128667,1.9072065611254956,0.4829897963344958,-0.31309061526187454,-0.9578083619329306,0.5424031573763184,-0.44255864442878073,0.4523613333671484,-0.16217775436667856,3.0637593309184394,1.2829022655647468,0.5203863473221783,-0.08602797751535697,0.08422956126107291,-0.049850365249924075,-0.11426360998663934,0.41548584905103875,0.6253226588760532,-0.04197599369342073,-0.3380416172052901,-0.5531118770367126,0.6659668466755938,0.7869139491746152,-0.09140259019973015,-1.515561407978622,-0.336408462686788,-0.3085060453463139,2.5395934055061424,0.3986496288495252,1.4492092452411678,0.2812920709191663,-0.8426858082962165,-1.48950065512706,0,29,train
0.06878033667288172,-0.3589472349062926,-0.5688436535278685,-0.16808073269747578,-0.31802617036155073,0.09808151320946175,-0.8317473786473969,-0.08948434844269,0.28847276387808923,-0.09762559071639433,-0.3397421489401281,0.09534379822940489,-0.10304363301588056,-0.11647303456451538,0.011214585590767497,-0.6212288863183019,-0.5369884659890001,0.04147409008405889,-0.4515131006235693,-0.4938876409074914,-0.5491350112765002,0.1520070813157951,-0.5472205050483433,-0.6527818471747673,-0.6932284122064551,-0.34347795814004745,-0.5500483555849798,-0.5643965075583485,-0.3965386713777787,-0.07930486643138715,-0.05308746279118704,-0.1062189951207071,-0.16268411058095075,-0.7235090257250214,-0.2511908773997572,0.23990007261140847,-0.430700629096565,0.13981720189999006,-0.684312901378045,-0.6877162965060316,-0.660134673686535,-0.49810005091912457,-0.8364855648593157,-0.4968027412038119,0.11141983972822732,-0.23537684744241283,0.2373116248276313,-0.19728195459961617,-0.7651838651172219,0.40913872326793294,-0.26487910935621667,-0.3615382881850899,-0.36470125546730303,-0.6207371803138834,0.04256064030219136,-0.7563352177596069,0.1609992951392663,-0.5602640415680811,-0.3728404012235893,-0.26103512899083275,0.26575491223258124,-0.43222407039032695,-1.004313760227248,-0.4356897268015681,-0.5454462221167425,-0.24041445469490327,-0.5788143397690376,-0.5662091979579925,-0.49559096079705445,-0.4223467427129465,-0.4432957840013589,0.25784276762317226,-0.319106026376552,-0.33505675087955233,0.2611826489582164,-0.2790005623286122,-0.4808291906936344,-0.5556841262077853,0,29,train
0.14173179824061535,0.4139819179506161,0.43348627814021307,0.3956560555720872,0.2147978216730569,1.0248609968229405,-0.7088094742997954,0.034599443853208886,1.5926025436980014,0.21646458918685713,-0.4746348313027316,0.1842332063173893,-0.0035817957089937184,-0.12333467299852248,-0.17256113181753355,-0.4071443425952362,-0.25297047917711474,-0.41605584628455644,-0.10331736218893224,-0.14892087094272016,-0.5491350112765002,-0.31976404426758254,-0.09253788006421146,-0.30138754892100195,-0.40930079960763366,-0.2460506059666284,0.19308966139776787,-0.3733231885574629,-0.2252688738363447,0.10714734033658296,-0.04501117242469832,0.3006445473341219,-0.6425679819609758,-0.33869775709903704,0.07811928767354738,-0.08173516815926245,-0.10590999076145041,0.6574560626269033,0.03298174753717778,-0.8963625558534613,-0.7027349485747992,0.0912605096459169,-0.4029318625828088,-0.0375201857506051,0.011288672943272036,-0.8424342508550258,0.22446627916380157,-0.3949027984463973,-0.5074113980944361,0.08646881045227846,0.08384486300783761,-0.533706545202933,-0.4658970806899186,-0.26891141385439,0.04256064030219136,-0.06717462782727682,-0.24830262540238346,0.892317288483176,-0.4077016695486907,-0.3455090344871963,-0.27757735507258535,-0.41950842159870644,-0.32293267906907336,-0.10908628910958221,-0.25507977524070913,-0.4092157180829596,-0.0625678787241711,0.22756821054229112,0.051430894146692725,-0.13413560368835936,-0.4501917402152022,0.16765983562166176,-0.7052718032912875,-0.6147569729862172,0.25492987739883244,-0.47362852966731417,-0.4911679511965653,-0.04328223598028583,0,29,train
2.751018958500483,2.161535239829649,1.5677468161987942,1.035151937917402,1.650664110834438,2.236803398471336,-1.444919148479879,2.6696566441369507,1.1430052908377122,2.095260116534965,-0.7802510647805051,2.242516833599161,-2.685225947713904,-1.8318826430662898,-0.8068837693236048,4.088631075589142,1.454687666529346,-1.1972045181334119,3.3913788906367546,2.678898835479023,2.809801813241122,-1.3934500542159591,0.640303527263154,2.861161135362886,1.6090541856057277,2.23486732616365,1.66945718847016,4.477816077187245,1.8972532599807124,-2.7362488128749614,-1.062623758602278,-0.9651531403031238,-2.876510141833506,3.4736185320793194,0.9221495426933616,-1.727023130563079,2.241761471117367,0.8963663060393247,0.8078693974601922,4.665550586179446,4.249547007185925,1.6760956304930874,2.525964259462927,2.836699677408173,-1.7576952735909377,-1.07144392998673,-1.7922529900574649,1.6079084459238653,3.208477857295568,-3.163697220454496,1.223375953803763,3.2978811354882818,2.2289102650530657,2.00412022338391,-1.6449557454474246,1.6896199907707121,-1.4961743343708278,1.8370552743519883,3.8841078086971206,4.203410776491977,-2.2813113813193846,2.7890736234868623,1.2385656319184106,3.5685578996960667,1.385721099169892,1.8765194222208854,2.036191098420847,0.9102990385788043,1.3369322532644985,1.2075369400467875,2.315086701535955,-2.444037875142083,-0.8286303153612724,1.1931604046887474,-1.7021876206883455,1.991659056622911,2.589782678676849,2.715068126365879,0,29,train
-0.012653852984123255,0.03456961481465183,-0.02398738298009084,-0.16585252404818895,-0.20333108760750712,0.5971166197705657,1.1625786252136958,0.031152671844989474,0.06218540482257936,-0.030594149883383347,0.7478301026083626,-0.0034222107572444154,0.17238914721857532,0.3912882095520099,-0.012498410203851992,-0.2428469020635812,-0.5334382411538515,-0.24308721180373843,-0.41329649518562134,-0.35317751105344,-0.6560507722691035,0.25503755701791203,-0.6809506888672056,-0.27861199255270236,-0.9339496489750211,-0.4095893756862961,-0.7085844658746326,-0.13978913200082485,-0.7329614879770241,0.3350333708307686,-0.15807923755554049,0.13990833303097955,0.7267558234423716,-0.5982216359398173,-0.16540419574200557,0.3553588769906237,-0.25771431085286267,0.40148080182788026,-0.5586554446337724,-0.443302106984757,-0.39920798999591617,-0.5476261484455986,-0.7208712442522472,-0.3012372659785755,0.014626378502770546,0.06269924285599587,-0.3021928930532171,-0.5925236422931784,-0.4994799375706581,0.3211378379545726,-0.33901727670920456,-0.4999480634347285,-0.5371089576984258,-0.7749080217961333,0.22628218229912536,-0.5925183562183153,-0.13349842817728658,-0.4295690632858342,-0.3844608239986231,-0.3835222919605598,0.16211349708188472,-0.7458767405836322,-0.5784505845033889,-0.22093678146985132,-0.5177922747952155,-0.5171378372982743,-0.4678454743107953,-0.4428241085538033,-0.46216184743938105,-0.5316682092395141,-0.3881281342906126,0.041403730819547006,0.14214754049382644,-0.5701670825054446,-0.36409450698017903,-0.6505630454297705,-0.5600930212161048,-0.40244243941077606,0,29,train
0.45559273754365537,0.44783282975456834,0.3066958252454472,1.2022675866139125,-0.5169277695679301,-0.9126626073809647,-0.3126762269575235,0.5585087891025599,0.7231826904847266,1.0668062957541964,0.8258149345992427,0.8123850234724789,-0.011232706271061937,0.5147977013641376,0.2957705351262014,0.05089700676574142,-0.6647965600543485,0.013575923232314054,-1.016269603206578,-0.7571517548279747,-0.45558372040797224,-0.38483592365839325,0.29260504933411197,-0.2623437380039169,0.05979699512085393,-0.4652621483568213,-1.1396045157246262,-0.4423218870855605,-0.4148890068286466,-0.17771019778114916,0.9483725426534151,-0.33727730318147414,0.358569060055973,0.08190990860843422,-0.43660080227296233,-0.0033881223305092757,-0.7943249307108781,-0.19579480670317345,0.5146686650568895,-0.6161804361583415,0.0001695870815615723,0.07145007063532728,-0.18133774808592748,-0.7219993490389327,0.30166905661964233,-0.04635298530195854,0.7318574328850757,-0.052866722557737646,-0.1742900560957591,-0.15406694273757307,0.16622060451115753,-0.4898205189042671,-0.2147815143967615,-0.4586601418325437,0.5528982569603413,0.05710023265232369,0.26582051869261564,-0.7768442912929472,-0.8608981577750083,-0.6411677037244684,-0.11112296104267884,-0.18214964415512405,0.08589596962583153,-1.241013271795506,-0.006194249346966218,-0.7578871801632071,-0.014320545916239654,-0.3071005102091952,-0.10659764172594535,-0.5416065243782929,-0.19159338219607902,0.019759827139184477,0.5873108666594243,-0.23776971710332104,0.4425130241803511,0.31667897407165757,-0.38088783916530217,-0.8190682753901448,0,29,train
1.7059468579022525,1.009193783836776,0.9269410137306532,0.9616210524909371,-0.29915229598430304,-0.611657305010775,-0.6814899400003284,1.568412987510848,1.0849447184484695,1.4211153401572545,0.8848304831328818,1.361524033438249,-0.8375310469744295,1.4068106977850603,0.7700304510185911,1.5245952612314955,-0.5511893653295944,-0.661559714579911,-0.9992844452341569,-0.5574341511641598,0.5645708323964514,-0.4932890559764111,0.5012241360915372,0.6421712149085531,0.6523415779357856,-0.649678207827936,-0.6243621572832545,1.5374100014513934,0.7411821265760329,-0.6283030308037436,0.770694154590663,-0.34732331657542054,0.2468719520623465,0.8649560947659605,-0.4227642407152604,-0.6507821325996802,-0.7095969381017178,-0.5882902065950086,0.8968767626540519,1.8041161722718408,1.3793534865891182,0.8589150213062651,0.7724803969223877,-0.7694091612147475,0.11141983972822732,-0.6061544231794579,1.0144550374893295,0.8858322857144727,0.6347189173295994,-1.245277920623241,0.5973203183785317,0.634336923976944,0.9283565112661178,0.2687099820837122,1.4578969638341273,1.096489974845346,0.7350202812647506,-0.788046718002854,-1.0700657677256165,-1.0762083170307404,-0.3655155255034794,0.9876900446739606,0.46065556426282767,-0.9859941492140922,0.25190925898728567,-0.7910939860756115,0.9843992432079414,0.5689336245605477,0.48600936779644743,-0.3329019064639367,-0.39157611239753426,-0.6259499659916309,0.7750303415485317,0.8972456769527105,1.1740872966282738,0.7531174462857166,-0.6152330772317364,-0.5844169424822244,0,29,train
0.1637868912727209,-0.0698040299142008,0.034267689971558345,-0.6315481317491324,0.45580267910560424,0.05689131393775158,0.18666414996051264,0.28104364244089697,-0.583924554585916,-0.061237094264188364,-0.38611150850227305,0.04201015337661427,-0.0380108932383007,0.08251448002169046,-0.0006419123065422485,-0.3822507909995309,-0.34172610005582893,0.06937225693580373,-0.38781875822698936,-0.4121849848632035,-0.4778578372814313,0.1520070813157951,-0.29045855211612764,-0.40550437803322875,-0.8845709337404435,-0.3817529893510335,-0.15370807986084772,-0.5378585465860033,-0.6779104816244202,0.3246749148992148,0.46379512066409145,0.0595402258794084,0.031751595926473204,-0.7145599264546497,-0.3148390605651858,0.3100000609845034,-0.32479063833511457,0.1341288627711229,-0.9513349969596243,-0.49099268054988376,-0.3619327494686849,-0.6417257337458993,-0.6389777671555736,-0.3101266057615408,-0.035439204889707095,0.14630595111042757,-0.1544714179191753,-0.6419288532548737,-0.5668973520227714,0.5382066883941947,-0.30332112205776596,-0.41892770719103756,-0.6607927440816226,-0.9093133707806589,0.14462816363382136,-0.8749612209446801,-0.15346437552078168,-0.19431810237779001,-0.18304016256470415,-0.23569295734192372,0.05219078404326717,-0.3432145288489835,-0.5273470034165257,-0.4312157071071573,-0.36569556452681706,-0.4009140166048585,-0.6125874727345897,-0.5579835253310466,-0.18257289935702137,-0.5664523122252401,-0.25365698812066856,0.0919061727403929,0.35668408322423506,-0.6269178522082461,0.23617156272068057,-0.42644599213065915,-0.41190412067409493,-0.5173737045085329,0,29,train
1.2902931815279564,1.9400938584454614,2.0594881672906564,1.632311855926267,2.405619085924345,2.0973904163209323,-0.52364374182563,1.2323527167094552,1.9484096411602831,1.9171480023215357,-0.6896200438181309,1.8711566398093595,-0.5659237220210077,-1.3584295911198,-1.3878521662917824,1.4698294477209437,3.2475512082793725,-0.3323613457293219,2.448702623167371,3.550393833284761,1.4377162138360455,-1.1711211329640228,2.2183196963257292,1.1660090113794441,1.9670498710564155,1.5424372160739928,2.3135101365218746,1.510872040479048,1.1815901773968631,-0.6593783985984053,-1.5068197287591578,-1.5427989104550415,-0.8783729877252985,2.9724689729385028,2.690462109767661,-0.968293844642522,2.485354449868703,0.1568822192865916,1.7031787767631346,1.5537406610549254,1.8373064416379594,2.7706223858281644,2.4729743625180203,2.264818818037406,-1.0334131671797613,-0.758827542600594,-0.4756050595149183,1.3456807877425596,2.3796402325607646,-0.6644720775550629,0.9844863034441352,1.1710967840913962,1.0632842782296053,2.502210634326563,-1.3319486738970927,3.2374068894711914,-1.2366170189053916,2.819134682587157,1.4360720774233366,1.4368903714860732,-0.7675185903304235,1.394590806005816,2.175464618510901,2.964565240950613,2.0816787734283215,2.6873189332487626,2.2774277624605044,2.9338145048075064,2.2486353448374103,2.956680404471868,3.2253529217632684,-0.34097190086685764,-1.2362497465490487,1.3228764497237224,-0.5641831968804656,1.1423733809631207,1.783359359448237,3.9936784505784244,0,29,train
2.1131178061872777,1.1304928844676045,1.4135422113267817,1.5209014234619265,-0.296248623003188,-0.7985974401669981,-0.5813183142356159,1.9234305043574476,1.4020447676512562,1.938215026583339,-0.6748661566847212,1.809921714237637,-0.8298801364123612,-0.9741778388154027,-0.8305967651182243,2.276380519421796,-0.7713033051088055,-0.7340949483944476,-1.3432338941756887,-0.5801293333986842,1.8119213773101575,0.6888500862899835,1.0789385301890222,0.9480144004257193,1.985566889269382,-0.8514920087585897,-0.9959311657746284,2.551160110594981,2.056289500554901,-0.6127653469064128,-0.9495556934714355,0.004287152212703235,0.4040752892385616,1.4734948451512382,-0.43660080227296233,-0.7909821093458701,-1.2956322203150767,0.5038709061474894,1.6874715946701004,3.1990654490517985,2.6360615957929148,1.8494369718357466,1.6925776984203078,-0.9234910507861459,0.35173464001211996,-0.6897611314338895,-1.1692537253617235,1.5052976231572675,1.3128587921126205,-1.0575426986214056,0.896618845840594,1.0259353124881165,1.5505234367088652,0.9565491210045194,-1.1550316334556006,1.9946582846751861,-0.912170374573596,-1.3369656267882906,-1.1630291499258867,-1.4985778445125577,-0.41576590860684737,1.665857980227053,1.2272092805657744,-1.5139284731545626,0.9478669332457148,-0.6305944241656565,1.5730167034647051,1.099489508998561,0.750403264352592,-0.6260822030579133,-0.27434485676219844,-0.4672280056689724,-0.7213620439960682,1.6066302982377303,-1.1269326372250215,1.9739656050466656,-0.6634806262454139,-0.6897706021551684,0,29,train
-0.35026643093712306,0.6297814807008114,0.2467273677952201,-0.6716558874362949,0.5153279752184623,1.6284558399968472,0.11684756230631915,-0.05156985635227645,-0.7179104908687837,-0.5055597877858612,-0.5167887945410452,-0.5189807776675539,0.11883277328409778,0.00017481881360528244,-0.3326238534312151,-0.6062927553608787,-0.2245686804959262,0.1474871241206893,-0.6086258118684665,-0.5347389689296353,-0.6159573618968772,-0.5312476522877174,-0.11928391682798392,-0.3501923125673583,-0.4401624966292447,-0.4861394381082682,-0.6986759589815293,-0.6387027982809151,-0.7574286019115146,-0.2036063376100339,-0.18230810865500666,-0.2970932496056886,-0.05098700258732422,-0.902491011132456,-0.47257586232298715,0.18629419914963,0.056485328406106886,0.21376561057526336,-0.3021048037808825,-0.5446445758106514,-0.5057086772165769,-0.49314744116647713,-0.561901553417528,0.3950943503537058,0.061354256335749674,-0.17358058481957203,0.00609540287869627,-0.23528596303168944,-0.788978246688556,0.22140350126609762,0.16347474646104684,-0.7058748022207761,-0.405929184261702,-0.6563150668097872,0.21267317918824136,-0.3552663498481689,-0.4928854803601985,-1.322029057841748,-0.3960812467736569,-0.9748396304351042,0.1589728481379242,-0.5254721615288772,-1.1746590305167919,-0.6728127706053386,-0.688324949944632,-0.3206642356498809,-0.4485465411876227,-0.6566915968543978,-0.7113606924693103,-0.7204961968763126,0.06010901960920087,0.39131350698540784,0.5068596631355211,-0.031034770328829574,-0.14524750240174064,-0.9159648190734551,-0.44636665568386463,-0.5317401126457526,0,29,train
-0.06355022151975137,0.10932371171504629,-0.5242956565648427,-0.8632818312749606,0.6285712214819484,1.1690266942739262,1.5025550520515076,0.20693804426417958,-1.0126795506910924,-0.754533710879902,2.2822343644829775,-0.645401269170465,-0.04183634851933481,-0.8918381776073174,-0.42747583660969307,-0.6062927553608787,-0.7144997077464285,-0.50532998021014,-0.7275219176754157,-0.5075047502482061,-0.7005990060160215,2.071627523344711,-0.065791843300439,-0.40550437803322875,-0.5389199270984,-0.4409053103134665,-0.9860226588815251,-0.3786307807519319,-0.3843051144105334,-0.6231238028379668,-1.8460239241516843,1.219854772880217,1.773399094641909,-0.5937470863046314,-0.6275453517692482,-0.3703821791073004,-0.5930959482641223,2.756453201178892,0.17958211373882915,-0.5863738276801372,-0.42050812744004834,-0.16627519749174827,-0.31140385876887955,-0.23604877423683,0.8457150628178993,-1.2023066037762753,0.04463143987018544,-0.5165156254290318,-0.5867260033322164,-0.7935400426813247,0.19642504306237482,-0.42905525172149894,0.04008204542315913,-0.2807707093530246,-1.1890541412328106,-0.016334912176531154,0.2308801108414992,-1.4639264628339017,-0.21790143088980551,-0.5144568454799232,0.2908801037842652,-0.38983857441825864,-0.674979571000797,-0.6638647312165171,-0.7298058709269225,-0.5337412402544766,-0.08186681184734369,-0.24540796550710062,-0.6232293936172622,-0.7204961968763126,0.03252519475382774,0.4814964389869184,-1.9066764425815756,-0.2783059811767507,-0.4641388519303223,-0.37336563740192225,-0.2326989386232923,-0.7999130645405187,0,29,train
0.5692612939398916,0.6199082980913254,0.4026453571658105,-0.2995450430053976,0.6096973471047007,0.45453516075310746,-0.34151351316251644,0.5981466671970831,-0.8459414966501905,0.11687501994924081,-0.5231118890267922,0.1368255220037976,-0.2484109336951767,-0.0478566502244444,-0.21405887445811767,-0.5316121005737627,-0.06835878774938925,0.09727042378754856,-0.23070604698209216,-0.23062352698700808,-0.2818456087949918,-0.19504294210186202,-0.7130459329837326,-0.19401706889901812,-1.1870155645522316,-0.12774596404176242,-0.3716952315091203,-0.38393837294640093,-0.5433413549847221,-0.16217251388381831,-0.3438339159847812,-0.3975533835451525,-0.16268411058095075,-0.33869775709903704,-0.6081741655884655,-0.08173516815926245,-0.3671546346396947,-0.030832971966025278,-0.7837917213005942,-0.5506058975062922,-0.527008814660709,-0.6615361727564889,-0.5474497633416444,-0.19160207532200352,-0.042114616008704114,0.3280596647070183,-0.0324406341127929,-1.014368135889192,-0.19015297714331517,-0.11299986292467158,-0.2236912386045567,-0.20287342387452856,-0.3796932295743572,-0.3716919748425566,-0.059506883029438636,-0.6885489302252793,-0.3331579016122377,-0.7507052956364978,0.05324176719431615,-0.18500861404410565,-0.12682620576248135,-0.35593017764060403,-0.6181978142376158,-0.20751472238661903,-0.5408372308964879,-0.09928552956718403,-0.3617013421333461,-1.08853940976906,-0.9757545890254549,-0.6708046211824182,-0.32606452836602307,-0.05960115302214479,0.2547792254272909,-0.9633688440177126,-0.6142053693555372,-0.6564608626218524,-0.16377386860375284,-0.14863589565322963,0,29,train
0.11458706835494703,-0.043005391402738645,-0.6151050349894722,-0.5000838214412106,0.2990043381253927,0.7191029791521689,-0.34606676887909427,0.00874865379156329,0.5475122406916334,-0.5323723641190655,-0.5336503798363706,-0.42416540904037053,0.22977097643408695,0.13740758749374724,0.36098127356140497,-0.5116972592971984,-0.5440889156592973,0.16980565760208516,-0.6935516017305731,-0.4666534222260621,-0.45112889703328046,0.10862582838858796,-0.3386014182909181,-0.3892361234844433,-0.9401219883793434,-0.35739615130767877,-0.5351855952453248,-0.851006486059677,-0.3598380004760428,-0.07412563846561021,0.27804044223485075,0.03944819909151561,-0.12958867117543177,-0.6563907811972335,-0.22075044197281307,0.15330596932699708,-0.540140952883397,0.11706384538452136,-0.6947843561067344,-0.7711748002450035,-0.3938829556348831,-0.6417257337458993,-0.38366280914829737,-0.38420443728625153,-0.06547855492519368,0.00453805450508685,0.12812618668507864,-0.7939448869831669,-0.6343147664748845,0.22727022695365495,-0.2813542576568806,-0.6484853832148284,-0.2522614496643969,-0.8460637947879409,0.2671091916317774,-0.9540452230680623,0.49043742630693565,0.11934984549960224,-0.27600354476497446,-0.4088644636094689,0.02706559249158317,-0.4746095663623952,-0.538703354769162,-0.7980853220488401,-0.660671002623105,-0.5088361358201732,-0.30862927604462154,-0.7512868320642762,-0.3254063837034442,-0.4124084275741676,-0.30882463783141484,0.1748744701817826,-0.5229157419704401,-0.4607191695071844,-0.04520315745159738,-0.6328695938535249,-0.16377386860375284,-0.5939945479070375,0,29,train
-0.9152161216825951,0.2898619080027914,0.02912753647582459,-0.6694276787870082,1.31674171800621,0.6937551642157319,-0.11233297542809866,-0.5909896756386146,-1.1064697060890998,-0.7009085582134932,2.22743421227317,-0.7579945194152452,-0.06478908020553946,-0.5007247868689129,0.15942080930713928,-0.5365908108929038,-0.30622385170434324,0.1809649243427831,-0.5789017854167292,-1.1928992537308436,-0.6783248891425625,1.312455597118586,-0.15137916094451087,-0.27861199255270236,-0.16857956283906766,-1.2064059345331877,-0.3271069504901555,-0.2990168978348962,-0.2558527662544579,0.43861793014630757,-1.0949289200682328,2.244548139062749,0.11035326451458076,-0.6474416819268617,-1.1450327540272982,0.10382362459304768,-0.4624736263250001,-0.20148314583204063,0.2685894789326889,-0.24061716933296834,-0.35128268074661884,0.01201875360355839,-0.725688507610875,-0.08789311118740843,0.11809525084722433,0.21173728800520022,-0.912346812085129,0.045943699365652915,-0.7017321809269977,0.3798050948301462,0.21564604941314947,-0.7126264985744171,0.09630194832461221,-0.4586601418325437,-0.6719120230192186,0.09099337641948746,0.6202160840396539,-0.9075392695751939,-0.28375049328166363,-0.8354576863661044,0.07103467770703017,-0.33049888005736305,-0.6863359223534332,-0.24330687994190517,-0.780504774349722,-0.24041445469490327,-0.4340723413452433,-0.6320145789735601,-0.6566585069749356,-0.9242316572212793,0.4462825675844248,0.16765983562166176,-2.148030053153285,0.56890193795793,-1.8272430518760245,-0.337978734249431,-0.8495783152981705,-1.1638620706834155,0,29,train
0.17057307374413797,-0.044415846061236657,0.10108968541609711,1.068575067656704,0.8027916003488501,-0.4769970381609533,-0.9637917944281541,0.239682378342264,0.38524038452682696,0.612907682113522,-0.6348198916083232,0.5457167992085258,-0.02270907211416426,-0.0753032039604728,0.02899933243673211,-0.32748497748897926,-0.37012789873701746,-0.7285153150240986,-0.6171183908546771,0.2232801177034804,-0.43776442690920503,0.4285625687267406,-0.27976013741061867,-0.340431359838087,-0.032788095943979155,-0.051195901619790304,-0.48068880733325664,-0.4476294792800295,-0.3414876650251749,-0.5506146113170894,-0.6911144017437963,-0.31718527639358135,0.30892590094769456,-0.5534761395879586,0.05044616455814364,-0.12297045543755358,-0.529549953807252,0.7370928104310437,-0.014139798741924451,-0.407534176810912,-0.06373082525083487,-0.027602124417620867,-0.6678813473073408,-0.449392929027997,-0.6195376778019462,-0.271727590161731,-0.07739934393619693,-0.2656891697773481,-0.46775409547554603,-0.6351384491172761,0.14974545621049354,-0.6957472576903148,-0.4658970806899186,-0.5258628163248065,-0.4405589701341906,0.011909374296105325,-0.1734303228642768,-0.3138106539501299,-0.3960812467736569,-0.42575924470874155,0.21550452912921322,-0.29659048327970844,-0.4819215980059808,-0.7936113023544292,-0.5638821869977605,-0.4590259269515664,-0.4823196741531747,-0.48395247168853295,-0.43481075469219366,0.46713246220776206,-0.8398132662973478,-0.095674325822749,-0.002664625849199344,-0.41207565261906876,-0.05145592901098134,-0.04308787464533702,-0.02247747506369694,0.18658029421522793,0,29,train
1.0951904354747153,0.7242819428201781,0.17476521885494756,0.5293485745292958,0.30335984759706525,-0.9855375753232212,-0.4932887037151111,0.7549747935710663,0.7737995997471433,0.5363003211615095,2.286449760806809,0.6069517247802483,-0.294316397067586,1.7567542579194222,0.8174564426078301,-0.16816624727646529,-0.4375821706048402,-0.03664077710082666,-0.6680738647719411,0.03717962338038013,-0.38430654641290335,-1.7133867945541117,-0.35999824770193606,0.03699214569373503,-0.26116465390390076,-0.13122551233367025,-0.9117088571832503,-0.16101950077870103,-0.06623263326215598,-0.15181405795226444,1.1018220596167008,0.7577381567586827,0.47026616804959953,0.07743535897324835,0.008936479885038017,0.079082452226073,-0.3036086401828245,-1.2196958498992656,0.22670366001793138,-0.2346558476373275,-0.1542564093883965,-0.14646475848115864,-0.21505859159632248,-0.8108927468685855,-0.012075265973217527,-0.31898355569684456,1.3420113519169874,-0.014862714125664355,-0.04738668771531071,0.11580243889006524,0.14699959816038288,-0.10159797856991494,0.11129392243166637,-0.2728645123539349,1.4238744560569172,0.18702395042645148,1.2591263990314974,-1.0382342478574407,-0.7834286726081164,-0.9326026776869224,-0.08285712054703435,-0.3050675824741221,-0.2377600439243015,-0.6638647312165171,-0.2735157401217271,-0.1961387134783639,0.024277320330105507,-0.06444316771428987,-0.009349311958168075,-0.03972160986996013,-0.7536138136243067,-0.012706028381359313,1.4615472782858392,0.017608746559286063,1.7931116810072851,-0.45003726089898666,-0.25337645962915417,0.0908042399670972,0,29,train
-0.30954933610862057,-0.5423063405110338,-0.5397161170520439,-0.3040014603039712,-0.5967787765485933,-0.21084498132836452,-0.3703507993675094,-0.18427057866872387,-0.19685407199096483,-0.38298801026264107,-0.48728102027422565,-0.3412019614915851,0.015545480696176827,-0.30173727228270697,0.10013831982059057,-0.6212288863183019,-0.44823284511028594,0.44878732611953354,-0.3665873107614627,-0.21700641764629341,-0.531315717777733,0.25503755701791203,-0.4776808094625349,-0.3632069162063866,-0.7302624486323883,-0.1103482225822233,-0.014988983357401479,-0.5856268763362247,-0.32313732957430696,0.24698649541256057,-0.1903843990214954,0.20520742009163112,0.0731208951833719,-0.4863578950601706,-0.09622138795349622,0.16980008423831353,-0.11297065681221377,0.2535839844773336,-0.5586554446337724,-0.9380918077229471,-0.7985855670733939,-0.42381090462941345,-0.9424653587491285,-0.3219790588054945,0.12477066196622136,-0.04635298530195854,-0.06455399827236721,-0.39110239760318993,-0.459822634951768,0.18033642145319614,-0.34176313475931525,-0.5809684196784194,-0.5146209965378447,-0.7037522488043256,-0.04589787991855463,-0.5586252124511516,0.39060768958946007,-0.39969592539274923,-0.04746856352264332,-0.20190339514337835,0.24691101856881822,-0.3983156736126723,-0.7431176791166144,-0.265676978413959,-0.15368196839511017,-0.13525956930562227,-0.6849584719464868,-0.3153261828361411,-0.3132503424824721,-0.009906664453623532,-0.5088073680328701,0.46345985258661626,-0.168930446465266,-0.6796149955037047,0.042335644379777986,-0.4087525405544135,-0.24303769912622322,-0.21567913362692115,0,29,train
0.7660605856109869,0.7849314931355925,0.5157287340719531,0.8279285335337284,-0.2947967865126305,-0.11103796001614372,0.15327360803894186,0.6619119493491422,0.5579333690691898,0.6014165779707201,-0.45566554784549046,0.5417661588490598,0.126483683846166,-0.040995011790437304,-0.32076735553390534,-0.09348559248934936,-0.6541458855489029,0.22002235793522587,-0.5279463114994652,-0.5665122240579695,-0.20165878805053927,0.2116563040907049,0.1374780361042317,-0.31114850165027325,-0.23030295688228972,-0.5626895005302404,-0.7828982675729074,-0.19817264613998437,-0.16410108900011827,-0.14663482998648747,-0.1984606893879841,0.10977029284914037,-0.034439282884564736,-0.06127567971751345,-0.4808777992576083,0.32237064716799074,-0.4624736263250001,-0.406263354471259,-0.056025617656681986,-0.15119734389835568,-0.1436063406663304,-0.13655953897586381,-0.7353230343281307,-0.6419952909922451,0.04132802297875862,-0.02454253967036766,-0.5398317878340669,-0.33789678579828736,0.016064996474913485,0.08060208476472111,-0.09738176829946617,-0.3277798064168853,-0.3309693137264312,-0.3044893003502938,-0.2432284250263726,-0.3496174925536416,-0.24830262540238346,-0.3399496496065793,-0.3263587101234542,-0.5693648840525595,0.24062972068089722,-0.2160580409327787,-0.17530011148480215,-0.4043715889406927,0.1735564082429592,-0.7025425036425329,-0.125289411374482,-0.2865363286418303,-0.09444160050497319,-0.4571308456986725,-0.3950240905044559,0.25423545034311185,-0.3083791992400316,-0.3918075205823539,-0.5766887399992335,-0.45003726089898666,-0.5980018097268515,-0.5413177180705656,0,29,train
-1.7007167427491223,-0.2841931380058981,0.8361316353060236,-0.012106127247399049,1.090255225479238,-0.6813637960859769,1.9685048870479729,-2.581500510385326,-1.1407105564724993,-0.25467068066802007,1.2009852074202338,-0.3036708780766584,-2.413618622760483,-0.42524676409483475,0.5981112315075998,-0.31254884653155607,0.315065494446656,0.35951319219395006,-0.17125799407861753,-0.6209806614208281,-2.041500841798255,-0.5149796824400147,-0.9002681903301398,-0.6169916871674394,-0.05130511415694577,-1.7735723061141628,-0.20325061432636424,-0.5272433621970651,-0.8797641715839675,0.1434019360970216,0.4234136688316478,1.0741875786679942,-1.2341489613346275,-0.4595105972490554,-0.9817613276464162,1.6625174837124528,-1.0520392415637407,1.9487090448797528,0.4256612998630297,-0.5506058975062922,-0.4897335741334778,-0.49810005091912457,-0.38366280914829737,-0.256790567063749,1.610049635943058,-1.6857714819432066,-2.569396402719163,1.6421120535127312,-0.3725765691902097,0.29767093520434323,0.5369114412760971,-0.4088001626605762,1.0632842782296053,-0.23728662585803106,-0.3180779421362346,-0.6659535010471702,-0.19838775704364567,0.15669126786595847,0.9131530525468162,0.7822176038892562,-0.16765464203396785,-2.381956885105468,-0.40242713853752704,-0.3283132541357097,-0.42100345916987103,-0.6139910212094541,-0.2507324766751038,-1.2653913712483977,-0.2980552909562569,-0.2434570702149269,-1.1397873615995306,-3.244862311315497,-1.0753473395012423,1.0229080955803425,-1.8522541381135604,-0.7980084752318175,-2.348698588223154,-0.42159765026040225,0,29,train
-0.7794924722542534,-0.43088042248969105,-0.848125326796069,-1.3133799784308964,-0.10605804274015367,0.5099835059265635,1.8243184560230081,-0.5030969894290196,-0.7729935980072958,-1.1777893801397712,-0.5926659283700096,-1.0661444674535911,-1.0058510793399302,0.4873511476281092,0.4321202609452634,-0.08352817185106723,-0.554739590164743,-1.15256745117062,-0.5449314694718865,-0.6754490987836868,0.08790473130442815,-0.32518670088348345,0.22841456110105807,-0.18750976707950393,0.1462097467813648,-0.16254144696084064,-0.7284014796608392,-0.06548284127825822,0.6310801138708253,-0.9079813409556988,0.5445580243289787,0.024379179000596024,1.0122039883149727,-0.27157951257124907,-0.32590830981134733,-0.968293844642522,-0.6531116096956109,-0.9523439108425081,0.32094675257613586,-0.2227332042460458,-0.09568103141703309,-0.08703344144938975,-0.1283478511410211,-0.6953313296900367,-0.08216708272268622,-1.2422924207675254,0.3015383531467799,0.0573449018952749,-0.22981027976220528,-1.5503476563762233,0.27330906846547337,-0.19612172752088763,0.2799536311360256,-0.3123954973493836,0.5324847522940154,-0.17450291642329543,0.28578646603611074,-0.758173580109769,-0.481297680457238,-0.7256416092208319,-0.4722975895981364,-0.39407712401546546,0.0007233344810596787,-0.5878063964115341,-0.34725959964579906,-0.5199050711243081,-0.10116574497051627,0.05894192168989928,-0.20384597149372263,-0.2732720156312635,-0.3881281342906126,-0.43476215014842856,0.6194913480689855,0.0662522634474017,0.2486771058394485,0.0630728348121368,-0.2326989386232923,-0.36413201771152376,0,29,train
1.0137562458177103,0.2842200893687994,0.20731952432792797,0.20180190308413473,-0.12057640764572881,0.1693722427181909,-0.44016738702170294,0.8049529876902479,-0.22960618974899916,0.40989817559068875,-0.4619886423312375,0.3817652242906879,-0.2522363889762108,-0.0684415655264657,0.02899933243673211,-0.04369848929793874,-0.5405386908241487,-0.09243711080431634,-0.21372088900967084,-0.3168652194782009,-0.2729359620456082,0.0706672320772817,-0.6114109932813971,-0.1679878616209614,-0.7364347880367106,-0.4374257620215587,-0.08930278505567625,-0.23532579150126767,-0.40265544986140134,0.11232656830235992,-0.21461327012096157,0.11479329954611357,-0.07580858214146345,-0.5758488877638879,-0.16817150805354597,0.23577654388357935,-0.21888064757366418,0.2877140192505367,-0.6476628098276321,-0.4373407852891162,-0.19153164991562774,-0.820019684841206,-0.5763533434934116,-0.4642084953329392,0.09806901749023328,0.1790216195578139,-0.2957702202213022,-0.8167472920424108,-0.43602825338043394,-0.1482002170500157,-0.23742052885511,-0.11510137127719676,-0.3197253331461406,-0.7907204157943127,-0.059506883029438636,-0.7732817896431888,-0.44796209883733457,-0.392227640919478,-0.1481788942396028,-0.049850365249924075,-0.10484166315475785,-0.17791109455791723,-0.6693013953244789,-0.22093678146985132,-0.5823181518787784,-0.539275707906544,-0.5981132728922103,-0.3811315638517087,-0.4895129401865684,-0.1838271793822537,-0.40536802482522083,-0.1497840850236553,-0.19038410073830686,-0.7201512595771344,-0.2703029335894197,-0.5208110672039692,-0.40845786717311794,-0.4359640583976218,0,29,train
0.4165721883330072,0.45347464838856033,0.8327048663088678,1.126508492538161,0.3541741247665782,0.17570919645230015,-0.23678863168122619,0.43959515481899,0.6859643748505967,0.9806230146831824,0.8089533493039174,0.8143603436522119,0.00024365957204039074,0.5079360629301305,0.870810683145724,-0.2179533504678759,-0.23521935500137192,-0.2542464785444364,0.0707805070283863,-0.1897721989648641,-0.2239329049239983,0.19538833424300223,0.2979542566868665,-0.076885636147763,0.20176080142026465,-0.19733692987991888,-0.07444002471602129,-0.4635522558634366,-0.23750243080359,-0.26575707319935726,1.2875767380459415,0.17506937990979193,-0.10890402154698242,0.19377364948808085,-0.1404983849381422,-0.2631704321837434,-0.41304896396965657,-0.19579480670317345,0.6036760302507492,0.03956495036215131,0.05341993069189194,0.06154485113003246,0.06915994656272094,-0.4997658544648003,-0.025426088211211565,-0.17358058481957203,0.41714646412124745,-0.379701195073568,-0.20998162845276022,-0.2772681821762775,0.16622060451115753,-0.317652261886424,-0.3497092813602489,-0.24123972435757593,0.9407548456205352,-0.03328148406011304,0.23587159767737298,-0.36608864526302864,-0.27213007050662985,-0.36240381558646895,-0.06087257793931084,0.0806404308716993,0.2278503615337846,-0.3551573723021743,0.021459697974560772,-0.309595300345746,0.1304214525075547,0.1453114842728317,0.011923760178533204,0.13419890505867005,-0.45708769642904545,0.06665495177996995,0.4854060088624802,-0.42423653184109766,0.11111613153300148,0.39335059756872204,0.049893848456819496,0.038127410130625296,0,29,train
0.13155252453348973,0.3053769092462695,0.2792816732682005,0.09039147061979423,-0.23962699987144498,-0.17757597422429092,-0.1775963073657143,0.18625741221486308,0.1738403517249691,0.16283943652044833,-0.38611150850227305,0.05978803499421115,0.3330582690220079,-0.13019631143252958,-0.10142214443367509,-0.49178241802063427,-0.7748535299439542,-0.031061143730477688,-0.27316894191314545,-0.1035305064736713,-0.46894819053204767,0.00017269607057010292,-0.4455855653460079,-0.7146012144601519,-0.6561943757805219,-0.3678347961834022,-0.39151224529532697,-0.3043244900293653,-0.3537212219924202,0.10196811237080602,-0.1661555279220292,0.19516140669768473,-0.15027332080388112,-0.6205943841157465,-0.2594928143343783,0.07495892349824389,-0.44129162817271006,0.2820256801216695,-0.6528985371919769,-0.25253981272425,-0.4684334366893457,-0.7704935873147319,-0.7545920877626422,-0.3634626444593325,0.027977200740764582,0.019078351592814104,-0.07097667110428207,-0.6267272498820444,-0.5391372401895482,-0.042599154673983335,-0.38020514746086453,-0.5843442678552399,-0.5558489253322435,-0.8421106962883961,-0.05270238147399663,-0.6490069291635883,-0.16344734919252923,-0.4445056322323767,-0.6284897022743327,-0.8143392099920136,-0.07343517371515285,-0.2753977352936743,-0.8510030169666588,-0.14040442697045755,-0.5408372308964879,-0.5752497476449823,-0.30380454276382834,-0.37701872753823573,-0.4226547134712215,-0.3627168518802733,-0.42260791535982906,0.27587935402347435,-0.1742938600335262,-0.9917442288691134,0.09235781685484962,-0.3261830998652672,-0.274053980635016,-0.3162439905874584,0,29,train
-0.7268995581007711,-0.1995658584960176,-0.02912753647582459,-0.2661219132660954,-0.36593677454994866,0.5464209898976917,1.3143538157662904,-0.37901319713312076,-0.9307992562960067,-0.4327827948814493,0.8194918401134957,-0.5703391023406115,-0.64243282764169,-0.19195105733859344,-0.006570161255197121,-0.38722950131867195,-0.529888016318703,-0.2709853786554833,-0.6808127332512571,0.005406368252045935,-0.5045867775295821,0.3960266290313353,-0.8307284947443314,-0.3501923125673583,-0.26733699330822297,-0.23909150938281276,-0.3072899367039489,-0.25655616027914385,-0.19468498141823148,-0.001616446944732938,0.2376589904024071,0.04949421248546201,0.5530047665633969,-0.9203892096731995,-0.10175601257657697,0.11207068204870592,-0.3671546346396947,1.0840814972919415,-0.3021048037808825,-0.4254181418978345,-0.527008814660709,-0.3099008803185231,-0.5763533434934116,-0.40790934337415896,-0.22568842178112214,-1.133240192609571,-0.2765022017255577,-0.33029598411187266,-0.6065546546416615,-0.2655347308011628,-0.04521046534736357,-0.5100756079651898,-0.04612180569240226,-0.6049247863157039,0.11741015741205336,-0.42870149467702373,-0.12351545450553901,-0.620010317354251,-0.4077016695486907,-0.5566937982281049,-0.18963918464169136,-0.49580231434842936,-0.24911639527693774,-0.3104171753580666,-0.633017055301578,-0.42305188721312814,-0.4147734082220707,-0.2618593107609925,-0.38010856919781894,-0.44719253055989366,-0.5329432147813216,-0.12453286406323237,-0.6999083897230273,0.1351639123722322,-0.2577973904706518,-0.5856870563168699,-0.1672201221047298,-0.1438470929408231,0,29,train
0.48104092181146946,-0.5169181566580696,-0.6887805684283227,0.5115229053350013,0.34546310582323314,0.27710045619804824,2.783537660315406,0.36893632865049203,1.7667842608657294,0.8580512371599622,-0.7338817052183602,0.7551007382602223,0.9030511058960902,-0.4664165946988773,0.5506852399183608,0.00608861389347187,-0.7535521809330628,1.7767400682625878,0.3085727186422848,-0.2533187092215325,-0.6337766553956444,-0.10828043624744775,0.1374780361042317,-0.151719607072176,-0.09451148998720121,0.12278151297560086,-0.0942570385022279,-0.028329695916974897,-0.4210057853122693,2.4688752927308713,-0.26307101231989394,-0.12631102190859989,0.36270598998166287,-0.8174745680639246,0.22478684018518724,-1.0548879479269333,-0.3777456337158398,-1.913673223621061,0.18481784110317384,-0.5923351493757781,-0.2927073027752554,0.8935832895747969,-0.7883129312730371,-0.5827330257724764,0.7355707793544485,3.7522996288667865,-0.2829248745574725,-0.011062313282457025,-0.7017321809269977,3.1019658138567587,0.4462981256224452,-0.40542431448375577,0.31368557287689747,0.12244533760055204,-0.5426264934658206,0.8931311122423634,0.19593970299038274,0.08947670760651727,-0.09782372888112306,-0.24414034789156008,-0.8900038991448831,-0.5424263599177045,-1.0099919359035663,0.23541322736004672,-0.752850827028195,-0.6139910212094541,-0.9117209361437647,-1.3106325706966002,-1.0456518260460448,0.024877438532102503,-0.41571195914598574,0.9576623199548939,-1.1021644073425434,-0.010766638292114725,-0.06396147212974924,-0.14335076691072896,-0.13965009409691403,-0.2875111743130192,0,29,train
0.13155252453348973,0.2560109961988392,0.19361244833930463,0.023545211141189917,-0.22946414443754237,-0.4849182303285899,0.1851463980549867,0.1931509562313019,0.05325300907038818,0.10155354775883829,-0.4219423772548396,0.16250468434032642,0.08440367575479078,-0.013548458054408912,-0.2851978618419761,-0.5216546799354806,-0.49438576796721734,0.1084296905282465,-0.31563183684419877,-0.471192458672967,-0.44221925028389686,0.18996567762710134,-0.5258236756373253,-0.3664605671161437,-0.9524666671879878,-0.3017233786371536,-0.41132925908153356,-0.42109151830768426,-0.4515896777303825,0.4075425623516459,0.1165146349050762,0.15497735312189914,-0.04685007266163435,-0.6429671322916758,-0.17647344498816708,0.10382362459304768,-0.49071629052805354,0.12275218451338854,-0.8099703581223177,-0.6579096880278273,-0.6068843300762046,-0.4584791728979453,-0.7545920877626422,-0.3190159455445061,-0.05880314380619666,-0.08270372802127668,-0.2700795288936428,-0.7977452878263742,-0.6541434177843296,0.08060208476472111,-0.2978294059575446,-0.47294127802016483,-0.5708408994392977,-0.6800336578070564,0.13101916052293736,-0.6885489302252793,-0.20337924387951944,-0.18684981790451877,-0.3883342982569677,-0.47644358800655967,0.04590948615534617,-0.5636191079037386,-0.5557378817981163,-0.4088456086351035,-0.12141902985332867,-0.5697152799929148,-0.5546906733650719,-0.2330694565666817,-0.2463921157671252,-0.2583645429230952,-0.5708709739574597,0.12076471098087627,-0.2708353042622101,-0.7525802708358782,-0.12648918772358878,-0.5149132500118874,-0.22236017812036138,-0.2635671607509865,0,29,train
0.5489027465256403,0.47040010429053647,0.5294358100605764,0.4246227680128158,-0.10750987923071119,-0.5958149206755019,-0.15483002878282512,0.527487841028585,0.15299809496985634,0.6780239389227327,-0.4725271331408159,0.6089270449599813,-0.06861453548657358,-0.20567433420660763,-0.17848938076618842,0.16540734410598584,-0.5937920633513772,-0.014322243619430785,-0.7062904702098891,-0.38948980262867905,-0.10365267380731953,0.309264123176921,-0.402791906523972,-0.18425611616974685,-0.3969561207989893,-0.3226006683886005,-0.6491334245160129,-0.3680155963629938,-0.6106259183045712,-0.24504016133624948,-0.319605044885315,0.2453914736674167,0.08553168496044153,0.00584256481027452,-0.1737061326766267,-0.34976453546815484,-0.596626281289504,0.27064900186393515,-0.46964807943991266,-0.47310871546296124,-0.015805516001537536,-0.5129578801770668,-0.18615501144455535,-0.6745895368631177,0.014626378502770546,0.022713425864745916,-0.34715160287662117,-0.42910640603526323,-0.36067937840454267,-0.11299986292467158,-0.042464607297252904,-0.5742167233247785,-0.3309693137264312,-0.40331676283891554,-0.3248824436916766,-0.5755717843347334,-0.642630085436412,-0.28020337382040933,-0.5122854745239948,-0.5778122746021959,0.24062972068089722,-0.20758094173836503,-0.5330251790928439,-0.6101764948835879,-0.2873427137824906,-0.5697152799929148,0.009803120487726072,-0.4428241085538033,-0.2858992497352847,-0.3776243245884416,-0.5501831053159298,0.10633544186063458,0.06705975053818344,-0.5782743353201305,-0.2640501620300358,-0.29079619671277596,-0.29128524813990087,-0.5077960990837199,0,29,train
0.23504180722260024,0.09804007444706223,0.1199369149004542,-0.13911402025674724,0.1959239472958092,-0.7273067106582689,-0.08653119303415759,0.22072513229705723,0.11577977933572643,0.03452210692582732,-0.44512705703591204,0.04398547355634726,-0.060963624924505355,-0.17136614203657216,0.02307108348807724,-0.23288948142529908,-0.6221938620325658,-0.00316297687873285,-0.3113855473510934,-0.430341130650823,-0.5847735982740346,0.18996567762710134,-0.4669823947570259,-0.43153358531128544,-0.4895412118638223,-0.29476428205333793,-0.16361658675395102,-0.42639911050215334,-0.5372245765010994,0.11232656830235992,-0.10962149535660813,-0.14640304869649268,-0.12131481132405203,-0.6921871782787203,-0.06854826483809247,-0.11884692670972447,-0.4765949584265268,-0.11615805889903294,-0.4958267162616361,-0.7294455483755174,-0.48440853977244475,-0.6070574654773675,-0.8364855648593157,-0.5945854788164301,-0.10553102163917578,0.08814476275951857,0.10885816818933405,-0.5089148237426172,-0.3686108389283207,0.11580243889006524,-0.37196757331053254,-0.6586129277452898,-0.7619885693042382,-0.9527974542756524,-0.1411609016947426,-0.6490069291635883,-0.08857504665442256,-0.5042519080185467,-0.3922077725153123,-0.33283794866274174,-0.12682620576248135,-0.5085179631400498,-0.8055776115561138,-0.4804299237456757,-0.38413152940783507,-0.48946549903793724,-0.8152262705279018,-0.3687930549112898,-0.41049867225024933,-0.4074392700047782,-0.626038623668206,0.045011048099607424,0.206508503312949,-0.5296308184320149,-0.0014337565359096962,-0.2613071107523665,-0.1706663756057068,-0.5221625072209395,0,29,train
-0.9949537657217459,-0.2136704050809977,-0.8155710213230886,-1.6654369450182123,0.07251784559842053,1.0438718580252684,0.06069074180185915,-0.7081799239180747,-1.2627866317524454,-1.6010450493996404,1.047123241600389,-1.4631838235799213,0.00024365957204039074,-1.3172597605157574,-0.6883187903505075,-0.17314495759560633,-0.505036442472663,-0.23750757843338946,-1.1648897354652648,-0.6754490987836868,0.16809155204888065,0.8732204112306138,0.8649702360788425,-0.18425611616974685,0.5967905232968858,-0.33651886155623184,-1.258506598441866,0.23174232161200833,0.7472989050596556,0.13304348016546771,-1.0383948875028117,0.009310158909676432,0.19722879295406806,-0.17761397023234593,-0.21521581734973233,0.1079471533208768,-1.1685402314013362,-0.15597643280110318,0.7136263049019878,0.7310782670564892,0.24512116768908127,0.9332041675959762,-0.18615501144455535,-0.4968027412038119,0.13478377864471688,0.011808203048950477,-0.629749207480875,0.17135692719149478,-0.2972276942143185,-0.11299986292467158,0.3831433904698999,-0.2535111465268354,0.28744961818955267,-0.5614407028207103,-1.0937911194566226,1.3167954093319105,-0.24331113856650965,-1.2958900621852987,-0.9461145914585894,-1.1311163556033765,0.08045662453891168,-0.19062674334953772,-0.039023895253167185,-1.4378701383495796,-0.39334951184834405,-0.539275707906544,0.2172666515618313,0.3057121004982776,-0.1339487344731327,-0.4670691608374514,-0.3467523970075529,-0.07042310486232604,-1.241613160117309,0.560794685143244,-0.7580191152213681,0.19872263023002001,-0.44636665568386463,-0.7185034184296075,0,29,train
-0.20606005341951006,0.23344372166287106,-0.16619829636205796,-1.0727334443079208,0.10736192137180088,1.6633090855344481,1.3765816438928542,-0.08086741842214147,0.28847276387808923,-0.5764215966664727,-0.48728102027422565,-0.509104176768889,-0.13747273054518752,0.07565284158768336,-0.018426659152506866,-0.3473998187655435,-0.38077857324246317,-0.9795988166898022,-0.6383498383202038,-0.6073635520801135,-0.5001319541548903,-0.8349164227781674,-0.7825856285695411,-0.3501923125673583,-0.5450922665027222,-0.2704074440099832,-1.2139183174229011,-0.40516874172427714,-0.4210057853122693,-0.2812947570966881,0.6091683472608885,0.18009238660676513,1.703071285905181,-0.7324581249953931,-0.12666182338044035,0.08320598095390212,-0.4836556244772902,-0.6849919717857507,-0.34922635005998476,-0.3061917079850176,-0.3885579212738501,-0.3891426363608816,-0.8894754618042221,-0.1412291498852002,0.1447968953232124,0.2844387734438365,0.20519826066805696,-0.40630400097601926,-0.5827602730703274,-0.4063361473025393,0.11404930155905492,-0.638357838684367,-0.3609532619405395,-0.3875043688407361,0.15143266518926338,-0.4964877822113513,-0.01869423095218969,0.09694499207978852,-0.5084120002656503,-0.6749572659230139,0.33170854005575173,-0.37288437602943136,-0.6579450439718426,-0.9099358144091092,-0.7943317480104854,-0.47009486225570124,-0.5643401399266582,-0.6032247247792492,-0.25854815698809736,-0.24842622778431633,-0.26744890054835513,0.1640525183416013,-0.35128650778611326,-0.5215235656173289,0.09861058841423356,-0.45003726089898666,-0.2602689666311081,-0.4359640583976218,0,29,train
0.4725581937221981,-0.3885667827347508,-0.6185318039866281,-0.09454984727101103,0.3004561746159502,1.6031080250604102,-0.3430312650680424,-0.04984647034816674,1.0879221836992,-0.3044654652868282,-0.4071884901214298,-0.15947250495615034,0.19534187890477997,-0.23312088794263602,0.05271232823135159,-0.5415695212120448,-0.6328445365380114,0.06937225693580373,-0.26892265242004015,-0.4621143857791572,-0.7406924163882478,-0.40110389350609593,-0.739791969747505,-0.340431359838087,-0.779641163866966,-0.03727770845215901,-0.4063750056349819,-0.973081106532465,-0.5616916904355901,0.05017583271303654,0.13266721563805367,-0.07608095493886792,-0.5101862243388999,-0.5490015899527727,0.13346553390435487,0.22752948642792112,-0.8013855967616414,-0.26974321537844675,-0.4172908057964657,-1.093086171809609,-0.7613103265461627,-0.5080052704244193,-0.7786784045557814,-0.766446047953759,-0.2089998939836296,-0.5080074178372989,0.06389945836593003,-0.47091081531054385,-0.4241310625947669,0.11580243889006524,0.0069608376047390385,-0.817277792055851,-0.3684492489940666,-0.3756450733421015,0.3011316994089874,-0.7619840750541342,-0.18341329653602434,0.8997855729564472,-0.3224852358651096,-0.058297755799560425,0.16211349708188472,-0.6187202526674274,-0.24343821960061962,-0.6146505145779987,-0.5731001694382695,-0.6471978271218587,-0.4002992083796913,-0.928138793543614,-0.6596975172801787,-0.496884106253788,0.08079688825073073,0.10272812458057416,-0.5282791555387003,-0.1769653209931765,0.023577329701626123,-0.432343809322741,-0.3602103181594403,-0.6323049696062899,0,29,train
1.314044820177916,0.9697010533988316,0.5671302690292905,0.5850537907614661,0.2685157718236849,0.13451899718059,-0.5980135851964014,1.134119714475202,0.030922019689910228,0.8561360531361618,-0.5041426055695511,0.7689279795183532,-0.5620982667399737,-0.6173726402470334,0.017142834539422367,0.4392364116587442,-0.23521935500137192,-0.2151890449519936,-0.14578025711998555,-0.08991339713295665,0.14136261180072981,-0.2221562251813665,-0.35999824770193606,0.15412357844499014,-0.37843910258602265,-0.1416641572093937,-0.22802188155912248,0.36443212647373446,0.4108760884604102,-0.011974902876286834,-0.4730545618486008,0.03442519239454242,-0.10063016169560268,0.0461135115269473,-0.2871659374497821,-0.09410575434274979,-0.3389119704366413,0.18532391493092748,-0.08743998184275013,0.4926253992308554,0.4155222672421384,-0.5872470264667778,-0.18133774808592748,-0.3101266057615408,-0.042114616008704114,-0.37714474404775356,-0.4563370410191738,-0.46711041446733653,-0.01566084562019861,-0.10713313723711423,0.08933657910805894,0.21910759822802814,0.28744961818955267,-0.1424122618689542,-0.4201454654678646,-0.547327497862097,-0.6076896775852955,-0.4258349210491986,-0.12881152294787981,-0.24836404316637825,-0.3498122807836769,0.1569343236214222,-0.305898152040119,-0.2522549193307267,-0.3057786786635086,-0.2846901959114426,-0.20730987714796545,-0.5004038169424249,-0.4986299711022975,-0.19376549452103256,-0.5225992804605567,-0.25439628614540755,0.08314999124296409,-0.5093626863953,-0.6767330849493768,0.09845973796462808,-0.06038626357444365,-0.1725799092152623,0,29,train
0.9068738718928913,0.8808424099134571,0.4506201231259922,-0.2193295316310724,0.6764818256703463,0.11075542067768027,-0.3126762269575235,0.8756118138587459,-0.15368082585537413,0.0881472595922361,-0.38400381034035735,0.11707232020646774,-0.04948725908140303,0.04820628785165496,-0.13106338917694943,-0.45693144578664685,-0.23166913016622334,-0.042220410471175626,-0.3368632843097254,-0.4031069119693937,-0.2595714919215328,0.25503755701791203,-0.6328078226924152,0.07928960752057715,-0.47102419365085574,0.11930196468369304,-0.17847934709360597,-0.34678522758511765,-1.0755010830598921,0.21591112761789888,0.22150640966942964,0.21525343348557752,0.18481800317699842,-0.24920676439531977,0.008936479885038017,-0.052870467064458644,-0.42010963002041996,0.2592723236062008,-0.3387548953312954,-0.5625285408975739,-0.6335095018813698,-0.7655409775620845,-0.35475922899653023,-0.41087245663514743,-0.25239006625711025,-0.07906865374934487,0.06389945836593003,-0.5051144228994099,-0.24963893107165033,0.20380332420342553,-0.07816076194869152,-0.20287342387452856,-0.19978954028970736,-0.5021442253275373,0.11060565585661136,-0.43999920926607833,-0.258285599074131,-0.19805224461442564,-0.26438312198994063,-0.2525877384411964,-0.07029452477119234,-0.012607660266850926,-1.049739165637793,-0.15382648605368984,-0.5638821869977605,-0.11312169869735259,-0.04809367888179167,-0.3605673822843438,-0.38618658980830506,-0.5416065243782929,-0.288136769189885,-0.016313345661419735,0.2708694661320716,-0.517469939209986,-0.5204137959647779,-0.8628844643447182,0.27390032602032277,-0.2683559634633931,0,29,train
-0.05676403904833428,0.1770255353229507,0.5123019650747972,0.1661505646955458,0.4398324777094716,-0.21084498132836452,-0.2838389407525305,0.06562039192718361,-0.3025540883918938,0.18965201285365274,-0.34184984710204375,0.09139315786993893,0.14561096025133655,-0.09588811926249409,-0.14291988707425918,-0.49178241802063427,-0.23521935500137192,0.06937225693580373,-0.5152074430201493,-0.30324811013748626,-0.8208792371327004,-0.18419762887006025,-0.8093316653333135,-0.4835919998673988,-1.0018453824225655,-0.4826598898163604,-0.17847934709360597,-0.6493179826698532,-0.8614138361330995,0.22626958354945276,0.181124957836986,0.22027644018255071,0.011066946298023846,-0.7861527206176235,-0.43106617764988153,-0.056993995792287755,-0.48718595750267185,0.3218440540237397,-0.7052558108354238,-0.902323877549102,-0.5962342613541385,-0.8992614408835645,-0.7160539808936194,-0.4879134014208466,0.09473131193073477,0.12086043120690487,-0.39853298553194005,-0.7635416802375082,-0.6144861151654395,0.22727022695365495,-0.40217201186174983,-0.422303555367858,-0.649548763501332,-0.9251257647788383,-0.2636419296926986,-0.9992360814242806,-0.09356653349029634,-0.26153266263723124,-0.25276269921490685,-0.3835222919605598,0.005081049883859667,-0.1991038425439514,-0.6579450439718426,-0.5564882585506588,-0.6284080640813235,-0.4009140166048585,-0.757329471158384,-0.9363644661705599,-0.48039590927083925,0.024877438532102503,-0.5708709739574597,0.3335964305044411,0.0134256148555813,-0.6958295011330766,-0.2577973904706518,-0.47952634685939605,-0.3498715576565094,0.06686022640506452,0,29,train
-0.23999096577659548,-0.3942086013687428,-0.18333214134783715,0.4023406815199477,-0.5343498074546202,-0.1538123977213812,-0.07438917778995002,-0.07052710239748322,-0.4678034098074306,0.07857133947323454,-0.35449603607353786,-0.019224772195108306,0.18386551306167764,0.09623775688970465,0.3431965267154403,-0.5664630728077502,-0.6718970097246457,0.03589445671370992,-0.3793261792407787,-0.5982854791863037,-0.6337766553956444,-0.3143413876516817,-0.6221094079869062,-0.43153358531128544,-0.6315050181632331,-0.15210280208511717,-0.5351855952453248,-0.8722368548375532,-0.9225816209693259,0.25734495134411445,-0.20653697975447283,0.3659436343947734,-0.17923183028371023,-0.8443218658750398,0.03937691531198214,0.008982463852978066,-0.254183977827481,0.16257055841545878,-0.6319556277345981,-1.0096276680706373,-0.40985805871798225,-0.6565835630038416,-0.8991099885214778,-0.25975368032473745,0.011288672943272036,-0.12268954501252664,0.00609540287869627,-0.5887232414499711,-0.6581091480462186,-0.042599154673983335,-0.40217201186174983,-0.5539616342638557,-0.3834412231011207,-0.7788611202956781,-0.005070870585902637,-0.7563352177596069,0.2308801108414992,-0.26526680487386683,-0.279877019023319,0.013505063872348537,0.21550452912921322,-0.2626820865020538,-0.9191411250824763,-0.3148911950524774,-0.531619248455979,-0.4839310313858698,-0.6704842721041074,-0.627901742660087,-0.383147579503062,-0.44719253055989366,-0.41571195914598574,0.19291105658208468,0.10460364551600494,-0.513416312802643,0.22991879116129663,-0.45003726089898666,-0.17755888260766073,-0.3401880041494911,0,29,train
0.7711502224645497,0.8864842285474491,0.889246554761939,0.5917384167093266,0.10881375786235839,0.5258258902618366,-0.09411995256178732,0.6636353353532519,0.4626544810458172,0.6761087548989324,-0.5041426055695511,0.5555934001071907,0.03467275710134737,0.06879120315367626,-0.46897357925027716,0.16540734410598584,-0.34172610005582893,-0.2542464785444364,-0.09907107269582692,-0.35317751105344,0.05226614430689369,0.054399262229579026,-0.29045855211612764,-0.08013928705752009,-0.18709658105203428,-0.29476428205333793,-0.24783889534532907,-0.1344815398063558,-0.011181626909552189,0.039817376781482644,-0.3357576256182925,-0.06603494154492152,-0.2785181485002671,0.0953335575139918,-0.11005794951119809,-0.06111752452011687,0.1447436540406489,0.2308306279618649,-0.1659758923079205,-0.09158412694194724,0.03744482760879283,-0.5377209289403038,-0.14279964121690467,0.12248793034277017,0.024639495181266072,-0.10814924792479937,-0.42422367685959944,-0.060467524244152304,0.07555095040324868,0.15100279301540936,-0.03697289119703158,-0.14885985304540128,-0.03862581863887518,-0.03567860238124273,-0.3384914468025606,-0.6151137853964245,-0.26327708591000476,-0.18311567566788314,-0.020354243714231158,-0.02450819360101503,0.08673792242683268,0.24594386516276562,0.006401510157377802,0.19067303041593905,0.1827743906834682,-0.2985263650416112,0.17866878531548616,-0.03976614983345204,-0.13698774477837575,-0.26830285806187404,-0.6432785142028141,0.18208910474190343,-0.10993289721440364,-0.15264356254911868,-0.12648918772358878,-0.13745294971864708,-0.24303769912622322,-0.3066663851626453,0,29,train
0.16887652812628368,0.013412794937181699,0.19361244833930463,0.5427178264250168,-0.2018792511169496,-0.03974723050741459,1.154989865686066,0.22417190430527664,-0.22960618974899916,0.4960814566617029,0.7246454228272902,0.3896665050096198,0.126483683846166,0.18543905653179693,0.2720575393315819,-0.43701660451008256,-0.5263377914835544,0.9676932295619876,-0.3071392578579881,-0.4621143857791572,-0.49567713078019854,-0.05405387008843882,-0.4776808094625349,-0.4575627925893421,-0.569781624120011,-0.548771307362609,-0.31224419015050053,-0.3096320822238343,-0.5433413549847221,0.9254653589293407,0.269964151868362,-0.030873894666109142,-0.08821937191853306,-0.902491011132456,-0.26779475126899943,0.3965941642689148,-0.1412133210152672,0.7086511147867078,-0.40681935106777634,-0.2644624561155317,-0.3938829556348831,-0.8101144653359111,-0.5667188167761559,-0.3219790588054945,-0.3191441774470804,-0.12268954501252664,0.577713284919119,-0.22008435965886014,-0.8167383585217791,0.7787424415840463,-0.09189005219924484,-0.5607133306174966,-0.4284171454222832,-0.6721274608079667,0.41680822585150135,-0.3722129217317508,0.26582051869261564,-0.22045709803423938,-0.2295218536648393,-0.1427716612959239,0.26889556117654173,-0.4449397191819474,-0.5500597061217982,-0.1627745254425114,-0.725196879706668,-0.434120822517263,-0.5450412068034857,-0.5374193437636816,-0.2524701363776113,-0.4571308456986725,-0.336408462686788,0.36966960330504534,-0.14211337862396492,-0.29857411321346555,0.19865493336437684,-0.4382416265148229,-0.46015166968777255,-0.8717451052266167,0,29,train
0.73552276448961,0.8300660422075288,0.5071618115790635,0.6741821367329386,-0.2541453647770201,-0.2409455115653835,-0.04555189158495705,0.6153805272381802,0.48647420305166034,0.6033317619945204,-0.5378657761602019,0.45287675076107536,-0.04566180380036892,-0.3154605491507212,-0.09549389548502021,-0.3623359497229667,-0.5014862176375144,0.27581869163871553,-0.5406851799787813,-0.5075047502482061,-0.2239329049239983,0.18454302101120046,-0.39209349181846304,-0.16473421071120434,-0.5389199270984,-0.4583030517730056,-0.6986759589815293,-0.3096320822238343,-0.1824514244509862,0.23662803948100666,0.1730486674704973,0.054517219182435205,0.035888525852163074,0.17587545094733736,-0.45320467614220455,0.04197069367561098,-0.5224892877564887,-0.0763396849969627,-0.2549832575017803,-0.31215302968065844,-0.2714071653311233,-0.3198060998238179,-0.5426324999830165,-0.38716755054723995,0.11809525084722433,-0.12995969355639025,-0.2829248745574725,-0.19728195459961617,-0.1782557863576481,0.1979365985158682,-0.025989458996588923,-0.26701453923411717,-0.3796932295743572,-0.2530990198562105,0.13782366207837937,-0.41175492279344184,-0.2532941122382572,-0.45197391670564796,-0.28375049328166363,-0.4173118541591052,0.1683947949698057,-0.4873252151540157,0.029114212862650295,-0.45358580557921113,0.021459697974560772,-0.5697152799929148,0.00015365392613978155,-0.21661811131278982,-0.07012951806302888,-0.2732720156312635,-0.4846715212844186,0.03779641353948658,-0.5068255012656595,-0.27019872836206477,-0.20777521799558019,-0.013598788684927622,-0.3946728531692101,-0.1821575146400754,0,29,train
0.3521034548545449,-0.01761720754977449,-0.01884722948435709,-0.061126717531708875,-0.17719803077747184,-0.39144816275047833,-0.10777971971152081,0.27415009842445814,0.21999106311129019,0.0881472595922361,-0.38400381034035735,0.12497360092539969,-0.026534527395198373,-0.2537058032446573,0.07049707507731622,-0.4818249973823521,-0.5227875666484059,-0.18729087810024878,-0.5534240484580972,-0.7117613903589258,-0.45112889703328046,0.10862582838858796,-0.5258236756373253,-0.5584259707918118,-1.0697411158701096,-0.37131434447531003,-0.00012622301774652564,-0.7660850109481723,-0.5249910195338542,-0.058587954568279366,0.6495497990933322,0.2654835004553095,0.0027930864466441034,-0.7011362775490921,-0.17093882036508634,-0.2631704321837434,-0.49424662355343524,-0.01945629370829092,-0.7419059023858366,-1.2957711094613977,-0.35128268074661884,-0.6219152947353097,-0.7016021908177358,-0.4464298157670086,-0.0754916716036892,0.044523871496336805,-0.21227547340640904,-0.345497587484702,-0.6581091480462186,-0.22446765098826132,-0.49003946946529103,-0.5742167233247785,-0.5146209965378447,-0.7828142187952231,-0.1343564001393006,-0.6941977875198067,0.1859567293186352,-0.4743787701254617,-0.4580568349071704,-0.3201668628382872,0.030206241435543672,-0.46613246716798157,-0.8282903142613863,-0.552014238856248,-0.3149966611040176,-0.4313535886912293,-0.7139068716312457,-0.22484378393973575,-0.3132503424824721,-0.4670691608374514,-0.4432957840013589,-0.045171883901903104,-0.056298761531801494,-0.7120440067624485,-0.2640501620300358,-0.5561979703564605,-0.31540902264673965,-0.7089258130047945,0,29,train
-0.8219061127006102,-1.277153217588496,-1.307312372414951,-0.8454561620806661,-0.8072950676794329,-0.6259154509125209,1.5010373001459816,-0.7099033099221844,-0.2951104252650678,-1.2543967410917838,-0.5947736265319253,-1.2814543670444865,-0.8375310469744295,0.41873476328803827,0.6988914636347326,0.09072668931886992,0.10915245400803912,-0.834528349060729,0.15995258638359824,0.27774855506633905,0.10126920142850357,0.22792427393840758,-0.6328078226924152,0.15086992753523307,-0.04513277475262356,0.42202266607967365,0.18813540795121622,0.09374492455581315,0.22125595546810825,-1.2601688426285313,0.3264981844337831,0.2855755272432023,-0.7087588607720138,0.37275563489551544,-0.004900081672663856,-1.2693114417740474,0.12003132286297713,-1.1002407281930549,0.16387493164579509,0.2839791398834259,-0.18088158119356168,-0.39409524611352903,0.2233123740388123,0.03655764577410567,-0.7230065501464,-0.24628207025820828,0.7575481242127351,-0.3036931782094214,0.32142622664036746,-1.4740802224379779,0.35843066801890394,0.13133554563069635,0.23872570234162668,0.41497462656687234,0.3623722134079653,-0.3270220633755324,0.7999096101311097,0.13802055668278035,0.12683777810286345,0.22891352288807543,-1.2920069639718272,0.10607172845494027,0.06886144259687715,0.08777057744449146,-0.09837407375205617,0.11379147503741167,0.2558645178081765,-0.19194109343195198,-0.09140259019973015,0.029846596101491936,0.004941369898454597,-0.40951092918800563,0.02951585556036194,-0.2175015850666062,0.6613600287587895,-0.2200223904077934,0.10848015797342804,0.20573550506485408,0,29,train
-0.3383906116121432,-0.13609539886360722,0.2998422872511355,0.41570993341566853,0.5792087808029929,-0.4896709456291718,1.4145254415310027,-0.20667459672215008,0.1410882339669348,0.13219649213964332,-0.4029730937975985,-0.0014468905775114292,-0.36317459212619996,-0.0821648423944799,0.14756431140982956,-0.5067185489780575,-0.2565207040122633,0.6440744940817474,-0.3580947317752521,-0.35317751105344,-0.4912223074055067,0.2875734967133174,-0.43488715064049893,-0.22980722890634606,-0.9833283642095988,-0.5174553727354386,-0.4559175401004984,-0.3680155963629938,-0.6289762537554391,0.5473817174276235,-0.5376648847805106,-0.18658710227227826,-0.572240173224248,-0.5087306432361,-0.015969330918825353,0.5326706122872755,-0.5789746161625956,-0.4290167109867277,-0.4958267162616361,-0.4373407852891162,-0.4897335741334778,-0.6070574654773675,-0.4029318625828088,-0.3219790588054945,0.6054002625340067,0.05906416858406406,0.018940748542525993,-0.3835015959167753,-0.3805080297139877,0.7024750076458006,-0.21270780640411405,-0.43580694807513987,-0.2522614496643969,-0.6721274608079667,-0.10713839391753263,-0.5021366395058786,0.12106740045227608,-0.3436837918432149,-0.2295218536648393,-0.08786362272328764,-0.048309982163468844,-0.3177832312657426,-0.260472746629574,-0.3685794313854066,-0.2873427137824906,-0.44518975782139786,-0.4967938739955542,-0.5497578527041006,-0.4256937237764645,0.06463069908721797,-0.9225647408634672,0.07747690362015122,0.050969509833402794,-0.37153938854563906,0.1361272177705373,-0.6210739594693612,-0.38433409266627916,-0.1725799092152623,0,29,train
-0.22472205521590705,-0.009154479598786439,-0.11308337690614254,-0.20818848838463835,0.11607294031514596,-0.14905968242079926,-0.10777971971152081,-0.06708033038926381,-0.682180907860019,-0.5362027321666661,-0.432480868064418,-0.49132629515129206,0.2871528056495986,0.06879120315367626,0.16534905825579416,-0.3822507909995309,-0.505036442472663,0.0024166564916161177,-0.3028929683648828,-0.6482148801022575,-0.6070477151474937,0.18454302101120046,-0.5365220903428343,-0.5454113671527835,-0.9956730430182432,-0.4269871171458352,-0.31224419015050053,-0.5325509543915342,-0.48829034863211834,0.14858116406279856,0.43148995919813654,-0.13133402860557308,-0.10063016169560268,-0.38791780308608154,-0.38678918066523554,0.14505891187133885,-0.21888064757366418,-0.04789798935262681,-0.6790771740137004,-0.6877162965060316,-0.5110337115776099,-0.20589607551292752,-0.9087445152387336,-0.20641764162694567,0.0046132618242750185,0.24081788218065475,0.11528084102124891,-0.5203160262722392,-0.32498780604754157,0.4326056260181624,-0.5174980499663977,-0.5674650269711375,-0.6345567893942778,-0.7788611202956781,0.45763523518415333,-0.3778617790262781,-0.06860909931092747,-0.30634236947685867,-0.20628100811477174,-0.43420663525837794,0.08673792242683268,-0.3686458264322245,-0.7317613277639782,-0.33278727383012047,-0.2781247313419816,-0.39814678277882476,-0.5450412068034857,-0.47572679906158705,-0.4287327340817076,-0.20867296722920087,-0.7225820106620119,0.1640525183416013,0.3781377374972759,-0.6066497201715313,0.1924021618049929,-0.4972197984356417,-0.40501161367214095,-0.392864833985963,0,29,train
0.30968981440818816,0.061368253326114,0.027414151977246674,0.010175959245469055,0.017348058957235006,0.19155158078757328,-0.1442057654441435,0.3189581345313105,-0.12092870809733981,-0.059321910240388055,-0.5041426055695511,-0.10021289956416074,-0.07626544604864179,0.329533463645946,-0.08363739758771047,-0.34242110844640244,-0.6186436371974172,0.08053152367650167,-0.5024685745408333,-0.3577165475003449,-0.2283877282986901,0.26588287024971385,-0.37069666240744503,-0.265597388913674,-0.9586390065923099,-0.6392395629522124,-0.6144536503901512,-0.622780021697508,0.00716870854131574,0.10714734033658296,0.07613318307263257,0.3508746143038538,0.08553168496044153,-0.6519162315620476,-0.12389451106889997,-0.011635179786167503,-0.4765949584265268,-0.1275347371567673,-0.9146849054092114,-0.8904012341578204,-0.7400101891020305,-0.6763940020144311,-0.7449575610453865,-0.44050358924503175,0.11809525084722433,0.20083206518940477,-0.43706902252342916,-0.47091081531054385,-0.5946574638559944,0.1334026159527373,-0.5916362173193856,-0.5235790006724717,-0.7132646534563122,-0.9686098482738319,0.015342634080423362,-0.5812206416292607,-0.08857504665442256,-0.30634236947685867,-0.09395025462277846,-0.09631101327292399,0.06789402876306967,-0.5720962070981522,-0.3002199763638008,-0.15382648605368984,-0.25047078402045464,-0.586318682949117,-0.7911026041239361,-0.5291936711367358,-0.2676651879038265,-0.44719253055989366,-0.46398365264288877,0.2650574021832931,-0.3673767484908939,-0.7120440067624485,-0.18901690331742832,-0.27310274513653027,-0.31540902264673965,-0.6275161668938833,0,29,train
-0.9152161216825951,-0.27290950073791403,-0.289561980259668,-0.9457255512985726,0.11607294031514596,-0.4326383620221885,-0.32481824220173106,-0.5754792016016272,-1.115402101841291,-1.0705390748069536,0.6782760632651452,-1.0404653051170623,0.34836009014614433,-0.3497687413207567,-0.012498410203851992,-0.48680370770149317,-0.4801848686266231,0.06937225693580373,-0.12879509914756423,-0.4212630577570132,-0.5357705411524247,-0.12997106271105133,0.07328754787117779,-0.3827288216649291,-0.298198690329834,-0.3608756995995866,0.12373011314604476,0.06720696358346792,-0.26808632322170317,0.23662803948100666,-0.004629720592254685,-0.15644906209043907,0.06484703533199217,-0.27157951257124907,-0.2954678743844032,0.15330596932699708,-0.41657929699503826,-0.013767954579423742,0.16911065901013977,0.17071402766624988,-0.29803233713628846,-0.06227039268615272,-0.46073902288634305,-0.2656799068467143,0.25494117878666317,0.31351936761929106,-0.051708652608537485,-0.09467113183301827,-0.3289535363094306,0.5147397856439653,0.09482829520828027,-0.18937003116724674,-0.06486177332621995,-0.43889464933481936,-0.6583030199083346,0.4694668151528163,0.10110145310878098,0.25377896601848465,0.057115241452660746,0.013505063872348537,0.1809573907456477,-0.5381878103204977,-0.15258740877952964,-0.27015099810836973,-0.3795225381875806,-0.4396552901693304,-0.23625827683272432,-0.4099214180460195,-0.2524701363776113,-0.46210000326806194,-0.4019200467182992,0.11355007642075543,-0.3620133349226337,0.2689335838145502,-0.6954913996275286,-0.2613071107523665,-0.5049529652004732,-0.6370937723186965,0,29,train
0.38433782159377605,1.3462924472178,1.487217744765632,1.3582421920639893,1.7508408286829065,1.9041133274306,-0.5160549822980003,0.4947435069505007,0.9703123062953493,1.33301687506244,-0.5884505320461783,1.1857205374420132,0.10353095215996133,-0.5967877249450122,-0.7950272714262951,-0.1283365647233368,1.5327926129026146,-0.26540574528513433,1.6121835930256212,1.6530765984785192,-0.25511666854684095,-1.0084414344869959,0.4637796846222557,0.2387185020986744,1.0905776756426622,-0.03379816016025119,1.7437709901684348,-0.13978913200082485,0.11115394276290066,-0.3589831765833424,-1.0949289200682328,-0.9249690867273382,-0.8990576373537478,1.14685272178267,0.83636286103561,-0.6507821325996802,1.5533465311679393,0.4469875148588177,1.4204494990885213,-0.443302106984757,0.03211979324775979,0.5320427776315362,0.8206530305086662,1.3551430469139576,-0.5728097999689671,-0.32988877851264,-0.3728422942042806,-0.13267514026509156,0.7774852067576039,-0.6175382720546041,0.561624163727093,-0.12860476398447857,0.22373372823457252,0.8774871510136221,-0.4949949825777266,0.5372531026871439,-0.6526130591081595,1.0230122667654227,0.29727064547002563,-0.10898209909737851,-0.4346098022706104,0.03825493489963101,1.0682203616288668,1.9310666915417265,1.0216107927697868,1.076788846497143,1.1822133077204604,0.7416727497264125,0.4981654090174196,1.704452696985731,2.0013206938060852,0.0233671444192449,-0.5765498776530422,-0.14048268332708977,-0.2015224464361962,0.09845973796462808,0.13260393248026686,1.857872440845109,0,29,train
-1.6599996479206198,-1.6452818834564764,-1.8384615669741051,-1.469354583880973,-1.4083553747702438,-1.6936921551099307,-1.0411971416099775,-1.4216617296194933,-1.2106809898646635,-1.8461886044460807,-0.65589687322748,-1.8207167761115919,1.6451894304167072,1.1048986066887478,0.965662666324202,1.1063835944236464,1.2949275489476604,1.3805860989678111,1.506026355697988,1.1356264435313623,1.6069995020743342,1.166043868489262,0.7419384669654893,0.9642826549745047,0.812822402448163,1.361500704894786,1.1492605765822366,1.5533327780348005,1.028670715306297,1.805934113111422,0.6737786701927984,0.8732673107890663,1.3307475925930927,1.3929529517178925,0.695229933147051,1.5553057367888958,1.4968612027618324,0.5948843322093643,1.1953132224216994,1.7445029553154325,0.9906259782337064,1.101592899185988,1.3746383167508693,1.3907004060458188,1.20284955768424,0.9169416967599721,1.1429084941276269,0.958039901735412,1.4238992394455128,2.116355898347123,0.6549833374308556,1.3905269155847255,1.2169520128269102,1.4072023499526345,0.5528982569603413,1.514505414640366,1.1692796359857693,1.2395925164902888,1.2927535298645865,1.8846020706167996,1.2707625742999413,1.152993478965027,0.9887259021604131,1.65815149018267,1.0216107927697868,1.0518837420628395,1.3221305728634616,1.2187617620892772,1.0451872639611668,0.8447884374813589,1.2324215759625592,1.2426403850796672,0.5765840395229038,1.116141502949231,1.0802957232375143,0.7767087150540442,1.02862984273428,1.6088546997999693,1,29,train
-1.6311583724170973,-0.8272181815276314,-0.9320811672263869,-0.8967049610142628,-1.0061966668858122,-1.0710864507336961,-0.44927389845485866,-1.2338126551715354,-1.282140155882193,-1.2582271091393844,-0.714912421761119,-1.3920722971095338,0.6467456020668049,0.686338662214315,0.40247901620198906,0.40936414974389784,-0.06125833807909211,0.41530952589743975,0.63129072011829,0.5637078512213468,0.5912997726446023,0.9437149472373254,0.25516059786483053,0.18015278572304683,-0.13771786581745665,0.8186911713571655,0.45566509406500544,1.107495033699401,0.6127297784199573,0.6613247326747164,0.1165146349050762,0.3960816745766126,0.44130765856977044,0.40407748234181645,0.5873047529969764,0.5945235432047122,0.09178865865992368,0.6403910452403018,0.1376962948240716,1.0410669952298128,0.5965734355172617,0.6013793141685999,-0.09944427098925396,0.04248387229608253,0.28498052882214975,0.509813378303609,1.0080323646574147,0.7414170536725941,0.19055712799803004,0.5616735911444242,0.27056321041536274,0.44866527425181896,0.7522008155082315,-0.059397193378511945,0.8727098300661152,0.6728256777557989,0.49043742630693565,0.7130784611246661,0.6962384940795189,1.0736525778517103,0.46675644464605326,0.2713751627460066,-0.11284017904530279,0.4143740151364773,0.14129346970117773,0.04737786321260262,0.2703387176505559,0.39208166308120995,0.2854346876504068,0.37768762595875227,0.10148475689226058,0.5392135154678851,0.7589401008437511,1.0634443596537724,1.0740429516781305,0.26949643653500255,0.5185843245896878,0.47869725967202664,1,29,train
-2.627030650097554,-2.560666956821684,-1.8024804925039688,-1.926137356984769,-2.7513041285359443,-1.2200048634852636,-2.197724093620748,-2.634925476512727,-2.3361628546407522,-0.68175671797549,-1.0373902405342181,-1.502690227174581,4.460724517257812,0.7892632387244215,1.4162095864219721,1.9477856383584857,2.6724147849853046,3.272081811516111,0.8945606686908204,2.3520882113018713,2.8053469898664303,1.5890110845295318,2.608811833076807,3.388252582743534,1.1214393726642733,4.489614619319919,1.1393520696891333,2.025708483342546,3.1267257351888635,2.8262420223694806,1.4329499646427386,2.420353373456811,2.4684033221578074,0.27879009255661225,3.7697139112684073,3.085134894813497,0.8825832563454201,2.181930949163307,-3.9095209578143755,0.6833876934913624,0.4261723359642045,2.0178257034257583,1.0470644083641754,1.6455281464908238,4.383682955886319,4.07945631334065,2.6393912639637898,4.059166989792593,1.812540805110636,1.0838121773370286,-4.3067821591191136,4.0945813052179085,2.708653436478799,1.3202341829626474,1.0087998611749551,0.463817957858289,2.167577003160525,1.9378771147411502,2.0558279587584716,2.2605109500756173,4.1444563580238,2.615293090001382,1.4089109022079542,0.096718616833313,2.607103772537334,4.062634144787516,-3.102149845623852,2.5060795282063175,3.7772575283746597,3.2597990162046235,1.9633929346299475,4.186211285608971,1.9764349808388197,4.221219330973946,2.4496526947426003,3.0001857964689127,4.492114611216138,0.8091246468280776,1,29,train
-2.652478834365368,-2.531047408993226,-1.819614337489748,-1.8748885580511725,-2.715008216272006,-1.261195062756974,-2.2948602155744084,-2.653882722557934,-2.3287191915139265,-0.754533710879902,-1.1891445081921468,-1.4098501787271307,4.671124557714688,0.9608041995745988,1.700765535957406,1.808381749422536,2.668864560150156,3.33345777858995,0.7714182733907659,2.0706679515937685,2.747434285995437,1.4697126389797122,2.57671658896028,3.4077744882020764,0.4054480017628974,4.426982750065578,1.2037573644943047,1.6754073985075886,3.2123606339595807,2.62425213170418,1.8125356118677087,2.6865727283963907,2.4435817426036683,0.3996029327066306,3.7032984157914384,3.11812312463613,1.1650098983759545,2.4891012621221345,-3.6843846811475536,0.6893490151870032,0.6657988822106912,1.7999108743092724,1.0133435648537805,1.6603437127957659,4.540555117182749,4.221224209945991,2.7228860107786828,3.990759774614861,1.534939686778405,1.6587512947176495,-4.271086004467675,4.0068092526205765,2.6711735012111633,1.3320934784612821,0.7910558114008113,0.616337104810526,2.4021768844465923,1.8594601277718021,2.044207535983438,2.23094508315189,4.266941666838259,2.704302631542726,1.437301780589545,0.11461469561095605,2.5333599130132622,3.9574792593982355,-2.9767067803232306,2.625351781297034,3.7164773222697987,3.1107242891229405,1.9875287813783988,4.3124673904110855,2.5181397512331016,4.083396033124285,2.9186105616963967,3.070959602773895,4.4231895411965985,0.8618014766645495,1,29,train
-0.3231217010514547,-1.7679914387458031,-0.9989031626709257,0.4914690274914201,-1.5070802561281547,-1.2295102940864275,2.7304163436219975,-0.518607463466007,1.7682729934910946,0.026861370830626063,-0.7739279702947581,0.06176335517394413,-0.7610219413537473,-0.02727173492242311,0.775958699967246,-0.7307605133394053,0.3789695414793302,1.5981918004114208,-0.6680738647719411,-0.6119025885270184,-0.45112889703328046,0.813571188455704,0.38354157433093833,0.27776231301575943,-0.008098738326690332,0.1714951890623104,-0.7284014796608392,-0.6068572451141009,-0.5494581334683447,0.8322392555453556,-0.6507329499113528,0.9134513643648519,-2.946837950570234,-0.9740838052954298,-1.881137828897038,-1.656923142189984,0.5260196207818704,-1.8567898323323893,0.24241084211096545,-0.5446445758106514,-0.8518359106837243,0.06154485113003246,-0.4511044961690873,0.9640120964634846,-3.0460496195573623,3.8322712628492863,0.4492598282808218,-1.0979769544397533,-0.7017321809269977,0.808076070021833,0.5808451700778677,0.043563493033364556,0.6622489708659066,0.549379975551398,0.21267317918824136,0.01755823159063262,1.2341689648521283,-2.0464526517490587,0.1655725206863094,-0.0033897172269241596,-3.295740990218626,-0.17791109455791723,-1.1916935575457461,-0.3148911950524774,-1.2782758261372078,1.2428228760591657,-0.38582500853731183,-1.5820797673858165,-2.455752607678815,-0.8646017663886061,0.8841757871634733,-0.8027085127145915,-1.2737936415268702,-1.2471226925317205,0.25492987739883244,-0.827497561192227,0.3324866355369313,-0.526951309933346,1,29,train
-1.2256839697499267,-0.7679790858707151,-1.3158792949078404,-1.4604417492838258,-1.28785294605397,-0.22510312723011033,1.886546284149572,-0.8925822263578134,-1.0722288557057003,-1.6546702020660493,0.9733538059333403,-1.7160248065857435,-1.556716639808842,-1.1868886302696227,-0.8839510056561182,0.46910867357359054,0.5138780852149758,-1.872340155945637,-0.13304138864066956,1.0357676416994548,0.5779353025205269,0.2767281834815156,0.38354157433093833,0.2387185020986744,0.4856884140190861,0.7456206572271012,0.03455355110811503,1.0703418883381175,0.8207002468631273,-2.1613545086737203,-0.5618937558799767,-0.9852451670910166,-0.4398584156021721,0.4711957268696044,0.6398836869162434,-1.7435172454743955,-0.3600939685889314,1.4936419145703785,0.49372575559951065,1.16029342914263,0.5699482637120965,0.5964267044159525,0.7002214465429699,-0.5264338738136962,-1.6342001678894928,-1.6348804421361611,-0.6425945531447047,0.19035893140753143,0.4840211673778169,-2.582891377386318,0.602812034478753,0.2832487135876168,0.5010852492150744,0.5256613845541287,-1.0461596085685287,0.808398252824454,-0.6026981907494217,-0.2988740850035874,-0.21790143088980551,-0.2737062148152873,-0.9685201227438955,0.37310035307897044,0.6423571859050076,-0.11803432849840373,0.39478798681517513,0.1691361515580859,0.9602755768039757,0.6182876603222234,0.19730338879835865,0.9491407464385371,-0.3467523970075529,-0.9578231557571897,-0.7749961796786703,0.4635076513670127,-1.0018772060373424,0.2753942537270844,0.48412178957991814,1.115608020422096,1,29,train
-1.2290770609856352,-1.6368191555054883,-1.5968743526746187,-1.1017001567486493,-1.1223435861304134,-2.0453930873529944,-0.6511349018898094,-1.170047373019476,0.27209670499907207,-1.549335080757032,2.4613887082458104,-1.5896043150828325,0.8227165449943739,-2.8062353006952976,-2.804703665020297,0.5238744870841422,0.5848825819179472,0.5659596268968619,1.569720698094568,0.8905184753984986,0.9165018789971042,-4.283726030491135,-0.761188799158523,0.5868591494426827,0.5288947898493416,0.7804161401461794,1.0848552817770651,0.8686533849482938,0.4720438732966366,0.8529561674084634,-1.9106342470835942,-2.040076573455388,0.9873824087608334,1.3884784020827068,-0.3923238052883163,0.8625529105136046,1.613362192599428,-1.5666845367601632,0.5774973934290257,0.8204980924911017,0.6338486760444929,-1.052792343215634,0.9314500877571069,1.6870117321446618,0.6154133792125022,-0.03908283675809491,-2.395984236257462,-0.6305276507252517,1.1661267724227269,1.0134114690863405,0.627524756929749,0.8638946000007348,0.8271606860435022,1.0949075684885898,-2.6724354803191663,-1.179999514849154,-3.198271345403786,-0.8141857136593034,1.4399455516816813,1.6818646974255274,0.8907440520807207,0.8181480607856875,0.6366790102286894,1.8594823764311543,0.6575004863696814,0.5676178225069402,1.1966875075628398,-0.6443530879139789,-0.7356727749112546,0.39756425623631,1.2427655102833242,0.7267940140310271,0.6892157244563683,-0.5701670825054446,-2.9277308463276004,0.0630728348121368,0.6805582391356056,1.0820864014352503,1,29,train
-0.7557408336042937,-0.6791204423853405,-1.076005465106932,0.26419174526416545,-1.242846014846687,-1.473483012849634,1.2521259876397266,-0.6530315717865641,-0.024161087448602046,-0.3140413854058298,2.4150193486836655,-0.4557705319160983,-0.818403770569259,-0.3772152950567851,-2.010318305900544,-0.2528043227018633,0.2547116722491304,0.3483539254532521,-0.14153396762688022,0.005406368252045935,0.20818496242110693,-2.8358767140455967,-0.21556964917756477,0.050006749332763376,-0.6623667151848441,0.45333860070684406,-0.6788589451953227,-0.3998611495298081,-0.8124796082641184,-0.2761155291309112,0.8756859293550165,-2.296249915001021,-1.7223066925660322,-0.37449415418052395,-0.2096811927266516,-0.6961409486058004,0.5789746161625956,2.722323166405689,-0.260218984866125,-0.41945682020219366,-0.22348185608182597,-0.6615361727564889,-0.07054069083748683,0.20545510165044623,-1.0701279283342449,-0.07906865374934487,-1.381201928814914,-0.6039248448228004,-0.5113771283563252,-0.2127341996131466,0.333717945567908,-0.2838937801182194,0.11878990948519344,0.11058604210191743,-0.16157440636106862,-0.42305263738249643,-1.5460892027295656,-0.2839375160570449,0.312764542503404,0.4907826299268022,-0.5068447279817019,0.1569343236214222,-0.6976922737060695,-0.2969951162748343,-0.6237990728610691,-0.1407940369576897,0.024277320330105507,-0.4345984359268573,-0.4986299711022975,-0.7751569301395963,0.6772971007481748,-0.5718402067907246,0.19041826260816838,-0.2620914755473788,-1.4958461592286747,-0.626971776661443,0.20152900249980632,-0.29708877973783226,1,29,train
-1.817778390381067,-2.0063582760319667,-2.378177684026149,-1.2821850573408808,-2.354952766613743,-1.8346893756938616,-1.4798274423069757,-1.5422987499071728,-0.9590851761779454,-1.8308671322556782,3.241237028154612,-1.769358451438534,2.1195458852649365,-3.8011728736263266,-5.697689151963874,1.1960003801681853,3.1232933390491726,1.7432622680404941,1.5357503821497254,2.442868940239969,2.604879938005299,-5.015784673637755,0.31935108609788443,1.5889836296478652,1.232541481942073,2.6524131211925885,1.0749467748839618,1.61171629217396,1.254991519200335,2.204734666476247,-3.0332386080255267,-5.852538656458044,2.447718672529358,1.8851534115883377,1.1352325906819705,2.65216437839144,2.386505125158016,-4.160567179523596,1.0068270373052906,2.0246850750105523,1.3953285896722174,0.6410001921897792,2.0635069770346526,1.8855403206308867,2.554620309281136,0.9678327365670174,-4.155796592202134,0.6654090368084475,1.503213844683293,2.579827227664154,1.099812341548783,2.2176097189057367,1.7679070612611505,2.5259292253238326,-4.3395383614024565,0.7519096798791811,-5.095036343035821,0.9856708443990665,1.660733584407323,2.32386637919789,2.209816608544131,2.072758741558909,1.5281525914106349,1.8952745339864405,1.0677007049723317,2.634741490554122,2.060314764824813,1.2105360894623314,1.0299922124349514,1.5504088123346584,2.7322920524734737,1.8162038326092742,-2.802366508481031,0.8161731488058511,-5.0474204049587605,0.8474825213590267,2.1658934980566813,2.729434534503099,1,29,train
-0.5623346331689069,-0.49576133678059947,-0.6613664164510761,-0.33742459004327335,-0.46466165590785957,-0.9522685682191475,-0.5873893218577197,-0.40658737319887606,-1.2330119792451415,-0.6549441416422856,0.8342457272469055,-0.6315740279123341,0.5434583094788838,-0.4938631484349057,-0.27926961289332125,-0.631186306956584,-0.36302744906672035,0.41530952589743975,-0.05660817776477361,-0.3077871465843911,-0.30857454904314263,-0.39025858027429416,-0.29045855211612764,-0.2200462761770748,-0.6315050181632331,-0.04771635332788248,-0.05957726437636634,-0.42639911050215334,-0.2252688738363447,0.7338339241955936,-0.012706010958743411,-0.2468631826359566,0.42475993886701097,-0.4192396505323826,0.06705003842738588,0.49968238246464264,0.03177299722843512,-0.5314068153063369,-0.34399062269564007,-0.38368889002834855,-0.3033573714973215,0.08630789989326951,-0.4318354427345759,-0.16493405597310765,0.12477066196622136,0.6842969433563361,-0.33430625721279145,-0.28849157483659205,-0.44395971390421196,0.52647323701908,-0.009514310695924942,-0.22988020928909217,-0.39468520368141136,-0.49819112682799244,-0.5290174903549366,0.22091709419361527,-0.11852396766966523,0.4367519356136301,-0.05908898629767711,0.08108418826943932,0.2783175080084232,-0.44917826877915423,-0.7771867331745232,-0.04197599369342073,-0.503965301134452,-0.26808679295524035,-0.2845056096406558,-0.006863459325668268,-0.042778425315841515,-0.17885802181286425,-0.09849797330919467,0.34081106506456194,-0.49609867412913905,-0.0026593854774287864,-0.6579747702712249,-0.4087525405544135,-0.27750023413599295,-0.3258215960122715,1,29,train
-0.44357643991910795,-0.41959678522170696,-0.5277224255619984,-0.14134222890603404,-0.39787717734221395,-0.9205837995486013,-0.6450638942677056,-0.20667459672215008,-0.9680175719301366,-0.3695817220960389,0.8068456511420017,-0.3115721587955903,0.36748736655131486,0.3638416558159815,-0.012498410203851992,-0.6112714656800198,-0.49083554313206873,0.19212419108348103,-0.26892265242004015,-0.32594329237201064,-0.2105684347999229,-0.4932890559764111,-0.8681729462136129,-0.2916265961917307,-0.508058230076789,-0.3608756995995866,-0.38655799184877526,-0.3308624510017105,-0.7146111525261561,0.1434019360970216,-0.1984606893879841,-0.3824843634542329,0.648154154854264,-0.46845969651942715,0.26629652485829286,0.5244235548316173,-0.20122898244675577,-0.5143417979197353,-0.5062981709903255,-0.4373407852891162,-0.5962342613541385,-0.5872470264667778,-0.4896426030381102,-0.17678650901706136,0.31835758441713485,0.40076115014565455,0.16023955084465294,-0.14407634279471354,-0.6263833059511065,0.47367270583106386,-0.05070218144758489,-0.38516922542283305,-0.3122293460926135,-0.6246902788134282,0.13782366207837937,-0.5529763551566242,-0.28324303325349987,0.1977668324689503,0.08035608700272831,-0.011837107776560508,0.1840980396896082,-0.29659048327970844,-0.7885430845271595,-0.41331962832951424,-0.3380416172052901,-0.4009140166048585,-0.36652607541413923,0.08361893957073711,-0.09140259019973015,-0.5664523122252401,-0.20883327273068722,0.15323056650142006,-0.5550962233800014,-0.108053672068346,-0.08897255836728506,-0.5738914219327061,-0.29128524813990087,-0.44554166382243493,1,29,train
-0.5436726313725099,-0.5606422510715079,-0.579123960519336,-0.11683193376387914,-0.26721189319203775,-0.8255294935369625,-0.6131911042516608,-0.4789695853714837,-0.8131893788921561,-0.5936582528806756,0.7899840658466762,-0.6276233875528681,0.3139309926168373,-0.10274975769650119,-0.09549389548502021,-0.37229337036124877,-0.5121368921429602,0.11400932389859547,-0.0820859147234056,-0.4076459484162986,-0.36648725291413614,-0.15708434579055577,-0.7130459329837326,-0.2460754834551315,-0.8722262549317991,-0.3643552478914944,-0.1041655453953312,-0.3998611495298081,-0.6289762537554391,0.6250701369142777,-0.06116375315767577,0.10977029284914037,0.5033616074551185,-0.3297486578286653,-0.1211271987573596,0.15742949805482617,-0.07413699353301528,-0.5655368500795399,-0.6738414466493556,-0.5684898625932148,-0.40985805871798225,-0.41885829487676607,-0.5763533434934116,-0.034557072489616675,0.2883182343816483,0.47709770985622263,0.1345488595169935,-0.1364755411082989,-0.39637095076154377,0.36807164345503146,-0.14680721320145812,-0.2535111465268354,-0.09109772801356472,-0.5377221118234411,-0.4269499670233066,-0.6038160708073699,-0.22334519122301455,0.3321959529878327,0.20430726326975537,-0.01606080305137868,0.1244257097543587,-0.14400269778026262,-0.6125196385612977,-0.015131875526956134,-0.6191900816408146,-0.434120822517263,-0.3810002752565187,-0.1631512392376412,-0.018466342873897194,-0.4819766335456197,-0.31916857215217975,0.43820863162619333,-0.5765498776530422,-0.047249275958201456,-0.40786390789586674,-0.6505630454297705,-0.29128524813990087,-0.3737096231363369,1,29,train
-0.41473516441558533,-0.5042240647315875,-0.6082514969951606,0.18397623388984027,-0.5750012291902307,-1.2643635396240285,-0.8226408672142412,-0.19633428069749181,-0.9397316520481979,-0.2623314167632213,0.8511073125422309,-0.20490486909000902,0.5511092200409521,0.12368431062573304,-0.22591537235542739,-0.6212288863183019,-0.3381758752206804,-0.0812778440636184,-0.38357246873388406,-0.10806954292057619,-0.49567713078019854,-0.8728750190894736,-1.0446967888545111,-0.05085642886970631,-0.15006254462610105,-0.1416641572093937,-0.3518782177229137,-0.43170670269662237,-0.8308299437149863,0.09678888440502907,0.24573528076889584,-0.4176454103330453,0.8301790715846183,-0.35212140600459463,0.09195584923124926,0.3182471184401616,-0.03883366327919848,-0.43470505011559485,-0.20262598385833336,-0.5506058975062922,-0.521683780299676,-0.6516309532511941,-0.6004396602865508,0.12841415686474703,0.3083444677386393,0.6988372404440633,-0.14162607225534557,-0.2010823554428235,-0.45189117442799,0.5499401397693094,0.020690127855292357,-0.24675945017319445,-0.4733930677434457,-0.4547070433329989,0.17184616985558937,-0.6829000729307521,-0.3181834411046163,0.4292836511403589,-0.05521551203933252,0.08953157881907567,0.32542724216783075,-0.49580231434842936,-0.5216688277402076,-0.1225083481928145,-0.39334951184834405,-0.29022466356351007,-0.159062544340034,-0.2947620012687763,0.03927485292572056,-0.6459588333354711,-0.012298520636153613,0.4670671698666767,-0.7696327661104101,-0.043195649550858486,-0.8267996023745916,-0.6210739594693612,-0.24993020612817718,-0.330610398724678,1,29,train
-1.352924891088997,-1.1812423008106316,-0.9166607067391856,-0.9568665945450067,-0.18445721323025943,-0.7669126714964518,-0.6177443599682386,-1.0166660186537122,-1.4235697552918867,-1.3482407582579992,2.4129116505217496,-1.4256527401649945,0.7653347157788623,-2.2435809491067156,-1.358210921548508,0.42430028070132103,-0.44823284511028594,0.4041502591567418,0.2958338501629688,-0.039983996217002916,0.4621098947785399,-1.2904195785138424,0.44773206256399223,0.4762350185109417,0.45482671699747507,-0.14862325379320934,0.11382160625294145,0.8686533849482938,0.5699123290345989,0.44379715811208453,-1.4583619865602255,-0.14640304869649268,0.6853865241854729,0.7262450560751987,-0.05194439096885022,0.6027706006603705,-0.07413699353301528,-1.4358527367962182,0.4727828461421319,1.0589509603167355,0.5486481262679643,0.8490098018009703,0.04507362976958167,0.22323378121637683,0.12810836752571986,0.8587805084090631,-2.203304051300016,0.7908222646342895,0.4840211673778169,0.6672746535204566,0.5561324476268718,0.5668199604405348,0.33242554051071516,0.4465994145632313,-1.8695042967770104,0.977863971660273,-2.229922899244273,0.7168126033613017,0.07648261274438371,0.3556243811326206,0.6991644664991303,0.25018241475997244,-0.03334571957684906,0.20409508949917135,0.13207548726066873,-0.49776720051603834,0.2799881842121422,0.5565951156201288,0.7473642540473489,-0.4819766335456197,-0.2226251851583738,0.5933232746687914,-2.7648226135032097,1.116141502949231,-2.8902142169712968,0.16923354426961063,-0.2602689666311081,-0.18694631735248193,1,29,train
-1.0119192219002886,-1.9866119108129945,-1.7733529560281442,-1.4403878714402445,-0.76809548243438,-0.24569822686596543,-0.07742468160100191,-0.9994321586126151,-0.5437287737010557,-1.8557645245650822,0.9185536537235327,-1.9431866272550369,0.126483683846166,-0.9192847313433459,-0.984731237783251,0.5537467489989886,0.3612184173035874,0.19770382445383,-0.05660817776477361,0.9222917305268328,0.6803962401384385,-0.2926507611880781,-0.044395013889421034,0.5575762912548688,0.6585139173401079,0.22368841344092774,-0.28251866947119064,0.9270368990874533,0.37417541755867434,0.3298541428649917,-0.8607164994400596,-0.3824843634542329,0.1186271243659605,1.9970171524679843,0.011703792196578392,0.1326883256878515,-0.09884932471068705,-0.01945629370829092,0.8916410352897073,0.7251169453608484,0.6924240540158564,0.2200283632147495,1.287927576295568,-0.06122509183851255,0.001275556264776509,0.15721117392622302,-0.6040585161532156,0.0573449018952749,1.9077183313959722,0.43847235170571974,0.6247788988796383,0.8368878145861711,0.32867754698395163,1.54160769893716,-0.9304830821260146,0.2774056671388882,-1.3414382424587405,-0.27646923158377373,-0.1443054199812582,-0.11742948964701486,0.1307070076422797,0.5129724897867958,0.8240588075471875,0.17725097133270676,1.376503116729383,0.45139400181352435,1.3076563730210822,0.18232701109408841,0.3583709349762398,0.34787268054241566,-0.26055294433451187,0.23980618122287017,-0.469281606287838,0.3864887496274963,-0.8142940592558238,0.4818178554499502,0.1394964394822208,0.9096895037886149,1,29,train
-1.1696979643607357,-1.090973202666759,-2.013226785829053,-2.231401941937062,-1.4286810856380487,-0.5736355826061195,2.250806741475799,-0.9339434904564463,-1.5962627398342497,-2.129635839968527,1.1398619607246792,-2.07750839947688,-2.004294907689833,-1.7907128124622473,-1.7376188542624198,0.9321287332537092,1.316228897958552,-3.635504300975911,0.56759637772171,1.7620134732042365,1.0412369334884748,-0.4227945199696995,1.9990021948627947,0.44369850941337086,1.862120101182938,0.9822299410768333,0.42098531993914384,1.2720303917279412,1.597531114283203,-3.2438131535211023,-1.942939408549549,-1.2163034751517836,-1.1017672037125514,1.0394635305382092,1.1130940921896475,-3.100158196930174,0.3000783071574428,2.113670879616901,1.9283150534299562,1.6550831298808197,1.1876522495919288,1.9088682888675155,1.7792884388756092,0.051373212079047825,-2.285052751991702,-2.8344549518736595,-0.6875532629681088,0.7224150494565575,0.817142509376494,-3.861837577273821,0.8856354136401513,0.337262284416744,0.5947850873841629,0.9921270075004233,-1.6925872563355187,2.1867194326891144,-1.0020171376193239,0.5375737760027919,-0.008733820939197374,0.09375527409389384,-1.6751661351350082,0.8351022591745147,2.3401317131241264,0.5888607832184972,1.3027592572053113,0.5067386783341986,1.9589953659281567,1.7410919739003445,0.7412862334368628,1.967818048163371,0.06355699771612251,-1.3907012293644403,-1.4776033571207583,1.0188544691729995,-1.2769991546502364,1.1836581013076939,0.632310690121928,1.857872440845109,1,29,train
-0.048281310959062934,-1.587453242458058,-1.696250653592138,-0.07449596942742974,-1.4141627207324736,-1.5431895039248358,-1.104942721642067,-0.42726800524819253,1.1162081035811386,-0.47683202742885644,2.417127046845581,-0.41033816778223964,0.29097826093063267,-0.514448063736927,-2.7632059223797127,-0.5813992037651734,0.9718570889491408,0.1084296905282465,-0.17125799407861753,0.00994540469895082,-0.39321619316228695,-3.166658767615551,-0.3225537962326546,-0.03133452341116379,-0.26116465390390076,-0.12078686745794677,-0.40142075218843026,-0.6864711280311365,-0.8552970576494769,0.397184106420092,0.059980602339655124,-2.602653323516386,1.483813999843618,-0.06575022935269931,-1.1450327540272982,1.4522175185931678,1.214434560731298,-2.4995721538943805,-0.056025617656681986,-0.7413681917667991,-0.38323288691281704,-0.6367731239932519,-0.4029318625828088,1.3018070082161657,1.2963053133501983,-1.0060125930919575,-0.8288520652702358,-0.8357492962584475,-0.2694675823810954,0.5851404938946536,0.5808451700778677,-0.44255864442878073,0.30618958582337036,1.336046576960827,-0.8284155587943846,-0.9032055074173165,-3.05850971399932,-1.7253164193983952,0.022253973127559386,-0.3750749014109235,1.3429975000110328,0.06792478208007881,-0.4592088953007083,0.020660282028329986,-0.31960565232427207,0.9218237522392553,0.029102053610898654,-1.8247371098807217,-1.6169857634317364,-0.3179944337557684,1.1738059481448913,0.452637900746435,1.9442544994292585,-0.5417916976540438,-0.232786304233116,-0.4677307124752323,0.08091012996561225,0.0908042399670972,1,29,train
-0.9796848551610574,-0.8836363678675517,-1.3278729863978858,-1.2175670065115634,-1.327052531299023,-1.4576406285143608,-0.5054307189593187,-0.6961162218893068,-0.8444527640248253,-1.334834470091397,-0.6242814007987448,-1.2676271257863556,0.5511092200409521,0.3569800173819744,0.7226044594293521,0.2550241298505249,0.6984897766427013,0.24234089141662174,0.7459405364321339,0.554629778327537,0.47992918827730713,0.9057563509260191,0.21236693904279458,0.01747024023519251,0.01659061929059849,0.710825174308023,0.9312734249339639,0.656349697169532,0.4903942087475045,0.3920048784543151,1.093745769250212,0.8983823442739323,0.5364570468606374,0.1982481991232667,0.4184987019930135,0.586276485749054,0.8013855967616414,0.3559740887969428,0.4308970272273744,0.9218405613169961,0.25577123641114735,0.24974402173063395,0.07397720992134879,0.3565738779608562,0.6921806070809678,0.41166637296145,0.34649706297018396,0.01934089346320161,0.13107117406969485,0.8022093443342757,0.30625936506680135,0.13808724198433725,0.317433566403661,0.2845223760818917,0.8522963253997893,0.3225965254951066,0.5153948604863046,0.61599076297214,0.44833614154546486,0.8371256424618925,0.39452151893496173,0.23322821637114513,0.26759759126801147,0.8438799057999108,0.10442153993914173,0.21064465894859155,0.38130758310879825,0.2892607552443857,0.03623584262047752,0.7603127588017385,0.9945110865849659,0.5139622945074622,0.3888645646337964,0.35000611196140957,0.8927125764559958,0.021788114467563652,0.4531055080711254,0.9623663336250868,1,29,train
-0.5793000893474496,-0.24752131688494988,-0.7299017963941927,-0.8075766150427903,-1.2559125432617047,-0.6354208815136847,2.0519812418519,-0.3445454770509266,-0.6122104744678547,-1.0513872345689506,-0.5715889467508528,-0.933798015411481,-0.9369928842813163,0.5902757241382157,0.4380485098939183,-0.11837914408505466,-0.03995698906820071,-0.7564134818758435,0.03256390159043832,0.23689722704419505,-0.2105684347999229,0.16827505116349778,-0.2048712344720558,-0.10942214524533386,-0.2117859386693231,0.21324976856520428,-0.03480599714360808,-0.16632709297317008,-0.1702178674837409,-0.9338774807845835,0.504176572496535,0.8079682237284147,-1.1017672037125514,-0.17313942059716006,0.2607619002352121,-0.9229350286364018,-0.10237965773606873,-1.1002407281930549,0.1586392042814504,-0.4254181418978345,0.0001695870815615723,0.03678180236679543,-0.4462872328104595,-0.24197500075880685,-1.9446067849228543,-1.0241879644516165,0.14739420518082322,-0.17067914869716486,-0.4955142073087691,-1.4799469481255352,0.2431046299142561,-0.22988020928909217,0.10754592890490283,-0.31634859584892844,0.43722173051782737,0.1644285212483423,0.036212124242421866,-0.0001427060727376654,-0.11331762591450144,0.005057673322712189,-0.17707658886584934,-0.22877368972439918,-0.07877112498739404,-0.001709816443723839,-0.34265060842554457,-0.348336573910218,-0.07704207856655054,0.08773177588421008,-0.3132503424824721,0.2783044745709636,0.09114082257149565,-0.25439628614540755,0.6409450023420264,-0.19317982662254837,0.2736881920769843,-0.11975949814240144,-0.005246207558812076,0.6415165518938488,1,29,train
-2.6745339273974733,-2.3632033046319627,-2.1640046217039095,-2.2135762727427677,-2.84131799095051,-1.2089151944505725,-1.0715521797204963,-2.5746069663688873,-2.5445854221918798,-0.7449577907609004,-1.1975753008398096,-1.8878776622225133,2.249611364820096,1.811647365391479,2.335088173463477,2.4157844083577453,3.457014473553138,1.92739016926201,1.0389345114564017,3.2462783913421336,3.727495428427634,1.3341462235821897,3.694700925685969,2.851400182633615,1.1214393726642733,4.66359203391531,1.2186201248339597,3.092534514430824,3.842388817772713,1.6816326419327752,1.9902139999304607,2.9327000565480774,1.3141998728903332,0.3817047341658871,4.262295502722594,1.8604468626482502,1.2426772249343514,1.4310701841528395,-3.1241618531626716,0.6655037284044398,0.4474724734083366,2.9538689466761183,1.7022122251375635,1.3877372927848304,2.194148108855297,2.2401087317431525,2.7485767021063423,4.351797854719557,2.141696416847424,1.1600796112752743,-3.5763839177896766,3.824513451072272,2.6224495853632375,1.6167165704285127,0.40319922274061737,0.8535891111806724,2.4171513449542137,2.0611038085501256,1.8311664517744852,2.1633659587547993,1.983689884578975,3.0815335456941337,2.1584300914819465,0.26673136522092206,2.8698162720918403,3.8633933093130897,-2.600377584421365,3.579529806022763,3.8623498169214647,4.0896483302926585,2.0495923873029884,2.0759306767736248,2.502049510528321,4.634689224522929,3.024907678205924,3.354054827993825,4.530023399726884,0.9479999254878672,1,29,train
-0.4639349873333592,-0.7750313591632051,-0.8926733237590948,-0.39981443222330404,-1.1963872471488466,-0.08727438351323402,2.109655814261886,-0.46345911133449635,0.4492558874175304,-0.9479672972837336,-0.47885022762656293,-0.8903409714573552,-0.6233055512365193,0.6451688316102725,0.3728377714587147,-0.4619101561057879,0.08785110499714771,-0.2151890449519936,-0.536438890485676,0.26867048217252926,-0.17047502442769663,0.40687194226313705,-0.6756014815144511,0.05651405115227755,0.10300337095110937,0.05667009542935222,-0.17847934709360597,-0.20878783052892244,-0.5800420258864579,-0.892443657058368,-0.004629720592254685,0.4111506946675322,-0.10063016169560268,-0.13734302351567315,-0.5140855469960928,-1.2651879130462182,-0.3600939685889314,-0.849953806522899,0.06963183908759062,-0.35388228155014434,-0.2607570966090572,-0.7704935873147319,-0.14279964121690467,-0.17678650901706136,-1.7877346236264244,0.7315529088914496,0.08959014969358947,-0.4367072077216779,-0.22584454950031627,-1.3508789829992733,0.30351350701669066,-0.08809458586263313,0.09630194832461221,-0.1938025423630375,0.35556771185252334,-0.8806100782392074,0.3357013343948485,-0.28020337382040933,-0.25663617347325146,-0.23146926206710555,-1.0187705058472636,-0.12704849939143528,-0.47624342232966266,-0.4491117858848004,-0.596145125539542,0.019705524952265522,0.18831825187707243,-0.6772557784217627,-0.49255195049181144,-0.3577476943108839,-0.3950240905044559,-0.3157206799064347,-0.01875486655397999,-0.8052774141313368,0.2736881920769843,-0.21412457321571152,-0.0672787705763976,0.20573550506485408,1,29,train
-0.7353822861900424,-0.8554272746975916,-1.3570005228737103,-0.7451867728627597,-1.8787503977108784,-1.0647494969995868,2.4010641801228676,-0.6375210977495768,0.07260653320013574,-1.4420847754242145,-0.7928972537519992,-1.3999735778284657,-1.3348402335088636,0.9539425611405917,1.0960841431946091,-0.18808108855302952,1.0073593373006264,-0.8903246827642187,0.7332016679528179,1.1764777715535064,0.36855860391001194,0.7756125921443977,-0.6435062373979241,0.1606308802645043,0.10917571035543157,0.6064387255507883,0.31694599756155917,0.12028288552815838,-0.1579843105164956,-2.0836660891870658,0.5930157665279111,1.3604989603954665,-2.239422933277266,0.36828108526032954,-0.42829886533834116,-2.118758359706845,0.3953972988427482,-1.4813594498271556,0.40995411776999563,0.3137857483616301,0.010819655803627646,-0.8348775140991482,0.34374395800450863,0.14322972316968918,-3.336430003233733,0.05906416858406406,0.5520225935914596,-0.4899128195265805,0.008133535951135461,-2.5124906691356297,0.5835910281279784,0.21910759822802814,0.33242554051071516,0.42288082356596207,0.9203413409542092,-0.8410680771775163,0.7450032549364982,-0.4743787701254617,0.09972345829445128,0.16978178904062097,-1.3799451344027212,0.11878737724656076,0.15971225341796713,0.8617759845775539,-0.20898986303816414,0.5925229269412436,0.6273689804292487,-0.4387112722403303,-0.24335310546188216,0.5913614014424979,0.9738232179434361,-0.9542158384771292,0.0134256148555813,-0.4445046638778125,0.21741324804252873,-0.048985691837418896,0.3290403820359543,1.4412466048657404,1,29,train
-0.3655353414978115,-0.7115608995307948,-0.6973474909212123,-0.39535801492473044,-1.1339582780548736,-0.12371186748436223,1.8182474484009044,-0.43588493526874106,0.4224587001609569,-0.9058332487601267,-0.5884505320461783,-0.8429332871437636,-0.45498551887101857,0.686338662214315,0.4084072651506439,-0.16318753695732421,0.04169818214021634,-0.2933039121368792,-0.3708336002545681,0.14611649810609736,-0.38430654641290335,0.06524457546138081,-0.5365220903428343,-0.23306087981610316,-0.9216049701663768,0.02535416080218181,-0.3419697108298104,-0.38924596514087,-0.6045091398209486,-0.7059914502903979,0.10843834453858749,0.49654180851607654,-0.24542270909474817,-0.016530183365654802,-0.48917973619222943,-0.7951056380736992,-0.13062232193912218,-0.9864739456157112,-0.34922635005998476,-0.2227332042460458,-0.20750675299872687,-0.8398301238517956,-0.4125663893000645,-0.1590078294511308,-1.490678828831057,0.6806618690844042,0.3721877542978434,-0.7103360684326057,-0.15049567452442503,-0.9167412821200291,0.07286143080739496,-0.3885450735996535,0.036334051896395596,-0.13450606486986447,0.4644397367395953,-1.3777095201576095,0.17098226881101386,-0.5378591881482673,-0.10557067739781226,-0.3539564250368326,-0.8962851970328041,-0.07618590422495335,-0.3286108547453915,-0.31936521474688817,-0.46248438015216153,-0.10758723104528516,-0.14941307777844773,-0.5291936711367358,-0.5563711669019152,0.25345868672401645,-0.49156747749826185,-0.4022962946278848,-0.44782795201479714,-0.5215235656173289,0.011071786582858213,-0.5444023359722967,0.005092552944118844,0.30630036202539135,1,29,train
-2.2487009773160516,-2.418211036313385,-1.7099577295807613,-1.9328219829326296,-2.5494988563484497,-1.9455860660407736,-2.0125583611465827,-2.3919280499332585,-2.528209363312863,-0.6338771173804821,-1.096405789067857,-0.32935004041318716,3.569393436776864,0.5285209782321518,1.285788109551565,-0.4071443425952362,2.3564447746570822,2.9094056424434283,-0.15002654661309087,-0.2578577456684374,2.186126540784269,1.730000156542955,2.8655737860090227,2.646420175318918,-0.020443417135334742,3.3970364556608628,1.9270783676908458,-0.4635522558634366,2.808653254040486,0.24698649541256057,1.6994675467368665,2.5157905006993015,3.3950756255123387,0.06401171006769076,3.7199022896606806,2.7717467114984844,1.4898005367110692,1.635850392792058,-3.9409353220004433,0.14686874088368648,0.49007274829660097,-0.3346639290817601,0.05470815648683738,2.6915071276197398,3.7328303717841096,4.170333170138945,2.491669788829748,3.9831589729284462,-0.3091248849999855,1.2774141250264215,-5.808766512529646,3.156095512061823,1.0145603623816792,0.6837853245359234,0.13101916052293736,0.4751156724473436,2.4720577001488255,3.4875461429449333,3.0822986372197896,3.0925789192147977,3.557155005503186,2.1278598863225975,1.2783128616526374,0.3427897000259051,2.542577895453771,3.5202563148849095,-3.0008304467271962,2.6993828349395472,3.8988179405843812,3.1107242891229405,3.2219049436563467,3.518857588797793,2.174881282864448,3.483459324837525,2.0182114571451075,2.8468425494747835,3.6443362499758027,0.6558829600310685,1,29,train
-1.0339743149323941,-0.6861727156778307,-1.2027959180016978,-1.5696239730988795,-0.21784945251308227,-0.6639371733171764,-0.3475845207846202,-0.8460508042468512,-0.10604138184368785,-1.8768315488268856,-0.544188870645949,-1.7792350523371991,0.3292328137409738,0.8578796230644925,0.4084072651506439,0.6334061141052456,-0.6044427378568229,0.7668264282294247,0.5760889567079207,-0.049062069110812685,0.23491390266925777,0.6942727429058844,-0.22626806388307377,0.02723119296446377,0.7510990084049409,-0.23561196109090493,0.5696129233356934,0.8633457927538247,0.9185687026010896,0.8218807996138018,0.44764253993111397,0.3157135674250415,0.2758304615421756,0.26536644365105466,-0.2843986251382417,0.5244235548316173,0.20122898244675577,0.34459741053920845,0.9073482173827414,1.154332107446989,0.6711239165717242,-0.11179649021262679,0.13178437022488304,-0.13826603662421175,0.15147230644220944,-0.17721565909150386,0.9309602906744363,-0.379701195073568,0.1508998253791399,0.7259419103960301,0.4765025641736625,0.023308403972441837,0.3436695210910058,-0.08311578437578117,0.6685747834028554,-0.13496091536160437,0.36565025541009116,-0.2690009471105025,0.169445994944654,0.03884723552125758,0.34427113583159374,0.12302592684376758,0.7956679291655969,0.4949063696358711,-0.052284161549511196,-0.31512976799781345,0.7286883793259047,-0.45516261749422215,-0.4256937237764645,-0.22358043993736917,-0.5950068207059112,0.452637900746435,0.1636011947668673,-0.33100312447220936,0.9177236626935316,0.3343724256479032,-0.18445138960961469,-0.009760616993440073,1,29,train
-1.4360556263638562,-1.3476759505133966,-1.6242885046518656,-1.518375174165283,-0.8247171055661231,-1.5669530804277454,1.3856881553260099,-1.1907280050687925,-1.2568317012509846,-1.9859970381835037,-0.8245127261807345,-1.9392359868955709,-1.3042365912605909,1.2284080985008756,0.8530259362997593,1.2657023246361603,0.3470175179629931,-1.0688729506153856,1.3446673549599855,0.6544885801594446,1.0768755204860092,1.2419610611118745,0.9398591390174054,0.6942296294646665,1.294264875985295,0.4846545353340145,1.2681626592994761,1.3091835370892246,0.9919700444045613,-2.0111568976661887,0.4961002821300463,0.49151880181910335,-1.825729940708279,1.2855637604734318,0.38805826656606934,-1.4713643494376738,1.1756008974520995,-1.0831757108064533,1.221491859243423,1.690851060054665,1.34740328042292,1.2254081430021733,1.196399572481639,0.925491624070635,-0.6963049056704119,-1.0387282615393438,0.898846926514862,0.8174250705367407,1.158195311898949,-2.0490193398185985,0.7895303818862781,0.9010289299457599,0.8196646989899752,0.8853933480127117,1.1312808891729111,1.5371008438184752,0.8448329916539737,1.2209218053071107,0.8046957733131676,1.3186269037911644,-1.2543191766443011,0.9453045487018923,0.9149096183682776,1.6984176674323668,0.8510781176203703,0.3185667781639063,1.0519455091390455,1.0295712916695205,0.8506906044256122,0.31805773512607904,0.5359299983643875,-1.011932914958096,0.807210822958093,1.241803921576863,1.1178123525938182,0.8592781557431904,0.31180911453106946,0.6846157763055076,1,29,train
-0.8778921180898013,-1.1346972970801972,-0.9800559331865686,-0.5869839587633962,-0.9190864774523615,-1.4227873829767599,-0.6890786995279581,-0.7202436259468427,-0.32935127564846733,-0.9115788008315276,-0.584235135722347,-0.9555265373885438,0.6237928703806002,0.3638416558159815,0.5684699867643255,0.07579055836144673,-0.02575608972760644,0.4208891592677887,0.44020769292855005,0.23235819059729018,0.08344990792973635,0.8352618149193075,-0.381395077112954,0.01747024023519251,-0.1994412598606787,0.2758816378195451,0.13363862003914806,-0.001791734944629669,-0.06623263326215598,0.7908054318191401,-0.24691843158691648,0.5166338353039693,0.9460131095039347,0.16692635167696565,-0.09345407564195585,0.38010004935759834,0.40245796489351154,0.4469875148588177,0.043453202265867165,-0.12139073542015145,0.026794758886726756,-0.4337161241347083,-0.15243416793416037,0.623254071449815,0.5319707402250394,0.3062492190754274,0.532754575095715,-0.2770903723069701,0.19452285825991905,0.790475892959161,0.21015433331292813,0.22585929458166906,0.0850579677443216,-0.03567860238124273,0.48485324140592134,-0.5529763551566242,0.7300287944288769,-0.15324253777479818,0.3088910682450594,0.8624678141108015,0.5672572108527892,-0.042277507447298725,-0.34564538177434584,0.4277960742197096,-0.21359885425841862,0.091653604429142,-0.20730987714796545,-0.1343613850433304,-0.12179269325216055,0.06463069908721797,0.5152421297228577,0.4021354588255891,0.3835011510655361,-0.11210729847568897,0.6613600287587895,0.11025537234879183,0.2153140165037142,0.3015115593129848,0,29,train
-2.1978046087804235,-2.109321466102321,-0.7384687188870823,-1.8370090110132968,-1.9978009899365945,-1.8188469913585885,1.0032146751334714,-2.3919280499332585,-2.6473079733420786,-1.0035076339739426,-1.1301289596585078,0.6543594090938399,-1.5834948267760807,-1.0633791384574949,0.8648824341970691,-2.1397355336563257,0.3363668434575474,-1.018656250282245,-1.5343169213654284,-1.72850555446562,0.5512063622723761,1.8601439153245765,2.999303969827885,2.096553171569971,-0.8537092367188325,2.130480877406415,1.912215607351191,-2.22567286442716,2.729135133753392,0.7597300640244784,1.5460180297735806,1.9029836836685716,-1.3830784386594628,0.8873288429418899,2.989331839414022,-0.3621351216516422,0.1941683163959924,-0.9864739456157112,-3.1869905815348076,0.9516471697952003,1.1450519747036645,-2.5138122202466193,0.09806352671448806,2.018880417375366,-1.6108362289730034,-2.0129281664170695,2.4274430605105994,4.211183023520886,-1.9469714831601477,-0.3066018106140643,-6.0531478789894955,2.61258395559373,0.9545924659534626,-2.1229146101409335,0.7502288020681593,1.5879405594692209,1.6883942669166423,3.330712169006237,2.6717103658352626,2.830709812176071,-1.342257347075195,0.4366785970370729,0.23352853721010272,0.9109902012160722,2.1093327207498485,2.261164924039571,-3.5412005741760284,0.7622369312937773,3.555409776091918,2.300751605312463,2.180615555366011,-1.2247646344816607,2.528866578369622,3.750998667722161,2.068233629620179,2.5224626039102804,2.8792679727589143,0.9671551363374933,0,29,train
