q1_z_10,q1_z_11,q1_z_9,q1_z_4,q1_z_3,q1_z_1,q1_z_7,q1_z_0,q1_z_5,q1_z_8,q1_z_2,q1_z_6,q2_z_4_6,q2_z_2_4,q2_z_0_7,q2_z_0_9,q2_z_2_3,q2_z_3_9,q2_z_1_7,q2_z_4_7,q2_z_4_11,q2_z_5_11,q2_z_6_7,q2_z_0_11,q2_z_0_1,q2_z_8_10,q2_z_7_11,q2_z_3_7,q2_z_0_6,q2_z_1_11,q2_z_3_11,q2_z_4_9,q2_z_3_5,q2_z_4_10,q2_z_4_5,q2_z_2_5,q2_z_6_10,q2_z_2_9,q2_z_2_6,q2_z_1_2,q2_z_3_10,q2_z_0_3,q2_z_7_9,q2_z_9_10,q2_z_6_8,q2_z_1_9,q2_z_5_7,q2_z_1_8,q2_z_0_8,q2_z_2_11,q2_z_10_11,q2_z_2_7,q2_z_8_11,q2_z_5_6,q2_z_7_10,q2_z_1_10,q2_z_0_2,q2_z_5_10,q2_z_0_10,q2_z_6_9,q2_z_1_5,q2_z_3_4,q2_z_2_10,q2_z_3_6,q2_z_5_9,q2_z_1_6,q2_z_8_9,q2_z_0_4,q2_z_5_8,q2_z_6_11,q2_z_1_3,q2_z_2_8,q2_z_3_8,q2_z_1_4,q2_z_9_11,q2_z_7_8,q2_z_4_8,q2_z_0_5,y,split,set
2.5003990035670025,3.067305032851861,2.7925526959252824,-1.4935539716581556,1.413109790323789,2.589763416570756,2.6727974920804827,-1.0107809179555325,2.121396317371051,0.175008225613727,-2.4024748109331275,1.3831212417446013,-6.629111877679882,2.8780619723755088,-2.545634044810075,-2.166649688638298,-2.5701510036957105,2.542862837893549,4.6560866690417075,-4.047023686227402,-4.461833913161642,4.648932084910777,2.210859473743244,-2.6424283227226844,-2.611706134031658,-0.06223634372768385,4.830576183320967,2.7568788478530184,-0.9680932979565405,5.288805820060824,3.2054679763930722,-4.093024384723395,1.6083308943604437,-3.5105028880326983,-3.5637638438286268,-3.8126326997193467,1.1449769283416138,-5.5455514105549355,-2.1095920920084343,-5.0463885048616035,1.8924002403471945,-1.0807724254350994,4.726230331427312,4.057761772586213,-0.1529313086314375,4.5542796159178,4.56635703515383,0.2637467194352472,-0.31206391964779057,-6.189418311179872,5.165047241840231,-5.982222984050053,-1.5992714710964984,1.205892823188935,4.425947245370827,3.7676001861546373,2.1837857206089293,3.2812232293827006,-2.035590126262452,2.270372899786875,3.603610195476309,-2.364449195831741,-4.293887788166161,0.7866072535283152,4.4746966676539595,1.996375858035101,-0.7548471472386638,1.052428094889712,0.006451787860190487,2.506381881431038,2.2410261432879968,-0.4591916720116367,0.04809749207366854,-3.4631604487333965,5.931544538926471,-1.5519903911039639,-1.34202252271969,-2.0000084284640383,1,4,train
0.5172459280097376,0.7084826464661962,0.703684512939428,0.3344163721729174,1.1309380580173276,0.16926461882245625,0.7542724086211794,-0.5027873096389311,-0.840983109870972,0.9269314270623348,-0.7800568018622331,0.5109334257710362,-0.20570175625581297,-0.09113428939715791,-0.38944511805862536,-0.5511094667305726,-0.5480473619678731,-0.026993285428321485,-0.2340931548685472,-0.4606049836314419,-0.3808268510049505,-1.0734883969834592,-0.2658918533159279,-0.6074028143151048,0.3629047133515975,-0.2539083583977618,-0.13671264573404346,0.4296869995853614,-0.1331391423771918,-0.3144830411394315,0.2866932770507258,-0.4893569535463556,-0.933695452095157,-0.5159478560467213,-0.7231063256296549,0.4944367345819027,-0.16648894139463347,-0.28517383362198495,-0.07532794523793798,-0.17324797915029524,-0.13212597108607144,-0.5992169888526621,-0.2611181743552651,-0.2709793347095313,0.01462766621967361,-0.24788772675427384,-1.1483772046307477,-0.17938540251719545,-0.8176371293202194,-0.41125508255702464,-0.28493819844372037,-0.5295094855394117,-0.024576382188324305,-0.8071527809592852,-0.18840358179489988,-0.466880374985889,-0.030188179147420866,-0.685548867189072,-0.3485908796876231,-0.18518113906048872,-0.5059441042580884,-0.1315870058705045,-0.2890519770086654,-0.05814053613035373,-1.098435395159927,-0.2587830790476629,0.2258238856320829,-0.18627828681484349,-1.4628542738385804,0.027869074886417714,-0.27214892730121754,-0.677816737392802,0.6014681839536645,-0.2938001363628155,-0.41914598825486943,0.11161672367592945,-0.2983097161317121,0.46450800206789866,1,4,train
0.3247594367389709,1.8911913546446562,0.9683075606652687,1.0501296284877288,-1.0651560807920517,0.3066526245619962,1.5247644100104578,2.4030197502790758,1.635712381645445,1.6581249161903042,-1.1819672740546587,0.9940166584369239,0.5758676699502848,-0.7366117376086073,3.246221133817665,1.8940324907513901,1.119700496884829,-1.484789616133793,0.12610206613004174,0.6935350775763007,0.5767900858176291,1.7205815314504598,0.6334871201971791,3.715054467108746,0.5452363765011841,-0.2205740949768787,1.729712169939421,-1.7728338568108142,1.7281128294351065,0.18434042705730677,-1.8429499611176068,0.2731938339382057,-1.3145853932578855,-0.1451634974167683,0.7977263376517706,-1.587920432347756,0.12390707261839273,-0.9941635302806475,-0.6608981572034885,-0.03225949213045769,-0.7164967379977254,-2.212675925855674,0.560327461891277,-0.06379172615520504,0.83763792504719,-0.17379109619136895,1.6723256665032997,0.11155993007784264,3.6526944088359925,-1.8409037164430897,0.012016136443546174,-1.4905241251236627,1.9120051557235918,0.782093748631415,-0.158705426833254,-0.41767588452834364,-2.5557584055361464,0.12570510598171983,0.43209494186562225,0.49290486186304805,-0.11099108125130289,-1.0198928616290772,-0.30101563887918814,-1.1730708172183135,0.8381277604797185,-0.4175462682182895,1.0386323092727017,1.7356607628254084,2.338418605480588,0.5224845691749275,-0.8374430488700652,-1.8241211342562091,-2.136002760833218,-0.3132202363160666,1.1712313669336436,0.7929744956485614,0.86725788513405,3.2162032539541925,1,4,train
1.3617465199934533,1.4581177198655546,0.8178032022711967,1.675572744366438,0.13051100711260064,0.19396358614641848,1.4611988198958423,-0.5947696913917314,0.5107396510039066,1.5959357792283895,-0.8716687477296243,1.585917274570213,1.0011868460717428,-1.0378345467739503,-0.8472206132766255,-0.5565673728856663,0.15416226281221201,-0.23728664364744823,-0.04340156728105893,1.251528412953598,1.1057064172021935,-0.10770082467820444,1.3160927000943066,-0.5364135523939102,0.060755100132282636,1.2544670613971998,1.0445688831732123,-0.3321912840736931,-0.7941445155441762,-0.06749278018764848,-0.48726257910071097,0.6790676401799883,-0.09463355272218996,0.9703318188004634,0.020243305300917152,-0.2802398585207049,0.9170316700303137,-0.517429079079133,-0.8538316952499416,-0.0720254756488734,-0.3564578768673225,0.04616658594854283,0.4520049604082166,0.30618614626323465,1.3698840804566017,-0.3643252890674101,-0.1266668059010841,0.022038289279369377,-0.7843757339470332,-1.0448493634838036,0.9989526023924026,-0.9421190318826499,0.9534951016055727,0.06869863979292287,1.1034661590366954,-0.2324354498646432,0.30874115859305745,0.03909436151508725,-0.6581731882345997,0.6694479626952115,-0.36294387179011434,-0.19380298020378975,-0.8483531694556047,-0.06498059920451299,-0.011875115287579424,-0.4319792854156192,0.6322280974523923,-0.8306277947867199,-0.1326870437400719,1.3269141642815148,-0.5241475116150411,-1.1446107959093441,-0.32408102635889513,-0.3171042563067168,0.22998762610778892,0.5741442623142855,1.0950733708359943,0.03635048659412996,1,4,train
2.0246049300737696,1.842827801522117,2.1409184409004,1.4192700241996477,2.4406139266518636,2.2239099630845653,1.977428460826659,-0.6177652868299314,2.22965117051471,2.057643008188061,-0.39144483794088053,1.3847699899789558,1.041174119040427,-0.11982217598433344,-1.079425574619089,-1.05323683299919,-0.775615295924382,3.408986330219783,2.9525751532601454,1.6378314912917267,1.6401902889171218,2.805155810509836,1.6942930889562287,-1.0570014731493376,-1.4395740137843156,2.8711788373100315,2.2908208961703673,3.837360777405859,-0.8115393937854126,2.7607878550249256,3.458394726769359,1.8720906464058342,3.2119327480962787,1.215426564335517,1.7572541775774582,-0.5450865570173228,1.1886924573328221,-0.6844898696711168,-0.146408722412947,-0.7372019272296454,2.883891873306304,-1.304174432097055,2.6996968661817218,2.5223536020496886,1.818350748440458,2.8218298251375,3.4273210403977936,3.209008701705017,-1.4229945251122063,-0.4708237756356107,2.3963847665677744,-0.7802089567353032,1.843540151858019,1.7462366432497731,2.473293556642611,2.5809036515903068,-0.06298779247714457,2.6951571918251536,-0.9722421969054456,1.744755940491116,3.2324905445475194,1.8316726286464966,-0.5672071154983196,1.9699381653578674,3.5124292611249435,1.7004990054898426,2.606822474448896,-1.0083793831927548,3.919035732459569,1.5062802226498755,3.4056682491708035,-0.8964418027739673,4.347738797123549,1.7336582987566003,2.5722780845997146,1.0839192376952693,2.1546802810775962,-1.2690077922893113,1,4,train
0.2081831110397742,-0.5313829881298103,0.2852493187229424,-0.08791892772456149,1.294825680316535,0.3359826482592014,-0.1953589830911064,2.0748098881156753,-0.42405563492579845,-0.3036596770628303,-0.22742990259764806,0.026201444870793893,-0.1766201031876791,0.05230514353871971,-0.01791717991068328,0.6605456997002215,-0.14167605133124975,-0.11253634639881371,-0.21290520069215962,-0.503527547891234,-0.3474216090227675,-0.45889630551647886,-0.4826652469319076,-0.9781245154591213,0.6181690417610187,-0.6247520389550866,-0.6741957413868448,-0.6046204885335973,-0.15053402061842824,-0.21762411527598718,-0.7199551894468945,-0.6902439889589551,-0.5252047905583178,-0.5410857786657012,-0.3855649115846503,0.08723493564335259,-0.316370755078776,0.093768935281783,0.012676826502549374,-0.3033911979378376,-0.4506218867014279,2.2404707402726394,-0.6492738046695652,-0.5928600837135738,-0.2268543857716336,-0.17379109619136895,-0.542194958494488,-0.318143945754829,-0.20562745445359507,-0.09716560996084361,-0.6255622884614672,-0.022887637497714105,-0.2544231808798901,-0.4998984519050832,-0.6969844855130853,-0.3511051033210763,-0.7791126835094455,-0.5209884527024702,0.2840338377779378,-0.5824031159328564,-0.407205848506392,-0.4945135228146684,0.14163985033015405,-0.3762034690787594,-0.6092827968410104,-0.2876491134423223,-0.4191219287784082,-0.6028835721414877,-0.5278413254848171,-0.6352418075663097,-0.22106813318355056,-0.045576683452675355,-0.622803258258716,-0.30933621632541636,-1.0520512622584612,0.16632428200949845,-0.801622998496473,-0.6319929521941919,1,4,train
-0.20932279960386058,-0.35771386555341933,-0.4556952149094114,-0.4022524524574179,0.08063216554327662,-0.4528406206498428,-0.2974491732751858,-0.429619505971931,0.3863928602307847,-0.36207977542099284,-0.2939224439530126,-0.2293545314541638,-0.5764928328745198,-0.026586544576012987,0.13467465182865007,0.06017602263991808,-0.06690373017411107,-0.583023181736521,-0.10272783897494417,-0.6752178049304024,-0.6035284642195039,-0.6086708488151548,-0.5564604447586241,-0.2287934174020668,-0.03301546948750475,-0.7289216121453463,-0.6387572955196271,-0.7385263686918554,-0.48103670720192043,-0.11107929682619844,-0.3607992039125677,-0.30076912438350717,-0.10015369679701211,-0.5630814609573086,-0.8292991300483081,-0.07498366718582591,-0.5068455599690405,0.2852776464482033,0.3443871199859248,-0.05756511800581315,-0.4229265896913969,0.30432001586902474,-0.7079484929728896,-0.7038534454391058,-0.48312105319098003,-0.21966043892078627,-0.37109513095602753,-0.2733831253555924,0.3864253831891175,0.2169238626353374,-0.2980391249828645,0.3427157579962945,-0.6945553485871437,-0.9201658675079573,-0.5150832863730044,-0.3134781400300121,0.18847590971740386,-0.7461763883157149,0.09559243257543033,-0.4259217311043479,-0.458277360102097,-0.22145452435191654,0.08481245644517092,-0.2770225545034501,-0.6734339572762782,-0.013421786693058161,-0.4323742400334183,0.091458570069586,-0.6558490505570584,-0.6135004671580235,-0.6331198723993974,0.5925721560382936,-0.4611994278866818,0.016921462889202262,-0.6571616468545108,-0.37577788693223063,-0.5367212709360726,0.07812195151840008,1,4,train
-0.6349619422730206,-0.381895642114689,-0.520197082792585,-0.20236857006319128,-0.43240734774119877,-0.4945201280090291,-0.2589245732057218,-0.45679611876253107,1.2626720093260795,-0.3149667928740876,-0.611609030428643,-0.23265202792287293,-0.4601662206019843,0.13478281747684936,-0.3098319884554949,-0.07081372508232993,0.2809501117308385,-0.5438159454583787,-0.27646906322132236,-0.46537415743808547,-0.6647714078535061,-0.8875613777161373,-0.28895285263677684,0.0393882387446685,0.3316478568116684,-0.6414191706655282,-0.6682893337423086,-0.3321912840736931,0.23215330068877327,-0.3047971485530871,-0.39620894896524783,-0.46065880563027,-0.5445252948201953,-0.6384952288142483,-0.9620401355716246,-0.5980558967166464,-0.33822851957438016,0.17118735043416566,0.2733063428109158,0.1665704254616209,-0.3786141144753473,0.5475799786787097,-0.6944081802875071,-0.3597740240899568,-0.5077620789043787,-0.4595923855054307,-0.6692976875230585,-0.19281364863696643,-0.3985435476180744,0.36855326319901094,-0.37227770870468113,0.19125149414877662,-0.3424496144213408,-0.8954442548254352,-0.5522059800750617,-0.29900623107191054,0.1994091141606451,-1.1301506887844526,0.34236093938823775,-0.14104536385244787,-0.8464208482294552,-0.2698447266111384,0.24931280716485893,-0.19494179761353897,-0.8979630187997153,-0.13971068716969295,-0.3528603725033577,0.07479435865652025,-0.9897822463976883,-0.4341344087896628,-0.36409435671301804,0.4625788739197629,-0.23103639675075424,-0.16562747667135816,-0.3542326268186036,-0.11964704564324856,-0.7009603420235209,-0.7573073469670023,1,4,train
0.17700572160859365,-0.01697065037189276,0.14301443057030302,0.8002747754949457,-0.21151533507704964,0.14456565149849399,0.25923129772856796,-0.3815378064193309,-0.24850722442256745,0.23908188187751814,-0.6189970905792391,0.6395357880506923,-0.35474522822999904,-0.3708411836221193,-0.46242382019482825,-0.13085069278836026,0.09889576456563123,-0.7291592442277786,-0.18747965568049452,-0.38429820272514487,-0.6425012465320508,-0.7377868344174615,-0.6763776412270384,0.3706714610435768,-0.03301546948750475,-0.6122516901722554,-0.8395751554338606,-0.6554123741108676,-0.16792889885966467,-0.29511125596674265,-0.47208697407813377,-0.30896859521667447,-0.24643751477979914,-0.37768928164233206,-0.7686175275233634,0.05081851460006762,-0.4069243508462788,5.190641310920186e-05,-0.15994791806532968,-0.010568955665867297,-0.4893953025154713,0.32417797201675413,-0.6763544300403304,-0.7519505688535029,-0.48312105319098003,-0.3502116451506663,-0.6301891555142676,-0.15700499231757714,-0.46506633836444666,0.09237114074374837,-0.594993459870131,0.045010135951173195,-0.596748200207754,-0.6482281280002152,-0.48538513141135853,-0.6608039550244504,0.18300930749578323,-0.29868754190477986,0.10456583282316878,-0.42190938790361693,-0.18930073236471726,-0.5083392948887318,0.05191238630123333,-0.41382381598663537,-0.464942685861658,-0.12888592427169568,-0.4632962996284418,-0.0696288069233831,-0.661414603821069,-0.700465828791168,-0.5377690567130857,0.06669024201332843,-0.6668770301783616,-0.35206043622256883,-0.392098754323092,-0.05250595132477752,-0.5949996509993606,0.052014785940731265,1,4,train
-0.454675299040542,-1.8371989224383705,-0.6061995733034833,-0.8729467561599518,1.8164158521557516,-0.17960829462851047,-1.8172446460155378,-0.5592310438963313,-1.6543574118692759,-1.8489655046013225,-0.43577319884445687,-0.8262013922905166,0.5940437031178686,0.31049612282329947,1.1497420542685632,0.3385292365496951,-0.6390745355504767,-1.2495461984649394,-0.1620541106688294,0.7030734251895879,0.54895238416581,1.6431119400890757,0.5550797225062929,0.8675962944919392,0.23266781110189283,-0.02056851445157994,1.5111750870915783,-3.0149263313822425,0.2959345209066402,0.05358087714165693,-2.824305752577598,-0.06708420563823836,-2.200568517266841,-0.17030142003574816,0.8811635411235695,0.6235495000990039,0.07082393027192557,0.26490437930283944,0.31053913085496815,0.11957426312167506,-1.1402347822511996,-0.916944287216332,-0.01287910845658475,-0.008295045292439086,0.6552943347680397,-0.1843763291289268,1.7407655975186838,0.2100337349561632,0.8055189648912623,0.9696555297192884,0.21726398555680393,1.026916398135082,1.3104911931903451,0.7149922284931409,-0.002790113284613211,-0.3366331943629747,0.15567629638768016,0.3104746941772027,-0.1780962749805925,0.011423677775329632,-0.03608619757760218,-1.8874600592765545,0.15360351220067683,-1.6723954216319394,0.30487123936155514,-0.276824350544325,0.3715993094371939,0.30253858130175243,2.1937142206163154,0.446389877745926,-0.7999837998504428,1.2011770677750508,-3.3357887742013514,-0.06464295691445239,0.29490098754405475,0.5492771903444814,0.7189129177002257,0.5741580974941077,1,4,train
-0.6227620942347326,-1.1183406555715367,-0.7318955209732576,-0.9954562324660907,-0.39392938424486307,-0.5454617481147013,-1.1449903748033923,-0.7097476685827316,-0.7517460011984963,-1.234612212189678,1.5678687139971939,-0.7190327570574698,0.17599494026344412,-1.1454141214758586,1.0634944971985054,0.2621185503783837,-0.44726727692999046,-0.39767988296712115,0.024399886083381343,0.2595402611717364,0.2650078273172544,-0.07154834870955853,-0.05373065956411804,0.5442007679620526,0.44625633079140853,-0.09557060714856698,-0.41431380502724857,0.06952635640108108,0.6496303784784476,-0.00453447837640967,-0.08257977849865254,-0.108081559804075,0.0019689685871977,0.01823299960660086,0.058169306879007565,-0.9489777722246652,0.14888737489908316,-0.770057591681645,-0.6270501680725319,-0.7299717484081153,-0.4229265896913969,0.36885837334914523,-0.30625254997320694,-0.2228822112951341,-0.03958259034980352,-0.2514161377334598,-0.058226874885699935,-0.17938540251719545,1.0183918952796533,-1.1044180565623896,-0.11899312894789495,-1.1719268804788838,0.31774863713953966,-0.10435264898473115,0.04546938852806132,-0.2353298316562635,-0.8939113301634785,-0.0042110107182290425,0.4500417423610992,-0.15308239345464084,0.04562822097552585,-0.0935661326668302,-0.5402888762896434,-0.19494179761353897,-0.027912905396396365,0.06956806219158757,0.053543839316951704,0.6691512323891994,0.2402050249486313,-0.22759167491094448,-0.3164189488698622,-1.7295805654427323,-0.0008733656148266792,0.15674618255261025,0.40849937005751996,0.19865147557024376,0.34805049911566505,0.3600793397572234,1,4,train
1.6721648756343375,0.44248310429223026,1.2097760917150981,0.9566355544646229,2.37078354845481,0.38383689744937827,0.8139855387288485,1.8406729163812745,2.519306047845041,0.7139807459503231,-0.40474334621195346,0.6016145786605374,1.0048220527052594,-0.20588583574586003,1.5478077022842156,1.7357532122536738,-0.7431055910734522,1.6410964034962772,-0.022213613104671345,0.1927718278787265,-0.16369277812076094,0.4449155936996686,-0.17364785603253233,1.0490132971794366,-0.04343442166748113,0.6252828393280306,0.47755374929772954,1.5794305912890254,0.7829911116612603,-0.23699590044867605,0.7369028927205158,0.42898377976838487,3.545901464623019,0.5712672972241579,0.7749707367049163,-0.7933803368579021,0.2925241130130531,-0.19553145818238393,-0.07871274415103366,0.05450265372790388,2.1721227401485077,3.387267707804011,0.5738677745766596,1.3347246315864971,-0.24163900119967283,-0.16673427423299705,1.6087743019890144,-0.045102941319485564,1.3243967327129653,0.25483121277625576,-0.0010847900955979382,-0.1586831843954887,0.5916086526018308,0.49249771435044293,0.6097343327993328,-0.0819275967003866,-1.0196431812607527,2.539257851785215,2.2761286927758744,0.019448364176791605,0.29077147663491,0.9952134181656616,-0.40868859571389304,0.5950854874518557,2.2093588147835668,-0.26599958764632775,0.627810660367389,1.107975466266598,1.4312334234468773,-0.31999237164616057,0.1535243570126738,-0.06921182565604458,1.478046536577729,-0.22777179652176172,0.1921214986033005,0.8874693691338169,0.18381142802821676,3.680910801236698,1,4,train
0.5470677787699972,-0.47202771838851215,0.526717849772772,-0.10081466207257611,1.7081075104623624,1.402669299562821,-0.12023601295565173,-0.5090588356675312,0.39809608759766674,-0.20943371196901983,-0.3219970725252776,0.10369261188545847,-0.0711991108156938,0.13119683165345242,-0.011282752443755744,-0.3109615959064513,-0.3822478672281307,0.2296358974831552,-0.37393365243270527,-0.6132185454440361,-0.41979963331749737,-0.9805248873497983,-0.4273188485618702,0.1024898048968415,-0.7831800264458038,-0.6914205657968528,-0.6269444802305546,-0.4799494966621158,0.05240622552933014,-0.7890917778703087,-1.0082916848758612,-0.509855630629274,0.08753120174694105,-0.5410857786657012,-0.40073531221588643,-0.17761176285326538,-0.2882679150129993,-0.07736650873927349,0.20561036454900244,-0.3865382543854341,-0.07396584736500635,-0.9963761118072495,-0.6898947427257129,-0.15628619425981496,-0.3599159246239865,0.15435112487292407,-0.3417637319494343,-0.6448979346692564,0.31325031336810805,0.5255979994971014,-0.6299292639745153,0.024118513351515564,-0.20062924927122577,-0.09375767212079314,-0.5893286737771191,-0.0356174880344615,0.11741008083633582,-0.18609357409815747,-0.2364233765908924,-0.48209453591458173,-0.2063245695632856,-0.6604227877034291,-0.157451696432915,-0.30438280680008717,-0.31258367982789703,-0.15775195866635508,-0.4191219287784082,0.2525459470625551,-0.5612346450688801,-0.6243711373621665,1.22622103348368,0.4625788739197629,-0.40733148442933703,-0.600637715624183,-0.7545316890089095,0.12902367405479231,-0.7274505147795609,-0.2351640354136258,1,4,train
0.8805302918165366,0.9766805319639139,0.6772222081668439,0.7986628087014439,-0.39535449400398665,-0.13947247272707183,0.731157648579501,-0.5508690091915313,0.807709045438539,0.847781616383534,0.24688355907061885,0.670862004503429,0.02331626165574129,0.07740704430249831,-0.037820462311465894,-0.3273353143717323,0.07613897116998034,-0.8147023051982708,-0.5052989683263083,-0.16491620761954087,0.07571145608488399,-0.18000577661549624,-0.242830853995079,-0.4575365947036939,0.19099200238198732,0.004432183114082407,-0.042210123421463006,-0.664647262397644,-0.41145719423697474,-0.3144830411394315,-0.861594169657615,-0.15317864938649528,-0.6576882483540494,-0.201723823309473,-0.21869050464105247,0.08392435191214487,0.07394646805701188,0.24860576558654837,0.4120830982478382,-0.010568955665867297,-0.7663482726157812,0.19510125705651316,-0.1798762982429697,-0.18958420277747454,0.10826356393058865,-0.5301606050891496,0.059098721140672925,-0.5374719657110885,-0.4251526639166233,0.3414765845269264,-0.057855471765222426,0.3218241353966368,0.2688450629498448,-0.27740393776238514,0.012058964196209722,-0.5826556466507018,0.09007706972823273,0.05064246077730493,-0.5235721845185229,-0.10894661824659997,-0.6591586390452034,-0.7641160782589045,0.37194034133771725,-0.7216266543238021,0.20463505118144928,-0.4500205569122813,0.1021356472519887,-0.5362267264892245,0.13445951293243188,0.3702951863169245,-0.2823650861247509,0.21440988078438608,-0.6962595447914588,-0.48800113589532657,-0.1162169682189622,0.11659013806989027,0.07255270245284856,-0.37092129641750365,1,4,train
-1.6678824095147404,1.8472244881696205,-0.3448843136742157,0.5407481217411514,-0.2685197254419914,2.001619257168905,2.173903921180925,-0.866535819297732,1.9019608042420122,1.9671860816980027,-0.555459773284113,2.500972544636997,-1.7579349887674585,-0.14851006257150898,-1.5637387797047992,0.2894080811538521,0.4142399016196509,-0.43332282503815955,2.85934815488404,-0.007533472000303235,-0.13585507646894177,2.144081964226026,3.4330924377482357,-1.7747817881303056,-1.6114867247539257,-3.4206633833816587,3.0586538899600835,-1.0063381290083715,-1.6117037928822886,2.17963429984426,-0.9678234048156553,-0.9485273202037259,-0.5390051507453731,-1.2198096893781576,-0.37039451095341414,-0.8397285090948103,-4.085273861677944,0.22008319158303896,-0.8030597115535066,-1.1890881035752785,-0.19305562450813962,0.0759535201701369,-0.7530828685908315,0.017603405776851693,3.3411661375284973,-0.7171663869860048,3.261109779360432,2.653974528754483,-1.6425197345752345,-0.8878046271857131,-2.809050044985486,-0.9525648431824787,1.9804701595891645,2.8869624856004314,-3.317846660878333,-2.7100262634916366,0.3196743630362987,-2.634290617688305,1.2486743644098215,-0.9595633768015691,2.3063938009454015,-0.9680462163513394,0.6859864654389397,-0.9370886411598189,-0.9019724663269195,3.089676910732825,-1.0463979948488857,-0.3195919781193696,3.1509893820261206,3.0770920671485493,-0.9430100233799102,-1.0205262993416557,-0.9264225759273863,0.16063020254326046,-0.6355238597090889,1.1684672823926032,-0.03340798857131163,-1.6501724097232762,1,4,train
0.5796007068720986,1.1921181776915886,0.7814175332088936,0.23931033135630958,-0.14881050567561374,0.5598170396326092,0.9237806489268207,-0.5550500265439312,0.48587029284928224,1.1285749923630892,0.9709134538290325,0.318029882351552,-0.27840588892614765,0.10968091671307077,-0.5685746596656689,-0.10356116201289192,0.14440935135693303,-0.6436161832572863,0.2871305178705874,-0.39860572414507556,-0.7649871338000551,-0.18000577661549624,-0.05834285942828782,-0.5837397270080399,-0.10594813474733938,-0.09140382422095658,0.38305122698514904,-0.41068783451129265,-0.5390196346727085,0.029366145675795846,-0.522672324153391,-0.2843701827171725,-0.2519576588546213,-0.4750987317908791,-0.450039114267404,0.34214988294634735,-0.11965087461833891,0.9127742745254105,0.37823510911688146,0.39070596892905496,-0.6306413172666294,0.20999472416731021,0.02322839203776875,-0.2228822112951341,-0.22192618062895386,-0.06441035583660461,-0.3124323329428411,0.2592706373953235,-0.36528215224488836,1.2512529879089678,-0.15392893305227925,1.4081885105788334,0.6160604396966782,-0.2844672556716772,-0.09930911690996228,-0.1861253411987181,-0.3581843124446579,-0.2207378718848105,-0.24539677683863087,-0.3216008078853423,-0.08375294173359353,-0.3769944601851296,0.2881947082440579,-0.43776403674619274,-0.2163569391749954,-0.20105101025834415,0.32300750150215685,-0.2862635552932381,-0.060334851307935464,-0.2493330153192306,-0.5956606233797749,1.6975150540458046,-0.5689353148013713,-0.5967536956335328,0.40849937005751996,0.17378440360043967,-0.4784428908727844,-0.24560690164469332,1,4,train
2.480065923503189,2.330860019395013,2.6188938208551997,1.3322238173505487,1.3019512291121527,2.9756847810076663,2.245174431309433,1.4602003373128736,1.0900494056645689,2.2159426295456623,1.4082866147443192,-2.38756597022429,-4.433447071035774,1.4436676430167328,2.562875104724129,2.9692400033048427,1.516318896066173,1.9975258242066614,4.495058217301161,1.623523969871796,1.5511096436313005,1.2919164592508012,-4.499891328623786,2.4609108398343076,3.181231278035207,3.9878766619096164,3.5252600938784497,2.1750808857861044,-2.5974135598856862,4.625322177896229,2.2999902100459666,1.9909829734867606,0.7223477703514886,1.416529945287356,0.828067138914243,0.9082597009828682,-5.274960757795825,3.1742069276607996,-2.143440081139391,2.881502572946185,1.6680683345659435,1.50076187376972,3.7738950058887384,3.746980359754724,-4.775587732465032,4.924762768732324,1.4816715729604437,4.833826482197307,2.6881139430135956,2.919176394109377,3.8112848327953386,3.351109412346993,2.59665519437932,-2.551792304554409,3.6203847920361825,4.42462485285245,1.5223268517928346,1.468171645214525,2.5991711016944583,-5.329005122397614,1.9250598476974705,1.0677987215544942,2.5852177873844284,-2.7668055134974217,1.7963857194815307,-5.173225434738423,3.300360096794424,1.0024354606505148,1.631593340951255,-4.8204498361613926,2.4181062295625755,3.7596812112897693,2.246889002287104,2.390057677176488,4.0057814829839185,1.1809008183775052,1.7414335860833716,1.1276300077406867,1,4,train
1.5366110085422484,1.840629458198365,1.6993287300079032,2.14465508127547,-0.12600874952963706,-0.8078882759318001,2.05640389096906,-0.7181097032875317,1.4762559087716771,2.1254857030556042,-0.5465941011033978,2.011294319033691,1.6882408998064056,-0.8477772981339124,-1.0595222922183065,-0.8185468683301623,0.1801700266929559,-0.967966956103736,-1.5011328146165248,2.93981594050542,2.313862668891146,1.5036666756385844,2.6766916600243915,-1.5697016981357432,0.7275680396507707,2.037822251787953,2.4207618643501654,-0.5215064939526096,-1.286999399045875,-1.3411876552919413,-0.709838119431843,2.0401797984857644,-0.4203220531366969,1.6490557295129196,1.7307059764727948,-0.5715712268669846,1.3760447244380003,-0.7822815519688633,-0.7116701408999235,0.4955435618412418,-0.791274039924809,0.1107049434286633,2.1761381090135963,1.408720206070185,2.8434174181178435,-1.359337185197847,1.9118654250571443,-1.6788728858916226,-1.2500352691716385,-0.9148813058577976,1.6146961497321757,-0.7488715228358167,2.044044806035768,1.714451712657959,1.7048537970100242,-1.4712308566781398,0.357940578587643,1.0928584191924504,-0.9004549949235379,2.1981507221737173,-1.3877788711439285,-0.5774681552590487,-0.6060890165775186,-0.48906450980238725,1.6360078183933613,-1.7417755960732886,2.0281382163134554,-1.1305836002219036,2.3217219456885565,1.935671695713527,-0.5071205802424855,-1.1268844392568171,-0.7795100028619006,-1.7852638127725007,1.8906877895189234,0.9769908282251116,3.1083265002950378,-1.1593576968631023,1,4,train
-0.1618789461216293,-0.5028045249210371,-0.004182139727195815,-0.5956884676776373,0.04785464108343514,-0.048395030719961055,-0.5420803837162816,0.7410653527000719,-0.8453718201335528,-0.5995292074573952,-0.20378811011574066,-0.410716837233166,-0.24932423585801378,0.27105027876593313,-0.2700254236539297,0.08746555341538641,0.14115838087184004,-0.6828234195354286,-0.3527456982563177,-0.41291324556500625,-0.19153047977258011,-0.24714608912869576,-0.5333994454377752,-0.10259028509772078,-0.06427232602743388,-0.4414135901402294,-0.6919149643204536,-0.3321912840736931,-0.4462469507194476,-0.29511125596674265,-0.07246270848360108,-0.6328476931267838,-0.26851809107908775,-0.39654272360656695,-0.10111989974897218,0.14020427534267618,-0.4849877954734364,-0.1547849238916562,0.2936151362894898,0.032812117263313484,-0.6167936687616139,-0.12759053034408926,-0.6989216178493013,-0.9110410539934319,-0.41412618119346367,-0.4207798647343852,-0.1608867714087762,-0.48823506327192817,-0.11914782648331121,0.16818584102558515,-0.5032869740961222,0.09201628680040287,-0.1859581770143173,-0.2562139840345092,-0.4779605926709471,-0.49582419290209223,0.040877649733647166,-0.3333318396914329,-0.1511760742373771,-0.6546252935460142,-0.16546736028672157,-0.4184717764073198,0.14463076579778475,-0.36936340600460016,-0.46093323833445377,-0.3814637252249653,-0.68416815387861,-0.8195183205113427,-0.3775713873565337,-0.5156644353207359,-0.43220208220324063,0.11396052642006688,-0.12330050983606473,-0.37148053617581994,-0.7274844550771321,-0.08980655927948365,-0.1340706450442638,-0.5588928885767191,1,4,train
0.8723970597910112,-1.0479936692114797,-0.12491640525211063,1.6949163458884602,0.9257222527035375,1.7438237857250491,-0.15683438302164246,-0.3815378064193309,0.23425090446131783,-0.37527141053412627,-0.7682359056212795,1.3105763194330005,0.6849238689557868,-0.6577200494938745,0.10813694196093991,-0.15268231740873492,-0.49603183420638525,-0.6008446527720402,-0.34850810742104016,-0.7801396286765608,-1.7337391512833624,-0.8772320988679528,-0.6717654413628685,0.6782915960354202,-0.5435441263063472,-0.8080904877699439,-0.4320330279608574,-0.3137215075001403,-0.23171011907753158,-1.2394857831353248,-1.0639355699586441,-0.5836508681277799,-0.16915549773228902,0.3010346290701244,-0.21110530432543437,0.01440209355678265,0.2987691885832257,0.23230715187025727,-0.4036534398082178,-1.098710868306152,-0.09335255527202804,-0.19212888782420973,-0.5409513031865048,-0.3634738028141412,-0.9020184903187578,-0.5407458380267075,-0.649743421518663,-0.622517524469638,0.14694333650217759,0.7638727718114456,-1.2238379337490486,0.1755827771990334,0.024327192001370544,-0.23502403030663316,-0.6301636368493821,0.5635195428309445,0.48367242968491725,-0.2611562193025724,-0.22296327621928475,-0.5382673407248155,-0.02587189525846118,0.7670881789436156,-0.3488702863612792,0.5814053613035373,-0.45692379080724954,1.0510132316100065,-0.14524082950819964,-0.219606709640975,-0.9953477996616988,-1.157033977365177,0.6336838217187433,0.5334843005298705,-0.36325771250969136,1.7025861388313983,-0.581429391845534,0.3453672001920879,-1.1724854170810337,0.12511484955820396,1,4,train
-0.00870307630756853,-0.32693705902089437,-0.3134603267567721,-0.2507275738682461,0.43690960532416234,0.15228407878723219,-0.4361377335252559,-0.39199034980033093,-0.0466265523438518,-0.5411091090992328,-0.43134036275409926,-0.22440828675110008,-0.6455617589113378,0.29973816535310865,-0.037820462311465894,0.12567089650104207,-0.05715081871883211,-0.4190656482097442,-0.26375629071548984,-0.39860572414507556,-0.4921776576122272,-0.24714608912869576,-0.25666745358758836,0.0393882387446685,-0.1892997521871504,-0.3747450632984632,-0.7568854484103528,-0.4337750552282337,0.19736354420630042,-0.527572678039009,-0.19892608367174433,-0.49755642437952297,-0.24919758681721021,-0.5756504222667985,-0.8520547309951624,-0.012082576292879146,-0.46625256876291854,0.093768935281783,0.27669114172401144,-0.29977610852707254,-0.3896922332793597,-0.01340728249464531,-0.6447603671077711,-0.8518445944064816,-0.11843387263267934,-0.5231037831307778,-0.3124323329428411,-0.3852851763536839,0.16690017372608923,0.038217783399579236,-0.5775255578179389,-0.14301446744574547,-0.5429542685990897,-0.4998984519050832,-0.2477998917181916,-0.5045073382769532,0.07367726306337087,-0.3188967156136608,-0.1466893741135079,-0.4299340743050789,-0.29484852299584097,-0.5740117122405329,0.06387604817175609,-0.5950854874518557,-0.5130560561881088,-0.3345564193336438,-0.5163055446484822,0.4802901697077873,-0.32748140798043923,-0.4450050789938059,-0.5582013743601525,0.09623416976753996,-0.6619799444095121,-0.5113052558392279,-0.6138860725636669,-0.243982405492269,-0.4254625453607043,-0.297821232800031,1,4,train
-0.16730110080531288,-0.04994580022816953,0.0437807876731128,-0.23783183952023149,0.793187045105048,-0.029870805226989372,0.0068951672735792216,-0.32509407216193076,0.439057383381754,0.041207355180516096,1.176301526015603,-0.09580592447144397,-0.3983677078321999,-0.24533167980322637,-0.05108931724532097,-0.332793220526826,0.6125491012103231,-0.5117372975944441,-0.4163095607854804,-0.3699906813052142,-0.67033894818387,-0.5260366180296784,-0.41348224896936087,-0.24456880894011004,0.07117405231225901,-0.5164156828372165,-1.2648365058404727,-0.6369425975373147,0.5452611090310291,-0.3822842892438425,-0.3911504139577221,-0.6123490160438655,0.0930513458217632,-0.30855999444013743,-0.5714023193172934,0.3719451365272169,-0.3819440485655884,0.24860576558654837,0.06006401128588872,-0.11179145916728912,-0.6251022578646231,-0.15241297552875097,-0.6357334919841826,-0.7519505688535029,-0.31063387319718916,-0.46664920746380256,-0.2733238009340502,-0.6672783448688747,-0.29210708242387895,-0.09175027422642669,-0.45088326793954575,0.38972190884552416,-0.43047604796279154,-0.4787084981772072,-0.47424832330074135,-0.4726691385691297,-0.5823150035311032,-0.31600969079810637,0.10905253294703801,-0.41388470150215495,-0.21994363932214026,-0.7122694329811667,-0.0348241622600567,-0.6156056766743335,-0.2484325193926293,-0.2118757731563414,-0.2556767566332837,-0.008526698408808599,-0.7337667962532055,-0.49935843001452124,-0.6263090998503751,0.6930215104026128,-0.45140525634898276,-0.2083516965685106,-0.559791604700112,-0.27133618465905346,-0.5473173400384885,-0.15162110556508557,1,4,train
-0.14290140472873683,1.2250933275478655,0.49529386285532845,1.0743091303902563,-0.24001753025952052,0.15074039332948455,1.0412806791386855,-0.5132398530199312,1.2977816914267257,1.196417687230633,-0.3116537883144431,0.8571705549854949,0.14691328719531024,-0.22740175068624166,-0.4159828279263355,-0.054440006617048925,0.15091129232711903,-0.7255949500206746,-0.4841110141499207,0.32153952065810276,0.4988445211925355,0.7393000408729281,0.3752039278036715,-0.5443012481629318,0.18057305020201095,-0.5039153340543853,0.8555638385480514,-0.6369425975373147,-0.42885207247821117,-0.09655045794668178,-0.6289015593114314,-0.06708420563823836,-0.6024868076058278,-0.773611562891265,0.2591771152428868,-0.25044460493983534,-0.4943554088286953,-0.19960611161145672,-0.126099928934373,0.040042296084843616,-0.6888014409876945,-0.11766155227022457,-0.0038522333329963744,-0.42267026240109157,0.45323792391817036,-0.5442742490058934,0.6848352332813281,-0.4166177506331496,-0.3785867103941628,0.07612513354049763,-0.7478376028268123,-0.11167703354625903,0.7383193751709153,0.19583836216017889,-0.5373569025942388,-0.5102961018601938,0.11194347861471521,-0.5845029986446674,0.10007913269929955,0.039510080180446536,-0.33570573227240497,-0.5774681552590487,0.11771252658910854,-0.40014368983831683,0.25675786903510434,-0.4608453198102786,0.08004846182697188,-0.38624882377163267,1.180783526566405,0.23984714386720762,-0.5241475116150411,-0.2405666066304714,-0.7844070886307501,-0.12678727676485593,0.17048371145787855,0.5194367039807165,0.4963954665494893,-0.3134855321466323,1,4,train
-0.7366273425920876,0.21605374194579643,-0.7649734019389877,-0.5570012646335935,-0.6860768848651894,0.3128273663929868,0.4653379081002,2.3068563511738756,0.19767831893981136,0.4539170822914061,-1.4109971387231366,-0.2821144749535099,-0.0021301847788758503,0.9559735710347488,1.2558928937394038,-1.0095735837584408,0.8108583008009953,-0.1446149942627483,-0.5095365591615858,-0.6847561525436895,-0.6425012465320508,-0.45373166609238663,-0.6671532414986988,0.38644685258162004,0.43062790252144395,-0.7122544804349048,-0.39659458209363974,-0.7662310335521847,-0.3244828030307926,-0.1643517060510928,-0.46702843907060804,-0.09168261813774034,-0.3844411166503529,-0.17658590069049312,-0.726898925787464,-0.22395993509017353,-0.17897909253497868,0.8272065525148822,0.5948622395550042,-0.20939887325794587,-0.08227443646801565,-1.1701332280998815,-0.8478650573885095,-0.07489106232775823,-0.369772334909346,-0.6607118113190297,-0.45420076147470834,-0.3852851763536839,1.104871523249937,-0.45999310416677686,-0.7871403824442447,-0.76454023978556,-0.06858959895904967,-0.5493416772701272,-0.659861791811028,-0.6810646275657927,-2.9876199810441753,-0.38818531118696686,-1.241444204337599,-0.24536628707145353,-0.366348639229828,0.12418977749966814,0.8116049150794287,-0.07866072535283151,-0.5932450067321935,-0.33094816503431135,-0.4323742400334183,-1.1028099145334607,-0.5445379852768486,-0.5754531214435228,-0.6467414174974419,-0.8550803039180712,-0.8774517182388911,-0.5579134957270305,-0.960090666890418,0.33790707860114666,-0.9552660004815052,0.2660935436776156,1,4,train
0.837153054347068,0.2336404885358107,0.2091701925017632,1.490196563113728,0.8031628134189127,1.3748829613233633,0.5423871082391278,-0.433800523324331,0.8325784035931635,0.516106219253321,-0.7682359056212795,1.2940888370894548,0.5867732898508351,-0.6254461770833021,-0.40934840045940796,-0.07081372508232993,-0.4050046606237816,-0.40837276558843266,0.20237870116503706,0.31677034685145916,-0.1414226167993056,-0.1335240217986658,0.29218433024861545,-0.1104779808667424,-0.3560029870667724,-0.04556921201724228,-0.4556586585390025,0.134170574408516,-0.15633231336550704,-0.10623635053302621,-0.14834073359648703,-0.1285802368869933,0.19241393916856195,0.3167458307069868,0.2440067146116506,-0.3927997053817675,0.28627903744288047,-0.16700888417887452,-0.5932021789415752,-0.9215714871786638,-0.01580572364394125,-0.4056019164123006,-0.48227661488318024,-0.2894782283304533,0.38424305192065406,-0.0785239997533484,0.13242721865715595,0.14736858639723194,-0.4251526639166233,-0.2921176963998525,-0.32860795357420075,-0.17435190134523193,0.05366933651518745,0.2417499285705769,0.049181657898267055,0.2943420362102549,0.33607416970116055,0.04775543596175051,-0.5504923852617383,-0.048761470235635165,0.5869862438899991,0.49402918048086375,-0.3727976101023247,0.5540451090069002,0.028219359984462927,0.9030748053373772,0.08004846182697188,-0.45290566942389576,-0.03807263825189348,0.15288178223406304,0.24887517269898546,-0.3823774598506867,0.22928966552110086,1.0034625405143585,-0.4353743286139359,0.08177623731216455,0.1520232207209687,-0.5014571243058478,1,4,train
0.07805139863136856,0.5348135238898052,0.05701194005940484,0.3215206378249028,0.3499779100176262,0.882447300301866,0.5057887381731371,-0.30000796804753066,1.079809081718547,0.5123371806495687,-0.5510269371937554,0.31473238588284286,-0.3620156414970325,-0.1520960483949059,-0.45578939272790076,-0.03806628815176793,-0.17418575618217963,-0.3584726466889789,-0.009500840598838793,-0.26506885755905574,-0.2527734234065823,-0.2058289737359576,-0.3304626514143048,-0.5916274227770616,-0.19450922827713857,-0.5455831633304892,-0.47928428911714765,-0.24907728949270533,0.06400281102348776,-0.009377424669581887,-0.01176028839329232,-0.3950630389649314,-0.15259506550782256,-0.5033788947372314,-0.4917577160033034,-0.5119807197052456,-0.35696374628489796,-0.08144116216834626,0.05329441345969739,-0.3214666449916629,-0.4035398817843752,-0.028300749605442346,-0.5048438026921512,-0.6890543305423682,-0.502833873761699,-0.2796434255669474,0.33774701170330845,-0.009294285000096264,-0.3719344313195256,-0.18381098171151422,-0.5513237047396506,-0.31014744824300655,-0.17617746217637834,-0.4822401571318532,-0.5410691719644445,-0.5652893559009798,0.013544638625544076,-0.3419929141380961,0.16737963455733793,-0.3617242398926521,0.28055717431576893,-0.29058338472223344,-0.08866064067740913,-0.287282649114689,-0.37673484026316484,-0.2551748247483305,-0.2556767566332837,0.030356461555011528,0.03427955418024296,-0.3526043822585898,-0.34025665279144013,-0.42373895870658285,-0.054741309072171423,-0.021918737017299957,-0.21358701037336095,0.08923635890310577,-0.2877136470292961,-0.5797786210388542,1,4,train
-0.29607727454279764,-1.3249849280042048,-0.9816335222645197,-0.4989704600675276,-0.4651848722010402,0.29430314090001514,-1.2374494149701056,2.3089468598500758,-1.3237412387548573,-1.4268331809810515,-0.08262392364596534,-0.23594952439158204,0.005140228488157618,0.156298732417231,-2.0944929770590024,-1.6645223223696808,0.19317390863332784,-0.2943153509611097,-0.7976927359604569,-0.08384025290660027,0.2650078273172544,0.7083122043283745,-0.4365432482902098,-2.579326756570511,0.7171490874707943,-0.4664142877058918,0.16451414413730675,-0.03205741475345951,-0.43465036522529,-0.7116046371795532,0.22093232195289128,-0.02198711605581807,0.15377293064480688,-0.32427119607699983,0.12264350956176127,0.322286380559101,-0.16336640360954716,0.15896339014694735,0.1988407667228111,0.02558193844178336,-0.4367742381964124,-0.8027610393668881,-0.0309328587037615,-0.20808309639839653,-0.40919797605078395,-0.5654447148810091,0.8070493958087999,-1.0119366619429968,-2.440793223531701,0.05987912633724689,-0.4552502434525938,0.09723919245031727,0.8067843790364881,0.02278707338252487,-0.34431889534354065,-0.43504217527806555,-0.5167157768716558,-0.11391795370929698,-0.7927741919506764,-0.2172798846663366,-0.5570156158537934,0.1345591065552157,0.14762168126541544,-0.17100157685398154,0.6216175940106898,-0.4680618284089434,0.32300750150215685,-1.2416783429756755,1.5592411485191187,-0.3526043822585898,-0.6024713959287972,0.08441659866585535,0.16562755052605707,-0.4724650559327257,0.0785231160898353,0.38764122254075484,0.061956633350432534,-2.7049018990610967,1,4,train
0.14853940951925496,0.20286368200328572,1.166774846459649,0.20223509510576754,1.531393900331043,0.21866255347038074,0.5404608782356546,-0.45679611876253107,-1.3866460858518483,0.5896024720264932,-0.1269522845495417,0.4614709787403992,-0.19843134298877949,0.07382105847910136,-0.6349189343349443,-0.37645646976757524,-0.08966052356976198,0.7821014995842508,-0.5010613774910307,-0.6370644144772539,-0.5255828995944102,-0.8720674594438605,-0.19670885535338123,-0.08681489355967752,-0.04343442166748113,-0.6247520389550866,-0.6151316649414821,0.3835125581514793,-0.12154255688303418,-0.5372585706253534,-0.062345638468549625,-0.5549527202116943,-1.651314181822037,-0.7170512369985603,-0.7799953279967906,0.23952178727890788,-0.3788215107805021,-0.05699324159390962,0.29699993520258544,0.20272131956927156,-0.3896922332793597,-0.584323521741865,-0.10314785969246851,-0.45596827091875114,-0.20714156520091465,-0.22671726087915817,-1.5687939237252504,-0.42556991471299693,-0.5182845709615445,0.19526251969766972,-0.49455302307002613,-0.09600831659651582,-0.3424496144213408,-0.8177477578232233,-0.4965219395219757,-0.44372532065292647,-0.11765381469335075,-0.41705555934251104,0.15391953418573026,-0.2814773758780324,-0.41401538338581934,-0.1972594232223056,-0.05576057053347153,0.18468170300230008,-1.9765044036176547,-0.11445290707436599,0.22140644854707953,-0.019636172684185778,-1.6075586587028534,-0.5047937651165928,-0.43220208220324063,-0.11648211006278301,0.7189982424060531,-0.4103207360823221,-0.5056971368365573,0.14145721003969436,-0.45195271811674437,0.6159295624183778,1,4,train
1.4471454562614694,0.8337882159200479,1.064233415465886,1.4289418249606585,0.20889204386439547,0.6879429326256634,0.9411167189580795,0.9647497810534725,-0.007128159980624825,1.0739239326086791,-0.30869856425420467,1.3155225641360642,0.6194901495524857,-0.19871386409906613,0.7981173985214037,0.8897777582141554,-0.19044060860764456,-0.46540147290209416,0.2362794278472572,0.28338613020495423,0.39862879524598643,-0.9133845748365987,0.532018723185444,0.914922469106069,0.5087700438712668,0.7294524125182904,-0.1012741998668258,-0.6969693714013615,0.9917296505560976,0.39743006395688435,-0.1888090136566929,0.6380702860141516,-0.3734008285007086,0.8949180509435237,-0.6131209210531927,-0.18423293031568083,0.7265568651400492,-0.2566512596184755,-0.04486475502007698,-0.1985536050256507,-0.22352045121917372,0.17027881187185145,-0.067040359198115,0.5577710995077737,0.5961558730558828,0.09789654920594894,-0.5861920570043778,0.2592706373953235,0.8454326393390856,-0.1729803102426804,0.5928238796789351,-0.007218920547970883,0.22483184617911942,-0.36922707058318116,0.5726116390972754,0.3088139451683565,0.019011240847164695,-0.3506539885847594,1.0871531599505293,0.6333368738886326,-0.34932480203125965,-0.1384998919075362,-0.23820641405894366,-0.12312113533486671,-0.3366403649911225,0.4195687292268326,0.41135624320222414,1.0413186206143348,-0.9396922670215938,0.2724591544796368,-0.4594451723993297,-0.06921182565604458,-0.25552182559500186,0.362599242057072,0.051475882158057866,0.36277415057095075,0.332156395462041,-0.25604976787576084,1,4,train
0.6934659552294535,0.8293915292725443,1.0195782761621504,1.301596448274014,0.40413208086432084,-0.542374377199206,0.9623052489962846,-0.5132398530199312,0.8793913130606917,0.9495456586848493,-0.3870120018505229,1.1176727760135163,0.2959567591694963,-0.19871386409906613,-0.40934840045940796,-0.6493517775222586,0.056633148259422415,-0.16600075950537135,-0.7383664642665717,0.1784643064587958,0.22603504500470756,-0.1696764977673117,0.029288937990938,-0.5443012481629318,0.2066204306519519,-0.10390417300378775,-0.10718060751136207,0.08799613297463392,-0.6955735388438364,-0.45977142993459796,-0.0016432183782408589,0.45768192768447047,0.18137365101891764,0.22562086121318478,0.16436211129766073,-0.22727051882138127,0.24568604623675855,-0.2159047253277478,-0.07532794523793798,0.20633640898003663,-0.3924617629803628,0.1107049434286633,0.3391690213633619,-0.008295045292439086,0.28075074392437954,-0.6360129344647281,0.2986384796945175,-0.7209913293479586,-0.5182845709615445,0.08154046927491454,-0.09715825138265476,-0.4563888064406099,0.1661475571514856,0.04044536815575487,0.004634425455798256,-0.8344668625216696,-0.04658798581228272,-0.19475464854482075,-0.3799977805547077,0.3564851930381945,-0.7000158483217674,0.09653823335154137,-0.24717916046183572,-0.22914211298433526,0.38906963743284406,-0.8180624954441884,0.5924711636873621,-0.7139783148952594,0.3403849837008202,0.12026977162163383,-0.7386868469092425,-0.32328960434226367,0.05299457784251806,-0.7559985152501919,0.08934200966254627,0.14643062443365518,0.23149373898908884,-0.3030426659155647,1,4,train
2.317401282992682,2.150595866847367,2.1409184409004,2.578274148727462,0.33572681242639074,0.4625648557945079,2.0217317509065427,2.758406225233077,1.8156495024112569,2.104755990734966,0.10798802823941295,2.2454165683120393,2.1281009024619304,0.19933056229799428,4.665988611740158,4.748517409865378,0.3719772853134421,0.17617148437659755,0.4184958337641904,3.5455010139491527,3.7836933161071986,2.552088478729315,3.045667649157974,4.9770857901522065,0.904690226710369,3.483695927668759,2.8519296224013138,0.2911636752837151,4.8881823765930585,0.46038836576812314,0.3777469071861889,3.5734808442880546,0.02128947284907523,3.386714630549903,2.7054042170297183,0.06075026579369079,2.568854158340968,0.3749200218878043,0.3680807123775945,0.25694766073074754,0.017428632768095944,0.7114081168974771,2.8396134305973417,2.8849319170197596,3.193319983248105,0.13670906997699436,2.733144597241754,0.25479455535539985,4.909975153942427,0.28732322718275727,3.2261101140469015,0.4367280596947538,2.4646155440671436,2.4490367752243274,3.056119847764911,0.2219824914197469,0.31420776081467805,2.5652410751252046,4.820087663009726,3.0287057647250313,0.21586659296120927,-0.0417194873890925,0.21043090608565995,0.0444604099820352,2.8508704191362444,0.28967157445086533,2.514056295663825,5.457334645076764,3.1398582754980997,3.223846114904481,-0.4900936488699299,0.6339336548941897,0.2831576089784456,0.33541110212252045,2.9293015724991767,1.0142914361798179,3.8606474065665752,3.827110928471643,1,4,train
-0.22423372498399038,-0.269780132603348,-0.30849864461191256,-0.20236857006319128,1.1394887165720688,0.5459238705128805,-0.30322786328560536,-0.4777012055245311,0.8896316370067135,-0.40919275796789806,-0.5288627567419673,-0.3381719149215651,-0.43108456753385044,0.19933056229799428,0.29390091103491095,0.07109183495010542,-0.320479428011364,-0.49748012076602877,-0.26375629071548984,-0.5655268073776003,-0.6035284642195039,-0.49504878148512477,-0.3304626514143048,-0.1104779808667424,-0.28307032180693775,-0.4955817681991645,-0.4084073973827123,-0.396835502081128,0.058204518276408955,-0.12560813570571508,-0.5479649991910197,-0.47705774729660466,0.4214999182736813,-0.6667753917606005,-1.003758737307524,-0.27030810732708166,-0.26641015051739514,0.6031006139158797,0.2394583536799591,-0.2600101250086568,-0.7109576785957192,-0.2616317343412626,-0.8704322451974804,-0.6816547730939994,-0.5570441303311761,-0.2690581926293895,-0.38576083045932413,0.05784694559875868,0.160247894651452,0.09237114074374837,-0.49455302307002613,0.10246209810023169,-0.435366405381761,-0.8636593242336212,-0.5150832863730044,-0.5045073382769532,-0.09578740580686827,-0.4430387826825008,0.07764563207995342,-0.3015390918816873,0.04222345353581219,-0.5982068133701438,0.258285553567751,-0.8344876950474299,-0.7255567751299332,-0.4355875397149516,-0.3881998691833846,-0.014081435546497188,-0.583496858124922,-0.9070085626698864,-0.02015034298739385,0.368038305106286,-0.6864653732537598,-0.7093902753623892,-0.5435632643410456,-0.002771807385169348,-0.785728894842849,-0.3656998633019699,1,4,train
0.08482909198597302,0.43149138767347134,0.1678228412946006,0.0007392459180390461,0.3200506050760318,-0.11322981994536194,-0.04896550282714347,-0.36481373700973085,-0.1943797978507379,0.024246681463630206,-0.25107169507955546,0.04268892721433955,-0.5728576262410031,-0.0803763319269671,-0.17050901165001664,-0.05989791277214259,0.01437053195321359,-0.6721305369141171,-0.2934194265624324,-0.7753704548699173,-0.5088802786033187,-0.8359149834752146,-0.7870704379671131,-0.16569185124989377,0.08680248058222358,-0.5289160316200476,-0.7096341872540625,-0.22599006877576427,-0.028769872929773205,-0.3677554503643259,-0.26468703876957883,-0.6574461056262858,-0.1470749214330004,-0.7359046789627952,-0.6207061213688109,-0.18754351404688854,-0.3944341997059336,0.1793366572923112,0.03298561998112338,0.1557251572293257,-0.7968130993268153,0.1107049434286633,-0.5996259914898291,-0.8962419390966944,-0.48312105319098003,-0.38549575494252575,-0.6253005890131688,-0.3405243559544473,-0.03932047758766459,-0.021350909679006817,-0.6910669211571878,0.1129079094000605,-0.5282831963421812,-0.6164431974084013,-0.41113974400724385,-0.4726691385691297,-0.27071867689872803,-0.3188967156136608,0.07764563207995342,-0.4901192223160437,-0.35272956947097334,-0.29058338472223344,0.2283763988914441,-0.42408391059787426,-0.4088104204807987,-0.2984738763403196,-0.32635574999333755,-0.014081435546497188,-0.8450778615334155,-0.17867365899230064,-0.517336739066019,0.4743964450214475,-0.4660965136555313,-0.2782640564002146,-0.592248285418245,-0.35588422935638736,-0.6903642729211048,0.25565067744654807,1,4,train
1.5176334671493559,1.7834725317808187,1.6100184514004323,1.5611231020278085,0.525266410389822,-1.070314803748899,1.7154611803543043,2.5639889183464764,1.3197252427396295,1.852230404283554,-0.2466388589891978,1.3913649829163741,0.997551639438226,-0.16285400586509674,3.8167818959734334,3.2857985603002753,0.043629266319050466,0.06211406974927459,-1.8867535806267788,1.7141382721980236,1.5900824259438473,1.3332335746435393,1.3898878979210232,3.7466052501848326,-2.398117614342142,1.6836457029410699,2.119535074478815,0.1711101275556217,2.968947477309972,-1.6801938958139966,0.600322447517321,1.2038337735026972,0.30833696473982714,1.026892144693168,0.9835637453844137,-0.3596938680696902,1.0325655680785069,-0.18330749789516562,-0.07871274415103366,0.31840418071375365,-0.024114312746950552,1.3071468013293586,1.5577971630477925,1.3125259592413907,1.4290225421687586,-1.8109737905336483,1.5207801049692347,-2.1130528437642178,4.144963060359147,-0.1729803102426804,1.40508132510587,-0.3832681273418082,1.6088029957474836,0.820941997132521,1.500678981648709,-1.6217387098423963,-0.6096480146392064,0.9340720543369573,2.832479508135658,1.074694625969041,-1.3979931734630695,0.11036400542560475,-0.3159702162173416,0.12312113533486671,1.2952047785810012,-1.3593006403440517,1.6879955607681962,2.8354987160877494,1.754035512759486,1.196466121831798,-0.9804692723995326,-0.5005531708675328,0.2390838370587999,-1.5366865333708866,1.7392232795009697,0.8725491259519345,1.7679237588394117,2.6157384456678097,1,4,train
-0.7488271906303756,-0.5357796747773139,-0.687240381669522,-0.3152062456083192,-0.6461738116097302,-0.1533656418468006,-0.5170393936711302,0.8581338385672722,0.2561944557742217,-0.6391041127967957,1.2649582478227557,-0.29530446082834644,-0.25659464912504726,-0.36725519779872234,-0.2633909961870022,-0.2563825343555146,-0.557800273423152,-0.39767988296712115,-0.2383307457038247,-0.35091398607863994,-0.30844882671022067,-0.7119636372970001,-0.27972845290843723,-0.41021042008956415,0.1649446219320464,-0.14973878520750206,-0.4910971044062202,-0.22137262463237606,-0.4462469507194476,-0.32901188001894816,-0.36585773892009343,-0.2187744160518339,-0.37892097257553076,-0.39968496393393943,-0.3855649115846503,0.06406084952489852,-0.3819440485655884,-0.4603839310721142,-0.11256073328199033,-0.18409324738259042,-0.14597361959108693,-0.49992720811401514,-0.23855098654629414,-0.2746791134337157,-0.07408002634856169,-0.24083090479590194,-0.6204120225120698,-0.4300459967529206,-0.33867303594633946,-0.23796433905568337,-0.3111400515220086,0.045010135951173195,-0.09793174347286658,-0.4292652728121632,-0.17355450431407693,-0.30190061286353087,0.9702000274091522,-0.49500522936248037,-0.7120135897210303,-0.409872358301424,-0.32549142995326397,-0.17997720812972637,-0.5881435237717345,-0.14706135609442414,-0.5731977690961723,-0.26599958764632775,-0.14524082950819964,-0.3751393494962555,-0.5222757722208066,-0.3689103875648044,-0.6399306449484197,-0.18738753667289068,-0.29959559751464754,-0.43362485602622347,-0.26227203145056033,0.014635142993693513,-0.09698440318580774,0.11467198332713643,1,4,train
1.3793685227154249,1.4581177198655546,1.6282112859315838,0.676153332395305,1.7351845958857097,1.9136291860772896,1.299395499604094,-0.6783900384397316,1.1997671622290884,1.4621349087951785,-0.44316125899505293,0.7351631856432571,0.4268241979760988,-0.06244640280998239,-0.7278009188719298,-1.1460212376357823,-0.35298913286229383,1.7230751702596654,1.685535493512168,0.17369513265215225,0.2037648836832522,0.8994038630197886,0.36597952807533196,-0.773044425464559,-1.1061675440250716,1.1877985345554334,0.7492485009463984,1.5609608147154725,-0.3998606087428171,1.6953396705270383,1.7890781742858677,0.12150362352461014,1.139118648000561,0.18162949662997,0.13022870987737936,-0.4358372938874679,0.2894015752279668,-0.4033387830650954,-0.176871912630808,-0.5781379931559826,1.103084275561311,-0.9467312214379261,1.0929130941829912,1.10163857196288,0.5567302319144449,1.8585736278197362,0.9439292578395682,1.8258993513686055,-1.0571191760071592,-0.44916243269794304,1.1343288432968917,-0.2840329199934345,1.2518069041627113,0.1711167494776569,0.9809612698199062,1.3623689173181526,0.286874749706575,0.7262062676170391,-0.9139150952951456,0.3805592522425804,1.336035080627006,0.3868794469068725,-0.43261591945493855,0.5985055189889354,1.1789308002920784,0.6071979527921185,1.3257657197979205,-0.2529351324671065,0.9692925025340061,0.19636446305063532,1.9754060138761287,-0.4532828864607944,2.0705939146085215,0.3820193420103231,1.2361447283699094,0.5716575551173051,0.019572356940768462,-0.8460717099310763,1,4,train
0.26511573521845166,1.0426308316764674,0.6375287510079678,0.5133446862516203,-0.04620260301871868,0.20476938435065198,0.8602150588122052,-0.4630676447911311,0.06455410764152783,1.0117347956467644,-0.007265710109885549,0.6263458021758558,-0.33293398842889865,0.07382105847910136,-0.5619402321987413,-0.34916693899210693,0.16391517426749097,-0.6614376542928055,-0.3612208799268727,-0.27937637897898643,-0.330718988031676,-0.5725183728465089,0.17226713378020117,-0.41021042008956415,0.404580522071503,-0.24974157547015144,0.05819880653565373,-0.2398424012059289,0.10459086025303944,-0.3193259874326037,-0.04717003344597243,-0.40326250979809874,-0.34027996405177574,-0.5756504222667985,-0.4803799155298763,0.1699995289235457,-0.2102044703858417,0.11821685585621963,0.13791438628708907,0.02919702785254842,-0.5807897826485736,0.04120209691161048,-0.3288197377821779,-0.6335576496796022,-0.049439000635162995,-0.3431548231922944,-0.6595205545208608,-0.3673808481939893,-0.8442462456187682,0.21150852690092048,-0.09279127586960673,0.2957096071470648,0.13680541263766868,-0.5210884056329592,-0.19954038990551706,-0.5160848654434345,0.10101027417147397,-0.4401517578669464,-0.2633435773341078,0.10370757139214233,-0.1927054998044309,-0.37008157414809795,-0.016878669454272556,-0.30438280680008717,-0.3406498125183267,-0.11806116137369842,0.14189258101701896,-0.2529351324671065,-0.828381201741384,-0.04822561654258379,-0.5343636704385746,0.4093998039621822,-0.510170285575177,-0.13067129675550618,-0.1594925425098061,-0.03261229374893425,-0.22413723241479996,-0.015863844561207683,1,4,train
0.12820632945544158,-0.4544409717984979,0.0007795424176636973,-0.12660613076860536,0.15188765349945377,0.8546609620624086,-0.4188016634939971,-0.5027873096389311,-0.6595830856843,-0.614605361872405,-0.030907502591792934,0.006416466058539104,-0.3583804348635158,0.06306310100891055,0.30716976596876605,0.27303436268857106,0.14766032184202602,-0.36203694089608274,-0.4247847424560355,-0.646602762090541,-0.3752593106745867,-0.39692063242737163,-0.6856020409553779,0.41010993988868494,-0.3976787957866779,-0.8664254487564893,-0.5974124420078732,-0.5676809353864918,0.09879256750596063,-0.13529402829205953,-0.3607992039125677,-0.6984434597921224,-0.2850785233035542,-0.5630814609573086,-0.46520951489864015,0.06075026579369079,-0.45688495540765967,0.04079844070383694,0.19207116889661976,-0.08287074388116861,-0.48662577281446817,-0.39567293833843586,-0.5409513031865048,-0.9591381774078291,-0.616182592043333,-0.45606397452624475,-0.6644091210219597,-0.42109383267307327,0.3930776622637547,0.23858520557300503,-0.6779659946180437,0.013672702051686749,-0.3522303292592798,-0.4893034750411452,-0.5150832863730044,-0.3424219579462153,-0.024721576925800248,-0.5671808497513409,-0.1466893741135079,-0.6466006071445521,-0.7306587552791904,-0.37008157414809795,-0.04977873959821015,-0.31464290141132606,-0.3085742323006928,-0.34538118223164105,-0.5825671009235326,0.05813014724345447,-0.16051481006012439,-0.39065172797309056,-0.45263439985030746,-0.12829968116446763,-0.8039954317061483,-0.27049601641891413,-0.592248285418245,-0.1594343607949351,-0.5526153745896966,0.38096507221935844,1,4,train
0.3383148234481798,-0.5181929281872997,-0.045529490934358416,0.5794353247851953,1.242096619228964,0.8994278403370901,-0.07785895287924141,-0.47979171420073113,1.056402626984783,-0.2810454454403158,-0.5244299206516095,0.318029882351552,-0.3183931618948317,-0.07320436028017321,0.2673632011672008,0.34398714270478875,-0.310726516556085,-0.5438159454583787,-0.1620541106688294,-0.6322952406706103,-0.6814740288445976,-0.8823967382920451,-0.5564604447586241,0.20502984989412262,-0.25181346526700865,-0.5830842096789827,-0.8218559325002518,-0.30910406335675206,0.00601988355269966,-0.7164475834727254,-1.0285258249059641,-0.40326250979809874,0.4987819353211914,-0.5348012980109562,-0.26420170653476094,-0.24051285374621215,-0.31324821729368973,0.18748596415045676,0.026216022154932045,-0.31785155558089784,-0.25952433733221403,-0.4850337410032181,-0.6267066168605943,-0.6520565433005242,-0.3402031040532676,-0.4595923855054307,-0.5666377909999823,-0.5374719657110885,0.19350929002463813,0.28732322718275727,-0.5294888271744105,0.20692021109851985,-0.2544231808798901,-0.3268471631274292,-0.6858476774024681,-0.20928039553168065,0.36340718080926365,-0.18609357409815747,-0.03900857114064646,-0.3135761214838803,0.3588668254291833,0.24170884012920693,-0.13053345722423879,0.013680126148318523,-0.24041362433822083,-0.20105101025834415,-0.18941520035823328,-0.3584751380831897,-0.9396922670215938,-0.4884877598103782,0.21482130995387416,0.5512106571823975,-0.510170285575177,-0.0024986370640488484,-0.7491222422225541,-0.04504582973383629,-0.43076057991191236,-0.6215500859631243,1,4,train
0.8086867422577293,-0.20382983289079443,0.09008982102513492,0.8309021445714804,0.3371519221855143,-0.5454617481147013,0.09742797743681944,2.010004119153475,0.37322672944304236,-0.017212743177646414,0.26165967937181095,0.6032633268948919,-0.09664555725031093,0.14912676077043713,0.6786977041167082,0.32761342423950773,0.19317390863332784,-0.4048084713813288,-0.20019242818632707,-0.5321425907310954,-0.6870415691749615,-0.9030552959884142,-0.0860160586133065,-0.04737641471456939,-0.8925790243355558,-0.33724401694996964,-0.7391662254767439,-0.4014529462245162,0.887360381108679,-0.3047971485530871,-0.4923211141082367,-0.3950630389649314,-0.05323247216102382,-0.0854609311966911,-0.2528239060613338,0.07399260071852169,-0.007239514355232001,0.04894774756198248,0.12437519063470641,-0.050334939184283015,-0.2982977531462574,0.5277220225309803,-0.6041394290516233,-0.40417136878016957,-0.276136437198431,-0.44547874158868683,-0.49819785998459815,-0.21519405883658477,0.5061664065325874,0.043633119133996146,-0.5556906802526986,0.22258892804826305,-0.06369924154008018,-0.4751768392225612,-0.3146207403818948,-0.8257837171468086,0.18300930749578323,-0.16877142520483096,1.396735468497506,-0.44598344710800286,-0.5161584065772294,0.07234313222193044,0.2792219618411658,-0.10944100918654819,-0.18829080648456578,-0.7386809008588752,-0.06572696197813911,1.1690775747811724,-0.4220958134686177,-0.3797810577689475,-0.7625245508308204,0.27940652184365145,-0.2212422252130552,-0.8181428351005954,-0.6463427532817998,-0.08731985208250324,-0.8651994131109692,0.8091225876931271,1,4,train
0.39253637028501553,0.5458052405085642,0.8293804606092023,-0.13305399794261266,0.6136232154554816,-0.5300248935372248,0.26693621774246074,-0.49233476625793116,-0.5820492043787063,0.34461496278258597,-0.22447467853740963,-0.028207246862906776,-0.5292351466388023,0.1383688033002463,0.10150251449401239,-0.1090190681679856,-0.10916634648031989,-0.15174358267695598,-0.700228146749074,-0.5416809383443825,-1.0712018519700661,-0.9340431325329678,-0.5702970443511334,-0.5837397270080399,0.7275680396507707,-0.43308002428500864,-0.6623829260977723,-0.4476273876583983,-0.06355962941224608,-0.8423641870952031,-0.0016432183782408589,-0.800936845206714,-0.40376162091223045,-0.5662237012846811,-0.3855649115846503,-0.12464242315394178,-0.43190465312696924,-0.04884393473576408,0.04990961454660172,-0.05395002859504808,-0.2899891640432481,-0.5197851642617445,-0.27465848704064766,-0.41897048367690715,-0.6358954126140519,-0.8018482504864676,-0.8648403475670133,-0.6538500987491037,-0.2189320126028695,0.0652944620716638,-0.43341536588735363,-0.13779156179583107,-0.33266889958340184,-0.4751768392225612,-0.5039464782623871,-0.7592129359395413,-0.12312041691497136,-0.5845029986446674,-0.17360957485672326,-0.694748725553324,-0.11099108125130289,-0.570555269222017,-0.04977873959821015,-0.42750394213495385,-0.9581047317077789,-0.25156657044899805,-0.16732801493321647,-0.2251614467786636,-0.9842166931336778,-0.6624184830766673,-0.6671737351445086,-0.09284696785941379,-0.2898014259769485,-0.2588439564469635,-0.37587041396402554,-0.15197423920399386,-0.759238722086809,0.21387921252227796,1,4,train
0.006207849072561282,0.1786819054420161,0.1678228412946006,0.057158083690603025,0.23169380001037215,-0.4976074989245244,0.04156730733609675,-0.2937364420189307,-0.4006491801920343,0.12789524306682176,-0.29096721989277413,0.029498941339503024,-0.9909063890954275,-0.0014846438122343996,-0.09753030951381372,-0.05989791277214259,-0.02139014338280926,-0.4511442960736788,-0.6070011483729686,-0.4510666360181548,-0.6536363271927784,-0.7945978680824765,-0.6902142408195476,0.09460210912781987,0.07117405231225901,-0.5247492486924372,-0.4851906967616839,-0.01820508232329488,-0.06355962941224608,-0.212781168982815,-0.43161869401792796,-0.5549527202116943,-0.205036434218633,-0.6950555547069529,-0.6055357207375747,0.08392435191214487,-0.5130906355392131,0.12636616271436518,0.3139239297680638,0.16295533605085583,-0.5032429510204868,0.29935552683209243,-0.8478650573885095,-0.8370454795097441,-0.6851774640408493,-0.572501536839381,-0.44931219497360947,-0.1972897306768901,-0.112495547408674,0.0003104332586608385,-0.5556906802526986,0.19647439979869102,-0.5185024815042423,-0.4363285907214552,-0.5856164044069133,-0.348210721529456,0.1064768763930946,-0.3910723360025213,0.03277863084126116,-0.690736382352593,-0.05991956965559786,-0.3769944601851296,0.03396689349544919,-0.3762034690787594,-0.5491410839329469,-0.4175462682182895,-0.7106727763886301,0.16922488999722626,-0.5000135591647646,-0.4776170896062351,-0.336851266516929,0.27349773629280916,-0.4611994278866818,-0.4569289759701248,-0.7383033486498431,-0.29620325662885755,-0.9128817240718412,0.4697294351834324,1,4,train
-0.5373631579667164,-0.7622090371237478,-0.6177768316414888,-0.3184301791953229,-0.41673114039083975,-0.8156067032205383,-0.6480230339073075,-0.5592310438963313,-0.10806849601998264,-0.740868155098111,0.21142087034775778,-0.3793906207804293,-0.4056381210992333,0.016445285304750305,0.5460091547781574,0.7587880104919074,0.1053977055358172,-0.42975853083105575,0.054063021930323966,-0.3222989432387785,-0.3474216090227675,-0.24714608912869576,-0.43193104842604,0.2760191118153173,0.44104685470142035,-0.3747450632984632,-0.4970035120507565,-0.373748281364187,0.42929525408945285,0.07779560860751801,-0.49737964911576243,-0.5631521910448616,-0.20779650625604407,-0.20486606363684548,-0.2224831047988615,-0.17430117912205764,-0.19771431924549648,0.008201213271254748,-0.09225193980341632,-0.16240271091800004,-0.5032429510204868,0.16034983379798676,-0.49130349000676865,-0.3264760155722972,-0.38455695033738524,-0.2443593157750879,-0.7132947860329484,0.16527291455692658,0.5793414763535968,0.08695580500933146,-0.30677307600896053,-0.09600831659651582,-0.435366405381761,-0.20323909971481915,-0.28492258542024895,-0.2584848859892261,0.11194347861471521,-0.3188967156136608,0.4545284424849684,-0.29351440548022534,-0.10077677893216187,-0.34934291603700285,-0.08866064067740913,-0.2633424283551316,-0.29654588971908014,0.05874329929359029,-0.26892906788829385,0.5691659639108048,-0.5167102189567961,-0.19497966429851527,0.05476815505185102,-0.18147875112204837,-0.2261393109819047,-0.08794707685835373,-0.2785003718096268,-0.21414191912850408,-0.4254625453607043,0.10945055021160267,1,4,train
2.5275097769854202,1.2360850441666245,2.7743598613941307,2.2236414541570597,2.662931049075136,2.8768889117118173,1.9543137007849807,-0.6491229169729315,0.8267267899097225,2.055758488886185,0.7108537365280513,2.0690005072361006,2.1171952825613802,1.131686876381199,-1.139135421821437,-1.4571218884761215,1.3960329881177327,5.030740194452031,3.795855729480371,2.701357250173242,1.5455421033009367,0.33129352636963866,2.446081666815903,-0.7809321212335806,-1.7938183879035123,3.771203949673876,1.5702391635369413,4.151346979156258,-1.194226715092614,2.3491374201052877,2.3758682351588525,4.053149888028343,1.0563164868782287,3.100770760759007,0.6043037296035095,0.3057334619030624,2.4876681759287242,1.699182386336456,0.9807293156479103,1.2547123381019056,4.132949768458702,-1.4084287018726342,3.399279688259821,4.11325845344898,2.872986648973922,5.101183317691621,0.9097092923318761,4.283268391286696,-1.316558059918011,0.7855341147491133,1.9116504846194422,1.4029656049289192,0.9388240293486643,0.665549003128097,3.3159787036793125,4.375420362394904,-0.615114616860827,0.9629423024925015,-1.3311782068149836,3.5904338128273694,1.2917731039107283,3.5011346065896505,1.320060544576646,3.4918521993583034,1.4756299173051919,3.6056572755373617,3.1104103021392793,-1.1639120230480353,1.102865780870258,1.3703968450980872,5.179874498191103,1.744785338452543,4.695431886711865,4.165054812903639,1.9826483848869665,1.1361400888318578,3.203691122216782,-0.36047843018643616,1,4,train
1.803652126713664,1.1613413711590637,1.6513658026075948,0.572987457611188,0.5167157518350808,1.878124420549094,1.4631250498993156,1.3933040596744735,0.06016539737894706,1.4376361578707877,1.7023314087380421,-2.346347264365426,-2.9575531778279807,0.6475787902226119,2.138271746840766,1.7739585553393293,0.8726267400177619,0.07280695237058611,1.7533369468766085,-0.2030695980726894,-0.15812523779039708,-0.7532807526897383,-3.2130875665204175,1.0411256014104149,1.9674233490679593,1.7211467492895633,1.398953341845389,0.3050160077138797,-2.4988425831853465,1.4919359262138052,-0.07246270848360108,0.07230679852560618,-0.2850785233035542,-0.292848792803275,-0.10111989974897218,0.05081851460006762,-4.08839639946303,2.3918734692788273,-2.5360767550584886,2.3030882672237745,0.03958487037612074,0.7114081168974771,1.7654152908903251,1.6455060444179865,-3.671669780504771,1.6927383117979968,-0.7084062195318495,2.0855121096841778,1.5505742212506308,1.9714926405864175,1.1343288432968917,2.5833422818095753,1.2322454744868334,-0.4645818623586232,1.5155280591295317,1.7617936045617566,2.0525872672900345,-0.4805701052847083,1.7511847782831746,-3.5314753684701317,-0.2573960811589906,0.07234313222193044,2.3519263809092346,-1.3235522048498172,-0.29253644219187586,-3.159819535710931,1.5863945078131187,0.21921752423642357,-0.7003734766691424,-2.771328502680423,0.19098360603229625,2.7670052387482618,0.11175960706871234,0.37813532201967287,1.4254753658923516,0.8899560763307973,-0.20824312876117596,-0.05241387636994403,1,4,train
-1.3710194405830651,-0.9688533095564155,-0.9998263567956712,-1.5161215067671812,-0.6219469457046299,-0.12866667452283834,-0.8040476641886364,-0.7996395416593318,-0.18852818416729686,-0.8859761413425792,2.832704611779239,-2.346347264365426,0.31413279233708,-3.393827232745741,0.6786977041167082,0.4422294534964748,-1.51358559604049,-0.1196649348130214,-0.22561797319799215,0.21184852310530075,0.515547142183627,-0.4382377478201098,0.656548119518028,0.5363130721930309,0.347276285081633,0.5919485759071476,0.46574093400865696,0.11108335369157496,1.7513060004234218,-0.5566303557980423,-0.03199442842339524,0.5027790172668908,-0.12775441717112287,0.8069353217770943,-0.025267896592791345,-0.48218546612437607,1.045055719218852,-1.9843043135453313,-4.4417185431313495,-0.8095037154449467,0.11436217230320443,0.5922603800111008,0.28500777062183164,0.8574531761667098,0.9460584381861443,-0.3078707134004349,-0.29287806693844565,-0.4166177506331496,0.6857779415477924,-2.014194459944431,0.23036491209594803,-1.5114157477233205,0.5475954358311054,-0.16085919225906714,0.2347951264085537,-0.2353298316562635,-2.0254979900389465,-0.1168049785248514,0.7775708514035526,0.9743860459507664,-0.31868189507383665,0.4974856234993796,-2.801420969818446,0.574565298229378,-0.23239472928381236,0.02987726489893091,0.5085398590722982,0.9468880892736289,-0.4165302602046072,0.984488052851008,-0.4730667174973742,-2.0663813418407435,0.023612063229420933,-0.0024986370640488484,0.08393256287619079,0.6363119422387957,0.30566622270600097,0.11989341644267021,1,4,train
0.10787324939162819,-0.47422606171226395,-0.0389139147412124,0.9098885174530699,0.14048677542646543,0.260342060829567,-0.07785895287924141,-0.41289543656233096,0.3746896328639026,-0.2037801540633912,-0.2614149792903899,0.7351631856432571,-0.3620156414970325,-0.13416611927792121,-0.05108931724532097,-0.027150475841580597,0.16716614475258396,-0.5259944744228595,-0.32308256240937505,-0.3413756384653528,-0.8095274564429659,-0.8410796228993069,-0.5057262462527565,0.12615289220390638,0.1649446219320464,-0.4455803730678398,-1.2116788370396463,-0.5168890498092215,-0.3476759740191078,-0.20309527639647054,-0.41644308899535076,-0.43196065771418435,-0.16639542569487795,-0.6510641901237382,-0.2300683051144796,-0.10808950449790315,-0.4225370397717103,-0.13033700331721954,0.002522429763262371,-0.07925565447040353,-0.5724811935455643,-0.09283910708556284,-0.9787547466805409,-1.0368335306157015,-0.3796287451947055,-0.2549445487126457,-0.43953506197141173,-0.4971872273517755,0.1203342202036287,0.07070979780608072,-0.6168283374353712,0.16513696589920457,-0.46470854989557797,-0.4928351339957912,-0.6487249837004108,-0.37136577586241853,0.21034231860388633,-0.23228597114702818,-0.2902637780773231,-0.6064771751372423,-0.18589596492500357,-0.31823492887036026,0.0070486542867729705,-0.1641615137798223,-0.2484325193926293,-0.20465926455767655,-0.7150902134736336,-0.0640740697856945,-0.2773914286043448,-0.6352418075663097,-0.3674997429875292,-0.021941541249306137,-0.12819759560491426,-0.2238877765311115,-0.9438623265313516,-0.4255120308718388,-0.6214898237554007,-0.36047843018643616,1,4,train
0.43998022376724677,0.35235102801840706,0.48702439261389596,0.4279104461960235,-0.31127301821569764,-0.499151184382272,0.6021002383467969,-0.35645170230493084,0.23278800104045755,0.6084476650452554,-0.16832542139287962,0.41695477641282597,-0.3183931618948317,0.03078922859833807,0.015254957423954404,-0.010776757376299597,0.06963703019979436,-0.7006448905709478,-0.5900507850318586,-0.3795290289185013,-0.6146635448802316,-0.14385330064685034,-0.18287225576087188,-0.7967075127716238,0.31601942854170384,-0.3039097535290865,-0.5796932190742644,-0.4430099435150101,-0.2896930465483197,-0.6195886576092812,-0.6440771643340086,-0.41146198063126604,-0.2657580190416767,-0.6322107481595033,-0.6775951237359464,-0.01539316002408687,-0.43502719091205555,0.15896339014694735,0.07698800585136706,-0.14071217445340964,-0.6223327281636201,0.14545636668718973,-0.3513869255911488,-0.5965598624377583,-0.4387672069068624,-0.6007288246728686,-0.5275292589911914,-0.7254674113878823,-0.18567061722968342,-0.021350909679006817,-0.3504428311394409,-0.06467088269702936,-0.43047604796279154,-0.5705316309980032,-0.41113974400724385,-0.7157972090652365,-0.09578740580686827,-0.3419929141380961,-0.19155637535220016,-0.5302426543233536,-0.6251109646480668,-0.47723130772208916,0.07883062550990955,-0.287282649114689,-0.396782077899186,-0.6196085089809051,-0.33960806124834764,-0.1196214411625804,-0.43322691999663865,-0.31455703654408906,-0.2823650861247509,-0.045576683452675355,-0.48078777096207986,-0.9579675547640034,-0.5002876900502017,-0.17186789677983713,-0.5685094782433205,0.14077914890480525,1,4,train
-0.5997179368290775,-0.6874653641161871,-0.7186643685869656,-0.34905754827185764,-0.6475989213688537,-0.5068696116710102,-0.5478590737267013,-0.421257471267131,-0.8087992346120464,-0.6805635374380723,-0.5096538003504175,-0.2755194820160916,-0.4347197741673672,0.17064267571081876,0.5460091547781574,0.39310829810063175,0.2809501117308385,-0.29075105675400587,-0.17476688317466196,-0.5941418502174617,-0.15255769746003325,-0.13868866122275805,-0.242830853995079,0.43377302719574984,0.31601942854170384,-0.6747534340864113,-0.28437283684745046,-0.059762079613788766,0.3307242773891131,-0.1546658134647484,-0.1432821985889613,-0.35816542021567843,0.1261722102706961,-0.4845254527729965,-0.46520951489864015,0.2991122944406469,-0.36945389742524315,0.36269606160058604,0.16837757650495008,0.1051139054786148,-0.30937587195026983,0.19013676801958082,-0.7214888056582722,-0.5225642879540703,-0.2120697703435944,-0.03618306800311704,-0.23910383542635807,-0.2733831253555924,0.3797731041144803,0.24941587704183887,-0.5251218516613624,0.5307403613932131,-0.07347995637801916,-0.20323909971481915,-0.5893286737771191,-0.12534332357469138,0.30874115859305745,-0.03885530850488208,0.041752031088999615,-0.17314410945829575,0.12734263952865388,-0.11776123379644113,0.37792217227297864,-0.1778416399281408,0.008172122348441752,-0.20465926455767655,-0.31752087582333083,0.24143647278717792,-0.3775713873565337,-0.39608706307516206,-0.22447351945806168,0.3384943773520745,-0.030255880227923814,-0.17727953664330884,-0.392098754323092,-0.05499265852175793,-0.5049330636288245,0.36530077287275714,1,4,train
0.28409327661134415,0.12812000899572504,0.31832719968867246,0.2570419660848297,-0.09323122506979559,-0.0730939980439233,0.20337062762784525,-0.3982618758289309,0.23717671130303833,0.21458313095312742,-0.06193735522429638,0.2520799529773694,-0.5146943201047354,0.31049612282329947,-0.0046483249768282065,0.20753948882744705,-0.024641113867902246,-0.5259944744228595,-0.5095365591615858,-0.7086020215769073,-0.67033894818387,-0.6035062093910625,-0.621031242857001,-0.1972426343259803,-0.11115761083732757,-0.6205852560274763,-1.1053634994379933,-0.5907681561034328,-0.011374994688536772,-0.2224670615691594,-0.6997210494167916,-0.41146198063126604,-0.205036434218633,-0.5662237012846811,-0.9544549352560064,-0.005461408830463696,-0.4818652576883501,0.31380022045171274,0.1988407667228111,-0.104561280345759,-0.6666452033796697,0.33907143912755117,-0.5544916158718872,-0.8000476922679001,-0.49297746347633953,-0.42430827571357116,-0.3026551999406434,-0.42556991471299693,-0.05927731481157625,0.17360117676000208,-0.6168283374353712,0.37927609754569536,-0.9928671511442824,-0.4469235675853932,-0.26264896919901454,-0.5913387920255627,0.12287668305795645,-0.3939593608180757,-0.07938887225546949,-0.43394641750580987,-0.40380108106667834,-0.48068775074060505,-0.15146986549765362,-0.45486419443159093,-0.24041362433822083,-0.1794014844623496,-0.5914019750935393,-0.0640740697856945,-0.43322691999663865,-0.3797810577689475,-0.4083643782816627,0.5157579438773436,-0.41222857019818654,-0.5151892758298782,-0.8897678586677967,-0.46032593162956453,-0.6161917892041927,-0.10462820752528168,1,4,train
-0.016836308333093884,0.5765820470410891,0.34975118660611604,0.04909824972309389,0.43975982484240944,-0.45901536248083336,0.29005097778413913,-0.3062794940761307,0.03383313580346241,0.5179907385551973,0.9975104703711783,0.12677508716642238,-0.48197746040308476,-0.11982217598433344,0.02852381235780948,-0.17997184818420328,0.2776991412457455,-0.31570111620373276,-0.39512160660909285,-0.9470607119090856,-0.5868258432284125,-0.5053780603333093,-0.6164190429928312,-0.6389535973911913,0.12847828930212907,-0.7830897902042815,-0.4970035120507565,-0.3552785047906341,-0.48683499994899926,-0.5324156243321813,0.10964455178732521,-0.5508529847951106,-0.17467564180711115,-0.5945038642310334,-0.5069281166345396,-0.11140008822911088,-0.3070031417235171,0.31380022045171274,0.4391614895526035,-0.5202965625837415,-0.6001764905555953,-0.22688031108273615,-0.5364378656247105,-0.7445510114051341,-0.40919797605078395,-0.568973125860195,-0.6839633870263552,-0.45690248899246255,-0.3852389894688,0.3523072559957602,-0.36354375767858504,0.26437217324757833,-0.21530032152813422,-0.6623547638187992,-0.5336446332240331,-0.5334511561931564,-0.3745841191095198,-0.36220208784697705,-0.08836227250320794,-0.5503043703270085,-0.37315817410925534,-0.345886473018487,0.14463076579778475,-0.37962350061583905,-0.5050371611337003,-0.34538118223164105,-0.246841882463277,-0.21405197250328642,-0.4777513461087226,-0.42326373858551974,-0.70122759788962,0.37394709065712833,-0.23103639675075424,-0.43362485602622347,-0.3109570525277597,-0.19673496874964122,-0.6903642729211048,-0.1307353731029505,1,4,train
0.07805139863136856,0.6513257200486497,0.7053384069877144,0.06521791765811216,0.43833471508328586,-0.34632632406525565,0.35939525790917415,-0.5801361306583314,-0.2221749628470828,0.46145515949891097,-0.27619109959158206,0.12842383540077695,-0.6092096925761704,0.1383688033002463,-0.45578939272790076,-0.1581402235638286,0.03387635486377151,-0.3442154698605635,-0.6281891025493562,-0.6132185454440361,-0.23050326208512695,-0.748116113265646,-0.6118068431286614,-0.6310659016221697,0.2951815241817511,-0.9080932780325932,-0.4970035120507565,-0.25831217777948173,-0.1737271916067435,-0.34354071889846477,-0.1584578036115385,-0.6779447827092041,-0.312679243677665,-0.48138321244562404,-0.3438463098487508,-0.1279530068851495,-0.25391999937704995,-0.14663561703351066,-0.017786363715311636,0.1051139054786148,-0.47000859460844957,-0.21695133300887146,-0.21598379873732318,-0.8000476922679001,-0.6211107971860127,-0.7806777846113518,-0.4150922294659174,-0.7030870011882641,-0.19232289630432062,-0.2975330321342694,-0.5207548761483144,0.170359871549119,-0.27398461055576806,-0.4575185444493312,-0.5559182494452675,-0.3568938669043169,0.21034231860388633,-0.37663721192474914,-0.05695537163612336,-0.405860015100693,-0.11439584869101654,-0.5221650669627952,0.019012316157295733,-0.5369449513215021,-0.6814528523306866,-0.5185773885995973,-0.3307731870783409,-0.04185512123494014,-0.9842166931336778,-0.45044041409587743,-0.6944168253405977,0.031237528708274606,0.13624503591295994,-0.3132202363160666,-0.2839098185959823,-0.12213375284022897,-0.6691721347162728,0.015464754131994905,1,4,train
0.21902742040714132,-0.13128450320698556,0.18105399368089264,-0.08630696093105966,0.3571034588132439,-0.14873458547355767,0.09550174743334625,-0.4505245927339311,-0.058329779710733866,-0.024750820385151254,0.9797791260097478,0.017957703699021065,-0.656467378811888,0.0594771151855136,-0.05108931724532097,-0.15268231740873492,0.2581933183351876,-0.6935163021567401,-0.22561797319799215,-0.8850614524227193,-0.7649871338000551,-0.39692063242737163,-0.26127965345175813,-0.2524565047091316,0.02428876750236532,-0.43308002428500864,-1.164427575883356,-0.3137215075001403,-0.37666743775450184,-0.45977142993459796,-0.35574066890504197,-0.5836508681277799,-0.33751989201436466,-0.5442280189930737,-0.5486467183704391,-0.1676800116596422,-0.5068455599690405,0.3952932890331682,0.20222556563590677,-0.3937684332069642,-0.5890983717515829,-0.08291012901169816,-0.42360192657985585,-0.7297518965083966,-0.4584800274775813,-0.5231037831307778,-0.8208432490571235,-0.318143945754829,0.07376826668116815,0.28732322718275727,-0.6430301905136594,0.2487034562978351,-0.586967485369815,-0.39748034222034917,-0.41113974400724385,-0.6579095732328301,-0.4019171302176229,-0.38241126155585803,-0.05695537163612336,-0.5182056247211606,-0.34592003459154597,-0.4703184216850575,0.24632189169722823,-0.509584699024865,-0.4769710284432707,-0.2696078419456602,-0.5030532333934721,-0.10851196688720322,-0.694807923405132,-0.6515478128725243,-0.7727407096543537,0.39758223286049754,-0.36815479827854086,-0.4841171159046764,-0.40832709468215844,-0.20916850473454326,-1.1777834516322416,0.21387921252227796,1,4,train
-0.6119177848673655,-0.7006554240586977,-0.5929684209171913,-0.07663516017004869,-0.6618500189600891,-0.1502782709313053,-0.5806049837857457,-0.425438488619531,0.34689446786755773,-0.6221434390799098,0.4478387951668316,-0.1848383291265905,-0.35474522822999904,0.03078922859833807,0.6057190019805052,0.4040241104108191,-0.2196993429734814,-0.06263622749935992,-0.3103697899035425,-0.6704486311237589,-0.43650225430858886,-0.5312012574537707,-0.30740165209345593,0.4179976356577066,0.34206680899164477,-0.4830814194163333,-0.3020920597810593,0.24960667799322123,0.09299427475888182,0.09232444748703467,0.15011283184753105,-0.3622651556322621,-0.2988788834906096,-0.4468185688445267,-0.27178690685037904,0.05412909833127535,-0.5630512401005939,0.11821685585621963,0.02960082106802771,-0.12986690622111444,-0.3453797580633101,0.14049187765025736,-0.7621097437144199,-0.34127513046903485,-0.7837415668944441,-0.42783668669275715,-0.654631988019762,-0.26443096127574506,0.5859937554282341,-0.14048829583617892,-0.14519498202618317,-0.14301446744574547,-0.06858959895904967,-0.4610502034039772,-0.158705426833254,-0.4495140842361671,-0.6315144235256889,-0.4401517578669464,0.2167333359198994,-0.30555143508241833,-0.38677724386811,-0.34934291603700285,-0.10361521801556257,-0.14706135609442414,-0.5290938462969257,-0.11806116137369842,-0.4986357963084687,0.0025827758665685806,-0.6725457103490899,-0.455875749197949,-0.3436620390659513,-0.12829968116446763,0.0823770924556152,-0.4025526961010217,-0.48946879647749075,-0.09975338806740529,-0.8757954822133851,-0.12551393998741672,1,4,train
0.3315371300935754,0.5941687936311034,0.6838377843599899,0.43597028016353256,0.31577527579866116,-0.4790832734315527,0.525051038207869,-0.40871441920993096,0.8369671138557443,0.6027941071396267,-0.05602690710381954,0.2850549176644607,-0.38746208793164966,0.03437521442173501,-0.3629074081909152,-0.1745139420291096,0.12165255796128213,-0.14105070005564446,-0.840068644313232,-0.4224515931782934,-0.4086645526567697,-0.004408036196359005,-0.21976985467423013,-0.5364135523939102,0.6181690417610187,-0.6997541316520737,-0.30799846742559556,0.04643913568414004,0.0292130545410149,-0.5760021409707312,-0.35068213389751623,-0.4934566889629393,-0.17467564180711115,-0.45310304949927166,-0.14663110164268067,-0.15112709300360358,-0.17273401696480606,0.1793366572923112,0.17853197324423709,-0.07925565447040353,-0.5060124807214899,0.04120209691161048,-0.3288197377821779,-0.5040653943331483,-0.38455695033738524,-0.6148424685896123,-0.20977243641976487,-0.7612760677072716,0.17355245280072645,-0.18381098171151422,-0.3941125862699213,0.21736602239834865,-0.24953282346092062,-0.24915066612521716,-0.5225078251134159,-0.6665927186076911,0.2595417385984719,-0.2351729959625826,-0.1511760742373771,-0.28548971907876336,-0.5910632902509301,-0.2663882835926225,0.16855808953883028,-0.1778416399281408,0.13246499569177303,-0.5366186600962595,-0.31310343873832747,-0.219606709640975,0.07880398029232694,-0.27107435572751676,-0.6399306449484197,0.2439538085385976,-0.17227136752455996,-0.43750887601687366,-0.22440590394607193,-0.0748863160976012,-0.3671841652974162,-0.297821232800031,1,4,train
1.3753019067026622,0.3479543413709035,1.1254274952524865,1.5643470356148121,0.9727508747546143,0.6184770870270195,0.8082068487184288,-0.3836283150955309,0.48587029284928224,0.9250469077604586,-0.051594071013461903,1.2644113688710725,0.5867732898508351,-0.11982217598433344,-0.40934840045940796,-0.47469878055926124,-0.04739790726355315,0.3793362541815166,0.22780424617670217,0.5075372991172018,-0.030071810192028883,-0.42790846897192525,0.4213259264453693,-0.44176120316565065,-0.07469127820741026,0.7211188466630696,-0.4674714738280751,0.14802290683868063,-0.5390196346727085,-0.009377424669581887,-0.18375047864916716,0.7405636714287432,0.23657509176713915,0.7975086007949768,0.1264361097195703,-0.04849899733616411,0.6328807315874602,0.024499826987545843,-0.007631966976024632,0.07980827960325934,0.4217799691145485,-0.281489690488992,-0.01287910845658475,0.616967559094724,0.44830971877549064,0.027328329622230002,-0.10711253989668862,0.06232302763868234,-0.7378097804245727,-0.07008893128875904,-0.036020594199982235,0.14424534329954694,0.058559693934156935,-0.09375767212079314,0.3201773219232856,0.12357351050465605,0.06821066084175026,-0.01575910998044672,-0.5190854843946536,0.5851887554798607,0.10010450001094455,0.6841335464992353,0.15360351220067683,0.4959045728765465,0.01619101740285022,0.2824550658522005,0.4378608657122443,-0.6862046292068165,-0.04920374477991447,-0.07540229205294147,-0.12912270377175003,0.06669024201332843,0.31743720936039227,0.257730702309516,-0.16490198929616157,0.27325269147965603,0.4857993974470733,-0.06807817571654533,1,4,train
-0.07241339384085045,0.7590445429124872,0.1777462055843196,-0.09275482810506698,-0.2172157741135438,-0.3679379204737226,0.122468967481971,-0.4777012055245311,-0.07003300707761594,0.3954969839332436,-0.3707582695192116,0.04433767544869412,-0.5910336594085868,0.14554077494704018,0.07496480462630224,-0.20180347280457794,0.24844040687990862,-0.4832229439376134,-0.3188449715740975,-0.6370644144772539,-0.6926091095053253,-0.7739393103861074,-0.5841336439436428,-0.47331198624173715,-0.10594813474733938,-0.8830925804669308,-0.4970035120507565,-0.4014529462245162,0.301732813653719,-0.6099027650229367,-0.5783162092361741,-0.3868635681317641,-0.11395405698406749,-0.5222323367014663,-0.41211311268931355,-0.1279530068851495,-0.47249764433309116,0.093768935281783,0.12775998954780207,0.16295533605085583,-0.3786141144753473,0.15538534476105442,-0.667327554916742,-0.6076591986103115,-0.9266595160321566,-0.572501536839381,-0.7426261850395416,-0.4658546530723099,0.007245475934795949,-0.2163029961180157,-0.7915073579572927,-0.07511669399685819,-0.2446424660419511,-0.4398602496761012,-0.437125629598684,-0.3829433030288998,0.07367726306337087,-0.3968463856336301,0.03277863084126116,-0.38178595589630704,-0.26420561603841797,-0.3424300299999712,-0.04379690866294877,-0.3420031537079631,-0.6132922443682146,-0.11084465277503358,-0.4102870546084015,0.10812278148265178,-0.8450778615334155,-0.6461124777704528,-0.3334458802424179,-0.08102939675772919,-0.5934207436456189,-0.37536455616647013,-0.381279860750381,-0.3160969142047008,-0.801622998496473,-0.07329960883207909,1,4,train
0.28409327661134415,0.14350841226198754,0.28028763657808287,0.1474282241267054,-0.4580593234054225,-0.4574716770230857,0.2746411377563535,-0.3376371242191308,0.27228639340368455,0.19950697653811775,0.2646149034320494,0.2883524141331698,-0.6819138252465051,-0.0014846438122343996,-0.5884779420664514,-0.3055036897513576,-0.008386261442437315,-0.7291592442277786,-0.4502102874677006,-0.5130658955045211,-0.6202310852105954,-0.7739393103861074,-0.662541041634529,-0.21301802586402355,-0.03822494557749294,-0.39557897793651514,-0.3493433209373495,-0.8631973605633371,0.11038915300011826,-0.47430026881411463,-0.38103334394267063,-0.6123490160438655,-0.43688248536116336,-0.4719564914635066,-0.5069281166345396,-0.01539316002408687,-0.26953268830248145,0.4441891301820415,0.2293039569406721,-0.010568955665867297,-0.6334108469676325,0.264604103573566,-0.6898947427257129,-0.7223523390600277,-0.709818489754248,-0.36079687808822414,-0.43464649547031287,-0.5911849501901725,-0.3852389894688,0.3360612487925095,-0.48145209653088206,0.5568548896427852,-0.5282831963421812,-0.4893034750411452,-0.5113710170027986,-0.2584848859892261,-0.3472511080014167,-0.3188967156136608,-0.2364233765908924,-0.36573658309338314,-0.5774442204920754,-0.4184717764073198,-0.016878669454272556,-0.46854432057990947,-0.5250843987697215,-0.4355875397149516,-0.4544614254584351,-0.10295722974951463,-0.7671601158372685,-0.49392309491244973,-0.40495899200715163,0.001693600954063082,-0.5787294863390703,-0.34040837625061815,-0.7166655615044212,-0.38323800852317186,-0.9022856549694251,-0.25604976787576084,1,4,train
-0.6918945664516981,0.029194559426894716,-0.3911933470262378,0.113576921463167,0.06923128747028828,-0.01906500702275589,-0.06437534285492905,-0.421257471267131,0.07772023842927016,-0.047365052007665776,0.8866895681122374,0.03114768957385759,-0.5983040726756202,0.03437521442173501,0.2872664835679834,0.1420446149663231,0.08589188262525929,-0.25867240889007126,0.06677579443615651,-0.47014333124472907,-0.5701232222373209,-0.4382377478201098,-0.36736025032766306,0.070939021820755,0.034707719682341695,-0.724754829217736,-0.6682893337423086,-0.20752029220221144,-0.005576701941457962,-0.3096400948462593,-0.2596285037620531,-0.6246482222936165,-0.2519576588546213,-0.5693659416120536,-0.6889729242093736,-0.10808950449790315,-0.5505610889602488,-0.08144116216834626,0.13114478846089775,-0.2600101250086568,-0.46170000550544027,-0.27156071241512725,-0.7079484929728896,-0.5817607475410207,-0.596469771472614,-0.4525355635470588,-0.5275292589911914,-0.06748335151910388,-0.07258187296085068,-0.02676624541342373,-0.6037274108962271,0.3009325127969792,-0.6114192724646625,-0.5987849026351713,-0.756380795436377,-0.5131904836518142,-0.15592003024469506,-0.43726473305139196,0.2840338377779378,-0.4620328199109268,-0.2471817788398496,-0.40118956131474054,-0.3727976101023247,-0.3317430590967242,-0.464942685861658,-0.10362814417636873,-0.5207229817334855,-0.10851196688720322,-0.6447179440290375,-0.7439485096077403,-0.5207421253405301,0.29713287849617837,-0.12330050983606473,-0.35982847620386926,-0.9546812201040625,-0.2763095990530143,-0.6055957201017766,-0.27171406722236213,1,4,train
0.35458128749923057,0.5611936437748266,0.7681863808226016,0.35859587407544485,0.2772973123023255,0.5783412651255809,0.5462395682460742,-0.3062794940761307,0.886705830164993,0.6819439178184276,0.014898470341902625,0.3328686164607431,-0.4565310139684676,0.03437521442173501,-0.3761762631247703,-0.34916693899210693,0.04037829583395748,-0.5117372975944441,-0.04340156728105893,-0.36045233369192703,-0.3808268510049505,-0.01990195446863582,-0.07217945902079716,-0.2524565047091316,-0.05906284993744569,-0.39557897793651514,-0.22530876040208764,-0.11055396519105906,-0.09834938589471894,-0.14982286717157617,-0.05728710346102389,-0.3171680660498418,-0.0780731204977235,-0.4688142511361341,-0.4879651158454944,-0.05180958106737184,-0.29139045279808556,0.1508140832888018,0.18191677215733276,0.0834233690140244,-0.3786141144753473,0.04120209691161048,-0.4190884890180616,-0.5188645092298859,-0.19235694977287543,-0.12792175346195164,-0.15599820490767732,-0.022722531119867252,-0.2721502451999673,-0.10258094569526052,-0.21069961472190374,0.5255174557432988,-0.07837031379698864,-0.41513863699357917,-0.4556869764497127,-0.411887120945103,-0.2269858591257631,-0.1572233259426133,-0.22296327621928475,-0.20524285506414364,0.1681998488052179,-0.49105707979615254,0.00405773881914228,-0.2325621445214149,0.1845878135454281,-0.21909228175500625,-0.1143187699131761,0.052575410105765885,0.012017341124200984,-0.3362983769523752,-0.4356074684777518,0.19668352413185916,-0.02046170869022477,-0.3015681763441159,-0.22440590394607193,-0.07239960890062079,-0.6744701692674808,-0.40747132822624005,1,4,train
-0.1862786421982054,0.2336404885358107,-0.06868400761036947,0.09100938635414141,0.2929735196526845,-0.3494136949807509,0.18218209758964007,-0.3585422109811308,-0.15634430890837117,0.1957379379343653,-0.7372060529887761,0.15315505891609546,-0.5692224196074863,0.08816500177268913,0.08823365956015732,0.38765039194553813,0.0013666500128416445,-0.5865874759436248,-0.551912467514361,-0.7467554120300559,-0.6090960045498678,-0.5776830122706011,-0.5057262462527565,0.17347906681803613,0.43062790252144395,-0.8247576194803854,-0.8513879707229332,-0.3783657255075752,-0.341877681272029,-0.3047971485530871,-0.3102138538373104,-0.5057558952126903,-0.3319997479395425,-0.6416374691416207,-0.37039451095341414,0.0475079308688599,-0.4849877954734364,0.13044081614343794,0.01944642432874071,0.32924944894604885,-0.5060124807214899,0.120633921502528,-0.7485694310290373,-0.7297518965083966,-0.709818489754248,-0.38549575494252575,-0.615523456010971,-0.27785920739551606,-0.09253871018476234,0.038217783399579236,-0.6299292639745153,0.045010135951173195,-0.47448926473351694,-0.28799891462632315,-0.7600930648065828,-0.3829433030288998,0.6148708830038121,-0.23228597114702818,-0.007601670273561874,-0.29752674868095635,-0.1927054998044309,-0.639684129592334,0.14163985033015405,-0.5061646674877854,-0.4769710284432707,-0.2623913333469953,-0.49421835922346535,0.0025827758665685806,-0.6391523907650271,-0.3689103875648044,-0.571822919458197,0.037146314259116915,-0.4269198275047351,-0.19669963659655992,-0.9222245393859296,-0.29371654943187714,-0.8757954822133851,-0.1881711373738219,1,4,train
1.253303426319782,-1.1886876419315942,0.3679440211372676,-0.10403859565957976,1.0867596554844978,2.4770743781551783,-0.7828591341504312,-0.6135842694775314,-0.39187175966687277,-0.9085903729650937,0.3192865485464602,0.034445186042566724,0.205076593331578,0.03078922859833807,0.3867828955718965,-0.332793220526826,0.31996175755195433,-0.19807940736930593,-1.4672320879343046,-0.5082967216978775,-0.4420697946389527,-0.2884632045214339,-0.7870704379671131,0.7966070325707446,-1.231194970184788,-1.3664394000697362,0.046385991246581174,-0.8031705866992903,0.1335823239884335,-2.2129179880629404,-1.311803785327405,-0.436060393130768,-0.4755234938849184,-0.6259262675047583,-0.19593490369419822,-0.12464242315394178,-0.4100468886313651,0.3056509135935672,0.17176237541804576,0.4955435618412418,0.5270220977526663,-0.4502823177446917,-0.716975368096478,0.03980207812195808,-0.522546694332418,0.41545353733268414,-0.46886646097800494,-1.6788728858916226,0.26668435984564753,-0.44916243269794304,-1.4290857828623063,-0.04900216574728614,0.30307756488263116,-0.30565720939955315,-1.2315512748227109,1.5765531698980562,-0.024721576925800248,-0.7779336612868135,-0.7344470903403765,-0.698761068754055,-1.0302782899739933,-0.5636423831849854,0.24632189169722823,-0.29070268065176863,-0.721547327602729,-0.33094816503431135,-0.48538348505345863,-0.036300384097251545,-0.41096470694059667,-0.6135004671580235,1.3488149393660807,-0.07512061120688689,-1.2545273224403044,-0.9035912748949003,-0.8951773054541522,0.38515451534377443,-0.4572507526679524,0.1929934800601429,1,4,train
-0.2743886558080634,-0.33133374566839796,-0.25722792911503095,-0.6005243680581428,1.9717528159002178,0.2696041735760529,-0.2666294932196146,-0.5362354484581312,-2.0610445628684277,-0.40353920006226945,-0.9928329341993997,-0.4387455572171936,0.25233427956729554,0.6690947051629935,-0.08426145457995865,-0.1745139420291096,-1.3607899832411197,-0.8717310125119323,-0.3654584707621502,-0.7944471500964916,-0.364124230013859,-0.2936278439455262,-0.21054545494589055,-0.03160102317652613,0.3368573329016566,-0.4539139389230606,-0.31981128271466813,-0.7800833659823493,0.31912769189495543,-0.32416893372577593,-0.8110088195823577,-0.6820445181257878,-2.9099070308814876,-0.46567201080876164,0.28572531634755005,1.428021346782481,-0.2039593948156691,0.29750160673542164,0.4459310873787948,-0.03225949213045769,-0.985141118995026,-1.046021002176573,-0.19341661092835225,-0.19328398150165893,-0.4781928480483003,-0.367853700046596,-0.4933092934834993,-0.34500043799437097,0.10037738297971703,0.20067785543208663,-0.44651629242649776,0.19125149414877662,0.3324197093964481,0.1887750442508869,-0.5744795962962961,-0.4003095937786217,0.7242029274362244,0.16323642858392728,0.11802593319477646,-0.405860015100693,-0.7204444529600494,-1.5003384412027798,0.2792219618411658,-1.1935910064407913,-0.19630970153897423,-0.2551748247483305,0.03587409097693825,0.4358522726062786,-0.19390812964418735,-0.49935843001452124,-0.10528499985017212,0.4684876594706052,-1.043952634379775,-0.600637715624183,-0.4732404561184243,0.3254735426162446,-0.5420193054872805,1.2163943707047606,1,4,train
0.5389345467444718,0.14350841226198754,0.41425305448928973,0.042650382549086575,0.7518588620904653,-0.4142484842061518,0.060829607370828716,-0.4693391708197311,-0.052478166027292834,0.10339649214243103,-0.1653701973326412,0.24548496003995113,-0.7073602716811223,-0.008656615459028282,-0.11079916444766881,-0.31641950206154495,-0.22295031345857438,-0.5010444149731326,-0.44597269663242306,-0.26506885755905574,-0.6035284642195039,-0.5673537334224166,-0.32585045155013503,0.06305132605173337,0.4358373786114322,-0.5247492486924372,-0.804136709566643,-0.2444598453493171,-0.15053402061842824,-0.42587080588239246,-0.07246270848360108,-0.4073622452146824,-0.2740382351539099,-0.6699176320879731,-0.5183059171079667,-0.04518841360495639,-0.4943554088286953,0.2567550724446939,-0.0110167658891203,0.09426863724631959,-0.370305525372338,-0.18219990975034506,-0.8343247447031269,-0.46706760709130435,-0.5274748994750976,-0.6395413454439139,-0.7132947860329484,-0.4345220787928442,-0.09253871018476234,0.1465244980879175,-0.6211953129484192,0.14946824894946134,-0.8461564285751978,-0.4681135213132692,-0.4259888214880668,-0.5768668830674611,0.05727745639850902,-0.4401517578669464,-0.08836227250320794,-0.38579829909703806,-0.34592003459154597,-0.5290779529998269,0.06387604817175609,-0.43776403674619274,-0.6173016918954188,-0.3201234021363141,-0.5516450413285091,-0.014081435546497188,-0.6725457103490899,-0.31999237164616057,-0.8033891861249539,0.04896388536080152,-0.45140525634898276,-0.6239418355680844,-0.9059961990268632,-0.35837093655336777,-0.5420193054872805,0.10422911709606891,1,4,train
0.8954412171966664,0.3611444013134142,1.0956574023833294,-0.26523527500976257,2.098587584462213,-0.22900622927643496,0.13017388749586378,-0.6282178302109315,-1.2462073574492636,0.12789524306682176,-0.7534597853200874,0.021255200167730196,0.05239791472387516,0.13119683165345242,-0.2169500039185094,-0.7203045575384763,-1.1364730197697037,1.1777381565727776,-0.5561500583496384,-0.7086020215769073,-0.770554674130419,-1.1302994306484742,-0.5749092442153032,-0.21301802586402355,0.14410671757209365,-0.2247408779044891,-0.27846642920291415,-0.04590974718362414,0.04660793278225133,-0.5372585706253534,0.23104939196794275,-0.8460339347891344,-2.026683978909943,-0.7390469192901676,-0.18076450306296205,0.7758363517345592,-0.26641015051739514,-0.5337276927954241,0.23268875585376778,-0.050334939184283015,0.6599595234008151,-1.1304173158044228,-0.16633598555758713,0.23959012922791553,-0.749244130895686,-0.5407458380267075,-0.7719575840461348,-0.2689070433156687,-0.05927731481157625,-0.28128702493101865,-0.1932317126697116,0.045010135951173195,0.004765762325492603,-0.4116069780389332,-0.22181400612675148,-0.5276623926099158,0.34154077192278115,-1.297598128086609,-0.49665198377530756,-0.4580204767101958,-0.012252825499606506,-1.0268057476661088,-0.3518612018289099,-0.23598217605849453,-1.8441926352199147,-0.370638962326968,-0.19383263744323664,-0.019636172684185778,-1.0009133529257093,-0.6950304936890965,-0.9906854312230661,-0.20511389332541757,-0.0498442233033219,-0.48800113589532657,0.051475882158057866,0.3205001282222838,-0.9340738622766732,0.7830154221154583,1,4,train
1.2980362024601713,1.2316883575191209,0.9484608320858305,1.4837486959397206,0.06780617771116473,0.2510799480830812,1.280133199569362,-0.5216018877247313,0.13769927868454077,1.3622553857957393,-0.6071761943382854,1.346848780588801,0.6522070092541363,-0.6577200494938745,-0.6017467970003065,-0.578398997506041,0.2029268200886068,-0.4048084713813288,-0.2849442448918774,0.9606088107483404,0.649168110112359,-0.500213420909217,0.6104261208763303,-0.9150229493069482,0.3316478568116684,0.9419583418264204,0.4480217110750481,-0.1844330714852704,-0.7361615880733882,-0.019063317255926318,-0.3911504139577221,0.5068787526834745,-0.2629979470042656,0.6309698634442351,-0.41969831300493166,-0.20078584897171944,0.5922877403813382,-0.34629363505807653,-0.5898173800284795,0.09426863724631959,-0.481086713412462,-0.10773257419635987,0.366249646734127,0.4171795079887666,0.8524225404752293,-0.18084791814974085,-0.3759836974571264,-0.2330983869962794,-0.8176371293202194,-0.8390666055759608,0.579722953139791,-0.4563888064406099,0.7040868732381289,-0.29859389149026117,0.6617061039822131,-0.3945208301953811,0.17754270527416263,-0.20918977262259283,-0.6402263877391228,0.3564851930381945,-0.5876585228112164,-0.25947539755559085,-0.45953415866361474,-0.15048138763150376,-0.2845175471374674,-0.18661799306101445,0.336259812757167,-0.45290566942389576,-0.42766136673262817,0.45726054795006904,-0.2483112233796396,-0.6187288818843789,-0.38284605558508944,-0.3481764162319186,0.22998762610778892,0.43488865928338255,1.0156028525678742,-0.12029250687188296,1,4,train
-1.3683083632412232,-0.8941096365488548,-1.0494431782442664,-1.5806001785072543,-0.6005702993177768,-0.13329773089608127,-0.9254001544074477,-0.7411052987257317,-0.2397298038974059,-1.0122389345682852,2.8061075952370933,-2.319967292615753,0.5177043638140171,-3.444031034273298,0.5261058723773747,0.5732192012187228,-1.4713229797342813,-0.265800997304279,-0.3188449715740975,0.4073846491776869,0.5712225454872654,-0.2987924833696185,0.8364239142206495,0.26813141604629565,0.31080995245171567,0.5044461344273293,0.32989355818432253,-0.09208418861750622,1.6701299019643185,-0.2515247393281927,0.06411773671959363,0.7569626130950778,-0.14431484939558933,0.9766162994552083,-0.05940129801307272,-0.6245405665663082,1.1324867772012686,-2.049498768410496,-4.279248195302757,-0.7841980895695913,0.13928793961223232,0.46814815408779215,0.2895212081836258,0.7390602569928092,1.0199815153263403,-0.17731950717055492,-0.2342152689252592,-0.23757446903620308,0.3598162668905686,-1.8084117020365882,0.2827686182525245,-1.6628800115708382,0.6307315119535867,-0.08669435421150114,0.2607810119999939,-0.25559050419760576,-1.9598987633794989,-0.19475464854482075,0.9390920558628448,0.9101885547390707,-0.17568166260586257,0.3903358899253883,-2.759548153271616,0.5643052036181391,0.08435162536532222,-0.031463058189720276,0.5748014153473486,1.024654409201269,-0.2940880883963763,0.9301347018302928,-0.45263439985030746,-2.3913645471370706,-0.07432965214756951,-0.029686776998600402,0.06229477573076884,0.8402219323911891,0.7136148831490177,0.3861865053348922,1,4,train
0.6704217978237984,0.8865484556900908,1.1866215750390872,-0.07824712696355052,0.8986451672801902,-0.16417144005103407,0.4884526681418783,-0.6135842694775314,-0.2675249688937508,0.6612142054977892,-0.20231049808562146,0.0740151436670763,-0.2893115088266978,0.07740704430249831,-0.06435817217917604,-0.9495366160524104,-0.14492702181634273,0.4541864325306973,-0.5052989683263083,-0.8707539310027885,-0.6647714078535061,-0.861738180595676,-0.37197245019183284,-1.2068676927607485,0.14931619366208182,-0.170572699845554,0.03457317595750862,0.4065997788684203,-0.1795254843538223,-0.3871272355370147,0.1248201568099024,-0.8665326118720527,-0.3954814047999972,-0.506521135064604,-0.38177231142684126,-0.005461408830463696,-0.34759613292963903,-0.10181442931371014,0.012676826502549374,-0.14071217445340964,-0.18197750570412724,-0.4304243615969623,-0.18890317336655807,0.08049964408798645,-0.40919797605078395,-0.6571834003398437,-0.7475147515406405,-0.2554787971958977,-0.5382414081854561,0.021971776196328494,0.10808959773060299,-0.4511659007906955,0.15147648489457716,-0.5140250877236672,-0.18469131242469414,-0.5623949741093596,0.024477843068785313,-0.6942099416357354,-0.3755110804308384,-0.405860015100693,-0.2676103834781316,-0.5912939273331121,0.04593055536597195,-0.6463859605080503,-0.9861708643982086,-0.6160002546815727,0.08888333599697862,0.030356461555011528,-0.9675200333416464,-0.3526043822585898,-0.779551482203376,-0.09875575341025611,0.5329089831897713,-0.3870166161384208,0.18130260503058954,0.14891733163063559,-0.7486426529843929,0.02068618724752867,1,4,train
0.015696619769007526,-1.034803609268969,-0.05049117307921793,-0.8552151214314316,1.1067111921122275,-0.11477350540310959,-1.08335101469225,-0.4066239105337309,-0.9550895766980723,-1.1102339382658482,-0.005788098079766338,-0.6679215617924783,-0.02030621794645952,0.023617256951544187,0.1943844990309979,0.06017602263991808,0.18992293814823485,-0.3798584119316019,-0.3781712432679828,0.06400413509935024,0.38192617425489495,0.07822619458911734,-0.12291365752666474,0.3943345483506417,0.38374261771155027,-0.574750643823762,-0.3552497285818858,-1.2926196658984404,0.44089183958361045,-0.07717867277399292,-1.3016867153123535,-0.6697453118760368,-0.9640562445066788,-0.5976461045584059,0.27814011603193195,-0.08822600211065681,-0.43814972869714186,0.22008319158303896,0.16499277759185443,0.17380060428315103,-0.5337077777315209,-0.2765252014520596,-0.8388381822649211,-0.5595620751959143,0.17233023078542525,-0.3890241659217117,0.38663267671429713,-0.23757446903620308,0.13363877835290314,0.005725768993077752,-0.4901860475569781,-0.23702676914420484,-0.11260281572977503,0.036913709201108875,-0.49280967015177,-0.484246665735611,0.013544638625544076,-0.3506539885847594,-0.12425587349416176,-0.4780821927138507,0.07967589537266254,-1.1512376963326794,0.03994872443071057,-0.899468294251943,-0.4328671056440241,0.004619484803603952,-0.6709158426235999,0.40252384978014705,0.5017860283571246,0.3213771703982807,-0.4253913096542184,0.2616801651911245,-1.2300418935960566,-0.3792485761571204,-0.6192955193500225,0.13399708844875313,0.08844680610647258,0.2660935436776156,1,4,train
0.47115761319842725,1.8494228314933723,0.9633458785204091,1.2774169463714866,0.3072246172439199,2.362841654281853,1.2705020495519959,-0.5027873096389311,2.076046311324383,1.4696729860026834,-0.13286273267001852,0.9016867573130681,0.47044667757829955,0.13478281747684936,-0.2700254236539297,-0.4364934374736056,0.10864867602091019,-0.18738652474799442,2.1092945770399196,0.5170756467304889,0.988788070264553,2.371326098886086,0.301408729976955,-0.8519213831547752,-1.090539115755107,0.046100012390186317,1.463923825935288,-0.05052719132701235,-0.4172554869840535,2.920605082699609,0.13999576183247958,0.3797869547693809,0.3469779732635822,-0.11688333447041593,1.1238899512233482,-0.2537551886710431,0.0864366191973571,-0.2973977939092033,0.16499277759185443,-0.5311418308160367,-0.19859468391014584,-0.08291012901169816,0.5467871492058946,0.23589035050373114,0.37438664163529456,1.2622721723373114,1.999859622076924,2.4838834112373838,-0.6446778733796517,-0.22171833185243262,0.04258496503488243,-0.18479771264506076,1.4865440602732465,0.849195268769689,-0.12158273313119668,0.27697574546053294,0.002611434182302841,0.21520287526390686,-0.36653768018309996,0.21605318101260995,3.14056182367525,0.1069075624070889,-0.0019240921161191016,-0.2325621445214149,1.359355939016269,1.01132243431735,0.7426640245774764,-0.3584751380831897,2.7224417806973125,0.7670746487681467,-0.01674495671288272,-0.12239089561362532,0.09217126399331424,1.764730458681802,1.0305857504884008,0.6785859645874627,0.7242109522514337,-0.966164671588353,1,4,train
-0.7867822734161606,-0.2917635658408658,-0.5929684209171913,-0.5537773310465898,-0.4680350917192873,-0.7770145667768473,-0.2724081832300342,-0.5236923964009312,0.5794961117843388,-0.282929964742192,-0.3633702093686155,-0.46182803249815757,-0.32566357516186517,0.3140821086466964,-0.21031557645158186,0.22391320729272807,0.16716614475258396,-0.44045141345236727,-0.12391579315133175,-0.47968167885801616,-0.3585566896834952,-0.44340238724420206,-0.4365432482902098,0.047275934513690124,0.597331137401066,-0.6205852560274763,-0.39659458209363974,-0.20290284805882325,0.21475842244753685,-0.1304510819988873,-0.4771455090856595,-0.1408794431367443,-0.38996126072517506,-0.19229710232735553,-0.8444695306795443,0.0210232610191981,-0.11652833683325262,0.3341734875970766,0.35792631563830746,0.16295533605085583,-0.3869227035783566,0.20503023513037785,-0.7440559934672432,-0.3449749091932192,-0.5274748994750976,-0.27258660360857545,-0.3759836974571264,-0.1391006641578825,-0.07258187296085068,0.4497832992152646,-0.3679107331916331,0.060678852900916416,-0.30332675506958495,-0.8318743936418073,-0.6153145593685592,-0.05298377878418341,0.002611434182302841,-0.5845029986446674,0.2705737374063301,-0.0006133518268633283,-0.9689924760591474,-0.23873673944449575,0.5125133683163597,-0.07182066227867225,-0.5892355592049893,-0.20465926455767655,-0.5163055446484822,0.28587436988868664,-0.6669801570850795,-0.5537117810352367,-0.14614963514430568,0.30304166404702065,-0.182065539062259,0.11790598264610802,-0.4353743286139359,-0.059966072915718746,-0.5155291327312405,-0.34481413083983486,1,4,train
-1.1554887919066432,-0.4412509118559872,-1.5902665320339533,-0.898738224855981,-1.6708277284195574,-1.3126734206152786,-1.1854412048763294,1.0149219892822727,-0.8029476209286054,-1.0028163380589041,1.8042866388162677,-0.8097139099469709,0.5795028765838016,-1.4036051007604382,-0.7278009188719298,-1.1896844868765317,-2.3133243353733643,1.2668455117503736,0.5583363313283486,0.4073846491776869,-0.22493572175476312,-0.2729692862491571,0.056962137175956676,-0.09470258932869914,-1.0332348787652368,0.3794426465990176,-0.11308701515589835,1.173095506670863,-0.4520452434665264,0.08748150119386244,-0.07246270848360108,0.5765742547653967,0.6450657533039784,0.24133206285004719,0.16815471145546976,-1.1840292171404136,0.36746501985512436,-2.0698720355558597,-0.8944492822070896,-2.042249204515834,0.8039750678529763,-1.4729670593527546,0.7769724648573981,0.7908571591313907,-0.05929541092052248,0.9129594853979026,0.205755716173639,0.6442136928287585,-0.48502317558835834,-0.5412231401830305,-0.07969034933046261,-1.480078313823834,0.5573761506690444,0.3194464255727889,0.2756300894808168,0.6445622329963135,1.5496598629009377,0.16901047821503612,-0.7254736900926381,0.3604975362389255,0.48143845325887535,0.915715228739797,-1.5243000651401408,0.6634861181934484,0.5895420137930559,0.5025585781114783,0.6631501570474159,-0.8806204290259171,0.17341838578050536,-0.33086304185030363,1.2466533511307467,-1.5345906422649362,1.0324117316124226,0.7276971211781929,-0.20276811680065,0.6213916990569133,0.2155996353354648,-0.6319929521941919,1,4,train
0.2366494231291129,0.4688632241772517,0.5432567902556371,0.05232218331009754,0.21459248290088964,-0.13792878726932417,0.19759193761742566,-0.3397276328953308,-0.11245720628256342,0.3860743874238626,-0.20969855823621752,0.20756375064979612,-0.6092096925761704,0.2280184488851698,0.10813694196093991,0.2621185503783837,-0.05064887774864614,-0.23372234944034437,-0.47139824164408817,-0.8707539310027885,-0.4921776576122272,-0.7274575555692769,-0.768621638510434,-0.47331198624173715,-0.027805993397516562,-0.2205740949768787,-0.8218559325002518,-0.3552785047906341,-0.3302810957778714,-0.4016560744165314,-0.41138455398782503,-0.75174002020771,-0.15811520958264472,-0.5410857786657012,-0.3779797112690322,0.004470342363159477,-0.45063987983748705,-0.0610678950229824,0.06683360911208006,-0.010568955665867297,-0.4977038916184806,-0.008442793457712965,-0.6853813051639187,-0.6927541092665526,-0.49297746347633953,-0.3184559463379928,-0.7915118500505303,-0.49271114531185184,-0.09253871018476234,-0.1675649745082635,-0.43341536588735363,0.20692021109851985,-0.9635250066304654,-0.4398602496761012,-0.2923471241606604,-0.3511051033210763,-0.06298779247714457,-0.4978922541780348,0.10456583282316878,-0.28548971907876336,-0.4616821275418107,-0.435753991499899,0.12070344205673923,-0.2325621445214149,-0.42885765811681986,-0.10362814417636873,-0.4986357963084687,0.10812278148265178,-0.5445379852768486,-0.4776170896062351,-0.6263090998503751,0.11986931197090918,-0.15268302444916187,-0.27049601641891413,-0.4840593496911353,-0.23154886950736694,-0.785728894842849,0.24520781121548055,1,4,train
-0.4519642216987002,-0.6017299744898674,-0.30519085651533956,-0.26362330821626073,0.16898897060893628,0.18778884431542792,-0.6017935138239507,-0.33554661554293075,-0.32311529888644064,-0.6673719023249388,0.21289848237787698,-0.1469171197364355,-0.6346561390107875,-0.0014846438122343996,0.021889384890881942,-0.09264534970270459,0.04688023680414345,-0.5509445338725864,-0.039163976445781415,-0.2936839003989171,-0.4754750366211357,-0.46406094494057115,-0.44576764801854935,0.4810992018098796,0.19620147847197553,-0.3580779315880216,-0.845481563078397,-0.8031705866992903,0.3597157411245071,-0.32416893372577593,-0.4771455090856595,-0.509855630629274,-0.38996126072517506,-0.6039305852131509,-0.4310761134783588,-0.2802398585207049,-0.39131166192084726,0.23638180529933003,0.1988407667228111,0.07980827960325934,-0.6583366142766603,-0.2566672453043302,-0.3965213012090907,-0.7038534454391058,-0.256423616627712,-0.4878196733389183,-0.4737550274791038,-0.20624189475673743,0.4196867785623036,0.043633119133996146,-0.27183727190457624,0.3583844749460377,-0.39624354603000517,-0.7188613070931352,-0.3331820872329235,-0.5160848654434345,-0.18325304135279816,-0.10525687926263373,0.19429983530055328,-0.28548971907876336,-0.33570573227240497,-0.42192821942583564,0.15061259673304614,-0.46170425750575017,-0.3045647847734886,-0.30569038493898437,-0.37494755792837453,0.11923225575802895,-0.550103538540859,-0.1406263132777999,-0.6842006665170643,-0.03966789790183305,-0.7550245740176531,-0.4530449559794746,-0.40832709468215844,-0.2763095990530143,-0.43076057991191236,-0.03674957702334274,1,4,train
-1.3425531284937264,-1.5382242304081277,-1.8796979904840916,-1.3468649934494892,-1.0751318491059165,-0.6303644482908215,-1.7247856058488242,-0.5236923964009312,-1.2037831582443161,-1.7585085781112644,-0.10183288003751509,-1.1839797591454575,0.8303321342964562,0.23877640635536065,0.7052354139844182,0.846114508973406,0.15091129232711903,0.9353661504897162,0.4057830612583579,1.2753742819868157,1.2504624657916532,0.5895254975742522,1.011687509059101,0.3706714610435768,0.34206680899164477,1.216966015048706,1.0859137366849663,1.0345721823692169,0.6206389147430537,0.37321533249102323,0.9746540380742251,1.449817898497717,0.7278679144263107,0.9137714929077587,0.9797711452266046,0.0011597586319517525,0.6016553537365971,0.183411310721384,0.11083599498232374,0.23525712426615714,0.5104049195466477,0.4731126431247245,1.3682327854524365,1.1645348102740147,0.9756276690422228,0.3096012079571057,1.0172577553560513,0.47859865735158297,0.5859937554282341,0.24400054130742196,0.806805679818289,0.4315051540448394,1.007289033214237,0.7326505232663709,0.9586876535986718,0.16409485558734052,-0.12312041691497136,0.8214780865303349,0.47696194310431456,1.114818057976351,0.1886284534434999,0.8742379125176069,0.04293963989834126,0.6874263389530059,1.459592127196375,0.22472299706288174,1.4847934548580415,0.37475016409170414,1.325487911430678,0.7127212977474313,0.19779437858131851,0.4330349461655514,1.3409281350499425,0.24607864233756535,1.1604124733609325,0.6487454782236978,1.3970613402548508,0.6524795942271142,1,4,train
0.09431786268241928,0.7656395728837426,0.5664113069316481,0.4408061805440381,0.09060793385714143,-0.006715523360774768,0.4961575881557711,0.8163236650432721,0.3264138199755141,0.6630987247996655,-0.3471164770373042,0.6032633268948919,-0.49651828693715166,-0.14492407674811203,0.22755663636563558,0.3112397057742267,-0.018139172897716275,-0.5295587686299633,-0.4120719699502029,-0.5750651549908875,-0.4253671736478612,-0.4743902237887557,-0.39503344951268177,0.4889868975789012,0.1180593371221527,-0.4872482023439437,-0.4910971044062202,-0.12440629762122368,0.6728235494667629,-0.5372585706253534,-0.24951143374700163,-0.5590524556282779,-0.19399614606898868,-0.5410857786657012,-0.450039114267404,-0.012082576292879146,-0.6536048358680967,-0.32592036791271267,0.02960082106802771,-0.0033387768443371656,-0.5087820104224929,0.17027881187185145,-0.22049723629911738,-0.5040653943331483,-0.2810646423411107,-0.39960939885926955,-0.503086426485697,-0.5464241297909358,0.20016156909927532,-0.048427588351091386,-0.4858190720439301,0.12335372069988931,-0.10282210089183606,-0.4539868854946852,-0.4556869764497127,-0.5074017200685735,-0.25978547245548683,-0.4661349812069362,-0.1646361746089848,-0.397835328699231,-0.32889619739297765,-0.3942766752777089,-0.12455162628897741,-0.2770225545034501,-0.3406498125183267,-0.35981419942897075,-0.246841882463277,-0.036300384097251545,-0.5723657515969011,-0.15693231858401452,-0.6194983273013528,0.3562207340046014,-0.11350633829836569,-0.4413928960075239,-0.18653977644158354,-0.09726668087042488,-0.35129006164379223,0.15644344825140655,0,4,train
0.22580511376174578,0.6007638236023587,0.5697190950282212,-0.1459497322906273,0.4226585077329269,1.1757475372739177,0.23033784767647,-0.3857188237717309,-0.11684591654514419,0.31257813465069034,-0.23481796274824412,0.18283252713447762,-0.46380142723550105,-0.04451647369299769,0.24745991876641818,0.19662367651725973,-0.11241731696541288,-0.34777976406766736,-0.19171724651577202,-0.7658321072566302,-0.6313661658713231,-0.7842685892342919,-0.390421249648512,-0.04737641471456939,-0.16846184782719764,-0.43308002428500864,-0.7568854484103528,-0.36913083722079876,-0.03456816567685202,0.08748150119386244,-0.1382236635814356,-0.6492466347931185,-0.2878385953409653,-0.682486593397463,-0.4765873153720673,0.024333844750405825,-0.3226158306489486,-0.06514254845205518,0.06006401128588872,-0.1334819956318795,-0.27614151553823263,-0.21695133300887146,-0.6537872422313594,-0.7741492411986093,-0.6703928486128101,0.09436813822676299,-0.7719575840461348,0.12498817619761363,0.15359561557681478,-0.09716560996084361,-0.35480980665248896,0.09201628680040287,-0.5478446260180592,-0.4610502034039772,-0.47424832330074135,-0.19770286836519937,0.15020969416605953,-0.3910723360025213,-0.08387557237933872,-0.5543167135277395,-0.5229679414566567,-0.3977331182962247,-0.025851415857164627,-0.16758154531690192,-0.328621469936714,-0.2407418075510008,-0.5207229817334855,0.23588173564948933,-0.6669801570850795,-0.37434572266687594,-0.3164189488698622,0.0253287431574323,-0.38284605558508944,-0.6511299755026358,-0.040484713209985396,-0.05747936571873834,-0.796324963945265,-0.3030426659155647,0,4,train
0.2556269645220054,-0.8963079798726066,-0.037260020692925895,-0.232995939139726,0.43690960532416234,1.6542900291756861,-0.49585086363292497,0.9542972376724724,-0.7034701883101078,-0.5109568002692134,-0.24811647101931703,0.03939143074563042,-0.3729212613975827,0.2244324630617729,-0.031186034844538354,-0.20726137895967162,-0.05715081871883211,-0.4368871192452634,-0.840068644313232,-0.5226042431178083,-0.3808268510049505,-0.3814267141550948,-0.44576764801854935,-0.3944350285515209,1.2849819812795067,-0.7039209145796841,-0.47337788147261134,-0.5676809353864918,0.12778403124135468,-1.312129977532908,-0.49737964911576243,-0.5139553660458576,-0.5058842862964402,-0.5567969803025636,-0.10870510006459026,0.1832418638483766,-0.33198344400420754,0.10599289556900131,0.16837757650495008,-0.4263042379038498,-0.5309382480305178,0.29439103779516007,-0.5635184909954757,-0.5410631815749922,-0.6605364383274507,-0.4595923855054307,-0.5764149240021801,-0.8821302827852106,-0.112495547408674,0.36855326319901094,-0.6735990191049956,0.060678852900916416,-0.09793174347286658,-0.3762903884924732,-0.6338759062195879,-0.17454781403223682,-0.06845439469876519,-0.5383106015957967,0.10007913269929955,-0.38579829909703806,-1.2481834061156682,-0.2871269417037176,-0.010896838519011173,-0.4651242890428298,-0.34465926004553094,-0.21548402745567383,-0.5030532333934721,-0.3473656638078126,-0.3107847481884078,-0.2656390206254452,-0.09166345475212759,0.21440988078438608,-0.45630234211783227,-0.8686350949790483,-0.7653505825816206,-0.07737302329458161,-0.49433699452640845,-0.1881711373738219,0,4,train
-0.3150548159356901,-0.16425965306326232,-0.5582366459031747,0.9904868571281613,-0.08468056651505433,0.865466760266642,0.03964107733262356,-0.5320544311057313,0.49025900311186305,0.03743831657676368,-0.41804185448302633,0.6972419762531021,-0.28567630219318113,-0.27760555221379885,-0.236853286319292,0.3385292365496951,0.12165255796128213,-0.5046087091802365,-0.07306470312800155,-0.6132185454440361,-0.5589881415765933,-0.45889630551647886,-0.5333994454377752,-0.5048627693178237,-0.38205036751671334,-0.6122516901722554,-1.058112238281703,-0.595385600246821,-0.5100281709373146,-0.101393404239854,-0.45185283404803084,-0.8419341993725507,-0.15811520958264472,-0.6070728255405233,-0.2945425077972333,-0.018703743755294596,-0.5755413912409392,0.3423227944552222,-0.09563673871651199,-0.15155744268570484,-0.5115515401234961,0.08091800920706924,-0.5048438026921512,-0.46706760709130435,-0.5126902840470584,-0.6289561125063562,-0.29287806693844565,0.05784694559875868,-0.12580010555794843,0.07612513354049763,-0.3504428311394409,0.22258892804826305,-0.586967485369815,-0.18204914598694316,-0.7266826404747312,-0.6492264278579691,-0.12312041691497136,-0.5989381227224395,0.10905253294703801,-0.7148104415569789,-0.10077677893216187,-0.4495797635739624,0.08481245644517092,-0.3659433744675205,-0.7015000899667078,0.0010112305042715292,-0.31752087582333083,-0.25848986960479514,-0.583496858124922,-0.4286990736875913,-0.5513906018111302,0.30895044959786294,-0.5493469717259731,0.016921462889202262,-0.5273349239819791,-0.010231928976110574,-0.6532780310626487,-0.05763530948547779,0,4,train
-0.3069215839101648,-1.0589853858302387,-0.44081016847483284,-0.6859586081137397,0.09915859241188268,-0.1425598436425671,-1.0486788746297324,-0.4714296794959311,-0.9667928040649543,-1.127194611982734,-0.32642990861563526,-0.5607529265594315,-0.15844407002009542,0.217260491414979,0.28063205610105585,0.0001390549338877367,0.04688023680414345,-0.4618371786949903,-0.183242064845217,-0.08384025290660027,0.10354915773670317,0.2486592955841623,-0.11830145766249496,0.15770367527999288,0.2014109545619637,-0.47891463648872296,-0.4320330279608574,-0.419922722798069,0.6380337929842901,-0.014220370962754103,-0.35068213389751623,-0.48525721812977196,-0.3430400360891868,-0.41853840589817437,0.008865504827490026,0.4050509738392941,-0.2601650749472226,0.28120299301913054,0.2936151362894898,0.24248730308768726,-0.5530944856385426,-0.11766155227022457,-0.4326288017034442,-0.5447629602991767,-0.14307489834607803,-0.2549445487126457,0.38663267671429713,-0.33157219187459996,0.21346612724854977,0.2981538986515911,-0.38101165973077716,0.38449900319560976,-0.23975210862298163,-0.13613757957654515,-0.5002342088921815,-0.39162644840376076,0.25407513637685125,-0.292913492273671,0.248140236786984,-0.24937863027218451,-0.2676103834781316,-0.5774681552590487,0.3121220319851034,-0.40698375291247607,-0.03994124797800907,-0.25156657044899805,-0.4544614254584351,0.5025091182585417,0.44056494245300915,0.027869074886417714,-0.544579829262108,0.5571194427332398,-0.4465081705801332,-0.15009139670875726,-0.5489727111274011,0.21605842594910663,0.03546646059439249,0.12511484955820396,0,4,train
-0.3069215839101648,-0.12249112991197843,-0.506965930406293,0.09906922032165055,-0.28704615231059744,0.15228407878723219,0.13595257750628337,-0.3230035634857307,0.31471059260863204,-0.051134090611418194,-0.8243851627658095,-0.051289722143870696,-0.3910972945651664,-0.12699414763112732,-0.11743359191459635,-0.00531885122120593,0.1053977055358172,-0.5794588875294171,-0.47987342331464317,-0.5512192859576697,-0.41423209298713354,-0.536365896877863,-0.6071946432644917,-0.05526411048359101,0.12847828930212907,-0.7164212633625152,-0.6741957413868448,-0.5399762705261625,0.1857669587121428,-0.5808450872639034,-0.45691136905555657,-0.5467532493785269,-0.2629979470042656,-0.39654272360656695,-0.3514315101643689,-0.266997523595874,-0.6692175247935283,0.22008319158303896,0.20561036454900244,-0.18409324738259042,-0.2733719858372295,-0.13751950841795393,-0.8162709944559502,-0.6113589773344958,-0.6457518228994115,-0.47017761844298855,-0.4884207269824004,-0.4658546530723099,0.04050687130798205,-0.01052023821017299,-0.5556906802526986,-0.10645412789634463,-0.616309629883632,-0.21736573553340316,-0.7489562566959655,-0.5334511561931564,0.06821066084175026,-0.5007792789935892,0.10007913269929955,-0.44598344710800286,-0.5433965460949387,-0.37008157414809795,0.2253854834238134,-0.5164247620990243,-0.5531505314601511,-0.4031132510209598,-0.5207229817334855,0.2025533128233578,-0.7448979027812265,-0.30368636633994595,-0.4832828763209076,0.368038305106286,-0.6032149151833179,-0.30545219633476617,-0.970909560463129,-0.2166286263254845,-0.6638741001650648,-0.30826409903109847,0,4,train
0.43591360775448407,0.4336897309972231,0.46056208784131186,0.16838379244222915,0.23596912928774277,1.0553400715696017,0.2226329276625772,-0.45679611876253107,1.5962139892822182,0.25792707489628025,-0.7046985883261534,0.06742015072965804,-0.4892478736701182,-0.033758516222806866,-0.12406801938152388,-0.1745139420291096,0.007868590983027618,-0.2943153509611097,-0.13239097482188678,-0.3795290289185013,-0.25834096373694615,-0.09737154583001989,-0.4088700491051911,-0.04737641471456939,-0.32474613052684326,-0.3580779315880216,-0.402500989738176,-0.1890505156286586,0.17417037321798517,0.14559685671192904,-0.16351633861906423,-0.5467532493785269,0.06545062544765244,-0.5567969803025636,-0.6131209210531927,-0.8198650067075639,-0.33198344400420754,-0.09773977588463736,0.12099039172161075,-0.603443619031338,-0.4423132975984186,0.264604103573566,-0.41006161389447326,-0.2820786708820845,-0.6851774640408493,-0.14556380835788138,0.09331868664836501,-0.1391006641578825,0.04050687130798205,-0.4545777684323599,-0.2805712229306723,0.08157047550057404,0.05366933651518745,-0.4010120011749952,-0.5076587476325929,-0.08482197849200693,0.5656714630092264,0.018885187806206315,-0.267830277457977,-0.43394641750580987,0.7810579879536782,-0.27330116962965423,-0.29204289247629606,-0.5266848567102632,0.2206728412902662,-0.4355875397149516,-0.04805721363812565,0.19699857568566922,-0.06590040457194596,-0.48305242470830667,-0.4900936488699299,0.04305509980995922,-0.07922673791641904,-0.38313259614777057,-0.32177594610047067,0.09918318769102741,-0.8493053094573451,-0.6842072833495296,0,4,train
2.115426021025469,1.0646142649139854,1.5554399478069776,2.6475887208480406,1.6454026810609266,2.2362594467465464,2.2297645912816475,-0.7599198768115317,1.1544171561824204,2.106640510036842,-1.421340422933971,2.5883562010577887,2.1244656958284134,-2.5475345784240626,-1.7760404586464804,-0.758509900624132,-1.715145766116255,1.4201101626558388,3.3551462826115097,3.9794958303537173,1.673595530899305,0.6101840552706213,3.75594642824012,-1.0412260816112944,-1.3562223963445046,3.1920211227360316,1.5288943100251873,2.6876171857021953,-1.6464935493647614,1.5887948520772497,1.2022881134128829,2.544447254725555,0.9072725968580306,3.0096457912652053,1.0783787493296397,-1.0284317817736506,2.703123283099679,-1.723526494084674,-2.329604021359653,-2.555591900844473,1.8453182354301418,-0.9864471337333849,2.3341084236763927,1.8452940955239439,3.898053318651308,2.2008294928007732,1.6576599670000032,3.5402387726593685,-1.6092583392020485,-1.2127247712507279,1.2740720597144288,-2.785804726302436,0.7774422345226712,1.460172267923447,2.9707376522501794,2.7227283593797025,0.7952687563172924,1.2400966847857258,-1.3895053084252835,2.603397385447547,1.642464150201236,2.1911427025721446,-2.2002469608246766,2.530823337438927,0.8862411308061693,3.5623582239453726,1.8735279183383375,-1.5416341484108596,1.664986660535318,1.7889176479575954,2.2410261432879968,-3.2304120953566775,2.7414946649409058,3.7999569337825183,1.165821920147288,1.131166674437897,4.093760926819728,-0.8043002450068062,0,4,train
0.07127370527676409,-0.12029278658822663,0.01897237694881524,0.021694814233562808,-0.17446248133983752,0.6385449979777389,0.03964107733262356,0.755698913433472,0.09234927263787275,0.014824084954249158,1.1171970448108344,0.0641226542609489,-0.5583167997069362,0.13119683165345242,0.3735140406380414,-0.027150475841580597,0.011119561468120603,-0.5758945933223133,-0.44173510579714553,-0.16968538142618445,-0.7204468111571445,-0.6654818824801697,-0.25666745358758836,-0.15780415548087215,0.22745833501190466,-0.5997513413894243,-0.9045456395237597,-0.396835502081128,-0.30128963204247733,-0.7358193686454143,-0.5681991392211226,-0.6451468993765348,-0.17743571384452222,-0.5253745770288388,-0.5714023193172934,0.004470342363159477,-0.3101256795086034,0.3341734875970766,0.002522429763262371,0.5931509759318986,-0.5503249559375395,0.10574045439173096,-0.7079484929728896,-0.7556503475776873,-0.4042697709081042,-0.2972854804628771,-0.5373063919933891,-0.25100271515597405,0.220118406323187,-0.2867023606654356,-0.5294888271744105,0.311378324096808,-0.49894105182836435,-0.5846582668165872,-0.5002342088921815,-0.3424219579462153,0.3196743630362987,-0.4690220060224906,-0.1646361746089848,-0.7428968439620959,-0.42422968570496034,-0.435753991499899,0.1266852729920006,-0.5950854874518557,-0.4328671056440241,-0.41393801391895707,-0.4191219287784082,-0.35292040094550114,-0.583496858124922,-0.6461124777704528,-0.42879669592872954,0.27940652184365145,-0.4465081705801332,-0.4180887760636226,-0.5652010514864676,-0.2837697206439555,-0.4466546835655364,0.14077914890480525,0,4,train
0.46844653585658547,1.229490014195369,0.33817392826811055,0.4665976492400673,-0.48228618931052275,-0.8325872432557624,0.8351740687670537,0.8330477344528722,0.7418783914998275,1.0946536449293176,-0.3190418484650392,0.568639613973446,-0.24568902922449704,-0.04093048786960075,0.4929337350427371,0.25666064422329005,0.29070302318611746,-0.7077734789851555,-1.043473004406553,-0.44152828840486763,-0.430934713978225,0.27448249270462366,0.01545233839842866,0.9228101648750906,-0.3872598436067015,0.03359966360735514,0.046385991246581174,-0.8077880308426785,0.6322355002372112,-1.1571556961513971,-0.5783162092361741,-0.46065880563027,-0.44792277351080767,-0.5159478560467213,-0.2604091063769519,-0.09484716957307225,-0.2945129905831719,-0.020321360732254667,-0.017786363715311636,0.2714080183738078,-0.791274039924809,-0.3658860041168418,-0.20244348605194062,-0.45966804964293556,-0.03465438520712378,-0.8336039492991411,0.07376442064396953,-1.2715494202585693,0.5394278019057734,-0.03759691688225756,-0.04475454522607831,-0.20568933524471839,0.50358221906038,-0.08316269525685514,-0.19582812053531135,-0.7534241723563007,-0.2543188702338662,-0.1312401026026235,0.19429983530055328,-0.20925519826487463,-0.7408730575983314,-0.49105707979615254,-0.13352437269186948,-0.41724384752371496,-0.30055533724628436,-0.8577532927368451,-0.0038828427880920197,0.36364068981632697,0.05654176723628495,0.24528247896927916,-0.2346896782815951,-0.19920510777457526,-0.8725546324700416,-0.6550139954932861,0.06770422251712432,0.17378440360043967,-0.6002976855505686,0.5741580974941077,0,4,train
1.0079509268831004,0.9920689352301764,0.936883573747825,1.6546171760509145,-0.2685197254419914,-0.5392870062837106,1.370666009732602,0.8915819773864724,1.0973639227688703,1.4432897157764164,-0.6781015717840075,1.5348060793052214,0.8630489939981069,-0.81550342572334,1.355409305743317,0.6932931366307834,0.1053977055358172,-0.5937160643578325,-1.0265226410654429,1.337373541473182,0.6213304084605399,0.4759034302442222,1.3806634981926835,0.7492808579566148,-0.4914493654064653,0.7627866759391736,0.6134011251220639,-0.6046204885335973,0.887360381108679,-0.6534892816614867,-0.36585773892009343,0.47818060476738883,-0.4341224133237523,0.5304181729683157,0.8015189378095797,-0.6046770641790619,0.5735525136708204,-0.6600419490966801,-0.6236653691594362,0.17380060428315103,-0.8245083963368462,-0.3758149821907065,0.6912171511833085,0.22109123560699354,1.2417507467469286,-0.7489220857986784,0.8510464943186897,-1.0164127439829205,1.4241809188325236,-0.6928525407467041,0.19979608350461178,-0.6600821267872719,0.8605783106451524,0.7891570665407069,0.5614748309866583,-0.7997342810222258,-0.6315144235256889,0.4317297364304883,0.6160496469442606,0.8981515251368777,-0.7510873599174726,-0.6742485597774924,-0.3757885255699554,-0.6498059920451299,0.5534569860482178,-1.052599024900796,0.9105266338076042,1.013544934925892,1.080603567814216,0.6474972765225728,-0.43220208220324063,-1.298239220231244,-0.632597429796415,-1.055068054530259,0.4247277104165864,0.5641974335263639,1.5507043422398832,0.7569082565377894,0,4,train
-0.029036156371381912,-0.5797465412523496,0.07520477459055638,0.18933936075775293,0.47253734930225094,0.11214825688579355,0.08394436741250708,-0.36899475436213086,-0.5425508120154794,-0.015328223875770203,0.16709250944418141,0.30319114824236093,-0.6782786186129883,-0.06603238863337933,0.07496480462630224,-0.016234663531393263,-0.03764499580827419,-0.38342270613870577,-0.4163095607854804,-0.5273734169244518,-0.67033894818387,-0.2884632045214339,-0.3858090497843422,0.4495484187337931,0.12847828930212907,-0.7080876975072944,-0.8572943783674695,-0.4568622759451747,-0.16792889885966467,-0.19340938381012612,-0.6036088842738028,-0.4811574827131883,-0.32647960386472036,-0.4499608091718992,-0.6244987215266199,0.08061376818093714,-0.43190465312696924,0.2893522998772761,0.04990961454660172,-0.014184045076632361,-0.4340047084954093,0.02630862980081345,-0.6312200544223885,-0.8814428241999568,-0.369772334909346,-0.3643252890674101,-0.6301891555142676,-0.4613785710323862,0.14029105742754036,0.01655644046191158,-0.3853786352438252,0.3009325127969792,-0.8657178582510757,-0.6305698332269852,-0.563342788185679,-0.3511051033210763,0.06274405862012963,-0.203415722991484,-0.1825829751044617,-0.3617242398926521,-0.20972933700299926,-0.40810244735177226,0.022003231624926425,-0.44802413135743163,-0.5451316364057427,-0.2263087903536711,-0.5516450413285091,0.18033436427260344,-0.861774521325447,-0.43956974389173437,-0.29598663122279545,0.4980315872248167,-0.5640382290325218,-0.2821480763908648,-0.5165160304092682,-0.2514425270832102,-0.48903895997520047,0.34963647352615584,0,4,train
1.9026064496908892,1.6537702756794634,2.030107539665204,1.2596853116429665,2.3864597558051686,2.100415126464754,1.8676333506286869,-0.6700280037349315,1.9458479068678198,1.9313802149623547,-0.5244299206516095,1.2133001736060811,0.9939164328047093,-0.5608984322621572,-1.3182649634284804,-1.2933847038233113,-1.0096851708510772,3.2200787372432793,2.4144011171799007,1.3135276724399643,1.022193312246736,2.1337526853778415,1.329929299686816,-1.4750493489074838,-1.1426338766549888,2.725341434843668,1.8714659534082916,3.5741664612327315,-0.45784353621360524,2.218377870189638,2.9828924360619404,1.281728746417787,2.670958628763708,1.0300343850205407,1.199741954379529,-0.7437215808897862,1.0762810970697152,-0.9737902631352836,-0.3562662550248784,-0.8095037154449467,2.65679043782405,-1.5573633729806045,2.2844606104966565,2.311466214771178,1.665576389017386,2.4442898503646036,2.738033163742853,2.9359676972696738,-1.3032535017687363,-0.37334773241610625,1.9334853621846824,-0.6914195606867582,1.6136933531664532,1.216487800052873,2.194873353877181,2.164112673596981,0.08461046750661211,2.1062041294520517,-1.1561969019840839,1.2833364724070524,2.537917986845931,1.503310541887491,-0.7586257054266838,1.7305359577622932,2.858889314190653,1.2819415067672817,2.0943997725885057,-0.530671989351536,3.1899482548741944,1.0062293932592943,3.1400481197589354,-0.7132694506978559,4.049016565223728,1.2559238399066228,2.0583806398959434,0.9148231483006014,1.3281868910891468,-1.2011291617873723,0,4,train
1.1245272525822971,1.5438531094918742,1.4065894834611923,2.0414892064913532,-0.2656695059237443,-0.7214418902979323,1.8079202205210176,-0.6553944430015315,1.4089623514121052,1.9521099272829932,-0.5805791777961397,1.874448215582262,1.4664932951618848,-0.808331454076546,-0.9467370252805384,-0.7803415252445067,0.33946758046251224,-0.8147023051982708,-1.3697674987229218,2.248285738542103,1.8183515794887646,1.0336844880461875,2.0771056776823205,-0.9307983408449915,0.6442164222109596,1.3294691540941868,1.8891851763419003,-0.6277077092505384,-1.0840591528981167,-1.0167102536494028,-0.6643113043641116,1.6261065214108146,-0.44792277351080767,0.8949180509435237,1.4652239654261618,-0.6808204899968395,0.8670710654689329,-0.7985801656851544,-0.4747342169832268,0.3111740018922235,-0.6638756736786665,-0.028300749605442346,1.5532837254859981,0.8648527336150786,2.404807160419347,-1.3346383083435456,1.8287597945384635,-1.5445904246939128,-1.1302942458281686,-0.763251905294124,0.8592093859748654,-0.6444134098375286,1.5990222809095447,1.364817476148005,1.1962728932918387,-0.9502421341864823,0.4180732030254698,0.6829008953837228,-0.864561393932584,1.5401264372538355,-1.2515881735553818,-0.8747222548514115,-0.42364317305204646,-0.6976864335642448,1.070675717057564,-1.1391971280847741,1.4494539581780146,-1.030598331743509,1.9655265367918848,1.7726116426513807,-0.3164189488698622,-1.1091580826042904,-0.7403333167111045,-1.4434700535952811,1.155003026574577,0.8352485179972283,2.7904444272225573,-0.6998715826961309,0,4,train
1.3427689786005608,0.8162014693300336,1.15685148216993,0.9695312888126375,0.5167157518350808,0.2294683516746142,0.8101330787219021,-0.4693391708197311,-0.11245720628256342,0.8685113287041724,0.017853694402141046,0.9511492043437051,-0.027576631213492988,-0.10547823269074567,-0.4491549652609732,-0.6384359652120712,0.1053977055358172,-0.1945151131622021,-0.030688794775226378,0.10692669935914233,0.10354915773670317,-0.5312012574537707,0.029288937990938,-0.2997826793232614,-0.1007386586573512,0.629449622255641,0.028666768312972338,-0.2721645102096464,-0.5216247564314721,-0.14982286717157617,-0.04717003344597243,0.4699811339342215,-0.31819938775248713,0.24133206285004719,-0.6548395227890922,-0.08160483464824136,0.2894015752279668,0.008201213271254748,0.26653674498472446,0.11957426312167506,-0.03242290184995985,-0.33609906989524774,0.15863151889159438,0.5096739760933765,-0.054367205777842736,-0.3784389329841539,-0.429757928969214,0.02651437131929304,-0.19897517537895784,0.1465244980879175,0.18669515696546765,-0.012441826197885291,0.1319150552186992,-0.6341014921816313,0.5392012147654238,-0.3047949946551512,-0.3472511080014167,-0.4459258074980552,-0.864561393932584,0.3885839386440424,-0.1620625928470079,0.1345591065552157,0.1565944276683075,0.09234085150115004,-0.4168293155352072,-0.15053545006769023,0.44227830279724767,-0.5640004121776675,-0.6781112636131005,0.060481085498846926,-0.3743105155365514,0.1316868830725938,-0.2702130829015504,-0.19669963659655992,0.2786726471849883,0.13648379564573354,0.0036782532871444335,-0.10984964064081544,0,4,train
1.0933498631511167,1.383374046857994,1.1915832571839466,1.704588146649471,0.8858191794480782,1.578649441746052,1.054764289162998,-0.41707645391473097,1.0973639227688703,1.1832260521174993,-0.2052657221458599,1.4078524652599198,0.9721051930036089,-0.10906421851414262,-0.8339517583427704,-0.28912997128607665,0.09239382359544526,0.18330007279080524,0.9736202331855452,0.9415321155217662,1.2059221431487426,0.9200624207161576,0.5458553227779533,-0.6862797720053211,-0.345584034886796,0.6252828393280306,0.6134011251220639,0.7067336481886539,-0.5912042693964179,1.1480867393985779,0.7369028927205158,0.7364639360121595,0.30557689270241606,0.5618405762420405,0.8204819385986248,-0.17430117912205764,0.5048566823989217,-0.14663561703351066,-0.19379590719628637,-0.18047815797182537,0.020198162469099043,-0.39567293833843586,0.5919215248238364,0.7353604782686247,0.6651507450533991,0.9235447183354604,0.40129837621759373,1.2574369322983001,-0.5315891291108189,0.043633119133996146,0.7369340716095204,0.00844979640177234,0.7138675880760679,0.5525359165794249,0.5280644066548067,0.6735060509125167,-0.2269858591257631,0.3422319671483013,-0.2498834769625001,0.8459910635273749,0.9512963599393615,0.7670881789436156,-0.04977873959821015,0.6053455820630946,0.6176081464834855,1.1159618089979901,0.7249942762374629,-0.3918035609093212,0.7689325850296284,0.9246993667282212,0.6643322981893434,-0.057394254554359966,0.6014681839536645,1.4967330793269367,0.7060189433070717,0.5094898751927949,1.1639478200016986,-0.3813641626485712,0,4,train
0.1431172548355714,-0.8083742469225352,-0.46396468515084394,-0.02666418957149203,0.6421254106379525,1.195815448224637,-0.5863836737961652,2.2775892297070754,-0.9638669972232338,-0.6975242111549582,1.4481821395575378,0.2322949741651146,0.0015050218546408835,-0.06961837445677627,-0.867123895677408,-0.4092039066981373,0.8206112122562742,-0.7576735978846093,-0.7553168276076817,-0.38429820272514487,-0.4030970123264058,-0.07154834870955853,-0.5933580436719823,-1.806332571206392,1.9726328251579475,-0.5955845584618139,-0.5265355502734379,-0.5538286029563271,0.01181817629977847,-1.0070243610630585,-0.7604234695071004,-0.6861442535423714,-0.6383677440921719,-0.4593875301540166,-0.2983351079550423,-1.1476127960971287,-0.43190465312696924,-0.3829655159197315,0.41546789716093385,1.5077685968554602,-0.5669421341435581,1.1731055973321851,-0.3243063002203837,-0.29317800705463765,-0.42398259147882317,-0.6324845234855421,-0.1608867714087762,-0.6941348371084167,-1.1635556412013548,-0.5412231401830305,-0.7303697007746202,-0.6548592211373574,0.19059934424633304,-0.5140250877236672,-0.5819041350367076,-0.2787455585305683,2.5828476827872344,-0.6220343212468749,0.1628929344334687,-0.405860015100693,-1.3673502665056465,-0.46686197866654167,0.24931280716485893,-0.27018249142929085,-0.24041362433822083,-0.2587830790476629,-0.06572696197813911,-0.44179619514851853,-0.015810425195851494,-0.39065172797309056,-0.01333957043837159,-0.8432627328163866,-0.8529662893946435,-0.5384933957737794,-0.6571616468545108,0.20113818276722417,-0.5738075127945286,-1.853808301229093,0,4,train
0.6338222537089343,-0.2521933860133337,0.4307919949721548,0.5745994244046898,0.6235989837693464,0.4996133067804513,0.1764034075792205,-0.5048778183151312,-0.8000218140868849,0.15993207119871733,-0.3471164770373042,0.606560823363601,-0.4056381210992333,-0.26326160892021105,-0.05108931724532097,-0.2127192851147653,-0.04414693677846016,-0.10897205219170987,-0.2595186998802123,-0.38906737653178847,-0.5478530609158656,-0.6964697190247233,-0.5241750457094356,-0.3392211581683695,-0.20492818045711494,-0.3580779315880216,-1.146708352949747,-0.2721645102096464,-0.057761336665167265,-0.4064990207097036,-0.709838119431843,-0.30076912438350717,-0.6190472398302943,-0.24885742822006024,-0.9392845346247704,0.24614295474132333,-0.22893969709635953,-0.09773977588463736,-0.09225193980341632,-0.18409324738259042,-0.13212597108607144,-0.42545987256002993,-0.5454647407482989,-0.3782729177108788,-0.522546694332418,-0.4066662208176414,-0.649743421518663,-0.23757446903620308,-0.05927731481157625,0.043633119133996146,-0.5513237047396506,-0.19002061829497516,-0.7092264208440522,-0.9766724107822933,-0.21067719801613427,-0.2353298316562635,-0.09578740580686827,-0.9569291998511875,-0.34410417956375383,-0.3737612694948451,-0.7170396855203358,-0.15578210700011544,-0.14847895003002293,-0.20178186068769824,-1.062350367415089,-0.006205278094393316,-0.3219383129083342,-0.5751098864530447,-0.6781112636131005,-0.6515478128725243,-0.3674997429875292,-0.15784360891867916,-0.18696262483110854,-0.23553983650306215,-0.603067178990956,-0.17932801837077836,-0.5420193054872805,0.2504292443310143,0,4,train
-0.003280921623884962,-0.4500442851509943,-0.5516210697100287,0.1425923237461999,0.31862549531690826,0.7574087782243072,-0.37064591340716724,-0.5153303616961312,0.569255787838317,-0.47891997213731785,-0.3515493131276618,0.04268892721433955,-0.2820410955596644,0.18498661900440652,0.12804022436172252,0.3166976119293204,-0.06690373017411107,-0.5865874759436248,-0.7214161009254616,-0.8087546715164222,-0.3808268510049505,-0.33494495933826435,-0.5057262462527565,0.26813141604629565,0.08680248058222358,-0.6539195194483594,-0.910452047168296,-0.5122716056658332,0.08719598201180301,-0.5663162483843868,-0.4467942990405051,-0.45655907021368636,-0.23263715459274376,-0.6636331514332281,-0.4690021150564492,-0.04849899733616411,-0.4162919642015377,0.1345154695725107,0.12775998954780207,-0.15517253209646992,-0.5420163668345301,0.006450673653084069,-0.3920078636472965,-0.8222463646130065,-0.39934156576542446,-0.5795583587977529,-0.6301891555142676,-0.8284172983061265,0.2600320807710103,0.11403248368141602,-0.6648650680788996,-0.10123122224643022,-0.626090344721571,-0.7718361914128252,-0.6264513674791764,-0.42346464811158424,0.046344251955267785,-0.3391058893225417,0.39620134087466846,-0.4861068791153127,0.07627112793294887,-0.3839073462221613,-0.0019240921161191016,-0.20178186068769824,-0.7335756701843417,-0.3129068935376492,-0.2733465049732972,-0.0696288069233831,-0.9396922670215938,-0.6298064724642382,-0.3504728116149735,0.18486595303017453,-0.642391601334114,-0.4413928960075239,-0.5273349239819791,-0.23154886950736694,-0.7380465838819769,-0.5066785574213816,0,4,train
0.31662620471344555,-0.61711837775613,0.07024309244569688,-0.8358715199094098,1.3176274364625118,0.7327098109003449,-0.6961787839941374,2.2232360041258756,-1.05602991273743,-0.6447576707024243,-0.12399706048930327,-0.5310754583410493,0.05603312135739189,-0.09113428939715791,-0.48896153006253845,0.13112880265613575,0.11189964650600318,-0.34777976406766736,-0.6070011483729686,-0.3127605956254914,-0.2861786653887653,-0.1541825794950349,-0.5287872455736053,-1.0727768646873808,1.2433061725596013,-0.6455859535931385,-0.17215109160126113,-1.2510626686079467,-0.8521274430149642,-0.36291250407115366,-0.9678234048156553,-0.6656455764594531,-1.1545012150880432,-0.7233357176533053,0.4943183250270473,0.14020427534267618,-0.3101256795086034,0.08561962842363745,0.12099039172161075,0.05450265372790388,-0.2733719858372295,2.1858613608663835,-0.7124619305346839,-0.45966804964293556,-0.3599159246239865,-0.501933317255662,0.015101622630783101,-0.2733831253555924,-0.6579824315289261,0.12486315515024986,-0.7784064314181486,0.4158364370950962,0.27373542036881426,0.008660437563940868,-0.6895599467726738,-0.13402646894955234,-0.25978547245548683,-0.6537915942179734,0.5128555440952683,-0.3496872102904592,-0.8600399179883099,-1.227279442740028,0.03994872443071057,-0.8823681365665448,-0.6173016918954188,-0.3201234021363141,-0.3881998691833846,-1.6527288911646312,0.08993508682034793,-0.3580397173606613,0.3953067825029641,0.3384943773520745,-1.2251448078272071,-0.8336789150631964,-0.6679805404272218,0.21854513314608703,-0.26652150882446407,-2.0887727914281125,0,4,train
-0.0046364602948058544,1.097589414770262,0.13970664247373002,0.19578722793176023,0.8131385817327775,-0.40807374237516125,0.5751330182981722,-0.6156747781537314,0.4097993149645488,0.6480225703846557,-0.9529374093861809,0.26362119061785133,-0.4892478736701182,-0.05168844533979157,-0.07762702711303111,0.01105486724407507,-0.6065648306995468,-0.4119370597955365,-0.6451394658904663,-0.44629746221151123,-0.364124230013859,-0.2781339256732494,-0.33507485127847464,-0.6783920762362995,0.3941615698915267,-0.5580835121133204,-0.042210123421463006,0.18957990412917453,-0.09834938589471894,-0.5130438391594924,0.4485663972915491,-0.44425986396393535,0.03784990507354169,-0.7076245160164428,-0.4234909131627407,-0.3001033609079512,-0.36945389742524315,-0.1384863101753651,-0.126099928934373,0.228026945444627,-0.4921648322164744,-0.3460280479691124,-0.6583006797931535,-0.5225642879540703,-0.09379284691928065,-0.568973125860195,-0.02400690937800785,-0.8239412162662029,-0.4318049429912606,-0.7578365695597071,-0.5731585823048908,-0.5817385420385557,0.009656119744462089,-0.28093559671703117,-0.4705360539305356,-0.48714104752723125,0.6422038941119151,-0.4430387826825008,-0.20052977559993862,-0.31758846468461127,-0.31868189507383665,-0.07974036059276682,0.17753083594172234,-0.061560567667433355,-0.47296158091606644,-0.42476277681695435,-0.4323742400334183,-0.07518354406107168,0.012017341124200984,-0.08627296225708454,-0.8749022978896877,-0.6837255229436443,0.15583337898835803,-0.4569289759701248,-0.4732404561184243,0.15886416041855722,-0.4148664762582883,-0.0001995452146063882,0,4,train
0.7341321153570802,0.5655903304223302,0.2108240865500497,1.0743091303902563,0.3229008245942789,-0.9035967743121538,0.6348461484058412,2.281770247059476,0.7916171078090762,0.5726417983096074,-0.49487768004922533,0.7565969126898665,0.07057394789145884,-0.30629343880097437,1.6937651065566213,0.7369563858715327,-0.014888202412623288,-0.47965864973050953,-0.6959905559137964,-0.1887620766527587,-0.1135849151474864,-0.35560351703463344,-0.18748445562504165,1.0726763844865015,-1.6635814856538078,0.02943288067974475,-0.2607472062693053,0.0002646942502579525,1.1830733112096983,-0.9343801666654752,-0.06740417347607536,-0.3950630389649314,-0.003551175487624452,-0.15459021839888573,-0.021475296434982305,-0.34314094941365164,-0.007239514355232001,0.061171707849200806,-0.048249553933172644,0.36901543246446455,-0.22905951062117993,0.7163726059344094,-0.23403754898449994,-0.28577844960626886,-0.1775723343448362,-0.3431548231922944,-0.1413325054043807,-0.6941348371084167,1.3909195234593377,-0.08633493849200978,-0.2980391249828645,-0.17957480699514633,0.23461256101705838,-0.04784610571039514,-0.07703550068872787,-0.8402556261049102,-1.2383072701255775,-0.03885530850488208,1.0871531599505293,-0.32561315108607325,-0.9792067783782884,-0.1592385500186313,-0.10660613348319327,-0.29070268065176863,-0.06399793314123448,-0.7855882067501966,0.03145665389193489,1.563463911557062,0.18454949230852635,-0.4613110843000205,-0.7897676410269093,0.07259902756417075,0.05789166361136759,-0.9230113748481514,-0.24063424430513838,0.1563774532215768,-0.26122347427325604,1.4252516953261112,0,4,train
-0.4831416111298807,-0.2565900726608373,-0.47884973158542243,-0.2603993746292571,-0.5606672260623176,-0.14873458547355767,-0.289744253261293,-0.4693391708197311,-0.1621959225918122,-0.33192746659097344,-0.3751911056095692,-0.1419708750333718,-0.5365055599058357,-0.01582858710582216,-0.2965631335216399,0.07654974110519908,0.11840158747618915,-0.49035153235182105,-0.39512160660909285,-0.570295981184244,-0.3474216090227675,-0.46922558436466344,-0.6071946432644917,-0.18935493855695865,0.22745833501190466,-0.4955817681991645,-0.7096341872540625,-0.25831217777948173,-0.08675280040056133,-0.05780688760130405,-0.037052963430920974,-0.5303543077121923,-0.10843391290924534,-0.6007883448857784,-0.6738025235781374,-0.09484716957307225,-0.39131166192084726,0.1508140832888018,0.39854390259545547,0.021966849031018292,-0.16812985719911172,0.17027881187185145,-0.9155666208154223,-0.6890543305423682,-0.7738851566090846,-0.15262063031625328,-0.4150922294659174,-0.2957635355552107,-0.04597275666230181,0.3847992704022617,-0.1844977616436155,0.22258892804826305,-0.49894105182836435,-0.39748034222034917,-0.4631115151901241,-0.36268263048755756,0.17754270527416263,-0.32755779006032404,0.30646733839728396,-0.41388470150215495,-0.396991546187251,-0.1384998919075362,0.20743999061802926,-0.28044258604052974,-0.3085742323006928,-0.1000198898770363,-0.6179065976035595,0.00813751300425717,-0.550103538540859,-0.42326373858551974,-0.547985215536619,0.13759566862343608,-0.25552182559500186,-0.251075916465663,-0.7220750082907766,-0.2862564278409359,-0.8863915513158012,-0.1620639717961531,0,4,train
0.7924202782066786,0.8601683358050694,0.539949002159064,0.7615875724509018,-0.26424439616462075,-0.05148240163545634,0.5712805582912258,-0.437981540676731,0.5794961117843388,0.6367154545733985,0.13458504478155875,0.6675645080347199,-0.3583804348635158,0.08816500177268913,-0.04445488977839343,-0.3109615959064513,0.037127325348864496,-0.6970805963638439,-0.5561500583496384,-0.22214629329926366,-0.20266556043330777,0.12470794940594777,-0.11830145766249496,-0.1972426343259803,0.18578252629199915,-0.09973739007617737,-0.23121516804662393,-0.6138553768203737,-0.5158264636843933,-0.8084635630429976,-0.4923211141082367,-0.22697388688500122,-0.49208392610938484,-0.36512032033284214,-0.4045279123736955,-0.07498366718582591,-0.3413510573594664,0.3015762601644944,0.20222556563590677,-0.0720254756488734,-0.7358834459047471,0.0759535201701369,-0.7214888056582722,-0.31537667939974406,-0.16771592405947675,-0.501933317255662,-0.13155537240218296,-0.4345220787928442,-0.23888884982678116,0.16277050529116824,0.12555749978279515,-0.17435190134523193,-0.02946673960729379,-0.3480371168553052,-0.017639190765436144,-0.675275863982552,-0.4565831524338291,-0.11969200334040582,-0.267830277457977,-0.24135394387072254,-0.34251526715183234,-0.5878374843145963,0.20145815968276787,-0.6327058343597317,-0.2805080996102632,-0.35981419942897075,-0.10548389574316938,-0.5417814636269132,-0.34417806777247073,-0.4613110843000205,-0.4356074684777518,0.037146314259116915,-0.5885236578767694,-0.5889856556522324,-0.18113032965522805,-0.06493948730967956,-0.18705099055634392,-0.297821232800031,0,4,train
-0.23507803435135752,0.031392902750646504,0.8492271891886404,-1.582212145300756,1.095310314039239,-0.6072091664246069,-0.25314588319530223,1.205158278816473,-1.089676691417216,-0.20566467336526742,1.9018090328041357,-2.435379669020573,0.9939164328047093,-2.29292958496288,-0.4159828279263355,0.5350138581330671,1.565083453342568,0.27597172217550514,-0.20019242818632707,-0.5178350693111647,-0.8540677790858765,-0.8772320988679528,-0.32123825168596526,0.41010993988868494,-0.512287269766418,-0.47058107063350213,-0.05992934635507184,-0.6692647065410323,-2.3480869717612975,-0.24183884674184827,-0.2748041087846303,-1.9201646139340538,-0.9916569648807896,-0.44053408818978174,0.91908954270166,-1.587920432347756,-0.634869609157579,1.625838624613146,-3.081029380066891,-1.1204014047707422,-0.647258495472648,1.0291354152611472,-0.3920078636472965,-0.2524804410886093,-0.48804925833365975,-1.0911779507797152,-0.4884207269824004,-0.35842868411414197,-0.31206391964779057,0.2981538986515911,-0.4377823414004017,0.1181308150499749,0.42044614293789884,1.491957198515261,-0.381441589045598,-0.29900623107191054,1.8065901673171068,-0.31312266598255195,-0.22296327621928475,-2.2916613194442568,0.11031880233008555,-1.7906796547581108,-0.1873608511092219,-2.3700818551961844,-1.2347566110848711,0.7948271763574045,-0.22033725995325681,-1.6749478397153856,-0.6558490505570584,-0.781995855322241,-1.171170903772156,0.25577137964028224,-0.4660965136555313,0.6539007413558386,-0.3975082011094475,0.5094898751927949,-0.5420193054872805,-1.0444861683213593,0,4,train
-0.3760540561271302,-1.2524395983203958,-0.7765506602769932,-0.7069141764292635,-0.07898012747856016,0.5536422978016187,-0.9966706645359561,-0.5738646046297313,-0.7283395464647322,-1.1140029768696007,1.7614358899428106,-0.44698929838896645,0.23415824639971186,-0.9732868019528054,0.46639602517502693,0.38219248579044446,-0.083158582599576,-0.5972803585649363,-0.5731004216907485,-0.10291694813317454,0.5211146825139908,0.2125068196155164,-0.1090770579341554,0.5284253764240093,-0.3299556066168315,-0.29557618767386573,0.12907569827008908,-0.7246740362616908,0.2437498861829309,-0.7551911538181032,-0.3051553188297847,0.03950891519293687,-0.33751989201436466,-0.24257294756531528,0.024035905458726192,-1.1840292171404136,-0.2226946215261869,-0.9737902631352836,-0.44427102676536584,0.8425921452746881,-0.5530944856385426,-0.008442793457712965,-0.15279567287220455,-0.32277623684811285,-0.12336207777535908,-0.6924675101317032,-0.08266970739119428,-0.6180414424297144,0.5194709646818618,-1.1694020853753926,-0.3679107331916331,-0.9421190318826499,0.32263899455850914,0.01925541442787887,-0.2477998917181916,-0.7273747362317178,-0.9813769657094084,-0.22362489670036492,0.2122466357960302,-0.409872358301424,-0.7238492203997632,-0.19034653718527392,-0.4774796514693989,-0.27018249142929085,0.05628549267489257,-0.5041443714022676,-0.08339671031815256,0.1914438385479806,-0.17164591658814538,0.011563069580203107,-0.42879669592872954,-1.605496068875044,-0.40733148442933703,-0.7326943953062905,-0.013437479278207968,0.2707659842826756,-0.25062740517084003,0.6054866961873103,0,4,train
0.311204050029762,0.24243386183081783,0.24224807346749327,0.9969347243021687,-0.09323122506979559,0.221749924385876,0.41525592800989686,-0.44425306670533105,-0.1943797978507379,0.4482635243857775,-0.44316125899505293,0.8044106114861489,-0.34747481496296556,-0.26684759474360803,-0.07099259964610358,0.01105486724407507,0.09239382359544526,-0.583023181736521,-0.24256833653910223,-0.2555305099457686,-0.41979963331749737,-0.5983415699669702,-0.07217945902079716,-0.21301802586402355,0.05033614795230626,-0.5789174267513724,-0.7155405948985988,-0.3598959489340223,-0.2954913392953985,-0.1304510819988873,-0.21410168869432153,-0.2925696535503398,-0.1801957858819333,-0.16715917970837568,-0.7117285251562279,0.11040902176180666,-0.2039593948156691,0.21600853815396617,-0.176871912630808,-0.10817636975652406,-0.5724811935455643,0.08091800920706924,-0.572545366119064,-0.7704494624744249,-0.2120697703435944,-0.2584729596918317,-0.8061775495538269,-0.25100271515597405,-0.05927731481157625,-0.14048829583617892,-0.590626484357083,0.08679338115048846,-0.5820771279508455,-0.7930261451407012,-0.44083789896888975,-0.5016129564853329,0.21034231860388633,-0.49500522936248037,-0.44729828241274605,-0.20524285506414364,-0.39018201130782365,-0.4634055356480258,-0.1275425417566081,-0.44460409982035204,-0.37272539273596056,-0.1938345016596793,-0.538392730073499,-0.2695993438801723,-0.761594562573258,-0.5265351055248789,-0.44582362730128516,-0.19329632222373297,-0.48078777096207986,-0.11125119680225506,-0.6517522000681554,-0.1917615543556804,-0.44135664901432836,-0.18294970425828813,0,4,train
0.47386869054026903,1.1547463411878083,0.8459194010920673,0.42952241298952526,0.3727796661636029,0.22792466621686658,0.8371002987705268,0.8163236650432721,0.705305805978321,1.009850276344888,-0.2451612469590786,0.45487598580298094,-0.37655646803109943,-0.030172530399409928,0.4862993075758095,0.7860775412673757,-0.02789208435299523,-0.2764938799255905,0.04135024942449141,-0.4606049836314419,-0.2694760443976738,0.27964713212871595,-0.23360645426673946,1.2540933871739988,0.17015409802203457,0.1377692367976149,0.1822333670709156,-0.2306075129191525,0.3481191556303495,-0.11592224311937065,0.10964455178732521,-0.24747256396791953,-0.15259506550782256,-0.3556935993507247,-0.4348687136361678,-0.2107176001653426,-0.11652833683325262,-0.27702452676383943,0.026216022154932045,-0.1370970850426446,-0.34261022836230703,0.14049187765025736,0.032255267161357126,-0.2561802198127937,0.01462766621967361,-0.4525355635470588,0.06398728764177179,-0.3852851763536839,0.918607709160095,-0.2975330321342694,-0.01855269214779009,-0.2944787312932633,0.5867182951828613,-0.38688536535641116,-0.22923854486716294,-0.5363455379847767,-0.2543188702338662,-0.018646134796001138,0.16737963455733793,0.039510080180446536,-0.366348639229828,-0.22491096737043237,-0.08566972520977845,0.010260094611238894,0.1404838907461815,-0.3092986392383168,0.12864026976200887,0.06923962151883165,-0.03250708498788298,0.3159418352962091,-0.49690442141895214,-0.32328960434226367,0.004023720154022843,-0.3986686761103715,0.20294039217601148,0.17378440360043967,-0.017513884917687603,0.4749508682989662,0,4,train
0.3315371300935754,0.1325166956432286,0.31171162349552645,0.1587119916812182,-0.21009022531792612,-0.11631719086085722,0.10128043744376584,-0.36899475436213086,0.20206702920239214,0.20516053444374638,-0.18753437778442936,0.2125099953528598,-0.5764928328745198,0.28180823623612394,-0.13070244684845142,-0.1090190681679856,0.02412344340849255,-0.8182665994053746,-0.30189460823298747,-0.31752976943213496,-0.3752593106745867,-0.4382377478201098,-0.4872774467960774,-0.16569185124989377,-0.017387041217540186,-0.6205852560274763,-0.6387572955196271,-0.14287607419477652,-0.09255109314764014,-0.42587080588239246,-0.39620894896524783,-0.472958011880021,-0.2712781631164988,-0.6039305852131509,-0.9658327357294336,-0.03525666241133322,-0.728545742710168,0.05709705442012803,0.22253435911448077,-0.17324797915029524,-0.6084850796586045,0.16034983379798676,-0.7395425559054489,-0.818546585888822,-0.4683364377629408,-0.48076285138054636,-0.7572918845428382,-0.17043323843734812,-0.052625035736939024,-0.08091960275759287,-0.5513237047396506,0.07634756985065964,-0.586967485369815,-0.6164431974084013,-0.5373569025942388,-0.403203975570242,0.2048757163822657,-0.4314906834202831,-0.19155637535220016,-0.29752674868095635,-0.437848755463815,-0.3942766752777089,-0.0976333870803012,-0.3112228698742464,-0.36871594520875633,-0.6412580347768997,-0.26892906788829385,0.052575410105765885,-0.6391523907650271,-0.34716904715651825,-0.46285055867384084,-0.08693818230857149,-0.3583606267408418,-0.8142588151099452,-0.8248544972315309,-0.32107032859866164,-0.2771175779268801,-0.16728540491168686,0,4,train
-0.15374571409610396,-0.21921823615705693,0.01401069480395573,-0.6569432058307068,-0.3340747743616743,0.5891470633298144,-0.5131869336641838,0.8267762084242721,-0.8834073090759196,-0.38092496843975493,1.2649582478227557,-0.3282794255154377,-0.082104730716244,-0.632618148730096,-0.19041229405079926,-0.02169256968648693,-0.22295031345857438,-0.5723302991152095,-0.708703328419629,-0.2746072051723429,-0.23050326208512695,-0.8100917863547533,-0.390421249648512,0.22869293720118752,0.3629047133515975,-0.8997597121773724,-0.2666536139138416,-0.03205741475345951,-0.2780964610541621,-0.34354071889846477,-0.48220404409318524,-0.5057558952126903,-0.11395405698406749,-0.5348012980109562,0.0885101081414799,-1.084711705204182,-0.3788215107805021,0.093768935281783,-0.15317832023913835,0.44131722067976586,-0.4561609461034341,0.01637965172694876,-0.572545366119064,-0.5965598624377583,-0.522546694332418,-0.4066662208176414,-0.3026551999406434,-0.3405243559544473,0.11368194112899148,-0.31377903933752016,-0.6386632150006114,-0.028110543147628515,-0.25931353829885956,-0.34097379894601315,-0.6004654818877363,-0.4466197024445468,0.9756666296307729,-0.3910723360025213,-0.15566277436124634,-0.5061685951189676,-0.5978728251303574,-0.2663882835926225,-0.20829725938263674,-0.20520189222477786,-0.2564514144470378,-0.4355875397149516,-0.37053012084337117,-0.25848986960479514,-0.4220958134686177,-0.5863237916476658,-0.571822919458197,-0.31147203324057904,-0.182065539062259,-0.5773335956802816,-0.25145313787784934,-0.0176920505670518,-0.43076057991191236,-0.6789858502339958,0,4,train
-0.45874191505330464,0.548003583832316,-0.6227385137863484,0.49077715114259474,0.3642290076088616,0.32672053551271557,0.779313398666331,-0.7139286859351317,1.7673736895228684,0.8892410410248106,2.695286692978152,0.3872773081944438,0.26687510610136245,0.8161201239222682,-0.45578939272790076,0.4913506088923178,0.7133291862482056,-0.7968808341627516,0.27865533620003236,-0.06953273148666958,-0.43650225430858886,0.12470794940594777,-0.02605746037909936,-0.26034420047815326,-0.12157656301730395,-0.8039237048423334,-0.1012741998668258,-0.2952517309265874,-0.2838947538012409,-0.13529402829205953,-0.0016432183782408589,-0.6246482222936165,0.21173444343043948,-0.43739184786240926,-0.0480234975396456,3.3647128295389996,-0.18834670589023758,-1.0593579851458117,0.8622613536895619,0.27502310778457284,-0.647258495472648,-0.15737746456568333,-0.7711366188380082,0.08419942281217084,-0.30570566805450944,-0.4172514537551993,0.8852664598263817,0.20555765291623956,-0.5315891291108189,1.6736491751934872,-0.7522045783398603,2.463215451861544,0.19548970166530252,-0.04431444675574914,-0.6895599467726738,-0.6173882281501456,-1.9052327411632928,-1.0233307706089392,0.13148603356638414,-0.5503043703270085,0.04903298841523952,0.09308179033302552,-0.8752714086642809,-0.1778416399281408,-1.2788605338841177,-0.1469271957683578,-0.8255261405987177,-0.08629301833644885,0.8802436503098382,-0.17867365899230064,-0.45603978612481855,3.080170872942904,-0.3289781121277447,-0.28991611637216524,-0.9763190072494845,0.4274285376924413,-0.5791055473457366,-1.070593333899028,0,4,train
0.28409327661134415,0.06656639593067505,0.22901692108120125,0.1587119916812182,-0.2001144570040613,-0.4157921696638994,0.20144439762437205,-0.40453340185753095,0.08357185211271119,0.14485591678370766,0.16561489741406218,0.21910498829027808,-0.5910336594085868,0.04871915771532277,-0.01791717991068328,-0.2782141589758893,-0.060401789203925096,-0.536687357044171,-0.34427051658576263,-0.4224515931782934,-0.46433995596040806,-0.5157073391814939,-0.5149506459810961,0.11037750066586313,0.1649446219320464,-0.6414191706655282,-0.9222648624573685,-0.5168890498092215,-0.27229816830708325,-0.44524259105508135,-0.2899797138072075,-0.448359599380519,-0.18847600199416653,-0.500236654409859,-0.7420693264187002,-0.1279530068851495,-0.3944341997059336,0.08561962842363745,0.07698800585136706,-0.08287074388116861,-0.6029460202565984,0.120633921502528,-0.7395425559054489,-0.6668556581972618,-0.596469771472614,-0.5301606050891496,-0.44931219497360947,-0.4389981608327679,0.1269864992782659,0.05446379060282997,-0.15392893305227925,0.38449900319560976,-0.7336782079388996,-0.7753678503674712,-0.645012714330205,-0.35978824869593723,0.0518108541768884,-0.2640432441181268,-0.22744997634315398,-0.5703660863306634,-0.2029198021235719,-0.32860425792590775,0.016021400689665042,-0.25992239681805196,-0.22838528175660813,-0.4175462682182895,-0.4986357963084687,-0.14184038971333476,-0.6781112636131005,-0.5210997704228074,-0.6092821684778195,0.037146314259116915,-0.30449268328349705,-0.5035372158579274,-0.5435632643410456,-0.2464691126892494,-0.6373839274090247,-0.26127120099129464,0,4,train
0.4901351545913198,0.4622681942059963,0.5531801545453561,0.5552558228826678,-0.08040523723768371,-0.5238501517062343,0.6367723784093144,-0.4547056100863311,0.18158638131034852,0.7120962266484469,-0.1653701973326412,0.5389621457550638,-0.3583804348635158,-0.09472027522055486,-0.20368114898465434,-0.17997184818420328,0.011119561468120603,-0.6364875948430786,-0.7341288734312942,-0.3747598551118577,-0.6090960045498678,-0.39692063242737163,0.12153293527433359,-0.31555807086130466,0.2795530959117865,-0.037235646162021505,-0.3906881744491035,-0.4337750552282337,-0.341877681272029,-0.6777040131273477,-0.41138455398782503,-0.13677970772016063,-0.18571592995675545,-0.5945038642310334,-0.5789875196329114,-0.03194607868012549,-0.21957208374110063,-0.36259224877436763,0.06344881019898439,0.032812117263313484,-0.6029460202565984,0.20999472416731021,-0.20695692361373483,-0.407871147504354,-0.049439000635162995,-0.6360129344647281,-0.503086426485697,-0.6404218526293327,-0.3187161987224278,-0.06467359555434213,-0.3111400515220086,-0.2735871086936057,-0.4158049757058831,-0.43279693176680917,-0.3703047809349808,-0.7071140636903755,0.19394251193902448,-0.3015745667203343,-0.6222795872436458,-0.23332925746926056,-0.28803898811641365,-0.34934291603700285,0.20145815968276787,-0.3283230275596446,-0.4328671056440241,-0.533010405796927,0.018204342636924796,-0.2640446067424837,-0.5668001983328905,-0.31455703654408906,-0.5888498508307527,-0.15784360891867916,-0.5542440574948228,-0.5967536956335328,-0.5219254771956237,-0.015205343370071392,-0.47314485632157643,0.06767908528733256,0,4,train
0.13227294546820426,-0.09391266670320522,0.15789947700488158,0.2570419660848297,0.2174427024191367,-0.6519760446992884,0.08587059741598027,-0.427528997295731,0.14501379578884205,0.0788977412180403,-0.09887765597727667,0.24548496003995113,-0.7764291977179402,-0.08754830357376098,-0.17050901165001664,0.005596961088981404,-0.1059153759952269,-0.6650019484999093,-0.3400329257504851,-0.42722076698493694,-0.5422855205855017,-0.45889630551647886,-0.2474430538592488,-0.1104779808667424,0.1649446219320464,-0.6872537828692424,-0.47928428911714765,-0.47533205251872757,0.06980110377056657,-0.20309527639647054,-0.44173576403297937,-0.5795511327111962,-0.08083319253513457,-0.6730598724153455,-0.5334763177392029,0.02764442848161355,-0.45688495540765967,-0.13441165674629232,0.005907228676358039,-0.14794235327493976,-0.5226296589275085,-0.1772354207134127,-0.8162709944559502,-0.9221403901659851,-0.48312105319098003,-0.5160469611724059,-0.5959691900065756,-0.5106154734715465,-0.13910466370722288,-0.053842924085508295,-0.4028465372960174,0.08679338115048846,-0.4402567628007305,-0.5069617698143752,-0.37772931967539225,-0.6289657553166269,-0.17778643913117753,-0.41994258415806546,-0.12425587349416176,-0.5182056247211606,-0.4923250344992337,-0.3216913718888761,-0.14847895003002293,-0.20862192376185748,-0.3606970501543479,-0.4211545225176219,-0.7371773988986503,-0.03074564695956296,-0.6391523907650271,-0.2873803610337314,-0.6637683488699976,0.07259902756417075,-0.5689353148013713,-0.37148053617581994,-0.781578922940687,-0.3136102070077204,-0.7009603420235209,0.20343634629121043,0,4,train
-0.16730110080531288,-1.5997778434731778,-0.7451266733595496,-0.9116339592039957,0.0963083728936356,1.0738642970625736,-1.3838428952340687,1.0525511454538727,-1.2096347719277571,-1.530481742584243,0.044450710944286854,-0.6431903382771598,0.24142865966674532,-0.030172530399409928,-1.2784583986269153,-0.6493517775222586,0.1281544989314681,-0.5473802396654825,-1.191788683641266,0.1641567850388651,0.6268979487909037,0.8270989110824968,-0.19209665548921143,-1.0175629943042295,0.821338609270558,-0.20807374619404753,0.5602434563212374,-0.7246740362616908,-0.5970025621434967,-1.2733864071875303,-0.5024381841232881,0.11330415269144281,-0.2271170105179216,-0.2959910331306475,0.48673312471142927,-0.04187782987374867,-0.21957208374110063,0.08969428185271022,-0.10240633654270333,0.13041953135397025,-0.5724811935455643,-0.02333626056851,-0.20695692361373483,-0.5558622964717299,0.19204305135614422,-1.2076155130928514,0.9243749918351727,-1.4684970300152105,-1.0704237341564338,-0.28128702493101865,-0.41158048832211347,0.10768500375014609,0.6894158009812205,0.1252051830672589,-0.31090847101168906,-0.5334511561931564,-0.21605265468252186,-0.1572233259426133,-0.2633435773341078,-0.2172798846663366,-1.2141357317185315,-0.36316868811106623,0.04892147083360264,-0.48222444672822795,0.2968523443071467,-0.9371348873221583,0.2081541372920694,-0.7028688406198823,1.2976601451106253,0.13657577692784842,-0.38793206063459595,-0.15784360891867916,-0.7697158313242016,-1.105560314408712,-0.05130360678269637,0.370234272161892,0.5970581230224415,-1.206350594902906,0,4,train
0.2624046578766099,-1.015018519355203,-0.11830082905896461,-0.1620694002256456,0.13051100711260064,1.6774453110419008,-0.4534738035565147,-0.4693391708197311,0.31471059260863204,-0.5222639160804706,1.3255403410576434,-0.043045980972097865,-0.38746208793164966,-0.1592680200416998,0.0683303771593747,-0.03260838199667426,0.13790741038674706,-0.42262994241684804,-0.6663274200668539,-0.4081440717583627,-0.43650225430858886,-0.7636100315379228,-0.35352365073515374,0.5915269425761823,-0.8196463590757211,-0.724754829217736,-0.5324419579179741,-0.6554123741108676,0.15677549497674872,-1.2297998905489804,-0.27986264379215603,-0.5016561597961067,-0.13879470532076718,-0.6542064304511106,-0.5258911174235849,0.20641594996683066,-0.3788215107805021,0.06524636127827357,0.11760559280851507,1.4463120768724542,-0.5032429510204868,0.14545636668718973,-0.8659188076356862,-0.3930720326076164,-0.39441336062274474,-0.5231037831307778,-0.38087226395822527,-0.9403193493042181,0.14694333650217759,-1.0015266776084681,-0.7915073579572927,-0.31014744824300655,-0.30332675506958495,-0.4116069780389332,-0.5781918656665018,-0.1861253411987181,-0.7244466612932393,-0.27559134338034447,-0.06144207175999259,-0.389810642297769,0.05584252329466686,-0.29749627075926516,0.2881947082440579,-0.29754274372592787,-0.5892355592049893,-0.5294021514975946,-0.5074706704784755,0.05813014724345447,-0.4888824526367436,-0.4613110843000205,-0.30960817632084,-0.4532828864607944,-0.48078777096207986,-0.6860861554184878,-0.6409333064954443,0.1265369668578119,-0.32479988888775213,-0.33959269772430106,0,4,train
0.9699958440973154,0.6205489135161248,0.5895658236076592,1.2822528467519922,0.28869819037531386,0.18778884431542792,0.7927970086906433,-0.4860632402293312,0.06162830079980732,0.8873565217229344,-0.596832910127451,1.119321524247871,0.24142865966674532,-0.5573124464387602,-0.6017467970003065,0.0001390549338877367,-0.04414693677846016,-0.2764938799255905,-0.17476688317466196,0.28338613020495423,0.32068323062089277,-0.35560351703463344,0.3752039278036715,-0.46542429047271555,-0.2309755609070559,0.000265400186472016,-0.37296895151549464,-0.1290237417646119,-0.44044865797236876,-0.26605357820770936,-0.224218758709373,0.08870574019194083,-0.2988788834906096,0.1439226127015002,-0.5145133169501577,-0.3961102891129752,0.10517184590787491,-0.10996373617185567,-0.2750310811105824,-0.12986690622111444,-0.31768446105327913,0.001486184616151724,-0.20244348605194062,-0.16368575170818378,0.34974561592189585,-0.3784389329841539,-0.5764149240021801,-0.2823352894354397,-0.41184810576734887,-0.259625681993351,-0.32860795357420075,-0.03855635444745733,-0.058808884121110704,-0.4681135213132692,-0.04733734572708201,-0.3511051033210763,0.11194347861471521,-0.5036663038091437,-0.5908726863765613,0.1117322577936043,-0.4208249182652467,-0.16960787907417882,-0.360833948231802,-0.0991809145753093,-0.4889993710248834,-0.17579323016301718,-0.18058032618822656,-0.6306572578299307,-0.5389724320128381,0.04417508019263232,-0.5616067606346636,-0.15193482336783684,-0.21144805367535613,-0.2938001363628155,-0.3055476057414042,0.10415660208498823,0.3851367409741211,0.08334338463393386,0,4,train
0.8845969078292992,-0.17305302635826944,0.4771010283241769,0.8953808163115534,0.6891540326890294,0.16463356244921332,0.15714110754448854,-0.36690424568593083,-0.1197717233868647,0.13166428167057417,-0.3190418484650392,0.872009289094686,-0.2311482026904301,-0.07679034610357015,0.04179266729166455,-0.13630859894345393,-0.24895807733931827,-0.27292958571848663,-0.3654584707621502,-0.3556831598852835,-1.0322290696575191,-0.6190001276633393,-0.4549920477468889,0.21291754566314428,0.22745833501190466,-0.2747422730358138,-0.4615650661835388,-0.4476273876583983,0.0292130545410149,-0.21762411527598718,-0.5783162092361741,-0.2802704473005888,-0.003551175487624452,-0.24885742822006024,-0.5220985172657757,-0.12464242315394178,0.03335347685088994,-0.06921720188112794,-0.051634352846268314,0.11957426312167506,-0.14597361959108693,0.18020778994571612,-0.3649272382765314,-0.5003656156089639,-0.6211107971860127,-0.4595923855054307,-0.7524033180417393,-0.18386148455711912,0.10702966205435425,-0.09175027422642669,-0.5731585823048908,0.19125149414877662,-0.293546040231646,-0.5034301108597292,-0.2663612385692203,-0.4495140842361671,0.18300930749578323,-0.3968463856336301,-0.27680367770571546,-0.048761470235635165,-0.21313410444271294,0.08962534731450968,-0.09464247161267052,0.2325621445214149,-0.3526781550999394,-0.302082130639652,-0.034804902383115566,-0.49178882938771584,-0.43322691999663865,-0.8417845414450279,-0.33004049396790675,0.16123081082680532,-0.3093897690523466,-0.2976841563534657,-1.014185134753973,-0.0475325369308167,-0.5526153745896966,0.2660935436776156,0,4,train
0.2081831110397742,0.20726036865078928,0.5366412140624911,-0.020216322397484717,0.4568611419518919,-0.14873458547355767,0.13210011749933698,-0.32509407216193076,-0.2660620654728905,0.23154380467001331,-0.29096721989277413,0.09709761894804021,-0.6673729987124382,0.10609493088967384,-0.09753030951381372,-0.14722441125364127,0.08914285311035228,-0.2764938799255905,-0.5434372858438059,-0.6275260668639667,-0.837365158094785,-0.7894332286583842,-0.4872774467960774,0.17347906681803613,-0.19450922827713857,-0.7747562243490607,-0.9695161236136588,-0.34604361650385773,-0.3882640232486595,-0.21762411527598718,-0.0016432183782408589,-0.7968371097901303,-0.4424026294359855,-0.45310304949927166,-0.6889729242093736,0.057439682062483066,-0.5068455599690405,-0.07329185531020072,0.27669114172401144,-0.03225949213045769,-0.4340047084954093,0.18517227898264849,-0.7034350554110954,-0.8962419390966944,-0.5866133611872545,-0.5266321941099636,-0.8843946135714088,-0.5867088681502488,-0.25884568705069283,0.01655644046191158,-0.6342962394875633,0.20169730544860542,-0.63587105955951,-0.7435829197756573,-0.6078900206281477,-0.5247680108182954,0.24314193193361003,-0.4863441549158171,-0.128742573618031,-0.22530457106779858,-0.2710151509178453,-0.5083392948887318,-0.022860500389533935,-0.3864635636899983,-0.9140008089085323,-0.2912573677416547,-0.68416815387861,-0.25848986960479514,-0.9842166931336778,-0.4884877598103782,-0.6092821684778195,0.18486595303017453,0.03340623476711998,-0.4180887760636226,-0.6409333064954443,-0.3409639861745049,-0.8546033440085531,0.015464754131994905,0,4,train
-0.3408100506831871,0.44028476096847846,-0.13483976954182966,-0.19430873609568214,-0.49938750642000523,-0.09316190899464262,0.024231237304837987,-0.3376371242191308,-0.4284443451883792,0.12224168516119313,-0.08705675973632297,-0.03315349156597047,-0.40927332773275005,0.14195478912364323,0.08823365956015732,0.3003238934640394,0.007868590983027618,-0.7149020673993631,-0.40783437911492537,-0.8278313667429965,-0.8930405613984234,-0.6086708488151548,-0.5564604447586241,-0.20513033009500192,-0.3195366544368551,-0.8289244024079958,-0.6151316649414821,-0.6461774858240912,-0.022971580182694396,-0.5663162483843868,-0.48220404409318524,-0.6246482222936165,0.026809616923897384,-0.5756504222667985,-0.5183059171079667,-0.16436942792843448,-0.45688495540765967,-0.008097400445036346,0.14468398411328043,-0.1985536050256507,-0.5170905995255023,0.3291424610536865,-0.8749456827592745,-0.7593501263018717,-0.41412618119346367,-0.2937570694836911,-0.6448548550175642,-0.34500043799437097,-0.00605908221447849,-0.0159355739445899,-0.5425897537135546,0.23303473934809188,-0.5674060556939371,-0.5811266078619413,-0.6487249837004108,-0.30190061286353087,0.09007706972823273,-0.3939593608180757,0.1628929344334687,-0.28548971907876336,-0.27441991835755897,-0.17997720812972637,0.17753083594172234,-0.21546198683601675,-0.6132922443682146,-0.31651514783698165,-0.6046542863485495,0.17477962713491485,-0.7448979027812265,-0.4613110843000205,-0.45603978612481855,-0.08693818230857149,-0.38284605558508944,-0.05299089694250173,-0.8897678586677967,-0.3409639861745049,-0.9499679659302973,0.10422911709606891,0,4,train
0.050940625212950716,0.5787803903648409,0.22901692108120125,0.1941752611382584,-0.17303737158071397,0.01798344396318748,0.42296084802378964,0.7327033179952719,-0.1943797978507379,0.5330668929702069,1.1098089846602384,0.24878245650866027,-0.4528958073349509,0.08816500177268913,0.1744812166302153,0.23482901960291538,-0.313977487041178,-0.5687660049081056,-0.3357953349152076,-0.3222989432387785,-0.5478530609158656,-0.46922558436466344,-0.4365432482902098,0.26024372027727405,-0.06948180211742207,-0.8830925804669308,-0.5560675884961193,-0.507654161522445,0.49307647430731977,-0.348383665191637,-0.4923211141082367,-0.49755642437952297,-0.27955837922873206,-0.5819349029215435,-0.31729810874408754,-0.16436942792843448,-0.4818652576883501,0.3749200218878043,0.31053913085496815,-0.11902163798881925,-0.4672390649074465,-0.06305217286396876,-0.5635184909954757,-0.6594561007488929,-0.39934156576542446,-0.18084791814974085,-0.7964004165516292,-0.19281364863696643,0.4063822204130291,0.8884254937030346,-0.7260027252615722,0.9067895681870505,-0.35712068667824926,-0.23855568926127915,-0.7972157585086401,-0.36268263048755756,0.6148708830038121,-0.26981729374923563,0.19429983530055328,-0.4580204767101958,-0.23356270908099494,-0.5740117122405329,0.2283763988914441,-0.4959045728765465,-0.5250843987697215,-0.2696078419456602,-0.489800922138462,0.14700594144647192,-0.3664402808285127,-0.45044041409587743,-0.37771590181106257,0.7402917948093513,-0.9264225759273863,-0.19669963659655992,-0.5381538175546902,-0.059966072915718746,-0.2877136470292961,-0.13595680621848427,0,4,train
0.8357975156761471,0.7084826464661962,0.5316795319176315,0.7325721701678689,-0.22434132290916153,-0.17806460917076283,0.48460020813493193,-0.5195113790485313,0.5092767475830464,0.6385999738752747,-0.05898213116405796,0.6230483057071466,-0.4056381210992333,-0.07320436028017321,-0.3098319884554949,-0.10356116201289192,0.11189964650600318,-0.5438159454583787,-0.568862830855471,-0.3222989432387785,-0.2193681814243993,-0.3865913535791871,-0.36736025032766306,0.1655913710490145,0.1597351458420582,0.12110210508717335,-0.5265355502734379,-0.5538286029563271,-0.2838947538012409,-0.7261334760590699,-0.3051553188297847,-0.24747256396791953,-0.4644832057352741,-0.30855999444013743,-0.29074990763942427,-0.17099059539084993,-0.2008368570305828,0.024499826987545843,-0.000862369149833297,-0.010568955665867297,-0.6029460202565984,0.021344140763881105,-0.5409513031865048,-0.26727955598534686,-0.28599284748379045,-0.5619163039018231,-0.3124323329428411,-0.4837589812320045,0.13363877835290314,0.2169238626353374,-0.01855269214779009,0.21214311674843425,-0.21530032152813422,-0.21736573553340316,-0.19954038990551706,-0.42635902990320457,-0.1395202235798332,-0.09659580481597047,-0.27231697758184625,-0.4981439087175057,-0.4446582903432424,-0.4841441937591209,0.132667103927262,-0.4309239736720335,-0.21234749164779118,-0.3201234021363141,0.00936946846691807,-0.21405197250328642,-0.4053991536765862,-0.05909628674672686,-0.5241475116150411,0.155322025275963,-0.2212422252130552,-0.44916093598882434,0.013609754653569464,-0.0002851001881889393,-0.33009792343896016,-0.4910142580747803,0,4,train
0.021118774452691093,-0.01697065037189276,0.023934059093674756,0.36826767483645584,-0.14881050567561374,-0.32471472765678866,0.16484602755838132,-0.36690424568593083,0.24741703524906014,0.13166428167057417,-0.11956422439894564,0.29659615530494265,-0.5365055599058357,-0.05527443116318851,-0.2501221412531471,0.04926021032973074,-0.07665664162939002,-0.5652017107010018,-0.5815756033613035,-0.7324478906101252,-0.5311504399247741,-0.5157073391814939,-0.47805304706773777,0.6309654214212904,0.08680248058222358,-0.6955873487244633,-1.034486607703558,-0.7616135894087964,-0.22011353358337396,-0.0432780487217874,-0.5024381841232881,-0.45655907021368636,-0.18295585791934438,-0.5945038642310334,-0.7041433248406097,-0.012082576292879146,-0.5786639290260255,-0.27702452676383943,-0.07871274415103366,-0.03948967095198782,-0.4644695352064434,0.22985268031503958,-0.6898947427257129,-0.7630499050260561,-0.3599159246239865,-0.5336890160683355,-0.6106348895098721,-0.5822327861103251,-0.13245238463258566,-0.23254900332126643,-0.3373419046002968,-0.085562505296687,-0.6701035614922963,-0.3551004347645972,-0.6487249837004108,-0.484246665735611,-0.08485420136362705,-0.32755779006032404,0.12251263331864569,-0.4780821927138507,-0.4650868949815244,-0.3977331182962247,0.001066823351511589,-0.35226324831920197,-0.22036638670219966,-0.4824948456062731,-0.6444112201135798,-0.2640446067424837,-0.683676816877111,-0.5591471161373082,-0.4832828763209076,-0.2701105343846829,-0.7599216597865026,-0.35982847620386926,-0.803216710086109,-0.420538616477878,-1.2042736243882817,-0.05241387636994403,0,4,train
-1.1893772586796656,-0.7907875003325209,-1.2197942652177762,-0.7472133462668091,-0.7673081411352314,-0.5531801754034394,-1.2066297349145345,-0.5759551133059313,-0.25874754836858926,-1.189383748944649,1.4467045275274186,-0.6448390865115143,0.1941709734310278,-0.81550342572334,0.40005175050575154,0.6277982627696594,-0.7073449157374293,0.06924265816348227,0.13033965696531927,0.04015826606613242,0.14808948037961384,-0.6190001276633393,0.0523499373117869,0.31545759066042545,0.2014109545619637,0.30444055390203056,-0.05402293871053557,0.244989233849833,0.6554286712255265,0.14075391041875682,0.0034153166292848714,0.051808121442687864,-0.01735153567467983,0.062224364189815626,-0.24144610558790672,-0.27692927478949714,0.1020493081227886,-1.271239963457596,-0.4205774343736961,-0.661285049603579,0.08112781589116723,0.24971063646276898,0.17668526913877114,0.3579830484018162,-0.2022133600582349,0.0802544943100192,-0.38576083045932413,0.05784694559875868,0.3531639878159314,-0.8607279485136284,-0.13209405548703906,-1.2972766160768296,0.17592827198942457,-0.31625218626349116,0.2682055507404053,-0.012462433701498942,-1.1235086234715443,-0.1168049785248514,0.6743767485545604,0.06358413938483246,0.09329496513151721,0.3903358899253883,-1.2581085885210093,0.06840063074159262,-0.18829080648456578,0.062351553592922715,0.24349363397209633,0.5580564896354275,-0.32191585471642875,-0.2493330153192306,-0.040582660634460636,-1.528681856714094,0.1754217220637561,0.14509412258065957,0.051475882158057866,0.3478539073890683,0.19970553168184077,0.031129053478596198,0,4,train
-0.09274647390466383,0.4534748209109892,0.3315583520749645,-0.28780281011878817,0.5936716788277521,-0.4204232260371424,0.04156730733609675,-0.3857188237717309,0.16988315394346645,0.175008225613727,1.3624806418106237,-0.16340460207998117,-0.2820410955596644,-0.3708411836221193,-0.08426145457995865,0.12021299034594841,0.5865413373295792,-0.2978796451682135,-0.3866464249385378,-0.3747598551118577,-0.6257986255409592,-0.42790846897192525,-0.5011140463885867,-0.5285258566248885,0.25871519155183376,-0.5164156828372165,-0.95179690068005,-0.396835502081128,-0.011374994688536772,-0.4888291076936313,0.038825061681964985,-0.4934566889629393,-0.028391823824324137,-0.46567201080876164,-0.3855649115846503,0.0011597586319517525,-0.2632876127323089,0.5093835850472058,0.03637041889421905,-0.5419870990483319,-0.47831718371145887,-0.21695133300887146,-0.41006161389447326,-0.6594561007488929,-0.48804925833365975,-0.6183708795687983,-0.5959691900065756,-0.3987134224734549,-0.10584326833403679,0.5743360211068537,-0.3111400515220086,0.5255174557432988,-0.4402567628007305,-0.3904170243110572,-0.3888661277860095,-0.36268263048755756,-0.4784495613203115,-0.43437770823583755,0.06418553170834575,-0.3376501806882662,-0.34592003459154597,-0.5429037250738903,-0.07370606333925568,-0.4206638790607946,-0.5371127413513341,-0.2696078419456602,-0.4456265512884284,0.091458570069586,-0.4944480059007541,-0.618935802260095,-0.9566315684779547,0.6634775826484013,-0.21144805367535613,-0.14620737671810705,-0.26227203145056033,-0.16938118958285672,-0.44135664901432836,0.052014785940731265,0,4,train
0.029252006478216443,-0.16206130973951052,-0.06703011356208297,-0.1798010349541657,0.13906166566734188,-0.0885308526213997,-0.4361377335252559,-0.414985945238531,-0.6391024377922564,-0.48268901074107023,-0.11956422439894564,-0.02985599509726134,-0.6528321721783712,0.23877640635536065,0.06169594969244716,0.13658670881122942,0.0013666500128416445,-0.5473802396654825,-0.3315577440799301,-0.5226042431178083,-0.49774519794259103,-0.5260366180296784,-0.3858090497843422,0.4179976356577066,0.1597351458420582,-0.4039125437917359,-0.9636097159691225,-0.6969693714013615,0.07559939651764538,-0.348383665191637,-0.2393943637319502,-0.6000498097941145,-0.3982414768374083,-0.5882193835762884,-0.6055357207375747,0.16668894519233798,-0.5661737778856802,0.12636616271436518,0.11760559280851507,-0.12986690622111444,-0.4312351787944062,-0.16234195360261566,-0.883972557882863,-0.7593501263018717,-0.5077620789043787,-0.2584729596918317,-0.19999530341756713,-0.36290476615406564,0.4462958948608524,-0.048427588351091386,-0.3024061004959125,0.12335372069988931,-0.6114192724646625,-0.5175567466783132,-0.3368943566031292,-0.2498017406143651,-0.11218721247173012,-0.43726473305139196,-0.10630907299868485,-0.38579829909703806,-0.3118723601944093,-0.45303620659247823,0.05490330176886402,-0.4411840682832724,-0.464942685861658,-0.24795831614966563,-0.489800922138462,0.14145120430878333,-0.3720058340925232,-0.5047937651165928,-0.7591191645563092,0.39167344730965525,-0.4367139990424342,-0.46469701595142526,-0.7112561147180657,-0.4454056884476821,-0.6638741001650648,0.3705222059882909,0,4,train
0.6527997951018268,0.3479543413709035,0.6358748569596813,1.2258340089794282,-0.00487442000413594,0.22329360984362365,0.6772232084822516,-0.3794472977431309,1.0388477859344598,0.7950150759310002,-0.1520716890615683,1.0814003148577158,0.16145411372937718,-0.24174569397982942,-0.236853286319292,-0.28912997128607665,-0.11891925793559885,-0.6115375353933518,-0.21290520069215962,0.26907860878502354,-0.08574721349566723,-0.1490179400709426,0.259898931199427,-0.06315180625261264,-0.04343442166748113,0.06276714410062788,-0.5501611808515829,-0.09208418861750622,-0.38246573050158067,-0.4549284836414258,-0.5277308591609168,0.20759806727286706,-0.29335873941578744,-0.14830573774414077,0.42984412234429364,-0.14781650927239584,-0.09154803455256219,-0.16293423074980176,0.06344881019898439,-0.07925565447040353,-0.35091881746531634,-0.04319421671623938,-0.27465848704064766,-0.26727955598534686,0.16247382050006579,-0.21966043892078627,-0.1462210719054796,-0.2554787971958977,-0.4384572220658978,-0.08091960275759287,-0.35480980665248896,-0.1586831843954887,-0.122383530567714,0.1781800673869489,-0.19582812053531135,-0.3192669036132528,-0.3363179035581755,0.09683485782617564,-0.3799977805547077,-0.08487255904221405,-0.04289573245702952,-0.345886473018487,-0.15446078096528432,-0.3214829644854853,0.10439886300134339,-0.16857672156435233,-0.04363977655312229,-0.3751393494962555,0.13445951293243188,-0.13519097817572837,-0.5241475116150411,-0.10466453896109841,-0.4611994278866818,-0.021918737017299957,-0.2839098185959823,0.10166989488800782,0.2579839117451289,-0.7259787482737997,0,4,train
0.09702894002426106,0.053376335988164346,0.06858919839741037,0.3279685049989101,0.04215420204694097,0.24336152079434298,-0.05474419283756306,-0.4860632402293312,-0.08758784812793903,-0.013443704573893992,-0.15502691312180672,0.3394636093981614,-0.7291715114822227,-0.10189224686734874,0.31380419343569355,-0.09264534970270459,0.11189964650600318,-0.6614376542928055,-0.5307245133379734,-0.6036801978307489,-0.046774431183120385,-0.365932795882818,-0.34891145087098396,0.070939021820755,0.23787728719188103,-0.6497527365207489,-0.9281712701019048,-0.4014529462245162,-0.42305377973113234,-0.6438033890751422,-0.48220404409318524,-0.2515722993845032,-0.1360346332833561,-0.5473702593204461,-0.7041433248406097,0.13027252414905302,-0.2976355283682582,-0.028470667590400213,0.21237996237519377,0.032812117263313484,-0.619563198462617,0.31424899394288947,-0.7305156807818606,-0.9369395050627227,-0.7196749000396075,-0.5160469611724059,-0.6644091210219597,-0.18386148455711912,0.013897755009433169,0.027387111930745407,-0.2762042474176243,0.08157047550057404,-0.8314853563182893,-0.4716451802679152,-0.5893286737771191,-0.47845790215237033,-0.18871964357441878,-0.2842524178270077,-0.12425587349416176,-0.5783907727321254,-0.3118723601944093,-0.6638792307219449,0.036957808963079875,-0.35226324831920197,-0.517065503715313,-0.14331894146902538,-0.7150902134736336,-0.19738776109022066,-0.5723657515969011,-0.29825103123787444,-0.5037151939679744,0.09032538421669765,-0.6766712017160607,-0.1539754166994075,-0.30013815895504875,-0.5125467827661532,-0.844007274906137,-0.35525699707090236,0,4,train
-0.22423372498399038,-0.8897129499013512,-0.23738120053559292,-0.8358715199094098,0.13906166566734188,-0.3648505495582273,-0.9716296744908045,0.6867121271188719,-1.0648073332625916,-1.0084698959645328,-0.33086274470599286,-0.5162367242318582,-0.10028076388382767,0.2961521795297117,-0.3430041257901326,-0.027150475841580597,0.24518943639481564,-0.5224301802157556,-0.15781651983355188,0.01631239703291459,-0.29731374604949296,0.06273227631684053,-0.4826652469319076,-0.007937935869461257,-0.1424144673772567,-0.29557618767386573,-0.296185652136523,-0.46609716423195113,-0.0751562149064037,0.07779560860751801,-0.49737964911576243,-0.534454043128776,-0.3071590996028428,-0.23628846691057032,0.21366591334917825,0.23290061981649243,-0.4100468886313651,0.1345154695725107,0.07021840802517572,0.014736670209488162,-0.4727781243094527,-0.1871643987872774,-0.4642228646360035,-0.44116915602201356,-0.31063387319718916,-0.45606397452624475,-0.058226874885699935,-0.30023961759513434,-0.6446778733796517,0.01655644046191158,-0.39847956178296934,0.21214311674843425,0.18081862940839405,-0.12201094375796115,-0.3406066259733349,-0.30768937644677147,-0.07938759914200642,-0.26981729374923563,0.04623873121286884,-0.5462920271262776,0.19884275576264093,-0.38736378924067716,0.14463076579778475,-0.5403649828585817,-0.40079152542639024,-0.0025970237950608934,-0.20708494869824673,-0.6473214692429964,0.4628271555090511,-0.2873803610337314,-0.4424182410267741,0.4743964450214475,-0.6864653732537598,-0.05299089694250173,-0.1594925425098061,0.10913001647894904,0.0990428752088886,-0.3500355639553686,0,4,train
1.3319246692331936,1.383374046857994,1.4777069275375119,0.3988950439129905,1.743735254440451,1.912085500619542,1.1992315394234876,-0.5696835872773313,0.9847203593626304,1.3566018278901106,-0.5170418605010135,0.507635929302327,0.17963014689696086,0.06664908683230748,-0.581843514599524,-0.7475940883139447,-0.561051243908245,1.4985246352121233,1.5795957226302302,-0.16968538142618445,0.04787375443306481,0.4397509542755763,-0.15058685671168343,-1.0727768646873808,-0.9863495939553432,1.0252940003786282,1.0327560678841397,1.6440748092964603,-0.36507085226034425,1.6614390464748328,1.708141614165456,-0.27617071188400516,0.8217103636982873,-0.1797281410178656,-0.16938670258953492,-0.3530727006072748,0.1863578283201188,-0.6600419490966801,-0.014401564802215968,-0.8275791624987721,1.044924151840246,-0.9467312214379261,0.7363515268012504,0.7908571591313907,-0.005085154351045345,1.5127893518595135,0.5284011052461643,1.9019927460473076,-0.48502317558835834,-0.3083637036031032,0.929080994183634,-0.3884910329917226,1.349614052542101,-0.15732753330442115,0.6951165283140647,1.2755374635695431,0.36340718080926365,0.443277835692706,-0.6312529874913844,-0.0006133518268633283,0.9002248483436565,-0.06245814550018758,-0.44158866585783063,0.09234085150115004,0.7218537821907957,0.2211147427635493,1.091641554292742,-0.20849723536559783,0.5296137946771771,0.04417508019263232,1.931135992307484,-0.6659991662911173,1.8649163123168415,-0.16562747667135816,1.0035385165566235,0.5318702399656186,-0.4466546835655364,-0.5588928885767191,0,4,train
-1.9037461382549756,-2.1647520776773863,-2.36759673472861,-2.1560723237874067,-1.0608807515146812,-1.169110673044748,-2.99994986814808,-0.9041649754693322,-0.26167335521030977,-2.696999190445617,-0.05011645898334269,-2.051221330415959,1.9935982570218111,0.04154718606852889,2.244422586311607,1.779416461494423,0.15416226281221201,1.1813024507798813,2.045730714510757,4.222723694492539,3.093318315142083,-0.03539587274091263,3.695987830005913,1.3250826490951935,1.097440842039932,3.3086910447091227,3.088185928182765,1.9303563461865294,1.838280391629604,1.3999199466435333,1.2124051834279344,3.3233969838764508,-0.061512688273257045,2.403193408082316,-0.08974209927554505,-0.2471340212086276,1.9568367524640524,0.028574480416618617,0.2496127504192461,0.24971748190921741,0.8593656618730383,1.0192064371872824,3.6475187541585012,2.3447642232888377,3.6762840872307194,1.5304314067554432,0.3621898442088028,2.040751289284941,1.9696678029527757,0.3523072559957602,2.2697424766893812,0.39494481449543856,2.0684965931306154,0.06163532188363088,3.2305965081645804,1.15686781011311,0.1994091141606451,-0.0042110107182290425,1.1679137621801754,2.7638911134767863,-0.14844352308815323,1.3374012769987302,0.09378520284806299,1.214111195663269,0.28482400172553396,1.4407046959379082,3.0529836200342353,1.563463911557062,0.5463104544692086,2.837937322657402,0.5213060746598759,0.5453018716315552,1.899195912698788,1.679282018887497,2.8048842964130003,1.2256615479231525,4.310980343419256,0.14077914890480525,1,4,train
-1.7559924231245985,-1.6305546500057029,-0.5747755863860396,-2.069026116938308,-1.1934159591131706,-2.860989934736162,-0.27433441323350743,-1.1738405946991328,-2.5847639875364004,-0.5298019932879755,-2.7172061733485195,-2.209501160913997,0.9902812261711925,4.362660103261843,-0.011282752443755744,0.3549029550149761,2.384328015586001,-0.07689340432777529,-0.07730229396327906,-0.46537415743808547,1.7960814181673093,2.5107713633365774,-0.09985265820581583,1.4355103898614963,2.5508846711466364,0.07943427581106945,-0.06583575399960813,-0.2398424012059289,2.4007147880962485,2.838274995715681,0.9898296430968023,0.17480018394019775,1.7187337758568868,2.048120251089225,3.4222056468556272,5.351063068263635,1.4291278667844673,1.1817014008442135,4.260599462437613,5.878411694470424,0.8926000182850755,1.2972178232554938,0.5828946497002481,-2.616639045842439,0.00969946107699387,0.5918740862919815,-0.5226406924900925,0.5009790675512013,0.6724733833985179,3.5040326534264037,1.3788794720275817,0.426282248394925,-3.746138378024102,3.8263837675362677,-0.756380795436377,3.017955302124975,2.8561777938682655,2.9318932267006157,1.6793975763012672,0.3885839386440424,5.31280345021257,0.7117850906473621,3.5991381309112325,1.5732145070566304,0.6055798039018728,4.262359558015863,-3.590841755810823,2.1578207852897413,0.5351793479411876,2.1693911051026027,2.2001615079938635,1.319352778791897,-0.054741309072171423,4.499080532099558,-0.04589415999634088,-5.147768997937635,-0.012215850366479595,2.631402745014411,1,4,train
-1.5431728517900183,-1.4063236309830207,-1.7325014201865927,-1.543524942256712,-1.3573035814123782,-1.5936241739253492,-1.732490525862717,-0.6365798649157315,-1.158433152197648,-1.771700213224398,-1.0282956229222606,-1.32577210729995,1.1429599047788954,1.5118013736612748,1.0634944971985054,0.8734040397488744,1.1684650541612236,1.2597169233361658,1.4736559517482923,1.3516810628931126,0.8830048039876401,0.7083122043283745,0.993238709602422,0.6546285087283553,1.1026503181299203,1.2544670613971998,0.7669677238800072,1.1176861769502044,1.0033262360502553,1.0802854912941668,0.8330150578635046,1.4375186922479661,0.6809466897903225,1.234280006299752,1.0063193463312678,0.7824575191969747,0.8826837543943644,1.5198976354572538,1.1296604678241198,1.1209540299035983,1.0199983845312182,0.8305558537838534,1.2553968464075818,1.2866275081721,0.8819917713313077,1.4563347761925383,1.0905862528725343,1.6289517416119643,0.5394278019057734,1.2891603380498862,0.929080994183634,1.7946835286724998,1.1393286835264131,0.856258586678981,1.3002164356575994,1.3102700450689868,0.5055388385713997,0.9629423024925015,1.0063925577208832,1.0546329099653862,1.0977013598470493,1.323575504924667,1.1824784330656344,0.9815490511418541,1.1869496953464869,1.1484360976919818,1.2197472297578396,0.930223877860563,1.4924545093509927,0.669238616930859,1.171734853091502,2.0874949004013965,1.6102678523366662,1.6676299589155463,0.9278062615476467,0.6164182846629525,1.497723996727803,0.5637152312630402,1,4,train
-0.756960422655901,-0.8413493967788119,-0.8575914686430319,-1.5161215067671812,-0.9625481781351567,-0.9869557890305264,-1.3144986151090334,-0.6951141078493316,-1.2286525163989406,-1.1931527875484014,-0.4520269311757682,-1.1460585497553024,0.6921942822228203,0.575859073754673,0.6587944217159255,0.3549029550149761,0.27444817076065253,-0.10184346377750218,0.6007122396811237,0.9510704631350533,0.5044120615228993,0.23833001673597776,0.3475307286186528,0.11037750066586313,0.8890617984404046,0.3336080343953033,-0.14261905337857975,0.5358882148832902,0.8815620883616002,0.4022730102500566,0.357512767156086,0.5027790172668908,0.5733038803312904,0.35759495496282906,0.9570155442797503,0.4116721413017096,0.13015214818856533,0.5705033864832975,0.46962467977046446,0.3437098065891091,0.014659103067092843,0.35892939527528056,-0.12571504750143944,-0.08599039850031143,0.517304590773007,0.052027206476531626,0.5968410362615485,0.38460093451318605,0.8520849184137228,0.3523072559957602,0.09498867119145889,0.6404213800414157,0.15147648489457716,0.654954026264159,0.14570066152361613,-0.006673670118258305,0.5492716563443646,0.24118609860389661,0.39620134087466846,0.22006552421334094,0.6176291508474221,0.7843703940361949,0.4168040733521776,0.4753843836540687,0.3810507423784356,0.5927649355947888,0.2567459452271064,0.9246691407228745,0.6631870730134289,0.20179979815270685,0.05476815505185102,0.5216667294281859,0.4545556108881789,0.921898120710704,-0.12162641500531769,0.2682792770856952,0.872555919685258,0.7412439571911881,1,4,train
-2.4229174492176773,-1.8569840123521366,-1.6977696451725761,-2.4623460145527543,-2.675530108601655,-1.1320622220588046,-1.4223674953035326,-1.0149619353079324,-2.2643881383680036,-0.6259124776836622,-2.1542359898731003,-2.4864908642855643,2.5897721449185553,4.151086939681424,0.7583108337198385,1.2882049075359931,4.26663992645484,2.642663075692457,0.8634428714683298,1.77613753168439,2.792671137302436,2.5107713633365774,1.7727004866471148,1.3960719110163882,1.5089894531489987,0.21693811242221234,1.0622881061068212,2.3551612073782446,2.3543284461196183,1.0705995987078225,3.29146307152101,2.5403475193089715,3.7473867233540274,3.751214508525111,3.911451067212993,3.6626653653476953,3.20897440428366,3.0315940576432525,3.8916563809101845,2.115103617863991,4.03324669922259,2.3596184771590156,0.9484830922055772,1.2052323762400432,0.35960202620725534,0.8423912658141837,1.994971055575825,0.066799109678606,0.9851304999064672,3.1249591520172197,2.431320570672159,2.823595941705638,-3.6287697999688344,3.7380922936701175,1.664018833937761,1.5591868791483343,2.030720858403552,3.5583776116759247,1.9037325824947284,2.4388913142175763,1.7343928710735053,4.4309177785704135,3.919166085947716,4.418680745906883,2.4419067713614124,1.859262194660469,-2.8310425771902445,2.146711311014364,0.45726160224504064,2.718359950411828,1.8936767432878616,1.047548643453151,0.792454528938796,2.0133077380834163,1.3281053237379525,-3.877061620280646,0.5546738466127774,1.9265092744173526,1,4,train
-2.3944511371283386,-1.8064221159058456,-1.7143085856554412,-2.4865255164552815,-2.6399023646235666,-1.1721980439602433,-1.3318346851402922,-1.165478559994333,-2.2570736212637024,-0.6975242111549582,-2.2488031598007296,-2.5046270948634644,2.5534200785833883,4.348316159968255,0.9241715203930271,1.550184402980489,4.41943553925421,2.639098781485353,0.7405527372452818,1.4613720604459148,2.8706167019275295,2.4797835267920236,1.643558890450361,1.7667936121604044,1.3943809791692585,0.3294412514676929,0.3771448193406128,2.0688796704881756,2.4297062518316426,1.1335579005190612,3.139707021295238,2.487050958893384,3.681144994456162,3.6695162600134266,3.782502661847486,3.7917781308647966,3.2277096309941777,3.0641912850758346,4.010124342868533,2.093413081399401,3.928004570584472,2.62273639611643,0.9168890292730179,1.2163317124125963,0.5813712576278436,1.1246641441490595,1.779874129527475,0.08470343783830066,0.7722575695180762,3.184527845095806,2.36144896246339,2.619902621358976,-3.4184844309531464,3.6745224324864894,1.4041599780233598,1.573658788106436,2.3259173783710656,3.5006371153648366,2.114607488316582,2.5231505214329273,1.662892754839518,4.368701804237128,4.035811789185313,4.35028011516529,2.5581807496503353,1.8484374317624717,-2.716189212980157,2.5633165963410085,0.607531540373324,2.7835839716366864,1.9175144472094394,1.626609627435697,0.8463224723961408,1.9861195981488646,1.35515255766973,-3.8447344267199006,0.5599718811639854,2.4538740190862627,1,4,train
-1.661104716160136,0.5282184939185498,-0.9220933365262055,-0.2732951089772717,-1.454211045032779,-1.1413243348052904,0.10320666744723904,-0.7536483507829318,1.7688365929437286,0.07135966401053546,2.6435702719239798,-0.46182803249815757,0.6049493230184187,-0.7437837092554012,-0.031186034844538354,0.6987510427858771,-2.9700203733621477,0.34012901790337435,-0.6959905559137964,-0.5893726764108181,-0.5534206012462294,0.3622813629141923,-0.7086630402762268,-0.6389535973911913,0.764034372280688,-0.9497611073086971,-0.018584492843317892,-0.6600298182542559,0.3771106193657435,-0.7551911538181032,-0.9071209847253466,-0.45655907021368636,-1.8886803770393894,-0.019473884321868945,-1.2047665456714032,3.4375456716255703,0.22382828174115443,-1.6542573857904368,-0.7895205159011239,-2.617048420827479,1.211095933900432,0.8702717660793121,-0.45519598951241513,0.4837755250240857,-0.8231672080358821,0.48602175691640304,0.06398728764177179,-0.34500043799437097,0.20681384817391255,1.500358431692146,-1.2500397868273367,0.8127772664885912,0.24928363327396685,-1.0543689077845053,-0.6895599467726738,0.8934790670756609,-1.8505667189470867,-2.3629102850261896,1.0647196593311832,-0.20524285506414364,-1.8984939871009787,0.14147199259224738,-3.16631265686939,0.29070268065176863,-1.5434840706795971,0.09843409658624694,-0.344025498333351,0.19699857568566922,0.01758289438821148,-0.8091725308325988,0.8277908393658777,0.7698357225635627,-0.5738324005702208,-0.06852697690510262,-1.14942130441286,0.5492771903444814,-0.5367212709360726,-1.2376791935961087,1,4,train
-0.7000277984772235,-1.3975302576880135,-1.2280637354592088,-1.1308614431202442,-1.2390194714051241,-0.16262775459328643,-1.6304003356786376,0.9793833417868726,-1.0223831340576441,-1.583248283036777,1.8220179831776981,-0.8196063993530983,0.44863543777719916,-1.489668760521965,-1.152404276755292,-0.8294626806403497,-1.5948598581678146,0.4755721977733204,-0.1620541106688294,0.9176862464885484,0.6937084327552697,0.3622813629141923,0.40287712698869016,-0.5521889439319534,0.2482962393718574,0.39610977830945915,0.4539281187195844,1.016102405795664,-0.6085991476376543,-0.009377424669581887,0.939244293021545,0.4904798110171398,0.6257452490421009,0.2036251789215774,0.39571072092401227,-1.541572260110848,0.1863578283201188,-1.739825107800965,-0.9350668691642376,-0.4263042379038498,0.13651840991122924,-1.0063050898811143,0.6235155877563957,0.46157685267897935,0.4926635650596083,-0.39960939885926955,0.5919524697604497,-0.1480528282377298,-1.023857780633973,-1.8679803951151743,0.33517232440910094,-2.206062199161937,0.4840207893845021,0.1428634778404889,0.42040859491884036,-0.5623949741093596,1.3692619895874574,0.15746237895281845,-0.586385986252692,0.31636176103088465,-0.30506282531498197,0.7117850906473621,-0.9500442953550481,0.4411840682832724,0.6015703563746686,-0.2587830790476629,0.8884394483825874,-0.9195035889897373,0.7967603513496808,0.2072351332547784,-0.38793206063459595,-2.6454423258232898,1.1058680181451654,-0.3171042563067168,0.597830007579962,0.5691708479203247,0.9785166107094182,-0.7520859138514686,1,4,train
-1.535039619764493,-1.0435969825639761,-1.4993023593781956,-1.1340853767072478,-1.07655695886504,-1.9363223455453253,-1.5071216154563531,2.4552824671840763,0.2986186549791692,-1.4795997214335854,-0.6485493311816234,-1.0850548650841834,0.764898414893155,0.7408144216309324,-2.7181291589501906,-2.597824274890698,0.5962942487848581,0.5468580819153972,1.537219814277455,0.7364576418360929,0.3763586339245311,-0.7429514738415537,0.45361132549455774,-1.869434137358565,-4.132873152308209,1.2503002784695894,0.49527297223133837,0.8683441932072413,-2.1915330675901696,1.017327189482928,0.3777469071861889,0.8020597026774982,-0.40376162091223045,0.7440905152296445,-0.5714023193172934,-0.08822600211065681,0.5204693713243532,0.8353558593730277,0.6456342232514392,0.8209016088100978,0.5353306868556755,-2.0488477876369067,0.8401605907225167,0.9943449889615326,0.5518020267717652,1.5727723385056747,-1.0359401751054738,1.8303754334085292,-2.613752479472269,0.4985213208250169,0.584089928652839,0.8336688890882488,0.5622665080880139,-0.6199748563630472,1.0589189265942267,1.5997082242310188,-1.571770005644435,-0.7288542394223884,-2.91947005066469,0.7376577971076382,-0.7749207319954682,0.7463495208325206,0.8205776614823207,0.6361258658968113,-0.6293300344770316,1.285549761066614,1.1048938655477523,-2.630362627397823,-1.1623143975820136,0.011563069580203107,1.1819510119150352,0.9766432168430433,1.071588417763219,1.4811969993643357,0.5924205607936065,0.5915512126931484,0.6765286412905617,0.6733653266892492,1,4,train
-0.6146288622092072,0.3039874748958678,-0.9965185686990983,-0.6843466413202378,-1.1948410688722941,-1.379051895298427,-0.40146559346273836,2.409291276307676,0.007500874227977759,-0.2640847717234299,1.204376154587868,-0.5904303947778137,0.0778443611584923,-0.7975734966063552,-0.36954183565784277,-1.8664648501081464,-1.0454458461871001,0.21537872065473984,-0.17052929233938444,-0.40337489795171916,-0.7928248354518743,-0.21615825258414212,-0.2658918533159279,0.851820902953896,-2.741943036281363,-0.39141219500890473,-0.6446637031641634,-0.03205741475345951,-1.2754028135517175,-0.7067616908863811,-0.8160673545898834,0.15020177144069577,-0.22159686644309945,-0.32427119607699983,-0.28316470732380616,-0.12464242315394178,0.005250636785113212,-0.7048631368164806,-0.5728933854630012,-1.54698195524102,-0.17366891660111794,-2.302036728520456,-0.09863442213067432,0.07310008663961766,-0.24163900119967283,0.5389479216041922,-0.649743421518663,-0.32709610983467635,-0.15906150093113453,0.28732322718275727,-0.6299292639745153,-0.30492454259309215,-0.2201906789471037,-0.5952532436805252,-0.5113710170027986,0.15251732842085924,2.5500480694575107,-0.5036663038091437,-1.4343723096639758,0.1117322577936043,-0.2914437555561273,0.42144387709203096,-0.5103797216133366,0.16074148224274265,-0.42484821058961564,0.235547759960879,0.03145665389193489,-1.3583278228671358,-0.4165302602046072,-0.6243711373621665,0.6234676628952098,-0.25829296328299833,-0.3387722836654437,0.3859033620009733,-0.6787994339999328,0.3254735426162446,-0.4254625453607043,0.18777204694460914,1,4,train
-0.931824911204696,-0.14667290647324804,-1.1552923973346025,-0.645659438276194,-1.25754589827373,-0.9035967743121538,-0.6114246638413168,2.3549380507264757,0.006037970807117501,-0.4751509335335654,1.9151075410752085,-0.547562940684595,0.47771709084533304,-1.0163186318335686,-0.7742419111404225,-1.8118857885572097,-1.7704122643628357,0.40072201942413965,-0.01373843143411631,-0.3127605956254914,-0.49774519794259103,-0.557024454574232,-0.2243820545383999,0.05516363028271175,-1.8459131488033942,-0.32474366816713846,-0.47928428911714765,0.11108335369157496,-0.9738915907036193,-0.2757394707940538,-0.10281391852875546,-0.15317864938649528,-0.14155477735817826,0.015090759279228375,-0.3400537096909418,0.007780926094367201,0.16137752603942837,-1.4749726349112346,-0.5627389887237142,-1.5650574022948454,0.2639167761573718,-2.1630310354863505,0.05030901740853388,0.44307795905805736,-0.30077746291182966,0.4119251263534982,-0.649743421518663,-0.12119633599818784,-0.49167545466299556,-0.09175027422642669,-0.49455302307002613,-0.701865371986587,-0.1272738879866835,-0.3656954116285352,-0.381441589045598,0.2219824914197469,3.7581671604356672,-0.1601103507581677,-1.577946713627791,0.10370757139214233,-0.04970526733645685,0.41453099105499924,-1.26109950398864,0.37962350061583905,-0.42885765811681986,0.13451663957957116,0.02262177972192816,-1.1583572859103466,-0.6224557309729956,-0.7276425043015257,0.5417383923069427,-0.5950937396810096,0.16073046475720756,0.1683982425245609,-0.5435632643410456,0.327960249813225,-0.2983097161317121,-0.02630671079227521,1,4,train
-1.8901907515457668,-1.2216627917878708,-2.2534780453968417,-1.6934378540523822,-2.286475144360928,-1.7310121796648892,-1.682408545772414,3.228770677378078,-0.9112024740722645,-1.7566240588093882,-1.4553254996267129,-1.4411844837047696,1.6773352799058552,1.956463615762495,-3.6801211416546837,-5.2612824785764065,2.4851081006238833,3.095328439994645,1.503319087595235,1.4041419747661918,1.089003796211102,0.300305689825085,1.076258307157478,-2.965823849252571,-4.836152424456614,1.7128131834343427,1.1686034437084742,2.4475100902460083,-3.780265280289764,1.0076412968965835,1.5513270289321583,2.3558594255627066,1.1197981437386835,2.0041288865060105,0.7256669346533988,0.8288056914338828,1.4822110091309346,2.6037554475906113,1.6678434950063308,2.097028170810166,2.604169373504991,-5.816894966668556,1.9008184177441507,2.333664887116284,1.2565353621749678,2.345494342947397,0.6359495682703394,1.8661840897279183,-4.243560852758388,1.6411571607869857,0.9727507493141144,2.196847263715909,0.9632758164435117,0.584320847171239,1.3744618230617138,1.7936318042695802,-4.064540618703437,0.9485071784147294,-4.624416097734995,1.9253113845240102,0.8661771739465199,2.605915864794046,2.076762157887211,2.1101594583781322,1.1789308002920784,1.4912202561285621,1.8956151037633542,-4.513418517074254,0.7411048187095758,0.7344626381557174,2.653077882503844,2.554288958917939,2.7561859222474543,2.0715680379431696,1.441703706251418,1.0192648505737787,1.7467316206345795,-2.7257876315232314,1,4,train
-1.2910426589987325,0.07096308257817863,-1.8879674607255241,0.3215206378249028,-1.8418408995143827,-1.3543529279744648,-0.4823672536086126,-0.6616659690301315,1.0256816551467176,-0.5090722809673373,-0.5983105221575702,-0.02985599509726134,0.10692601422662618,0.06306310100891055,0.2341910638325631,1.0698886613322465,0.9831597365109235,1.9226756458574807,-0.034926385610503895,-0.6609102835104718,-0.7148792708267806,-0.36076815645872573,-0.5241750457094356,0.1024898048968415,0.8057101810005936,-0.15390556813511244,-0.7982303019221066,0.2819287869969387,0.1335823239884335,-0.4549284836414258,-0.7047795844243173,-1.0756191181178194,-1.474669571427728,-0.7233357176533053,-0.359016710479987,-0.4755642986619606,-0.23518477266653212,1.1165069459790493,0.23268875585376778,0.67268294296873,1.1806311071893978,1.1085672398520647,-0.3197928626585895,0.9980447676857169,-0.5077620789043787,1.2340448845038237,-0.9235031455801997,0.09365560191814798,0.08707282483044258,-0.02676624541342373,-0.7565715538529084,0.15469115459937577,-0.25931353829885956,-0.4610502034039772,-0.23295081423736866,0.740076832119784,0.4126066008038492,-1.2571797806688472,0.7730841512796834,-0.5182056247211606,-1.3605407316262192,-0.7122694329811667,0.5513952693955587,-0.27018249142929085,-1.7519753420942175,-0.2623913333469953,-0.246841882463277,-0.14184038971333476,-1.0955277584138878,-0.5265351055248789,1.3726526432876587,0.3207680206995476,0.35661389551118844,-0.6938541953997883,-1.0845079429765943,0.45975573125318664,-0.8493053094573451,-0.7573073469670023,1,4,train
-0.4384088349894913,-0.28956522251711403,-0.5962762090137642,-0.5005824268610295,-0.4309822379820752,-0.8711793796994534,-0.5729000637718529,0.8414097691576722,-1.1803767035105521,-0.5995292074573952,-0.5864896259166165,-0.35465939726511075,-0.42017894763330027,0.4790374565229557,-0.4823271025956109,-0.27275625282079563,0.11840158747618915,-0.4048084713813288,-0.0857774756338341,-0.42722076698493694,-0.25834096373694615,-0.2884632045214339,-0.6164190429928312,-0.01582563163848288,-0.3924693196966897,-0.43308002428500864,-0.6151316649414821,-0.3506610606472459,-0.3302810957778714,-0.101393404239854,-0.2090431536867958,-0.3253675368830091,0.05441033729800814,-0.2739953508390401,-0.04043829722402751,0.5705801603996803,-0.25391999937704995,0.4767863576146237,0.2834607395502028,0.32924944894604885,-0.30106728284726053,-0.2765252014520596,-0.4371422392652384,-0.4966658368847795,-0.3155620783398689,-0.007955780169629466,0.08843012014726613,-0.07195943355902755,-0.5182845709615445,0.3523072559957602,-0.5163879006352663,0.7135420591402174,-0.29843639765061547,-0.3021255504449072,-0.4482624377093012,-0.20928039553168065,-0.5768484013094827,-0.07061258147598069,-0.1511760742373771,-0.4620328199109268,0.36567636030861067,-0.07628391757425097,0.23734914529433615,-0.31464290141132606,-0.00786566776037519,-0.11084465277503358,-0.25125931954828035,-0.6139930464168648,0.21794281189258932,-0.42326373858551974,-0.14274424886979456,0.4862140161231321,-0.36815479827854086,0.009153422907901818,-0.7545316890089095,0.014635142993693513,-0.39367433805345625,-0.4805713918437127,1,4,train
-0.3652097467597631,-0.096111010026957,-0.46727247324741694,-0.38774475131590147,-0.36542718906239224,-0.8403056705445006,-0.260850803209195,0.8142331563670722,-0.919979894597426,-0.31873583147784,-0.6426388830611465,-0.16340460207998117,-0.34020440169593213,0.3140821086466964,0.34697633077033124,-0.027150475841580597,0.3069578756115824,-0.5331230628370672,-0.29765701739770994,-0.3413756384653528,-0.7037441901660529,-0.8462442623233992,-0.597970243536152,-0.1972426343259803,-0.4914493654064653,-0.47891463648872296,-0.4970035120507565,-0.36913083722079876,0.11618744574719705,-0.42102785958922023,-0.6036088842738028,-0.23517335771816855,0.2531355239916056,-0.41853840589817437,-0.1390459013270626,0.3123546293654778,-0.3226158306489486,0.5012342781890603,0.10745119606922807,0.5244642771273623,-0.4340047084954093,-0.4105664054492329,-0.49130349000676865,-0.6150587560586802,-0.5866133611872545,-0.24083090479590194,-0.5764149240021801,-0.44347424287269155,0.13363877835290314,0.1356938266190837,-0.359176782165537,0.1181308150499749,-0.45003747763866947,-0.16792251016835916,-0.6190268287387649,-0.22085792269816193,-0.5604485946446208,-0.1168049785248514,-0.2992371783250616,-0.31758846468461127,0.1477712441669359,-0.38736378924067716,0.14762168126541544,-0.3283230275596446,0.08034217783811798,0.01905250200093364,-0.32635574999333755,-0.10851196688720322,-0.5445379852768486,-0.5754531214435228,-0.2517166096541507,0.4330349461655514,-0.49058194249977893,-0.07629501688640306,-0.7653505825816206,-0.022665464961012616,-0.44135664901432836,-0.5380071561145842,1,4,train
-0.5007636138518523,-0.07192923346568737,-0.5168892946960121,-0.4828507921325093,-0.23716731074127342,-0.7476845430796422,-0.5690476037649065,0.7975090869574721,-0.7678379388279591,-0.5392245897973565,-0.611609030428643,-0.42390682310800254,-0.1257272103184448,0.26387830711913923,-0.10416473698074126,-0.10356116201289192,0.2776991412457455,-0.5545088280796903,-0.1112030206454992,-0.40337489795171916,-0.6257986255409592,-0.6964697190247233,-0.3765846500560026,-0.06315180625261264,-0.16846184782719764,-0.3497443657328008,-0.845481563078397,-0.45224483180178654,0.09299427475888182,-0.14497992087840395,-0.5176137891458653,-0.37866409729859674,-0.13327456124594503,-0.2959910331306475,-0.08215689895992696,0.38187688772084005,-0.2789003016577404,0.1385901230015835,0.37485031020378584,0.39793614775058506,-0.4672390649074465,0.0759535201701369,-0.572545366119064,-0.5336636241266235,-0.41412618119346367,-0.11380810954520787,-0.4102036629648185,-0.045102941319485564,-0.4185003848419861,0.05987912633724689,-0.6255622884614672,0.6038610404920148,-0.6065289150456931,-0.16085919225906714,-0.4037152052668324,-0.0819275967003866,-0.6096480146392064,-0.04751638295154534,-0.24539677683863087,-0.17314410945829575,0.27034287199662793,-0.390820232259193,0.09079428738043231,-0.3283230275596446,-0.16022467379413613,0.13451663957957116,-0.33960806124834764,-0.3918035609093212,-0.594627964652943,-0.6461124777704528,-0.3606889704385069,0.32667680625038986,-0.4171256559670361,-0.08017903687705329,-0.5976577322046005,-0.10970021685532692,-0.5579134091409046,-0.5588928885767191,1,4,train
-0.44654206701501664,0.22484711524080356,-0.5450054935168827,-0.3603413158263704,-0.5392905796754645,-1.1752854148757386,-0.15683438302164246,0.8581338385672722,-0.8921847296010811,-0.21320275057277224,-0.8155194905850942,-0.15351211267385376,-0.49651828693715166,0.48620942816974955,0.11477136942786745,-0.2236350974249526,0.29720496415630343,-0.3798584119316019,-0.4120719699502029,-0.43198994079158054,-0.8095274564429659,-1.016677363318444,-0.6071946432644917,0.23658063297020915,-0.8561126917056384,-0.3705782803708528,-0.1544318686676523,-0.14749351833816474,-0.15633231336550704,-0.3871272355370147,-0.6845454443942145,-0.49755642437952297,0.07925098563470782,-0.28970655247590255,-0.07836429880211793,0.5838224953245112,-0.09154803455256219,0.29750160673542164,0.40192870150855114,0.6835282112010252,-0.3232235204552853,-0.4453178287077593,-0.595112553928035,-0.45596827091875114,-0.5176184891897382,-0.0785239997533484,-0.6399662885164653,-0.15252891027765347,0.16690017372608923,-0.1296576243673451,-0.41158048832211347,0.07112466420074523,-0.16639674733843937,-0.22089739448804915,-0.4556869764497127,0.07726340183873096,-0.4839161635419321,0.007337088543988636,-0.33064407919214617,-0.5061685951189676,0.3588668254291833,-0.16960787907417882,0.2822128773087965,-0.287282649114689,-0.28852699466467163,-0.10723639847570116,-0.1364059553381929,-0.7639709491344567,-0.6725457103490899,-0.618935802260095,-0.057609592007016285,0.5098491583265014,-0.37305188404739037,0.016921462889202262,-0.5111065836229127,0.04198892216047801,-0.5420193054872805,-0.7468644807359348,1,4,train
-1.0972006290570449,-0.9007046665201102,-0.8427064222084534,-1.2517589526328814,-0.15593605447123146,-0.6905681811429795,-1.3472445251680778,2.407200767631476,-1.3676283413806651,-1.2817251947365833,-0.6160418665190007,-0.9383162722266272,0.28505113926894615,0.6870246342799783,-2.1741061066621326,-1.2660951730478431,0.12165255796128213,-0.49035153235182105,0.26594256369419983,0.7364576418360929,0.46543927921035244,0.4242570360032995,0.36136732821116213,-1.427723174293354,-1.257242350634729,0.6336164051832515,0.424396080496903,-0.0782318561873416,-2.017584285177805,0.06810971602117358,-0.5176137891458653,0.38388669018596455,-0.06427276031066813,0.467573366420866,1.0063193463312678,0.7294881794976511,0.4143030866314189,0.578652693341443,0.5203966634668995,0.557000081824248,-0.5309382480305178,-0.1772354207134127,0.009688079352386188,0.3875812781952914,0.47295074448888935,-0.11380810954520787,0.841269361316492,0.17422507863677392,-1.8287835486650768,0.3414765845269264,0.08625472016536281,0.4210593427450106,0.4644593597086242,0.700865592674557,0.42040859491884036,0.16988361917058117,-1.4460381545471608,0.6800138705681684,-2.04905022663406,0.200003808209686,0.6210339182871357,-0.1765207651112105,0.6381318179568487,-0.29754274372592787,0.5414286434666051,0.01544424770160122,0.26558081939711314,-2.5970342045716914,0.9637269492699957,0.10939910141749075,-0.26533815475219524,0.6280248693433474,-0.2261393109819047,0.26161472230016625,-0.04589415999634088,0.5268968255716577,0.888450023338882,-2.6892375997144953,1,4,train
-1.8712132101528742,-1.3777451677742476,-1.6696534463517054,-0.927753627139014,-0.7288301776388957,-0.18269566554400576,-1.8519167860780552,0.9250301162056724,-0.5030524196522524,-1.781122809733779,-0.0900119837965614,-0.9218287898830815,0.2814159326354294,0.08816500177268913,-0.8936616055451181,-0.922247085276942,-0.0018843204722513419,0.3223075468678551,-0.0857774756338341,0.7889185537091721,0.28727798863870974,-0.050889791013189446,0.48128452467957644,-0.8440336873857536,-0.29869875007690233,1.8169827566246024,0.6193075327666002,0.9006663022109588,-0.5738093911551815,-0.3193259874326037,0.3271615571109316,0.584773725598564,-0.0007911034502133759,0.7189525926106647,0.32365131792564045,0.09054551937456032,0.4923665312585765,0.11414220242714686,0.1886863699835241,0.06173283254943401,0.4190104394135454,-0.4105664054492329,1.1741549702952865,1.4124199847943695,0.6060122833412422,-0.1385069863995095,0.2204214156769356,0.14736858639723194,-0.9107690363651404,0.1411091623535006,1.2653381086883329,0.3061554184468936,0.855687953226183,0.01925541442787887,1.7531132988226987,-0.10797703282496947,-0.08485420136362705,0.3104746941772027,-1.2504176045853375,0.4487690866550072,-0.28463422067669997,0.19331863786998507,0.0967761183156937,0.0991809145753093,0.17656891849101963,-0.19022624736034688,1.2064949185028295,-0.7528614748590796,0.27359834453269427,0.39747186182728217,-0.3027974037718177,0.39758223286049754,0.895293330084636,-0.1733955166526586,0.7709323047433375,0.589064505496168,0.5917600884712335,-0.4544642262660439,1,4,train
-1.0104461541181078,-2.158157047706131,-1.9011986131118161,-1.077666538934684,-1.3772551180401076,-0.5022385552977673,-1.9829004263142327,1.1445335272066728,-1.5373251382004551,-2.050609069902077,2.176644870406309,-0.859176356977608,0.5395156036151175,-1.9092291018594072,-1.7362338938449153,-1.6154011669738377,-2.228799102760947,1.2811026885787888,0.537148377151961,1.0989148511410038,1.4007860547114768,1.9220024689900583,0.8318117143564797,-1.9009849204346516,-0.42372617623661885,0.9252912101159788,1.7710570234511747,1.7548934687377773,-0.6491871968672059,0.368372386197851,1.9762439695643197,0.9168522943418407,1.0977175674393949,0.25390102415953714,0.915296942543851,-2.634064891409397,0.3830777087805559,-3.0803860859659076,-1.3412427387357178,-1.0047185436262602,0.4744010334336074,-1.2346715855800021,1.6345256015982936,0.8981507421327383,1.064335361610458,0.2602034542485025,1.88742259255165,0.5591681340702089,-1.655824292724509,-3.5792264871909194,1.1954665004795642,-3.297649479994048,1.823978722182141,0.637295731490929,0.732239222016122,0.0020094752566026525,1.9651216317441047,0.6742398209370596,-0.9453219961622301,0.7537071699105622,0.4576050811808797,0.9468232159064397,-1.6230002755719535,0.5882454243776966,1.6961495313014248,-0.06393734688371208,1.8028489249782835,-1.1639120230480353,2.1547553477682415,1.044276738973795,0.017308906032228587,-3.933557575906912,1.8649163123168415,0.020805482879852483,2.2152545967002526,0.8253016892093067,1.418253478459683,-1.4360936519863918,1,4,train
-1.4875957662822619,-0.03016071031440347,-1.5952282141788128,-0.012156488429975578,-1.3630040204488723,-1.4469740554393231,-0.3571623033828549,2.411381784983876,1.1280848946069357,-0.42426891238290776,-1.0903553281872675,-0.3744443760773656,0.259604692834329,0.24236239217875757,-0.5022303849963935,-2.559618931805042,1.2594922277438272,0.9353661504897162,-0.20019242818632707,-0.6609102835104718,-0.8317976177644212,-0.31945104106598754,-0.5702970443511334,0.05516363028271175,-3.059721077770642,-0.10390417300378775,-0.2607472062693053,-0.0274399706100713,-0.7767496373029398,-0.4355566984687369,-0.35068213389751623,-0.40326250979809874,-1.1545012150880432,-0.4719564914635066,-0.54485411821263,-0.9688412746119115,-0.07281280784204437,1.4180312997304345,0.3883895058561685,1.2547123381019056,0.8898304885840724,-2.6048705597733295,-0.41006161389447326,1.2200314911367807,-0.38948515548006496,1.1740618978576627,-0.6253005890131688,-0.009294285000096264,-0.8109848502455821,0.05446379060282997,-0.3417088801133448,0.3740531918957809,-0.02946673960729379,-0.8106844399139312,-0.28492258542024895,1.2234385913203774,-2.4682927699902164,-1.56609143593317,-2.793842447196351,0.02747305057825358,-1.6056839872856032,-0.14886922096308375,1.2512694888211402,0.041040378444955575,-1.7800414747846471,-0.035071312489052694,0.03587409097693825,-0.23627092105404077,-0.8896022876454994,-0.4776170896062351,1.1138432864248127,0.5453018716315552,0.05789166361136759,-0.4103207360823221,-0.45160266897300233,0.5492771903444814,-0.7115564111259368,1.89518067572415,1,4,train
-0.8111819694927367,-1.157910835399069,-1.2396409937972144,-0.8971262580624793,-1.2774974349014596,-1.3636150407209506,-1.1931461248902222,-0.6052222347727314,-0.7985589106660246,-1.26853355962345,-0.506698576290179,-0.6316491006366778,0.2705103127348792,0.48620942816974955,0.3403419033034037,0.6496298873900341,0.6710665699419969,0.6609154965427202,0.7151271922336166,0.5456906895703503,0.3930612549156226,0.19701290134323957,0.20455253282938965,1.0647886887174798,0.8525954658104872,0.1419360197252253,0.005041137734827223,0.5266533265965138,0.2843379354124826,0.8671958543945893,0.7470199627355673,0.4002856318522992,0.4049394860492148,0.0685088448445606,0.2895179165053591,0.322286380559101,-0.025974741065749818,0.5623540796251519,0.4459310873787948,0.4268568630367056,0.1780613554262757,0.8553782989685151,0.036768704723151316,0.23589035050373114,0.20189946164150369,0.7612378132929069,0.2497528146835288,0.8143048103458577,0.8321280811898112,0.1844318482288359,0.060052867087074586,0.3688302862458665,0.4253365003568683,-0.016061175118581135,0.09001662097053012,0.3001307997934955,0.27594154526333375,0.004450063728434216,0.4186348414940146,0.18395443540676207,0.5291051974148667,0.6772206604622036,0.3480130175966717,0.4104037844495557,0.28081455419832974,0.3618366604375138,0.3583469981821838,0.7635817637299054,0.31812277064477823,-0.026484276134297643,0.9367632001502338,0.7639269370127204,0.9491612735419808,0.7043930012342915,0.24080651968049988,0.3006064706464405,0.7665952286610977,0.38096507221935844,1,4,train
-0.1998340289074143,-0.7534156638287406,-0.6624319709452244,-0.5167020947960477,-1.207667056704406,-0.5624422881499253,-0.8676132543032519,-0.5529595178677312,-0.5703459770118243,-0.9896247029457708,1.9830776944606923,-0.29530446082834644,0.0669387412579421,-0.9087390571316605,0.56591243717894,0.38765039194553813,-1.8972001132814622,-0.08045769853487914,0.0032119319069937586,-0.19353125045940228,-0.2082331007636716,-0.2058289737359576,-0.14136245698334385,0.4889868975789012,0.14410671757209365,-0.20390696326643715,-0.2134959451130151,0.20343223655933915,0.10459086025303944,-0.07717867277399292,0.2563420670055714,-0.23517335771816855,0.24761537991678345,-0.2739953508390401,-0.21869050464105247,-0.9853941932679502,-0.14775371468411563,-0.9289690754154831,-0.2750310811105824,-1.0047185436262602,-0.3813836441763504,0.766017496303733,-0.45068255195062096,-0.3264760155722972,-0.03465438520712378,-0.14203539737869544,0.03954445513627745,-0.03167469519971458,0.42633905763694074,-0.7849132482317916,-0.36354375767858504,-0.9682335601322218,0.17103791457045509,-0.19264412285088114,-0.4965219395219757,-0.2845343221138089,-1.1235086234715443,-0.32755779006032404,-0.0120883703974311,-0.2533909734729155,-0.03268143013788851,0.18294930881443752,-0.196333597512114,-0.0444604099820352,0.08435162536532222,-0.1613602129656875,-0.06130952489313574,0.21366278709873499,0.16228727925248437,-0.15693231858401452,0.04455199622831763,-1.5345906422649362,0.6210565270290627,-0.06075893692380217,-0.08916973428718478,0.2434122051158911,-0.43076057991191236,0.6263724286494453,1,4,train
-2.2331420352887523,-2.140570301116117,-2.0467412893610284,-2.5074810847708053,-2.763886913667315,-1.121256423854571,-1.7979823459808058,-1.1738405946991328,-2.46919461728844,-0.6881016146455772,-1.0578478635246449,-2.4287846760831546,2.5061623923476706,2.078387133757991,1.7468405262920417,2.1341803615755115,2.1340032882338407,3.430372095462406,1.0075209598677655,2.734741466819747,3.4440733559550045,3.559193166427308,2.206247273879074,1.9403229190788802,1.264144076919554,0.31277411975725133,1.0622881061068212,3.2647977036257214,2.452899422819958,1.1480867393985779,4.136238417777807,3.3889927505417896,4.238679546013199,3.4998352823353125,4.298296283309515,1.9875099973565864,2.69375566974442,1.821421989208639,1.9115490167492188,1.106493672260538,3.833840560750367,2.865996358926115,1.5623106006095866,1.4827157805538729,0.3793148467779743,1.2022891856911502,2.9189101242835114,0.23689022719570518,0.3930776622637547,1.819863240022744,2.680238174915897,1.669333793074554,-2.8952161871234114,4.01003003317786,1.972137191664837,1.3073756632773665,1.3091293651496305,3.6392143065114486,2.12806758868819,2.880249066297985,1.8467501965840563,4.603739929496205,1.861416244217801,4.456301092814759,3.488372575961718,1.6499834452991886,-2.371629120349895,2.657747127681714,0.8412847774617648,3.0444800565361203,1.9788114001506398,1.124362855614101,0.9344700162354321,1.923975278298461,2.042152299536877,-3.215597505883857,0.5387797429591534,2.4382097197396617,1,4,train
-0.706805491831828,-0.351118835582164,-0.8195519055324423,-0.40708835283792344,-1.1492375565803408,-0.02832711976924173,-0.8252361942268416,-0.4609771361149311,0.4727041620615399,-0.8878606606444555,2.0392269516052224,-0.4090680889988114,0.05603312135739189,-0.6146882196131113,0.6189878569143603,0.32761342423950773,-1.7444045004820918,0.04785689292085921,-0.5646252400201934,-0.23168464091255078,-0.5812583028980486,-0.6603172430560774,-0.45960424761105867,-0.007937935869461257,0.3733236655315739,-0.170572699845554,0.08773084475833512,0.2357543455630566,0.05240622552933014,-0.21762411527598718,-0.3911504139577221,-0.19827573896891557,-0.5252047905583178,-0.1420212570893958,-0.7913731284702177,0.6136177489053808,0.011495712355285818,-1.2671653100285232,-0.3325726626332087,-0.12986690622111444,-0.013036193942938153,0.3738228623860776,-0.16633598555758713,-0.21178287512258093,-0.276136437198431,-0.39960939885926955,-0.7572918845428382,-0.4792828991920809,0.34651170874129417,-0.259625681993351,-0.6037274108962271,-0.9264503149329066,0.08790183844797385,-0.4398602496761012,-0.24408762234798587,-0.22085792269816193,-0.8829781257202373,-0.4978922541780348,0.25711363703472245,-0.1570947366553718,-0.28803898811641365,0.027409372981224433,-0.9978989428371392,-0.10602097764946856,-0.6614056146946654,-0.29486562204098715,0.18164951478204924,0.21366278709873499,-0.8673400745894574,-0.24389768021715907,-0.4356074684777518,-1.4045973601464055,0.1754217220637561,-0.2782640564002146,-0.4678310093320688,0.2981197634494601,-0.3671841652974162,-0.015863844561207683,1,4,train
-0.7840711960743189,-0.6918620507636907,-1.2677571926180848,-0.6650030397982158,-1.8190391433684059,-0.9807810471995358,-1.3222035351229262,-0.7724629288687318,0.10258959658389456,-1.3740666405285176,2.322928461388111,-0.5755916606686226,0.28505113926894615,-1.2816815827649424,0.9175370929260995,0.9934779751609351,-3.2528548055652378,0.9710090925607546,0.7024144197277842,0.06400413509935024,-0.19709802010294394,-0.6293294065115238,-0.20593325508172078,0.5757515510381391,0.7275680396507707,0.30027377097442015,0.09363725240287141,1.1592431742406983,0.4698833033190045,0.26667051404123443,0.5750297724796924,0.29779224643770763,-0.43964255739857444,0.1439226127015002,-0.45383171442521303,0.0011597586319517525,0.11141692147804752,-2.1106185698465874,-0.931682070251142,-1.998868131586653,0.5602564541647035,1.3121112903662908,0.2895212081836258,0.365382605850185,-0.0247979749217643,0.35547055068652306,-0.8208432490571235,0.8322091385055523,0.8986508719361833,-0.9148813058577976,-0.23690146780019194,-2.1277186144132205,0.4057750706809904,-0.4893034750411452,-0.02506372950584761,0.09173531079683254,-1.4897709723201258,-0.2611562193025724,0.625023047191999,0.07562116898702542,-0.4650868949815244,0.5735273699067283,-1.3418542216146685,0.287282649114689,-0.42885765811681986,0.03709377349759575,0.5836362895173554,0.16367015285953768,-0.828381201741384,-0.09170829735915607,0.9163308825031671,-2.574536899213182,1.438869850426933,0.09071784271155647,0.13802703073974565,0.5517638975414618,0.22619570443788084,0.015464754131994905,1,4,train
-0.6458062516403877,-0.3467221489346604,-0.6310079840277808,-0.3135942788148174,-1.0879578369380285,-0.06383188529743745,-0.7790066741434848,-0.5696835872773313,0.4463719004860553,-0.8464012360031788,1.7555254418223336,-0.38268811724913837,-0.0021301847788758503,-0.4569048433836459,0.6587944217159255,0.36036086117006977,-1.4550681273088164,0.0015210682285092569,-0.3993591974443704,-0.393836550338432,-0.6035284642195039,-0.5260366180296784,-0.18287225576087188,0.1024898048968415,0.04512667186231807,-0.05806956080007346,-0.8927328242346871,0.11108335369157496,0.30753110640079784,-0.37744134295067033,0.23104939196794275,-0.3950630389649314,-0.5003641422216181,-0.42168064622554685,-0.5258911174235849,0.5672695766684727,-0.26641015051739514,-0.8026548191142272,-0.41380783654750475,-0.25639503559789173,-0.14043456018908074,0.4582191760139275,-0.4190884890180616,-0.15628619425981496,-0.2268543857716336,-0.17026268521218302,-0.8257318155582224,-0.34947652003429464,0.45294817393548964,-0.3354403822751878,-0.477085121017834,-0.7384257115359879,-0.30332675506958495,-0.6941396944106132,-0.17355450431407693,-0.20349163194844,-1.0141765790391322,-0.5585197753046776,0.10905253294703801,-0.10894661824659997,-0.5229679414566567,-0.003698614185418187,-0.8812532395995423,-0.03420031537079631,-0.517065503715313,-0.15414370436702265,-0.1275710811681862,-0.019636172684185778,-1.357108761822381,-0.548276445933165,-0.5309582841640634,-0.967347229384075,0.2782605232095961,-0.390900636129071,-0.3271853928868262,0.08923635890310577,-0.25062740517084003,-0.43357849380390884,1,4,train
-2.2860080434546672,-1.863579042323392,-1.6084593665651048,-2.1028774196018465,-2.477439852083483,-1.839070161707224,-0.2781868732404538,-1.0734961782415327,-2.453102679658977,-0.578799495136757,-1.9739673221985563,-2.2540173632415703,0.9466587465689917,3.3155522428299355,0.5062025899765922,1.1681309721239324,3.6327006818617074,2.325440891260215,-0.17900447400993946,-0.4606049836314419,2.503159040123516,2.758674055693006,-0.4088700491051911,1.6563658713941016,1.6444358314886915,0.01693253189691358,-0.03039730813239045,-0.2998691750699756,2.2209677129368055,1.8406280593222049,3.139707021295238,1.9704842964038423,3.697705426680628,2.8776716975155607,3.221197838491748,3.7454299586278883,2.497035789283983,2.721920397033722,3.265468581987486,2.924883645875366,3.4904188778259826,2.4539437688607304,0.018714954475974564,0.6095680016463553,0.4187404879194122,1.4492779542341665,-0.3270980324461377,0.3129836218744075,0.1269864992782659,2.77296232928012,2.370182913489486,0.22258892804826305,-3.658111944482651,3.6674591145771975,-0.3220452791223063,2.5809036515903068,1.5059270451279727,3.673858604298102,2.1774212900507512,1.977471846133513,3.1473713585546776,3.3455946707564372,3.3598648935007773,3.577352987785294,2.6303508051400115,2.815449583983561,-2.738276398405174,1.7634344485138513,0.4683927087730616,2.577041237757968,3.136642733484424,1.242538566630947,0.6357477843356113,2.7784596762415097,1.2036880476517764,-5.237290457028929,0.07785073700405656,2.119702299692102,1,4,train
-0.6214065555638117,-1.505249080551851,-1.1189067282722995,-0.9487091954545377,-0.18871357893107296,-0.5902286263893828,-1.69203969578978,-0.5257829050771312,-0.07295881391933645,-1.8018525220544173,-0.35302692515778106,-0.7750901970255251,0.2959567591694963,0.278222250412727,0.8246551083891139,0.36036086117006977,0.14440935135693303,-0.6471804774643901,0.545623558822516,0.7316884680294493,0.7827890780410911,-0.22648753143232667,0.5550797225062929,0.43377302719574984,0.6494258983009479,0.20443776363938118,0.7079036474346444,-0.08746674447411802,0.8119825753966544,0.5136607749930175,-0.25456996875452736,0.17480018394019775,-0.2961188114531985,-0.038327326286103844,-0.3476389100065599,-0.21402818389655037,-0.01660712771049091,0.5012342781890603,0.3883895058561685,0.19910623015850648,-0.3481492877643132,0.27949757068436304,0.09092995546468156,-0.1081890708454178,0.5862994627705234,0.16140794683129597,-0.10711253989668862,0.465170411231812,0.6525165461746062,0.6934734072640257,-0.08842430035655868,0.8023314551887624,0.8703590254830914,-0.38688536535641116,0.10857796782155879,-0.18323095940709777,0.2650083408200925,-0.43437770823583755,0.2840338377779378,0.07963351218775641,-0.2778246857972726,-0.2629318405741067,0.3001583701145807,-0.22230204991017602,-0.4448954482256368,0.10204235088557936,0.6764024683024259,0.7858007122806597,-0.1326870437400719,0.26158848427549375,-0.6331198723993974,0.6871127248517704,-0.04494713753447238,-0.029686776998600402,0.7438850708115601,0.4547823168592258,0.9732185761582102,0.16166488136694032,1,4,train
-1.2571541922257101,-1.45468718410556,-1.5257646641507796,-1.330745325514471,-0.7844094582447139,-1.4701293373055377,-1.848064326071109,-0.8038205590117319,-1.2037831582443161,-1.9092701222613613,1.3344060132383586,-1.1048398438964382,0.7576280016261215,-1.2529936961777668,1.182914191603201,0.7697038228020947,-0.6813371518566854,0.30805037003943975,1.3126275000077465,1.1322990677875087,0.849599562005457,0.8994038630197886,1.140829105255855,0.4810992018098796,1.1755829833897549,1.1544642711345503,1.227667520153837,0.6282370977510544,0.7829911116612603,1.1965162023303,0.29681034706577725,0.94965017767451,0.37457869363769297,0.7786551588307419,1.1238899512233482,-0.998636528192781,0.6235131182322012,-1.4708979814821619,-0.9858388528606726,-1.6373591905101466,0.2860730137653966,0.4532546869769951,1.088399656621197,0.7982567165797595,1.2121815158908502,1.1352493770866172,1.212800415400006,1.669236479971277,1.104871523249937,-1.088172049359139,0.7675029002008567,-2.054597935314419,1.1637804706212604,0.725587205357079,1.0514943878538152,0.8558521037845968,-1.1071088168066825,0.7781727142970186,0.7147570496693835,0.8580280931295678,1.0806775226484808,0.45255186425867355,-1.222217602909441,0.27018249142929085,1.0025151090950921,0.6937960559760967,0.9723707529976513,0.9635523006866946,1.5147167224070348,0.7453333083598606,0.4838468256402535,-2.10774284069664,0.6651302989487085,1.1471712801684166,0.8574834533250253,0.7382669373149924,1.450041685766931,0.788236855230992,1,4,train
-1.0524678529166553,-0.5357796747773139,-0.903900501995054,-0.8004082504523694,-0.8770415925877442,-1.3296539606505025,-0.8888017843414571,-0.5655025699249313,-0.2923943270483752,-0.8520547939088075,-0.6854896319346037,-0.6547315759176418,0.04512750145684169,0.5543431588142914,0.34697633077033124,0.5077243273575988,0.5150199866575335,-0.06620052170646376,0.4100206520936354,-0.04568686245345176,-0.1135849151474864,-0.37626207473100254,0.038513337719277556,-0.24456880894011004,0.7848722766406407,0.11276853923195257,-0.20168312982394254,0.19881479241595093,0.4524884250777681,0.08748150119386244,0.038825061681964985,0.03540917977635321,-0.10567384087183426,0.15020709335624516,-0.14283850148487162,0.22627945235407698,-0.025974741065749818,0.3586214081715132,0.34100232107282913,0.7847507147024471,0.05897157828314244,0.4780771321616568,-0.17536286068117551,-0.06379172615520504,-0.010013359493725085,0.36252737264489493,-0.42486936246811513,0.39802918063295706,0.4729050111594013,0.3577225917301771,-0.24126844331324,0.770994021289276,0.06345005135312642,-0.2915305735809692,0.14941293089382185,0.5606251610393242,0.36340718080926365,-0.1456752266803956,0.6115629468203914,-0.07684787264075207,-0.1722768951661489,0.24516528314772276,0.5125133683163597,0.1744216083910612,-0.13215854110370648,0.23193950566154659,-0.18058032618822656,0.5580564896354275,-0.5445379852768486,0.055045750396775395,0.4634145079931867,0.7521093659110358,0.2733634374407466,0.7276971211781929,-0.34341373324589264,0.21357171875212622,-0.16056081780030387,0.3757436391038247,0,4,train
-1.989145074522992,-1.7690502794020653,-0.670701441186657,-2.0545184157967915,-1.9358981436165363,-1.7155753250874128,0.681075668489198,-1.1069443170607327,-2.5701349533277975,-0.9425117203988655,0.9620477816483173,-2.2540173632415703,0.888495440432724,-1.5147706612857434,-1.0329845823505963,0.780619635112282,-1.5721030647721639,0.29735748741812823,-1.56045908631041,-2.0439706874371057,2.4307810158287864,2.887790041295313,-2.0139156018362745,1.5064996517826907,1.7694632576484082,0.7836205905772256,-0.8277623401447881,-1.7959210775277552,2.1629847854660174,1.8260992204426882,2.3151658150685437,0.4658813985176378,2.9690464088041044,2.3717710048085907,3.471509448907145,-1.8858729681564512,1.9693269036043977,-0.37481620906158597,-1.185541988733317,-1.2505446235582847,2.2302828638695726,1.8482761063549842,0.05933589253212225,-2.0172748925245667,1.02490972046902,0.15435112487292407,-2.47806729292964,0.8814460409447127,0.7323438950702529,-1.0394340277493865,1.9596872152629707,0.7396565873897895,-2.9539004761510457,3.8793586518559575,-1.855212529017274,1.9238789848924946,-1.0141765790391322,3.3476248001404523,1.4730093706032827,0.3765469090418494,3.004371126086703,2.087449412016669,-1.3059632360031004,2.8181059865536158,0.7419010198268169,2.4329746282543243,-3.2330293519255506,1.80787234561536,1.564806701783129,2.2780978071440336,2.1082160785820627,-0.3528335320964752,0.9540583593108303,2.5376504368211963,0.20834983896236697,-5.458607397560185,0.7930854014171378,2.4643168853173303,0,4,train
