q1_z_2,q1_z_4,q1_z_1,q1_z_10,q1_z_9,q1_z_5,q1_z_11,q1_z_3,q1_z_6,q1_z_0,q1_z_8,q1_z_7,q2_z_0_7,q2_z_2_4,q2_z_4_6,q2_z_1_7,q2_z_3_7,q2_z_0_9,q2_z_2_3,q2_z_8_10,q2_z_6_7,q2_z_3_11,q2_z_6_8,q2_z_7_11,q2_z_4_7,q2_z_5_9,q2_z_7_9,q2_z_2_11,q2_z_3_9,q2_z_0_11,q2_z_4_9,q2_z_4_5,q2_z_1_4,q2_z_0_6,q2_z_5_11,q2_z_0_1,q2_z_0_3,q2_z_6_11,q2_z_9_10,q2_z_4_10,q2_z_9_11,q2_z_8_9,q2_z_0_10,q2_z_1_10,q2_z_1_2,q2_z_2_9,q2_z_3_10,q2_z_0_2,q2_z_3_4,q2_z_1_11,q2_z_4_11,q2_z_2_5,q2_z_8_11,q2_z_5_10,q2_z_0_4,q2_z_6_9,q2_z_3_8,q2_z_7_10,q2_z_2_10,q2_z_1_6,q2_z_3_5,q2_z_1_8,q2_z_6_10,q2_z_5_7,q2_z_1_9,q2_z_3_6,q2_z_10_11,q2_z_7_8,q2_z_1_3,q2_z_5_8,q2_z_2_8,q2_z_1_5,q2_z_4_8,q2_z_2_6,q2_z_0_8,q2_z_2_7,q2_z_5_6,q2_z_0_5,y,split,set
-2.4280649792164,-1.5397849693201158,2.65368045191731,2.54787131449094,2.8583140911797758,2.1261568182054766,3.0118740831790216,1.4530975259983236,1.3951976014059544,-1.0245177244273664,0.16832104431264833,2.6903412928925685,-2.467321604007056,2.9786197019241523,-6.7396198762896695,5.052062951785566,3.0788490234831833,-2.1448212098652006,-2.641347782539697,-0.02996312743780545,2.239713531547644,3.351542784648499,-0.14461056617357743,4.831257562210898,-4.126936036147517,4.604747825914613,4.980052818144604,-6.233810670995685,2.912401196933707,-2.558772644867104,-4.3164575021280545,-3.585482226100282,-3.645340717351268,-0.9420177592249538,4.6269148993603,-2.6290108330185156,-1.0594026543645394,2.451161066197796,4.3942831750186775,-3.6046386563476562,6.003682605084065,-0.7706138878965809,-2.02112882236037,4.102614355676222,-5.115649436433488,-5.734348402942349,2.0994508875225137,2.1481652266993088,-2.436076163734204,5.504499402780375,-4.434632914460753,-3.8028269189452746,-1.5951755970340669,3.3546117616547164,1.0292973354632617,2.361264561554372,0.13872532304650315,4.695688107019773,-4.4800790393945125,2.138698201676463,1.680814934067093,0.34718101312621896,1.1968027176486182,4.6742755752872815,5.117600271831693,0.8755177590264124,5.262588952370474,-1.5540950114593843,2.585290772491131,0.010437530034272665,-0.5029587951414559,3.7590025477936995,-1.3741723481201615,-2.2961458801526096,-0.3141566921909672,-6.102495378185952,1.1923999239008038,-1.959905235028628,1,25,train
-0.7535333620530139,0.3224078730641835,0.16136357893994677,0.5189902452864201,0.7253931684382978,-0.8502893603632743,0.6880059182746907,1.1608201928796484,0.5097100729816657,-0.5326557956331338,0.9250545280393716,0.7535558343838615,-0.38184396328955705,-0.11822221842275646,-0.19743881505806501,-0.1965034526848106,0.5404814292678862,-0.5467435613878471,-0.5810799505202123,-0.2347397012413217,-0.26082331794470925,0.3418849823222054,0.024409804691264934,-0.13771129269519314,-0.4470327177940474,-1.1086343269963108,-0.25367072882547287,-0.4327157081819131,0.033479406292530496,-0.6063302043375725,-0.49119887093471803,-0.7222913757280748,-0.2521886888924176,-0.122281677751804,-1.0860553091891512,0.38107630128857445,-0.5804685910924251,0.029884736525143216,-0.2630532617037679,-0.5021589638669008,-0.4242993131616221,0.24633921066815614,-0.339716590888745,-0.4358983009695348,-0.18445546937936416,-0.31776656167253964,-0.09452271483003687,-0.028701006204637336,-0.0864981200108521,-0.2770796419620945,-0.3729952201039045,0.49484796933426206,-0.030647703598124118,-0.6767678753742222,-0.18747565985058728,-0.1671351896902193,0.7598708639821795,-0.1731518040874829,-0.32926854117809873,-0.21669629356193235,-0.9293533156845677,-0.13656705316043982,-0.14669373679981867,-1.165694766591755,-0.2111512390054096,-0.014153653479342578,-0.2792435964406493,0.11495466928428891,-0.23960369762986902,-1.4873298460336197,-0.727690035701642,-0.4821821466316309,-0.2863316278288552,-0.11810608715799135,-0.8019945104772943,-0.550917354475,-0.8033499063787051,0.43308621301348943,1,25,train
-1.2995099731135715,0.9726974370713991,0.20745872518761485,0.03083840908683632,0.6645973226594434,1.4911816334441432,1.4525217264864605,-1.2157783238934166,0.8813135348156772,2.3335026042542464,1.4541989941039224,1.373871658946389,3.0896742017201873,-0.8737319622755048,0.4467827495453867,-0.13282933685934672,-2.023068383143991,1.2456948821745897,1.2142016651623613,-0.6576478427920618,0.4236811827543148,-1.6036996975178421,0.2481132367182622,1.4693749481305582,0.5854933462652372,0.22722840659797,0.4331074741706007,-1.6994965201178165,-1.196351261554186,2.9428771778653355,0.05713171783702307,0.5353718949961656,-0.09001598164989896,1.4374939217179394,1.1723210006887004,0.30200220844337944,-2.1900820408523143,0.47059950705766557,-0.3108208149009212,-0.26776385593551116,0.06300084929482265,0.4799635711492444,-0.15189926716053156,-0.38316097003106736,-0.38565403628439143,-0.7205487899931451,-0.5867411427176132,-2.812939792980548,-0.9885033132668757,-0.3370441610086889,0.7186045422266538,-1.3186981595400389,1.0188492683961727,-0.3921653828037659,1.7440832654458367,-0.1506097011199932,-2.0820074073783923,-0.26324296897522775,-0.04407469066584327,0.11117462017525225,-1.4083092703078366,-0.1561124295760624,-0.23626016709638115,1.4220765226241057,-0.19157463536530267,-0.97946514559085,-0.5412372826424572,0.6987478311587576,-0.664486199233434,1.803219692297356,-2.082151296375196,-0.14485511211230057,0.5254073868047593,-0.44426845216550487,3.158478303768282,-1.7899189632150878,0.4396170931813399,2.567512907135802,1,25,train
-1.1683535805124319,1.0515204145268193,0.30282799328623844,0.3220653568195425,0.9955969274554288,1.638166629916674,1.8531886514699658,-1.1139241017459995,1.000159687023852,2.2808754019964272,1.6609256851470624,1.5313813197287238,3.1345921816741025,-0.7914487228459975,0.5985820837335564,0.19008939339836275,-1.8619021866858771,1.8719685552265255,1.1181441617402308,-0.19912638405810149,0.6471928564519555,-1.854069843985194,0.8545980968803436,1.729344781205312,0.7371914883782127,0.8766632124684203,0.6083543259695987,-1.868038173208001,-1.599639889646778,3.5407180801980216,0.31824152201404265,0.8106051943643884,-0.2729800616158174,1.7050466705320926,1.7034003612307524,0.5655825179273628,-2.185144576282499,0.5130780391571858,-0.0401380134503859,-0.11801142586823439,1.1854338077619146,1.0892192563254157,0.43838375027099635,-0.38316097003106736,-0.04178739466489027,-1.047809350503637,-0.7278037409536869,-2.5119410052209905,-1.021237372699554,0.2376158131878401,0.5800766536060246,-1.5829671764980426,1.8934300783914202,0.14769913918555339,1.7004322162865955,0.5310667024018328,-2.312875661531476,-0.14181574673522382,-0.3416682738090664,-0.38251606602671534,-1.3204534443118525,0.1810453135934271,0.15079476382804952,1.7168226733262981,-0.12892950371696055,-1.188375841644833,0.0227152283343158,0.7985415340432821,-0.8750135648928582,2.3875759034147532,-1.9060105943145098,-0.0745786465874401,0.9285158770649896,-0.7450626332279895,3.511518830159703,-1.5293563931367002,0.7722420648945915,3.1049220035181415,1,25,train
-0.84808797067244,1.6886728156247979,0.1867953837662464,1.3829635235601152,0.8419185395144356,0.5078520070429112,1.4265325205415844,0.12456419364070961,1.6010860059356093,-0.6217172148386739,1.598338705289965,1.4672107171877726,-0.8246069085495799,-1.1056210915768434,1.0317655495876015,0.008163348182751778,-0.29053177121926455,-0.5521424723624327,0.134382833589448,1.3767629012993932,1.3363538503530137,-0.456169859542479,1.391486333745137,1.0439697667355063,1.3097296376433136,0.005269675477689481,0.49468069237024864,-1.0688245279093838,-0.20210503982096387,-0.5382217471097981,0.7490726989061249,0.026954828107642877,-0.2771383361604974,-0.7712394089180477,-0.12186268373901826,0.07532314228715371,0.0614018029836044,1.2989308829983102,0.35792492985922486,1.037686675737923,0.23273461374594387,0.6677792334967859,-0.6482736227279529,-0.18462043002742526,-0.08202710804589573,-0.5569185097378991,-0.33763059689646174,0.3045476516720161,-0.15196623887620866,-0.022230436014068624,1.1064826303644157,-0.27813890526789903,0.9411087519521508,0.05967774973077307,-0.820415872659585,0.7128470766743198,-0.27903627970669503,1.1899666907357875,-0.9089560416758354,-0.3975905907962411,-0.06779940914330297,0.08331843151531419,0.9632902386611519,-0.12159399546025917,-0.3403568230301152,-0.021357470584652333,1.0262842636158174,0.5789953876973281,-0.5228586986989123,-0.13139650179033835,-1.2075216033842016,-0.3346015690294239,1.1659633439306047,-0.9516321310660815,-0.7698999171689833,-0.9710080286830125,0.0649763355674672,0.017354647887528395,1,25,train
-0.3448134409238814,0.5982882941581538,1.938410941177633,1.5563128972105356,1.6559073635535428,1.272173988700072,1.4481901921623144,1.8206584146172635,0.6603601250765352,-0.5205110566505602,1.4940270721948026,1.3505368943860434,-0.5679327373843494,0.02390337695548331,0.3949488305543044,1.8910979161643255,2.131997619291763,-0.6709185138033171,-0.4320252038306997,1.5993461336945194,0.2467344410770161,2.1466364547743675,0.3425657969074388,1.1148706303013483,0.3408189235023735,1.4274496933965237,1.3472329443653743,-0.32941598532018707,1.982042282621094,-0.4322752580888157,0.08759452832434202,0.17986221664554444,0.39650214007765683,-0.15643734781318525,1.0537304638686305,-0.6310720871299217,-0.5459063391037159,0.13077125026150374,1.4605592828268465,-0.013835822343172308,1.4591979439734006,1.5702105867276563,-0.5007028683700708,1.5308939234415448,-0.6892809645228871,-0.4394403598110559,1.4211498832384146,0.025048777323855156,0.27357653374860896,1.8266755679225897,0.09799960120623485,-0.28474563069184916,1.2569296000059902,0.9369575979634169,-0.14382461069134606,0.4236510266953633,2.414426685412609,1.1625476405525608,-0.3664677390710016,0.37874743483433393,1.2613742164088457,2.2284234931298923,0.1859815757302705,1.207261531434372,1.9540211235904152,0.45049254981313674,1.3682082269639397,0.6513458222886084,2.198685973734734,1.5422450737400717,-0.6062136894528928,1.4785312415119765,0.25482771526022113,0.08483938440223926,-0.22429183092769645,-0.17336750803488737,0.12800001441839906,-0.40851671150979757,1,25,train
-0.18315556167131403,-0.10783421221331772,0.3330282615174692,0.20280098774805333,0.29813347449245947,-0.43138212041656127,-0.5334867611344823,1.3305772297920102,0.017586569471758625,1.9630880652857503,-0.31340904307228323,-0.20511407630368123,-0.02250012365823416,0.03138367144907488,-0.16781943277744654,-0.1737626970328592,-0.5876819459389124,0.6518146749701679,-0.1670389874937885,-0.6309378549046466,-0.47967849844031557,-0.6961079165736913,-0.21917837684924318,-0.6753761747361614,-0.4910741138913629,-0.6071720085393809,-0.6610012492231441,-0.11737971207769678,-0.062351554838382464,-0.9620077031937274,-0.7044385443459507,-0.3820724362312438,-0.2688217870711374,-0.13935951278249462,-0.472478183902703,0.6393850045828782,2.243761142842105,-0.6179128779925402,-0.6093680223831293,-0.5282028647481664,-1.0649073918964989,-0.42246778208162594,0.2908129959131144,-0.3118104634672585,-0.3161490768081093,0.07242872201304693,-0.43967588072681296,-0.7650730405449845,-0.4683954800587653,-0.1771387768844373,-0.3397485268349535,0.08853435576133124,-0.2590104706524387,-0.5095272354101397,-0.5967042457184738,-0.5761410318033149,-0.6143449345480778,-0.7097817862449197,0.11712183353673591,-0.2468453431009838,-0.5099125980263204,-0.2880437203815148,-0.30023618873678287,-0.5462282803701977,-0.12892950371696055,-0.3491311488762463,-0.6256081307413445,0.16984120587077742,-0.18218714335911698,-0.5342051521722336,-0.07779158327083364,-0.38028127162058317,-0.8109248685784699,-0.023881403933598572,-0.21145399360437206,-0.03510981778921235,-0.49873545859920115,-0.6315921854798254,1,25,train
-0.558323847483876,-1.6399558365030453,0.8368958946385304,-1.2949376005915787,-1.9040271614971584,-1.7542470886693393,-2.246608586334227,0.04337604555218876,-2.478182626899913,1.1959453862198484,-2.19670816422676,-2.0757843685580752,-1.7999687589774565,0.977640924888408,0.7948104913426537,-1.2880597239784763,-0.43658863675943044,-1.7614985306696191,0.24368964782842387,1.5637328165112991,2.9055920594385314,-0.5135463514412472,3.4495579083935115,2.2492844473548197,1.9801375560135601,2.1138776211203543,1.9250739151620708,1.1059064797059008,-0.6772668887617406,-1.900390891665285,1.6586051834560764,1.8541981211355665,-1.12542634327521,-2.234240609880544,2.585095221936489,0.8291628274113462,-0.08178466954104832,3.3219709742379604,1.3570629175663478,0.8749122952300136,2.1162318708809664,2.019135828436414,-1.3056342557766998,-1.071848468168701,-0.29054198647474216,1.0793842928145605,-0.49970251827407836,-0.7166982353693413,-0.24653129945950145,-1.3064705522619637,2.3421513968604284,0.7161732710365902,2.1315104100012374,1.3037133873583349,-1.4478997043236776,2.7991900086653634,-0.6967978824598933,1.1390455975383664,0.7185088661386659,-1.7090742457449795,-0.260515414553849,-1.5487204991891712,1.078447077613875,2.1214741683581217,-1.4170700232359956,-0.3023063376917329,1.5369499231617143,0.9307681903652771,-0.33147018446307225,2.966258753259167,1.4102936582763443,-1.1076426898028893,2.6016922133506033,1.2264076619285365,-1.8803728456365436,1.017775669466313,2.669955061405984,-1.5695231555810791,1,25,train
-0.2517839066370266,-0.4280525581259618,-0.47920000512247496,-0.2243318689265825,-0.45843705075550734,0.38291476004126,-0.36239115533071525,0.07289900849346907,-0.2418662980249611,-0.4618114849014543,-0.3722028726350111,-0.3081759531118755,0.12508752476177346,-0.05089956798043236,-0.5750859391359505,-0.05551076764271207,-0.7337388114790783,0.05793446776574604,-0.09085545029692654,-0.7422294711022098,-0.5541823896728624,-0.3257687415907332,-0.47768012052488446,-0.6399257429532405,-0.6672396982806247,-0.6729375585009455,-0.722574467422792,0.1979562840265195,-0.5894218410584038,-0.24308509912277582,-0.29101468773233635,-0.8293265477046059,0.08047327468197955,-0.4638383783656164,-0.6220053825019215,-0.019565769127080294,0.3181499606140162,-0.5966736119427801,-0.7287869053760125,-0.5509912780192737,-0.6652117530277296,-0.43621039152168994,0.10299567218490092,-0.2714819162790187,-0.06739448499825738,0.26962418796167664,-0.40966256195318024,0.18629812790933262,-0.1810631805941449,-0.06720382529901436,-0.5946398418969113,-0.07333041712544608,-0.6963008756500625,-0.7383828479925685,0.08534339739467034,-0.41501751824361055,-0.43294844914208386,-0.5178484349623329,0.05822310353963968,0.039570627520005036,-0.0734675269494955,-0.23918027934245836,-0.49536305474000825,-0.3713788689366936,-0.17982867318123855,-0.2446758008492548,-0.2925653092983683,-0.3740344748498814,-0.64534734780985,-0.6646924614508758,0.5781806864724123,-0.43298862076422856,-0.534823162920778,0.331273171296805,0.35982976728356364,0.33712242517991275,-0.9153920021136951,0.05791382497298801,1,25,train
-0.5796748881398754,-0.22442653303279325,-0.5221161757668557,-0.6597854955364384,-0.5242992170159331,1.2633548889117203,-0.3862145941135183,-0.45851432444957657,-0.24521407696040265,-0.48812508603036386,-0.3247884939553919,-0.26928467884463236,-0.3048417119399879,0.1174070581253779,-0.45660841001347663,-0.24198496398871333,-0.29053177121926455,-0.07163939562430963,0.2635636140536922,-0.6487445134962567,-0.2841057839548801,-0.36228105461722204,-0.502536057416773,-0.6694677694390079,-0.4519262062493047,-0.9031169833664215,-0.7083652632228733,0.35018745455958944,-0.5454993172067353,0.014213517071038384,-0.46073606044739907,-0.9631205126752698,-0.11496562891797875,0.23635285789269903,-0.9004353385142594,0.34944666415049647,0.5600857245349812,-0.42144966703225917,-0.3585883680980745,-0.6291229806630703,-0.3585959204708655,-0.3537547348813058,0.34894692944803757,-0.25597093659123415,0.159411172240137,0.1521460380348334,-0.36164125191536795,0.19704808461503112,-0.23198282860053332,-0.26708555545432877,-0.6555921128899882,-0.5952617256175036,-0.3464685516519635,-1.1286110079087612,0.06897425395995488,-0.12169009612209754,-0.1745958790183955,-0.5570185066526567,0.22871942721544458,-0.09233146421334508,-0.5297510103479942,-0.15122608547215674,-0.32262779631092353,-0.6761164145779436,-0.4460704826866926,-0.1582299955855377,-0.36805501549210956,-0.11706568992223068,-0.3429534953172227,-1.0050941378299423,0.44455670559878807,-0.8335644742559333,-0.706006220428547,0.25516861946171854,-0.3976026347925758,0.18291192452127522,-0.890882793671666,-0.7532697167362042,1,25,train
-0.5873002598027324,0.7969878831603585,0.13593177411364715,0.170904702996376,0.15289895402075154,-0.2550001246495241,-0.026697245209399895,-0.2297113616546541,0.6402734514638859,-0.41525665213492197,0.2328045993169305,0.25380296004978753,-0.45242936035999554,-0.40995370367282763,-0.34923814924623464,-0.14647379025051757,-0.6430828259713891,-0.13102741634475182,0.07807326261785436,-0.6175828609609391,-0.675251212925751,-0.4405217253882695,-0.47768012052488446,-0.8408115230564593,-0.3687369025099311,-0.4591995211258605,-0.6894196576229815,0.07290925108864063,-0.7531330663237134,0.3320529841339854,-0.29971834787157037,-0.7681635922894452,-0.314562807062617,-0.15643734781318525,-0.7509081399150409,-0.019565769127080294,0.33789981889327864,-0.6816306761418205,-0.7805350880062619,-0.35891750901994046,-0.39692289954047355,-0.46827648021517265,0.1119393542671968,-0.6437454287858476,-0.01983846009343275,-0.024071186855431477,-0.48169452700989873,0.18092314955648336,-0.48294395091773346,-0.2570914689465631,-0.6334276507106875,0.052197365929605714,-0.5991252300950349,-0.28360566914287016,-0.07289165580757909,-0.41088614610105406,-0.6638167032951671,-0.48651237761007377,0.02412383880447869,-0.08102557063620079,-0.22367264881359758,-0.11213533264091159,-0.39300142011536543,-0.6361508348217141,-0.3246955401180297,-0.38875214295544996,-0.5945241340733334,-0.04970494047517661,-0.5381697798377796,-0.6703658227238602,0.03761094566547814,-0.15539658194102965,-0.5955655381654702,-0.2087067441045229,-0.4617918214091978,0.03401902733362517,-0.6457907092513755,0.03256433929457575,1,25,train
-0.39819104256388005,-0.9075590043131005,-0.1978606642315354,-0.47534176197239114,-0.6121154386965006,-1.667525940750546,-1.8199524554058455,1.87084745161744,-0.8478142853398807,-0.5873071210547153,-1.8686006637637946,-1.8424367229546166,1.1068662294687808,0.30067427321837126,0.6170941976589429,-0.1191848834681759,-3.2167055256618986,0.33327892746961435,-0.6738251262381312,0.01455351904121982,0.5680324720173744,-2.8659825192907418,0.6706641638803681,1.5107337852106326,0.7469784652887272,0.3299870784129147,0.006831348173037805,0.9536753091728309,-1.3361047465367673,0.8088121847284058,-0.04296037376416777,0.8947042580602342,-0.006850490756299686,0.29897158633856463,1.6260587067828807,0.24928614654658274,-0.8964663235606243,0.4387406079830254,0.01957142804605571,-0.14405532674949992,0.2984380064367005,0.3975079145088603,-0.16978663132512334,-0.29629948377947396,0.11185514733531239,0.2486459469033118,-1.1870075181902673,0.15404825779223713,-1.9341539190998038,0.10269564533300289,0.5523710758818987,0.6236791151012889,1.2957998582280013,0.3354781033557514,0.2926858809010661,0.03530204529505028,-3.659607144091128,0.022698554364136394,0.12952156616770355,-0.2355394495238395,-2.2301863522057537,0.2885448838793513,0.09641514543370802,1.7867624378996998,-0.1406754659010247,-1.7142544903324453,0.23142206310524754,0.554046961976197,-0.8329080917609734,2.240068510317158,1.2037838696534706,0.0027254654899064356,0.7738989218966822,0.2950329085181924,0.7642216429682821,1.0337284798792756,0.7057170705519411,0.539554052862821,1,25,train
1.6698097524029247,-1.032362051950849,-0.5745692732210985,-0.6473043406336082,-0.7404622242296378,-0.7606285125150304,-1.111746593407974,-0.41865832447884815,-0.7390114699380305,-0.733043988845599,-1.2503171657815597,-1.163783986991224,1.0234471238400809,-1.2178255089807168,0.19131557737505242,0.08093376626899618,0.14763882540123316,0.2576941738254152,-0.4783977916896592,-0.06557644462102567,-0.046624630651137075,-0.038886282096892405,-0.030273256470889947,-0.4154063416614075,0.2918840389498008,-0.011171712012701668,-0.30103474282520204,-1.1286296306188042,-0.38178809194142566,0.4985403240241004,-0.08647867446033769,0.06518167524211826,0.23017115829045826,0.646220898629274,-0.08576991166334483,0.46542200032344916,0.38233700002161913,-0.21967663955953812,-0.21130507907351853,0.0512739298599915,0.4134189436455245,0.06768528794732395,0.4562711144355881,-0.18772262596498218,-0.7478114567134405,-0.8170486988616235,-0.40966256195318024,-0.8779475859548187,-0.04648982514868976,0.042731126286408565,0.2697741830958151,-0.9454181730868586,0.3094670558444721,0.01566705500338291,0.6528070364648062,-0.1340842125497671,0.08375669110529287,0.07361964756155741,-0.589662926428419,0.12624914494477796,0.03139265246506634,-0.13656705316043982,0.17638517248421023,-0.051654230886857534,-0.21506655973343097,-0.1582299955855377,-0.11050190024287468,0.20227415930824788,-0.28936471133118746,0.2487187034996192,-1.8088295173155104,0.08705722411973901,0.3873565339759133,-0.7088223704493769,0.9696270401414726,-1.2049825814064625,-0.10658812352673622,0.3316882702998404,1,25,train
-0.36616448157988085,0.9562759834348533,0.38230238336842476,1.7005395760876854,1.242157857558561,2.525956008610761,0.4259480916638575,2.445069080825342,0.6017739937063082,1.7363862709443756,0.7107415364074926,0.8138373094980884,1.4918774862166266,-0.23790693032022153,1.0354679723726787,0.030904103834703153,1.7945558954575864,1.7154001369635414,-0.7798196127728957,0.7045615394661116,-0.16769345390402568,0.8061129622304205,-0.23409193898437633,0.4767628582087706,0.223375200576199,2.2824018428968635,0.6225635301695175,0.23601407665978696,1.902183148345333,0.9828671309771626,0.48361106465948833,0.7876690860837031,-0.18149802163285816,0.7771509671979021,0.4298411179891327,-0.03010898150643963,3.384315458469511,-0.3099435202710186,1.4645399122599427,0.624239749247833,0.19440763467633584,0.6631983636834312,2.276310418182799,-0.02330624127446604,0.04600834362093982,-0.22546230101573422,2.402585407136204,-1.0015720880703514,1.09920225499505,-0.19712694989996873,-0.15689171385572293,-0.7901601256240314,0.5815588633985491,2.6005618586587653,1.0838611469123132,0.04356478958016333,1.7438093757298436,0.6690047372544801,-0.4532658674877751,-0.2242335559466952,3.670324284040672,0.010023269956729527,0.3235300222571343,1.6518786062224253,-0.12109886226091779,0.6738108800777393,0.009393515476596755,0.8933455517835804,0.23886758795973123,1.4628180159182895,-0.10208685252058348,0.34005250000923676,0.21617347646814422,-0.12173011343585262,1.2648972985779336,-0.17336750803488737,0.4851341945736796,3.55614284859388,1,25,train
-0.280760318955883,-0.1209713751225544,1.431364332453284,0.5494997350488942,0.5446944045955915,0.3946735597590625,-0.47501104775851133,1.758660192440575,0.09625937445463492,-0.5387281651244207,-0.21858028571304475,-0.12927609148255717,-0.016083269379103395,0.11366691087858212,-0.06044917201020458,-0.3465924399876896,-0.45169796767737863,-0.30919147850607837,-0.4121512376054314,-0.702164489271087,-0.4238005800159054,-0.9934224655036717,-0.3534004360654415,-0.6281089323589334,-0.6036243483622802,-0.30300633996714454,-0.7036288618229003,0.5078554526116975,0.32097228968526936,0.07475436794017114,-0.512958021282803,-0.39736317508503394,-0.5806923779221348,0.05988189590889596,-0.9932453238517053,-0.7786770604409524,-0.9754657566776741,-0.6072932449676602,-0.1396537492777886,-0.5282028647481664,-0.7637668420638646,-0.42246778208162594,-0.22792056486004653,0.02632889372644449,-0.4002866593320298,-0.10378850287721798,-0.03149474540540819,0.11642340932229238,-0.6429771303663828,-0.7667898808426149,-0.4117830289176807,-0.17573466119667255,-0.2055638655971736,-0.16917786285165576,0.24357845059691977,-0.4728567282394019,-0.3724829540067525,-0.5961885783429806,-0.19287148223745482,-0.11117462017525225,0.11924847846105058,-0.6447468399666269,-0.2714469789986021,-0.34140468411952146,0.23519532398902807,-0.2734910692704938,-0.6300487016939175,0.1324185672890807,1.444615227645524,-0.5682453198101403,0.44455670559878807,-0.17296569832224476,-0.7336163909943162,0.1826880939044933,0.28922166200527943,0.012748613449675166,-0.0960841770515809,-0.24628000316795912,1,25,train
0.3063932990841021,0.7953457377967039,-0.1565339813887985,0.8906513023929213,0.6983727925365848,0.8062315498821491,0.952229512047597,-0.42013447262591214,0.6720773513505807,-0.5792106283996662,0.8453983718576112,0.7302210698235158,-0.04175068649562646,0.05756470217664537,0.03581382040180544,-0.4875851250297882,-0.6531557132500213,-0.3253882114298353,0.05488696868837463,0.04126350692863498,-0.23754085193453836,-0.8421571686796466,0.11886236488044155,-0.04317680794073717,-0.1436364335680965,0.22722840659797,-0.16841550362596028,0.3230033169643984,-0.8489640274546263,-0.4625456835233821,-0.1343488052261246,-0.21387430883955208,-0.4601024161264158,-0.3955270382428539,-0.1940482278903651,0.2071132970291454,0.20952574007807276,0.364403176808865,-0.17547941417565355,-0.1766102028510818,-0.11768348060475799,0.11807485589422534,-0.5141183914935146,-0.5599861384718111,-0.01983846009343275,0.2318633540566199,-0.7818277147462257,0.08954851755804613,-0.7520906618086437,-0.2770796419620945,0.08137625457175934,0.08523099304935619,0.26087923306695837,0.07141393499141045,-0.531227671979612,-0.08863911898164537,-0.6967978824598933,0.03836658304026594,0.35581668668286276,-0.41643374675814826,-0.6459474253749411,-0.5274745814728914,0.09961394651572811,0.06824250838183099,-0.5243768972471202,-0.712923912694389,-0.04833390690685245,0.11994435442851513,-0.25108700848401944,0.1409248393129148,0.1894563784764147,-0.640304194062567,0.1002107600919136,0.40375369685403023,-0.4232783094392246,0.31585201129596274,-0.2781525826209396,-0.3780973286957029,1,25,train
-0.5217220635021627,0.5326024796119703,2.04808559949105,-1.716523277309401,-0.3452892266670837,1.9056793234966802,1.8098733082285057,-0.28875728753721475,2.530094660520638,-0.8848532261277696,1.9719640092853645,2.18669929113177,-1.5176271706957025,-0.178064574371489,-1.7783733442860759,3.12364687250009,-1.02585254255941,0.2846887286983435,0.3993690499263592,-3.6180048336472423,3.473684230086701,-0.9516941077591131,3.3799612850962233,3.0587359730648487,0.017848685455393518,-0.9072273302390194,-0.7699384814225212,-0.9111565298572757,-0.4217176590793061,-1.7263359454165284,-0.9786038387318211,-0.36678169737745364,0.23432943283513824,-1.5738976553605069,2.126201405545784,-1.6168624446000195,0.09102659040249808,3.008691800003999,0.047435834077728466,-1.2313881885423354,-0.6433106221308108,-1.0729512955779892,1.2522588197599211,-2.8401001525761385,-1.212397238475958,0.20249381657490909,-0.16055201613202882,0.3152976083777146,-0.9666806069784235,2.2963976337875787,-0.12918613613159707,-0.8364072035916821,1.9614530302799396,-2.6572491381067795,-0.31842880732831097,-0.9644900132036279,-0.9551504525835816,-3.475188847581784,0.681309668245763,3.2805934529680365,-0.5240828925418017,2.9564887646118336,-4.161189094735029,3.3404243509231217,-0.7318888958322536,-0.9398441515116464,-2.845893607027852,1.1752627624323624,-0.9936744437190789,3.215886649270482,-1.079971439823015,2.420235879545107,-0.0102299221711632,-0.8972717368981625,-1.5979404245234068,-0.9816432356249876,2.85902609795878,-1.6202221269379038,1,25,train
1.0536797220440832,0.225521296608563,0.5635039927558095,0.5827828147897748,0.8047655226495801,0.482864557642581,1.164474693930751,-0.1647608431838374,0.31386500525833533,-0.5832588747271907,1.127988068788142,0.9246774411597313,-0.5550990288260877,0.09122602739780741,-0.2714872707596112,0.36291913635319323,-0.37615131308763766,-0.10403286147182356,0.12444585047681382,-0.06112477997312314,-0.051281123853171254,-0.49268217256896785,-0.21420718947086545,0.38222837345431465,-0.3834173678757029,-0.20435801502479767,0.04472255937282117,1.236390340162818,-0.6573021051928004,-0.5836273852616476,-0.2736073674538684,-0.44705807635985195,-0.5765341033774548,-0.5207644951345851,-0.1940482278903651,-0.09336825578259564,0.2243381337875196,-0.24091590560929824,-0.21130507907351853,-0.45983762493484437,0.4134189436455245,0.3471183465619589,-0.2368642469423424,-0.13498529502651474,0.3862168294785314,0.9157540125593147,-0.6347624527554255,-0.3511997073755923,-0.34473347775753627,0.07771042906358859,-0.7553321926968412,0.34289328458340984,0.6058527747873059,-0.20438641863356788,-0.28569052045888005,-0.307601842537141,-0.5538794394127465,-0.07914363203070564,0.2690185582660894,-0.15639819448382944,-0.2293407666197901,0.3422946690223133,-0.09871172056951735,-0.31143049930234934,-0.00755456114829768,-0.4139655028240341,-0.1460264678634588,0.17732573358711676,-0.6032418746779652,-0.057642805241540626,1.7139845238982174,-0.0464680603774959,-0.47408078767608575,0.36751343407541764,-0.3655080414842648,1.421913533261363,-0.2851552136043765,-0.256419797439324,1,25,train
1.5051017244852147,1.3388958531663715,3.0510524023282413,2.5270693896528895,2.6809928743247835,1.0899125930741338,2.2863420838845663,1.3379579705273303,-2.4329876112714524,1.3679958551396416,2.2223119287137543,2.25864814852617,2.473656190923634,1.4825608032058388,-4.503356514102975,4.879233208830736,2.4442571249293588,2.9355540172198995,1.5222481416540206,4.2970549103234505,-4.535484077412084,2.417870780113999,-4.807584327091876,3.525499991539975,1.691421737153381,1.8590361150192913,3.980672122750318,2.9109332160265873,2.301478819724137,2.337468669174008,2.1416583211835625,0.8411866720719687,2.6211790214814377,-2.5416416404329754,1.2754432066191959,3.2330152499052747,1.5080789219395787,-4.706471592571362,4.059910302638605,1.4999659163803862,4.054481955258286,3.4346246007630077,2.5982829731454506,4.80681283350164,2.906686149434237,3.2443387700378152,1.856343005456089,1.4977928460045493,1.1755817270046325,4.819904476998423,1.5497718739504294,0.907768308331143,2.5736595972766123,1.5120306757346484,0.9801899051591153,-5.46355427644768,2.606816897206845,3.8456975513397453,2.649767223411874,-5.349571977585443,0.7710820261731918,5.336138343213882,-5.379932306984682,1.5219904720146793,5.5287089482739376,-2.8668652271820063,3.8860119570728395,1.1877369752929279,2.7843348272964046,1.6670590217457295,3.833746765938892,2.0266876726058882,1.8396515057353733,-2.332386142931222,2.5807756242186843,3.400062024468714,-2.5329997592876126,1.076963149245161,1,25,train
-0.5125716175067343,2.166537116448282,-0.8447821995005321,1.561860077167349,1.742034811740253,1.4779529837616154,1.8033760067422866,-0.14114247283081316,2.0329494886075685,-0.7411404815006482,2.1312763216488855,2.0680809046166786,-1.0299462454817643,-0.9073932874966668,1.7315234559672128,-1.5564006406715025,-0.49702596043122327,-0.8112901991425441,0.16088145522313912,2.2136758551050684,2.710019344953096,-0.6856758271375517,2.877871359880074,2.420628200972271,3.0420245508043884,1.6946222401153799,2.3039860271599046,-0.9383406674524668,-1.020661166147512,-1.5295781800918469,2.1938802820189665,1.750985633872483,-1.848966114049524,-1.255111401454282,1.4868437287767118,0.7500887345661512,0.12558884239120735,1.8936303323915933,1.5441525009218648,1.7408719995320923,1.913646410084467,2.115334094516862,-0.8897530389499415,-1.512360291301782,0.4923033465739095,-0.8296356434966424,-0.8088397016424951,0.3529224568476593,-0.5556863052125741,-1.336452811785261,2.3089047035914776,-0.5688348239217033,2.024617199890707,1.1306046547639337,-1.1150604544844633,2.2868998629883546,-0.7902445567599506,1.824521852119034,-0.657861455898741,-1.7656037136307008,-0.40221835970866227,-1.7734923279688308,1.4335139977181048,1.961611849333204,-1.4444772683321452,-0.4679941311138573,1.6524047679286127,0.9831598843796525,-0.5037198472753284,2.3705558195958,-1.1893001514468893,-1.3922623751785743,3.264336306929064,-0.7994230273959084,-1.2192242234853372,-0.774256700256475,1.6965893547082587,-1.1436517961837531,1,25,train
-0.15875437235017179,-0.625110001764512,-0.06275420109181866,-0.17579404430446477,0.002598113067472416,-0.8546989102574502,-0.5053317880275333,0.03894760111099672,-0.4259941394742461,0.6716974868054194,-0.6111713411802921,-0.5551355447088693,-0.26634058626520324,0.25953265350361765,-0.2418678884789927,-0.3238516843357383,-0.29053177121926455,0.0849290226386743,0.12113352277260243,-0.4350646103969354,-0.5308999236626916,-0.028454192660752737,-0.4080834972275964,-0.6931013906276219,-0.3980978332414747,-0.4550891742532627,-0.7131016646228462,0.14902483635517558,-0.7012246290444688,-0.12200339738451033,-0.6435129233713127,-0.09537108272267837,-0.33535417978601684,-0.42968270830423516,-0.2610776617451872,-0.051195406265158304,-0.11140945695994199,-0.5010969147188596,-0.9517021536293945,-0.3784504346808896,-0.736390428442716,-0.6973199708829062,-0.14295558507823572,-0.4669202603451039,0.024059409049482297,-0.1835058188990045,-0.6197557933686092,0.0411737123824029,-0.3883788903344407,-0.2570914689465631,-0.18459729157984878,0.14138815915293199,-0.19098751876391948,-0.3188142249247823,-0.8095031103697747,-0.6505057303693323,-0.053664888747732856,-0.478678363272009,0.12022176669447783,-0.344829754102901,-0.2463451200383677,-0.4737247963299293,-0.47297144716586764,-0.15656387774695998,-0.40300195467845734,-0.34192733177093654,-0.5012721440693001,-0.08712757905687332,-0.41950890101155874,-0.38102439780165376,0.08620148416497783,-0.13079981900732848,-0.11514857032108616,0.2769127771288861,-0.12800805100276347,0.08187745857251269,-0.257144689670629,-0.5606136255802712,1,25,train
-0.7413327673924428,1.708378559988653,1.7826411366165476,0.8823305324577011,-0.12068235198409359,0.2300503637098279,-1.0424420442216378,0.9482548597024303,1.3215464648262403,-0.41525665213492197,-0.3854788986653045,-0.1662228020364381,0.0994201076452504,-0.7091654834164903,0.7096547672858756,-0.319303533205348,-0.2703859966620003,-0.15262306024309444,-0.52808270725283,-0.8268110994123578,-0.6705947197237168,-1.05079895740244,-0.9002310476869904,-0.43313155755286803,-0.7748964442962847,-0.4509788273806649,-0.547327615623794,0.7470758634493789,-0.6093866246273439,0.6271896321210075,-0.5912909625359088,-0.20622893941265702,1.8851644270730838,-0.21905607625905088,-0.8901231179212098,-0.5361831757156876,-0.17559649636754496,-1.1276552631867829,-0.3625689975311706,0.34426781477422863,-0.5885577948885136,-0.13845385365363627,-0.21450504173660273,0.6684834528007244,-1.1209433444282184,0.215080761209928,-0.05250406854695108,0.4765469589631921,0.8591524858220759,-1.231514903453721,-1.7194862974964205,0.015860376097880196,0.017940119179389626,-0.2454630670457987,-0.2202139467200182,-0.5306959382351931,-0.32301118525966327,-0.6392756572023368,-0.3912672043329369,1.1513168292725275,-0.14431899952690214,-0.6203151194470987,0.32992762442117446,-0.6561336246998288,-0.5361228594311844,0.6594032458671197,-1.2339663512438475,0.3494698710629216,0.7785831981048004,-1.0107674991029267,0.5174425133480376,0.013266935318635507,-1.1974672564992388,-0.4696366361105337,0.12874869546372447,0.1669591141083127,-0.23613679672031837,0.10354289919413008,1,25,train
-0.39361581956616587,-0.2736908939424308,0.14387921312186577,-0.019086210524484747,-0.3132025302837994,-0.052160829517431485,-0.3320704150616932,0.4419360452594729,-0.23684462962179878,-0.4253772679537334,-0.5523775116175643,-0.44818454047395073,-0.04175068649562646,0.2894538314779839,-0.6454319720524193,-0.2283405105975425,-0.401333531284218,0.12272139946077387,-0.08091846718429237,-0.363837976030495,-0.2515103315406409,-0.15885531061249855,-0.10981225452493341,-0.7580938488963104,-0.3834173678757029,-0.5085236835970339,-0.6562648478231711,0.018540975898258517,-0.4057458322241539,0.014213517071038384,-0.499902531073952,-0.852262655985291,-0.4850520633944956,0.2021971878313178,-0.2610776617451872,-0.17771395481747032,0.0021522281458170624,-0.4320693000571392,-0.8880120826998568,-0.5640132284599064,-0.6214094912338919,-0.5232469179754287,-0.13848374403708777,-0.4762268481577746,-0.3124909210461997,0.07242872201304693,-0.373646579424821,0.0734235824994984,-0.552049187497832,-0.49694954513294043,-0.4838175310004079,-0.010566525597920184,-0.5456786250397698,-0.30414399334898556,0.467290077538031,-0.4191488903861671,-0.658319840101046,-0.23582391879200107,0.03652357143544632,-0.2958375486019424,-0.22650670771669384,-0.3613388819400995,-0.4537786406737471,-0.31143049930234934,-0.5165462557910775,-0.5796532962461585,-0.5767618502630413,-0.24180781852788638,-0.5611364015460804,-0.3299641463447938,0.06798003222766545,-0.2643251035045634,-0.41886044654454735,0.2587926457395798,0.14800545144871108,-0.1574146976219249,-0.49873545859920115,-0.3071187687961486,1,25,train
1.2656650542715064,-0.2605537310331941,-0.04368034747209394,-0.18134122426127824,0.05157254438932741,0.43582935877137113,-0.05918375264049493,0.8109730820254768,-0.10628125113957852,-0.36060532671334056,0.03366420886252967,-0.0009348864006548741,-0.054584395053887985,-0.2790485500349752,-0.39366722266716236,-0.3920739512915924,-0.6229370514141249,-0.330787122404421,0.601421039883254,-0.5151945740591809,-0.4098311004098029,-0.3570650098991522,-0.30368856228166435,-1.2662167044515111,-0.35405643714415924,-0.23724079000557996,-0.6467920450232253,-0.11194288455865857,-0.5095627067826429,-0.258220311840059,-0.6217537730232278,-0.5693839871901732,-0.16070664890945835,0.5437538884451303,-0.5395076177575251,0.08586635466651306,-0.13609677980902005,-0.4851674651815395,-0.7805350880062619,-0.28729678159646027,-0.5666566639915948,-0.25297559898750305,0.11641119530834473,-0.44210269284464865,-0.12226682142690119,0.2318633540566199,-0.628759789000699,-0.5715738198424115,-0.6975338960875133,-0.3470382475164546,-0.6611332284348134,0.37262354899118527,-0.43392663265148823,-0.30120994703382625,-0.01287146321362241,-0.40262340181594103,-0.42195472275384177,-0.4747613561029766,-0.06577422277003661,-0.16770408806097373,0.12491659626724311,-0.6691785604861551,-0.36741101145920474,-0.27146491954611984,-0.45390112414273537,-0.6012647475620878,-0.44798529263842385,-0.26925108682113064,-0.6376918072404164,-0.744119519272658,0.6814355807838491,-0.18702099142721687,-0.5458672311470857,0.026854963956459085,-0.29489993620598065,0.38498085641880025,-0.4777275656488905,-0.1651616489970399,1,25,train
-0.27008479862788326,1.076152594981638,0.14228972532022205,-0.1563789144556177,0.5126077082123072,1.2986312880651276,1.1969612013618462,-0.25923432459593443,0.8612268612030279,-0.5427764114519452,1.1962647740867938,1.0432958276748228,-0.4075113804060801,-0.26034781380099625,0.16169619509443395,-0.4648443693778368,-0.6229370514141249,-0.055442662700552675,0.1310705058852366,-0.5018395801154734,0.38642923713804145,-0.6022191116484343,0.4668454813668817,0.8549007972265944,0.35549938886814536,0.2806629159417412,0.016304150972983645,0.056598768531526,-0.7491401096099254,-0.5457893534684397,-0.04296037376416777,0.2677839650548378,-0.0733828834711791,-0.41260487327354456,0.7237394048910449,0.19657008464978606,-0.10153452782031078,0.2369675805103043,-0.4262590684607083,-0.7691089478998724,0.17250650377941698,0.09517050682745198,0.10746751322604886,-0.48243124003288845,0.03137572057330147,-0.2296579492274072,-0.6977904221800542,0.11104843096944314,-0.5556863052125741,-0.05221269553736579,0.5025010359784722,-0.24840864086012363,0.7273223317310903,-0.5740762543436453,-0.3839053810671728,0.06422165029294594,-0.7957414199540717,-0.5413504779765271,0.09232236827480066,-0.42773964033529255,-0.5892662473130158,-0.39554329066743904,-0.4825678504119279,0.7076917844815032,-0.5400381801592058,-0.37434450874483044,-0.749944117413389,0.5241088511108396,-0.5228586986989123,1.2075167586339897,-0.27822755458126985,-0.3064909828194797,0.5419734891442208,-0.17246648132591028,-0.3783458788075892,-0.12550907679599987,0.1910236932693309,-0.3223284602031959,1,25,train
-1.4047401020609973,-0.585698513036802,0.30918594449281334,-0.7637951197266908,-0.7742376941067792,0.19330411459169516,0.2028740739703383,-0.7212686946269713,-0.2954307609920258,2.187765736463363,0.4490141660959943,0.4618712773795382,1.209535897934873,0.9739007776416123,0.00989686090626428,-0.49213327616017843,-0.7639574733149748,-1.000252083253042,0.8034730298401488,-0.7244228125105997,-0.6659382265216826,-0.4353056806701997,-0.36334281082219694,-0.397681125769947,-0.6770266751911392,-0.5907306210489898,-0.8694029108219525,-0.48164715585325696,-0.09828816526247482,0.34718819685126856,-0.06907135418186973,-0.7261140604415223,-0.5349513579306552,-0.31013786308940083,-0.4673220736061782,0.44960718175441017,-1.1482770166212204,-0.5595048963556999,-0.05207990174967422,-0.1505663019698163,-0.9718275855845938,-0.43621039152168994,-1.2296129580771848,-0.665460800348746,-0.22103702699846003,0.8276454001141822,-0.040498741037497996,-2.9365642950960806,0.18264859088005816,-0.12217130109172583,-0.6334276507106875,-0.22198173916432323,-0.07437674409788649,-0.37456110491280986,-1.0877785487599374,-0.2291057718285671,-0.9001818206423713,-0.6706117145545959,0.8115068608709232,-0.292068917409561,-0.36537559396841085,-0.3613388819400995,-0.15948894112789902,-0.4563057259186813,-0.6692437641839114,-0.03576510479527185,-0.789909255986546,0.34198534334658226,-0.6606584289487173,-0.551225235991187,-0.909904555074766,-0.3381153923056669,-0.9710638578599312,0.5994511158585384,1.0530729827430811,-0.7902095106694375,-0.5477538754832593,0.24043012185755627,1,25,train
-0.7413327673924428,1.499826098804521,1.4027535520236971,0.8462738627384138,0.2204498937750343,0.8312189992824793,0.22020021126692232,0.8213061190549249,1.3048075701490325,-0.46585973122897884,0.5116011459530917,0.5396538259140244,-0.40109452612694935,-0.6755041581953283,0.6096893520887883,0.2719561137453877,0.21814903635165808,-0.07163939562430963,-0.4353375315349111,-0.012156468846195343,0.30261235950142623,-0.10669486343180022,0.3972488580695937,-0.456765178741482,0.3506059004128881,0.04637314420366735,-0.48575439742414595,-0.3131055027630724,-0.3937669620827898,-0.12957100374315192,-0.10823782480842266,0.2524932262010477,1.1366750090306903,-0.1450521244593915,-0.14764323522164213,-0.34640535288721963,-0.3879074728696163,0.15201051631126386,-0.28295640886924844,0.3605452528250196,-0.4407251613343113,0.09517050682745198,-0.5409494377404023,0.379979230607932,-0.9416937120946486,-0.1960927635340234,0.03153322401922049,0.3314225434362624,0.5718201863574555,-0.06220678204513151,-0.13472725167642224,-0.3904532374750507,0.04709281284589788,0.0684798886762511,-0.44938195480603466,-0.026668536843297543,0.3421092612289812,0.0775366547305898,-0.4160666695948722,0.9968029503848888,0.22694271677870867,0.22013606642467226,0.3171324200930941,0.14317797042476132,-0.02321584406038321,0.6305879774458807,-0.3236493059663794,0.08501655841893153,0.3460451559318017,-0.034949360149602864,-0.42399917007976895,0.6457551250423799,0.1830412717892212,-0.6725821076707643,-0.4232783094392246,-0.18932031844784988,0.23654079466167058,-0.5048447570877642,1,25,train
-0.5369728068278765,1.171397026073604,0.15182665213008442,1.1666235052443905,0.7051278865120131,0.06689701762531855,0.4844238050398285,0.31646345275903165,0.9767252344757612,-0.5427764114519452,0.7771216665589595,0.7379993246769644,-0.5037641945930417,-0.4810165013619475,0.13577923559889277,-0.16921454590246893,-0.14447490567909865,-0.033847018802210055,-0.1703513151979999,0.19707176960522343,0.15360457703633254,-0.01280605850654324,0.36742173379932735,-0.444948368147175,0.16465333911311172,-0.40987535865468705,-0.11157868682628522,-0.2804845376488431,-0.41373174565173,-0.32632876906783337,0.22685309055208577,-0.5502705636229355,-0.2480304143477376,-0.4979940484269976,-0.42607319123398,-0.07755343721355663,0.11571391325157614,-0.2727748046839384,-0.11576997267921195,0.30520196345233036,-0.33669478957394666,0.01729572000042256,-0.4202097296294079,-0.2776863081541325,0.005768630239934361,-0.15833192962896664,-0.3256252693870087,0.6324213311958203,-0.0974094731550782,-0.2770796419620945,-0.22338510039362494,-0.04690351542964571,0.14426845840092536,-0.32174827123994165,-0.27477775816906974,0.1179294881461807,-0.03167743597124874,0.12062373358994603,-0.6175623248480961,-0.16770408806097373,-0.21517047210430879,-0.3027027526932317,0.2563551995347124,-0.5462282803701977,-0.27379637065375173,-0.1258128186116438,-0.2748030254880763,-0.009787459321366787,-0.530514239268346,-0.5455518747182025,-0.5940660548280179,-0.08863393969241219,0.1278209306576828,-0.252195059438858,-0.5003053333791709,-0.37011883646142496,-0.30966442204640554,-0.18037134040408725,1,25,train
-0.5171468405044485,0.30927071015494684,0.8957069432993483,0.06966866878453049,0.06508273234018395,1.0796236433210566,0.5169103124709236,0.351891008288568,0.31051722632289375,-0.3363158487481933,0.5078079956587221,0.5027071153601435,-0.44601250608086473,-0.1818047216182848,-0.3566429948163893,0.044548557225873975,-0.19987578571157538,-0.03924592977679571,-0.2001622645359024,-0.5463562265944986,-0.3260142227731877,0.034138343956085254,-0.49756487003839533,-0.480398799930096,-0.24639969112849924,-0.36877188992870913,-0.5094364044240106,-0.20436895238230818,-0.3378655680897572,-0.5911949916202892,-0.39110677933352717,-0.4891076082077749,0.03889052923517992,0.07126711926268972,-0.219828779372989,-0.18298556100715,-0.012660165563629772,-0.34180241934565875,-0.712864387643628,-0.4891370134262681,-0.21623856964089289,-0.25297559898750305,0.17454512884326795,-0.5413729628464697,-0.3344398556176572,-0.10798415108889095,-0.3886532388116374,0.014298820618156658,-0.2538055348889855,0.037734083032525706,-0.24554956257292562,-0.5093742951061524,-0.18126995420841674,-0.32761636387026033,0.02532320480071366,-0.34891556396270623,0.02329119596996155,-0.5452674851455596,-0.12157301960939094,-0.2129276623695509,-0.12731464610832455,0.049114022787974686,-0.34182060280304405,0.35299726414496624,-0.24638912555760203,-0.25548152650721945,-0.5501184245476033,0.09250108613527089,-0.31615910332420505,0.03880433639919487,-0.4665158912668312,0.3295110301805077,-0.2752875596025475,0.01960691140073656,-0.371926960145927,-0.32757800869352494,-0.48122888114060897,-0.580893214123001,1,25,train
-0.03369827707931783,-0.526581279945237,0.2901120908730886,-0.31308674823559773,-0.9954670218020553,-1.3353398487226262,-1.315328706642836,-0.4924657318320489,-0.24856185589584417,2.1897898596271252,-1.4437678307944062,-1.2571230452326076,-2.030975513026164,0.1398479416061526,0.017301706476418897,-0.8014075530267171,0.03683706533627971,-1.6481214002033204,0.17413076603998467,-0.4617745982843506,-0.4331135664199738,0.2740764009872976,-0.4031123098492187,0.16361737745963523,-0.060447129828722856,0.6547044813481397,-0.012114257426853878,0.040288285974411364,-0.2659923472415725,-2.498231793997971,0.004909757001619154,0.13016731537072643,-0.4434693179476959,-0.41829748495044144,0.6928027431118963,0.7395455221867918,-0.7829046384548652,-0.34180241934565875,-0.1953825613411341,-0.30357421964725123,0.07942669746751181,0.3471183465619589,-0.782428853962391,-0.40177414565640884,0.016743097525663123,0.13955909339981448,-0.42466922133999657,-0.5070740796082205,0.19355994402428428,-0.6868371887804892,0.2697741830958151,0.32307310831155955,0.7953452836196095,-0.09582670497267216,-1.2241880773825664,-0.20018616683067145,0.27065003970540785,-0.3376661051868431,0.12332169985221973,-0.43527690272005537,0.18726589213536096,-1.0454270564868897,-0.1434949357177986,0.8325842212197203,-0.5635301045273341,-0.13301663571695357,-0.4524258635909969,0.39188219478884456,-0.6108974152473988,1.5933053251969318,0.055832397602790525,-0.5348894957752762,0.08916669186560591,0.17544004134877078,-2.368210663922871,0.0871950620435002,0.019459234175127512,-2.644341348345759,1,25,train
-0.07945050705645952,0.18775195324450755,0.21222718859254602,0.14178200822310535,1.198249746718277,-1.3985433972058146,0.18987947099790028,1.575617822204637,0.45949338895004255,-0.48812508603036386,0.5855675766932977,0.5377092622006623,-0.6192675716173954,0.05382455492984958,-0.1900339694879104,-0.48303697389939787,0.4901169928747256,-0.3739784102011062,-0.11404174422640627,-0.6309378549046466,-0.19097591991419657,-0.018022103224613072,-0.1992936273357323,-0.6162921217646264,-0.6280917906385665,-2.008800292095226,-0.08789667982642062,0.17620897395036664,0.9398805803224156,-0.10686818466722714,-0.5608281520485898,-0.7796316464297879,-0.37693692523281647,-0.11089645439801026,-0.884967007624685,-0.03010898150643963,-0.5656561973829783,-0.4904772816939796,-0.4620847333585733,-0.7105101709170251,-0.5119038367492976,0.24175834085480147,0.16112960571982413,-0.41108073346907953,0.19599272985923288,-0.0828102618188531,-0.373646579424821,-0.11470065985022533,-0.15560335659095068,-0.5069436316407061,-0.5170642242693589,0.2404890405121834,-0.3464685516519635,-0.4039015680644033,-0.023784225503432715,-0.2662881211115758,0.8917955806410842,-0.49826339911717094,-0.08747375487422997,-0.06595104586667506,-1.6662086304895969,-0.4053159788752503,-0.36421221037718465,-1.5953247489712223,-0.1876593146372813,0.24158185375915378,-0.49239100216415405,0.14489278014964627,-0.41950890101155874,-1.6348372391312151,-0.15067739102008318,-0.3873089181730692,-0.44647061711031655,0.28053680340674736,-0.5131431707024954,-0.10955626638303737,-0.8138538528538605,0.5801132299482805,1,25,train
-0.26703464996274046,1.4374245749856467,0.6954314802922389,1.4703316078799271,1.0935457900991388,-0.012474880469848133,0.8114546465128518,0.2057523417292305,1.3265681332294026,0.8882786653279827,1.0729873895197837,0.9421785145799907,0.76677295267485,-0.23042663582662998,0.6430111571544841,0.3083413227885099,-0.6884108187252337,0.8785689359027653,-0.21672390305695935,0.8158531556636747,0.5447500060072035,-0.1484232211763589,0.6110099153398355,-0.10226086091227216,0.3163514812260872,-0.32766842120273126,-0.050005468626637246,-0.19349529734423174,-0.45765426950339844,0.8542178228802554,0.705554398209955,-0.6114335190380962,0.45055970915849636,0.9820849875661896,-0.9262158899968832,0.5286812745996051,0.1848384172289947,0.2688264795849445,0.6286077313097601,0.9595549730941265,0.052050283846363225,0.43873574282905237,1.0912725422785954,0.39549021029571657,-0.21006255971273127,-0.28839702419082885,-0.19356666678302478,0.019673798971005907,-0.09377235544033616,0.45748571635868596,0.40276095617161917,-0.18234138662062266,0.21715019256719598,-0.3364185028157384,1.0183845731734513,0.6756647273913111,-0.20208019498900065,0.6298346655641562,-0.2765696774964863,0.49180637060577687,-0.3540393583560258,0.3422946690223133,0.7681633726579266,-0.5911895575959559,0.17255019234068594,-0.08258991597978527,0.6133111650265269,0.3669337690677134,-0.45013106328929314,-0.9540338863730823,-0.10208685252058348,-0.3205462759244518,0.37079043163645176,-0.08548985065724,0.8027351549382553,-0.019157007376249844,-0.36918678540561894,-0.26655959171068894,1,25,train
-0.34786358958902414,1.3076950912569345,-0.5713902976178111,0.6992735938828574,1.047948905764998,0.8782541981536892,0.8071231121887058,0.40798463787700057,1.12570139710291,-0.5427764114519452,0.9478134298055888,0.9635687154269744,-0.40109452612694935,-0.23042663582662998,0.3134955292826036,-0.7377334372012533,0.16778459995849743,-0.6439239589303889,0.035013002463106284,-0.07447977391683072,0.03719224698547812,0.04457043339222492,0.29285392312366165,-0.10816926620942564,0.20869473521042717,0.4163043627374682,0.37627065737092563,0.06203559605056421,-0.12224590554520307,-0.5457893534684397,0.5140738751468074,0.17221684721864935,-0.7470233597093333,-0.6744650104108008,-0.18373600729731557,0.2229281155981844,0.12558884239120735,0.1201516172366237,0.01957142804605571,0.26613611213043203,0.09037726291597124,0.6265514051765939,-0.37101947817678055,-0.8298771850392622,0.19965088562114247,-0.2464405420740991,-0.3766479113021843,-0.044825941263185086,0.15355164916212194,-0.42699093957858036,0.23098637428203891,-0.2252851018762983,0.1588448052341795,-0.1779800017971338,-0.7058318686165769,0.3906000495549111,0.1442221862406242,0.030532568702201165,-0.28586947696971204,-0.8008341283810543,0.2156064811663236,-0.7278146897330229,0.27554800602683294,0.31303168438873674,-0.6418365190877617,-0.1942490811120865,-0.0882990454800096,0.1498824652938725,-0.7640082266360709,0.3508392064133391,-0.3632609969553943,-0.6824700733774832,0.2658717834865288,-0.11810608715799135,-0.5131431707024954,-0.47647090588117497,0.036965811633719696,-0.312188665931831,1,25,train
0.16303631182239148,2.6082742192713653,0.4633662612522548,2.360653990948486,2.1929373346000904,1.818958175577887,2.10874917659458,0.33712952681792785,2.270641793023918,2.624976339836014,2.110413995029853,2.03307875777616,4.507798997408086,0.18472970856770202,2.1795166129615673,0.5039118213952917,0.3893881200884043,4.695598994934822,0.3563087897716111,3.7584034879272448,3.08253880111583,0.43577378724746235,3.2308256637448918,2.8519417876644764,3.6634975846220623,2.9400573425125094,3.0002370329559236,0.26863504177401626,0.2610779389784488,4.7515350975806765,3.8214647280557217,2.7334156052285,0.42145178734573663,4.807520034440889,2.5335341189712413,0.9293233450152599,0.7230220553388963,3.1520568458398794,3.132423644727212,3.5411566479495713,2.9649006931365727,2.6192297739858765,4.81184428851368,0.3024243321690093,0.2508650662878767,0.3619284486184821,0.06754920654757973,0.30992263002486536,0.0080669405724407,0.5224472786591632,3.771759207425322,0.06210745406553086,2.4424724757773255,2.6269682754951993,5.356207583373048,3.1420938964975544,0.40257475636431256,3.2503124616468226,0.18842029616479977,0.3561356476800453,0.0512310647867402,0.33740832491840766,2.6554560110497785,2.8008890242140234,0.21561872034892116,0.09390360310030378,3.2909754494280556,1.0205825229613492,-0.48458099585174436,3.204539926724513,0.6206974076594745,0.2627483879318902,4.048465150996909,0.3566413552418338,4.724694457213858,0.4328392876576878,2.4248629769856938,3.6980999683929885,1,25,train
-0.49427072551587764,-0.22442653303279325,0.549198602541016,-0.23958661380781948,-0.3081362098022282,0.8885431479067664,-0.2757604688477951,1.1696770817620326,-0.3523430028945321,-0.5083663176679866,-0.41961725131463035,-0.314009644251962,0.27909202746091183,0.18472970856770202,-0.42698902773285813,-0.2283405105975425,-0.36104198216968947,0.06873228971491735,-0.349217011225415,-0.49293625081966824,-0.3260142227731877,-0.518762396159317,-0.5522479312005502,-0.409497936364254,-0.5546894638097074,-0.7263720678447168,-0.8930849178218172,0.07290925108864063,-0.4935908799274908,-0.12957100374315192,-0.47814338072586704,-1.0051700445231926,-0.6971240651731738,0.06557450758579284,-0.5085709559783764,-0.2726028662317043,-0.2447210003449635,-0.8834037036145416,-0.7049031287774359,-0.6584223691544939,-0.5502308158189056,-0.39040169338814323,0.08510830802030916,-0.4762268481577746,-0.2722512076651943,0.5968847484721687,-0.7218010771989604,-0.09320074643882834,-0.5775090115010263,-0.08219495506066295,-0.5946398418969113,-0.2682288171319739,-0.4387854149292396,-0.4303079849008374,-0.01832784435852756,-0.2869449818243584,-0.6858041560716512,-0.5178484349623329,0.2380192266886703,-0.4013592219886225,0.46216960573569876,0.12240918434655935,-0.2490553714244615,-0.3863659613452797,-0.23464316337353788,-0.831786894932,-0.49239100216415405,0.00019191096708566778,0.043651303439174324,-0.5909387649020781,0.3473756285997887,0.08354340084349599,-0.7943587662390084,0.21892835668310592,0.14158653278704889,0.09251266551448768,-0.8593709542462001,-0.37302743156002044,1,25,train
-0.20755675099245627,-0.01751621721231557,-0.12951268876085517,0.0766026437305473,0.17823055642860758,-0.20061567595468768,0.41511925585349246,0.3208918972002237,0.034325464148966346,-0.3990636668248238,0.016595032537866736,-0.057327234088157396,-0.17008777207824177,-0.10700177668236911,-0.5713835163508731,-0.2601775685102744,-0.17469356751499504,-0.06084157367513832,-0.008047257691641784,-0.5285495680028884,-0.7870070497745713,-0.22666389194740638,-0.47768012052488446,-0.7108266065190824,-0.7700029558410274,-0.4016546649094915,-0.608900833823442,-0.04126412681116181,-0.6892457589031047,-0.1825442482536431,-0.6696239037890147,-0.6190788884649913,-0.23555559071369772,-0.019814667567660274,-0.8488742355490116,0.10168117323555206,0.12558884239120735,-0.17188829094757785,-0.9357796358970101,-0.7300430965779742,-0.5995083603369731,-0.3262695160011778,0.08510830802030916,-0.44210269284464865,0.14843670495440825,0.16053733445817936,-0.8148423653972217,-0.2652000537300043,-0.2538055348889855,-0.332047117754806,-0.5004408776348834,-0.1856447493325977,-0.5311022782065157,-0.30414399334898556,-0.01832784435852756,-0.4811194725245149,-0.4384453123362049,-0.40817223422942606,0.20701989511125124,-0.2581512366781281,-0.12164652830213202,-0.312475440901043,-0.3802062157872851,-0.6311551373521854,-0.3638487473982435,-0.3995578686134146,-0.6922166950299398,-0.3540757342729765,-0.5152031581294788,-0.8575867447323468,0.456704340223663,-0.3240600992006948,-0.6949621522022393,-0.0021372462664310055,-0.050981027062817076,0.10314787245646269,-0.6142788698259095,0.23029032758619136,1,25,train
-0.20298152799474212,1.5720804948053226,-1.1149951257799657,1.542444947318502,1.6508410430719715,1.3206790375360073,1.7470660605283888,0.5334572303774419,1.4035670487445582,2.4367328856061223,1.8562729253070938,1.7238931273515772,3.6864416496793484,-0.19302516335867212,1.0280631268025242,-1.9702823935370175,0.2584405854661866,3.248690853745867,0.021763691646260727,1.8352843600333535,1.4108577415855605,0.665279754842535,1.4511405822856696,2.1192995308174427,1.7843980178032692,1.345242755944568,1.6550990353636144,-0.19349529734423174,0.1333033241372315,3.570988505632588,1.3061069478171001,0.9979167453233178,-1.5828365431900062,2.923265569388023,1.316692088991394,-2.4128749792416495,1.3155178037167699,1.1714952866997494,1.440656135661366,1.0962854527207706,1.760338493806035,1.7626071188885524,2.8308187072851436,-1.6736744800547412,0.3130537142403397,-0.2128753563807153,0.022529228387130677,-0.5984487116066578,0.16810012002109007,-1.6862458395570612,1.5885596827642054,-0.3574196103553002,1.592185577170835,0.9692321074301697,2.7807956829778155,1.1301156630725286,0.3531029876172233,1.6090864578222528,-0.35716793959777593,-1.3661288072382691,0.3459731907087518,-2.2474677060476784,1.0816458786958951,1.5619560517709088,-1.9456383215188824,0.17674749981136598,1.439257362205108,0.8783764963509018,-1.0357799168509638,1.791872969751387,-0.5454755163285182,-1.4028038450073033,1.8672616763011425,-0.12173011343585262,3.9865188111227057,-0.4020244572873499,0.8107565353034942,2.52188383291466,1,25,train
1.3571695142257898,-0.3393767084886142,-0.17083937160359206,-0.776276274629521,-0.6948653398954969,0.2520981131807075,-0.5378182954586284,-0.6799365465091789,-0.30882187673379197,0.7850483839761068,-0.6509994192711723,-0.5298562164351612,-0.2599237319860725,-0.4062135564260318,-0.24927273404914732,-0.20105160381520085,-0.16965712387567897,-0.25520236876022184,-0.5910169336328465,-0.12344808504375852,-0.27479279755081176,-0.330984786308803,-0.06507156811953396,-0.492215610524403,-0.33448248332313013,-0.5701788866860008,-0.22998872182560823,-0.2587372275726903,-0.38178809194142566,-0.4171400453715325,-0.2039780863399965,-0.3820724362312438,-0.40188657250089627,-0.42968270830423516,-0.725127588432417,0.18075526608074707,-0.4817192996961129,-0.35773186888297887,-0.26703389113686404,-0.38170592229104783,-0.2655161141589603,-0.13845385365363627,-0.7019357152217282,-0.25907313252879105,-0.19542993666509292,-0.4981794347744775,-0.10952937421685321,0.9549200323667753,-0.13741776801724054,-0.2920707717237431,-0.3009607180211773,0.0654108167775059,-0.10352943776439474,-0.4831208185737056,-0.3729926187773625,-0.3984920296733845,-0.2515519637360899,-0.15748377541135336,-0.6392618569522895,-0.2242335559466952,-0.3597074761622183,-0.41020232297915593,-0.36741101145920474,-0.6261594398826568,-0.20332059754936682,-0.10780327584836942,-0.3058870221560874,0.017655808971877466,-0.6530028883792837,-0.5285317908992492,-0.22356319876933273,-0.2959495129907506,-0.07649433152900928,-0.15797037621446525,-0.33983236683761603,0.03401902733362517,-0.4287091487648324,0.09340310492276517,1,25,train
-0.41801700888730814,-0.5134441170360002,0.14387921312186577,-0.42403034737186673,-1.0089772097529117,-0.321143373062163,-1.3997936259636832,0.32679648978847975,-0.5180580601988884,-0.5083663176679866,-1.3356630474048743,-1.2629567363726941,0.33042686169395796,0.3642567764138996,-0.24557031126407003,-0.36023689337886045,-0.6783379314466016,0.7867874493348092,0.018451363942049336,-0.04776978602941556,-0.09784605587351303,-0.675243737701412,-0.08495631763304483,0.41177039994008213,0.05210310464219443,-0.1262614244454397,0.10629577757246915,0.5894078653972707,-0.8529569841684144,0.5136755367413837,0.15287197936859692,-0.4432353916464044,-0.4850520633944956,-0.019814667567660274,-0.3641998676756827,0.2071132970291454,-0.06203481126178589,0.05112400257490333,-0.1476150081439808,-0.4403046992738952,0.06300084929482265,0.2692435597349295,0.35789061153033347,-0.5879059019098233,0.04600834362093982,0.4836022467569983,-0.6617744396516949,0.20779804132072963,-0.5302264812093799,-0.47196432886352613,0.2642330675509899,0.052197365929605714,0.3580548786219859,-0.2249247428396833,0.19992740143767854,0.01051381243971115,-0.5208982602480203,-0.13789873956619142,0.07992263564383303,-0.3485983852952825,-0.36537559396841085,-0.4346340434986842,-0.13389853247173833,-0.3214218942414067,-0.43040919977460707,-0.44998458835058286,-0.10162075833772864,0.1873051038755692,-0.7984581591985221,-0.3866977590746382,0.7786166577828484,-0.20459010780843198,-0.0378400927369324,0.21530433040524466,0.7385459683216333,0.45410970154163777,-0.3901946783559296,0.23029032758619136,1,25,train
-0.40581641422673703,0.6705426901589554,1.9574847947973575,1.400991858419759,1.6694175515043994,1.200151340428532,1.4265325205415844,1.7867070072347913,0.7373590405916908,-0.7026821413891648,1.4636818698398462,1.3038673652653516,-0.7091035315252262,-0.0883010404483902,0.4467827495453867,1.863809009381984,1.7744101209003222,-1.1352248576176833,-0.38234028826752886,1.3055362669329527,0.3771162507339731,1.891050263588946,0.5712404163128137,0.7485495018778315,0.2038012467551699,1.2260426966392322,1.1672496911664034,-0.47077350081518055,1.994021152762458,-0.7652499378690459,0.1572238094382139,0.13781268479762152,0.4713510818818962,-0.3841418148890602,0.883578824083313,-1.1055166442010917,-0.9260911109795179,0.1944890484107841,1.213760257974888,0.22055928558821739,1.251137200452671,1.3869757941934693,-0.9031685620733854,1.524689531566431,-0.5941689147132379,-0.4394403598110559,1.2440713024739818,0.28304773826061913,0.4590695372004525,1.7966933083992926,0.20882191210273823,-0.43339695273072626,1.2374944708949847,0.7579807727386969,-0.2529522335894491,0.4153882824102503,2.408929822218488,1.0607054541577188,-0.47806533274971036,0.6877751926096113,1.199024920540728,2.052515105389289,0.3203312211751142,0.9724637503665235,2.126295235623356,0.6774127886303941,1.163941963145581,0.576500545125215,2.2867246902832203,0.991929030260581,-0.4968849778290185,1.418796245815845,0.0449904189603752,-0.22682687549382918,-1.0330755822971334,-0.30098999133858745,0.16651448482730186,-0.8394579680428059,1,25,train
0.04408051388182306,0.5046860084298423,0.19792179837775248,0.26104637729459457,0.6578422286840151,0.059547767801692006,1.017202526909787,-0.058478176595228304,0.6268823357221198,-0.4941974555216507,1.0104004096626862,0.8605068386187802,-0.548682174546957,0.05382455492984958,-0.32702361253577084,-0.3329479865965188,-0.18980289843294323,-0.34698385532817794,0.14431981670208216,-0.23028803659341918,0.1815435362485376,-0.002373969070403574,-0.04021563122764538,0.05726608211087228,-0.2610801564942711,-0.3317787680753291,-0.32471674982506665,0.19251945650748128,-0.6772668887617406,-0.4171400453715325,-0.3998104394727612,-0.4776395540674323,-0.07754115801585908,0.11111540100096783,-0.5859126104262481,0.42324915080601183,0.05646433841378879,-0.04445269464901718,-0.6531549461471865,-0.5640132284599064,-0.16148574239859573,0.15930268421441737,-0.2547516111069342,-0.48863563190800224,0.02040125328757271,0.09760261128308476,-0.5807384789628867,0.10029847426374464,-0.33745924232805224,-0.2820766852159774,-0.323125180200478,0.17111842356070742,0.12969211156767124,-0.427373938585678,-0.2529522335894491,0.13032360457385028,-0.4879170810832941,-0.18490282559458007,-0.04717462382358518,-0.06971967705905649,-0.3200306515188706,-0.3417935055244769,-0.1914769519480999,-0.6661250196388863,-0.3168648986619869,-0.2734910692704938,-0.08385847452743658,-0.029746199898271698,-0.5343420095530628,-0.8405666609133935,0.38989234978685094,-0.15891040521727268,-0.20902315024470144,0.1102075683472681,-0.827670185123943,0.28926399394102525,-0.5197433515495118,-0.033344323469296125,1,25,train
0.01967932456068082,-0.14724570094102776,0.8670961628697612,0.12098008338505492,0.007664433549043622,-0.668027964737336,-0.45768491046192733,0.14670641584666985,-0.0025001041408906424,-0.5326557956331338,-0.6263439423577702,-0.4306834670536913,0.2919257360191734,0.04260411318946223,-0.35294057203131196,-0.40117025355237296,-0.547390396824384,0.26849199577458654,0.12775817818102522,-0.8891344044829932,-0.6845641993298193,-0.3257687415907332,-0.6119021797410827,-0.598566905873166,-0.637878767549081,-0.2988959930945468,-0.547327615623794,0.21970359410267234,-0.3418585248035453,0.36989101592719337,-0.7131422044851846,-0.46234881521364213,-0.22723904162433778,0.10542278932407095,-0.4106048603444057,-0.38857820240465696,-0.37803254372998507,-0.378971134932739,-1.0034503362596439,-0.5509912780192737,-0.5995083603369731,-0.5919599651757488,-0.13848374403708777,-0.30250387565458775,-0.0930015753316245,0.01788529526129826,-0.47869319513253544,-0.023326027851788087,-0.33745924232805224,-0.09218904156842868,-0.36745410455907934,0.06210745406553086,-0.3561861162074662,-0.5564719764526892,0.052605110525239425,-0.6422429860842193,-0.8177288727305558,-0.5178484349623329,-0.08127388855874615,-0.30714344217908673,-0.2633494734569453,-0.4004296347713447,-0.44418223742768687,-0.6711207171084149,-0.4421551619586712,-0.28429679492845844,-0.6788949821722207,-0.1569831710760405,-0.4424755227198595,-0.15976330815526057,-0.1628250256449581,-0.7140944828636705,-0.5513892652602395,0.16819198879304828,0.3662486859452258,0.0021134065077001627,-0.4882315121240458,0.3519678588425702,1,25,train
-0.48969550251816346,0.5720139683396803,0.9131913091174293,0.3359333067115762,-0.0396212242789543,1.0561060438854517,-0.5204921581620444,1.2759597483506417,0.31386500525833533,-0.5103904408317489,-0.290650141306066,-0.08649568978858974,0.2534246103443888,-0.09952148218877754,-0.31221392139546156,-0.1191848834681759,-0.2653495530226842,0.3386778384442,-0.3392800281127808,-0.5864212084256213,-0.5541823896728624,-1.014286644375951,-0.33351568655193065,-0.8230863071649989,-0.6231983021833093,-0.2290200962603844,-0.6373192422232794,0.26863504177401626,-0.5454993172067353,0.17313325060251186,-0.3998104394727612,-0.2597465254009226,0.05968190195857974,0.01434100249372097,-0.8952792282177345,-0.24097322909362634,-0.46690690598666607,-0.47454783215665947,-0.673058093312667,-0.52169188952785,-0.7582915593396349,-0.18426255178718298,-0.031159559049537242,-0.15980286252696999,-0.3307816998557476,0.1689286308815253,-0.2325839811887473,0.3582974352005086,0.3063105931812872,-0.691834232034372,-0.6722154595244636,-0.23849855272419848,-0.2590104706524387,-0.16917786285165576,-0.35662347534264704,-0.299339098252028,-0.4879170810832941,-0.6980307647378227,-0.16497208381777764,-0.15639819448382944,0.5415232550223942,-0.5274745814728914,-0.2970373876547628,-0.5712067677178412,-0.4460704826866926,0.06148642612640987,-0.5279155697847382,-0.04222041275883727,0.30776745308463366,-0.9540338863730823,0.53566396528535,0.41032896553409726,-0.4243824806577012,-0.009385298822153528,0.17368112609535988,0.19886473493423773,-0.32717099950499773,-0.6214523912084606,1,25,train
0.32164404240981603,0.8281886450697956,-0.5745692732210985,0.8171511679651431,0.09885820221732533,0.3696861103587322,-0.21078745398560506,0.3386056749649919,0.603447883174029,1.9003402472091198,-0.025129620700198203,0.09045960812736645,0.6512695756504963,0.13236764711256105,-0.08636613150574575,-0.1601182436416884,-0.3660784258090055,0.32248110552044307,0.17413076603998467,-0.3237729941993722,-0.07922008306537631,-0.4613859042605489,-0.26889025063302036,-0.7403686330048499,-0.5204350446229066,-0.17558558691661316,-0.6136372352234148,0.02397780341729673,-0.38977400536900175,-0.06903015287401917,-0.39110677933352717,-0.24827847126057995,-0.8135557524242127,0.8796179773820458,-0.9159036694038337,-0.8893807904242254,0.5403358662557187,-0.3683515019078589,-0.4063559212952278,-0.05615716127522878,-0.6542611875792702,-0.055998197013252184,1.399829574117803,-0.8205705972265915,-0.06007817347443821,0.026276591684644208,-0.27460262747183306,0.18092314955648336,0.12809182515892772,-0.26708555545432877,-0.6777565750692888,0.07532090491343105,-0.06951796182013512,-0.1515735849606997,1.14388133950627,-0.43567437895639316,-0.16360215263015343,-0.306330047834584,0.25971875879286366,-0.7179242421486628,-0.025288525596858978,-0.17565780599168498,0.01644511838320582,-0.5012670031444395,-0.43040919977460707,-0.06818228176916576,-0.5545589955001763,-0.0846327364847602,-0.7908026186290885,-0.4264112879855293,0.25626836891322674,-0.49272361646035995,-0.877189277936316,0.09571146323582304,0.4753703031934832,0.2148175453472002,-0.47422625015717207,0.7676994239685313,1,25,train
-0.18010541300617125,-0.1538142823956461,-0.5586743952046613,0.3914051062797107,0.8537399539714351,-0.5901259166068946,0.5277391482812885,0.6249784154954109,-0.03765178296302686,-0.5225351798143225,0.33901280755927765,0.26158121490323616,0.09300325336611963,0.12114720537217369,-0.5269544429299455,-0.6968000770277408,-0.4164428622021662,-0.1094317724464092,-0.1339157104516746,-0.4261612811011304,-0.568151869278965,0.04457043339222492,-0.6317869292545937,-0.6635593641418545,-0.5302220215334211,-0.9647721864553883,-0.2678799330253916,0.04572511349344958,-0.1062740786900509,-0.5836273852616476,-0.8219379562256094,-0.3820724362312438,-0.21476421799029788,-0.053970337629041513,-0.9468403311829824,0.7500887345661512,-0.5014691579753754,-0.6444619605547404,-0.42227843902761225,-0.5542467656294319,-0.3804970513677844,-0.16135820272040963,-0.1653147902839754,-0.7492200906627825,-0.0637363292363478,-0.07441896539550716,-0.26559863183974325,-0.12007563820307458,-0.54841206978309,-0.8217573566353263,-1.0600935476622255,-0.1228808578050718,-0.33675098709646073,-0.5740762543436453,-0.22567032786492336,-0.6918194517948976,-0.24055823734784784,-0.5060974134552357,-0.08127388855874615,-0.20915903117716947,-0.3852140062900847,-0.6545195281744381,-0.4185918287715262,-0.8759443133590912,-0.8258565933047667,-0.40315977716606943,-0.4302230088281318,-0.14949864335970117,-0.6836250506570181,-0.9994207765569578,-0.12638212177033334,-0.0745786465874401,-0.7667485956732392,0.0159828851228753,-0.22429183092769645,-0.1520970941509374,-0.47422625015717207,0.18973115050073175,1,25,train
-0.2487337579718838,0.0399588705155949,-0.525295151370143,-0.003831465643247753,0.17823055642860758,-0.4078645209809563,0.16605603221509727,0.22937071208225474,0.02093434840720017,-0.33024347925690645,0.12090666563302908,0.03406726043986393,-0.09950237500780335,-0.024718537252861876,-0.9971621366347637,-0.5967407521591548,0.05194639625422791,-0.06084157367513832,-0.04448286243796708,-0.524097903354986,-0.6892206925318535,-0.39879336764371087,-0.6814988030383708,-0.48630720522724946,-0.4372457408835329,-0.545516805450414,-0.8694029108219525,-0.019516816735008963,-0.44168244264824624,0.06718676158152954,-0.5608281520485898,-0.6037881496112011,-0.42683621976897607,-0.053970337629041513,-0.8076253531768134,0.08586635466651306,0.3132124960442006,-0.4639281991317794,-0.8720895649674724,-0.6877217576459177,-0.7473409938911754,-0.7248051897630342,0.04038989760882978,-0.3087082675297016,0.15575301647822742,0.1059939077064307,-0.49670118639671507,0.10567345261659389,-0.34473347775753627,-0.17214173363055443,-0.6445098818003379,0.08523099304935619,-0.5213847136510129,-0.3774951512279692,0.1617327334233425,-0.687688079652341,-0.43294844914208386,-0.5922715711739482,0.005524239858027248,-0.38251606602671534,-0.1811617652671536,-0.1561124295760624,-0.5017606569040485,-0.45131002844915263,-0.5713607459833768,-0.3491311488762463,-0.5545589955001763,-0.2941995125422618,-0.31233133303948823,-0.5058383458073115,0.2501945516007893,-0.021871297443794735,-0.9268875849547006,0.29865693479605365,-0.12158913234110127,0.18822952799226272,-0.43571177974826925,0.4381561101491719,1,25,train
0.2697915151023888,-0.34266099921592336,-0.8527296385087508,-0.5599362563137963,-0.6239368531535001,-0.11389452803589446,-0.7608923131521476,-0.4422766948318724,-0.3941902395875514,-0.5873071210547153,-0.7534144772191499,-0.6620865489437878,0.5229324900678809,-0.006017801018882958,-0.401072068237317,0.1127708241817281,-0.3358597639731091,0.7489950725127096,0.08469791802627714,-0.363837976030495,-0.42845707321793963,-0.4666019489786187,-0.3782563729573301,-0.49812401582155647,-0.3051215525915865,-0.2865649524767534,-0.49522720022409183,0.06747242356960242,-0.417724702365518,0.24124170783028623,-0.5695318121878238,-0.21769699355299962,-0.03180013802437947,0.4299016549071928,-0.2610776617451872,0.4601503941337695,0.17496348808936346,-0.18781774048489794,-0.32276270320020956,-0.17986569046124,-0.2819419623316495,-0.2667182084275671,0.46074295547673605,-0.21254019346543743,-0.1734810020936354,-0.01567989043208553,-0.49670118639671507,0.11104843096944314,-0.3156365360396,0.1276808616024172,-0.3397485268349535,-0.17243129848469751,-0.4387854149292396,-0.30414399334898556,0.5545921758565134,-0.27868223753924537,-0.16909901582427447,-0.2749939904823249,-0.12157301960939094,0.11494325136763367,-0.18399582417024987,0.23968144284029483,-0.17868174762001957,-0.7210776918037018,-0.20723591827738821,-0.23026816663863528,-0.3014464512035144,-0.21186970766252902,0.12786224970294396,-0.5228584296262648,-0.21748938145689525,-0.06403717675871103,-0.41886044654454735,-0.13622621854729766,0.5459784084717674,-0.10955626638303737,-0.20462495729485244,0.08833320778708273,1,25,train
1.8085915166669213,0.565445386885062,1.920926575359552,1.8350586900404116,1.6930603804183983,0.05513821790751608,1.134153953661729,0.5246003414950577,-2.3911403745784328,1.303223913899249,1.4390263929264442,1.4691552809011348,2.062977517059265,0.6522481144171749,-3.0001728633615876,1.9365794274682284,0.4044974510063525,1.753192513785641,0.8664072562201652,1.8753493418644762,-3.236322474044549,-0.028454192660752737,-3.6940383543352673,1.3984740845647161,-0.1827843412101547,-0.28245460560415564,1.8729734997623686,1.9594884001949,0.14528219427859562,0.975299524618521,0.10500184860280999,-0.09537108272267837,0.46719280733721624,-2.4448672419257287,-0.7663764708046152,2.004731007709912,0.7230220553388963,-2.7046707673814714,1.7989127846400157,-0.2710193435456693,1.4427720958007113,1.657247113181395,1.7531050163684903,1.9527925709492844,2.321381227528703,2.438774313396604,0.09155986156648589,2.0191657462309265,0.12809182515892772,1.5868174917362126,-0.15135059831089775,0.052197365929605714,1.2180593417839791,-0.46845058699790887,0.21084016372748884,-3.612699556582358,0.21018454457007654,1.6247544864983823,2.4079724371080053,-3.2466757722366038,-0.2633494734569453,2.3359230634158163,-4.1643878958170495,-0.7160819943341731,1.9422751614063511,-1.3468598179616476,1.163941963145581,0.8958403943556935,0.28097306109161607,-0.7100793516347513,2.813345457449398,-0.22567304746589012,-0.19245704790523993,-2.7527731911631284,1.4831405330744485,2.618374314233551,-0.4637223036820168,-0.06883360341907328,1,25,train
1.5478038057972137,-0.03229552548520683,-0.13587063996743007,0.26936714722981475,-0.13250376644109307,0.2491584132512569,0.0837568800563232,-0.1057149173012768,-0.034304004027585315,-0.33024347925690645,-0.24513233777363153,-0.1798347480299732,0.22134033894873495,-0.12196236566955225,-0.304809075825307,-0.3556887422484702,-0.3660784258090055,0.09032793361325996,-0.2067869199443252,-0.6487445134962567,-0.6193732945013408,-0.32055269687266336,-0.6417293040113491,-0.49812401582155647,-0.34916294868890196,-0.6071720085393809,-0.5378548128238481,0.5567869002830415,-0.6612950619065885,-0.1749766418950015,-0.4128659296816122,-0.5311571400556978,-0.13991527618605853,0.06557450758579284,-0.6477859339845453,0.2071132970291454,0.23915052749696641,-0.3524220523705388,-0.7009224993443397,-0.5347138399684828,-0.6816376012004188,-0.28962255749434046,0.19690433404900765,-0.6375410369107338,-0.345414322903386,-0.14574498499394772,-0.6227571252459725,-0.38882455584553705,-0.4502098914850552,-0.4469791125941118,-0.6112631885313868,0.20084868796848285,-0.38048002759622307,-0.2953418544035076,0.08534339739467034,-0.6670312189395584,-0.3449986380361474,-0.4708443489339442,0.18842029616479977,-0.38251606602671534,0.00021800453100741436,-0.19520318240730755,-0.36101340929516457,-0.6061766500045419,-0.4421551619586712,-0.2915006120337682,-0.3458521607292445,-0.08213789391264709,-0.47309768499759397,-0.7668129643645958,0.061906214915227985,-0.3381153923056669,-0.19245704790523993,-0.023881403933598572,-0.12800805100276347,0.18822952799226272,-0.4707249346654536,-0.013064734926566316,1,25,train
-0.47444475919244955,-0.37386176112536046,-0.5348320781800054,-0.623728825817151,-0.7269520362787812,-0.8179526611393174,-0.6872562296416656,-0.6814126946562429,-0.2887352031211427,-0.4537149922464052,-0.6927240725092373,-0.5609692358489557,0.5229324900678809,0.15480853059333574,-0.43069145051793545,-0.13282933685934672,0.006618403500383317,0.3872680372154709,0.2635636140536922,-0.684357830679477,-0.23754085193453836,-0.10147881871373039,-0.20426481471411004,-0.28542142512403057,-0.5840503945412511,0.025821409840678416,-0.7367836716227107,0.23057724914074876,-0.2619993905277845,0.3925938350031182,-0.35194030870697424,-0.46234881521364213,-0.12744045255201863,0.3331272563999459,-0.1527993455181669,0.3336318455814574,0.20458827550825714,-0.384280951445179,-0.5337360631543032,-0.4696040877653189,-0.39692289954047355,-0.31710777637446846,0.04933357969112565,-0.06983918033781966,0.09722252428767404,0.3493415039834632,-0.28660795498128616,0.3045476516720161,-0.07194964915188398,-0.11217721458396011,-0.14580948276607258,0.29994956932773426,-0.07923552637563787,-0.019541500778529217,0.23266568830710946,-0.1547410732625497,0.050775511940566696,-0.5961885783429806,0.3620165529983466,-0.16016682567621085,0.1589253031043983,-0.23918027934245836,-0.3546158071311244,-0.236495037259419,0.023768004675873384,-0.14022045282226334,-0.5234749988321652,-0.05219978304728972,-0.1860149136438338,-0.38102439780165376,0.31700654203760137,0.1713889827495716,-0.501690958241855,0.14282380484801943,0.3534108486219014,0.5285561501354629,-0.20462495729485244,0.33675816743552284,1,25,train
-0.01234723642331837,0.24358489560876342,-0.08818600591811827,0.28046150714344165,0.33190894436960083,0.23299006363927852,0.11624338748741823,-0.10719106544834081,0.24690942654950443,-0.4314496374450202,0.2081491224035285,0.19741061236228502,-0.009666415099972629,0.30067427321837126,-0.5121447517896363,-0.49213327616017843,-0.5725726150209642,0.20370506407955868,-0.047795190142178465,-0.6264861902567441,-0.6193732945013408,-0.675243737701412,-0.48762249528163987,-1.1066897614283666,-0.7014941174674255,-0.2290200962603844,-0.5615368198237127,0.1544616638742138,-0.5255345336377951,-0.21281467368820947,-0.40851409961199514,-0.9554751432483747,-0.4892103379391755,-0.0027368325369696513,-0.6168492722053968,-0.09863986197227531,0.35271221260272545,-0.3683515019078589,-0.8322832706365113,-0.5542467656294319,-0.9006489101696075,-0.6011217048024581,-0.0714061284198687,-0.5692927262844819,-0.11495050990308202,0.2989937254433875,-0.6737797671611481,0.12179838767514163,-0.4538470091997972,-0.18213582013832016,-0.6611332284348134,-0.0039598001739700895,-0.9926865945928963,-0.38042919754312854,-0.06743527466267393,-0.42328026252872364,-0.3779798172008736,-0.25149194746813064,-0.186671615921971,-0.13378640732954084,-0.1811617652671536,-0.4053159788752503,-0.46977264608384756,-0.30143910436329197,-0.40691727540647876,-0.4319750455873085,-0.6167269888361985,-0.45885912230172726,-0.3927145090185411,-0.43775801053149815,0.49922106141072525,-0.3767674483443402,-0.6176536746180856,0.17544004134877078,-0.07023778304780368,0.37434564947682525,-0.4462157262234246,-0.1195325747758978,1,25,train
1.0811310600303683,0.03174814369732198,-0.4855579563290499,-0.027406980459704928,0.36399564075288515,0.02868091854246052,0.5580598885503106,0.44488834155360096,0.11969382700272573,-0.3423882182394801,0.5134977211002765,0.28491597946358205,0.0224178562956812,-0.14814339639712273,-0.4788229467239405,-0.369333195639641,-0.3157139894158449,-0.17961761511602267,0.2602512863494808,-0.8001011115249427,-0.6147168012993066,0.15932341718976123,-0.4031123098492187,-0.49812401582155647,-0.9461685402302892,-0.5003029898518383,-0.5425912142238211,0.3338769720024748,-0.28995008752430074,-0.6366006297721388,-0.5564763219789729,-0.504398347061565,-0.40188657250089627,-0.4695309900425133,-0.518883176571426,0.1438540227529894,-0.21015874835625423,-0.41083003400737916,-0.7725738291400697,-0.5835461541208556,-0.3147936586770278,-0.24381385936079372,-0.08034981050216457,-0.5072488075333437,-0.5356384225226845,0.2989937254433875,-0.6017478021044296,-0.36732464243414004,-0.311999418324858,-0.5019465883868233,-0.5780164952624358,-0.1096674069571716,-0.22014021243042772,-0.34815468807637573,-0.21475756557511305,-0.5430900546628628,-0.1745958790183955,-0.5374334708074948,0.12022176669447783,-0.30714344217908673,-0.14998711733309467,-0.4395203876025898,-0.2906397854907226,-0.6911035069865297,-0.5674454252553555,-0.35273305742890115,-0.35917387358696357,-0.1944058096577372,-0.7219027535041861,-0.4831449007153737,0.35344944591222616,-0.34514303885815295,-0.6949621522022393,0.43274590707692034,-0.3847647974692514,0.25735837311510024,-0.6597959712182492,-0.14488206045431007,1,25,train
1.0628301680395116,-0.10619206684966313,-0.16607090819866088,0.21389534766168022,0.19174074437946412,-0.06391962923523396,-0.139317137637196,0.3592717490238881,0.009217122133154764,-0.48205271653907705,-0.032715921288937286,0.08851504441400429,-0.054584395053887985,0.038863965942666445,-0.6565392404076513,-0.18740715042403003,-0.2703859966620003,-0.15262306024309444,0.24037732012421248,-0.4261612811011304,-0.25616682474267505,-0.32055269687266336,-0.45282418363299587,-1.1657738143999017,-0.8825531903119447,-0.4715305617436538,-0.424181179224498,0.26863504177401626,-0.7132034991858329,-0.2657879181987006,-0.5912909625359088,-0.546447878909488,-0.4559441415817358,-0.3613713681814727,-0.4106048603444057,0.038421898959396045,-0.0669722758316015,-0.6338423275298604,-0.7566513114076853,-0.5314583523583245,-0.4133487477131627,-0.5095043085353647,-0.049046923214129,-0.6406432328482907,-0.40760297085584896,0.38290668967684693,-0.5897424745949764,-0.39419953419838627,-0.4429356560555711,-0.42699093957858036,-0.7553321926968412,-0.1658245730607474,-0.5894076655395322,-0.36869301228249113,-0.11108632382191515,-0.5100390775224106,-0.3285080484537843,-0.40817223422942606,0.22561949405770268,-0.22800218713907663,-0.3171965926157744,-0.2880437203815148,-0.49536305474000825,-0.8309830361333329,-0.5165462557910775,-0.4896055824297865,-0.6433704145516366,-0.2068800225183028,-0.802285929483239,-0.7044059903617669,0.377744715161976,-0.3170324526482088,-1.2029892906123925,0.17906406762663205,0.058140590185440294,0.24140556270213773,-0.3971973093393665,0.18973115050073175,1,25,train
0.5138034083138111,-0.09633919466773563,-0.1676603960003046,-0.6362099807199812,-0.5986052507456441,0.3432288109936767,-0.7002508326141035,-0.696174176126883,-0.19667128239650025,-0.45776323857392975,-0.6339302429465093,-0.5940268189761124,0.5806841785800578,0.008942787968300177,-0.34923814924623464,-0.27837017303183553,0.3440601273345597,0.39806585916464216,-0.24653485239486186,-0.4795812568759607,-0.30273175676301683,0.2010517749343199,-0.7809225506059252,-0.30314664101549105,-0.6623462098253674,-0.5249650710874251,-0.7794112842224671,-0.16087433223000247,-0.006450160845349902,0.37745862228583493,-0.35629213877659127,-0.2673918948278176,-0.36862037614345655,0.09973017764717408,-0.5446637280540498,0.3599898765298558,0.15521362981010103,-0.4426889330820193,-0.33868522093259396,-0.43053823644342065,-0.4954779885766084,-0.50492343872201,0.2237353802958953,-0.4172851253441934,-0.14055760023644912,0.09760261128308476,-0.3256252693870087,-0.6199486250180548,-0.3156365360396,0.14267199136406578,-0.4284063755521562,0.05550072864158076,-0.07437674409788649,-0.427373938585678,-0.001958700923812104,-0.29107635396691495,0.17720336540535037,-0.14181574673522382,-0.1370726853981005,-0.06971967705905649,-0.2775197679724266,-0.22940759113464707,-0.5529414742163699,-0.6611293221693575,-0.4108325961345001,-0.10780327584836942,-0.13714532595831277,-0.09710694934532578,-0.31998687360892186,-0.6817125452698292,-0.1628250256449581,-0.35919833196312506,-0.8882333461626236,-0.005761272544292266,0.5523973271334296,-0.1574146976219249,-0.46022098819029833,-0.1398121633186276,1,25,train
-0.6803297940895872,1.393086650166973,-0.9973730284583299,0.6867924389800271,0.2846232865416029,0.7459677013284114,0.27651015748082036,0.30613041572958355,1.0855280498776114,2.1027525635853475,0.615912779048254,0.6213255018752349,1.3763741091922728,-0.5745201825318421,0.4171633672647682,-0.8014075530267171,-0.038709589253461275,0.5924266542497256,-0.04117053473375568,0.023456848337024872,0.13963509743023003,-0.581354932776155,0.10891999012368611,-0.14952810328950014,0.1989077582999126,-0.28245460560415564,-0.3531351582249042,-0.13912702215384962,-0.38178809194142566,0.5590811748932332,-0.008145733207231824,0.25631591091449524,-1.470563130483647,1.8815176325158955,-0.2920143235243359,-1.8382699045665656,0.44158657485940644,-0.32056315329589863,-0.30285955603472897,0.282413550181223,-0.4407251613343113,0.026457459627131905,1.203068568307294,-1.1369945828573962,0.6239969540026546,-0.07861461360718014,-0.3946559025663639,-1.5229449882967285,-0.075586766866626,-0.39201163680140033,-0.24000844702810045,-0.2979590815397493,0.13940967612317398,0.024469193948860945,2.005989560401284,-0.08863911898164537,-0.11962724707718521,0.0031135185189744632,-0.21457101434164816,-1.147548198080146,-0.1726595885578648,-0.7620190984603624,0.1827827746482504,0.003298441277958037,-0.6183445947196334,-0.05377464755854624,-0.3724955864446826,0.29208849190432,-0.5841030232543812,0.05015105894516375,-0.10208685252058348,-0.8792441768470927,0.16095313533660582,-0.21233077038238415,1.2841540545629202,-0.09360345597007487,0.1420052763852728,1.2138503719085871,1,25,train
-0.00624693909303281,0.4258630309744223,-0.5062212977504184,0.32899933176555934,0.7051278865120131,0.8356285491766553,0.5753860258468946,0.31646345275903165,0.28038721590391985,-0.44157025326383154,0.5988436027235912,0.522152752493765,-0.35617654617303396,0.01268293521509596,-0.38255995431193046,-0.8468890643306198,0.12245660720465283,-0.17421870414143703,0.1012595565473341,-0.711067818566892,-0.21425838592436747,-0.31533665215459356,-0.3782563729573301,-0.3090550463126446,-0.40788481015198924,0.15324216289120982,-0.32471674982506665,-0.20436895238230818,-0.09429520854868678,-0.5382217471097981,-0.495550701004335,-0.14124329928404883,-0.40604484704557625,0.03711144920130847,-0.018740477808522754,0.6393850045828782,0.05646433841378879,-0.26215517165905833,-0.5138329159888227,-0.43704921166373706,-0.22718913508935232,-0.3125269065611138,-0.14295558507823572,-0.6499498206609615,-0.08934341956971491,0.16053733445817936,-0.49970251827407836,0.25617284649637284,-0.2283457108857913,-0.546919977671769,-0.40070079782803036,-0.14930775950087216,-0.2541516883746874,-0.2190566502093646,-0.2202139467200182,-0.27041949325413234,-0.10863352068894315,-0.5256824493003976,0.1450212319564131,-0.5068808953753026,-0.14998711733309467,-0.7717917866681736,-0.15309133896385885,-0.20652085244224688,-0.6183445947196334,-0.14022045282226334,-0.39025787025497466,-0.07215852362419463,-0.6530028883792837,0.0841912265830704,0.21982546503860198,-0.5700277285377064,-0.3581180712998551,0.15369588368160322,0.15442437011037327,0.2094999418762127,-0.25014205868719214,-0.3071187687961486,1,25,train
-0.0016717160953186399,1.5753647855326318,0.6239045292182712,1.3968314734521488,1.1560304093718503,0.482864557642581,0.33282010369471837,0.9969677485555427,1.2746775597300586,-0.41728077529868424,0.9231579528921868,0.8080036183580019,-0.40109452612694935,-0.14814339639712273,0.6096893520887883,0.29924502052772933,0.23325836726960628,-0.471158807743648,-0.07098148407165819,0.8069498263678696,0.4329941691583832,-0.14320717645828906,0.461874293988504,-0.468581989335789,0.546345438623179,0.03404210358587399,0.006831348173037805,-0.09019557448250573,0.48867647166436706,-0.44741047080609886,0.8143501499503799,0.13399000008417397,0.3382862964521373,-0.5207644951345851,-0.44154152212355435,-0.061738618644517636,-0.2644708586242259,-0.07100177721121732,0.6922978022392979,0.8586348571792227,-0.16696102512282543,0.46622096170918037,-0.5096465504523667,0.19694967029207444,0.07161543395430693,0.0011027024146063658,0.5057436606426172,0.06804860414664915,0.7718616606682671,0.037734083032525706,-0.023904940779918865,-0.04690351542964571,0.05195159512364925,0.003930869742745536,-0.678549962892051,0.6260882616806329,0.4410527987231598,0.36347817806995397,0.12952156616770355,0.3485983852952825,0.27228765922824893,0.127295528450465,0.6721993401973239,-0.10161120558214443,0.09424377778025828,0.5693555320507477,-0.026131052143987372,0.27711943647164133,-0.07883734567176334,-0.04629608269557174,0.03761094566547814,0.1432783965396274,0.5309294209179131,-0.04562556160076614,-0.7249674865373479,0.1350534932823877,-0.0960841770515809,-0.08404329482612065,1,25,train
-0.33108777193073885,-0.11276064830428148,-0.39177817603207005,-0.08426557501704281,0.18836319739175,-0.07567842895303643,0.7378185630023698,-0.23561595424291015,0.03599935361668712,-0.5083663176679866,0.39022033653326643,0.11573893640107448,0.06733583624959658,0.12862749986576524,-0.5898956302762597,-0.2874664752926161,-0.3660784258090055,-0.2012132590143653,0.23044033701157832,-0.9069410630746033,-0.5821213488850675,-0.550058664467736,-0.925086984578879,-0.49812401582155647,-0.6280917906385665,-0.6112823554119786,-0.6799468548230357,-0.23698991749653744,-0.4776190530723386,-0.4776808962406653,-0.3824031191942932,-0.40883122922537657,-0.3395124543306968,0.3046641980154615,-0.7870009119907143,-0.09336825578259564,0.17002602351954788,-0.6285325110174202,-0.6252905401155137,-0.5086699390872172,-0.3859723340920141,-0.4133060424549166,0.04038989760882978,-0.3459346187803845,0.15575301647822742,0.07242872201304693,-0.36164125191536795,0.0734235824994984,-0.308362300610116,-0.581899280448949,-0.6832976906141139,-0.12618422051704684,-0.24929290609693597,-0.38336324385828785,0.1017125408293858,-0.36957242467548884,-0.5813637553833516,-0.43559128441265277,-0.07507402224326233,-0.062182414674293626,-0.08763782146497683,-0.4492930758104011,-0.4601762428377873,-0.7510518766208739,-0.5713607459833768,-0.3131120633496975,-0.7943498269391192,-0.3141582531191667,-0.3085035627547715,-0.8575867447323468,-0.1142344871454584,-0.23270069401837618,-0.8109248685784699,0.0993354895136843,-0.006048596431181688,-0.08828585249908737,-0.4392130952399877,-0.0891131919618031,1,25,train
0.966750485087514,0.09743395824350537,-0.03255393286058786,-0.7180308850829797,-0.39257488449508166,0.07277641748421979,0.018783865194133144,0.061089823316956955,0.022608237874920944,-0.4537149922464052,-0.055474823055154526,-0.07288374379505463,0.2726751731817811,0.01268293521509596,-0.5973004758464143,0.12641527757289892,-0.15454779295773077,0.13891813238453085,0.06482395180100879,-0.7377778064543072,-0.36326616838946113,-0.22144784722933655,-0.5920174302275719,-0.6694677694390079,-0.45681969470456196,-0.4591995211258605,-0.722574467422792,-0.04670095433020002,-0.2260627801036921,0.044483942505604765,-0.6348092632320788,-0.6878872133070469,-0.32287935615197694,0.0029557791399272225,-0.4518537427166039,0.048965111338755384,-0.25459592948459475,-0.7241092082413407,-0.5974261340838409,-0.5575022532395901,-0.9663523028603641,-0.5278277877887834,0.2908129959131144,-0.48553343597044535,-0.2722512076651943,-0.10798415108889095,-0.451681208236266,-0.15232550832017008,-0.3701933017607305,-0.27208259870821166,-0.5613931486279603,-0.10636404424519656,-0.6137015769282891,-0.4244398922705187,-0.11108632382191515,-0.4521998675266193,-0.053664888747732856,-0.7724539009494379,-0.4160666695948722,-0.05464515228953076,-0.2293407666197901,-0.014408450562798696,-0.5401462698882895,-0.5312411879616117,-0.4382398412306498,-0.3023063376917329,-0.6034052759784794,-0.27424077196535684,-0.5190309284141956,-0.6533457389049069,0.27448982085053913,-0.21513157763716106,-0.6066096063917779,0.10295951579154557,-0.08307562037112808,0.29458159741201273,-0.5967722923673173,-0.2817692831177363,1,25,train
0.06695662887039391,0.3470400535190023,0.5825778463755343,0.35257484658201654,0.7912553346987236,0.8856034479773158,0.5428995184157995,0.27660745278830323,0.3289300104678223,-0.3423882182394801,0.6784997589053515,0.5435429533407488,-0.3690102547312955,0.01268293521509596,-0.4529059872283993,0.008163348182751778,-0.0487824765320934,-0.34698385532817794,0.018451363942049336,-0.3860962992700076,-0.06525060345927379,-0.01280605850654324,-0.18438006520059916,-0.2263373721524956,-0.3442694602336447,0.20667667223498104,-0.41944477782452505,-0.122816539596735,-0.5095627067826429,-0.2657879181987006,-0.3084220080108043,-0.48528492349432734,-0.2605052379817775,-0.08812600769042275,-0.03420880869809708,-0.04592380007547863,0.05646433841378879,-0.3258729698083387,-0.5297554337212071,-0.45332664971452796,-0.22718913508935232,-0.10638776496015358,-0.21450504173660273,-0.37695657815595357,0.07527358971621652,0.13116779697646855,-0.36164125191536795,-0.2222002269072103,-0.4647583623440233,-0.10718017133007725,-0.3729952201039045,-0.05020687814162075,-0.08409430865338924,-0.13983739970006231,0.04714872938033427,-0.1877920504030019,0.061769238328808755,-0.4551763202578147,-0.025475091719391826,-0.17524135044573658,-0.05079505572472537,0.03445499047625775,-0.2746457800806222,-0.1515681802774313,-0.07803033425268258,-0.19785098966474138,-0.20375389024690801,-0.06966368105208152,-0.4233366712962755,0.016110891307257107,0.1712349265391023,0.21355486206448787,-0.6783960498627778,0.1573199099594645,-0.27564318022099404,0.5232385466644753,-0.41470388679795867,-0.41358660864548,1,25,train
-0.7093062064084437,0.07444392315234119,-0.3727043224123453,-0.20075635411012532,-0.06326405319295327,-0.16239957687182968,0.22020021126692232,0.2928450824060074,0.14647605848625808,-0.392991297333537,0.1891833709316808,0.17602041151530132,0.0801695448078581,0.06878514391703272,-0.5676810935657959,-0.5376147874640812,-0.34089620761242523,0.3818691262408852,-0.021296568508487344,-0.8446177580039679,-0.5029609644504864,-0.27360829441003487,-0.7063547399302594,-0.8526283336507663,-0.7406420251094837,-0.4715305617436538,-0.7652020800225483,0.018540975898258517,-0.5934147977721917,0.1428628251679455,-0.508606191213186,-0.36678169737745364,-0.14823182527541848,-0.3272156981200915,-0.5910687207227728,0.44960718175441017,0.13546377153083858,-0.35773186888297887,-0.7566513114076853,-0.6323784682732284,-0.9335006065149858,-0.5003425689086554,0.00014332823849833086,-0.3459346187803845,0.32402818152606844,0.11018955591810368,-0.49970251827407836,0.605546439431574,-0.6211544240779306,-0.26708555545432877,-0.6001809574417365,0.04889400321763067,-0.47765567315125057,-0.21612260389420526,-0.001958700923812104,-0.28281360968180186,-0.39447040678323664,-0.7763709081184703,0.11712183353673591,-0.22046492475431378,-0.31152847480958185,-0.24406662344636398,-0.47297144716586764,-0.621163742413128,-0.3638487473982435,-0.48600367387713167,-0.6300487016939175,-0.29170466997014866,-0.5764474826849476,-0.6476723776319225,0.007241859103290826,-0.15891040521727268,-0.8882333461626236,-0.01663335137787605,-0.10233237635611467,0.03401902733362517,-0.2886565290960949,-0.20065092894681705,1,25,train
0.38112194138010025,-0.12425566584986357,2.537647842397318,1.2720199244238461,0.3825721491853129,-0.39904542119260444,-1.18105114259431,1.115059600320664,0.025956016810362487,-0.6399343233125344,-0.9222096653185944,-0.7982060088791387,0.36892798736874255,0.008942787968300177,0.22093495965567087,-1.5200154316283805,-0.8042490224295032,-0.330787122404421,0.30331154650422887,-1.4233341622312965,-0.7870070497745713,-1.3063851485878617,-0.5174496195519062,0.04544927151656529,-0.4959676023466202,-0.7222617209721189,-0.7320472702227379,-0.47077350081518055,-0.15818251596929542,0.7407037275006314,-0.43462508002969713,-0.19093820055886684,-0.905037792407172,0.1395784593854522,-0.3023265441173854,-1.232035192753404,-0.4323446539979568,-0.5966736119427801,0.07131961067630511,-0.6161010302224375,-0.9061241928938372,-0.491180829281946,-0.7242949204274678,1.7542520309456422,0.4923033465739095,0.2906024290200415,0.6197942719824214,-0.023326027851788087,-0.541137834353606,-2.235920597484176,-0.4339474910969814,-0.1228808578050718,0.294890709011218,-0.7706573574593213,-0.04015336893814817,-0.695950823937454,-1.3234402865896904,-1.2738308185855833,0.22561949405770268,-0.292068917409561,-0.4588995377705876,-1.7734923279688308,-0.3962002211973855,-0.4712928183272674,0.5249290578626105,-0.2590834350598743,-1.4426731860147792,0.38938735221673143,1.5824149578953288,-0.4150645654395604,-0.10816066983302094,-1.0233109311730566,-0.4519926512234704,0.1464478311258807,0.24428923137364406,-0.06169783514414986,-0.3061631065546871,0.16945156195800193,1,25,train
-0.973144065943294,-0.6300364378554757,0.264680286046789,-0.2908980284083439,-0.2557842314926591,-2.076144230944182,-0.3364019493858392,2.0317475996474177,-0.45445026042549913,-0.5650417662533302,-0.4139275258730761,-0.277062933698081,-0.08666866644954181,0.6746889978979497,0.2690664558616759,-0.3374961377269091,-0.779066804232923,-0.17421870414143703,-1.4091618765730598,-0.448419604340643,-0.2049453995202991,-0.7899967214989483,-0.47270893314650675,-0.3208718569069516,-0.7895769096620565,-0.18380628066180874,-0.18262470782587903,0.18164580146940487,-0.912851334875235,-0.053894940156735974,-0.6957348842067166,0.2945427580489706,-0.5806923779221348,0.3217420330461521,-0.3074826544139102,0.3547182703401761,-1.0248404023758302,-0.4851674651815395,-0.17946004360874968,-0.4500711621043698,-0.4790521404039193,0.04936180869390526,0.1253548773906406,-0.36454779440572593,-0.04178739466489027,0.2822111325966956,-1.018932933057924,0.7130460064885591,-1.5267967350486962,-0.28707372846986023,-0.356371873469429,1.4263962541112254,0.32404340267772624,0.18584174128262487,0.42363902837878975,-0.39436065753082794,-1.0870751692424863,-0.5805205496668511,0.25971875879286366,-0.2129276623695509,-2.958539490301494,-0.3173617850049487,-0.18507934978405974,-0.4962713056749108,-0.34427214375813664,-1.2099872929607622,-0.44354472168585085,0.3295111304860167,-0.05204295367874572,-0.1938034757931672,0.4506305229112255,-0.7035530130349414,-0.5403451970339318,0.4399939596326429,0.08381626483208908,0.18291192452127522,0.18402106228589404,1.1631514005517627,1,25,train
-0.11910243970331566,0.025179562242703638,-0.4394628100813818,0.5411789651136739,0.42985780701331083,-0.05804022937633272,0.13140375762192924,0.7681647857606203,0.24021386867862132,-0.5002698250129375,0.09625118871962708,0.053512897573485485,-0.11233608356606488,-0.03219883174645344,-0.7083731593987336,-0.42391100920432434,-0.1948393420722593,-0.314590389480664,-0.24984718009907325,-0.524097903354986,-0.32135772957115355,-0.028454192660752737,-0.5224208069302839,-0.8053610912735384,-0.24639969112849924,-0.6153927022845764,-0.8551937066220338,0.12727752627902275,-0.4975838366412788,0.036916336146963165,-0.40416226954237816,-0.5158664012019076,-0.6056420251902146,-0.13935951278249462,-0.5807565001297232,0.4548787879440898,-0.16572156722791373,-0.3099435202710186,-0.47402662165786164,-0.6616778567646522,-0.9170747583422966,-0.5598938764822661,-0.08034981050216457,-0.5537817465966973,0.08624805700194528,0.24025465047996586,-0.35263725628327813,0.05729864744095065,-0.5047666572061856,-0.39201163680140033,-0.5946398418969113,-0.043600152717670655,-0.846923126260355,-0.427373938585678,-0.01832784435852756,-0.37370379681804533,-0.42195472275384177,-0.4238402629055556,0.03652357143544632,-0.2807630238324167,-0.25201323784456026,-0.4150886670830616,-0.4825678504119279,-0.7210776918037018,-0.6457518398157831,-0.4139655028240341,-0.6211675597887715,-0.35657057684508964,-0.8367358620456902,-0.6817125452698292,0.01938949372816575,-0.3170324526482088,-0.5403451970339318,-0.0492495878786274,-0.10233237635611467,0.1403710967533752,-0.46722361917373517,0.08326331065140027,1,25,train
-0.726082024066729,-0.28847020221532205,-0.24872427388413465,0.9059060472741584,1.1256324864824232,-1.257437800592185,0.3458147066671564,2.163124784736115,0.012564901068596309,-0.6541031854588703,0.12090666563302908,0.1235171912545231,-0.21500575203215713,0.11366691087858212,0.0654332026824239,-0.5421629385944715,0.021727734418331514,-0.7141098016000024,-1.1806112649824738,-0.20357804870600402,-0.5728083624809991,0.28450849042343723,-0.7461242389572812,-0.2795130198268771,-0.7014941174674255,-1.8731588452994994,-0.1542062994260415,-0.302231847724996,1.3830987755528878,-0.22794988640549266,-0.8698080869913963,-0.1756474617050767,-0.4601024161264158,0.05418928423199909,-1.1427725224509238,0.1596688413220284,-1.1087773000626955,-0.6763208596293806,0.2862736000634949,-0.7332985841881323,0.052050283846363225,-0.18884342160053766,-0.487287345246627,-0.5010444156582299,-0.06007817347443821,-0.573701102584591,0.7638582020958584,0.3367975217891116,-1.028511608129038,-0.5069436316407061,-0.7608733082416663,0.7756337998521411,-0.0014950099316158713,-1.2987856941880032,-0.023784225503432715,-0.44806849538406274,0.02878805916408258,-0.20840486860877439,-0.3943671374906788,-0.3335238605257567,-2.051640641310689,-0.23429393523855271,-0.2490553714244615,-0.7810260614380461,-0.5361228594311844,-0.20145289821739626,-0.18599160643661594,0.32452144534179045,-1.0472632277051142,-1.0164408603759112,-0.24178465070664512,0.027322228423607604,-0.9489757214073159,0.2116803041273834,-0.07023778304780368,0.03401902733362517,-0.4112025713062402,0.7423499382901191,1,25,train
-0.5750996651421613,1.4932575173499025,0.2456064324270643,1.3177841590675572,0.9753316455291441,0.13304026603795746,1.203458502848065,0.05961367516989294,1.3583720331160973,-0.5508729041069943,1.3631633870390534,1.28442172813173,-0.5871833002217416,-0.7091654834164903,0.6763329622201798,-0.2510812662494939,-0.12936557476115046,-0.5737381162607754,0.18406774915261884,1.0428880527067035,0.6239103904417845,-0.3570650098991522,0.8695116590154768,0.44722083172300314,1.01122684187262,-0.27423391185896007,0.40468906577076313,-0.8622250821859317,-0.38977400536900175,-0.9014668523245947,0.5662958359822113,-0.41647659865227166,-0.31040453251793704,-0.7143132921490789,-0.5137270662749012,0.34944666415049647,-0.09165959868067955,0.44936024100790545,0.4773438128521081,0.6860940138408386,0.23273461374594387,0.36086095600202295,-0.6303862585633611,-0.3583434025306121,0.08624805700194528,-0.38070128484763427,-0.4726905313778089,0.1755481712036341,-0.22107147545630723,0.02773999652475998,0.6521111556887518,-0.19885820018049788,0.6933108557868307,-0.19265023337293052,-0.44938195480603466,0.3906000495549111,-0.3449986380361474,0.7238428376209335,-0.5059647311693874,-0.1413236697143037,-0.24067700223217517,-0.19520318240730755,0.6306149261310627,-0.3763745664062223,-0.13676014517300333,-0.1114051844010243,0.5999894521688078,0.43928420365899373,-0.2128093056368514,-0.43208464925851375,-0.6669518625772675,-0.5665139052614635,1.0831328322332971,-0.668958081392903,-0.8019945104772943,-0.47647090588117497,-0.29916047557125025,-0.13474226618294516,1,25,train
2.9478220430977498,-1.6284608189574632,-0.1501760301822236,-1.410041584695458,-1.064706735050195,-0.24618102486117227,-0.8908383428765277,-0.6326998058031303,-2.3643581430949006,-0.7634058363020331,-1.0265212984137568,-0.9421037236679383,0.5036819272304887,-3.615259894176814,0.5393433191723195,-0.2874664752926161,-0.02863670197482914,0.5654320993767974,-1.521781018516247,0.5754632646769382,0.8520785573414592,0.11237901472713274,1.0385320298803191,0.32905272577993316,0.4435821810627763,0.10391800042003638,0.3241702419712235,-1.8354172080937716,-0.23404869353126817,0.23367410147164464,0.8317574702288478,-0.053321550874755444,0.030573980145819992,1.6481205537631238,-0.31263876471043495,0.3283602393917778,0.48108629141793136,0.911314277590188,0.8236585735314694,1.0441976509582396,0.06300084929482265,0.6082279259231752,0.9437017879207134,-0.20943799752788053,-0.8026837931420844,-2.1344822373269374,0.19960780915156362,-1.9260683647604222,0.4627066549151945,-0.21211807966161733,0.5745355380611994,-0.621688627313304,0.6204291216205601,-0.1779800017971338,1.002015429738736,0.9607294052277111,0.0013037431934774335,0.3008060633654358,-2.889813329472914,0.020727471558097874,-0.11881246939903575,-0.2000895265112132,1.1840075133205379,-0.23149933978989032,-0.13284482444498194,0.6413937031038454,0.2980306273938428,0.8459435429134313,-0.4424755227198595,-0.29592397870688714,-2.489097056308506,-0.14134128883605757,0.7683768877835283,-4.619146724261678,0.3341540926369148,-1.7048373076792878,-0.08908154606814403,0.35703775597825266,1,25,train
-0.1572292980176004,-0.09798134003139022,-0.18196578621509812,0.6756980790664001,1.2185150286445618,-0.2741081741909531,0.8634330584026039,0.920208044908214,0.06612936403566103,-0.6399343233125344,0.657637432286319,0.4852060419398841,-0.06741810361214952,0.05756470217664537,-0.2825945391148431,-0.4875851250297882,0.5152992110713059,-0.9408640625325998,-0.1703513151979999,-0.14570640828327117,-0.36792266159149534,0.17497155134397074,-0.4031123098492187,0.033632460922258293,-0.8678727249461728,-0.9935446145635729,-0.1778883064259061,0.0022304933411438836,0.5725285626539159,-1.1814682875943336,-0.8915672373394813,-0.3782497515177963,-0.3519872779647367,-0.167822571166979,-0.8746547870316355,0.16494044751170805,-0.41259479571869434,-0.34180241934565875,0.1151065344403623,-0.4923925010364263,0.1834570692278764,0.10433224645416132,-0.36654763713563265,-0.5382707669089127,-0.15153206752217788,-0.12896239214725583,-0.14854668862257572,0.025048777323855156,-0.5702347760715422,-0.35203529077033746,-0.6555921128899882,-0.0039598001739700895,0.14426845840092536,-0.6855700143197003,0.02532320480071366,-0.39436065753082794,0.6829147792644851,-0.1692347969184505,0.017923972488994876,-0.5897907816076942,-0.3767118295807959,-0.21963490292683577,-0.3322241995569838,-0.7560475740904026,-0.66532844345589,-0.6336819245359817,0.12040778929092215,0.1523773078659856,-0.8099414700526725,-0.9824006927380045,-0.13245593908277078,-0.2362145172946192,-0.7557045274469315,-0.023881403933598572,-0.5323999266874819,-0.4711533024101875,-0.5127407205660749,0.0021449564804810386,1,25,train
-0.11452721670560148,0.3765986700647848,-0.03891188406716276,0.434395750945015,0.6764187371164428,0.7371486015400595,1.069180938799539,-0.12785713950723704,0.5030145151107827,0.7992172461224427,0.9060887765675238,0.8255046917782614,0.5357661986261424,0.001462493474708609,-0.18633154670283308,-0.3920739512915924,-0.5373175095457517,0.46285279085967,-0.004734929987430394,-0.3816446346221051,0.09772665861192242,-0.44573777010633936,-0.0750139428762894,0.08089970329948627,-0.40788481015198924,0.20256632536238325,-0.2252523204256353,-0.035827299292123596,-0.7970555901753819,1.1493544708672776,-0.42156958982084614,-0.5732066719036207,-0.2896131597945372,0.8910032007358396,0.09985005901154709,-0.11445468054131432,0.19471334636862592,-0.3311827863207787,-0.49392976882334216,-0.39798336034183873,-0.057455370638231106,0.012714850187067889,0.21926353925474734,-0.44520488878220554,0.08990621276385487,0.01788529526129826,-0.5867411427176132,-0.18457537843726557,-0.39929024347866676,-0.32705007450092316,-0.23446733148327528,-0.17573466119667255,0.28031436217796385,-0.1046288439181502,0.8328676142466762,-0.17952930611788884,-0.33400491164790536,-0.40033821989136126,-0.006875492772940381,-0.23177081833145807,-0.38804806519318097,-0.4297476993947785,-0.30343498981880296,-0.12159399546025917,-0.5517841423432699,-0.28429679492845844,-0.15934818072117785,0.007676438683425009,-0.664486199233434,0.10121131040202372,0.055832397602790525,-0.21513157763716106,-0.534823162920778,0.008734832567152778,0.8926000162015262,0.2148175453472002,-0.3971973093393665,0.7170004526117069,1,25,train
0.04560558821439445,-0.8894954053129001,-0.1311021765624989,0.0058760992811757885,-0.044687544760525506,-0.9649376576118484,-1.0294474412491998,1.1357256743795603,-0.6871208964386865,-0.43954613010006927,-1.1251432060673647,-1.101557948163635,0.18283921327395036,0.001462493474708609,-0.008615253019122264,-0.35114059111807994,-1.3381120481970064,0.05793446776574604,0.1708184383357733,-0.5775178791298162,-0.11647202868164974,-1.295953059151722,0.18348780079935187,-0.35632228868987254,0.09125101228425261,-0.4263167461450782,-0.8599301080220068,-0.014079989215970751,-0.36182330837248544,0.3547558032099102,-0.6826793939978656,0.28689738862207553,-0.34367072887537675,0.44128687826098656,0.06375728693587365,0.40216272604729314,-0.25953339405441034,0.31661482819690473,-0.5735423574852643,-0.5868016417310138,-0.6268847739581216,-0.6835773614428422,-0.11612453883134809,-0.4545114765948763,0.16672748376395619,0.20249381657490909,-0.5297158370477111,0.014298820618156658,-1.1594478458597512,-0.032224522521834345,0.38613760953714366,-0.08654386797334628,-0.11810578459764887,-0.3364185028157384,0.39090074150935883,-0.46872535609684535,-1.2959559706190853,-0.49434639194813856,0.011724106173511063,0.058413783481912195,-0.9605279636186267,-0.2000895265112132,-0.42498943093556635,0.4029542388402531,-0.36776406812626494,-0.9002231574324426,-0.487950431211581,0.13740825243330693,-0.4118533604421251,0.5153666833298879,0.23804691697591437,0.12219545688216926,0.11677686243137511,0.13919977857015817,0.11591085814040007,-0.2531315600996999,0.03346449614200126,0.24043012185755627,1,25,train
-0.08555080438674509,1.2830629108021157,2.420025745075682,0.4718392156535058,0.9905306069738576,2.080591469298992,1.8120390753905786,0.30760656387664753,0.9064218768314888,-0.5326557956331338,1.4712681704285853,1.2746989095649193,-0.26634058626520324,0.1174070581253779,0.49121182296631444,2.3186241224210113,0.016691290779015447,-0.4333664309215484,0.08801024573048853,0.08578015340766025,0.3119253459054946,0.19061968549818023,0.38730648331283823,1.4634665428334046,0.5561324155336935,1.4110083059061327,0.59414512176968,-0.24242674501557565,-0.1462036458279313,-0.8409260014554619,0.43138910382408446,1.1393560797208768,1.9516968197879634,-0.4012196499197508,2.353070258592874,-1.0897018256320528,-0.0669722758316015,0.7520197822169872,0.2822929706303988,-0.08871203737681069,1.043076456931942,0.7823009788306527,-0.35760395505333675,0.36136605498259056,-0.5466128898084133,-0.33035350630755855,-0.16655467988675535,0.00354886391245816,0.16446300230634803,3.0609452516316566,0.990119203923087,-0.25171200357209866,1.4707160202270506,0.23865457495549305,-0.35662347534264704,0.24600202456543288,0.18819709179359242,-0.10264567504489995,-0.03167495803487564,1.1098618861563316,0.3856500153520996,2.770807688663419,0.11240915084380845,2.0515344037847205,1.4646060325877424,-0.19785098966474138,0.053799225002326916,0.6837787757260789,0.047479073723891124,2.77903783125068,-0.15675120833252065,3.281122582224648,0.779420956009836,0.13919977857015817,-0.6351026252740771,-0.1999555253898249,0.8387670592372417,-0.9560656021635023,1,25,train
-0.3234624002678819,-0.5824142223094928,-0.8129924434676575,-0.8151065343272151,-0.5986052507456441,0.5769349553850008,-0.29741814046852516,-0.4954180281261769,-0.47788471297359,-0.5528970272707566,-0.29254671645325075,-0.28289662483816747,-0.20858889775302636,0.30441442046516703,-0.3196187669656162,-0.07825152329466344,-0.14951134931841473,0.21990179700331566,0.14763214440629355,-0.6264861902567441,-0.4331135664199738,-0.44573777010633936,-0.5224208069302839,-0.397681125769947,-0.4666066716150765,-0.586620274176392,-0.7604656786225754,0.4317398673451626,-0.4297035725068821,0.02178112342967998,-0.12129331501727364,-0.8446172865583961,0.18858841284365863,0.21927502286200842,-0.4570098530131287,0.6182985798241595,0.219400669217704,-0.5382656303059398,-0.3426658503656901,-0.16684374002060726,-0.4407251613343113,-0.5232469179754287,0.27739747278967053,0.007715718101103041,0.15575301647822742,0.31997196650175236,-0.37064524754745776,0.00354886391245816,-0.19924876916785506,-0.08719199831454581,-0.35083075792460383,0.02246710152183029,-0.3075982934299525,-0.5740762543436453,0.27631673746635066,0.022907928867380717,-0.11962724707718521,-0.6236076285262073,0.5015135450967324,-0.16016682567621085,-0.3710437117746034,-0.09258995622528901,-0.09551291948749727,-0.3763745664062223,-0.23855848410155928,-0.028561287689962092,-0.36361444453953656,-0.05718946819151595,-0.09797619709534736,-0.6760391839968447,0.28056363816297664,-0.9600621122006823,-0.5127350264681626,0.34576927640825006,-0.08307562037112808,0.04997183774658768,-0.8278591148207342,-0.3527478430172906,1,25,train
1.9138216456143473,-0.9338333301315739,-1.3645447106380306,-1.19231477139053,-1.6169356675414566,-0.8120732612804162,-0.4446903074894893,-1.741287064248206,-0.8310753906626729,0.9368576212582773,-1.0170384226778328,-1.2046198249718294,-0.7091035315252262,-1.4871161107500133,0.6022845065186336,0.6540008086981708,1.3513488551977726,-1.1784161454143685,-2.3796738939069972,0.44191332523986243,0.06513120619768319,-0.028454192660752737,-0.050158005984400816,-0.11407767150657915,0.4435821810627763,0.6218217063673575,0.835701593168299,-0.5631995686388301,1.482922693397589,-0.11443579102586873,0.6402769471657002,0.1760395319320969,0.8414375163584129,-0.43537531998113205,-0.2868582132278111,-1.0317141575455764,-1.4494623553799726,-0.32056315329589863,0.8793873855948149,0.282413550181223,-0.20528800419243345,0.6998453221902686,-0.7153512383451719,0.7553449390523179,-2.0757219982866206,-2.1554604783853017,0.9199274597187486,1.5246677377687956,1.0155485475559831,0.1376749481101829,-0.2178439848487998,-1.179956925637087,0.5475473874542894,0.19170983391294355,-0.8695233029637314,0.39473142169746767,1.24359482506483,0.31647409204156535,-1.6095409353255066,0.5784848880305498,0.6917283768864964,0.7625202619581988,0.40030124822561636,0.21811343246769163,1.0769892805136254,0.7458490511308368,-0.07053676166971753,0.6263973965674773,1.4675818493538249,0.18063836822380588,-1.608393546005074,0.5368266034788461,0.24930568114706728,-0.9951204464004165,-0.4810485773941844,-1.5187211861947252,0.3135697354794762,-0.6315921854798254,1,25,train
-0.16485466968045737,0.035032434424631144,-0.15494449358715479,0.23192368252132395,0.5615821395341621,-0.11830407793007039,0.4519372976087335,0.21165693431748653,0.20171441092104356,-0.3747741888596765,0.3807374607973426,0.19157692122219855,0.0994201076452504,0.21465088654206826,-0.6084077442016462,-0.451199915986666,-0.3157139894158449,0.2576941738254152,-0.07429381177586959,-0.19912638405810149,-0.7683810769664345,-0.3779291887714315,-0.48762249528163987,-0.8230863071649989,-0.8678727249461728,-0.4222063992724804,-0.6988924604229274,-0.18805846982519353,-0.19811208310717582,-0.4776808962406653,-0.7697159953902055,-0.37442706680434873,-0.22723904162433778,-0.3158304747662977,-0.7405959193219913,-0.014294162937400628,0.0070896927156326745,-0.4639281991317794,-0.7168450170767242,-0.5282028647481664,-0.4900027058523787,-0.50492343872201,0.1119393542671968,-0.3118104634672585,-0.01983846009343275,-0.08700591003052609,-0.49069852264198854,-0.06095087632173283,-0.4065644789081508,-0.36702642053198603,-0.4838175310004079,0.005950287961955052,-0.963533900926388,-0.4860548648888649,0.1017125408293858,-0.27041949325413234,-0.08664606791245903,-0.2828280048203897,0.09542230143254256,-0.05464515228953076,-0.13298276391451708,-0.47861114043383496,-0.4377846352636467,-0.8010088513161608,-0.28945765356583725,-0.19785098966474138,-0.4302230088281318,-0.2293336056673208,-0.6376918072404164,-0.551225235991187,0.09227530147741529,-0.43650244404047156,-0.7943587662390084,0.0341030165121816,-0.10233237635611467,0.19886473493423773,-0.4392130952399877,0.22015053331482645,1,25,train
-0.27313494729302606,1.531026860713958,-0.6540436633032849,1.1416611954387301,1.4262341683889814,0.9679150460019331,1.186132365551481,0.5925031562600025,1.3483286963097727,-0.6156448453473871,1.3404044852728363,1.1833044150368979,-0.6000170087800031,-0.43613473440039807,0.8133226052680402,-0.996978051633499,0.19800326179439381,-0.7734978223204445,0.11450886736417965,0.8425631435510899,0.9591779009882453,0.30537266929571655,1.0484744046370746,0.4944880741002311,0.8791026535806736,0.9300977218121915,0.9777936351674866,-0.3076686752440342,0.2650708956922368,-0.7501147251517627,1.2103666862855262,0.4818543090079,-1.0131529305688511,-0.4638383783656164,0.7237394048910449,0.49705163746152714,-0.22497114206570107,0.8210473968787075,0.8913292738941032,0.660050112959573,0.982848346965415,1.1441896940856717,-0.6974638741805802,-1.105972623481827,0.283788468145063,-0.46041860086942077,-0.05250406854695108,0.21854799802642813,0.2517538274601568,-1.1315740383760637,1.0344481282816884,-0.2979590815397493,0.6544405975648198,0.5085868359501527,-0.7276573931961974,1.1053274302171894,0.5509900626055804,0.6180836440570591,-0.3478681401245502,-0.8422890714972501,0.17026153871678337,-1.2995169498899832,0.6274161250490427,0.7426616667682039,-1.1195056479063705,0.18034940836402086,0.6044300231213808,0.49916042538970845,-0.9515689705871943,0.7025876053383745,-0.31467045845589464,-0.791398594941017,1.1659633439306047,-0.1978346652709391,-0.8405080224472674,-0.33821321563549994,0.3800947298221265,-0.3882371229670678,1,25,train
0.2713165894349602,-0.28682805685166746,0.18043743255967148,-0.47256817199398443,-0.3047586628145141,-0.3299624728505149,-0.6027913103208185,0.16442019361143803,-0.1581718246389225,-0.37072594253215196,-0.6794480464789439,-0.6154170198230962,0.016001002016550435,-0.024718537252861876,-0.6343247036971874,0.012711499313142053,-0.8042490224295032,-0.09323503952265225,0.025076019350472118,-0.3460313174388849,-0.44242655282404214,-0.44573777010633936,-0.24900550111950948,-0.8467199283536129,-0.27576062186004285,-0.29478564622194897,-0.3957627708246605,0.02397780341729673,-0.5534852306343114,0.43799947315496773,-0.512958021282803,-0.4279446527926143,-0.4226779452242961,0.36159031478443027,-0.47763429419922776,0.21238490321882508,-0.23978353577514788,-0.13471957536049767,-0.7287869053760125,-0.5933126169513302,-0.4133487477131627,-0.3766590839480792,0.2013761750901556,-0.48863563190800224,0.07161543395430693,0.21927640942160098,-0.6647757715290582,-0.17920040008441632,-0.3920160080491827,-0.28707372846986023,-0.4671941843659324,-0.27813890526789903,-0.3999151567072286,-0.08702456602719413,0.11262530311919611,-0.27041949325413234,-0.7627602407893456,-0.325915083679746,0.12642163300996165,-0.26568849906289094,-0.3710437117746034,-0.1658851177838737,-0.377007414705265,-0.47628851579679604,-0.4773930485108636,-0.43917886269261824,-0.26592188358293023,-0.27424077196535684,-0.702763902080602,-0.5568985972641715,-0.07171776595839617,-0.3064909828194797,-0.4243824806577012,0.17544004134877078,0.39192436059187463,0.35307523559287524,-0.7158170190857442,-0.05362391201202593,1,25,train
-0.5491734014884476,0.054738178788486164,0.0914261156676228,0.1736782929747827,-0.11054971102095118,0.18007546490916734,-0.07001258845085993,0.22198997134693466,0.139780500615375,-0.4354978837725447,0.035560784009714436,0.08073678956055567,-0.2791742948234648,0.10244646913819477,-0.6343247036971874,-0.4057184046827632,-0.5171717349884875,0.11732248848618823,-0.04448286243796708,-0.37719296997420254,-0.36792266159149534,-0.27360829441003487,-0.5124784321735285,-1.2484914885600507,-0.637878767549081,-0.6153927022845764,-0.8551937066220338,0.14358800883613737,-0.45765426950339844,0.22610649511300304,-0.499902531073952,-0.7222913757280748,-0.4642606906710957,0.08834495429338034,-0.4518537427166039,0.2545577527362624,-0.10647199239012638,-0.26215517165905833,-0.9477215241962984,-0.6063345673919629,-0.7692421247880943,-0.3125269065611138,0.27292563174852263,-0.40177414565640884,-0.038129238902980686,0.13116779697646855,-0.373646579424821,0.40129726202330257,-0.4538470091997972,-0.4469791125941118,-0.8661545035933446,-0.1228808578050718,-0.6963008756500625,-0.48898891120402427,0.12353806540900641,-0.5637469153756454,-0.6638167032951671,-0.34941712669394026,-0.07817395540100425,-0.28830028621717957,-0.11597841049593949,-0.17077146188777934,-0.5241522644781891,-0.5512239778397264,-0.3716793888542863,-0.356334965981556,-0.5412372826424572,-0.4663436500180666,-0.5611364015460804,-0.7044059903617669,0.01938949372816575,-0.3381153923056669,-0.9047994485020852,-0.07824179810151749,0.11591085814040007,-0.08296824902809986,-0.3551815234387452,-0.14995195758999252,1,25,train
-0.0535242434027459,-1.3903497412275485,-0.6619911023115035,-1.383692479900594,-1.9124710289664437,-1.2148121516151509,-1.5254081213639172,-1.1242571387754476,-1.2110482998352883,-0.5528970272707566,-1.7775650566989256,-1.749097664713233,0.6769369927670192,0.22587132828245562,0.857751678688968,0.4902673680041209,1.2002555460182909,0.8353776481060801,0.1310705058852366,1.3366979194682704,1.029025299018758,1.0512670639797026,0.9937913434749197,1.085328603815581,1.3341970799196001,1.5137669777210774,1.4561701765647517,0.22514042162171055,1.1115777190153011,0.3320529841339854,1.5672167519941196,0.9940940606098703,0.3258114728180974,0.6177578402447896,0.5742122062918265,0.3599898765298558,0.48602375598774694,0.6989216170925868,1.2814309583375219,0.9790878987550757,1.174483242313455,1.5518871074742375,0.48310216068247575,0.24038041341787114,0.22891613171641917,0.1647329826698523,0.6017862807182418,-0.12007563820307458,0.9719031349790789,0.43250050008927166,1.25055163452987,0.0026469252499800055,0.9945553570074159,0.8548043011389553,0.36361883578483306,1.1714293844980939,1.589897206294455,1.0372034111435244,0.01482403933125297,0.28830028621717957,0.7767501439793842,0.5817255301136899,0.640211329377123,1.047399212409454,0.40746943602196894,0.771062410999421,0.8308991417026047,0.6538406648607215,0.28862860166104964,1.355024151731585,0.4141876190366008,0.23463780172194604,1.4807192883803737,0.081215358124378,0.5523973271334296,0.4275216841867003,0.7232236480105333,0.6156025098980578,1,25,train
-0.30668658260959664,0.43078946706538607,-0.019838030447438045,0.08631020865497084,0.5852249684481612,0.32265091148752234,0.7443158644885888,0.08323204552291719,0.603447883174029,0.7445659207008613,0.6595340074335038,0.4929842967933327,0.21492348466960418,-0.1743244271246932,-0.4936326378642497,-0.38752580016120214,-0.0638918074500416,0.3062843725966861,-0.04117053473375568,-0.48403292152386324,-0.3912051276016662,-0.21101575779319687,-0.27386143801139806,-0.492215610524403,-0.564476440720222,-0.3317787680753291,-0.21104311622571656,-0.06844826440635286,-0.5295274903515831,0.4455670795136093,-0.5651799821182069,-0.44705807635985195,-0.4102031215902562,0.6689913453368614,-0.4879465147922773,0.13331081037363007,0.1848384172289947,-0.15064902489781776,-0.5138329159888227,-0.5282028647481664,-0.1888621560197443,-0.24381385936079372,-0.15637110820167952,-0.4793290440953315,-0.012522148569613575,-0.3597230437892694,-0.5027038501514416,-0.2544500970243058,-0.36291906633124643,-0.5069436316407061,-0.4173241444625059,-0.010566525597920184,-0.10838822004214611,-0.45378035542211215,-0.04015336893814817,-0.3860979132457149,-0.0426711623594908,-0.4551763202578147,-0.15877221750229384,-0.32221796694861243,-0.16982552965476855,-0.5372472696807027,-0.6457067055949524,-0.5062627006139682,-0.3795100303103291,-0.2446758008492548,-0.483509860259008,-0.09461210677321266,-0.6300362666709828,-0.5795920423561092,0.33522799397491376,-0.2994633362669936,-0.3415519689603936,-0.005761272544292266,0.18010004475702207,0.1137830793984377,-0.45321835720686143,0.1339622820082248,0,25,train
-0.19078093333417098,-0.1669514453048828,1.1977096256116564,0.22082932260769703,0.5886025154358753,-0.12271362782424632,0.5818833273331137,0.4271745637888328,0.17660606890523198,-0.41930489846244656,0.3067710300571366,0.2246345043493552,0.2341740475069965,-0.06960030421441127,-0.46031083279855395,-0.15102194138090783,-0.3308233203337931,0.1929072421303874,-0.137228038155886,-0.4261612811011304,-0.386548634399632,-0.09626277399566056,-0.6665852409032377,-0.7580938488963104,-0.7602159789305128,-0.3194477274575357,-0.665737650623117,-0.11737971207769678,-0.3258866979483931,-0.06903015287401917,-0.6609202436497806,-0.47381686935398476,-0.6347499470029743,-0.025507279244557146,-0.7973131325837638,-0.15662753005875166,-0.200283819216623,-0.36304168539541887,-0.8044188646048386,-0.6746998072052849,-0.04102952246554196,-0.5278277877887834,-0.07587796946101663,-0.14739407877674238,-0.1442157559983587,-0.09120155824219905,-0.2505919724529269,0.14867327943938788,-0.36655618404598844,0.1376749481101829,-0.6223454196210372,0.025770464233805336,-0.5505374073175212,-0.3774951512279692,0.2272093071622043,-0.5472214268054193,-0.3449986380361474,-0.4747613561029766,-0.05647442329681089,-0.19785313760002518,-0.26618353236004155,0.19570434590514402,-0.3066337909008231,-0.7810260614380461,0.16863487161266455,-0.1294147271642987,-0.3502927316818175,-0.05469462561940284,-0.28936471133118746,-0.6760391839968447,-0.004905775521584097,-0.499751263012846,-0.805402834465316,0.026854963956459085,0.13516761412538666,0.08187745857251269,-0.46022098819029833,-0.312188665931831,0,25,train
-0.37989015057302333,0.9907610360715996,0.8782225774812673,-0.3325018780844448,-0.5631410073746456,0.48727410753675693,-0.17180364506829102,-0.09833417656595672,0.698859582834113,-0.5609935199258057,0.02987105856816013,0.032122696726501775,-0.23425631486954943,-0.31270987525613725,-0.2788921163297658,-0.023673709729980143,-0.5776090586602803,0.33327892746961435,0.1012595565473341,-0.6175828609609391,-0.5308999236626916,-0.4196575465159902,-0.5075072447951507,-1.0594225190511388,-0.6036243483622802,-0.70170998660913,-0.5094364044240106,0.056598768531526,-0.5015767933550669,-0.5079513216752317,-0.8654562569217793,-0.2903280031085029,0.08047327468197955,-0.4923014367501008,-0.472478183902703,-0.37276338383561797,0.0959640549723137,-0.41613985051981917,-0.47402662165786164,-0.5965681045614883,-0.5338049676462164,-0.31710777637446846,0.11641119530834473,-0.63133664503562,-0.16250653480790664,0.3283632629250983,-0.5057051820288049,-0.12007563820307458,-0.42111294976711894,-0.057209738791248646,-0.55031091753831,-0.01717325102187028,-0.5894076655395322,-0.588746485919442,-0.2584086147343543,-0.7124763125076802,-0.5318919866362624,-0.7411178435971788,0.05822310353963968,0.05464515228953076,-0.13298276391451708,0.12240918434655935,-0.5657366785444502,-0.2914477094242346,-0.634005877631719,-0.33832542321828163,-0.3458521607292445,-0.007292616749253674,-0.5534808609766468,-0.5909387649020781,0.2866374554754141,-0.06403717675871103,-0.6563079134101625,-0.13985024482515893,-0.13442696966442566,0.2148175453472002,-0.1836170643445418,-0.07390350055475574,0,25,train
-0.28533554195359717,-0.7170701421291688,-0.15971295699208596,-0.32418110814922463,-0.4432380893107937,-0.9766964573296508,-1.0532708800320028,0.09208893440530128,-0.5783180810368362,-0.5022939481766998,-1.1422123823920278,-1.0665558013231164,0.26625831890265034,0.20343044480168093,-0.14930731885206,-0.1419256391201273,-0.3862242003662698,-0.001453552954696137,0.025076019350472118,-0.4751295922280582,-0.11181553547961556,-0.31533665215459356,-0.134668191416822,-0.43313155755286803,-0.060447129828722856,-0.02350275263049503,-0.43365398202444383,0.27950869681209267,-0.45366131278961036,0.1277276124506623,-0.48684704086510106,0.015486773967300258,-0.09833253073925889,0.6348356752754802,0.23390892672119123,0.21765650940850476,-0.10153452782031078,0.029884736525143216,-0.5576198397528799,-0.40123884795199694,-0.5557060985431354,-0.4591147405884633,0.25503826758393083,-0.3552412065930552,0.23623244324023834,0.2654285397500037,-0.550725160189254,0.2507978681435236,-0.5556863052125741,0.03273703977864284,0.1090818322958852,0.40565717611093577,-0.2444341238191846,-0.2777375765125515,0.4891156021176516,-0.23323714397112363,-0.41645785955972076,-0.5021804062862033,0.2938180235280246,-0.20915903117716947,-0.3228647104219669,-0.3027027526932317,-0.24265776926042132,0.4029542388402531,-0.21898188046145237,-0.3815483258501402,-0.3769361573972556,0.2197380573130397,-0.5458253204072132,0.45295970932705903,0.5417377825977875,-0.2362145172946192,0.061556521299836714,0.2769127771288861,0.19293788208034646,0.3796632529478128,-0.13809996295220214,0.10354289919413008,0,25,train
-0.7992855920301556,0.08265464997061411,0.14387921312186577,-0.32418110814922463,-0.5107890290650765,0.31089211176971987,-0.130654068988904,-0.3079472134490469,-0.06108623551111767,-0.3585812035495783,-0.059267973349524064,0.12935088239460957,-0.11875293784519564,-0.1556236908907143,-0.3862623770970077,-0.46029621824744654,-0.5171717349884875,-0.00685246392928179,0.08469791802627714,-0.7288744771585022,-0.6054038148952383,-0.42487359123406004,-0.6417293040113491,-0.6753761747361614,-0.5400089984439356,-0.5496271523230118,-0.8362481010221421,-0.030390471773085386,-0.5854288843446157,-0.07659775923266077,-0.552124491909356,-0.347668273810216,-0.2646635125264575,0.19081196447752405,-0.5498198383505746,0.1438540227529894,-0.12128438609957322,-0.2940140707336985,-0.6292711695486098,-0.3784504346808896,-0.9827781510330532,-0.5278277877887834,0.10746751322604886,-0.5072488075333437,-0.19542993666509292,0.20249381657490909,-0.24759064057556365,0.06804860414664915,-0.33745924232805224,-0.5519170209256519,-0.40624191337285553,-0.2649254544199989,-0.6185603592060405,-0.48898891120402427,0.19447102029277338,-0.43567437895639316,-0.5923574817715936,-0.7646198866113731,0.2039199619535093,-0.36744154125718964,-0.24067700223217517,-0.4492930758104011,-0.6617007110050529,-0.49127560820538213,-0.45781644487075673,-0.4968093995350963,-0.5545589955001763,-0.21436455023464213,-0.47692545528231073,-0.7554662418186269,0.3473756285997887,-0.5208342026703041,-0.6673519816364701,0.1826880939044933,0.026045996877129305,-0.12019147332501237,-0.21863021926172618,-0.31725856306751343,0,25,train
-1.415415622388997,2.6788864699085124,2.2896877453408964,2.154021537557185,1.5951115177746882,1.1545859915220473,1.038860198530517,1.6937096739697581,2.618810802309839,-0.7816229447758936,2.1123105701770375,2.2430916388192728,-1.7229665076278873,-2.6802230824778683,2.17581419017649,3.655780554755752,3.003302368893442,-0.7519021784221019,-1.7702055963321013,3.446786962574068,3.7996387542290933,1.2859890762928452,3.9417054588529052,1.528459001102093,4.108805034050474,0.9259873749395937,2.4697600761589564,-1.2373661809995684,1.6546198320904746,-1.02254855406286,2.7291553805818562,1.0934838631595063,4.1306326812002645,-1.608053325421888,0.5948366474779255,-1.3585537413057158,-0.9655908275380428,1.7502652865557125,2.0138667740272056,3.1504981347305887,1.179958525037685,1.9550036510494486,-1.3771837124350668,2.9827216222181776,-2.595180116477782,-1.7988303803930994,2.0484282456073384,0.7829207250755993,2.3576449842957925,1.6867583568138698,1.6716764159365831,-1.0246988781742596,0.7661925899531014,1.2802410168370602,-1.5188326592074446,2.704168449386563,3.162000079813069,3.1602212967590777,-2.3101258289751776,3.774284139170004,0.9609639726806416,3.923984897185151,2.793004457576642,1.7018355809177121,2.50608134624143,2.7124911208804003,1.3060402336279175,1.1378401238506657,2.585290772491131,1.701099189383636,-3.3515791146746254,1.7350403406777173,4.2914346519756785,-2.5317075882135915,-1.5658458312150958,-2.8481220539416006,1.4444946393045313,-0.7988987909573463,0,25,train
1.2046620809686508,0.0038316725151940354,0.6445678706396396,0.06273469383851367,0.02624094198147138,0.08747491713147289,-0.128488301826831,-0.1913315098309897,0.05608602722933639,0.6858663489517554,0.007112156801942888,0.032122696726501775,0.35609427881048106,0.11366691087858212,-0.556573825210564,-0.41936285807393403,-0.36104198216968947,-0.028448107827624403,-0.011359585395853175,-0.6042278670172314,-0.2515103315406409,-0.5396265750315964,-0.398141122470841,-0.9058039813251478,-0.14852992202335377,-0.4263167461450782,-0.722574467422792,-0.3076686752440342,-0.5814359276308276,-0.1749766418950015,-0.6565684135801637,-0.5693839871901732,-0.38525347432217644,-0.28736741638181335,-0.678722595763694,0.2440145403569031,0.12065137782139175,-0.6285325110174202,-0.784515717439358,-0.5119254266973754,-0.5721319467158245,-0.42246778208162594,-0.15637110820167952,-0.30250387565458775,0.5910735521454683,0.31997196650175236,-0.5477238283118907,0.3152976083777146,-0.4065644789081508,-0.7118224050499035,-0.7110032683382398,0.005950287961955052,-0.5019495845400075,-0.45671440173727146,-0.3511670941977419,-0.7413959175055758,-0.41645785955972076,-0.5021804062862033,0.10162216774802638,-0.37874743483433393,-0.15282117623619093,-0.21474855882293012,-0.2938385865727427,-0.541232582900669,-0.26596572919770894,-0.5796532962461585,-0.5279155697847382,-0.2817252996816962,-0.41568113072684193,-0.5909387649020781,0.25626836891322674,-0.39785038800179834,-0.4409485829971627,-0.034753482767182355,0.19935680074200865,0.30521680435398774,-0.5827670304004436,0.11875259060117743,0,25,train
-0.2777101702907402,0.4570637928838594,-0.8702140043268318,0.4690656256750991,0.3521742262958857,0.7400883014695101,1.2012927356859922,-0.5101795095968171,0.5682962043518928,0.7607589060109594,1.093849716138816,0.8352275103450721,0.47159765583483476,-0.06586015696761549,-0.2381654656939154,-1.065200318589353,-0.8092854660688193,0.2522952628508296,0.27350059716632635,0.07242515946395267,0.023222767379375585,-0.550058664467736,-0.02530206909251223,0.04544927151656529,-0.42745876397301835,-0.2906752993493512,-0.19209751062582486,-0.05757460936827644,-0.7291753260409851,0.861785429238897,-0.46073606044739907,-0.25592384068747503,-0.6389082215476543,0.6291430635985834,0.2596894782038151,-0.37803499002529767,-0.3484077563110914,0.24227739702274434,-0.4660653627916694,-0.5021589638669008,0.06847613201905238,0.008133980373713216,0.2013761750901556,-0.7430156987876687,0.26549768933551504,-0.04504942791379635,-0.8088397016424951,-0.24907511867145657,-0.4647583623440233,-1.1465651681377123,-0.42286526000733105,-0.09315059339729637,0.49410078239902433,-0.11343098286362822,0.35270607349502275,-0.19192342254555841,-0.8946849574482502,-0.18098581842554767,-0.16807201697551954,-0.8422890714972501,-0.43055894873962497,-1.3288350145134171,-0.27784458116264227,0.08322960079041705,-0.8610944798569592,-0.3923540515081048,-0.0350121940491334,0.17732573358711676,-0.1974982244979842,0.061497781491132636,-0.23571083339420765,-0.7246359526923996,-0.6010875722786241,-0.05649764043434992,0.5074648965017942,-0.2212259392737749,-0.0855802305764256,0.539554052862821,0,25,train
0.2240392851252471,0.17461479033527086,0.10255253027912889,-0.039888135362535194,0.08365924077261172,-0.5504399675593112,-0.5811336387000884,0.4788397489360733,0.2988000000488484,-0.40311191315234834,-0.023233045553013434,0.07684766213383136,0.06733583624959658,-0.09204118769518597,-0.6787537771181151,-0.3920739512915924,-0.42651574948079835,-0.017650285878453097,-0.06104450095902403,-0.7199711478626971,-0.38189214119759785,-0.5761388880580852,-0.36334281082219694,-0.8585367389479198,-0.5155415561676493,-0.5414064585778162,-0.6420556436232524,-0.003206334177894328,-0.3658162650862735,0.40772904772040136,-0.482495210795484,-0.6229015731784387,-0.23971386525837768,-0.15643734781318525,-0.3023265441173854,0.1438540227529894,0.041651944704341956,-0.4267594835446992,-0.9198571181646257,-0.43379372405357886,-0.522854402197757,-0.5598938764822661,-0.17425847236627126,-0.3118104634672585,-0.023496615855342337,0.27381983617334965,-0.42166788946263334,0.0626736257937999,-0.3774675371902146,-0.152153560615023,-0.6611332284348134,0.08192763033738114,-0.8663582553713606,-0.18678214074261182,0.1726454957131528,-0.34891556396270623,-0.5483825762186255,-0.5687695281597539,-0.006875492772940381,-0.18277861283049945,-0.3058603570033893,-0.4444067317064955,-0.4185918287715262,-0.6361508348217141,-0.3403568230301152,-0.4247712284819987,-0.3813767283498286,-0.24929234624422572,-0.26639808962288664,-0.8746068285513001,0.48099960947341286,-0.1764795215984878,-0.4851248559023934,0.0159828851228753,0.12232977680206228,0.29458159741201273,-0.6282841317927833,0.32154847602847547,0,25,train
-0.48969550251816346,1.2649993118019152,2.1498128187962484,1.936294724252257,2.079789510511667,1.9497748224384397,1.6192857979660815,2.461306710443046,1.2227869862307148,-0.6945856487341158,1.935929081488854,1.8775136607071876,-1.2802035623678643,-0.6081815077530042,1.024360704017447,2.6460910038091114,3.970299547642127,-1.280995453931496,-1.0514304845182296,2.948200522008985,1.3503233299591162,3.1220368170534263,1.6897575764478,1.871146508336996,1.3733449875616583,2.948278036257705,2.4176596607592544,-0.3946579155486456,3.6710629725534347,-1.4387669037881479,1.388791719139823,1.2158097739898275,1.406962854434888,-0.44106793165802893,2.1158891849527346,-1.1424178875288495,-1.533399253066838,0.9856517087643484,2.515426082597315,1.0995409403309286,2.083380174535588,2.184047141717182,-1.144647978295374,2.3839978062696945,-0.8282908834754514,-1.0268311094452722,2.9278184856747766,0.08417353920519689,1.6338585590621284,2.3363739798186414,1.023365897192038,-0.7406096849444057,1.5970443594485864,2.1604549113848637,-0.5257712908347068,1.3449470144854678,4.629662552643383,2.341566798431309,-0.8159580469435782,1.3925092255849392,2.7719276117591556,3.264328443157889,1.1264290938441763,2.805884721683552,2.7762384764749055,1.869644519559159,1.9765664474664428,0.9207888200768247,3.595822127656367,3.255600178181373,-0.7641329395762668,2.6591758623296324,1.4089328449093736,-0.41890026822047605,-1.2705755727786348,-0.7157630620756125,1.2029038703759591,-1.1842109732692128,0,25,train
-0.5476483271558763,2.0614398131743887,-0.7557708826084834,1.1402744004495267,1.4431219033275522,1.410339885384251,1.5109974398624315,-0.28580499124308667,1.8940166627867443,-0.6804167865877798,1.9567914081078865,1.8172321855929607,-0.9208597227365414,-0.8662516677819132,1.505675666077497,-1.4154079556294041,-0.6128641641354927,-0.7734978223204445,0.32318551272949725,1.4568928649616386,2.1046752286886528,-0.6387314246749232,2.4354356832044575,1.8888717242284565,2.3324687247920837,1.115063331079092,1.6503626339636415,-0.7861094969193968,-0.8489640274546263,-0.9166020650418778,1.7543454449876503,1.4833977039311552,-1.483037954117687,-1.0558699927628914,1.017637691792957,0.6657430355312766,-0.012660165563629772,1.7343358370183923,0.9589999742567371,0.9595549730941265,1.1690079595892253,1.5152401489674001,-0.853978310620758,-0.9539650225415386,0.3057374027165205,-0.8464182363433342,-0.6707784352837848,0.4120472187290011,-0.8684784286803887,-1.0016509137751093,1.8157454201020375,-0.6778457934168798,1.5824680126153323,0.7139700780113067,-1.0168455938761705,1.609354831609085,-0.7462696512069824,1.287891869961597,-0.4687655332764846,-1.1362423045030017,-0.43055894873962497,-1.6269020048516616,0.9121094213488304,1.876684992351216,-1.4170700232359956,-0.6877105528258048,0.8841859931334809,0.8409538577692051,-0.28936471133118746,2.0074606981247958,-1.1710786995095768,-1.2517094441288532,2.9330142601398337,-0.5457411879456202,-1.1036836875754175,-0.667904630836725,1.3499591210281334,-0.6975008482436973,0,25,train
0.15388586582696315,-0.32295525485206833,1.6793244295097054,0.6479621792823329,0.29306715401088823,-0.6827264643845891,-0.6201174476174025,0.5393618229656979,-0.024260667221260683,-0.5286075493056093,-0.4632384796998801,-0.4754084324610209,-0.009666415099972629,0.06130484942344115,-0.42698902773285813,-0.6285778100718867,-0.5624997277423321,-0.31998930045524965,0.035013002463106284,-0.9069410630746033,-0.5914343352891358,-0.7378362743182499,-0.49756487003839533,-0.43313155755286803,-0.6085178368175375,-0.6400547835201632,-0.5662732212236856,0.07290925108864063,-0.23404869353126817,-0.19767946097092629,-0.6174019429536107,-0.060966920301650525,-0.9674119105773714,-0.014122055890763398,-0.1373310146285926,-0.5203683571466486,-0.3089080397525665,-0.8674742540772215,-0.6650968344464748,-0.7105101709170251,-1.1470366327599446,-0.40414430282820724,-0.4783436631643311,0.42651216967128563,-0.09665973109353408,0.14795038982316044,-0.3346292650190985,0.13792332273368937,-0.48658106863247547,-0.7018283185421377,-0.7331677305175405,-0.20876828831642302,-0.2638692529301901,-0.6973061995803377,-0.16019375412606152,-0.5265645660926367,-0.5648731658009886,-0.7881219296255675,0.09852223459028447,-0.3900533284114782,-0.4674017144798764,-0.7082693133174003,-0.36421221037718465,-0.4862799107358534,0.08249781559619412,-0.46079031400854753,-0.6922166950299398,0.17483089101500363,0.08192900628634235,-0.35265759143673153,0.1530134746017899,-1.2376541510238812,-0.534823162920778,0.31677706618535995,0.18651896341868426,-0.24781395662871242,-0.25364337417891053,0.46350559582758416,0,25,train
0.07000677753553669,0.96941314634409,0.2233536032040521,1.363548393711268,1.1881171057551347,-0.11830407793007039,0.7941285092162678,0.5246003414950577,0.9566385608631119,-0.5002698250129375,0.8662606984766437,0.8099481820713641,-0.439595651801734,-0.1331828074099396,-0.01602009858927688,0.021807801573922602,-0.2250580039081557,-0.6331261369812176,0.08469791802627714,0.709013204114014,0.03719224698547812,-0.002373969070403574,-0.045186818606023096,0.027724055625104795,0.13529240838156809,-0.40987535865468705,0.1868146013720088,0.12727752627902275,-0.15418955925550737,-0.3111935563505502,0.5271293653556582,-0.6534830508860191,-0.14823182527541848,-0.5036866601038945,-0.5446637280540498,-0.08809664959291598,-0.3187829688921977,0.06174363559978339,0.5768595486795107,0.282413550181223,0.2820121582640113,0.4708018315225351,-0.853978310620758,-0.26217532846634795,0.11185514733531239,-0.01567989043208553,0.013525232755040867,-0.3404497506698938,0.19355994402428428,-0.10718017133007725,0.1090818322958852,-0.07993714254939618,0.12483332928991987,-0.43324203121599675,-0.5585095777041377,0.4236510266953633,-0.21857078457136372,0.5945816010428647,0.13262149932544545,-0.10363735779048938,-0.2973581802941005,0.08820477561921984,0.3203312211751142,-0.4313272385710379,-0.3560181059422008,0.14433032283747207,0.20033806643723642,0.13990309500542006,-0.3544368061713731,-0.6873859065428136,0.10442293610229021,-0.12728599573108546,0.028424316620913676,0.247920566905996,-0.20503507494270984,-0.024474610847237344,-0.6317854472845017,-0.12460247191158026,0,25,train
-0.1602794466827432,1.7182314321705805,1.612565941840669,1.1083781156978494,1.2235813491261331,1.0972618428977603,1.3528964370311023,0.9069227115846378,1.420305943421766,-0.4496667459188807,1.1829887480565002,1.0569077736683579,-0.8117731999913184,-0.13692295465673537,1.002146167306983,1.0997196194764176,0.8426680476268502,-0.28759583460773575,0.07144860720943158,0.7045615394661116,0.558719485613306,0.8061129622304205,0.6806065386371235,0.612656180043301,0.9916528880515909,0.650594134475542,0.6415091357694092,0.02397780341729673,0.2690638524060249,-0.6820062679239883,0.8099983198807629,0.8335413026450736,1.6647758762050457,-0.571998000226657,0.9042032652694121,-0.33586214050786034,-0.37803254372998507,0.906004461077748,0.8196779440983734,0.6144732864173584,0.714559493478159,0.763977499577234,-0.24133608798349035,0.786366898427887,-0.19177178090318334,-0.17511452247565854,0.07055053842494301,-0.2222002269072103,0.8591524858220759,1.2320274207105293,1.2062227101712686,-0.17243129848469751,0.7030284203423335,0.3677526128225042,-0.38936176221207797,0.8946274509468067,0.7598708639821795,0.5828305795357676,-0.08127388855874615,1.2191521907353933,0.3431391318056556,1.431949404193272,0.5410484958345002,0.4179413312488392,1.0887352426976895,0.6846166057357038,0.7598500064614364,0.5141294808223871,0.8130331306672516,0.7876880244331411,-0.08993921789570856,1.0217342156003832,1.2377497874016048,-0.2449470068831355,-0.5259810080258198,-0.0032041969632873387,0.544656557932893,-0.3882371229670678,0,25,train
1.5462787314646422,-0.04543268839444351,1.2183729670330248,0.1362348282662919,-0.4668809182247927,-0.9737567574002002,-0.8063734235556806,0.6545013784366911,0.22682275293685517,2.159428012170691,-0.7097932488339002,-0.5998605101161989,-0.8438574713869722,-0.09578133494198177,0.013599283691341588,-0.7559260417228144,-0.5322810659064356,-0.40637187604862013,0.8134100129527829,-0.5997762023693289,-0.5914343352891358,-0.7378362743182499,-0.41802587198435187,-0.527666042307324,-0.3687369025099311,-0.2290200962603844,-0.31998034842509376,-0.5631995686388301,-0.7850767200340177,-1.7566063708510948,-0.7000867142763336,-0.2941506878219504,-0.5141599852072553,0.020033614170617844,-0.08576991166334483,2.0100026138995917,1.1822062603317482,-0.378971134932739,-0.28693703830234457,-0.4435601868840534,-0.6652117530277296,-0.055998197013252184,0.17007328780212003,-0.23425556502833578,1.516586959908594,-0.418462118752691,-0.5657318195760703,2.540538646457304,-0.4392985383408291,-0.9916568272673436,-0.3951596822832052,-1.1436199358053614,0.18313871662293638,-0.6122188564407167,-0.43846919251622435,-0.39436065753082794,-0.8726975046717661,-0.5883545640049158,0.22871942721544458,-0.21669629356193235,-0.6261090130532673,-0.698496625109589,-0.4185918287715262,-0.15656387774695998,-0.6379211983597404,-0.23747198374394504,-0.7321818336030969,0.204769001880361,0.05130684400860793,-0.012255915057665098,-0.8977569204498911,-1.371179435521116,-0.5734774017128549,0.4073777231318915,-1.1357782808837285,-0.6785398377787001,-0.5127407205660749,-1.8179481152295194,0,25,train
-0.30668658260959664,0.5670875322487166,0.5015139684917043,0.6382546143579093,0.44674554195188154,-0.8091335613509656,-0.2584343315512111,0.635311452524859,0.6067956621094706,-0.5346799187968961,0.15314844313517018,0.17018672037521484,-0.054584395053887985,-0.2977492862689541,-0.401072068237317,-0.22379235946715223,-0.2250580039081557,-0.2120110809635366,-0.0676691563674468,-0.3460313174388849,-0.5215869372586232,-0.6856758271375517,-0.5174496195519062,-1.1480485985084412,-0.37363039096518835,-1.0716412051429307,-0.5520640170237668,0.02397780341729673,-0.05835859812459442,-0.3490315881437582,-0.29101468773233635,-0.9401844043945845,-0.1898145707222181,-0.048277725952144634,-0.7096592575428426,-0.1935287733865093,-0.4076573311488787,-0.6338423275298604,-0.37849151526355507,-0.22544251700345466,-0.6104589257854325,-0.32168864618782317,-0.33524474984759706,-0.18772262596498218,-0.19542993666509292,-0.12476674393558285,-0.09452271483003687,-0.09320074643882834,-0.11195794401404631,-0.3720234637858689,-0.5392286864486596,0.2470957659361335,-0.7108772224833165,-0.9525682289992006,-0.569422339993948,-0.3613096803903758,-0.12512411027130624,-0.19665384710167721,-0.18357168276422908,0.0471078899047679,-0.6062706007315934,-0.2000895265112132,-0.21066975844022043,-0.6561336246998288,-0.3873406717663718,-0.16543381269084748,-0.5501184245476033,-0.17694191165294543,-0.3467812656019395,-0.6873859065428136,-0.1931941122071454,-0.7000391897586984,-0.5403451970339318,-0.13622621854729766,-0.07023778304780368,-0.2052731288608124,-0.97141304998119,0.2252204304505089,0,25,train
-0.3112618056073108,0.1269925747892879,0.7669584313662066,-0.013539030567671294,-0.5563859133992174,0.5666460056319236,-0.4533533761377813,0.31941574905315967,0.034325464148966346,-0.5448005346157075,-0.48979053176046683,-0.38206937421963744,0.1186706704826427,0.16976911958051888,-0.2751896935446885,-0.7195408326796922,-0.4869530731525911,0.31168328357127173,-0.09085545029692654,-0.6620995074399643,-0.5029609644504864,-0.41444150179792033,-0.3931699350924633,-0.9117123866223013,-0.8042573750278283,-0.7345927615899123,-0.39102636942468755,0.09465656116479347,-0.5934147977721917,0.23367410147164464,-0.4563842303777821,-0.46617149992708967,-0.4102031215902562,0.09403756597027721,-0.3487315367861084,0.10168117323555206,0.021902086425079507,-0.6126030614801002,-0.856167047235088,-0.6551668815443358,-0.5338049676462164,-0.27129907824092175,0.4026090219418128,-0.3893653619061812,-0.16616469056981623,0.11438520412977665,-0.5387198326798008,0.046548690735252155,-0.35200771318702034,-0.5369258911640034,-0.3729952201039045,-0.04690351542964571,-0.6282779237615432,-0.324682317555101,-0.07289165580757909,-0.4769881003819584,-0.6363323873245619,-0.6353586500333044,-0.03167495803487564,-0.2732257614476538,-0.20950235429811626,-0.8450869482267583,-0.4025978233614257,-0.6361508348217141,-0.5791913874394196,-0.16543381269084748,-0.6655732693145017,-0.2293336056673208,-0.3276424141783555,-0.9540338863730823,0.15908729191422738,0.11868163360592623,-0.7446604592206238,0.0993354895136843,0.23787031271198186,-0.11487386985402487,-0.7683367514615208,-0.5099146542234466,0,25,train
-0.07640035839131674,-0.8697896609490451,0.741526626539907,0.3137445868843224,0.07859292029104051,-1.0663573051778947,-0.6179516804553294,1.3541956001450346,-0.5481880706178623,2.1068008099128717,-0.6566891447127267,-0.7107006417778418,-0.4780967774765186,-0.11822221842275646,0.06913562546750122,-0.5967407521591548,-1.2927840554431618,0.12812031043535954,0.09132257343469992,-0.6531961781441592,-0.5262434304606574,-0.9516941077591131,-0.3534004360654415,-0.17316172447811412,-0.29533457568107196,-0.6153927022845764,-0.727310868822765,0.1055302162028699,-0.3258866979483931,-1.0528189794974263,-0.6783275639282487,0.5047904172885852,-0.8301888506029327,-0.8281655256870163,-0.16826767640774123,1.2719777473444382,2.189449032574133,-0.3471122358580988,-0.4660653627916694,-0.7170211461373414,-0.6761623184761891,-0.39040169338814323,0.5188768890116593,-0.07914576815049039,0.04600834362093982,0.06403742558970098,-0.24759064057556365,-0.2544500970243058,-1.2394644355840758,-0.32705007450092316,-0.2787962558418767,0.14138815915293199,0.26573801534470975,-0.6444933659074695,-1.6279602821055477,-0.33652144753503666,-1.2904591074249643,-0.701947771906855,0.011724106173511063,-0.2807630238324167,-1.156078027932269,-0.23918027934245836,-0.2938385865727427,0.02328123115607279,-0.4930543314229492,-0.8822136146691683,-0.7810281140814,0.2222328998851528,0.5106392781746242,0.09553794912903928,0.31700654203760137,-0.8476197673609054,-0.25319942314993216,0.09208743695796179,-0.6479404625974016,0.4115688737737378,0.005453972208253765,-2.04609348633523,0,25,train
-0.9319670589638664,0.18118337178988922,-0.43310485887480693,-0.014925825556874658,0.1495214070330374,0.40643235947686496,1.071346705961612,0.831639156084373,0.25862665282354985,-0.6419584464762966,0.6443614062560256,0.5727114090411811,-0.08025181217041105,-0.07708059870800284,-0.4862277922940951,-0.6376741123326672,0.2785863600234509,0.00934426899447517,-0.6407018491960172,-0.5597112205382062,-0.3306707159752219,0.5087984133004401,-0.08495631763304483,-0.04317680794073717,-0.43235225242827563,-0.46742021487105606,-0.6704740520230899,-0.7806726694003586,-0.3977599187965778,-0.6744386615653468,-0.4433287401689311,-0.4202992833657192,-0.42683621976897607,-0.08812600769042275,-0.2920143235243359,0.4127059384266525,-0.32865789803182893,-0.08162141023609738,-0.5337360631543032,-0.7007437080865504,-0.4790521404039193,-0.43621039152168994,-0.19214583653086303,-0.4576136725324332,0.2215998201926,-0.1667232260523126,-0.484695858887262,0.6324213311958203,-0.03194135428972164,-0.48195841537129186,-0.356371873469429,-0.2979590815397493,0.003363772346135503,-0.4303079849008374,-0.07834803695248424,-0.30347047039458447,0.2596563133171658,-0.4708443489339442,0.1543210314296388,-0.3900533284114782,0.0682354182053178,-0.8402006041228527,-0.3546158071311244,-0.016684348600156718,-0.5674454252553555,-0.017755562031997456,-0.5723212793104683,0.16235667815443808,-0.9171190380247429,0.016110891307257107,-0.7337638530140795,-0.28892186643826456,-0.4078163783182397,-0.17246648132591028,-0.4296972281008868,-0.604093389184875,-0.28165389811265806,-0.01813463206224877,0,25,train
-0.45919401586673564,1.076152594981638,-0.9433304432024432,0.7408774435589581,0.22213866726889137,0.7900632002701707,0.5472310527399455,0.32384419349435173,0.7591196036720608,2.1634762584982155,0.5684984003686349,0.6329928841554079,1.6330482803575035,-0.3426310532305035,0.08394531660781046,-0.6922519258973505,0.07209217081149218,0.727399428614367,-0.037858207029544295,0.06797349481605014,-0.18166293351012822,-0.023238147942682905,-0.169466503065466,-0.26178780393541656,-0.16810387584438286,-0.04816483386608175,-0.2252523204256353,-0.10650605703962036,-0.4736260963585506,1.0055699500530875,-0.39110677933352717,-0.015094703740280054,-0.9258291651305718,1.1699411729037863,-0.3693559779722075,-1.6695785064968163,0.7279595199087119,-0.44799874959445934,-0.27897577943615237,-0.12777788869870896,-0.24361498326204148,0.04478093888055059,1.0912725422785954,-0.836081576914376,0.3642678949070739,0.038863536319663126,-0.19956933053775133,-1.2165712221843215,-0.11559506172878835,-0.9167011784591007,-0.1070216739522964,-0.34090279679542496,0.22686775712269874,-0.019541500778529217,1.5312844007945356,-0.31173321467969756,0.1497190494347452,-0.055641589016511325,-0.1401726185558424,-0.7669164476496214,0.025724534658873806,-0.698496625109589,0.01644511838320582,-0.13658108786884524,-0.3168648986619869,-0.2590834350598743,-0.2925653092983683,0.15986183558232495,-0.8214247809068229,0.19198509076977477,0.0436847629779156,-0.9706035820294113,-0.24767738903677833,-0.08911387693510127,1.3290864851945556,-0.1946379219188374,-0.05056707565924122,1.3659472859790605,0,25,train
-0.33566299492845303,-0.2835437661243583,-0.16607090819866088,-0.5044644567456618,-0.48207987966950633,-0.16827897673073092,-0.2627658658753571,-0.5913676576853379,-0.15315015623576017,-0.5002698250129375,-0.3418576702800548,-0.3003976982584269,-0.29200800338172633,-0.03967912624004501,-0.5343592885001001,-0.369333195639641,-0.2099486729902075,0.074131200689503,0.0979472288431227,-0.49293625081966824,-0.6054038148952383,0.008058120365736091,-0.7709801758491697,-0.7108266065190824,-0.5595829522649647,-0.2988959930945468,-0.9404489318215464,0.36649793711670403,-0.4856049664999147,-0.20524706732956788,-0.5347171716308879,-0.6725964744532568,-0.20644766890093796,-0.07674078433662901,-0.48279040449575256,0.2440145403569031,0.1848384172289947,-0.41083003400737916,-0.712864387643628,-0.5900571293411719,-0.7309151457184863,-0.6286069236825862,0.3131722011188541,-0.32421924721748613,0.013084941763753535,0.13116779697646855,-0.1335400292357594,0.1755481712036341,-0.09377235544033616,-0.012236349506302903,-0.3397485268349535,-0.09315059339729637,-0.5019495845400075,-0.3129461322944636,0.003497680221093049,-0.40262340181594103,-0.20208019498900065,-0.4630103345958795,0.18532036300705787,-0.05087652109714933,-0.0819697036587843,-0.2636119998619866,-0.377007414705265,-0.4163401461624518,-0.10543757934883226,-0.24827770940190969,-0.17711046453146992,-0.2842201422538093,-0.54965309069193,-0.5568985972641715,0.11049675341472767,-0.3697398017918541,-0.8992774143889314,0.3892575917425852,-0.05739994572447928,0.2148175453472002,-0.3971973093393665,-0.1753014432684048,0,25,train
0.1904876498086765,0.7575763944326485,-0.06593317669510611,0.8005096280947027,0.558204592546448,0.5769349553850008,0.8374438524577278,-0.2843288430960227,0.6687295724151391,-0.4699079775565034,0.632981955372917,0.5688222816144568,-0.048167540774757225,0.06878514391703272,-0.35294057203131196,-0.5421629385944715,-0.5977548332175445,-0.30919147850607837,0.015139036237837947,-0.07002810926892819,-0.11181553547961556,-0.4613859042605489,-0.15952412830871057,-0.23224577744964908,-0.20235829503118377,-0.27012356498636225,-0.7367836716227107,0.14358800883613737,-0.717196455899621,-0.21281467368820947,-0.2126817464792305,-0.4011858597984815,-0.568217554288095,-0.4979940484269976,0.11016227960459664,0.20184169083946574,0.09102659040249808,-0.44799874959445934,-0.3108208149009212,-0.3458955585793077,-0.1833868732955146,-0.09722602533344424,-0.2592234521480821,-0.6592564084736322,-0.08202710804589573,0.28640678080836857,-0.7488130640952297,-0.4479493177268788,-0.5665976583568002,-0.7867780538581464,-0.19567952266949912,-0.07333041712544608,-0.035506485875875494,-0.10169479760299086,-0.5366840531245171,-0.22497439968601057,-0.5758668921892306,0.0070305256880068496,0.17912049669157407,-0.32221796694861243,-0.4759038911891652,-0.4150886670830616,-0.3258265973929436,-0.12658969292978786,-0.4930543314229492,-0.6192742903253622,0.1381700731012142,-0.06217915333574218,-0.4233366712962755,-0.34698423016374713,0.007241859103290826,-0.31351862937196573,-0.17036891145262456,0.17906406762663205,-0.24354858691268305,-0.18932031844784988,-0.34817889245530836,-0.3071187687961486,0,25,train
2.014476551564059,-1.6301029643211178,-0.6381487852868476,-0.2506809737214464,0.87400523589772,-1.1001638543665768,0.020949632356206147,1.123916489203048,-2.4815304058353544,1.121052829160644,-0.2147871354186752,-0.2634509877045459,-0.4075113804060801,-2.4146726279553676,1.024360704017447,-0.1601182436416884,-0.6581921568893373,0.5276397225546978,1.5719330572171912,-0.4662262629322531,-0.31670123636911934,-0.23709598138354604,-0.48265130790326216,-0.060902023832197665,-0.5057545792571347,-1.2483861206646356,-0.39102636942468755,0.27950869681209267,0.3728807269645139,0.36989101592719337,-2.0099875652310484,0.9329311051947097,0.7624303000094936,-2.29685933832641,-0.8901231179212098,-0.5045535385776097,1.0390197878070955,-0.761277923828421,-0.2431501145382874,-0.4240272612231043,-0.40239818226470325,-0.2163286404806657,-0.21450504173660273,-0.25597093659123415,-1.1428922789996758,1.649992449602085,-0.6527704440196052,1.7772917203527103,-1.8323146230870269,-0.2021239931538516,-0.8439900414140439,-1.5829671764980426,0.411501483677251,-0.2982759007186669,-1.6497858066851683,-2.336105564532393,-0.4384453123362049,-0.376836176877167,-0.2238708138148739,0.8837440146134458,-0.9888685526495893,-0.33202081731666566,-0.6265138991028318,-0.49127560820538213,-1.14691289300252,-2.44904383507404,-0.4346635797807048,0.5141294808223871,-1.2501350527951047,-0.6646924614508758,0.23197309966347693,0.15381986636835648,-0.5403451970339318,-3.3362414218987912,-0.3141566921909672,0.10846547592745019,1.4760064787299971,-1.0321140591987392,0,25,train
1.869594489969777,-0.7384180318566783,0.5571460415492346,-0.3949076525985961,-0.7860591085637787,-0.7371109130794256,-1.243858390294427,-0.09242958397770067,-0.462819707764103,-0.6014759832010512,-1.1289363563617343,-1.0140525810623382,0.4459302387183117,-1.0382984411345193,0.25055434193628934,-0.5603555431160325,-0.7186294805611301,0.37647021526629953,-0.1074170888179835,-0.27925634772034696,-0.1025025490755472,-0.26839224969196507,-0.11478344190331113,0.12816694567671424,-0.08002108364975194,0.07514557231185186,-0.13999709522612275,-1.1938715608472628,-0.6053936679135559,0.4834051113068173,0.07018720804587404,0.030777512821090414,-0.7220737124412536,0.2477380812464928,0.19781615464551783,-0.32004732193882135,0.0070896927156326745,0.01395528698782313,-0.3187820737671134,-0.21893154178313828,-0.013653108844393375,-0.07432167626667087,0.21926353925474734,-0.7150959353496565,0.8434862997172299,-1.0268311094452722,-0.550725160189254,-0.9639472396004067,-0.14832912116146663,-0.7318105780654348,0.5246654981577729,-1.179956925637087,0.3143258381222235,-0.20732046494872725,0.18355825800296308,-0.3984920296733845,-0.3724829540067525,-0.23582391879200107,-0.5245643301158389,-0.4729632146438697,-0.3171965926157744,-0.6154287753431931,-0.20427215627618026,-0.07663271823450098,-0.7044816507361038,-0.23747198374394504,-0.36361444453953656,0.2746245938995282,-0.41568113072684193,-0.17111003070122943,-1.6812793537543236,-0.7070668363111844,-0.23663332081047064,-0.5131249514448688,0.4882081405168076,-0.9710080286830125,0.015957918683409074,0.5699734356769156,0,25,train
-0.40581641422673703,0.997329617526218,0.21540616419583347,0.3081974069275089,0.2542253636521757,-0.20061567595468768,0.22886327991521432,-0.10719106544834081,0.8076623982359632,-0.47598034704779024,0.44332444065444,0.41131262083212217,-0.07383495789128028,-0.30148943351574986,-0.34183330367608006,-0.20559975494559113,-0.32075043305516093,0.00934426899447517,0.07144860720943158,-0.5819695437777188,-0.06525060345927379,-0.17450344476670807,-0.20426481471411004,-0.7167350118162359,-0.2366127142179847,-0.36466154305611137,-0.5804824254236044,-0.16087433223000247,-0.5894218410584038,-0.22794988640549266,-0.2823110275931024,-0.7108233215877322,-0.056749785292459255,-0.28167480470491646,-0.6116931619088719,0.06477992990779438,0.0959640549723137,-0.5117165477437396,-0.8004382351717424,-0.14079983913934171,-0.6597364703034999,-0.5461512670422021,-0.43809709379399964,-0.4731246522202177,-0.1186086656649916,0.1982981683632361,-0.5717344833307968,0.20779804132072963,-0.43566142062608704,-0.08719199831454581,-0.4117830289176807,0.11165789474515657,-0.5845488832617808,-0.4831208185737056,-0.2693213770241646,-0.1877920504030019,-0.454935901918568,-0.43950829158168514,-0.16187215066003574,-0.14886093209906656,-0.1556552351392872,-0.21474855882293012,-0.18507934978405974,-0.8159959437247468,-0.22289720118947376,-0.42116931992934387,-0.5900835631207604,-0.18941612451351098,-0.43481998215042594,-0.7724863256375802,-0.22963701608177017,-0.36271215523936806,-0.4354265488840089,-0.22682687549382918,-0.07023778304780368,0.07655985510152519,-0.7893446444118314,-0.19558103181113462,0,25,train
-0.20145645366217071,0.419294449519804,0.22176411540240837,0.4746128056319125,0.8706276889100057,0.7033420523513774,1.12765665217551,0.3755093786415923,0.4527978310791595,0.7445659207008613,1.0085038345155015,0.8371720740584343,0.465180801555704,-0.05463971522722814,-0.3714526859566985,0.09912637079055728,-0.17973001115431111,0.7759896273856379,-0.05110751784638986,0.18371677566151584,-0.22822786553047,0.15932341718976123,0.024409804691264934,0.18134259335109573,-0.4470327177940474,0.1614628566364054,0.05419536217276701,-0.3185423302821106,-0.2460275636726323,1.179624896301844,-0.23444089682731545,-0.43176733750606183,-0.3644621015987766,0.3502050914306365,0.2648455885003399,0.18602687227042675,0.15521362981010103,0.3113050116844647,-0.2471307439713835,-0.33612909574883315,0.20535820012479528,0.14556007477435337,0.17454512884326795,-0.5103510034709006,-0.1478739117602683,-0.30937526524919373,-0.3226239375096454,-0.24907511867145657,-0.18470029830888693,-0.07220086855289723,-0.26217290920740116,-0.20876828831642302,0.5767000811207977,0.0009968234275861917,0.06351787281504973,0.06422165029294594,0.0892535542994139,-0.21623888294683916,-0.11847308645164904,-0.2694571302552724,-0.12731464610832455,-0.3613388819400995,-0.09551291948749727,0.07323820585135968,-0.4382398412306498,0.05788451757375499,-0.008368768333695308,0.17732573358711676,-0.492236536421178,-0.02927599887661842,-0.3632609969553943,-0.3381153923056669,0.006336180168298318,-0.009385298822153528,0.8733432602165396,-0.3116251982805624,-0.38669336286421113,0.44322600728485434,0,25,train
1.3571695142257898,-0.6875115255833862,0.5937042609870403,-0.16747327436924458,0.021174621499900174,-0.8929150093403082,-0.22594782412011608,-0.35666010230215944,-0.34229966608820744,0.7546865365196727,-0.3911686241068588,-0.5259670890084369,-0.18933833491563407,-0.6829844526889198,-0.07155644036543651,-0.7058963792885213,0.03683706533627971,-0.023049196853038748,-0.24984718009907325,-0.9247477216662134,-0.386548634399632,-0.45095381482440916,-0.5174496195519062,-0.2676962092325701,-0.2561866680390138,-0.24546148375077553,-0.5804824254236044,-0.33485281283922524,-0.5774429709170397,0.19583606967843664,-0.508606191213186,0.09576315294969857,-0.555742730654055,-0.26459696967422586,-0.8230936840663877,0.38107630128857445,0.03177701556471073,-0.57012452938058,-0.6133486518162253,-0.52169188952785,-0.2545655487105009,-0.3720782141347245,-0.14742742611938364,-0.4141829294066365,0.43743101014526564,0.07242872201304693,-0.4456785444815395,0.9602950107196245,-0.2283457108857913,-0.3070619014853917,-0.22338510039362494,-1.0808560442778357,-0.2638692529301901,-0.3774951512279692,-0.2584086147343543,-0.497644961094741,-0.11962724707718521,-0.6079395998500777,-0.24557034591906723,-0.4013592219886225,-0.08763782146497683,-0.312475440901043,-0.36421221037718465,-0.30143910436329197,-0.3873406717663718,-0.16903572124350236,-0.6389298435990636,-0.014777144465593016,-0.5764474826849476,-0.4264112879855293,-0.35111336233051943,-0.5770553750901926,-0.4243824806577012,-0.20145869154880036,0.09665410215541348,-0.040427421260199846,-0.34117626147187147,-0.6772212597009675,0,25,train
2.8334414681548954,0.4816959733386782,0.3234913347076069,-0.47950214694000126,-0.6290031736350713,1.7704531267419519,0.5299049154433616,0.36665248975920817,0.38416836290260775,-0.7370922351731235,0.8871230250956762,0.7788351626575696,-0.44601250608086473,0.8280350350165767,0.2838761470019851,0.35382283409241266,-0.250240222104736,0.48444843475801264,0.7041031987138071,-0.8223594347644553,-0.01868567143893201,0.04457043339222492,-0.29871737490328665,-0.10226086091227216,-0.04576666446295104,-1.2935999362632113,-0.7888840870224129,1.6604628866477984,-0.8289992438856861,-0.2733555245573422,-0.6348092632320788,-0.041853496734412826,-0.2480304143477376,-0.27028958135112274,0.11016227960459664,-0.10918307435163464,-0.14103424437883566,-0.17188829094757785,0.1190871638734584,-0.4207717736129461,-0.9882534337572829,-0.8439078049102557,0.13877040051408443,-0.5972124897224941,0.26915584509742463,-1.1149397218904047,-0.6527704440196052,-1.8723185812319298,0.1499145314473799,-0.09218904156842868,-0.4284063755521562,3.3588634406166284,0.18799749890068773,-1.0200512942478654,-0.08926079924229455,-0.5430900546628628,-0.28453314290081605,-0.701947771906855,-0.9368554400955126,-0.09986872659810794,0.24678112910038255,0.28365853977544564,-0.16908534437395928,0.9125153807321793,-0.399086633950436,-0.14022045282226334,-0.754384688365962,0.4317996759426544,-0.44630329300457633,0.9011552498928299,3.1352577750085837,0.09057104739598204,-0.5789994358260087,0.885749191809578,-0.5259810080258198,2.4960694344008383,-0.047065760167522785,-1.0574635448771514,0,25,train
0.2225142107926757,0.14341402842583376,-0.4410522978830255,0.28046150714344165,0.24071517570131912,0.07865581734312102,0.055601906949374176,-0.21790217647814197,0.21343163719508898,-0.437522006936307,0.13797584195769202,0.19546604864892286,-0.02250012365823416,0.027643524202279095,-0.5898956302762597,-0.31475538207495773,-0.49198951679190717,-0.2767980126585644,-0.08423079488850375,-0.6487445134962567,-0.5122739508545548,-0.25274411553775555,-0.5920174302275719,-0.9235291972166083,-0.40788481015198924,-0.21668905564259103,-0.7557292772226024,0.03485145845537315,-0.5375134037791592,0.08232197429881273,-0.44768057023854807,-0.7414047992953124,-0.4767355143051356,-0.25890435799732897,-0.5291953971644755,0.18075526608074707,0.13546377153083858,-0.5064067312312996,-0.6889806110450515,-0.4858815258161099,-0.5502308158189056,-0.50492343872201,-0.21897688277775065,-0.32111705127992923,-0.0930015753316245,0.06403742558970098,-0.6047491339817929,0.0519236690881014,-0.29381382975114784,-0.4119998098169318,-0.45611195327628207,-0.12618422051704684,-0.7351711338720734,-0.24839711336095804,-0.14382461069134606,-0.5637469153756454,-0.2570488269302109,-0.6549436858784664,-0.013075359088424197,-0.38251606602671534,-0.164157411848576,-0.41997501118696723,-0.3802062157872851,-0.45131002844915263,-0.5243768972471202,-0.2266662580859804,-0.1460264678634588,-0.24430266109999949,-0.6185529558168325,-0.6873859065428136,0.007241859103290826,-0.16945187504600176,-0.6397418110707009,0.04497509534576539,0.10949193947873788,0.3796632529478128,-0.7718380669532392,-0.2716294888463714,0,25,train
-0.11910243970331566,0.5473817878848616,-0.5523164439980864,0.49125434550235286,0.5717147804973046,0.17713576497971673,0.4454399961225145,-0.09390573212476468,0.5381661939329189,-0.4861009628666016,0.7088449612603078,0.63493744786877,-0.2021720434738956,-0.12196236566955225,-0.35294057203131196,-0.733185286070863,-0.401333531284218,-0.17961761511602267,-0.011359585395853175,-0.003253139550390289,0.13032211102616167,-0.3779291887714315,-0.04021563122764538,-0.39177272047279355,-0.3589499255994165,-0.4263167461450782,-0.1968339120257978,-0.08475874696346751,-0.6493161917652244,-0.32632876906783337,-0.11694148494765665,-0.5770293566170683,-0.5765341033774548,-0.3272156981200915,-0.4106048603444057,0.29673060225369974,0.2243381337875196,-0.30463370375857857,-0.4103365507283239,-0.5835461541208556,-0.5283296849219867,0.031038329440486574,-0.6124988943987694,-0.6933805637867582,0.024059409049482297,-0.39748387769432614,-0.6047491339817929,0.19167310626218187,-0.3156365360396,-0.6518578860033091,-0.6001809574417365,-0.03038670186977047,-0.4193502858182341,-0.28653971545802953,-0.26386499587925943,-0.21671165540089754,-0.5373888498303834,-0.3650851553700698,0.17912049669157407,-0.5031122641829212,-0.16132335294547973,-0.6398604958627212,-0.20107335519416017,-0.5062627006139682,-0.6418365190877617,-0.29870442913907796,-0.3058870221560874,-0.012282301893479902,-0.5955863341085316,-0.5739186810831247,-0.1931941122071454,-0.25729745695207734,-0.4685587535629319,0.030478990234320345,-0.3205756108526294,-0.29035478439661244,-0.43221046425655085,0.04777403070162311,0,25,train
-0.05047409473760312,0.24358489560876342,-0.6842439315345157,0.125140468352665,0.16809791546546518,0.14038951586158402,-0.10249909588195497,0.21460923061161458,0.24021386867862132,-0.459787361737692,0.07159571180622507,0.07879222584719352,-0.17008777207824177,-0.11448207117596068,-0.7787191923152025,-0.3102072309445674,-0.4466615240380626,0.003945358019889516,-0.13060338274746322,-0.6977128246231845,-0.2421973451365725,-0.40922545707985053,-0.47768012052488446,-0.480398799930096,-0.4127782986072465,-0.352330502438318,-0.8362481010221421,-0.07388509192539108,-0.6812598454755286,-0.12957100374315192,-0.5869391324662918,-0.5311571400556978,-0.33535417978601684,0.07695973093958659,-0.472478183902703,0.18075526608074707,-0.16078410265809812,-0.27808462119637845,-0.9636440419286828,-0.6649333443748103,-0.7911432556850131,-0.7522904086431623,-0.11612453883134809,-0.6096212734727217,-0.15884837904599705,-0.16252757784063962,-0.517710509538258,-0.17382542173156706,-0.2865395943216638,-0.16214764712278873,-0.5336875709038345,0.029073826945780385,-0.44364419720699094,-0.4068356143795626,-0.03469698779324302,-0.5100390775224106,-0.5538794394127465,-0.3729191697081346,-0.18357168276422908,-0.38628469721909675,-0.053629114627821634,-0.49815651684945755,-0.44418223742768687,-0.6011809525350132,-0.5087156143350348,-0.17263762979615724,-0.3991390121601207,-0.31166341054705354,-0.6797972803723012,-0.6476723776319225,0.0436847629779156,-0.4681268535266588,-0.706006220428547,-0.031129456489321094,-0.14726480698775007,0.07655985510152519,-0.505738089582638,0.17959135622936684,0,25,train
0.09745811552182171,-0.9469704930408105,1.0928034307031704,-0.18134122426127824,-0.7539724121804944,-1.2206915514740522,-1.5860496019019614,0.08913663811117324,-0.6620125544228749,0.9732918382059983,-1.5480794638895685,-1.4049098874481314,-1.2417024366930796,-0.05463971522722814,0.257959187506444,-1.2243856081530125,-0.7186294805611301,-0.6439239589303889,0.10788421195575687,-0.1857713901143939,-0.1863194267121624,-0.47181799369668853,0.20337255031286272,0.5594805323689196,0.19401426984465536,0.3217663846677191,-0.1968339120257978,-0.302231847724996,-0.5494922739205234,-0.9998457349869353,0.14852014929897991,0.49714504786169017,-1.12126806873053,-0.5776906119035539,0.8113932799319661,0.8449776459803852,-0.00772270099381416,0.13608106677394377,-0.5695617280521682,-0.2742748311558275,-0.05198008791400139,0.22801573141473747,-0.2547516111069342,-0.5072488075333437,0.12282961462104115,0.06823307380137394,-0.5717344833307968,-0.21145027020151183,-0.33018500689856817,-1.266494206230901,0.6299466935094511,-0.04029679000569561,0.6787345089535766,-0.13983739970006231,-0.6949191063267666,-0.20018616683067145,-0.7792508303717086,-0.30241304066555164,0.021023905646736785,-0.9251989577296416,-0.20383423649192373,-1.5438341550852654,-0.20107335519416017,0.9524809604884088,-1.2761184770272258,-0.46079031400854753,-0.4080201540652667,0.37441829678405275,-0.3697478873102403,1.326657345366663,-0.1931941122071454,-1.21305738809018,0.6468921372941437,-0.14709829738088145,-1.0459134196204578,0.09783026898547519,0.12099738343496218,-1.1892808704048952,0,25,train
1.4196975618612169,-0.18337289894142864,1.7142931611458674,0.25827278731618786,-0.11392725800866532,0.31089211176971987,-1.0099555367905428,0.12456419364070961,-0.05271678817251381,-0.5002698250129375,-0.5334117601457166,-0.4656856138942101,0.0609189819704658,-0.18928501611187634,-0.38255995431193046,-0.6604148679846186,-0.6430828259713891,-0.033847018802210055,0.11782119506839105,-0.7377778064543072,-0.3492966887833586,-0.24231202610161587,-0.3881987477140855,-0.5335744476044775,-0.3932043447862174,-0.586620274176392,-0.8883485164218442,-1.025329907757078,-0.4097387889379419,0.54394596217595,-0.504254361143569,-0.5235117706288027,-0.672174417905094,0.1623489060930397,-0.7766886913976647,-0.8155783037687101,0.16015109437991665,-0.44799874959445934,-0.39441403299593947,-0.6454004187138612,-0.6487859048550405,-0.5140851783487194,-0.053518764255276935,-0.13498529502651474,1.4543983119561308,0.0430591845313361,-0.49670118639671507,-0.711323257016492,-0.2610797703184696,-1.2215208169459553,-0.4284063755521562,0.20745541339243295,-0.3075982934299525,-0.2601332986215954,0.052605110525239425,-0.3778351689606019,-0.454935901918568,-0.5844375568358834,0.2690185582660894,-0.49934363299053974,-0.11314435159284322,-0.9672455508243994,-0.36421221037718465,-0.38137026387575096,-0.5165462557910775,-0.26628725216518406,-0.7943498269391192,0.1299237247169676,-0.28170917076175384,-0.4944916232613426,-0.4968849778290185,0.09759869394846808,-0.3139417983946244,0.08846341068010052,0.12874869546372447,-0.32757800869352494,-0.4112025713062402,-0.34767794588160816,0,25,train
-0.308211656942168,0.47348524652040525,1.6538926246834058,-0.35330380292249525,-0.5597634603869315,1.100201542827211,-0.05918375264049493,0.3208918972002237,-0.02258677775353991,-0.4233531447899711,-0.26409808924547923,-0.12149783662910853,-0.22783946059041865,0.13610779435935683,-0.38996479988208504,-0.2647257196406647,-0.481916629513275,0.03093991289281778,-0.23328554157801631,-0.5552595558903036,-0.5308999236626916,-0.5031142620051076,-0.7361818642005257,-0.7580938488963104,-0.9168076094987456,-0.9113376771116172,-0.7794112842224671,-0.003206334177894328,-0.6932387156168928,0.09745718701609592,-0.7392531849028865,-0.19858356998576193,-0.06506633438181918,0.03711144920130847,-0.7354398090254666,-0.39384980859433666,-0.09165959868067955,-0.4320693000571392,-0.38247214469665114,-0.8179412620522453,-0.24909026598627118,-0.3583356046946605,-0.2010895186131589,-0.7895486378510224,-0.5027150206654982,0.18990687193989017,-0.6887864265479644,-0.3189498372584968,-0.017392883430753514,-0.4070027665630489,-0.5558520330831351,-0.5126776578181274,-0.37076246304072036,-0.6474274122226288,-0.01287146321362241,-0.6174547532288801,-0.6803072928775301,-0.42775727007458797,0.10162216774802638,-0.318449335756231,0.15325718529820576,-0.6447468399666269,-0.3546158071311244,-0.5012670031444395,-0.8689251213130019,-0.37074260019217553,-0.5812024212156144,0.03262486440455615,0.10489562799464315,-0.7611396030916113,0.0436847629779156,0.8530706983407182,-1.0428503013309312,0.026854963956459085,0.2699649060202928,0.012748613449675166,-0.4707249346654536,-0.5149845513591291,0,25,train
-0.5644241448141616,1.2879893468930794,0.18043743255967148,0.9821797716803433,0.6088677973621601,0.05660806787224139,0.6013752317917707,0.28841663796481537,1.1273752865706308,-0.5164628103230358,0.8852264499484914,0.7924471086511047,-0.5871833002217416,-0.6044413605062083,0.257959187506444,-0.13282933685934672,-0.06892825108935767,-0.001453552954696137,-0.0676691563674468,0.036811842280732456,0.38642923713804145,-0.18493553420284772,0.36245054642094965,-0.374047504581333,0.3163514812260872,-0.4838616023614472,-0.19209751062582486,-0.2804845376488431,-0.2460275636726323,-0.47011328988202367,0.12240916888127795,-0.5120437164884601,-0.2521886888924176,-0.4239900966273383,-0.3693559779722075,-0.21988680433490765,0.016964621855263897,0.0458141860624633,-0.1476150081439808,0.18149343426631911,-0.3093183759527981,-0.17510081216047366,-0.5811960071107337,-0.3118104634672585,-0.14055760023644912,-0.1373536885706018,-0.295611950613376,0.11104843096944314,-0.12650641487301445,-0.2271092094232659,0.3251853385440668,-0.3937566001870257,-0.06465917954238375,-0.4919229575191836,-0.6239861514429995,0.13858634885896332,-0.15260842624191137,-0.02430553166425224,-0.40366693696390454,-0.1300177761371594,-0.2775197679724266,-0.24895296755026963,0.131601957335929,-0.5811981626568985,-0.3560181059422008,-0.05737655611120112,-0.3236493059663794,0.10747014156794957,-0.5649641718307972,-0.5455518747182025,-0.18712029489470794,-0.3943365647255553,0.42601077276799015,-0.33192363755180576,-0.4104404721159002,-0.05106262820217485,-0.46722361917373517,0.06298372210867047,0,25,train
-0.2777101702907402,0.8938744596159791,0.1565951155350156,0.8948116873605314,0.4940311997798794,-0.12565332775369695,-0.18046671371658304,0.7032142672898036,0.8762918664125149,-0.4010877899885861,0.12469981592739862,0.15074108324159327,0.035251564853942735,-0.10326162943557332,-0.22335577455360617,-0.3374961377269091,-0.4164428622021662,-0.13642632731933746,-0.2763458017327644,-0.2569980244808343,-0.4517395392281105,-0.550058664467736,-0.6168733671194605,-0.4626735840386355,-0.3393759717783874,-0.3441098086931224,-0.36260796102485005,-0.11194288455865857,-0.24203460695884427,0.18070085696115346,-0.2692555373842514,-0.5196890859153552,-0.2563469634370975,0.03711144920130847,-0.632317603094971,0.2440145403569031,0.19471334636862592,-0.8196859054652612,-0.5098522865557266,-0.22544251700345466,-1.026580412826891,-0.023932108319769486,-0.26816713423037797,-0.4172851253441934,0.11185514733531239,-0.09539720645387204,-0.10952937421685321,0.18092314955648336,0.14627741373263786,-0.1771387768844373,-1.0213057388484492,-0.1228808578050718,-0.2978807288744497,-0.38336324385828785,-0.48757662282037073,-0.026668536843297543,-0.26254569012433193,-0.255408954637163,-0.12777288592487476,-0.2619198678705095,0.025724534658873806,-0.14145339726434547,0.058029532449466965,-0.7610432715599313,-0.4460704826866926,0.2920085734963221,-0.5723212793104683,-0.04471525533095038,-0.30467579247005466,-0.43775801053149815,0.1347920226644775,-0.17999334487473082,-0.5513892652602395,-0.09273790321296253,0.09023518349375129,0.18291192452127522,-0.5022367740909196,0.24043012185755627,0,25,train
-0.2487337579718838,-0.03886410693982517,-0.16607090819866088,0.20280098774805333,0.554827045558734,-0.27263832422622786,0.1942110053220463,0.46260211931836914,0.08956381658375184,-0.36060532671334056,0.22521829872819144,0.12546175496788525,-0.09950237500780335,0.08748588015101164,-0.6676465087628832,-0.5285184852033006,-0.30564110213721274,-0.14722414926850877,0.06813627950522019,-0.7911977822291376,-0.4843349916423497,0.04457043339222492,-0.5820750554708165,-0.9707964395938363,-0.618304813728052,-0.9195583708568127,-0.7178380660228191,-0.003206334177894328,-0.2460275636726323,0.1428628251679455,-0.8175861261559925,-0.6878872133070469,-0.38525347432217644,-0.3727565915352664,-0.8024692428802886,-0.18298556100715,0.19965081093844153,-0.47454783215665947,-0.9357796358970101,-0.43704921166373706,-0.6487859048550405,-0.6973199708829062,-0.12059637987249602,-0.497942219720673,-0.04178739466489027,-0.099592854665545,-0.42166788946263334,0.2400479114378251,-0.48294395091773346,-0.1771387768844373,-0.8273666947795684,0.05880409135355581,-0.637995488317046,-0.47431867962822755,-0.2584086147343543,-0.20844891111578448,0.12223473346414007,-0.6157736141881425,-0.05337449013906899,-0.25061397429336524,-0.42489083093343244,-0.5812243666158535,-0.49536305474000825,-0.8959271032372059,-0.5204615765190989,-0.3599368745342109,-0.6344892726464906,-0.3391066788402978,-0.6185529558168325,-0.9994207765569578,0.15908729191422738,-0.23972834057086223,-0.8661452097100083,0.2587926457395798,-0.26280534289766966,0.19354713146325023,-0.7403262275277732,-0.002924940655201413,0,25,train
-0.038273500077032,-0.21621580621452033,-0.10884934733948672,-0.35885098287930867,-0.130814992947236,-0.4357916703107372,0.4237823245017845,-0.5278932873615853,-0.04267345136618918,-0.37275006569591423,0.11521694019147478,0.01656618701960453,0.0801695448078581,0.12488735261896947,-0.4047744910223943,-0.38297764903081183,-0.633009938692757,0.2954865506475148,-0.014671913100064564,-0.8490694226518705,-0.5541823896728624,-0.45095381482440916,-0.4080834972275964,-0.6162921217646264,-0.8238313288488573,-0.6112823554119786,-0.8978213192217901,-0.035827299292123596,-0.7371612394685613,-0.22038228004685106,-0.6348092632320788,-0.5158664012019076,0.005624332877740206,-0.014122055890763398,-0.6220053825019215,-0.309504109559462,0.3428372834630942,-0.44799874959445934,-0.7884963468724541,-0.5640132284599064,-0.9006489101696075,-0.6148643142425221,0.17007328780212003,-0.25907313252879105,-0.21006255971273127,-0.032462483278777425,-0.5117078457835315,0.08954851755804613,-0.13741776801724054,-0.5369258911640034,-0.8827778502278201,-0.16252121034877237,-0.5699725364285267,-0.38042919754312854,0.16718911456824764,-0.27041949325413234,-0.3449986380361474,-0.6588606930474987,0.1543210314296388,-0.2769943926400352,0.05689918259293273,-0.3173617850049487,-0.44418223742768687,-0.6511379272303002,-0.2620504084696876,-0.179841446901467,-0.5412372826424572,-0.3391066788402978,-0.44630329300457633,-0.7554662418186269,-0.12030830445789588,-0.24324216384710526,-0.9655418237467774,0.11745562090299061,-0.018886433754506087,0.22545275228917522,-0.5792657149087251,0.08326331065140027,0,25,train
-0.05809946640046007,0.7625028305236122,0.5730409195656719,0.9003588673173448,0.926357214207289,0.482864557642581,0.6078725332779896,0.12604034178777362,0.6704034618828598,-0.5164628103230358,0.706948386113123,0.5824342276079919,0.054502127691335035,-0.02097839000606609,-0.06415159479528189,-0.08279967442505372,-0.36104198216968947,-0.4441642528707197,-0.001422602283219004,0.08578015340766025,0.13032211102616167,-0.2631762049738952,0.009496242556131785,-0.1908869403695746,-0.1436364335680965,-0.02350275263049503,-0.1542062994260415,-0.3185423302821106,-0.3658162650862735,-0.34146398178511655,0.035372567488938106,-0.1756474617050767,-0.03180013802437947,-0.3955270382428539,-0.3023265441173854,0.048965111338755384,-0.08178466954104832,-0.16657847443513785,-0.0401380134503859,-0.17335471524092363,-0.00817782612016366,0.19136877290790008,-0.2726389752715259,0.14111014341605008,-0.29785829799856134,-0.10378850287721798,-0.3106186100001923,0.15404825779223713,-0.2865395943216638,-0.24709738243879736,-0.05715163404886988,-0.14930775950087216,-0.13754091370865437,-0.14277144601522165,-0.14382461069134606,0.22534516385265027,-0.30652059567730017,0.06578563322349264,0.0272237719622206,-0.02449610275047931,-0.09613999817426562,0.23479509873638918,-0.09871172056951735,-0.5312411879616117,0.1803808337967287,-0.24827770940190969,0.14705121500636023,-0.007292616749253674,-0.6989361317958853,-0.6136322099940158,0.08012766685254037,-0.16593805176975873,-0.11514857032108616,0.10658354206940683,-0.3334134481759538,0.0021134065077001627,-0.09258286155986246,-0.1195325747758978,0,25,train
1.1970367093057939,0.17954122642623463,0.005593774378861577,0.04193276900046322,0.24071517570131912,-0.20061567595468768,0.5602256557123836,-0.1898553616839257,0.24356164761406288,0.6636009941503703,0.5286703222777547,0.4190908756855708,0.16358865043655807,0.06878514391703272,-0.449203564443322,-0.30565907981417717,-0.481916629513275,0.23069961895248697,-0.3425923558169922,-0.9069410630746033,-0.4331135664199738,-0.4613859042605489,-0.3931699350924633,-0.5572080687930915,-0.3051215525915865,-0.5208547242148273,-0.5710096226236585,0.8721228963872577,-0.5734500142032516,0.22610649511300304,-0.499902531073952,-0.3132641113891881,-0.14823182527541848,0.4925203833530584,-0.48279040449575256,-0.05646701245483797,-0.04722241755233905,-0.4373791165695793,-0.6810193521788592,-0.5705242036802228,-0.5447555330946758,-0.49576169909530066,0.2013761750901556,-0.32421924721748613,-0.12958313295072035,0.3619284486184821,-0.4576838719909926,0.605546439431574,-0.552049187497832,-0.31205894473927454,-0.5392286864486596,-0.16252121034877237,-0.3610448984852176,-0.2542652059912767,0.13990720884372188,-0.44806849538406274,-0.9551504525835816,-0.8155409798087941,0.20701989511125124,-0.22800218713907663,-0.2576813556507528,-0.15122608547215674,-0.46977264608384756,-0.8060045487856895,-0.13676014517300333,-0.475197948219167,-0.7277412626505239,-0.05718946819151595,-0.3582645764560899,-0.3696776752556849,0.7300261192833488,-0.20107628453218895,-0.2752875596025475,0.2950329085181924,0.37908652326855025,0.911423600046563,-0.23963811221203682,-0.14995195758999252,0,25,train
-0.009297087758175589,0.728017777886866,-0.19627117642989167,0.8448870677492104,0.5497607250771627,0.5063821570781859,0.6880059182746907,-0.24299669497823023,0.6235345567866782,-0.5488487809432321,0.6348785305201018,0.4813169145131598,-0.3048417119399879,-0.09952148218877754,-0.401072068237317,-0.5558073919856423,-0.5322810659064356,-0.10403286147182356,0.09132257343469992,0.16591011706990574,-0.36326616838946113,-0.26839224969196507,-0.27883262538977577,-0.527666042307324,-0.3051215525915865,-0.20024766815219988,-0.547327615623794,0.1979562840265195,-0.5454993172067353,0.1352952188093039,-0.23444089682731545,-0.28650531839505533,-0.41851967067961615,-0.27028958135112274,-0.40029263975135615,0.1754836598910674,0.03671448013452634,-0.05507232767389724,-0.25907263227067184,-0.28729678159646027,0.013723304776755207,0.02187658981377723,-0.26369529318923,-0.3924675578437381,-0.01983846009343275,0.0011027024146063658,-0.6047491339817929,-0.13620057326162233,-0.4574841269145392,-0.7018283185421377,-0.21230286930397463,-0.16912793577272245,-0.22014021243042772,-0.0782224270817161,-0.21475756557511305,-0.48938221680962796,-0.16360215263015343,-0.18490282559458007,0.1078220340635102,-0.2807630238324167,-0.44756330215820256,-0.46883845222602366,-0.18188054870203965,-0.31143049930234934,-0.5596147837993127,-0.40676168571872434,-0.008368768333695308,0.0026867535391987816,-0.5228586986989123,-0.409391204166576,0.12871820535204007,-0.41893332765925645,-0.3194638325077782,-0.03837750904504362,0.11591085814040007,0.20418233840522523,-0.21863021926172618,-0.49470496281639925,0,25,train
-0.07182513539360258,0.3568929257009298,-0.3472725175860457,0.011423279237989241,0.031307262463042586,0.24327901339235566,-0.026697245209399895,-0.1647608431838374,0.2921044421779653,-0.4010877899885861,0.12469981592739862,0.1585193380950419,-0.24709002342781097,-0.08082074595479863,-0.5343592885001001,-0.5694518453768131,-0.7589210296756587,0.047136645816574736,-0.1007924334095607,-0.7066161539189896,-0.4750220052382814,-0.47181799369668853,-0.3534004360654415,-1.0357888978625247,-0.7259615597437119,-0.20846836189739545,-0.7036288618229003,-0.25330040005365206,-0.5694570574894635,0.5817839939691579,-0.4563842303777821,-0.7031779521608371,-0.32287935615197694,-0.20767085290525714,-0.5291953971644755,0.10168117323555206,0.24408799206678203,-0.5435754468183799,-0.7924769763055503,-0.5835461541208556,-0.813044386581932,-0.6560921425627142,0.12982671843178856,-0.4545114765948763,-0.04910370618870945,-0.30937526524919373,-0.4546825401136293,-0.08245078973312983,-0.36655618404598844,0.0027547802553456787,-0.5226053398141841,-0.010566525597920184,-0.6720069642613056,-0.3129461322944636,-0.26386499587925943,-0.46872535609684535,-0.7682571039834666,-0.6588606930474987,-0.028575024877133735,-0.4503514274895811,-0.15848929404238346,-0.5763380225119479,-0.5689354796264703,-0.6161680449435993,-0.5282922179751416,-0.3239177890076621,-0.33253044787152547,-0.4189416411479175,-0.47692545528231073,-0.693059267815798,-0.3085966411434572,-0.4400162673167146,-1.2305994611781617,-0.12173011343585262,-0.14084588832608785,-0.09892105944106236,-0.3551815234387452,-0.06883360341907328,0,25,train
1.5447536571320708,-0.779471665948043,-0.5825167122293172,-1.226984646120614,-1.2386504049174731,-0.2652890744026013,-0.7890472862590966,-0.8054091390096202,-0.6636864438905957,-0.6035001063648134,-1.204799362249125,-1.2260100258188131,0.3817616959270041,-0.8737319622755048,0.20982769130043896,0.19463754452875304,0.33902368369524366,0.619421209122654,-0.7433840080265703,0.3617833615776169,0.06047471299564901,0.049786478110294755,-0.1943224399573546,-0.05499361853504417,0.06678357000796625,-0.17558558691661316,0.20576020697190048,-0.8839723922620847,0.14128923756480757,0.27907973962349425,0.08324269825472502,-0.23681041712023732,0.21769633465641838,0.6519135103061708,-0.632317603094971,0.21765650940850476,0.26383785034604446,-0.24091590560929824,0.4136537419225704,0.09685075640220615,0.052050283846363225,0.2646626899215748,0.679863166492985,0.05114646122689975,-0.6783064972371584,-1.3331134288973994,0.13657983972693494,-1.1036966767744871,0.4627066549151945,0.19264242390289438,0.15341075665448656,-0.274835542555924,0.16856236978968225,-0.0987607512878315,0.5436794135667031,0.08900988314828506,0.2816437660936499,0.30864007770350055,-1.3336468842864768,0.11871188256001511,0.011554240143392477,0.12240918434655935,0.1284031562539089,-0.3863659613452797,0.15297358870057903,0.11911696296888792,-0.12382361310059371,0.35196471363503473,0.020684681730873514,-0.32429078507180936,-1.6023197286926367,0.13625074998714135,0.23273957880760576,-0.48775676749984,0.32773517397525265,-1.3326050647101626,-0.31666705302984244,0.012284750751845944,0,25,train
1.4578244201755015,-0.31146023730648625,-0.4458207612879567,-0.10506749985509325,0.3454191323204574,0.16537696526191425,0.4367769274742225,0.6043123414365146,-0.1749107193161302,-0.41930489846244656,0.16832104431264833,0.03406726043986393,-0.08666866644954181,-0.40995370367282763,-0.2751896935446885,-0.36023689337886045,-0.36104198216968947,0.11732248848618823,0.5749224182495629,-0.5151945740591809,-0.4983044712484523,0.08629879113678358,-0.48265130790326216,-0.9530712237023757,-0.3589499255994165,-0.5331857648326207,-0.4099719750245792,0.5567869002830415,-0.2699853039553605,-0.5306541407511565,-0.495550701004335,-0.3820724362312438,-0.09417425619457893,-0.0027368325369696513,-0.44154152212355435,0.2756441774949811,-0.200283819216623,-0.6019834284552201,-0.6810193521788592,-0.4500711621043698,-0.2655161141589603,-0.44995300096175395,0.07169278489686534,-0.32421924721748613,-0.557587357094142,0.5003848396036902,-0.46968919950044563,-0.4694492311382758,-0.5193151280651538,-0.45697319910187756,-0.616804304076212,0.0026469252499800055,-0.44364419720699094,-0.42150584595535934,0.08534339739467034,-0.3241273311073671,-0.15260842624191137,-0.3846701912152317,-0.10607335382068141,-0.22800218713907663,0.00021800453100741436,-0.37599791425181645,-0.2458565703424414,-0.6011809525350132,-0.6222599154476548,-0.39595596006075967,-0.3058870221560874,-0.16696254136449296,-1.008985524857946,-0.500164984534327,0.6510664942216617,-0.3170324526482088,-0.4354265488840089,0.0014867800114302557,-0.11517021367943907,0.5232385466644753,-0.3901946783559296,0.03256433929457575,0,25,train
-0.07182513539360258,-0.20143649794162907,-0.10408088393455554,0.01974404917320942,-0.061575279699096194,-0.6474500652311816,-0.16963787790621804,0.1334210825230937,-0.03932567243074763,-0.4476426227551184,-0.4935836820548364,-0.44818454047395073,0.054502127691335035,0.22587132828245562,-0.652836817622574,-0.3011109286837869,-0.6884108187252337,0.13351922140994518,-0.021296568508487344,-0.39499962856581267,-0.38189214119759785,-0.2005836683570572,-0.502536057416773,-0.9648880342966828,-0.510648067712392,-0.4591995211258605,-0.907294122021736,-0.06844826440635286,-0.5494922739205234,0.37745862228583493,-0.6086982828143768,-0.6037881496112011,-0.435152768858336,0.08265234261648347,-0.5395076177575251,0.1754836598910674,-0.14597170894865127,-0.4904772816939796,-0.7884963468724541,-0.5770351789005392,-0.7199645802700269,-0.49576169909530066,-0.09823717466675633,-0.2032336056527667,-0.14055760023644912,0.1059939077064307,-0.41866655758527005,-0.10932568149737608,-0.42475006748186095,-0.31205894473927454,-0.4893586465452331,0.16781506084873238,-0.6137015769282891,-0.4244398922705187,0.13445082769881672,-0.37370379681804533,-0.4054641331714787,-0.32983209084877835,0.0272237719622206,-0.20539039998478803,-0.37954588848389215,-0.33690716142057126,-0.5561402752983899,-0.1965294575031895,-0.22289720118947376,-0.41756741137668896,-0.2970058802509413,-0.4438900668690486,-0.7869748483443717,-0.3753510365286693,0.37167089784953855,-0.2818942198857785,-0.6673519816364701,0.08846341068010052,0.4176000352385234,0.1137830793984377,-0.5162420360577933,0.3418280645712053,0,25,train
-0.10537677071017315,1.230514259165169,0.2169956519974772,0.6576697442067564,0.656153455190158,1.0384678443087478,0.33282010369471837,-0.015669880330371855,1.088875828813053,-0.4132325289711597,0.7922942677364376,0.6757732858493753,-0.23425631486954943,-0.2753084027881794,0.17650588623474317,-0.1737626970328592,-0.02863670197482914,-0.28759583460773575,-0.14385269356430877,0.10358681199927036,0.270016907087187,-0.4978982172870377,0.17354542604259643,-0.551299663495938,0.30167101586031536,0.12446973478302531,-0.2678799330253916,-0.10106922952058214,-0.6213654947687081,-0.08416536559130236,0.24861224090017076,0.43980477715997707,0.03889052923517992,-0.3670639798583695,-0.16311156611121647,-0.03010898150643963,-0.027472559273076607,-0.12940975884805764,-0.25907263227067184,-0.12126691347839258,-0.2874172450558792,-0.03309384794647883,-0.37101947817678055,-0.2776863081541325,-0.08934341956971491,-0.19189711532235043,-0.3316279331417352,-0.3296997939641953,-0.311999418324858,-0.4219938963246975,-0.07931609622817055,-0.14600439678889712,-0.1278233491531516,0.11835867603395996,-0.3729926187773625,-0.06385088612630624,-0.43294844914208386,-0.18098581842554767,-0.18977154907971291,-0.12248051375239653,-0.2718516501662341,-0.21963490292683577,-0.06992251083133656,-0.14157678533837392,-0.17982867318123855,-0.2915006120337682,-0.3502927316818175,0.10497529899583645,-0.5228586986989123,0.1409248393129148,-0.13852975639520826,-0.004302181062579613,0.293481954052298,0.030478990234320345,-0.436116146762549,-0.17336750803488737,0.17351711581073873,-0.7228503339221095,0,25,train
-0.10842691937531593,0.31583929160956514,0.23765899341884564,0.08908379863337758,0.07690414679718344,-0.09331662852974014,0.04260730397693616,0.033043008522740655,0.3356255683387054,-0.5164628103230358,-0.021336470405828662,-0.06316092522824386,0.2983425902983041,-0.12944266016314382,-0.7305876961091975,-0.5148740318121298,-0.3660784258090055,-0.09323503952265225,0.09132257343469992,-0.6576478427920618,-0.3446401955813244,-0.45095381482440916,-0.7162971146870148,-0.9294376025137618,-0.5938373714517656,-0.5126340304696317,-0.7462564744226566,0.007667320860182095,-0.6772668887617406,0.044483942505604765,-0.23879272689693243,-0.7031779521608371,-0.10249080528393886,-0.4069122615966477,-0.379668198565257,0.2545577527362624,0.3280248897536474,-0.2887042542212585,-0.9795665596610673,-0.5347138399684828,-0.30384309322856834,-0.7293860595763889,-0.11612453883134809,-0.44830708471976244,0.024059409049482297,-0.053440724337142295,-0.6227571252459725,-0.18457537843726557,-0.6466142480811249,-0.6168785832261291,-0.040528287414394376,0.13147807101700684,-0.8323467794271009,-0.26893543756707344,-0.1983884221403976,-0.5720096596607583,-0.6748104296834091,-0.5961885783429806,0.008624173015769154,-0.09610009540572652,-0.11031029268974696,-0.14145339726434547,-0.28104338224466235,-0.6711207171084149,-0.5087156143350348,-0.3239177890076621,-0.2703624545355032,-0.5112508163161027,-0.49989207699061156,-0.5795920423561092,0.061906214915227985,-0.2818942198857785,-0.8551011414837006,0.18993614646021584,0.00037032223048051013,0.07124225163053768,-0.4707249346654536,-0.36288763728865553,0,25,train
-0.28991076495131135,-0.8697896609490451,-0.3885992004287826,-0.23958661380781948,-0.23551894956637426,-1.0751764049662467,-0.8865068085523817,0.1334210825230937,-0.5331230654083754,0.6190702845476003,-1.0227281481193873,-0.98877325278863,-0.33692598333564167,0.28571368423118815,-0.09006855429082306,-0.11463673233778564,-0.43658863675943044,-0.028448107827624403,0.2271280093073669,-0.27925634772034696,-0.47967849844031557,-0.4666019489786187,-0.30368856228166435,-0.2972382357183376,0.042316127731679885,-0.39343397116429585,-0.4668087918242543,-0.003206334177894328,-0.521541576924007,-0.031192121080811187,-0.539069001700505,0.22191174849346737,0.005624332877740206,-0.06535556098283526,0.048288956046299326,-0.13026949911035332,-0.17065903179772934,-0.27808462119637845,-0.44616221562618885,-0.2124205665628219,-0.16148574239859573,-0.2025860310406017,0.05380542073227359,-0.2652775244039049,0.005768630239934361,0.11438520412977665,-0.4636865357457191,-0.07707581138028058,-0.35564483090176235,0.1276808616024172,-0.28987848693152696,0.2338823150882333,0.1734211520674336,-0.2542652059912767,-0.640355294877715,-0.5389586825203062,-0.6858041560716512,-0.3337490980178107,0.12022176669447783,0.05087652109714933,-0.28602194468171543,-0.2684983439658922,-0.3962002211973855,-0.051654230886857534,-0.4421551619586712,-0.5220227594036805,-0.39469844120754766,0.11245982671217579,-0.43099221186570913,0.4756531544189968,0.456704340223663,0.2451792715506751,0.1278209306576828,0.03772704279004287,-0.6351026252740771,0.20418233840522523,-0.12409470098532839,-0.3578177401529731,0,25,train
-0.48207013085530653,0.3880936876103669,1.955895306995714,1.3524540337976412,1.515739163563406,0.9840833956139114,1.3528964370311023,1.7955638961171754,0.5063622940462242,-0.5974277368735266,1.3574736615974992,1.2027500521705194,-0.5679327373843494,0.046344260436258014,0.1950180001601297,1.7501052311222272,1.8650661064080114,-0.7411043564729306,-0.5943292613370579,1.131921345664754,-0.1444109878938548,1.8075935480998284,0.0045250551777540685,1.0321529561411993,-0.14852992202335377,0.7574631531630844,0.7930739805685427,-0.32941598532018707,1.7424648797938116,-1.0528189794974263,-0.2649037073146344,-0.16417940756473406,-0.11496562891797875,-0.349986144827679,0.4246850076926079,-0.9842697018384594,-0.9260911109795179,0.0458141860624633,0.8793873855948149,-0.1538217895799745,1.0157000433107934,1.1441896940856717,-0.6214425764810652,1.4316236534397238,-0.8465816622849994,-0.7037661971464532,1.181043333049353,0.3582974352005086,-0.013755765716011484,1.7617140056221126,0.0536706768476335,-0.3508128849313501,1.334670116450012,0.47044423385308126,-0.2093011844302079,0.022907928867380717,2.178061568065405,0.7590959021422249,-0.48736513222293604,0.2845316550247981,0.8731081466846573,2.135582955155685,0.21477078546845127,0.5478294654565851,1.7425938042772606,0.14433032283747207,0.9552351283746491,0.5365830639714052,2.236963676581902,0.5437334896948102,-0.7155424010767671,0.969026866456738,-0.4409485829971627,-0.05287361415648866,-0.4810485773941844,-0.40734206075833745,-0.15910785590251275,-0.5606136255802712,0,25,train
-0.00014664176274724986,-2.2147067137821503,-1.216722345085164,-1.9578256054307863,-2.410659209654279,-0.2682287743320519,-2.142651762554723,-1.1094956573048074,-2.091514159856415,-0.9212874430754905,-2.722059479996941,-3.03639884295898,2.1656471855253567,0.020163229708687527,2.0425269699137067,2.2504018554651575,2.1773256120456073,1.7585914247602268,0.134382833589448,3.5714335727153386,3.739104342602649,1.2964211657289848,3.718002026825908,3.088277999550616,4.358372945268595,0.30943534404992573,3.8480528835510763,0.3338769720024748,1.387091732266676,1.2477333535296184,3.556003093809085,-0.08390302858233575,1.8602147798050042,1.8132062923931331,-0.04967713958767141,1.1243727740334075,1.0291448586674643,2.775059873456638,2.55125174749518,2.5221890259700577,2.8389691904792893,3.1780958912151465,1.1717656810192583,1.3044336199998905,0.24354875476405752,0.0052983506262793394,0.979954097266014,0.19704808461503112,1.459276908754511,1.4918736699124382,3.084660879867001,-0.24510527814814856,2.0489111112794642,0.01566705500338291,1.5312844007945356,2.869423335088824,2.216539610424252,3.4344117985913445,0.0675229030128654,1.5583289980497221,-0.03379070230614777,2.28705962237676,2.028490998973841,0.37797575149260965,1.7621704079173675,1.3257563281082723,2.318490410814565,1.232644141590964,0.6522667787091458,0.5607535735137634,0.5295901479729126,-0.11323070262611336,4.517838050614985,0.22980043551668972,1.887532408759167,0.3902984598897878,0.05797370458403032,0.11875259060117743,1,25,train
-2.752905812054106,-2.1260308641448025,-2.9588009756866884,-1.8066649516076196,-0.5800287423132163,-2.6023505183158426,-1.6163703421709834,-1.2467774349817609,-2.252207548757609,-1.182399331200824,-0.5409980607344557,-0.2848411885515296,-0.016083269379103395,4.5270406620976065,1.0206582812323695,-0.02822186086037042,-0.18980289843294323,0.3494756603933713,2.4066396386784614,0.12139347059088047,-0.09318956267147885,1.0669151981339122,0.019438617312887218,-0.06681042912935116,-0.4519262062493047,0.6382630938577486,0.6320363329694634,3.498110588082714,-0.022421987700502063,1.3536798425506007,0.2137976003432348,3.455903016070085,4.879122099242658,2.36538962505213,2.492285236599043,2.595150900954035,1.3056428745771387,2.1219524424265144,-2.7867723222867,2.1543189260221824,-0.046504805189771674,-3.71153230807028,1.6815555597101233,3.2991456078489825,5.939297276057284,1.192666794529731,1.0159700797943731,2.8092875640997663,0.8009586023862034,2.975995516315648,1.7935809579227369,5.340881067801656,-3.7281810169669205,2.999592157520436,2.115117183299387,0.4236510266953633,0.02329119596996155,-0.7724539009494379,3.7006445638863807,4.5053985904920015,1.7941772901909436,0.6061572506332181,1.4878936161124463,-0.5262454904920829,0.7206950942636796,1.7039567261370345,1.41261393648967,-5.161637370734947,2.5393575290745294,0.5494068509677945,1.32526021590222,5.522941832467698,0.011858214281452157,4.524271574782284,0.6358432697350381,0.4222040807157128,3.790376018755884,2.537093524321707,1,25,train
-1.0097458499250074,-1.5906914755934078,-1.653831490537189,-1.5889381383026917,-1.7621701880131646,-1.1692468027086664,-1.395462091639537,-1.4165344718941226,-1.3550027940592746,-0.6621996781139194,-1.7908410827292192,-1.7568759195666817,1.0234471238400809,1.5536236008949587,1.1761600382056165,1.6364014528624702,1.2909115315259798,0.8623722029790083,1.1678290773034017,1.3767629012993932,1.0103993262106212,0.9052178118737473,0.899338783285743,0.766274717769292,1.4124928952037163,1.2342633903844278,1.3377601415654286,1.2744481327960855,1.4749367799700128,0.6044868130450828,1.5541612617852687,1.0208528536040031,1.8477399561709642,0.9934702109199833,0.6928027431118963,1.1296443802230873,0.841521205014471,0.6564430849930666,1.4127917296296932,1.311147634991211,0.9390460851715773,1.2770349186729573,1.0107794035379325,1.4688500046904067,1.125164293384268,1.5409055960985876,1.1540313461530838,0.49804687237458906,1.444728437895543,1.1620688151561693,0.8848380085714088,0.7822405252760911,1.125742478506703,0.9985725705817632,0.9092569502753484,1.109458802359746,1.8922246819711115,1.397568070694504,1.1958985724309197,1.253069871466826,0.7285711426267477,1.8375159648174406,0.9281034267589309,1.1223346744523843,1.6799486726289183,1.0808265465277405,0.9552351283746491,0.621407711423251,1.3833709030900552,1.5252249899211183,2.11485646651909,1.1728286164788333,1.5856379365302966,1.1720472677606175,0.5074648965017942,1.8154161901144383,0.8457696902206786,0.5294142585914561,1,25,train
-2.1718524913444064,-2.526714332876521,-1.1785746378457147,-2.4889680862956745,-1.726705944642166,-2.280453376041,-1.8394443598645025,-2.7819715079283367,-2.5334209793346987,-1.028565970754891,-0.6377233932408789,-1.4438011617153745,0.7282718270000654,4.306371974536655,2.6497243066663856,0.9814676900862705,2.6406784268626855,1.272689437047518,4.324477379416856,0.2682984039716639,1.7973466773543971,3.440215544855686,0.3723929211777051,1.0616949826269668,1.8480133677216137,2.520801961507535,1.0156848463672699,3.1175326617500394,3.0242039849197724,1.3158418107573928,2.7248035505122394,3.949029344104818,2.217826390647481,2.319848731636955,2.492285236599043,1.5408296630181013,2.3622602925176794,2.658243910182957,1.325217882101579,3.9187932107279213,1.3442170067645762,-2.923622700173276,1.9051476117675201,1.7356388553203008,2.1311571279094044,3.097491082629261,4.419480428724321,1.9976658328195296,4.714497263448629,1.1520747286484037,2.785440640446442,3.656166084694382,-3.6115702423008873,3.6362802079100134,2.1042044210095767,2.534782191541746,0.9742485285528997,1.7814347732596778,4.032337411764765,1.9954902163659682,3.8772105839666993,0.13218187255437064,3.3112102328638966,2.0465387063151916,0.9986828659531978,4.700744641945893,2.4827915360597665,-3.886772816385146,2.1948582034500173,0.4699797931460124,1.0458646195300967,1.829913569136279,0.602715864388913,4.129252710495407,0.9375324468331616,2.8629840738989762,3.7028431314629233,1.852657411004576,1,25,train
-2.2694572486289752,-2.55134651333134,-1.2199013206884517,-2.459845391522404,-1.743593679580737,-2.2731041262173735,-1.7896317151368235,-2.7450678042517365,-2.551833763479627,-1.174302838545775,-0.7097932488339002,-1.3524066671873534,0.8886931839783346,4.512080073110424,2.6127000788156125,0.8495713073049526,2.328418921225089,1.5318371638276294,4.480156781514792,0.3884933494650321,1.6669648676974402,3.2837342033135912,0.5960963532047023,0.3763199681571611,1.5250431296746336,2.640002020812871,0.9825300365674595,3.17733776445946,3.0202110282059844,1.6715193096135477,2.6682297596072186,3.8190580638476015,2.1887184688347214,2.3938526834366143,2.4613485748198944,1.4248543268451486,2.6239459147179067,2.721961708332237,1.3371597704008673,3.8341505328638084,1.371593420385725,-2.8045200850260548,2.1153241407014733,1.7511498350080852,2.109208193337947,3.131056268322645,4.305429817384518,2.287914663873389,4.649029144583272,1.2170362909488808,2.863016258073994,3.7849972304614092,-3.4026426043575784,3.5775992816068265,2.513433006877463,2.6215410065354328,1.034714023688231,1.5072442714274108,4.153234804916699,1.9841843227888238,3.8091931702923887,0.15172724896999323,3.330403039356017,1.8267280176559293,1.3119085241949084,4.628706470892795,2.4117424008185986,-3.854339862947675,2.2216525954430346,0.6231605475165923,1.641098716148968,1.7561232803351754,0.6082378985020669,4.25609363022055,0.7321270496599711,2.6555975385304635,3.639819452611991,2.3647170217085036,1,25,train
2.780063866514897,-0.296680929033595,-1.188111564655577,-1.7095893023633844,-0.9346711760232007,1.771922976706677,0.5104130109847046,-1.5169125458944754,-0.47788471297359,-0.7755505752846068,0.06400941121748599,0.09629329926745292,-0.03533383221649569,-0.7989290173395891,0.6282014660141748,-0.6922519258973505,-0.6481192696107052,0.6896070517922674,-3.048764090157698,-0.9781676974410437,-0.7078466653399902,-0.8891015711422752,-0.8206920496329468,-0.019543186752123184,-0.5791569060859938,-1.5648828298546653,-0.45733598902430844,1.4864844060385756,0.4447539478126986,-0.6366006297721388,-0.4563842303777821,-1.2077723343359121,-0.01100876530097965,0.3786681498151209,0.3473433532447363,0.7869899778939089,0.8810209215729959,-0.7878270063906211,0.548995142647838,0.012208078538093213,-1.163462480932634,-0.3445929952545965,1.0689133370728556,1.0221337896822118,-2.657368764430245,-1.727504360794659,1.3611232456911493,-1.8185687977034373,0.20083417945376833,-0.7318105780654348,-0.5447698019934848,3.431537420280079,0.24144410395595287,-2.381448784481801,0.18901463914786823,-0.1877920504030019,-0.5593763026068675,-0.701947771906855,-3.311404238925814,0.15639819448382944,-1.9099376961558756,-0.3173617850049487,0.25315639845269233,0.07323820585135968,0.6032354724230381,0.35324101889145504,-1.2606097769592857,0.554046961976197,0.9967661043336581,0.021784252580241546,0.7603952058455361,-1.9193358666150278,-0.534823162920778,-0.8827756317867175,0.18651896341868426,0.815706737568788,-1.0484419907989957,-1.2197002532189898,1,25,train
1.9321225376052038,-1.170302262497834,-0.1803762984134544,-0.7263516550182,-1.2470942723867584,-1.0325507559892126,-1.3867990229912452,-1.2940141756878094,-0.8411187274689975,0.9024475274743187,-1.601183568010742,-1.6538140427584873,-1.1197822053895952,-1.5768796446731121,0.4689972862558506,-0.1191848834681759,1.1801097714610267,-0.8220880210917154,-1.64764947127628,0.4597199838314725,0.41436819635024646,1.0147547509532138,0.5066149803939034,0.4531292370201566,0.9671854457753046,0.6341527469851509,0.6746639455692196,-1.895222310803192,0.5964863029366442,-0.5533569598270812,0.5488885157037432,0.4054006147389492,-0.2771383361604974,-0.5890758352573476,0.3473433532447363,0.26510096511562176,-0.9853406858173053,0.20510868143566416,0.5251113660492613,0.24334769885932472,0.6050538389935646,0.9334696826713569,-0.5767241660695859,-0.5382707669089127,-0.44052637271303524,-1.8156129732397914,0.19660647727420036,1.3472934521247704,0.8009586023862034,0.037734083032525706,0.6964400800473531,-1.5367200985303922,0.47466565328801885,0.17997364865230617,-0.9077179709780675,0.3492863281293459,1.3260477729766456,0.4692373716338284,-1.0143537690390603,-0.21669629356193235,0.6718899645648224,-0.1023626444331003,0.21477078546845127,0.6127735325604581,-0.3795100303103291,0.5117249952082696,0.351317478824719,0.5740057025531019,-0.3697478873102403,0.8160548307980633,-2.7502712007433168,-0.27486657333329245,1.0444785934412204,-1.0386087617347517,-1.0009809889888224,-2.257868068661988,0.13850396089355435,-0.7481998196005218,1,25,train
-0.6178017464541602,-1.1735865532251433,-2.0066977825020964,-1.5806173683674716,-1.5240531253793177,0.2947237621577415,-1.0381105098974919,-1.1257332869225116,-1.110614931772042,2.331478481090484,-1.4968719349155797,-1.5293619651033095,-2.634159815264456,0.7494919428338653,0.7911080685575764,1.7046237198183243,1.0189435750029125,-2.571335176857467,0.584859401362197,1.3723112366514905,0.46558962157262246,0.43577378724746235,0.5662692289344361,0.4944880741002311,0.7812328844755282,-0.6277237429023698,0.9020112127679198,0.4806713150165065,0.6763454372124049,-1.8171472217202276,0.8796276009946348,-0.5693839871901732,1.648142778026326,-2.1431588230501943,-0.7560642502115656,-4.168319840404979,-2.0222082454785837,0.01395528698782313,1.0983220044151007,0.8032915678065334,0.5995785562693349,1.1579323035257358,-2.902081507466514,1.7790695984460974,0.8215373651457724,0.8360366965375282,0.6287982676145113,-1.5444449017081257,0.8373297795336238,1.0971072528556922,0.3805964939923185,-0.08654386797334628,0.5524061697320408,-0.7207785701016124,-2.5882833636088542,0.7830804030977807,1.2875697306177982,1.1429626047073989,0.8208066603441488,1.3962778567773206,-0.3852140062900847,2.0574014494931947,0.5570425012446008,-1.0507937247925951,1.809154256653624,0.7170337827095977,0.6044300231213808,0.5964592857021199,1.3948542139442055,-1.18096833729246,0.9729788117808472,-0.7597741854548298,0.7297226489914515,0.6538115100264572,-2.535102549126088,0.836977151452738,-0.617780185317628,0.6358820984407875,1,25,train
1.294641466590363,-0.7154279967655142,-1.432892686108711,-0.638983570698388,-1.0106659832467688,0.0022236191774049575,0.28950476045325835,-1.2482535831288248,-0.6084480914558102,2.286947771487714,-0.27358096498140305,-0.4131823936334319,-0.36259340045216476,-0.8550312260415258,0.09135016217796507,-0.12828118572895647,0.03683706533627971,-1.8478811062629896,-1.0878660892645549,-0.3816446346221051,-0.26082331794470925,-0.7952127662170182,-0.23409193898437633,-0.6458341482503939,-0.38831085633096013,-0.4180960523998826,-0.08316027842644769,0.26863504177401626,0.3050004628301172,0.7936769720111226,0.18768661992553284,-0.27885994896816024,0.47550935642657616,-1.243726178100488,-0.23014099996603854,-2.7608009877605073,-2.2740189385391796,-0.6072932449676602,0.10714527557417007,-0.30357421964725123,-0.6871128839246485,0.04478093888055059,-1.4219021228465463,0.2279716296676435,-1.5745546589050072,-0.7499183274748559,-0.1395426929904859,2.5082887763402084,0.49544071434787285,-0.6818401455266062,-0.783037770420967,-0.1228808578050718,-0.2249989947081791,-0.4919229575191836,-1.3387720814255746,0.13858634885896332,-0.29552686928905814,-0.5139314277933005,-0.5586635948509999,0.29960617979432386,-0.1981661186857312,-0.29781640858932606,0.02924032271128617,-0.6561336246998288,0.6619652833433588,0.21636849389056964,-0.6300487016939175,0.3295111304860167,0.7670998872506499,-0.42073792671254484,-0.29644900651858225,-0.2608112802283204,-0.41886044654454735,-0.6508379500035968,-0.16652156297273665,-0.3222604052225374,-0.5932709768755989,0.16438166482231947,1,25,train
2.0282022205572017,-0.6760165080378041,-0.9433304432024432,-0.963493598171975,-1.1727882386570474,0.0007537692126796483,-0.15447750777170702,-1.3132041015996416,-0.5649269652950701,2.234320569229895,-0.48599738146609733,-0.6251398383899068,-0.7540215114791415,-1.0831802080960686,0.498616668536469,0.0400004060954837,0.19296681815507774,-1.793891996517133,-1.826515167303695,-0.3104180002556647,-0.21891487912640165,-0.059750460969171734,-0.29374618752490894,-0.480398799930096,-0.29533457568107196,-0.4222063992724804,0.0731409677726587,-0.11194288455865857,0.5126342119470952,0.02934872978832157,-0.1343488052261246,-0.33620021966987335,0.24264598192449816,-0.9477103709018507,-0.5704442795366738,-1.8540847231356046,-2.1357699305843427,-0.7081797587040206,0.5052082188837809,0.04801844224983331,-0.5502308158189056,0.035619199253841244,-1.5650010361632802,0.3024243321690093,-1.5928454377145551,-1.5428958394810481,0.3346677436329108,3.6961589923198925,0.48816647891838877,-0.23710329593103163,-0.4893586465452331,0.0092536506739301,-0.132682131430903,-0.14277144601522165,-1.142342360208989,0.13032360457385028,0.26515317651128684,-0.376836176877167,-1.3367468174442187,0.19408450640764374,-0.11597841049593949,-0.07304457980966643,0.18918037681229058,-0.6561336246998288,0.521013737134589,0.4468906412604819,-0.49239100216415405,0.3320059730581298,0.6752334004174466,-0.6306522938129692,-0.6426565933275176,-0.01132982761506566,-0.2863316278288552,-0.6399658711700129,-0.4874674960558466,-0.7263982690175874,-0.36568546991390055,-0.04348411774066103,1,25,train
-1.450492332038139,-1.7434109944132843,-1.7952959048834807,-1.9439576555387528,-2.294133838578141,-0.9208421586700891,-1.213537650025405,-2.3789830637798604,-1.4721750567997287,3.080404051682526,-1.775668481551741,-1.7063172630192656,-3.564603685738417,2.0174018594976357,1.720416187611981,1.6682385107752022,2.7414072996490066,-5.206003732455265,2.5093217975090147,1.866446012568671,1.0942162038472365,1.6458961618396637,1.2771490240424495,1.16804627797573,1.4663212682115465,1.2260426966392322,2.0150655417615564,1.627841921533569,3.5313094875708533,-2.8690445055714093,2.528971197379475,0.7379741848088851,2.2802005088176807,-3.702934422519938,0.285470029686439,-4.879986676011733,-5.769743853968633,0.7201608831423469,2.5393098591958916,2.1087420994799677,1.4591979439734006,1.977908000116222,-4.601381103102731,1.9869167262624103,2.1128663490998565,2.656948020403599,2.8707931800048745,-3.995435030607383,2.7940991100648365,1.0871131663479263,1.0898592837299401,0.8284876032437418,0.9508263165076536,0.9839023390059665,-4.437996571731701,2.0059665572945113,3.178490669395432,1.4759082140751516,2.12277858659575,1.6110898347430622,1.179186508219054,2.09649220232444,1.5422732345067878,0.6577348097862162,2.666609496090307,2.2694563689038505,0.9996408379003793,1.0255722081055754,3.048450976941864,0.7593212180682188,2.5946880342016496,0.9338886336943077,1.8451735398485272,1.748267445940558,-4.107737621233327,2.2248716573804757,0.576168397358359,-2.664620936888489,1,25,train
-0.5659492191467329,0.30927071015494684,-1.4074608812824114,-1.3309942703108661,-1.920914896435729,1.0252391946262203,0.05993344127352018,-1.9184248418958878,-0.03932567243074763,-0.6864891560790667,-0.5201357341154231,-0.49485406959464245,0.22134033894873495,0.04260411318946223,0.12096954445858354,0.017259650443532327,0.3793152328097722,1.0567329980640918,0.9790263981633525,-0.12789974969166104,-0.5215869372586232,-0.6804597824194818,-0.502536057416773,-0.7994526859763849,-0.6525592329148528,-1.7786208672297503,-0.3152439470251208,-0.04670095433020002,2.2176267287345883,0.07475436794017114,-1.113510570889948,-0.355313643237111,-0.6804909669944539,0.1395784593854522,-0.3745120882687323,0.8291628274113462,1.1180192209241453,-0.5117165477437396,1.102302633848197,-0.7170211461373414,-1.0977590882418773,-0.24381385936079372,0.7782436693982396,0.8577174049916958,0.6715529789074792,1.1255364231429632,1.3281085950401534,0.40667224037615185,-0.6975338960875133,-0.4219938963246975,-0.7054621527934146,-0.47303730527442683,-0.2638692529301901,-1.2577090457757725,-0.14382461069134606,-0.5100390775224106,0.48502770427612796,-0.22015589011587153,0.5418126761473772,-0.22046492475431378,-1.484828860691436,0.1614999371778045,-0.2170673606042606,-0.9358926829934354,1.4332834667635712,-0.23747198374394504,-0.758825259318535,0.46423262938012483,1.6092093498883464,-1.1128880020166467,0.298785090100289,-1.36415178896863,-0.8606231755968544,0.2116803041273834,0.0709784275087647,0.1456887002243627,-0.46022098819029833,-0.7532697167362042,1,25,train
-0.5537486244861618,-0.5282234253088914,-0.9099511993679249,-0.45870022210195077,-0.6019827977333582,-1.191294552179546,-0.29525237330645215,-0.45703817630251253,-0.3690818975717398,0.7688553986660086,-0.6111713411802921,-0.5862485641226638,-0.47167992319738783,0.4764611938177731,-0.4158817593776262,-0.037318163121150966,-0.31067754577652884,-0.2713991016839788,0.0979472288431227,-0.4261612811011304,-0.6147168012993066,-0.1692874000486382,-0.30865974966004206,-0.6162921217646264,-0.4127782986072465,0.009380022350287268,-0.4383903834244168,0.3338769720024748,-0.38977400536900175,-0.03875972743945278,-0.3171256681500383,-0.03420812730751775,0.07215672559261962,-0.3158304747662977,-0.3023265441173854,-0.3833065962149773,-0.25953339405441034,-0.41083003400737916,-0.5058716571226305,-0.2514864178847202,-0.7637668420638646,-0.2483947291741484,-0.14295558507823572,-0.15980286252696999,0.32402818152606844,0.46681965391030644,-0.27760395934919635,-0.5661988414895622,-0.028304236574979606,-0.057209738791248646,-0.2510906781177508,0.5708253117096881,-0.3027395111522011,-0.051816010245282,-0.6076170080082841,-0.4521998675266193,-0.3285080484537843,-0.44734230591974994,0.21631969458447695,-0.062182414674293626,0.08523977162389539,-0.01929479466670434,-0.23626016709638115,0.09821669319900311,0.05509057050004445,-0.28429679492845844,-0.5145938569270191,0.017655808971877466,-0.09414842681063054,0.22602525840768142,0.4688519748485379,0.41735661208658326,-0.3857282418656243,0.2660406982953023,-0.5131431707024954,0.7146722716200254,-0.30266179106296864,-0.4845651685450344,1,25,train
-0.6117014491238747,-0.4132732498530705,-0.8781614433350504,-0.3838132926849692,-0.4702584652125068,-0.9296612584584409,-0.10466486304402797,-0.38913536153756784,-0.1749107193161302,0.742541797537099,-0.3285816442497614,-0.2712292425579945,0.33042686169395796,0.30441442046516703,-0.3344284581059254,-0.2647257196406647,-0.3308233203337931,-0.028448107827624403,0.2900622356873833,-0.4751295922280582,-0.5960908284911699,-0.5761388880580852,-0.5820750554708165,-0.49812401582155647,-0.32469550641261563,0.09980765354743859,-0.49522720022409183,0.11640387124094632,-0.5335204470653712,-0.21281467368820947,-0.22138540661846448,-0.13359792985715377,-0.01932531439033958,0.12250062435476158,-0.8591864561420611,-0.483467113818891,-0.3928449374394319,-0.5595048963556999,-0.6332517989817059,-0.40123884795199694,-0.774717407512324,-0.3262695160011778,-0.29052633943611766,-0.17221164627719762,0.5215685926691862,0.4919935431803443,-0.42166788946263334,-0.5500739064310145,-0.35564483090176235,-0.3870145935475175,-0.6943799217037643,0.3131630201756344,-0.4533617617624937,-0.0987607512878315,-0.11108632382191515,-0.30347047039458447,-0.46592962830681,-0.6275246356952396,0.12332169985221973,0.07348830825143793,0.2892920126468265,-0.4248613552908729,-0.3066337909008231,-0.5811981626568985,-0.20332059754936682,-0.29870442913907796,-0.35473330263439057,-0.019766829609819243,-0.21663707592156822,-0.551225235991187,0.4141876190366008,0.19247192240702973,-0.4354265488840089,0.07759133184651675,0.11591085814040007,0.10846547592745019,-0.16961180237766807,-0.5403340370375413,1,25,train
-0.5796748881398754,-0.5101598263086911,-0.7827921752364267,-0.5224927916053055,-0.5209216700282189,-0.7767968621270088,-0.08084142426122494,-0.2562820283018064,-0.4393852552160122,0.7263488122270008,-0.5504809364703795,-0.5823594366959395,-0.1059192292869341,0.2520523590100261,-0.11598551378636422,-0.06460706990349262,-0.42147930584148224,-0.10403286147182356,0.2602512863494808,-0.3371279881430798,-0.3725791547935295,-0.487466127850898,-0.4080834972275964,-0.8467199283536129,-0.38831085633096013,-0.14681315880842866,-0.5804824254236044,0.040288285974411364,-0.5574781873480994,-0.08416536559130236,-0.3736994590550592,-0.07625765915544068,-0.02348358893501954,0.09973017764717408,-0.7096592575428426,-0.15662753005875166,0.09102659040249808,-0.6285325110174202,-0.5456779514535915,-0.2742748311558275,-0.6049836430612028,-0.3400121254412418,-0.2368642469423424,-0.02330624127446604,0.3935331410023506,0.11858085234144963,-0.4576838719909926,-0.5984487116066578,-0.3592819486165044,-0.1021831280761944,-0.616804304076212,0.3825336371271104,-0.6088427946505377,-0.028343639724007247,-0.38936176221207797,-0.1547410732625497,-0.3834766803949946,-0.40033821989136126,0.0644229698551235,0.19408450640764374,-0.10747623378665068,0.010023269956729527,-0.26185057575254184,-0.4113444486929231,-0.062369051340597045,-0.29870442913907796,-0.6256081307413445,-0.10708631963377822,-0.3391257250325059,-0.602285487448047,0.3048589074127265,0.3189695603517786,-0.5569112993733933,0.36388940779755635,-0.4168593907775624,0.6030025987292879,-0.1626091713942312,-0.5606136255802712,1,25,train
-0.7901351460347272,-0.38535677867094253,-1.223080296291739,-0.46702099203717096,-0.5496308194237891,-0.90173410912866,0.21153714261863032,-0.5692254354793778,-0.16486738250980557,0.7850483839761068,-0.22237343600741427,-0.1662228020364381,0.10583696192438116,0.4839414883113647,-0.4936326378642497,-0.38752580016120214,-0.08907402564662192,-0.2228089029127079,0.2801252525747492,-0.35938631138259247,-0.6054038148952383,-0.6595956035472025,-0.5124784321735285,-0.15543650858665362,-0.4176717870625038,-0.2783442587315578,-0.604164432423469,-0.15000067719192606,-0.36182330837248544,0.20340367603707823,-0.499902531073952,-0.07243497444199314,0.08047327468197955,-0.1450521244593915,-1.0293380959273788,-0.8524795470964678,-0.42740718942814115,-0.6019834284552201,-0.4620847333585733,-0.26776385593551116,-0.5173791194735273,-0.12929211402692695,-0.32182922672415326,0.1473145352911639,0.682527446193208,0.2822111325966956,-0.3016146143681025,-0.474824209491125,-0.12650641487301445,-0.35203529077033746,-0.7996611170554425,0.5840387625575884,-0.17155238965291397,0.027403240264020287,-0.7549392989207232,-0.497644961094741,-0.33400491164790536,-0.4551763202578147,0.2628186919506056,-0.058413783481912195,0.11074630175176178,-0.10724898853700594,-0.06992251083133656,-0.6461422297607715,-0.02321584406038321,-0.25548152650721945,-0.4080201540652667,0.04509907726512172,0.0015458303072895029,-0.6817125452698292,0.49314724409828775,0.41032896553409726,-0.5403451970339318,0.39288161802044647,0.14800545144871108,0.06060704468856268,-0.22213153475344463,-0.7431299224648393,1,25,train
-0.5842501111375896,-1.293463164771928,-0.7239811265756089,-1.1326825868547854,-0.8536100483180614,-1.3794353476643855,-0.8973356443627467,-0.1721415839191575,-0.9616387691448931,2.284923648323952,-1.2977315444611788,-1.3679631768942506,-2.1079777643757334,0.6933897341319285,0.30238826092737164,0.34017838070124184,-0.013527371056880946,-1.2540008990585676,0.1012595565473341,0.7134648687619166,0.3724597575319389,-0.487466127850898,0.4867302308803926,0.42358721053438914,0.7812328844755282,0.572497543896184,0.03051335517290241,0.3230033169643984,-0.4856049664999147,-1.3933612656362981,0.43574093389370144,1.0208528536040031,0.3424445709968173,-1.972380472743288,0.4092166768030336,-1.258393223701802,-0.16078410265809812,0.10953198421174364,0.44549877738733923,0.5168086581126127,-0.046504805189771674,0.2875670389883482,-2.034544345483814,0.24658480529298496,0.5544919945263724,0.5717108592021308,-0.5267145051703478,-1.420820399592593,-0.1337806503024985,0.11768677509465147,0.4692543427095212,0.7293867218844904,0.4552305241770134,0.7110360316961475,-2.5555450767394237,0.2294765359952068,-0.16909901582427447,0.4692373716338284,0.6317107377218925,0.06971967705905649,-0.036624761209244044,0.24945413104810613,0.4482832644559177,0.8675541035064211,-0.062369051340597045,-0.26628725216518406,0.09820493452805706,0.5315933788271789,-0.23194815706043542,0.9862556689875965,0.6146235903470371,0.6808933578048101,0.950604013517605,0.5197225377455906,-1.7776701470499483,0.4168864772447253,0.6917118085850674,-2.6291316569387115,1,25,train
-0.04132364874217478,-0.9633919466773564,-0.20103963983482284,-1.9245425256899056,-1.6979967952465957,-0.510754018511728,-1.367307118532588,-0.7655531390388918,-0.9448998744676854,0.8498203252164995,-1.800323958465143,-1.8774388697951354,-0.8695248885034952,0.06878514391703272,0.2986858381422944,-0.037318163121150966,1.054198680478125,-0.9138695076596716,-0.024608896212698735,1.9777376287662343,0.4935285807848275,0.38361334006676406,0.6209522900965909,0.6185645853404546,0.8350612574833582,0.19845597848978547,1.252504916365916,0.12184069875998453,0.4247891642437584,-0.8333583950968203,0.6489806073049341,0.332769605183446,-0.12328217800733868,-0.5549201651959664,-0.06514547047724573,-0.2884176848007433,-0.3928449374394319,0.39095225937106515,1.548133130354961,0.7772476669252679,0.7802628861689155,1.2632923092328932,-1.2385566401594807,-0.051226004712478214,0.053324655144758995,0.09340696307141179,0.5027423287652539,-0.08245078973312983,0.2553909451748988,-0.2820766852159774,0.29193864527511576,0.09183771847330628,0.8439331063971233,0.3354781033557514,-0.7440265366309129,0.48562160883371114,1.0896826556294412,1.875442945316455,0.0706228361706073,-0.14509230090668512,0.02855859356197007,0.22013606642467226,0.5282532915064199,0.23310052487627772,-0.08977629643674673,0.15153413994278184,1.2971590917227716,0.5939644431300067,-0.27405363019232026,0.28275887113752585,0.377744715161976,-0.25378363367583434,0.6413701031809899,0.16456796251518702,-0.891859371740565,0.29989920088300026,0.015957918683409074,-0.4592156828666221,1,25,train
2.2981403774223375,-1.1161114654972328,-0.5300636147750742,-1.04392770754577,-1.9344250843865856,-1.5499379435725213,-2.1361544610685037,-1.4372005459530188,-0.881292074694296,1.0623532574115382,-2.071534204512565,-2.009669202303762,-1.6844653819531026,-2.0144768725482187,0.5615578558827833,0.6312600530462195,1.985940753751597,-1.5995312014320495,-2.293553373597501,1.0250813941150934,0.847422064139425,2.0840439181575294,1.0832727162857185,1.7707036182853866,1.153138007075081,1.7562774432043469,1.735617859163154,-3.6132598068192667,1.498894520252741,-1.8474176471547938,1.0014788429439105,0.9291084204812621,0.08463154922665952,-0.6289241169956258,1.9044886627952187,-0.41493623335305535,-1.2124640560288233,1.0228204243514285,0.9948256391546021,0.29543550062185575,2.24216337353825,1.881709734035774,-0.9344714493614209,0.0666574409146843,-1.025831294618569,-3.1959812348801995,0.5627689663125194,1.9331660925853387,1.0482826069886615,0.4275034568353888,1.4001617542401497,-2.6268297934821576,1.8059719973918955,0.7051679390658288,-1.1477987413538941,0.7996058916680068,2.178061568065405,0.7982659738325488,-1.7118387295309894,-0.013190209173335013,1.156514036994284,0.6696797239839916,0.41629525363571684,1.9366333619855605,0.35265494582966955,0.6666070629724294,1.2261099564816031,0.8309744874807526,0.08575677657105915,2.200354981406267,-4.074363374854683,0.512229840545145,1.502807424832989,-1.473491915078103,-1.6107782618467312,-3.3692471940983757,0.6286881297341355,-1.4123563443749232,1,25,train
-1.0737989718930057,-0.030653380121552245,-1.502830149381035,-1.5320795437453538,-1.6220019880230276,1.1281286921569917,-0.03969184818183791,-1.4224390644823788,-0.3891685711843891,2.2889718946514765,-0.43478985249210855,-0.36845742822610233,-0.4909304860347801,0.2296114755292514,0.2764713014318305,-0.1601182436416884,0.041873508975595775,-2.5335428000353675,1.2605742530213206,-0.07447977391683072,-0.568151869278965,-0.31533665215459356,-0.3832275603357078,-0.26178780393541656,-0.6525592329148528,-1.8073932953379348,-0.4099719750245792,0.03485145845537315,1.1115777190153011,0.02934872978832157,-0.3998104394727612,-0.5426251941960405,-0.37693692523281647,-0.7541615738873569,-0.3332632058965341,-3.082368965330967,-2.575204277297932,-0.4639281991317794,1.3411403998339635,-0.45658213732468617,-0.45715100950700044,0.04936180869390526,-2.776869958314372,1.3757841265636994,1.2605160565749227,1.4360143908067633,1.01296874791701,-2.4259413515754025,-0.10468370858456225,-0.40200572330916606,-0.8218255792347432,-0.9652383493587089,-0.035506485875875494,-1.5716520014978221,-0.23658309015473367,0.051827533865276366,0.1497190494347452,-0.2749939904823249,1.2671970350589834,0.016958840365716443,-1.156078027932269,0.049114022787974686,-0.05072970433921603,-0.6311551373521854,1.3667230143872078,0.0903016945476489,-0.33697101882409847,0.554046961976197,1.3182988082498694,-0.9029736349162223,0.5295901479729126,-1.6171470648581279,-0.7170502886548547,0.3783855129090014,-0.7955755918156321,0.3690280460058378,-0.8068512218704236,1.8222380281904813,1,25,train
-0.4713946105273068,-0.9321911847679193,-1.4169978080922736,-0.8400688441328757,-1.2589156868437579,-0.8076637113862403,-1.150730402325288,-1.3338701756585378,-0.6502953281488295,-0.6318378306574853,-1.2844555184308855,-1.212398079825278,0.3240100074148272,0.4839414883113647,0.2875785697870624,0.8222824005226109,0.6462467456935237,0.6410168530209965,0.661042938559059,0.18816844030941837,0.21413898866277686,0.8165450516665601,0.21331492506961816,0.004090434436490806,0.5854933462652372,0.305324997177328,0.05893176357273994,0.16533531891229022,0.8041200520536222,0.9980023436944457,0.4531482541721694,0.29836544276241816,0.8164878690903331,0.2875863629847709,0.1823478237559435,0.8766072831184633,0.8662085278635491,-0.02321342859925707,0.2822929706303988,0.10336173162252255,0.2436851791944033,0.3837653050687963,0.4249682271475525,0.38618362248304583,0.4227983870976273,0.5549282663554389,0.24162645543464942,0.2722977815549206,0.7645874252387831,0.9421989119853235,0.397219840626794,0.32307310831155955,0.41636026595500236,0.024469193948860945,0.7455655159281938,0.21295104742498072,1.1501481507647726,0.12062373358994603,0.33101722142092754,0.43150827152767396,0.4451652523171212,0.9482013379066133,-0.0027476881089147096,0.2630747096934498,0.9086304892087059,0.4793078182343758,0.07156150881261898,0.30456270476488556,1.1192547534445958,0.3281457613214014,0.7543213885330986,0.5860201293462485,0.8235972289150667,0.4399939596326429,0.789897317614931,0.36371044253485024,-0.019055236233775294,0.3519678588425702,1,25,train
2.0983556398554852,-0.5446448789454373,-0.5920536390391795,-0.21462430400215896,-0.6695337374876409,-0.5783671168890921,-0.7522292445038555,-1.261538916452401,-0.30882187673379197,-0.5812347515634284,-1.0037623966475395,-0.8837668122670737,0.5421830529052732,-0.9709757906921951,0.08024289382273314,0.0581930106170448,0.2936956909413991,0.3818691262408852,-1.9556959477679392,-0.18131972546649136,-0.13509800148978646,0.3105887140137864,-0.02530206909251223,-0.2145205615581886,-0.17299736429964013,0.10391800042003638,-0.4525995876243355,-0.8078568069955496,-0.0264149444142901,0.4455670795136093,-0.22138540661846448,-0.21387430883955208,-0.002692216211619722,0.11111540100096783,-0.219828779372989,0.1596688413220284,0.7773341656068681,-0.15064902489781776,-0.32276270320020956,-0.2514864178847202,-0.09030706698360941,-0.051417327199897514,-0.004328512802649608,-0.2404599569034496,-1.025831294618569,-0.9806789791168694,-0.3646425837927312,-1.1036966767744871,0.2444795920306727,-0.032224522521834345,-0.2012206382143243,-0.9817551629185841,0.16370358751193087,-0.3129461322944636,0.2053837825825837,-0.23736851611368015,0.7818583167586636,-0.49826339911717094,-0.2331706132880996,-0.11494325136763367,0.283623894840634,0.02468230226844646,-0.12750093030769816,0.048259718503716235,-0.0936916171647681,0.00025398073127693604,-0.35917387358696357,0.24718132560628395,0.11637893884879356,0.169291645677837,-1.608393546005074,0.00623928876614946,-0.4243824806577012,-0.33192363755180576,0.3983432792535368,-0.99759604603795,-0.19412101081969713,0.5902530242196454,1,25,train
-1.040247336576435,-2.5726944030588497,-1.1674482232342087,-2.2948167878072034,-2.083037151846008,-2.486232371102543,-2.1188283237719197,-2.873492693046306,-2.4748348479644715,-1.182399331200824,-0.7003103730979763,-1.822991085820995,1.6843831145905495,2.1445668658886925,2.564568582609607,1.1361048285195399,3.6328578238079503,2.109520638108294,2.1515904054541846,0.370686690873422,2.23505703834561,4.311295012773348,0.39227767069121594,1.0616949826269668,2.8316045472283258,3.5936024952555576,1.6598354367635872,1.8072572296618301,3.906647418666929,1.8380066495036629,3.625632374922957,4.338943184876467,2.1221860761198417,2.4166231301442016,3.5389756267935724,1.293064172103157,2.8658816786388717,2.9768329009293586,1.623765089583787,3.6583542019152664,2.066954326362899,-2.4472122395843905,2.128739663824917,1.4657478087528497,1.1105316703366297,1.8513835637623877,4.203384533554166,1.2881686902434286,4.89635314918573,1.2320274207105293,3.4337511591909866,1.9846645524350086,-2.8827529006381813,3.718433504734475,2.6061914863408506,2.9892331272229633,1.1336575611824096,2.106546368289366,1.8995833992383326,1.7769096072078452,4.381673068717834,0.3178629485027851,2.783408054330582,2.9907255280561134,1.398045580211379,4.740365636025096,2.7359040803564287,-3.2231446922030575,2.290552460567937,0.8614417209819388,1.1248242445917838,1.9458697372522986,0.5861497620494515,2.009197337946569,0.3662486859452258,1.6877937068107383,3.972444424325243,2.3495073303014564,1,25,train
2.4491227363469052,-0.6957222524016592,-1.0228048332846296,-0.8123329443488084,-1.287624836239328,0.09776386688455005,-0.6915877639658116,-1.8948064715428634,-0.5933830862463232,-0.7937676837584672,-1.3906637266732327,-1.3426838486205426,0.8822763296992039,-1.3599511043589567,0.30238826092737164,0.8086379471314401,1.3362395242798244,0.9811482444198927,-3.336936600424089,0.3573316969297144,-0.20028890631826493,0.6391995312521859,-0.015359694335756797,0.09271651389379326,0.09125101228425261,-0.4222063992724804,0.3241702419712235,-0.9383406674524668,1.1515072861531817,0.5288107494586668,0.3443525024317446,-0.4508807610732995,0.15948049103089887,0.4697499366454709,-0.6426298236880206,0.7500887345661512,1.3204552682865855,-0.08693122674853741,0.4216150007887626,0.18149343426631911,0.13965480743403869,0.6173896655498845,0.6306729150403576,0.16282551497894845,-2.031824129143706,-2.1974169605020317,0.6558102545107807,-1.4638202264153868,0.6554738937965222,0.3225655485038487,-0.19013840712467395,0.0026469252499800055,0.39692513684399683,-0.2454630670457987,0.15627635227843734,0.10140399957595463,1.6998344701768755,-0.0008034886500579224,-1.4204450127032502,0.09233146421334508,-0.42205677203033615,0.9677467143222358,0.13799955949996917,-0.8309830361333329,0.4583686054862469,0.34963911033880013,-0.2303973159623461,0.55654180454831,1.096288131736295,-0.8405666609133935,-2.677385392994067,-0.4400162673167146,0.26034974937337496,-1.0349847354568904,0.854086504231553,-2.1781040165971755,-0.4882315121240458,-0.002924940655201413,1,25,train
1.8634941926394912,-0.3377345631249596,-0.07864907910825591,-0.6708798554500653,-0.6374470411043567,0.4431786085949977,-0.3515623195203502,-1.1375424720990237,-0.3975380185229929,-0.5974277368735266,-0.859622685461497,-0.7943168814524144,0.6320190128131039,-0.4997172375959264,0.00989686090626428,-0.3738813467700313,0.19296681815507774,0.35487457136795697,-1.50521937999519,-0.025511462789902923,-0.17700644030809404,0.28450849042343723,-0.21917837684924318,-0.8939871707308408,-0.37852387942044563,-0.5126340304696317,-0.41944477782452505,-0.35660012291537807,0.06542306000283482,0.07475436794017114,-0.39110677933352717,-0.5235117706288027,-0.35614555250941665,0.3103568096923584,-0.5395076177575251,0.059508323718114715,0.4712113622783001,-0.5329558137934998,-0.1396537492777886,-0.40449433556215514,-0.33121950684971696,-0.1201303744002176,0.11641119530834473,-0.15359847065185617,-0.2685930519032847,-0.8506138845550073,-0.10352671046212668,-0.9961971097175022,0.04807523543460304,-0.34204120426257173,-0.5946398418969113,0.5675219489977131,-0.3075982934299525,-0.5476698375072111,-0.023784225503432715,-0.08863911898164537,0.39707789317019154,-0.15748377541135336,-0.9430553064109964,-0.1074059889828708,-0.484406067898454,-0.32224812910885436,-0.2490553714244615,-0.8359787336028617,-0.12501418298893918,0.011059706389241572,-0.47462871835386194,0.09250108613527089,-0.530514239268346,-1.3795359818469153,-1.0253070840110778,-0.499751263012846,-0.23663332081047064,-0.48050871494411745,0.4240189539001856,-0.7636214933145,-0.6913078106437152,-0.4389360943238923,1,25,train
-1.985793422770697,-2.160515916781549,-1.9065600509985414,-2.3489017923861346,-1.6355121759738842,-2.4700640214905647,-1.8459416613507216,-2.5767869154864385,-2.29740256438607,-1.0852414193402349,-0.5903090145612596,-0.28873031597825394,0.4844313643930963,3.434917666033238,0.9762292078114418,-0.137377487989737,-0.2552766657440521,1.1539133956066336,3.678573477095635,0.05461850087234256,-0.4051746072077687,3.2837342033135912,0.4320471697182377,-0.03135999734643018,-0.4470327177940474,2.713988264519631,0.03998615797284825,2.7641388730125556,2.668830837392637,1.5655728205925654,2.1198991708354775,3.2533007262573657,3.037006475949434,2.1889186630683266,2.739778530832232,1.6778914239497726,2.456072119344176,2.5201886808595164,0.6843365433731057,3.0137676551039445,1.2182855041072929,-2.827424434092828,2.1779299152775446,2.830714021277889,2.950584018577152,2.778621818542115,3.8312193807611203,1.4816679109460016,3.5724423010196307,1.9466046060157784,2.497302632115533,3.7387501524937585,-3.640722935967396,3.753642060516387,1.7277141220111212,2.059674395147746,0.7983489063410267,-0.3141640621726488,3.452649911267028,2.9941774823470477,3.826197523710966,0.40093079826918104,2.5818835861633165,-0.32641759171093543,1.6721180311728756,3.814675137992793,2.4206235427237446,-5.2514517033310195,3.5919943573716497,0.48132651569198126,1.246300590840533,3.288150228777134,0.10573279420506744,3.458807849091073,0.10949193947873788,0.2148175453472002,3.6328168216285546,2.0402436050248265,1,25,train
-0.3127868799398822,-0.984739836404866,-0.6206644194687666,-0.6459175456444048,-1.135635221792192,-0.07861812888248705,-1.4929216139328223,-0.20609299130162986,-0.7959237118405367,-0.5549211504345188,-1.8211862850841753,-1.7160400815860763,0.7924403697913731,0.2670129479972092,0.3134955292826036,0.640356355307,-0.023600258335513078,0.35487457136795697,0.12444585047681382,0.2549434100279563,0.5680324720173744,-0.21623180251126672,0.6010675405830801,0.707190664797757,0.7763393960202709,-0.4386477867628715,0.11576858037241498,0.6763971057018822,-0.6612950619065885,0.3925938350031182,0.2137976003432348,-0.34384558909676843,0.030573980145819992,0.8056140255823865,-0.2404532205590881,0.6710146417209562,0.29346263776493814,0.25820684656006443,-0.0879055666475392,-0.007324847122855928,0.752886472547767,0.7135879316303326,0.2908129959131144,-0.13188309908895782,0.1923345740973233,0.4919935431803443,-0.32862660126437193,0.2615478248492221,-0.22470859317104927,0.5774147544518746,0.7850979287645559,-0.2120716510283981,0.8585094532303774,-0.42150584595535934,0.7673910405078144,0.10553537171851114,0.03428492235820361,0.14020876943510796,0.281418290897057,0.16016682567621085,-0.2746857090693304,0.5670664978019729,0.0068487151371455545,-0.10161120558214443,0.24302596544507082,-0.18704526400677673,-0.07941790357486356,0.4592429442358986,-0.64534734780985,-0.13139650179033835,0.6753617634714116,-0.24675598712334829,1.0389565593280665,0.3783855129090014,0.6165865137500516,0.8050715306268129,-0.38669336286421113,0.13903217914390725,1,25,train
-0.655928604768445,-0.8336624629486443,-1.3820290764561116,-1.0869183522110744,-0.916094667590773,-0.2990956235912834,-0.5378182954586284,-0.9190725463335494,-0.6737297806969204,-0.593379490546002,-0.8653124109030513,-0.9051570131140573,0.33042686169395796,0.5550042860004846,0.058028357112269294,0.49481551913451116,0.288659247302083,0.5006451676817696,0.5020512087569123,0.15700678777410068,0.04650523338954647,0.08629879113678358,-0.00044613220062364846,-0.2027037509638816,-0.02129922218666467,-0.11804073070024414,-0.16367910222598736,0.339313799521513,-0.010443117559137943,-0.258220311840059,0.06583537797625705,-0.1374206145706013,0.8414375163584129,0.4526721016147803,-0.3899804191583066,0.8080764026526276,0.4909612205575626,0.05643381908734336,-0.0401380134503859,0.1880044094866355,-0.34764535502240607,-0.17510081216047366,0.6172573919169139,0.6653812568631675,0.7849558075266765,0.3451458557717902,0.11256918470802879,0.3582974352005086,0.30994771089602924,0.1376749481101829,-0.1070216739522964,0.2272755896642832,0.05681037740140062,-0.12810121443942493,0.5436794135667031,-0.05558814184119319,0.39158102997607047,0.18329584829446421,0.5015135450967324,0.2958375486019424,-0.07913564475568803,0.4937713362433883,-0.0027476881089147096,-0.42633154110150917,0.46619924694228965,0.23077612810118917,-0.2348378869149191,0.2172432147409266,0.5871946838689602,-0.551225235991187,0.7421737539082237,-0.13782746555981454,-0.14275874088685536,0.32764914501894377,0.44327570988517223,0.773165909800888,-0.29215784458781335,0.34689796170688775,0,25,train
1.0445292760486549,-2.1112515558719114,-1.7794010268670433,-2.0451936897505982,-0.6779776049569263,-2.5876520186685896,-1.7528136733815824,-2.0158506196021126,-2.29740256438607,-1.1176273899604312,-0.9563480179679202,0.6796624132760997,-1.0042788283652413,-1.6030606754006826,0.916990443250205,-1.6200747564969664,-1.8870844048824575,0.7705907164110523,-1.6244631773468001,0.8737247960864075,-2.0256342415156623,2.4335189142682085,1.0435032172586969,-0.8289947124621523,-2.0716708849394623,0.7780148875260734,0.08261377057260454,-1.0633877003903456,0.39683846724724214,1.421788299778375,0.5227775352860413,3.505597917344903,2.779193454179276,2.131992546299358,2.8686812882453516,1.8044099725020848,1.8537014418266715,2.228148772675315,-2.1419103541251308,2.489634149868476,0.210833482849025,-3.3404818531885514,1.475850871817318,2.126515543452471,-1.274585886428421,-0.41007082232934505,2.465613376560833,-0.9961971097175022,2.248531452853532,1.93161347625413,2.425268130032806,-1.8802698205757968,-2.941058287971198,3.4220948269033813,1.7713651711703624,0.41125691026769373,1.1556450139588936,-1.931888022983024,-1.3832458148103473,2.594702575954616,3.078005973293552,1.021496499465198,2.0412862033019215,-2.5245244783035585,0.23519532398902807,3.0150514393034102,2.003209873181881,-5.473492692249087,2.4360077313871757,1.598978686469916,-0.39363008351758166,3.140569651174927,0.8512073994808359,-1.306786706296485,0.693613537689998,0.741260288974963,3.842895751131661,2.3748568159798684,0,25,train
