q1_z_1,q1_z_9,q1_z_4,q1_z_10,q1_z_2,q1_z_11,q1_z_5,q1_z_3,q1_z_0,q1_z_6,q1_z_7,q1_z_8,q2_z_0_1,q2_z_2_11,q2_z_2_4,q2_z_1_7,q2_z_4_6,q2_z_6_7,q2_z_0_7,q2_z_4_9,q2_z_7_11,q2_z_3_7,q2_z_6_10,q2_z_1_4,q2_z_0_11,q2_z_1_11,q2_z_3_8,q2_z_3_11,q2_z_6_8,q2_z_3_5,q2_z_3_9,q2_z_5_11,q2_z_0_9,q2_z_2_3,q2_z_1_10,q2_z_2_7,q2_z_7_9,q2_z_8_10,q2_z_0_3,q2_z_2_5,q2_z_3_10,q2_z_4_7,q2_z_1_3,q2_z_3_6,q2_z_0_6,q2_z_4_8,q2_z_8_9,q2_z_4_11,q2_z_9_10,q2_z_0_10,q2_z_7_10,q2_z_1_9,q2_z_10_11,q2_z_2_10,q2_z_1_8,q2_z_5_10,q2_z_0_8,q2_z_5_8,q2_z_5_6,q2_z_2_8,q2_z_1_2,q2_z_0_4,q2_z_2_9,q2_z_5_7,q2_z_4_5,q2_z_0_2,q2_z_8_11,q2_z_3_4,q2_z_1_5,q2_z_4_10,q2_z_6_9,q2_z_9_11,q2_z_6_11,q2_z_2_6,q2_z_5_9,q2_z_0_5,q2_z_7_8,q2_z_1_6,y,split,set
2.6771095166523504,2.821191883558389,-1.4996392724384413,2.5629205448044834,-2.4278958184857804,3.0179804202958214,2.0953994015878825,1.4559737017221737,-1.0211291908549993,1.3724253048235608,2.6548823883830974,0.1780756801730503,-2.6672585158051496,-6.18235485775835,2.885958267216362,4.729826571246232,-6.9378194302298395,2.249694026682126,-2.59288433042937,-4.232428109438642,4.832418598385609,2.7334241473477623,1.2103425141691189,-3.4036997906971793,-2.6576412146524073,5.3918053302280935,0.07985513425991138,3.180885400578485,-0.2026573727568179,1.6055075355073165,2.5406118645126017,4.6067889282153525,-2.3120924474376072,-2.597880240415798,3.843795911992515,-6.120850315243866,4.838962213324537,-0.05747935030559064,-1.0827672992542563,-3.8721148667203313,1.9007902205316387,-4.169766199313602,2.301116882491326,0.800071410670067,-1.0344044333338072,-1.4050264025743922,-0.7828161856045209,-4.584798648326164,4.19728462134148,-2.1921339800240407,4.6082741659978605,4.60960085166734,5.358728127683991,-4.380577679701176,0.30569975752388745,3.3314954888679895,-0.3312856709880635,-0.027825050650613956,1.1834897918780365,-0.41752964542214493,-5.149882924019248,1.123650814963248,-5.655999997883691,4.574544839065535,-3.603073294763595,2.3003871121712725,-1.6113659925651418,-2.33121912128366,3.5860164010727225,-3.608771400968061,2.340494342628097,6.050472211573039,2.5288294907495534,-2.15547987306383,4.509496168428187,-2.0048485403966305,-1.5494858564489864,2.0503765737973794,1,0,train
0.2232628061213537,0.6576866344654748,0.9641297619409748,0.048391844625538846,-1.296289337195412,1.4629498416536577,1.467955479843064,-1.168435760641371,2.4109342772822617,0.8651224066526957,1.3629946512603226,1.4385969317152256,0.2883126707406882,-1.644854384383202,-0.798507232329353,-0.13420954349433167,0.4280171979582611,0.38488504834049697,3.2392275123944816,0.0223349277946357,1.4611651444331097,-1.8481243047117206,-0.2973380424702426,-0.10090630858892734,3.0946471443719608,-0.3469417573685193,-1.8640575662409218,-1.54613880941421,0.20134609891173985,-1.3760190616014174,-1.082700581084037,1.1519947172040401,1.3587781933624496,1.2159258212674469,-0.3638223683265185,-1.7496682649529207,0.3983667228531214,-0.672119986825655,-2.221374946686231,-1.315160280229428,-0.5578295066424677,0.5516275462808069,-0.6067357292565314,-0.9596607637004857,1.5229962979962741,0.4773687258178728,0.4402587176358246,0.7301241475121091,-0.2988185168472775,-0.14509585071847508,-0.27772848975944586,-0.1781698184476653,-0.5611151555303838,-0.007580989263377893,-0.1600677091832834,-0.4162111842457727,3.27774821163858,1.7239804370539382,0.427855069150707,-2.01126222760944,-0.36608698750672874,1.8992157992441496,-0.6798261720630798,1.3706409227323846,0.5261459353972626,-2.8757804661962667,1.0174361266691319,-0.9617613307010249,-0.1619951687648772,-0.284602111177215,-0.21306591468883015,0.04516575164532658,0.45863252107165964,-0.3963710301190904,0.18553923774434286,2.6247005987356764,0.6932827966572249,0.07226308222708194,1,0,train
0.3189293445436148,0.9841277651985089,1.041424476745035,0.33932904960492083,-1.1647783136940988,1.8625063097769914,1.6131971283951054,-1.0682785411153284,2.3571466641589534,0.9824465296824397,1.5175631988333576,1.6412471034233336,0.5541014465091988,-1.813514473921127,-0.7198099109798328,0.1687260390903876,0.5836067403362684,0.6143999995210051,3.2863692940339355,0.27635063151005523,1.7218596118740763,-1.7033962193554488,0.10987032215779921,-0.27087462813601865,3.719723871143522,0.21760564645835023,-2.0661475004514043,-1.7849779273927882,0.8252501943998922,-1.2912233510414441,-1.4383415499909957,1.6831048720311523,2.0368371015357085,1.120908316294239,-0.3638223683265185,-1.4855647871918156,0.5695146740483739,-0.22312718142447321,-2.216402860889585,-1.5871767256008007,-0.6869413805834543,0.7036142608326518,-0.795112518003448,-1.1578441930470722,1.8105509256817138,0.8768304827150686,1.036115721778557,0.5872498788067791,-0.04015945305976861,0.5013372427464403,-0.15808703452368245,-0.12167694918377142,0.014110626388687071,-0.30094764354851317,0.15195127336812234,0.12378727139473805,3.64465553796846,2.2949803270335867,0.7617401791930154,-1.8334997472885497,-0.01830909266359123,1.8518530521124914,-1.0046308234555548,1.661010094873177,0.8019379433486372,-2.5617334625249963,1.8969609992753944,-0.9927289691815367,-0.09452421341226518,-0.1354198796353819,0.479923299879086,1.179808907668535,0.503033528464215,-0.6820971239829131,0.8270276837988475,3.174232747389679,0.7926302452998035,-0.40939652259765585,1,0,train
0.20253505612986383,0.8325658116438859,1.6662234214111873,1.3991717248869553,-0.8436467446792645,1.437032665342955,0.4962888510299078,0.1495751861650995,-0.6094470750265997,1.5756769545793146,1.4545908275998989,1.579894299144732,0.05973432357976912,-1.0137392106283851,-1.0202905924961823,-0.0019418947601584538,1.0276061661466793,1.3220710989942388,-0.8688420304722038,0.6954765426404974,1.0345741977115281,-0.29229738713179754,0.9646713520381515,-0.2747375444893616,-0.5450401254371307,-0.03766796222858208,-0.2858314133590572,-0.4514595186790594,1.3775587379467813,-0.0822006391863429,-0.2059223508084656,-0.14226400960766064,-0.5877184999280264,0.1477980067410399,-0.17759306684628468,-0.9196287634180188,0.45849978678658854,1.3200131400514328,0.04589617658442626,-0.2440955265796477,-0.32982343138498077,1.2772415383347762,-0.4800095259176966,-0.05075055324889931,-0.8508589263005477,1.1121298737641017,0.6239439595144113,1.1301720998870328,0.34022152309833276,-0.6886873156776085,1.1541095712879166,-0.31234038294941324,1.037740757992703,-0.8601778282795524,0.06151098857061343,0.0357440449316113,-0.8049296740684548,-0.16641725695635384,0.051794997839896516,-1.1285795667057075,-0.05900650588991583,-0.8833455947407647,-0.5174238463668422,-0.15010609746261303,0.016696809598195774,0.37684921468474397,0.9392561379930197,-0.17036612508794416,-0.3441667482169298,1.0158777768287648,0.6647204237638636,0.21674593621468982,1.3244521652264891,-0.8783186583231286,-0.03370364888188024,0.0170150254058327,0.5740658582861307,-0.4241036861037547,1,0,train
1.9596104784853923,1.635344510691449,0.5969798666216891,1.5723486326127778,-0.3390114219416676,1.4586303122685405,1.2515454235005226,1.8174106243596309,-0.5060093574817757,0.646998684963594,1.3400956071754284,1.477639625347063,-0.6525795954798392,-0.27381107588135867,0.060009000574502966,1.7644712205929936,0.37488906153650253,0.2031857119892613,-0.5994604211038965,0.05197009322810131,1.1056726888317916,1.8831466458796646,0.1468892643967121,0.35105490475220186,-0.43426703461685395,1.7787019457361286,2.07188448576324,2.0314721453065774,0.2985114908320259,1.2006764012209932,1.7201727976282315,1.033397303990219,-0.7163158790643341,-0.41247762603201404,1.4315444912563609,-0.11114872945545201,1.291111441249979,1.5379708125762783,-0.5656703764030537,-0.25089593771393204,1.2799544011558308,0.3064876841004119,1.955188597701534,0.39687064062011507,-0.19009510098081378,0.2092368615992072,1.506529146101767,0.09004742371223104,1.3938768270562734,-0.5270790423113796,1.127093758815325,1.7567109538406998,1.3864996966365493,-0.32539486473894114,2.046675239875934,0.9132415353474412,-0.23789107883136662,1.468970777451377,0.11505743974264968,-0.5217352373343911,-0.6731674691235416,-0.14922301420006387,-0.4008273048413384,1.1590159328670613,0.16991459179340385,0.08523413984713611,1.2568623419897256,0.2322131751587099,1.3965838998804612,-0.03164093595410672,0.3707249994017174,1.4565511408449274,0.10342446193121671,0.10623149643654944,1.371074846908364,-0.4184632810746978,0.6460927585520001,0.3333152344603368,1,0,train
2.2992266898844194,2.164978590146066,1.4101846786227383,2.076639787910373,-0.34665741168011605,1.814991486540703,2.202878221516393,2.5025440680740076,-0.632203372886461,1.3740777572605996,1.9660028121625335,2.035392391516167,-1.471209024846852,-0.4370305173696733,-0.10453994406540276,3.0146138360482433,1.0693497019066325,1.7141591405942735,-1.1045509386694727,1.927452705660282,2.284722666576163,3.791748271515501,1.257457531564099,1.7648822900757342,-1.0672561250184351,2.8292510276400424,4.304497092279048,3.4296761484728377,1.8429298255649933,3.19474327213133,3.3962629085164724,2.7659508187660413,-1.1196440227191176,-0.7892711802361146,2.650764449384767,-0.7525428897324217,2.762058697468636,3.0113646788442336,-1.3065111601033343,-0.5161119719510205,2.8842381114012814,1.6743681150670162,3.4724780052448803,1.9823380753928073,-0.8692134770038736,2.2065456460851856,2.626561108776076,1.6788092917154998,2.61870357028536,-1.031492744030215,2.5782288287716817,2.875975926131597,2.4871285549541415,-0.5729229792920241,3.2811851273619306,2.735736323134165,-1.4453497345715192,3.869387790666792,1.7212205480514384,-0.871130457275452,-0.7397632362211638,-1.0727965832673971,-0.6881544964577586,3.4278326846790157,1.7710404157333284,-0.004493575487512447,1.8285535091837963,1.8459712248653828,3.218299694400987,1.268838952051873,1.7903029056075093,2.6133336755222474,1.50760632072078,-0.15883969907567158,3.5350833389783065,-1.2790513629290796,1.083221532579346,1.7488797219223526,1,0,train
0.3492237483773308,0.29626966829675866,-0.09545195349801601,0.2201833370895549,-0.17691643948656077,-0.5175543814225428,-0.4318052832176361,1.335494727509688,2.032352231068206,0.01245694914075289,-0.18650733181751075,-0.2941549951834579,0.6285223037243818,-0.061625801946549576,0.06716330251536844,-0.17260982861070454,-0.2019307053283049,-0.5427378793473904,-0.027024501196243642,-0.7185442080420046,-0.6895642119548643,-0.5591397945074239,-0.36464521017735696,-0.2670117117826757,-0.9881324887182374,-0.18985030586886864,-0.579342984474282,-0.6803470067418637,-0.2793668926938858,-0.5089145374881433,-0.08268043089021258,-0.4928998399789581,0.715791297680911,-0.1503603709335093,-0.2968962131070595,0.028987809764726237,-0.670151567041563,-0.6459650661226735,2.2435580987020374,0.13332729137313198,-0.42322351040612,-0.5269878473129314,-0.17518163139995885,-0.3616935199823368,-0.17174055027748783,-0.846874358690639,-0.442326468951531,-0.36143526539661147,-0.5841042489658536,0.33972896938021147,-0.7177002928845114,-0.12167694918377142,-0.6471725559749693,0.15132594847440373,-0.2821620936599204,-0.5336021528632751,-0.22454899423755278,-0.5600191228646552,-0.5140523991791734,0.011552203628280704,-0.29579145557034986,-0.6406115156910168,0.10720048323407133,-0.5684345658010428,-0.39316075777398585,-0.7391392447899475,-0.2676474371944629,-0.46971996373289204,-0.3880228691961276,-0.5440494703804031,-0.6456591819645596,-1.0950122490414098,-0.6791432933625715,0.002957004678541256,-0.6386516138320143,-0.6465709654216424,0.1667413188515585,-0.27703205104276607,1,0,train
0.8546619597082767,-1.875563160661794,-1.5978679725019345,-1.2760651456615526,-0.5530991346182238,-2.225928253236365,-1.7389801201860078,0.0697397213255005,1.2482943320784397,-2.4513496344838726,-2.02224736595652,-2.1403166512031926,0.8198902222777095,1.1625200092158106,0.97218249803485,-1.2179509234452992,0.7847346853614973,2.9334573187407234,-1.8924921460717712,1.580297910582542,2.2432485467560093,-0.42345721448591894,1.0858242539109573,-1.0627724805713303,-1.969265578840688,-1.2993086820851514,-0.6515179609780258,-0.5061934832158169,3.4947414882098564,-0.26820413331789694,-0.6249448785305258,2.5648508572295623,-1.8970736329522504,0.2559213744691732,-1.0098052578360797,1.0961814545953146,1.8554371181640548,1.503097584972303,-0.09829431151831292,0.7793663491301422,-0.4781647333597313,1.9489247607090587,-0.30875789978413604,-0.31727309616327426,-2.4232321032188033,2.5348703777815107,1.945581675470096,2.4046105767385755,1.294977773255167,-1.4085787152180824,1.103937348124532,-1.283311573422589,1.5586144975257201,0.7441710623422814,-1.4488417675477854,1.280088312277136,-1.959019991433352,2.8604365287610056,2.6666425964870273,1.5133386753047704,-0.2698931016990524,-1.5641850847583503,1.106599410595533,2.0596525176427396,1.8476493068309323,-0.6886674049142077,2.136387214595988,-0.25982819180942285,-1.0863472570956623,0.8537231773267723,2.785687413805061,2.120732500468269,3.439050142296938,1.1906136598956356,2.0491037740672393,-1.6056600927894775,0.9242656147512202,-1.7036269111343558,1,0,train
-0.465536270518926,-0.4498814876644619,-0.4094617323895102,-0.20652456354687204,-0.24573034713259667,-0.34693297071041657,0.3728334497606727,0.09877079944899105,-0.4460154813057777,-0.24367317860023766,-0.287644776525793,-0.3517894476875987,-0.035949635696894695,0.2539317849308588,-0.011534018834151697,-0.06167567160784958,-0.6193660629278366,-0.6192428630742265,0.12786992419053303,-0.316352677159257,-0.6540149663947326,-0.6902996218615454,-0.5699320716840557,0.05747326189813503,-0.23645794386635985,-0.08184993296285883,-0.42055803616604565,-0.3270641447318832,-0.5452932284757213,-0.08767133019021214,-0.5474785288676239,-0.6424357088137761,0.07280440199937235,-0.07500166009268916,-0.25906838624388695,0.4062784922805908,-0.73028463097503,-0.7549439023850962,0.3044446380100275,-0.03328278141683383,-0.3957528989293143,-0.7034885480828158,-0.5896105666431753,-0.26260180530904353,-0.5204770136406807,-0.573270415610368,-0.4557668525036227,-0.6243239198144185,-0.6982185418132839,0.13404571236864748,-0.5285896055763692,-0.1675774054606852,-0.3074722910621321,0.09326379814713737,-0.23694195126116596,-0.7625145416674046,0.3691737701871631,-0.6875239526659358,-0.9322874317584862,0.6735641993060802,-0.0442074465348887,0.09943140824114124,0.3029161065090243,-0.3961816670734541,-0.8413227706949694,0.2534736060996022,-0.7074098734975942,-0.19789291484839913,-0.43862608571058664,-0.566751114310682,-0.48186173124850673,-0.690968588603877,-0.6569427896662939,0.34032034442136805,-0.7036124691286729,0.058489149832549894,-0.37470227625049474,0.0024040555731123384,1,0,train
-0.5085862128089434,-0.5148366106164431,-0.20978371914568825,-0.6415449557541385,-0.5745079058858794,-0.3706903823285607,1.2428309245874,-0.42378860677383856,-0.4729092878674319,-0.24697808347431496,-0.24947970305096953,-0.30531005050683996,0.33615465037902015,0.40626993031995245,0.14943777483532128,-0.2366103038046593,-0.49793032253524555,-0.3419122970644457,-0.32334427150138156,-0.4814628845742797,-0.6836393376948423,-0.29229738713179754,-0.388202718874847,-0.12408380670898524,0.0325624195543121,-0.27821424733742217,-0.19440977645431506,-0.36189484943709255,-0.5708630684547439,-0.5280619560016856,-0.508745354036173,-0.9208818094027476,-0.0674836479675088,0.27558016860156104,-0.2445192220657437,0.24997235238116117,-0.7164077700673069,-0.6634016799246611,0.5480768420456903,-0.570515261025295,-0.3517999205664253,-0.4877654693640681,-0.3190329973521497,-0.18059486902769736,0.2320595651956829,-0.742904860320136,-0.37512455119107246,-0.6871885980447637,-0.3444642339862497,0.4033928346456956,-0.5671836233943575,-0.4076720998322341,-0.3844710177757085,0.2613384438313295,-0.15554569494340795,-1.1528395123206,-0.41800922084785347,-1.0201452477997115,-0.9076853710185266,0.5387099038902322,0.18517797346803178,0.08167037806676945,0.1863195649835204,-0.6963938619986801,-0.9753883301157765,0.26468957051643327,-0.35559992445508914,-0.24606479692919533,-0.8232105312204754,-0.6445853220716384,-0.18366637225261553,-0.3810172874463176,-0.473788634172003,0.2680282001907623,-0.9309754626669784,-0.7709933387017941,-0.1188825959958549,-0.12628362510525273,1,0,train
0.15151290230465791,0.15303529460777437,0.7918269601902573,0.18831878606800354,-0.582153895624328,-0.012169443363839589,-0.25751530495518654,-0.19879775131678695,-0.39843413123515864,0.6271692557191303,0.26384053518540623,0.24128766033888208,-0.035949635696894695,0.12879687978981752,-0.3549405119956941,-0.14700963853312263,-0.38787918280445993,-0.7435634616303352,-0.47823869688815823,-0.3248198672831043,-0.8554606912354794,-0.6088900738486425,-0.46224060335267275,-0.30950379166944847,0.36488169201514215,-0.26839603161869396,-0.6226479703765283,-0.43653207380539827,-0.5452932284757213,-0.2326446417927469,-0.6918476350575775,-0.7713459405679296,-0.13178233753566268,0.09209809003260765,-0.6082483265193255,0.09905607937481536,-0.6979052888570093,-0.6328876057711827,0.32433298119661225,0.09592503013456823,-0.4616823664736479,-0.4044179162227338,-0.4937096560083814,-0.3992800324446204,-0.19009510098081378,-0.6334632830880276,-0.48712774745850335,-0.6643287150519109,-0.7476680687138371,0.14384015317872195,-0.4977143913219787,-0.29821716563343975,-0.6154671979164378,0.05964886901029894,-0.11936958102440438,-0.307624538274583,-0.4847196438169227,-0.6930676409181654,-0.6616647636189309,0.12801727694196766,0.003889496368949463,-0.07225855011111944,0.011424752695264577,-0.6570217708609456,-0.7800356578168862,0.24786562389118663,-0.6096848876524539,-0.48348335861311953,-0.17211581206776902,-0.37540868689833085,-0.47766179661476177,-0.4197612000910125,-0.7457448044514046,-0.17260963131007268,-0.49248968941453225,0.03256782206585165,-0.05182306816211437,-0.11525325247567857,1,0,train
-0.18331998217325585,-0.6014434412190849,-0.8796712474475425,-0.4572847259338632,-0.39253335011080664,-1.800454608802328,-1.6532875475403033,1.8667634571695648,-0.5742782510613595,-0.8418609608082285,-1.7932569251075792,-1.8186792227123425,0.23515491558698612,1.0101818638267168,0.32471817238652523,-0.1214094484555407,0.6025810747726107,0.5331134543112419,1.158254580024308,-0.07503775862960846,1.5026392642532633,-2.9200166868816093,0.05265922960675201,-0.023647981522067645,0.8633606007063872,0.08505973425551999,-3.245005450012553,-2.7502860292228757,0.6360333785551248,-2.1692692571624566,-1.2059425010022902,1.6057587329786605,0.3709165081789948,-0.6516596213093997,-0.2823470489289162,1.112351055274566,-0.01793910437857381,-0.013887815800621543,-0.9186884679649324,0.6841605932501618,-1.1072417361785807,0.7134198553198676,-0.7574371602540646,-1.6567197220919279,0.29935958444121136,0.7236122745901168,0.35961641632327435,0.5586750250657132,0.01689769336394659,-0.16468473233862405,0.0040078403118680404,-0.13226936217075153,0.22698945906739834,0.1635495590696177,0.2514355866453821,0.3116128211827418,0.789449434892299,2.1508444324756173,0.6949631571845537,1.304927491480278,0.1370810305641936,0.3244044571165173,0.28209529552232715,1.7299112543642126,0.8862077235560016,0.21982571284910896,1.2959523363277818,-1.8563819979158116,-0.02030616252439191,-0.16136461555570072,-0.02406885617030756,0.283164072177024,0.4253317655272431,0.30589551383536534,0.28704057414537204,0.5509943773998166,0.549228996125486,-0.26600167841319194,1,0,train
-0.561202808941187,-0.7280226551767919,-1.0020545458873042,-0.6290762183978793,1.6810590669564096,-1.0942115543356785,-0.7571465759742086,-0.38459665130712634,-0.7232285643259061,-0.7344515524007164,-1.1272763929719094,-1.2125878834752495,0.4531017117171648,-1.0735863391741005,-1.1276051216091643,0.06632527878005998,0.16617138273673668,-0.09805266143515572,1.0707055569796082,-0.11737370924884503,-0.42886974451389775,0.10118209493056672,0.13679318924064496,0.19653825061848246,0.538953691875577,0.026150439943150996,0.03173848325741551,-0.053394322048095605,-0.08503610885331374,0.013536453381368732,-0.36437624784621947,-0.10616914471649769,0.2890818123649808,-0.45834814567425236,-0.18050289968191333,-1.1567829067137052,-0.3186044240459093,-0.09235257790956593,0.36908175336642784,-0.9309370511423639,-0.3957528989293143,0.25745971166433285,-0.27108254203475274,-0.18059486902769736,0.6725687820755055,0.3405667542777373,0.03704721107307332,0.26721151690684014,-0.20372327280775218,0.5209261243665892,0.05418006347525271,-0.1993546444216255,-0.12176947957644778,-0.5454198554527926,-0.14197965222378162,-0.00827756829995208,1.0029227883933205,0.20500985594302906,-0.12041942733982045,-1.7354238960770239,-0.7323637065436502,0.7151471209526967,-0.7756019026018866,-0.08120493797157755,0.055001255146997795,-0.8569068711666737,0.3040437299996078,-0.07058151220629486,0.06065898389874255,0.03322090384669028,-0.19626617615385036,0.39939581011110875,-0.26288384905736506,-0.6476722933969103,-0.049943862706044916,0.33843948971289095,0.19902923966039654,0.08697024573318081,1,0,train
0.39865145989549905,1.2272930972751566,0.9480266963567956,1.7164318198406623,-0.3604201932093232,0.43922137738089967,2.490456685649435,2.4314179266714557,1.8006517437678,0.5891628496672413,0.8134175932228643,0.7097999839209296,-0.046581186727635115,0.29201632127813215,-0.19039156735578835,0.019391596971159806,1.0314010330339478,-0.22237325999126434,1.562326994076769,0.43722724386315426,0.46578626874941925,1.5801222171649703,0.29159967496700795,-0.185890468362473,1.0453449641968418,-0.20948673730632497,1.4848613435327904,0.7526877011296061,-0.2947087966812994,3.5257200778654187,1.6497488433892298,0.40947178230011616,1.867322374492394,-0.7565065233488015,-0.026281759393594666,-0.11114872945545201,0.5833915349560971,0.6617809690263995,3.392109917727305,-0.7711273894866825,2.178243396447376,0.18882055025382224,0.2015719460938743,0.6087218926802593,0.8132870041343377,0.17093230956796926,0.6194638316637141,-0.172841230705576,1.3976806368178545,2.514094829216745,0.6408091343086735,-0.11461534052578469,0.0005226157921735857,-0.4109601389054389,-0.006319225027518252,2.577258515500537,1.3097907340510389,1.3913591419201625,0.47354461052491764,-0.01296675917460076,0.07048526346657154,1.1828542488778206,-0.18845503277702777,1.5970304467743583,0.778955276019356,-0.9858904619602311,0.5776736903660006,1.0132858346116198,0.30355442316814596,0.604005094093704,-0.015668986902817667,0.1780020235699949,-0.3572359897665452,-0.08999003790366612,2.215565965764927,3.635632381636908,0.8870103215102532,-0.25497130578361776,1,0,train
-0.14186448219027603,0.6909969539280293,0.7902166536318393,0.9073493069456191,0.3139561017218289,0.96404419767263,0.7911293975905516,-0.38604820521330085,-0.5660032336577736,0.6585658520228646,0.7313626852519939,0.8418014719142842,0.1926287114640244,0.37906669007189997,0.09220335930839756,-0.4670120145028965,0.00678697347146095,-0.29409668223517316,-0.04722812189886669,-0.16394325493000528,-0.055602666132513856,-0.6179355791834094,0.05602458799210773,-0.44470586403645296,-0.465916489136933,-0.2880324630561503,-0.6515179609780258,-0.819669825562701,0.06838293102082212,-0.640211121581005,-0.7763563801443796,-0.2144537393899866,-0.3422144124859844,0.06916283021148847,-0.5296828399573518,0.3847190247082557,-0.1890870555738263,0.012267104902359917,0.1950587504838116,0.12992708580598983,-0.7363884812417044,-0.17888924301677034,-0.23683221680804065,-0.7068060434996685,-0.4470588108273769,0.05601865347425543,0.08632861743074292,0.07290251146759145,-0.16948898495352308,-0.5417707035264914,0.019445447439063325,-0.4782881864121014,-0.05835876345938485,0.3866304524322727,-0.5037407914138172,0.04748314179336153,-0.44469339003548114,0.09967977915066674,-0.2926338525195374,0.2812607944599768,0.003889496368949463,-0.5695673949935297,0.26543864673296946,0.036911335441626156,-0.22462119735925695,0.15252992634812254,0.25518123707703766,-0.7381061638973281,-0.6376654040007922,-0.19379553545609923,-0.15006689518265595,-0.13748412225109233,0.3476300025902712,0.4091700055933735,0.18553923774434286,-0.38735768775465995,0.11706759453026921,-0.4424876404863783,1,0,train
2.0696269976709925,-0.33829191746490433,0.5325676042849724,-1.6972313852507535,-0.5163983838736713,1.8193110159258203,1.8775369287598207,-0.25685990756376803,-0.8783851406431421,2.4927880571357646,2.160644686884133,1.9461519489291104,-1.6466296168540688,-0.8559604171896809,-0.13315715182886464,2.920746472430443,-1.8526978012900892,3.5168078196578483,-1.5961723757666333,-0.9852606969431951,3.054956320379019,-0.9526192765697882,-4.4266327813017075,0.20040116697182545,-1.7872812153502335,2.2401580845163527,-0.8776662206897563,-0.9241619396783289,3.4231459362685928,-0.5225912649978164,-0.39958822496572033,2.105930432184776,0.3183084894414144,0.40991526183954474,-2.6684099741444123,-0.9304084972041864,-0.776540834000774,-3.5709570314061003,0.07572869136430334,-0.8187302674266727,-0.1677468236718274,-0.017096933977709613,-0.9012885262062555,-0.9220742512382021,-1.7135228093568668,-0.05342292375785299,-1.0785046237505385,-0.14426637696451,0.04352436169501368,1.3926313564632176,-3.442437950834479,-0.6654208158487499,-2.9118409887272168,0.7075002305566394,2.720455361617375,-2.681856878563568,-1.6654941303694475,3.104358811859108,2.8564299221952867,-0.9998550119905797,-1.2022338410657616,-0.33867400272669634,0.23628951135159348,3.260501297343644,-0.37783897955446505,0.38806517910157506,1.9653684893669927,-0.9411162383806836,2.300694701605463,-1.2445573402290107,-1.0404530375365846,-0.6688292099497656,3.1115927127768424,-0.8266814124441245,-0.9350355161230196,-1.6575027483228741,1.1676668639255376,3.164444209384368,1,0,train
0.5804178828977952,0.795924460235076,0.23144027786082155,0.599787118824558,1.0632630960897758,1.175701137543369,0.47159777077606074,-0.13492937944510777,-0.5701407423595666,0.30494103049659377,0.9221880526261113,1.118818679111606,-0.11037049291207766,1.2930955624064622,0.12439771804229215,0.33086057624840637,-0.30818697817182206,-0.10283422291808297,-0.5859913406354811,-0.29941829691156235,0.37098828058906774,-0.369184182477317,-0.15262763189994677,-0.5528675219300565,-0.5925143072172492,0.06051419495869958,-0.5264146683715365,-0.48629022338426875,-0.27425292469808127,-0.23811533279661615,-0.6073388899707755,-0.2144537393899866,-0.10255566045922909,0.13796860967484598,-0.1310357414762262,1.5058113384696818,0.019065858042021322,-0.087993424459069,0.20997500787375015,0.3951431200430783,-0.6017824850053568,-0.4191263079535575,-0.551935208893792,-0.42319872219334637,-0.5816588493184338,-0.5130775481327083,0.31033500996560476,-0.7900580715126011,-0.20372327280775218,-0.2381430384141826,-0.09633660601490131,-0.012222014984977058,-0.15800417450048374,0.3010651782657749,0.30117774328401203,-0.22838563445776897,-0.38465400936331884,-0.09434930967736911,-0.2996630127309544,1.8198257103407884,0.4145633934709523,-0.30315194237795273,0.9441970848992955,-0.3371235303668522,-0.4582783152069493,-0.30732461474195133,0.6021049368272857,-0.35273110725095835,-0.06753583127122034,-0.4759445385895662,-0.3726634307711381,0.39939581011110875,-0.2850843527536427,0.37474517500737076,-0.24076637513997984,-0.26293531447450835,0.1741923774997519,-0.1887890700061729,1,0,train
3.0757200934117717,2.646312706379978,1.3232281244681707,2.5421393158773844,1.5159056886059232,2.2944592482887036,1.0714457792959913,1.3427524970405607,1.4241384519046405,-2.406733418683829,2.2312500728125566,2.191563166043516,3.2438838572865256,2.9688151616864924,1.455097879043269,4.567692034088212,-4.645719830319684,-4.707477930977029,2.5927116499105445,2.050226962456068,3.5230213869207545,2.1635573112574416,-5.708834326122236,2.4177151537906982,2.4616580539703796,4.719257553495214,2.2402927642719757,2.290214523116704,-4.999559352821465,0.7274616293863041,2.001868614584238,1.255122902607363,3.1883681783471913,1.5206371303194588,4.504327965680219,3.510841822696847,3.862956329481341,4.179617803577406,1.5027173150017565,0.9765782720243875,1.678278267569513,1.6596597233361925,2.479218573670229,-2.7501455391765433,-2.75361401587867,1.7797234948799627,3.329941181335542,1.5873697597440886,3.8777646013686753,2.8666946983794266,3.770783979347517,4.980335306211643,3.954633699377598,2.647998412546857,4.922676296436718,1.4884572815732027,2.677354404916957,1.590931919000428,-2.5560234405958173,3.959105214892196,2.9637013673743753,1.0703677244401326,3.255307104422676,1.469071150576721,0.8325814997876788,1.6218212649529928,2.581035900191376,1.0855436577328141,1.9228573516308354,1.4763968394144236,-5.614181853684832,4.080067511357126,-4.9527402548960255,-2.189904703649833,1.7973804597926868,1.1005265260538193,1.18008529500586,-5.255406897857231,1,0,train
-0.8322580011375935,1.7202858253209632,2.1348226299108015,1.577890293660004,-0.5072231961875332,1.8128317218481447,1.4548837314733802,-0.11170451694631535,-0.731503581729492,2.002009683335286,2.0442412127859217,2.1023227234564597,0.7401535895471563,-0.8831636574377333,-0.8307015910632476,-1.4696861258748546,1.7448360078404201,2.732631736457779,-1.0843473179668497,2.101030103199152,2.4150699002966465,-0.47773024649452095,1.459379034685442,-1.7349199260530097,-1.5815597609697196,-1.3287633292413359,-0.7333162676822688,-0.6703953768260895,2.9066351686923353,-0.4049714084146278,-0.9277678817582333,1.4665356826841747,-0.8682945998617887,0.1740097322508904,-1.4230015204953486,-0.720203688373919,2.225486742370006,2.139533988744852,0.11053329194082659,-0.5433136164881578,-0.7611120315708295,3.0128317625719734,-0.4628843633043405,-0.4744530573691877,-1.3709045295614493,3.1915198411741614,2.039664360334738,2.3703207522492966,1.4737568320494747,-0.9531372175496193,1.7793326599393255,-1.3080272037255427,1.676377256028837,-0.6126497137264695,-1.6568544225820558,1.10693663356632,-1.271902634851939,2.278349262276898,1.6895893271000617,-1.1101903446035464,0.5218565737948989,-1.203044137879457,-0.7880943891939048,1.9021641530918012,1.744227303849167,0.4273210545604838,2.028889730166334,-0.552300333014257,-1.3596046262737411,1.7163856466773724,2.264895519220688,1.9159432479177385,1.946066268722264,-0.7337343698619172,1.63497832155104,-1.170181786308947,0.9764230252885739,-1.7587787742822265,1,0,train
-0.047792386075052644,0.004804372999406901,-0.6026985193996606,-0.15803502938364172,-0.15244927232352576,-0.4894774404192816,-0.8501012310475151,0.06538505960697692,0.7124869551962512,-0.425442946674489,-0.5299929930909221,-0.5860456094786224,-0.06784428878911597,0.20496595248436436,0.2853695117117651,-0.31341087403740503,-0.2778280430736743,-0.5953350556595902,-0.2829370300961355,-0.6592738771750734,-0.7073388347349302,-0.29229738713179754,-0.5463745629865657,-0.32881837343616344,-0.10986012578604364,-0.26839603161869396,-0.08855314424882416,-0.04344269213232151,-0.4736976765344579,-0.25452740580822386,-0.6460720648022263,-0.2814870599021464,0.10203107907580593,0.13469214398611468,-0.44238785488849214,0.14756488141256938,-0.7210333903698813,-0.45416231430080944,-0.12812682629819,0.18773058044740654,-0.5880471792669539,-0.4338346996843812,-0.38753364780557387,-0.35485960862555793,-0.4837679122340288,-0.157392422128356,-0.7111341399933652,-0.20141608444664197,-0.9112318884618207,-0.13530140990840062,-0.48999558775838103,-0.3688332522133071,-0.5203511237408434,0.15438185112320724,-0.4539986347751873,-0.3428418288598337,-0.1378254443777628,-0.41033954005445605,-0.27154637188528635,0.17705520254773058,0.04828667443403085,-0.8715049079578502,-0.14681341080363353,-0.1845566772081308,-0.1058774161579707,0.10205808647238272,-0.19923994710286466,-0.3940212918916408,-0.1485009776943548,-0.39486723883856994,-0.7212580053719687,-0.762921569229739,-0.5570405230330443,0.28868309854236396,-0.4884296359584911,-0.5739912476748873,-0.08907836140308134,-0.3726286138324087,1,0,train
1.8033551323956993,-0.11677829303891699,1.6855471001122022,0.8990368153747795,-0.7366028883409863,-1.0250990841738046,0.22178213526654975,0.9595422658104855,-0.39843413123515864,1.2997173975938603,-0.1483422583426873,-0.3648036788982111,-0.5568956362031755,0.8034372379415182,-0.6411125896303127,-0.3091441756911414,0.6974527469543225,-0.7387819001474079,0.10093176325370229,-0.6084707364319895,-0.4466443672939637,-0.27420637646226353,0.2983303917377194,1.7339789592489903,0.673463873585913,-1.22567206419469,-0.3243247341610539,-1.0187024238781828,-0.9799805081191062,-0.1560549677385776,-0.5650845174273744,-0.9105689908624153,-0.15516367919680954,-0.507495131005222,0.6226109629515951,0.23380275170190984,-0.5591366797797777,-0.8377678179445375,-0.19276394165459032,0.05852276889600447,-0.06885262235532702,-0.8113500874421897,0.684501531790515,0.5950540699667016,-0.2573951202263422,-1.2299198790030184,-0.16455854220830232,-1.7844629817016973,-0.3482680437478307,-0.21365693638899644,-0.6482310608121327,-0.4888805993990815,-1.267691706549085,-0.34984208592936905,-0.5896590619714508,-0.26947247347389475,0.12901624749851395,-1.0256889360519412,-0.25045889125103526,0.6122667922988766,-1.109739720096842,-0.23210782168046556,0.24878199794361175,-0.6767078164298129,-0.21696030824949655,0.5563046453540411,0.010868772464186955,0.7861898190878663,-0.010185519221500103,0.3250991829502768,-0.5994599009933652,-0.6134807633144871,-1.2119553820732358,-0.4204684115292923,-0.48436958250244994,0.10514753981260674,0.34556672640819996,1.0870573641479035,1,0,train
0.15948511383984634,-0.30664711397547756,-0.2580929158982258,-0.0014831047994980715,-0.3879457562677376,-0.3166962650145967,-0.057081829953369564,0.4616592759926228,-0.40877790298964106,-0.23871582128912172,-0.42503904103515755,-0.5284111569744816,-0.19542290115800104,0.07439039929371265,0.313986719475227,-0.22381020876586835,-0.6914685337859375,-0.3084413666839549,-0.04722812189886669,-0.5195652401315927,-0.7725124515951719,-0.3917979458142345,-0.5261824126744314,-0.46788336215651083,0.0325624195543121,-0.5040332088681699,-0.6178363052762786,-0.1678380660794977,-0.1668595967861862,-0.23537998729468154,-0.38550343411792,-0.2814870599021464,0.14294842698281293,-0.06517226302649523,-0.4511173533953781,-0.09497912877620068,-0.6655259467389886,-0.3844158590928589,-0.013768852975327884,0.0313211243588672,-0.36278816515714757,-0.4191263079535575,-0.5142598511444086,-0.5803786833992598,0.195350463789031,-0.4583567595166541,-0.5408892816668702,-0.5100245048501546,-0.8503709322765245,-0.13040418950336335,-0.25071267728685415,-0.4712265777541147,-0.5973498504544198,0.07187247960551292,-0.3499923072580521,-0.32816795778264596,0.14902937438923472,-0.3604463457843897,-0.5140523991791734,0.15866598044556948,-0.2920916907315931,0.5138554456431498,0.10720048323407133,-0.3371235303668522,-0.8643054380242506,0.13570597972287593,-0.5559361454376267,-0.5488594842942001,-0.2766957928643177,-0.5797234822708414,-0.48606166588225164,-0.6466898312956542,-0.48488888602014185,0.2714706832493626,-0.5412103308870262,-0.31477797000790486,-0.24306690679907814,-0.3248303324375874,1,0,train
-0.028659078390600428,0.05310433622011091,-0.24521046343088246,-0.16357669043086803,1.2758216108186422,-0.044565913752218,0.42512044323940756,0.8245477525362545,-0.34257776376095367,-0.10982453120010713,0.013859303925312497,0.04607419217969566,0.07036587461050954,-0.05618515389693909,-0.22974022803054842,-0.3774113492313598,-0.4334175854516816,-0.47101445710348155,-0.060697202367282044,-0.638105901865455,-1.282051637957061,-0.5907990631791085,-0.43531773626982706,-0.16657588659575806,-0.25228267112639935,-0.3567599730872475,-0.41093470596554643,-0.35691903447920553,-0.3663043486225628,0.10380285494521113,-0.4770545746286222,-0.5599331604911179,-0.34805974790127114,0.6097796688521546,-0.41910919220346293,0.4547872943183448,-0.6562747061338399,-0.5326270764097538,-0.15298725528142088,0.42574497014735774,-0.5962883627099956,-0.3897095244919101,-0.5827605015978329,-0.6008804174695963,0.5624414778555499,-0.5842145733335788,-0.27656173847573323,-0.6929035687929769,-0.7476680687138371,0.14873737358375919,-0.4861361859765822,-0.41473370849022084,-0.4659990813547894,-0.028972307805002342,-0.6348792043702052,-0.3252331835672084,-0.31127254409734273,-0.7651355881971502,-0.4929649185449224,0.7777697912183265,-0.09970391911624044,-0.007134772805089525,0.26543864673296946,-0.2977514392291177,-0.5808525409631158,-0.5372518852869883,-0.44355241171571536,-0.6864934330964749,-0.20247774197644444,-0.3040606631174541,-0.4692619273472719,-0.5913413846603758,-0.5403901452608361,0.05115176749894508,-0.27324680278830915,-0.16961853451439468,-0.2703874551757872,-0.19981944263574705,1,0,train
0.15789067153280867,0.5077901968839796,1.0655790751213037,-0.13863921571834958,-0.2640807225048729,1.2080976079317474,1.2776889202398898,-0.2278288294402775,-0.5287656553416369,0.845292977408232,1.0385915267243229,1.1857490110518984,0.18199716043328398,0.11247493564098607,-0.21185447317838477,-0.44567852277157827,0.13581244763858893,0.3466325564770789,-0.43109691524870447,-0.07503775862960846,0.8449782213908251,-0.5907990631791085,-0.5564706381426329,-0.0854546431755554,-0.5529524890671504,-0.06712260938476658,-0.7381279327825183,-0.5907823374998967,0.42636069072713906,-0.5855042115423126,-0.6883264373456274,0.703387110699586,-0.049947641721648665,0.1445215410523086,-0.4569370190666354,-0.062639927417698,-0.008687863773425026,-0.5195496160582631,-0.11818265470489764,-0.2134936764753683,-0.6594707691066486,0.32119607583123555,-0.4800095259176966,-0.38561220973106275,-0.4654133615307029,0.4937849624026891,0.06392797817725675,0.5072402883317944,-0.4091289999331269,0.13894293277368472,-0.5517460162671621,-0.4924114037280749,-0.773993988209095,0.12687872728397578,-0.3816464069371802,-0.5981671856029013,-0.3979960939571327,1.1418931705698308,0.17831988164540286,-0.19072923949549137,0.05568620411154441,-0.4097181234241835,-0.1926191949743672,0.6668647936453792,0.2580148165556485,0.17496185518178467,0.7242611691337111,-0.552300333014257,-0.31717836607588495,-0.784038277643352,0.005330686265907066,0.1558626449158835,0.2144269804126051,-0.13818480072406994,0.23831993267287804,-0.3303307666679238,0.5194247615327124,-0.45351801311595247,1,0,train
0.3253071137717655,-0.7613329746393463,-0.5640511619976305,-0.745451100389632,-1.4018039955860004,0.21676561404736788,0.1854717231285394,-0.6821652020729043,2.261983964017715,-0.29655165658547444,0.46802367827571184,0.4532337114831417,0.43715438517105415,-0.42614922127045235,0.9686053470644173,-0.4712787128491602,-0.019777094739418338,-0.7340003386644806,1.2660072237716309,-0.10043932900115041,-0.4110951217338319,-0.7174361378658464,-0.21656944122170538,-0.5142383583966266,0.3807064192751817,-0.13585011941586375,-0.8295495696872605,-0.43155625884751125,-0.4276719645722171,-0.3694119168894778,-0.11437121029776336,-0.48774343070879195,-1.0728813393968237,0.8096440758647645,-0.6286171563687261,-0.7363732890531703,-0.8736788603548362,-0.7375072885831085,-1.1722648435938876,-0.18629203193823102,-0.05786437776460475,-0.7132941425700317,-0.6033106967338602,-0.064418375962457,-0.35528605731074725,-1.0055646456771963,-0.4557668525036227,-0.6643287150519109,-0.051570882344511654,-1.3253259683324494,-0.6791062750665232,-0.6089279465848559,-0.8147580199986355,0.8358481418063861,-0.3499923072580521,-0.39860253895314735,1.0896463382531103,-0.5766501876213439,-0.5632565206590926,-0.8282222723704095,-0.19959756976267354,-1.1734424209221705,0.8567496787551677,-0.47984736074114004,-0.737900767713204,-3.004764056989824,-0.08196996408869632,0.14619195715728808,-0.3475402959845604,-0.16785079953578042,-0.2928646727299841,-1.0009198897614364,-0.6180919081978079,0.5950640907577882,-0.6224114000078496,0.24512270975277728,0.33811566776000657,-0.3211535415610627,1,0,train
1.4222834210136925,0.21965593353288335,1.4810381671931268,0.8630160185678085,-0.7366028883409863,0.23404373158783637,0.8158204778443986,0.8347086298794761,-0.45015299000757064,1.2831928732234739,0.5443538252253588,0.5145865157617431,-0.3655277176498478,-0.2574891317325272,-0.6089182308964182,0.24552660932313336,0.5949913409980738,0.26056444978438836,-0.4243623750144968,-0.13854168455846333,-0.4703438643340515,0.1645006322739357,0.28486895819629654,1.038654015647253,-0.1177724894160634,-0.07694082510349474,0.2578867429691461,-0.11807991650062723,0.3547651387858757,0.2022752930148574,-0.3749398409820697,-0.16804605595849134,-0.0674836479675088,-0.41575409172074534,0.3519965092381303,-0.12731833013470337,-0.49900361584631053,-0.040042736503603,-0.406563630910376,-0.35970251586248114,0.008065089779728826,0.3162932785876277,0.2974728567286682,0.5677184245395862,-0.17785873384526313,0.13809983639833673,0.06392797817725675,-0.1499813477127232,-0.2721918485162104,-0.5711540259567147,0.05803946525705153,-0.026345232300950525,-0.33917764912066356,-0.374289307119797,0.18812738728712589,0.04454836757792397,-0.44469339003548114,-0.07217455666845073,0.22400942301961346,-0.33784301631278013,-0.9284512429977596,-0.4807622441216707,-0.15930589739565182,0.11073400632487847,0.24269303833612768,0.4048891257268217,0.04018626821772904,0.5143627702033734,0.5970530789520084,0.34131464290047603,-0.08706787567648175,-0.46403995739923526,0.1256249656274944,-0.6132474628109076,0.006896885678531444,-0.5169643265881512,0.08229598750536671,0.9363089382103902,1,0,train
0.16745732537503477,0.6976590178205402,1.158976855509543,1.1830469440451288,-0.5316903633505682,0.49753502407998085,0.06056390537378389,0.338277193967788,-0.5287656553416369,0.9593121955638987,0.7389956999469586,0.7748711399739917,-0.09442316636596702,-0.22484524343486426,-0.42290638043391604,-0.16834313026444087,0.10924837942770964,0.10755448233071623,-0.5321150187618197,0.1874451352096584,-0.4584941158140076,-0.16113755977767613,0.2209271488745379,-0.24769713001596075,-0.32349394379657725,-0.2880324630561503,-0.06930648384782581,-0.028515247258660368,0.3240813308110485,-0.22443860528694307,-0.39254582954182016,-0.4464921565474628,-0.0265663000605018,-0.1536368366222406,-0.2648880519151443,-0.31057380449955185,-0.1335796119429336,0.16483747566975177,0.10058912034753423,-0.006081136879696554,-0.3188351867942585,0.1299869833305274,-0.486859590963039,-0.14984226792219257,-0.5571861150473326,0.08337904778228253,-0.01223419528459628,-0.24142087968413437,-0.11243183852980787,-0.4389290750207093,0.10049288485683856,-0.252316709356526,-0.2893549436001141,-0.5729229792920241,-0.29572813637954676,-0.3457766030752713,-0.5247458975983642,-0.5711064993691144,-0.324265073470914,-0.5094757559329504,0.029787850240246938,-0.29131125559503823,-0.121828437619597,-0.5684345658010428,-0.5617003181887147,0.7189361293980916,0.13791125406286933,-0.11875339428709107,-0.10801840448278759,0.2861820790697986,0.05992983650459137,-0.3588779087922062,-0.3183851082980592,-0.21391942801327596,-0.44376904794203825,-0.18517133117441362,-0.01208408870508294,-0.19981944263574705,1,0,train
0.9136563250686711,0.0664284640051327,0.3135659123401354,0.08718347195612311,-0.5118107900306023,0.5299314944683592,1.0612788638973483,0.37311448771597666,-0.3177527115501959,0.30163612562251646,0.5080970054242765,0.5108681639872824,-0.20073867667337125,-0.1486761707403174,-0.13673430279929738,0.03219169200995076,-0.39546891657899685,-0.38494635041079095,-0.47150415665395057,-0.41372536358350115,-0.4940433613741394,-0.21088783911889458,-0.4083948691869813,0.018844098364705183,-0.600426670847269,0.021241332083786913,-0.02118983284532994,0.016267087362323063,-0.5657491004589393,-0.1396428947269699,-0.3256430730147685,-0.24023578574081728,-0.032411635475788514,-0.18312502782082238,-0.5122238429435798,-0.2674548693548816,-0.5221317173591825,-0.5631411505632322,-0.02868511036526642,-0.4821099162795989,-0.3765234708955504,-0.2818479851325363,-0.2950577696934512,-0.2728526723442118,0.054632241730198795,-0.3160827091149132,-0.27656173847573323,-0.26428076267698714,-0.6830033027669599,0.21240123884924325,-0.555605418048961,-0.22760107905357244,-0.5701738292613928,-0.08397855548346521,0.02985688889148531,-0.3516461515061464,-0.3913250516602258,-0.000106609389465978,-0.49647949865063096,-0.38075120121782274,-0.31429027976413376,0.03430763093511133,-0.07185849125152391,0.31743748479798495,-0.5004132053106315,0.07401817543030505,-0.18946744851835062,-0.2667098892495366,0.29343377986525415,-0.5051323664999249,-0.41466277710858757,-0.23711132619459357,-0.3905367453109617,0.04426680138174453,-0.40316851338162657,-0.5947283098882459,0.0897470461535601,-0.24394093315404364,1,0,train
0.3061738060873133,-0.9795155671190783,-0.5060801258945854,-0.2951911403024932,-0.027055040612971395,-1.2972294354361833,-1.3250414218126902,-0.4571743466158527,2.2640527183686117,-0.25028298834839224,-1.2188725693114857,-1.402223823972745,0.7295220385164158,0.0961529914921546,0.17090068065791766,-0.7614142003950884,-0.012187360964881398,-0.4949222645181178,-2.1349355945032475,-0.02846821294844821,0.15176793296825497,0.00168153624812978,-0.1997426492949268,-0.429254198623081,-2.594342305612249,-0.6905793075240051,0.19533509666590146,0.24515457542512725,-0.46858370853865333,0.16398045598777275,-0.262261514199667,0.6724486550785893,-1.7743215892312294,0.18711559500581562,-0.38128136534029045,0.15295474830565317,-0.036441585588871374,-0.4803172350037909,-0.8043304946420703,0.37474188664022534,-0.4094882046677172,-0.09554168987543603,-0.5587852739391345,-0.1566761792789714,-0.47153154509847817,0.04507449575104459,0.31033500996560476,0.26721151690684014,-0.18850803376142813,-0.8356039278287256,-0.35105712361362346,-0.5135962297020351,-0.4705284182202939,0.15743775377201072,-0.9830743008406145,-0.1197989884865793,-2.4660192059982777,1.5188639717214432,0.006105456465685892,0.14640649904412875,0.04088714475651728,-1.3214510057086022,0.1738270783915021,0.7899025784507998,0.12011881257996122,-0.4699560987860018,0.7926686592253093,0.1565145033174587,-0.5364589709718741,-0.32027612306765335,-0.2634651302937695,0.061770285635910124,-0.3905367453109617,0.19229357290155627,0.6077847971726245,-2.7047243900974833,0.3877893920812958,-0.46087159486900187,1,0,train
0.22804613304246676,1.1839896819738358,0.1944032270172094,0.15922506557006533,-0.07293097904366201,0.20380702589201652,-1.387495330690068,1.5764526759346593,-0.4729092878674319,0.44870439251895616,0.5424455715516177,0.5870943753637267,-0.046581186727635115,0.2321691927324168,0.08862620833796483,-0.46274531615663284,-0.22469990665191572,-0.24628106740590058,-0.653336742977558,-0.5788355709985239,-0.6303154693546447,0.40872927631264455,-0.43195237788447133,-0.36744753696959326,-0.09403539852600412,-0.5138514245868981,0.7390532529941047,-0.033491062216547414,-0.2589110207106677,-1.6249355022774676,0.801140194809259,-0.9054125815922491,-0.39482243122356486,-0.09793691991380832,-0.39001086384717637,-0.04647032673844667,-0.11045151043006164,-0.6459650661226735,-0.5855587195896385,0.28973674746167133,-0.36278816515714757,-0.6642661701339526,-0.38753364780557387,0.19868721127352854,-0.14114963243861126,-0.4857171538246812,0.20729206939956832,-0.5443143293394338,-0.443363287787356,0.19770957763413155,-0.5092925966673751,-0.17463901411867194,-0.5112924500098344,-0.05036362634662679,-0.3906904354169311,-0.4279502811075229,-0.538087982192178,-1.6354946437971967,-0.8303646086929393,-0.06200468478036369,0.2221756218555996,-0.018975459588004055,-0.04687351806748736,-1.6019519581665753,-0.7915269914815268,-0.0605733975716678,-0.35559992445508914,-0.17380697380800103,-0.3947699647313888,-0.7256626218226346,-0.33066408443368867,-0.5359929380250973,-0.5459402711849055,0.29212558160096425,-2.0231298423420525,0.5924685018265338,0.14190445669091387,-0.10054608896957971,1,0,train
0.712756594381923,1.0807276916399169,1.4198465179732458,1.4864528863807698,-0.26102232660949354,0.8236594926563237,-0.01786658484431841,0.22941065100469846,0.9338436707421746,1.3046747549049762,0.9393623356897818,1.064902578381926,0.5168910179016073,-0.1377948746410964,-0.1832372654149229,0.27966019609324255,0.62914514298349,0.5092056468966056,0.8013239476113011,0.6531405920212608,-0.11485140873273353,-0.6495948478550939,0.7593844905314527,0.4012728173456606,0.9108347824865058,0.4336063922703699,-0.218468101955563,-0.1578864361637236,0.5746657626054704,-0.3584705348817393,-0.4312790043732711,-0.9466638557535783,0.961295385122953,-0.19950735626447894,0.3665456734162736,0.04515741044397758,-0.07344654800946651,0.7707598052888223,0.1701983215005807,-0.1454895651325251,-0.1979644962963136,0.28197369788237236,-0.4149339079869436,-0.10883879978151949,1.0335416125742491,0.324150517692921,0.39993756697954946,0.4043708148639569,0.5988805868858417,1.216331421881877,0.6022151164906853,0.15019498414871782,0.6165124295007849,-0.23677368792363984,0.30117774328401203,-0.36045047415245907,0.8294756886737406,-0.9702520535296453,-0.38401293526795865,-0.01296675917460076,-0.1884982752464032,1.1118101281803334,-0.25091746573711915,-0.6127281683309942,-0.622987431066798,0.07962615763872058,0.21120499344672455,-0.1153125455670342,-0.33067255714640736,0.9380435690678084,0.6269210120601592,0.03409606231827089,0.24772773595702163,-0.05556520731766339,-0.3625679788212149,-0.27330384558118764,0.3629525299206512,0.44361896075607826,1,0,train
-0.5580139243271117,1.0357587603654683,1.2926322998582302,0.7161620008163109,-0.342069817837047,0.8193399632712065,0.8622978053810518,0.42827353615060865,-0.5287656553416369,1.1063804624603384,0.9603531261009347,0.942196969824723,0.20857603801013505,0.11791558369059656,-0.1832372654149229,-0.7016804235473973,0.29140199001659617,-0.011984554742465134,-0.4243623750144968,0.4668624092966199,-0.12077628299275549,0.11927310560010071,0.2411192991866722,-0.7112470924171188,-0.5529524890671504,-0.4353056988370728,0.08466679936016096,0.02621871727809716,0.2473718108739806,0.1913339110071189,-0.13549839656946389,-0.20414092084965432,-0.6870892019879006,0.049504036079100616,-0.7828382966570446,-0.4183711423612274,0.34285927922222875,-0.10107088481055974,0.11053329194082659,-0.18969223750537317,-0.3655352263048281,0.17411215852299852,-0.6957865748459828,-0.2147644258115916,-0.7468498056483673,0.22018101932241804,0.5836228088581362,0.22720672166934774,0.01689769336394659,-0.3850596505652997,0.011726643875465681,-0.5842123162819024,-0.09912279524892531,-0.24594139587005032,-0.6891433752487105,-0.20197266651883092,-0.538087982192178,0.3047962444831618,0.02367835699422844,-0.2765456093055765,0.2258753866943564,-0.7590183835201622,-0.2092758437637249,0.2780653936602504,0.16225370268364345,0.012330371137734159,0.15257000193964038,0.11866516739683311,-0.6781479772123594,0.2472649751893204,0.33712552233175785,0.07283997496296582,0.09232421008307787,-0.08654755484506585,0.3723016967222366,-0.3199622355612445,0.14687182912304278,-0.8175203098918993,1,0,train
0.5660679021344559,-0.3016505660560944,-0.20978371914568825,-0.22176413142674445,-0.48887282081525696,-0.2605423830080741,0.8724647207796946,1.1772753517366645,-0.49359683137639676,-0.35273503944478846,-0.29336953754701656,-0.39826884486835734,-0.2911068604346649,0.12879687978981752,0.2138264923031105,-0.22381020876586835,-0.4675713874370978,-0.38494635041079095,0.2894988898115174,-0.49839726482197433,-0.4229448702538758,-0.3556159244751665,-0.31079947601166547,-0.664892096177003,-0.1177724894160634,-0.09657725654095108,-0.6418946307775266,-0.511169298173704,-0.6220027484127892,0.42930896967543075,-0.4629697837808219,-0.528994704870121,0.08449507282994578,-0.3305659838137313,-0.4511173533953781,0.15834461519873694,-0.8968069618677081,-0.5108313091572693,-0.26237314280763685,-0.23389490987822123,-0.6814472582880932,-0.590724211479834,0.026895287437642565,-0.8195655808865193,0.048514058162423476,-0.8304581221058227,-0.41096557399665035,-0.6243239198144185,-0.6753956832437978,0.11445683074849852,-0.5285896055763692,-0.21700866606659233,-0.5112924500098344,0.27050615177773996,0.09768710248961698,-0.45436324904646097,0.14235833209232782,-0.6154560053869511,-0.8760541500671499,0.4406340526787063,-0.2513942775052685,-0.01305511619654679,0.6277207579014994,-0.41094620125010456,-1.0175232202194588,-0.03814146873800566,-0.4484386610079724,-0.5729454253345982,0.05728543613111195,-0.673773149981997,-0.35166375760241336,-0.5747368506697922,-0.9566495895660426,0.23360336960475958,-0.7563931640572081,-0.3821734222013203,-0.0021493438408250825,-0.42778047698027943,1,0,train
-0.11475896297063541,0.17801803420469026,-0.006885092785030467,0.09411054826515602,-0.20138360664959573,0.42842255391810685,-0.20377589499093127,0.34263185568631155,-0.3818840964279868,0.02898147351113938,-0.041480052613181544,0.029341609194622535,0.08631320115662018,0.014543270747997269,-0.06519128339064269,-0.25367709718971393,-0.6155711960405681,-0.8583209372205892,-0.18191892658302028,-0.6846754475466154,-0.7251134575149961,-0.1882740757819771,-0.4487791698112499,-0.23610838095593178,-0.17315903482620174,-0.34203264950915524,-0.4253697012662952,-0.23252366053202933,-0.5452932284757213,-0.13417220372310065,-0.6355084716663761,-0.8693177167010863,-0.05579297713693538,0.006909982125593591,-0.41910919220346293,0.1691243489849045,-0.6192697437132447,-0.5457045367612445,0.11053329194082659,-0.14888977069966725,-0.7666061538661906,-0.8064472901985817,-0.47315946087235417,-0.4095308994797887,-0.043258695354206234,-0.7319607025969251,-0.348243784086889,-0.5271694170947941,-0.8960166494154966,0.11445683074849852,-0.4205263556860023,-0.33352520892337345,-0.7151126089575367,0.23994712528970502,-0.30477216485929765,-0.32816795778264596,-0.0577729368148798,-0.8760093532417421,-0.6300335426675543,0.5509693852916729,0.17407867895176143,-0.01305511619654679,0.19464788937819924,-0.6521002594687287,-0.6306483201765584,-0.21759689940730279,-0.5412773975608557,-0.2667098892495366,-0.33404610491403797,-0.7451211737628738,-0.5490606853884259,-0.6245504526415429,-0.21293271574074024,0.023611903030142895,-0.43564894102995594,0.234754178646098,-0.354832786521979,-0.28806242367234025,1,0,train
-1.103313193334,1.6303479627720658,1.5518916557635152,1.558494479994712,-0.19679601280652667,1.756677839841622,1.299475167522696,0.5516556181754435,2.516440749177982,1.3806875670087542,1.7064803125337338,1.8327422198080592,-2.449311719674971,-0.1377948746410964,-0.14746575571059556,-1.857955675384847,1.0238112992594108,1.398576082721075,3.8655397541757957,1.2373767105667257,2.1129013130355263,0.20068265361300366,1.089189612296313,-1.4876932794390587,3.751373325663601,-1.6724008793968217,0.26751007316964526,0.6183406972666559,1.4389263538964356,0.3171598040961114,0.08985825699534164,1.296374176768692,3.5273976324338205,0.03639817332417538,-1.5743128279480385,-0.3429130058580545,1.5917767609173143,1.7690059454526146,1.3088059689325555,-0.3257004601910595,-0.0001760936633128708,1.7528128709647426,-0.9389638839556389,0.13718200906251893,3.1198422091856313,1.80708388918799,1.694694515831051,1.627374554981581,1.3748577782483684,3.121350159441363,1.5670655619403906,-1.7599701578366935,1.4589690864846212,-0.31622715679253066,-2.095489803849974,0.9455240517172544,4.138312667939572,1.7128930605494792,0.800400560355809,-0.4604378303271875,0.3405680966958166,3.0240810436210297,-0.1759625461850095,1.5084432417144555,0.989629726537767,-0.5652917963290659,1.5940135431554596,0.1324285622770606,-1.3697252695766329,1.0742534326494821,1.0889138217721033,1.760967597338959,1.191249143048823,-0.08999003790366612,1.2898737777875406,2.5780422087556194,0.8721082042138664,-1.3690389413706066,1,0,train
-0.1562144629536152,-0.6830537239023433,-0.32250517823494257,-0.7579198377458913,1.3675734876800234,-0.52187391080766,0.24356838254935592,-0.6415216927000176,0.8283371988464541,-0.3097712760817836,-0.5051856953322869,-0.6250883031104597,0.16604983388717337,-0.2030826512364223,-0.35136336102526133,-0.19821001868828644,-0.28541777684821124,-0.33234917409859116,-0.2762024898619278,-0.23168077592078382,-0.5058931098941833,-0.1837513231145936,-0.43531773626982706,-0.3906250350896512,-0.4184423073568144,-0.3027597866342426,-0.2617730878578093,-0.3320399596897703,-0.12083388482394543,-0.36394122588560857,-0.36437624784621947,-0.7455638942170989,-0.2662250520872571,-0.569747979091117,-0.24742905490137235,0.09905607937481536,-0.2492201195072934,-0.14902157276602576,-0.5010332610466534,0.10952585240313686,-0.12104678416125776,-0.3700983355174785,-0.5964606316885177,-0.13275748953024546,-0.4837679122340288,-0.11908787009711803,-0.16455854220830232,-0.32143047015911913,-0.2569766094698864,-0.7474539605380554,-0.17352464165087772,-0.1887622314346454,-0.3210603016586456,-0.5943142978336484,-0.3952124496568065,-0.507189184924337,-0.35796984017569117,-0.5544754346124255,-0.4437607970650033,-0.13556157318900808,-0.17369921589137607,-0.397877436641269,-0.4591255756040903,-0.647178748076512,-0.39316075777398585,1.0554150619030238,-0.11128745984223841,-0.15660273020771667,-0.30705772277299315,-0.3981103308286098,-0.46506199271352694,-0.2869249281663442,-0.40718712308316996,-0.12441486848966885,-0.6021111327276437,0.09477900870592745,0.015236459671626169,-0.25497130578361776,1,0,train
0.15948511383984634,-0.9928396949041001,-0.493197673427242,-0.40602436124701974,-0.41241292343077257,-1.3814602584459672,-0.32287404680360515,0.3484380713110097,-0.49359683137639676,-0.5163278307116147,-1.2245973303327093,-1.296250798400615,0.1926287114640244,0.645658444502814,0.38552973888388165,-0.3475444608075143,-0.28162290996094275,-0.15064983774735552,0.3433752116851788,0.1154740191569562,0.4006126518891776,-0.6405493425203269,-0.18964657413885966,-0.46788336215651083,0.5547784191356164,-0.47948766957134953,-0.497544677770039,-0.6604437469103155,-0.14128975680716355,-0.3694119168894778,-0.7798775778563296,-0.38461524530546914,0.8619246830630789,0.03312170763544407,-0.5558713354780097,0.5248555639284339,0.07919892197548842,-0.07491596410757828,-0.0784059683317282,0.09592503013456823,-0.6265060353344819,0.017222646727545695,-0.7266118675500237,-0.4573682789772406,-0.043258695354206234,-0.0807833180658801,0.23417283650375173,0.26149654615862694,-0.14286231662245596,0.41318727545577005,-0.1542276327418836,-0.3935488825162607,-0.1127108058454388,0.11465511668876183,-0.41782252085618377,-0.24892905396583187,0.7627652657046713,-0.41588322830668567,-0.4051004159022097,0.8758456424298523,0.07048526346657154,0.2237586194617438,0.5152883785733349,-0.3469665531512859,-0.45444787065206904,0.2759055349332643,0.35290622292217794,-0.5282143919738589,-0.21934548081459748,-0.4564859866493271,-0.04926846397277724,0.04516575164532658,0.020172573070175406,0.23016088654615932,-0.16362535947519763,0.234754178646098,0.18412712236400974,-0.3763054047089334,1,0,train
0.2136961522791276,0.6510245705729639,0.5051923927918678,0.2783707780854313,0.05093405471920266,1.0288371384493868,0.05330182294618182,-0.030417498200541845,-0.47911555092012137,0.6139496362228211,0.8592156813926525,1.0035497741033244,0.4105755075942031,0.24849113688124827,0.08862620833796483,-0.3219442707299323,-0.3651099814808491,0.13624385122827976,-0.5792568004012735,-0.4221925537073485,0.04512019628785958,-0.2018423337841276,-0.25022302507526256,-0.08931755952889837,-0.4184423073568144,-0.29294157091551437,-0.4686746871685415,-0.018563617342886272,-0.09526404484492279,-0.3256463888585239,-0.6249448785305258,-0.6063408439226131,-0.36559575414713125,0.15762740380723383,-0.4627566847378927,0.3577696902428368,-0.3417325255587812,-0.2536412555779516,0.04092409078778008,0.218332430551686,-0.5523353843471066,-0.29655637686336,-0.4902846234857102,-0.2899374507361589,0.09745952670462599,-0.25041776277564815,0.12664976808701806,-0.3442903531519719,-0.6259461563432447,-0.25773192003433154,-0.20054045412346946,-0.29115555697545303,-0.09459345838342081,-0.010636891912181385,-0.3319042502985503,-0.4514284748310234,-0.864969054740617,-0.8593782884850534,-0.5351398798134246,0.48354223758374887,0.04458690959527407,-0.2676298820292092,0.1321854564181079,-0.6865508392142465,-0.4889218716459909,0.1637458907649536,0.12325250618609829,-0.3458494098108446,-0.17548935983539962,-0.5797234822708414,0.07252964040582621,-0.1817628795593151,-0.07972969356307416,0.13032887784675137,-0.36662803227725604,-0.03482763012756379,-0.03195357843359865,-0.10422287984610443,1,0,train
0.8849563635419928,0.009800920918790075,-0.13409931090004606,0.1384438366429666,0.026466887556167665,-0.44196261718299323,-0.6656443373864226,0.17134849475771738,-0.5184218835871545,-0.007372480103710895,-0.40786475797148697,-0.6009190165764652,-0.4080539217728095,0.2756943771293007,0.07789475542666663,-0.3859447459238871,-0.39167404969172837,-0.7531265845961896,0.3029679702799327,-0.7270113981658519,-0.6125408465745787,-0.5229577731683559,-0.5160863375183643,-0.2283825482492458,0.404443510165241,-0.10639547225967924,-0.7573745931835167,-0.3270641447318832,-0.6833703643624436,-0.27093947881983155,-0.3291642707267186,-0.4310229287369644,0.3007724831955542,0.1412450753635773,-0.2881667146001735,0.0667168780163127,-0.5591366797797777,-0.8987959662514943,-0.39661945931708364,0.10612564683599471,-0.4589353053259673,-0.6740717646211685,-0.40808384294160116,-0.30018831777132715,0.09134134313685068,-0.5896866521951842,-0.6080911994273287,-0.39001011913767747,-0.9606814153623738,-0.13040418950336335,-0.5285896055763692,-0.4041412955032408,-0.7015245983610232,-0.044251821049019806,-0.38616842117705563,-0.580558540310276,0.37584481248407,-0.19413569821750182,-0.503508658862048,-0.07426416618180443,-0.07010580040618618,0.06390934789239766,0.053066374668658815,-0.6914723506064634,-0.4736000934264701,0.0347622999713963,-0.36537242303960316,-0.3458494098108446,-0.7085099071210349,-0.566751114310682,-0.7128581361044788,-0.6245504526415429,-0.42938762677944764,0.18540860678435572,-0.3341476046289267,0.3591765519262496,-0.15862157545288635,-0.33586070506716154,1,0,train
0.9311951904460857,-0.03683352632878621,0.5712149616870024,0.35318320222298666,-0.4842852269721879,-0.5045957932671915,1.0380402001290217,1.2817872329812305,-0.4956655857272932,0.30494103049659377,-0.07010385771929915,-0.27184488453669375,-0.2592122073424436,0.3246602095757951,-0.05803698144977723,-0.1214094484555407,-0.3499305139317752,-0.6192428630742265,0.2625607288746866,-0.4221925537073485,-0.8376860684554135,-0.26968362379488003,-0.3612798517920012,0.038158680131420104,0.19872205578472715,-0.6954884153833691,-0.4686746871685415,-0.9838717191729736,-0.39698815659738995,0.5058986437296,-0.508745354036173,-0.9157254001325814,0.3767618435942815,-0.32073658674753736,-0.15431440416125544,0.2661419530604125,-0.647023465528691,-0.6023735316177043,-0.4861170036567149,-0.2032930597739418,-0.23367629121616096,-0.6593633728903447,0.26322253150195607,0.027839427354057412,-0.006549593947554343,-0.46382883837825956,-0.20935982071527467,-0.7043335102894033,-0.6449652051511497,-0.012870899782469664,-0.706122087539115,-0.4076720998322341,-0.5475271449338703,-0.1267611925667141,-0.5037407914138172,-0.19316834387251824,0.1757135435768624,-0.9702520535296453,-0.34183797399945653,0.6306560144010377,-0.310590514925377,-0.3801164064668972,0.20297621377287808,-0.5930421227621269,-0.27058653201781935,0.4329290367688993,-0.2676474371944629,0.26318081363922174,0.371025378520758,-0.5375632864003234,-0.3642635615036482,-0.7850609478838504,-0.5292898934126972,0.016726936912942348,-0.26512669587622684,-0.6362024343149632,-0.04437200951392098,-0.1887890700061729,1,0,train
-0.561202808941187,0.09973878346768719,0.8224227848001978,0.8339222980698703,0.3292480811987258,-0.19574944223131727,0.35976170139098895,0.3600505025604059,1.968220846190415,0.59081530210428,0.10354722659114766,-0.011560260324445102,-0.9130525957329796,0.07983104734332314,0.16374637871705222,-0.15980973357191358,-0.11844363380839856,-0.1315235918156465,0.6801022233955628,-0.41372536358350115,-0.754737828815106,-0.36013867714255,-0.03147473002714093,-0.7730537540706066,-0.0544735803759053,-0.27821424733742217,-0.18478644625381588,-0.4564353336369465,-0.33050657265193106,-0.041170456657323634,-0.37141864327011964,-0.936351037213246,0.3592258373484214,0.18711559500581562,-0.7741087981501587,0.2823115537396639,-0.6238953640158191,-0.3451834780383867,0.5281884988591056,0.11972646910456335,-0.27213514728368887,-0.5564046307745787,-0.7197618025046812,-0.0951709770679618,0.9234143083542934,-0.9125393050299041,-0.08391624089575206,-0.7100484810376164,-0.39010995112522184,1.5542396298294463,-0.3201819093592329,-0.3935488825162607,-0.5747031661268973,0.2918974703193644,-0.17815576614278517,-0.1755596985798929,0.4892525315314876,-0.4546890460722928,-0.48945033843921393,0.34868794216790083,-0.03680791685737514,1.2479780261838507,0.061394699063337665,-0.5241409632710914,-0.2590951983531788,0.24786562389118663,-0.0770837147964393,0.09457922635643501,-0.4959763977603069,-0.07380113182462476,-0.5028614044172315,-0.6798988992768212,-0.4182873749313088,0.11655894561235026,-0.21234600094769165,0.7842863273001007,-0.08659467518701687,-0.7366309106083556,1,0,train
-0.5452583858708102,0.84422442345578,-0.14054053713371772,0.4085998126952499,-0.17385804359118137,0.540730317931152,-0.5886662636538407,0.6416519603582641,-0.508078111832672,-0.04207398128152252,0.2714735498803709,0.34540151002378155,0.7401535895471563,0.10159363954176509,0.15301492580575402,-0.6632801384310245,-0.5700327933933464,-0.6335875475230083,0.09419722301949461,-0.8328512747139434,-0.6777144634348203,-0.405366203816385,-0.4891634704355185,-0.21679379918921687,-0.5925143072172492,-0.8231252197268353,-0.2521497576573101,0.02621871727809716,-0.7038262363456618,-0.3885593354030201,-0.12141360572166353,-0.9672894928342428,-0.10840099587451581,-0.11759571404619618,-0.7071826429306997,-0.0895892618831169,-0.28622508192788854,-0.4454440073998156,-0.5209216042332381,-0.08428586492396622,-0.26389396384064717,-0.5662102252617945,-0.6238608918698874,-0.4129478551581781,-0.07996779676085812,-0.8030977277977956,-0.1869591814617885,-1.104381462664327,-0.4053251901715459,-0.1597875119335868,-0.5170114002309728,-0.7501601197445906,-0.4478817338927714,-0.044251821049019806,-0.6213131616505788,-0.5981671856029013,-0.23789107883136662,-1.014601559547482,-0.48945033843921393,-0.03748572197748223,-0.04050768169613192,-0.23802816507192284,-0.03854519367280851,-0.893254317687353,-0.39316075777398585,-0.06618137978008333,-0.3458274258705751,-0.5454186355741432,-0.09452421341226518,-0.5699942063007218,-0.7632573517094181,-0.40315666610042894,-0.7068939229829186,0.04082431832314426,-0.9918762645075959,0.1932800542193808,-0.15117051680469296,-0.2402641422775189,1,0,train
-0.5117750974230189,0.17801803420469026,0.049475636759596694,0.01375646308037432,-0.2426719512372173,0.18004961427387234,-0.4085666194493095,0.2526355135034909,-0.31154644849750646,0.015761854014830188,0.048207870052653624,0.13159628299229162,0.07036587461050954,0.03630586294643923,0.013506037958877434,-0.5694127748132242,-1.051980888076442,-0.7579081460791168,-0.1078389840067358,-0.5788355709985239,-0.4999682356341614,0.015249794250280271,-0.5766627884547672,-0.41380253320970906,0.08794896496445044,-0.18494119800950456,-0.42055803616604565,-0.39672555414230193,-0.754965916303707,-0.19161445926372764,-0.41719421352547076,-0.8280664425397571,-0.05579297713693538,-0.029131140450450815,-0.2939863802714308,0.25536221927424496,-0.8736788603548362,-0.5413453833107477,0.29947255221338137,0.12992708580598983,-0.4754176722120507,-0.47305707763324445,-0.29163273717078,-0.3616935199823368,-0.07996779676085812,-0.9617880147843528,-0.7380149070975486,-0.6757586565483373,-0.8351556932302004,0.06548462669812614,-0.6019182394305468,-0.5206578383600218,-0.5747031661268973,0.04131345311747799,-0.1600677091832834,-0.4015373131685849,-0.1311544020808559,-0.5323006816035072,-0.4507899572764203,0.34255820146718047,0.181478208629275,0.18231621572154294,0.14051378081278673,-0.47492584934892323,-0.6153265419570375,0.16935387297336915,-0.5315048989763417,-0.35273110725095835,-0.04392099689780613,-0.7029609778923557,-0.7590574170756732,-0.7739912585567946,-0.5181896415645584,0.30933799689396557,-0.5777508119913968,0.4473090663330236,-0.2952243173364319,-0.40939652259765585,1,0,train
-0.840230212672782,-0.613102053030979,-0.3257257913517784,-0.5417950569040646,0.27725535097727644,-0.7443296741411918,-0.1180833223452269,-0.4078215138059188,-0.5742782510613595,-0.3940463503707547,-0.6349469451466867,-0.7254838010208985,0.4477859362017946,0.12335623174020705,0.0313917928110411,0.09619216720390554,-0.4410073192262185,-0.4901407030351906,0.5454114187114092,-0.5873027611223711,-0.5118179841542053,-0.33300216113824904,-0.2367615915338397,-0.04682547964212555,0.269933328454905,0.10960527355234041,-0.18959811135406548,-0.4614111485948335,-0.4430138685596307,-0.19434980476566224,-0.39606702725377024,-0.2814870599021464,0.8210073351560718,0.09865102141007026,-0.20378156236694256,-0.04647032673844667,-0.5082548564514593,-0.3844158590928589,0.16025414990728834,-0.13528894843109862,-0.4754176722120507,-0.3406815520558311,0.10224600293640919,-0.24893398259548583,0.4400778065000436,-0.4583567595166541,-0.29000212202782494,-0.36143526539661147,-0.31022994613202054,0.5258233447716265,-0.28930669510484236,-0.19229303576363876,-0.3165309647931411,-0.08397855548346521,0.20621544424662766,-0.32816795778264596,0.5626339967974637,-0.5489317463601959,-0.2188276702996587,-0.1294318324882877,-0.1515006268588354,0.608580939906466,0.019753077089943425,-0.7406874645286315,-0.22845164191413714,0.17496185518178467,-0.4484386610079724,-0.3252043174905034,-0.08440357010937337,-0.19703862744613906,-0.3432638883349235,-0.3035294621569277,-0.2295830935129485,-0.10375997013806722,-0.3219674442608032,0.0895947431525878,-0.21326267220630457,0.07593987310360666,1,0,train
2.9736757857613596,2.8028712078539844,2.2137276512732798,2.590628850040615,0.7941242572963907,1.2188964313945403,0.8100108119023169,2.7289864774372337,-0.6632346881499082,2.0598455186316387,1.9431037680776395,2.0335332156289367,-1.8326817598920262,0.8251998301399601,1.1438857446156212,3.86368680695471,2.1926303005380996,2.4935536623114163,-1.1651618007773417,4.1797252786036685,1.5618880068534833,4.099295452897579,2.6574466198720774,4.183067927268442,-0.7903233979677433,2.4119768595940956,4.646125314396769,2.3648517474850097,2.9373189766671626,1.058438435120393,4.9984078674537615,0.29603077835646113,-1.5521988434503342,1.3994078998364003,4.454860807474533,1.500421471576598,3.4790298443676666,3.9529418241515666,-1.410924961832904,0.3577408588045145,4.123162689005216,2.7676919003915783,5.256919949556581,3.5028833522761,-1.2730135924770443,3.290017260683059,3.1372956837555606,1.5816547889958754,4.254341767765196,-1.4232703764331942,3.454313033240014,5.156875522661312,1.9843721628831426,1.35535159210298,4.3664685449320375,0.9748717938716299,-1.3386130578210085,1.0642815350386163,0.6457590357046346,1.8688636359465514,1.2988071899338232,-1.2385661982282006,1.7478803889858043,0.893254317687353,0.6065852710497469,-0.5708997785374814,0.9245973901162486,3.507901156652852,1.2953774668515432,3.214694146075783,3.7222728371301845,2.010035607197712,1.3688531726190445,0.9875071594382194,1.4725761833093933,-0.37698915664798066,1.1353789431166996,3.6902253047274027,1,0,train
-0.12113673219878614,-0.12843690485081105,-0.02137785181079174,0.2866832696562708,1.5587232311412345,0.09797855595664702,0.2406635495783151,-0.07686722319812671,-0.31154644849750646,-0.038769076407445216,-0.1617000340588755,-0.22722466324316537,0.1926287114640244,0.613014556205151,-0.07949988727237363,-0.3432777624612506,-0.3423407801572383,-0.686184723835208,0.22888802770364824,-0.43489333889311943,-0.5118179841542053,-0.36013867714255,-0.4285870194991156,-0.14726130482904315,-0.16524667119618197,-0.4549421302745291,-0.34357139456205227,-0.3220883297739962,-0.7140541723372708,-0.016552347139912067,-0.6108600876827255,-0.6682177551646068,0.10787641449109264,-0.189677959198285,-0.6024286608480681,0.25536221927424496,-0.5498854391746288,-0.6634016799246611,0.22489126526368866,0.24893428065596543,-0.5907942404146345,-0.3848067272483022,-0.4354841031229708,-0.307022229128106,0.048514058162423476,-0.23400152619083187,-0.3124027612813111,-0.6414688320590581,-0.6715918734822168,0.23688734087442945,-0.48227678419478337,-0.4041412955032408,-0.36182433344818604,0.22161170939688407,-0.19624382310228694,-0.31936363513633326,-0.1378254443777628,-0.7873103412060686,-0.4859357583335054,0.15253623974484912,-0.3253895742804041,0.09943140824114124,-0.10933595102757872,-0.6274927025076447,-0.5425480954143137,-0.34658049020086007,-0.38980366950088824,-0.45251572013260766,-0.3475402959845604,-0.5505356543604827,-0.7380577439069484,-0.7075731225944605,-0.40163699715910056,0.002957004678541256,-0.6386516138320143,-0.014090567914205198,-0.08411098897095241,-0.40939652259765585,1,0,train
-0.13070338604101225,-0.9978362428234833,-1.5221835642562922,-1.393825442915112,2.990052510178782,-0.9473475552416964,-0.1979662290488496,-0.6168452762950506,-0.8121850014144547,-2.3654221077578628,-0.7895154927197218,-0.8686403443376352,0.3521019769251308,-1.9876152115086627,-3.370478780070488,-0.1854099236494955,0.31037632445293856,0.6383078069356414,0.6801022233955628,0.5134319549777802,0.4539365202293753,0.14188686893701818,1.1026510458377359,0.038158680131420104,0.5310413282455572,-0.5334878560243544,0.05579680875866344,-0.0036361724692251284,0.9377574903075918,-0.11502478520955832,-0.08972282631411276,-0.4722742028982935,0.4819778810694424,-1.533028891578122,-0.18050289968191333,-1.5071242547641508,0.28735183559133604,0.6269077414224242,0.592825614215506,-0.45150806617531947,0.13717696372071542,0.20843173922825384,-0.4286340380776284,0.5882201586099228,1.8350236599528151,0.2967901233848939,0.4985003796948887,0.524385200576434,0.9069891775739037,0.8784232139343076,0.25100955434699257,-0.2558475136855194,0.24057746966391183,-2.8556822579482333,-0.3816464069371802,-0.12273376270201686,0.6693706735479744,-0.44914535782006326,-0.1766527090311566,-2.0848191160180845,-0.8137585329962994,1.01116429052556,-2.016522237409035,-0.31743748479798495,-0.02926852506036665,-2.0177591883086894,0.5336974467356875,0.5178036189234303,-0.30031062723773194,0.8472369933466926,0.9839154559284796,0.06730513029943797,0.9747942320101157,-4.527350700439418,-0.2570065889641445,0.0999632742592671,0.6361580136877423,0.04652554609140893,1,0,train
0.27109607533248425,-0.030171462436275314,0.9013278061626759,0.1176626077158679,-0.21208799228342354,-0.4614004994160203,0.36121411787650937,0.15973606350832117,-0.42946544649860585,0.7230114970673719,-0.07010385771929915,-0.19561867316024947,0.16604983388717337,0.10703428759137558,-0.1188485479471337,-0.2835439856135595,-0.39546891657899685,-0.5666456867620266,-0.060697202367282044,-0.4518277191408141,-1.2287277696168633,-0.47320749382713745,-0.47906739527945136,-0.18202755200913,0.1195984194845295,-0.1751229822907764,-0.09336480934907374,-0.3817981092686408,-0.43789990056382616,-0.15331962223664297,-0.49113936547642256,-0.8744741259712523,-0.020720964645215084,0.16090386949596516,-0.3172650429564601,0.22302301791574228,-1.0078218491294937,-0.45852146775130637,-0.09332222572166675,-0.06728483708825543,-0.5440942009040649,-0.3602927410302627,-0.3224580298748209,-0.14984226792219257,-0.3797587915818485,-0.6608236773960547,-0.7424950349482459,-0.8357778374983067,-1.040561420355575,-0.287115242464555,-0.6675280697211268,-0.20288544875061887,-0.6381138822439603,0.013810329278246556,-0.4630426632549382,-0.2401247313195192,0.10233207831088627,-0.31055315151432333,-0.5070232389677565,0.03607116643116217,-0.0664060355674294,-0.06633820671966216,-0.121828437619597,-0.46508282656448957,-0.23611253102389756,0.2759055349332643,-0.4777561567615145,-0.29423667900999156,-0.16874226430013842,-0.6575576900317978,-0.6708587897670293,-0.9843153557708528,-0.6791432933625715,-0.007370444497259564,-0.27324680278830915,-0.37698915664798066,-0.42437600057178404,-0.1924658608826976,1,0,train
-0.5133695397300565,0.499462617018341,0.419846145195718,0.45708934685848024,-0.11574852157897327,0.35067102498599867,0.22032971878102933,-0.3004065247490038,-0.3736090790244009,0.4040881767189127,0.6035096891113352,0.6056861342360301,0.3202073238329095,0.014543270747997269,0.04570039669277203,-0.5523459814281695,-0.3499305139317752,-0.23193638295711883,0.006648199974794762,-0.43065974383119576,-0.5947662237945128,-0.4008434511490015,-0.49252882882087423,-0.912118742790954,-0.8061481252277829,-0.5973062581960875,-0.43980469656704396,-0.6057097823735579,-0.4992675165134805,-0.25179206030628926,-0.6636780533619768,-0.17835887449882362,-0.00318495839935494,0.06260989883402586,-0.6635351503962699,-0.014131125379943994,-0.3648606270716532,-0.3103102504344114,0.14533789251734983,0.02792091879172504,-0.5935413015623151,-0.3995151189791259,-0.23683221680804065,-0.2728526723442118,-0.31857695590409535,-0.6061028887800005,-0.3616841676389807,-0.6357538613108449,-0.5879080587274346,-0.17937639355373577,-0.4205263556860023,-0.5489042729919688,-0.36182433344818604,0.08715199284953037,-0.693665389488586,-0.3516461515061464,-0.20453586734683202,-0.465776422576752,-0.5843440012933436,0.011552203628280704,-0.12930203782629468,-0.1255416406342348,0.1738270783915021,-0.5536700316243923,-0.6881049884997614,-0.03814146873800566,-0.44355241171571536,-0.45251572013260766,-0.6039299263244862,-0.6380991380915587,-0.5910600317258753,-0.5304580933615695,-0.35168586384247574,0.06836418279194645,-0.4234687806618324,0.1207003364726257,-0.17104000653320867,-0.61529681168304,1,0,train
-0.521341751265245,-0.7146985273917701,-0.35632161596171885,-0.6055241589471674,-0.46899324749529103,-0.6708976745942007,-0.8137908189095048,-0.6429732466061922,-0.4377404639021918,-0.2899418468373198,-0.5357177541121456,-0.6659901726295273,0.3202073238329095,0.2865756732285217,0.1852092845396486,-0.13420954349433167,-0.47136625432436624,-0.29409668223517316,0.5454114187114092,-0.3756230080261882,-0.2985225107934145,-0.025454979756171205,-0.4218563027284042,-0.13567255576901419,0.42818060105530026,-0.12603190369713557,0.002868492655917991,-0.11310410154274018,-0.26402498870647223,0.13662700096842656,-0.2587403164877169,-0.17320246522865748,0.429369862331862,0.27558016860156104,-0.06992925192802447,0.6003137004316068,-0.7441614918827533,-0.6982749075286364,0.19008666468716542,0.3509404476702302,-0.28312339187441116,-0.6201409949414814,-0.17860666392263005,-0.16351009063575025,0.33606868584786326,-0.5404379424407354,-0.3392835283854945,-0.1614112892091496,-0.5118318634958143,0.07527906750820063,-0.6057776412123457,0.016024419646969875,-0.5429978080683658,0.39274225772987964,-0.23694195126116596,-0.043494858885202776,0.36250272789025617,-0.41033954005445605,-0.2188276702996587,0.4099853491751045,0.12228197120916648,0.2592806798104874,0.3820351882584733,-0.26330085948359994,-0.4736000934264701,0.37684921468474397,-0.08685621338095333,-0.09466745324669296,0.141624130321877,-0.4856738145596857,-0.2172658493225751,-0.4197612000910125,-0.4349377527035171,0.16131122537415382,-0.013403381601674398,0.3436237552662306,-0.054306754378178834,-0.1924658608826976,1,0,train
-0.0733034629876556,0.3295799877593132,0.24915365000341866,0.29776659175072345,-0.0056462693453157705,0.13037502634502543,0.22468696823759057,-0.07831877710430123,-0.41498416604233046,0.23884293301504778,0.20850117864691223,0.2171183738048876,-0.11568626842744786,0.21040660053397484,0.32471817238652523,-0.4712787128491602,-0.5548533258442726,-0.686184723835208,-0.01355542072782828,-0.43065974383119576,-1.122080032936468,-0.5455715365052733,-0.54300920460121,-0.47174627850985384,-0.2048084893462808,-0.19475941372823274,-0.37244138516354974,-0.6604437469103155,-0.5555211644673304,-0.19161445926372764,-0.49113936547642256,-0.63727929954361,0.23062845821211364,-0.03240760613918213,-0.5384123384642377,0.44400756053217727,-0.5730135406875008,-0.6416059126721766,0.33924923858655076,0.03812153549315152,-0.6374942799252041,-0.7378081287880711,-0.3635584201468754,-0.4402835005852935,-0.02490414465088029,-0.6553515985344492,-0.6170514551287232,-0.6929035687929769,-0.7971175956143903,-0.0569458834278048,-0.2661502844140494,-0.3723640565423005,-0.6381138822439603,-0.14815251110833855,-0.3906904354169311,-0.40447208738402246,-0.07778606370560057,-0.465776422576752,-0.46133369759354587,0.5938775701967155,-0.09230438943872686,-0.06633820671966216,0.33206524189040026,-0.3272805075824186,-0.9677274410060162,0.18617781959861576,-1.005471080325272,-0.45595656885266456,-0.384649321428497,-0.5699942063007218,-0.4902616005159966,-0.9289669091355743,-0.4182873749313088,0.19229357290155627,-0.26512669587622684,-0.12296014453433783,-0.45914760759668655,-0.1667283247470246,1,0,train
-0.4719140397470767,0.36122479124873996,0.0414241039675071,-0.009795596370337558,1.0907886591481901,0.5709670236269719,0.02280107675025315,0.46456238380497183,-0.32395897460288536,0.11325654780011046,0.29437259396526505,0.5164456916489735,0.12883940527958188,0.389947986171121,-0.10453994406540276,-0.35607785750004156,-0.5206995238588563,-0.6814031623522808,0.020117280443210123,-0.5746019759366002,-0.5118179841542053,-0.31491115046871504,-0.3545491350212898,-0.3906250350896512,-0.6479008526273876,-0.5089423167275341,-0.19440977645431506,0.1356866463516122,-0.46858370853865333,-0.16152565874244684,-0.2833887004713675,-0.5393075234104533,-0.1843903562732431,0.27230370291282974,-0.4802156817516647,0.32543048888433407,-0.5545110594772032,-0.811612897241556,-0.22756854223111359,-0.07068504265539759,-0.5715648123808705,-0.9829479909684662,-0.6581112170965995,-0.3651104756607262,-0.526595197208456,-0.7319607025969251,-0.26760148277433876,-0.6071790075697789,-0.740060449190675,-0.06674032423787928,-0.5478866144853634,-0.5171270340310284,-0.37541234404469953,0.15438185112320724,-0.42234453509605924,-0.3721895710142093,-0.4046671362540396,-0.5101259285945888,-0.675723084041765,0.4467637933794267,-0.5177773458957569,-0.22618747828900831,0.33206524189040026,-0.7111583961753306,-0.5157349835301523,-0.32414856136719794,-0.22855744285640675,-0.32176346877044654,-0.3542873915198216,-0.5991820342110805,-0.6120597048946,-0.3367385301380948,-0.46268838232386417,0.4367098700621757,-0.5330902239749439,-0.14888147230103607,-0.19587686869385332,-0.33586070506716154,1,0,train
-0.35551975133332575,0.7193107254712007,0.05752716955168629,0.08718347195612311,-0.22737997176032043,0.644399023173963,-0.2313718082158191,0.4631108298987973,-0.5949657945703243,0.1149090002371491,0.3630697262199473,0.4606704150320631,0.29894422177142865,-0.26292977978213766,0.15301492580575402,-0.5907462665445424,-0.6535198649132528,-0.6766216008693535,-0.47150415665395057,-0.7058434228562336,-0.5118179841542053,-0.21993334445366158,-0.2973380424702426,-0.27087462813601865,-0.6399884889973678,-0.31748711021233483,0.16646510606440393,-0.12803154641640133,-0.6884843323582481,-0.29829293383917777,-0.3115582821669682,-0.7816587591082619,-0.16100901461209624,0.02656877625798145,-0.3027158787783168,0.22841288480882607,-0.22609201799442144,-0.9423875007564634,-0.21762437063782122,-0.08768607049110838,-0.4424529384398839,-0.6397521839159132,-0.6512611520512571,-0.5222904368666396,-0.19621328454858905,-0.7100723871505035,-0.35272391193758623,-0.24142087968413437,-0.7971175956143903,-0.03245978140261861,-0.5710430251761562,-0.7289752937706304,-0.5384684712028613,0.026033939873460525,-0.6710553182892087,-0.3868634420913971,-0.21120690964373895,-1.014601559547482,-0.4718774379106714,0.09123883273764546,0.12228197120916648,-0.04265683315383311,-0.13848508640895468,-0.4404752696034055,-0.35102586767030364,0.2759055349332643,-0.2871924343634909,-0.497246753493347,-0.09789776117989578,-0.48243072256964586,-0.460862058079782,-0.30906430682045555,-0.49043901194421125,-0.028025342848861202,-0.7117325760407553,-0.0037220368075258983,-0.12136628221191938,-0.5123466671403479,1,0,train
-0.15302557833953984,-0.5881193134340631,-0.08417980758909058,-0.6179928963034266,0.5219270226076264,-0.683856262749552,0.33361820465162156,-0.6574887856679374,-0.4418779726039847,-0.19905696280019416,-0.5681580665657455,-0.6083557201253865,0.3467862014097606,-0.10515098634343348,0.04570039669277203,-0.2707438905747685,-0.38787918280445993,-0.3610385429961547,0.6060222808192783,-0.37985660308811187,-0.3162971335734804,0.2775694489585231,-0.6305085226204586,-0.3597217042629073,0.41235587379526073,0.12433259713043265,0.11353678996165849,0.1754931660147086,-0.8572452762197975,-0.2846162063295047,-0.03338366292291138,-0.565089569761284,0.4410605331624354,-0.2289955474630607,-0.3958305295184337,-0.09497912877620068,-0.7857920746059228,-0.49775384880577855,0.14036580672070365,0.09932523570171038,-0.3188351867942585,-0.6985857508392079,-0.29848280221612244,-0.13275748953024546,0.08522315956907536,-0.9234834627531149,-0.5229687702640813,-0.4528747973680226,-0.32544518517834464,0.2662706633046529,-0.15808703452368245,-0.3758948608712938,-0.14894550076947474,-0.09925806872748266,-0.22789792278141507,-0.4514284748310234,0.5693050390943707,-0.7041550174226247,-0.47539201801637987,-0.07426416618180443,-0.11820274331002434,0.004705913977825004,0.1321854564181079,-0.6816293278220297,-0.2782474211275798,-0.5877237251627281,-0.08196996408869632,-0.3252043174905034,-0.367781582590344,-0.4467567106792075,-0.3558636922361583,-0.5193884040345137,-0.4959891378682807,0.02016941997154262,-0.5574505447111909,-0.14369720674769643,-0.0990131062673392,-0.10422287984610443,1,0,train
-0.9853244626132113,0.28294554051173687,1.3763682408959619,0.7036932634600517,-0.6754349704333988,0.29019761359435897,0.7315803216842147,0.3281163166245663,2.1750962812800627,1.066721603971411,0.6245004795224881,0.6168411895594123,-1.8698921884996178,-0.08338839414499152,-0.5123351546947343,-0.7614142003950884,0.39765826286011335,0.09320979788193447,1.4411052698610307,-0.04116899813421918,-0.16225040281290926,-0.06615975376262268,0.1435239060113564,-1.3833945378987982,0.6022526009157351,-0.4009419438215242,-0.1462931254518192,-0.5708790776683486,0.05815499502921305,-0.1834084227579238,-0.36437624784621947,-0.31242551552314324,0.6514926081127571,-0.025854674761719508,-1.0709117473842813,-0.030300726059195333,-0.3694862473742276,-0.005169508899627724,0.428746782926182,-0.26449675998250066,-0.3820175931909115,0.16430656403578273,-0.5348100462804359,-0.08150315435440411,2.0002146162827485,0.11621152095191506,-0.003273939583201807,-0.25856579192877394,-0.2912108973241155,1.338761932007808,-0.015289168597126064,-0.5630274903079422,-0.389000354641213,-0.17565563494756997,-0.7207974749278386,0.000526754346360596,1.3298038609417595,0.010980767114993214,0.1291157601654837,-0.01296675917460076,0.655048107990143,2.1833922820340983,-0.04270935587014794,-0.027068312657192516,0.2465234828910079,-1.529864736176538,0.13302500477061233,-0.09810830196674983,-0.8670666521996732,0.26348043513951963,-0.15006689518265595,-0.46403995739923526,-0.36833624161468403,-0.17605211436867294,-0.31790739080476205,1.2405016959939899,0.28844194343871726,-1.155785070532173,1,0,train
-0.4926417897385666,0.6976590178205402,0.42789767798780765,0.34625612591395377,0.00047052244544297907,0.5882451411674404,0.8201777273009598,0.338277193967788,-0.4253279377968129,0.27189198175582074,0.5271795421616883,0.6001086065743391,0.6285223037243818,-0.1486761707403174,0.04927754766320477,-0.804081183857725,-0.42203298478987616,-0.2701888748205369,-0.37722059337504305,-0.515331645069669,-0.32222200783350236,0.07856833159364923,-0.20983872445099397,-0.39448795144299414,-0.5450401254371307,-0.5531242874618107,-0.13666979525132003,-0.31711251481610914,-0.4430138685596307,-0.16152565874244684,-0.11085001258581327,-0.03913582420433788,-0.1785450208579564,0.11503334985372682,-0.6140679921905827,0.2769216868465801,-0.3417325255587812,-0.7244298282316178,0.04092409078778008,-0.1114875094611035,-0.4781647333597313,-0.443640294171597,-0.5964606316885177,-0.16351009063575025,0.017923140323546912,-0.3981638920389945,-0.3348034005347973,-0.42429994362695667,-0.4928128146879092,-0.13530140990840062,-0.5363084091399669,-0.5630274903079422,-0.407117702103231,0.17882907231363518,-0.7298415034075896,-0.24305950553495675,0.15570041668614165,0.04424289662837079,-0.2645172116738693,0.31190949796357864,-0.0664060355674294,-0.23210782168046556,0.19464788937819924,-0.233771791130299,-0.15184275081653312,0.32637737480900414,-0.2627611879022059,-0.24262394820913846,-0.5701944486481801,-0.45324289465928724,-0.33486401906743357,-0.24818101552164926,-0.3072848564499204,0.17163867454995463,0.11245827553560182,-0.31477797000790486,-0.07417624410669456,-0.5307306215229715,1,0,train
0.6410066905652271,1.1423517826456426,1.555112268880351,1.413025877505021,0.005058116288512041,0.3463514956008815,0.47159777077606074,1.007443544714245,-0.4005028855860551,1.2534487293567782,0.8076928322016408,0.9180276832907285,-0.07847583981985638,-0.03442256169849713,-0.10453994406540276,0.27112679940071527,0.5949913409980738,0.39444817130635146,-0.4243623750144968,0.7589804685693523,-0.48219361285409545,0.17806889027608616,0.6584237389707812,0.2969740758054001,-0.4500917618768935,0.021241332083786913,0.34449671477363863,-0.15291062120583657,0.42124672273133457,0.2460408210458113,0.4032448533588993,-0.46196138435796125,-0.5000384686987257,-0.055342865960301295,0.18031637193603975,0.20146355034340716,-0.01793910437857381,0.7620414983878284,-0.2822614859942216,-0.006081136879696554,0.4421007511132582,0.5124051683319437,-0.08270575328783616,0.5096301780069661,-0.5816588493184338,0.48284080467947826,0.4268183340837329,-0.03568193274845928,0.6597415430711379,-0.5368734831214541,0.33977579532836544,0.07957889756885048,-0.035712079131862376,0.1635495590696177,0.10220911672949243,-0.020016665161702314,-0.7582323779901063,-0.08326193317290992,-0.10987568702269492,0.12801727694196766,0.09638361733786902,-0.7294166665628758,0.03640972587930112,-0.13042005189374575,0.12394925713484142,0.13009799751446038,0.04507251750998606,0.7036094498065014,0.11463574818083219,0.837507717376573,0.5765217964552197,-0.18729772422284297,-0.10748032318342127,-0.017697893673060384,-0.0052832746895920615,-0.08667028566096029,0.27353982614233047,0.303900907448139,1,0,train
-0.37784194363185336,0.1880111300434566,-0.10028287317326977,-0.06659762210440737,-0.32524864041246043,0.7502274931093326,-0.08032049372169617,-0.20460396694148505,-0.49359683137639676,0.030633925948178032,0.12835452434978292,0.3955992589790009,-0.11037049291207766,-0.18132005903798035,0.16016922774661949,-0.27927728726729584,-0.6345455304769104,-0.6479322319717901,0.06725906208266388,-0.4052581734596538,-0.5118179841542053,-0.36013867714255,-0.5329131294451428,-0.3326812897895064,-0.48174121639697254,-0.5874880424773594,-0.5504729938727845,-0.5410241879210262,-1.005550348098129,-0.10134805769988524,-0.44888499293302153,-0.8074408054590926,-0.20777169793438996,0.24281551171424792,-0.3289043742989747,-0.024910859166111552,-0.6886540482518606,-0.9162325800534818,0.1552820641106422,-0.08768607049110838,-0.3517999205664253,-0.6642661701339526,-0.2882077046481088,-0.32752396319844257,0.3054777680089867,-0.846874358690639,-0.4333662132501365,-0.7157634517858297,-0.5993194880121776,0.06548462669812614,-0.447542168158594,-0.5206578383600218,-0.81928735686414,-0.03814001575141282,-0.4313885635758101,-0.40740686159946,-0.011075640736531363,-0.8760093532417421,-0.45430453738212884,-0.025226240576041493,0.181478208629275,0.11719243841551304,0.10720048323407133,-0.7702165328819325,-0.41997386965814726,0.13570597972287593,-0.2578749386099488,-0.31832262005038964,-0.2463338629556423,-0.5245909184401639,-0.4356624502773123,-0.4086915107639568,-0.6902435452107104,0.12000142867095054,-0.6427116672880554,-0.09185455121429993,-0.3150938070649476,-0.09686929809305499,1,0,train
-0.017497982241336637,-0.38492636471248065,0.10583636630422387,-0.6997323967500149,0.9760988130714635,0.033185615179890195,0.06637357131586553,0.08715836819959483,-0.4377404639021918,0.01741430645186884,-0.05674608200311094,-0.04130707452013066,0.03315544600291806,0.00910262269838678,0.04927754766320477,0.1089922622426965,-0.6421352642514474,-0.423198842274209,0.28276434957730967,-0.650806687051226,-0.6836393376948423,-0.1701830651124431,-0.6170470890790358,-0.31722962437613444,0.06421187407439115,-0.2831233551967862,-0.08855314424882416,-0.2275478455741423,-0.6629144923792255,-0.23811533279661615,-0.22704953708016612,-0.4722742028982935,0.16048443322867306,0.0789922272776824,-0.4598468519022641,0.3631595571359206,-0.73028463097503,-0.7505847489345994,-0.2723173144009292,-0.06728483708825543,-0.4342117549968423,-0.49266826660767604,-0.47658449339502534,-0.31727309616327426,-0.01878596108310497,-0.6444074408112385,-0.5453694095175674,-0.5900340953251393,-0.5726928196811105,0.33972896938021147,-0.7794507213932926,-0.4006104911742474,-0.6245258716474468,-0.374289307119797,-0.02892929622689548,-0.44849370061558586,-0.0911281482994144,-0.6764365761614767,-0.6124606421390117,0.36707716427006193,-0.2513942775052685,-0.11370095385132029,-0.07185849125152391,-0.5536700316243923,-0.699596322164402,-0.09982927303057655,-0.6243436355292249,-0.3768170482913565,-0.2294661241174893,-0.5732372982907616,-0.5196611429522112,-0.9953850450979085,-0.7901458118439599,0.12344391172955081,-0.49248968941453225,-0.2888566422412066,-0.2753548276079162,-0.08951571634000556,1,0,train
0.5995511905822474,0.7826003324500542,0.35060296318374756,0.36980818536466564,0.07387202393454798,0.5558486707790621,0.8695598878086538,0.29908523850107577,-0.32395897460288536,0.3198131024299416,0.5481703325728412,0.6781939938380137,-0.06252851327374576,-0.06706644999616006,0.04927754766320477,-0.0019418947601584538,-0.49413545564797706,-0.11717890736686473,-0.3906896738434584,-0.33328705740695164,-0.23927376819319482,-0.07520525909738968,-0.3377223430945112,-0.2592858790759897,-0.26019503475641914,-0.1211227958377715,0.012491822856417164,-0.028515247258660368,-0.2435691167232541,-0.06578856617473519,-0.4770545746286222,-0.0546050520148363,-0.36559575414713125,0.03312170763544407,-0.3580027026552612,0.5949238335385231,-0.43424493161026906,-0.4062116263453434,0.04092409078778008,-0.009481342446838714,-0.3517999205664253,-0.3799039300046943,-0.3909586803282451,-0.218181381489981,-0.11667689816751,-0.7155444660121089,-0.13319764725342167,-0.39572508988589067,-0.5080280537342332,-0.21365693638899644,-0.4668391770675881,-0.07577649290685766,-0.2168855537520422,0.010754426629443063,0.016290846171858973,-0.16382060171814267,-0.29125941720662196,-0.022281362398384363,-0.42970247664216926,0.2628715723578157,0.1000833821766258,0.05798900450094039,0.16549875399682326,-0.17963516581591396,-0.4965827607557513,-0.1727330417399785,-0.09174246267321035,-0.46627911501283514,0.18210670353344424,-0.4694583546094865,-0.25086532639253467,-0.24818101552164926,-0.37388636753875343,0.17508115760855492,0.16523897046413702,-0.4236475466280375,-0.07169255789063009,-0.20717302438879648,1,0,train
-0.35870863594740116,-0.060150749952574356,0.08329207448637299,-0.18297250409616017,-0.7044897314395029,0.23404373158783637,-0.1660130663674005,0.31505233146899553,-0.37567783337529737,0.13969578679272884,0.18751038823575933,0.19852661493258414,0.43715438517105415,0.07439039929371265,0.10293481221969576,-0.5139456963117967,-0.6117763291532996,-0.5666456867620266,0.08072814255107925,-0.5280324302554399,-0.8673104397555234,-0.3375249138056325,-0.5463745629865657,-0.15498713753572912,0.1670726012646481,-0.27821424733742217,-0.3868763804642985,-0.27730599515301274,-0.7805357562827296,-0.31744035235272006,-0.5509997265795741,-0.6114972531927793,0.4235245269165752,-0.0061958806293316475,-0.3289043742989747,0.09905607937481536,-0.7719152136981996,-0.8552044317465252,0.12047746353411894,0.09252482456742607,-0.4781647333597313,-0.7770305067369344,-0.5279599812350935,-0.4915378357611348,-0.3736406080140732,-0.9234834627531149,-0.518488642413384,-0.6300388905626317,-0.724845210144351,0.021409643052791003,-0.7833101231750914,-0.33352520892337345,-0.6517018928404738,0.15132594847440373,-0.2414639655010414,-0.2401247313195192,-0.11114127519013514,-0.6708928879092471,-0.3031775928366629,0.09736857343836583,0.35166739121208695,0.004705913977825004,0.14467794301012615,-0.6422572366842951,-0.37783897955446505,0.690896218356014,-0.4875286553460285,-0.6142356099752807,-0.17548935983539962,-0.6478284140616782,-0.34746382296866846,-0.9621759771167414,-0.40718712308316996,0.009841970795741803,-0.5046698497826557,-0.20590839338777223,-0.2927406311203674,-0.2512945149070931,1,0,train
0.28066272917471036,-0.25001957088913496,-0.6075294390749143,-0.2730244961135879,-0.9690409763898189,-0.32101579439971384,-2.0570593305149782,2.0249828329425883,-0.5515219532014982,-0.45353463810414607,-0.25711271774593425,-0.3926913172066663,0.34147042589439036,0.2376098407820273,0.6824332694297985,-0.326210969076196,0.24586358736937455,-0.26062575185468234,-0.09436990353832045,-0.7100770179181572,-0.3340717563535463,-0.7310043958679968,-0.24349230830455112,-0.5567304382833994,-0.03864885311586577,-0.2978506787748785,-0.9931461830957464,-0.7699116759838305,-0.5401792604799167,-2.872253051159653,-0.832695543535581,-0.32789474333364166,-0.1785450208579564,-1.3790350042077504,-0.3463633713127466,0.24997235238116117,-0.20296391648154946,-0.46723977465230015,-1.047962698677733,1.5104105460657065,-0.9534063119084691,-0.8260584791730133,-0.05873052562913769,-1.1783459271174088,0.3238323187123126,-0.5787424944719733,0.019126699670284377,-0.37858017764125107,-0.1732927947151041,0.15853181439383365,-0.5903400340851503,-0.3158711872784066,-0.4614697444892849,0.2918974703193644,-0.30929417909917306,0.1619393361954263,0.08231895142016551,-0.2273978277308794,0.17129072143398583,0.5448396445909526,-0.01830909266359123,0.46649269851149167,0.3154085931010426,-0.5192194518788746,0.2848279284398099,0.8030558625243247,0.31870247787637884,-1.471006941269442,-0.698389263818143,-0.4662152626194466,-0.460862058079782,-0.5027838700439302,-0.5403901452608361,0.44359483617937623,-0.220466107859774,1.1886590404605935,0.3256972366796842,-0.24394093315404364,1,0,train
-0.4256752128429839,0.4261799142007212,0.034982877733835425,0.5582246609703606,-0.11269012568359389,0.14549337919293537,-0.06289149589545122,0.7824526892571932,-0.4853218139728108,0.2322331232668932,0.06729040679006537,0.10742699645829712,0.44247016068642436,0.1832033602859224,0.006351736018011968,-0.4072782376552054,-0.7559812708695015,-0.3801647889278637,-0.12130806447515116,-0.42642614876927215,-0.8199114456753476,-0.20636508645151108,-0.5564706381426329,-0.5799079364034574,0.05629951044437139,-0.4009419438215242,-0.41093470596554643,-0.04344269213232151,-0.5913189404379621,-0.25999809681209307,-0.46649098149277196,-0.601184434652447,-0.330523741655411,-0.232272013151792,-0.5238631742860945,0.20685341723649095,-0.8598019994471131,-0.5413453833107477,-0.182819770061298,-0.0026809313125543944,-0.3435587371233836,-0.2818479851325363,-0.7608621927767358,-0.42319872219334637,-0.17174055027748783,-0.5787424944719733,-0.5767303044724481,-0.6243239198144185,-0.4547747170720991,-0.06674032423787928,-0.43596396281319755,-0.5877431206108958,-0.6426432191094648,0.07187247960551292,-0.399734463896682,-0.4514284748310234,-0.11114127519013514,-0.7041550174226247,-0.4824211782277969,0.10962805483980656,0.11118267669289614,-0.01305511619654679,0.2737669711276483,-0.7406874645286315,-0.5272263171947928,0.11888203309762933,-0.8588836015575616,-0.5041284509334607,-0.32729900937877676,-0.6770162419720369,-0.4398623849110572,-0.9455714431261579,-0.3572359897665452,-0.021140376731660655,-0.6467717207440966,0.08441047759924815,-0.3573164727380435,-0.3101231689314885,1,0,train
-0.23434213599846174,1.1123724951293437,-0.2725856749239871,0.9225888748254915,-0.7213109088640894,0.3593100837562329,-1.2480633480801082,2.154171130592121,-0.6425471446409434,0.007499591829636944,0.13598753904474764,0.13159628299229162,0.14478673182569252,-0.2466078356333062,0.14586062386488854,-0.5182123946580603,0.03714590856960871,-0.6383691090059356,-0.22906070822247404,-0.8794208203951036,-0.29259763653339255,-0.011886721754020712,-0.31079947601166547,-0.44470586403645296,-0.22063321660632032,-0.5138514245868981,-0.016378167745080354,0.25510620534090134,-0.8214475002491659,-1.9969424905405757,1.1919931408357187,-1.1632330451005561,-0.7630785623866279,-1.15295887168529,-0.4743960160804074,0.09905607937481536,-0.17521019466610313,-0.22748633487497014,-1.1324881572207182,0.8405700493387012,0.6783480098137868,-0.7378081287880711,-0.9492389815236525,-0.22159833716837044,0.03627769102687285,-0.9836763302307745,-0.2138399485659719,-0.7957730422608144,0.2717529473898745,-0.5123873810962679,-0.2236968648142624,-0.4888805993990815,-0.1987682062900242,-0.35289798857817256,-0.23241993702129052,-1.3230564168159782,-0.07778606370560057,-1.0312326243041707,-0.4261878965364608,-0.15395079529116917,-0.03680791685737514,-0.018975459588004055,-0.5340804951561999,-0.7997456012352334,-0.18631675181045493,0.4104971079352372,-0.008676224704841102,-0.9996106666216504,0.003308671849022307,-0.7483642657529136,-0.5154612083184663,0.03409606231827089,-0.7401946785273352,0.22671840348755903,-1.8891480782926942,0.7583649995334025,0.3207298642475553,-0.36159824120283457,1,0,train
0.26152942149025815,0.9641415735209762,1.474596940959455,1.334057207582046,-0.5699203120428104,1.2145769020094233,0.12592264722220248,0.0857068142934203,-0.5370406727452228,1.3360713512087106,1.2752149822682286,1.349356489128169,0.33615465037902015,-0.8069945847431864,-0.6411125896303127,-0.24514370049718662,0.6632989449689063,0.5904921921063689,-0.6196640418065196,0.5176655500397037,0.4361618974493094,-0.14756930177552563,0.6146740799611569,-0.3056408753161055,-0.9248335796780793,0.011423116365058748,-0.34357139456205227,-0.35691903447920553,0.8405920983873058,-0.24905671480435462,-0.37141864327011964,-0.5341511141402872,-0.6110998415891733,0.19694499207200955,-0.3405437056414893,-0.4183711423612274,0.3706130010376751,0.9930766312641647,-0.10823848311160528,-0.1624905929682359,-0.4534411830306062,0.9781709064746943,-0.20258189158132853,-0.13617444520863486,-0.7896770906227946,1.0300486908400204,0.32377539351769646,0.6615444985335507,0.4543358159457631,-0.6690984340574596,0.694840759253857,-0.12873855784175817,0.6029244189042714,-0.4629104839350983,-0.19624382310228694,-0.21664653759601873,-0.8382848855529894,-0.46023273432452244,-0.3137213331537885,-0.5830326443415949,0.11118267669289614,-0.4807622441216707,-0.3425290340785864,-0.4011031784656709,-0.42763475876790763,0.2422576416827711,0.6900574240879119,-0.23574225076902472,-0.5668209008805496,0.665623841904461,0.33712552233175785,0.21674593621468982,0.43643201737538195,-0.6098049797523073,-0.3097872838926797,-0.13851294119435678,0.4349794301865207,-0.17408190650007402,1,0,train
-0.1354867129621253,-1.047801722017315,-1.586595826593009,-1.3910546123914989,2.9625269471203675,-0.8739155556947054,-0.24880080604206406,-0.5950719677024328,-0.7542598795893533,-2.3389828687652443,-0.9097354741654157,-0.9932051287820685,0.3148915483175393,-1.7808705856234641,-3.4205588936565463,-0.27927728726729584,0.5228888701399729,0.8247887047698043,0.5252077980087861,0.775914848817047,0.31766441224887004,-0.05711424842785569,1.196881080627696,0.011118265658019216,0.26202096482488524,-0.22421406088441723,-0.04043649324632829,0.09090431173062878,1.0144670102446598,-0.13143685822116605,-0.2340919325040663,-0.3330511526038078,0.6222659310363235,-1.490434837624615,-0.2008717295313139,-1.6634303946635804,0.29197745589391044,0.5353655189619891,0.4685234692993514,-0.5977169055624323,0.16190051404984052,0.4094464262161778,-0.40808384294160116,0.5779692915747545,1.749369090003961,0.7181401957285113,0.5657022974553473,0.5815349080585659,0.7852672652033114,1.054723148515648,0.27802536681958434,-0.1252077535127648,0.29492951204996576,-2.812899620864984,-0.20076583734216238,-0.20197266651883092,0.3424896009995354,-0.32718421627101213,-0.1028465268112779,-2.421954854557705,-0.787860179125002,1.0940490980059616,-2.083148832566466,-0.2583793480913831,-0.06374252605428847,-1.9504634018077032,0.6167636847040567,0.41113730860166725,-0.1586216209972466,1.0223639608088444,0.9167165017885605,0.04516575164532658,0.9192929727694215,-4.362111513626605,0.0637376340631078,0.3643608174795892,0.8398202834050283,-0.015979898809511242,1,0,train
-0.167375559102879,1.2039758736513684,-0.08579011414750849,0.6926099413655991,-0.15092007437583607,0.8754938452777291,-0.2763967192669519,0.9319627415931695,-0.628065864184668,0.06037806981487371,0.49092272236060597,0.6577430590784799,0.15010250734106273,0.05806845514488118,0.09220335930839756,-0.4670120145028965,-0.31957157883362747,-0.42798040375713625,-0.0741662828356974,-0.900588795704722,0.021420699247771714,0.431343039649562,-0.3982987940309141,-0.34427003884953533,-1.2175910339888105,-0.36166908094661154,0.5562099791846205,0.15061409122527336,-0.46858370853865333,-0.38035329889721625,0.4771900053098511,-0.8950997630519169,-1.0085826498286699,-0.1536368366222406,-0.5093140101079512,-0.4129812754681436,-0.19833829617897508,-0.1708173400185103,-0.4314240598936069,0.03812153549315152,-0.1567585790811051,-0.9045032350707398,-0.7368869651180373,-0.6316330185751011,-0.20233146811636438,-0.7921535700745848,0.07288823387865122,-0.6871885980447637,0.10818912764189091,-0.38016243016026247,-0.1851028469962742,-0.6053971422558626,0.11375603742978596,0.053537063712691964,-0.2188538943016642,-0.7096886057895285,-0.5581011090828988,-0.9979704947907932,-0.5281107196020075,-0.04361546267820259,-0.12930203782629468,0.03430763093511133,-0.09267930223822102,-0.7751380442741493,-0.3893303132191056,0.08523413984713611,0.13791125406286933,-0.5660637278944844,-0.2497074107232729,-0.5083754584899647,-0.460862058079782,0.1669323342429392,-0.3905367453109617,0.002957004678541256,-1.0202966386998842,0.0014622287458137513,0.14935551533910724,-0.6116200208065152,1,0,train
-0.023875751469487373,0.6693452462773689,0.3795884812352701,0.45154768581125393,-0.10810253184052483,1.0806714910707924,0.7228658227710922,-0.09864053179074461,0.8428184793027295,0.49166815588196106,0.8248671152653114,0.9012951003056553,-0.1316335949735585,0.019983918797607757,0.03854609475190657,-0.3774113492313598,-0.22090503976464723,0.05017574453558917,0.5588804991798246,-0.44336052901696676,0.06881969332794745,-0.5139122678335889,-0.3680105685627127,-0.2863262935493906,1.2194169640572765,-0.33712354164979114,-0.33394806436155305,-0.44150788876328534,-0.13106182081555448,-0.39129468090495473,-0.7305808098890284,0.0794615890094833,0.511204558145876,0.010186447814324902,-0.4220190250390916,0.2823115537396639,-0.24459449920471898,-0.40185247289484655,0.18014249309387306,-0.13868915399824078,-0.5578295066424677,-0.443640294171597,-0.6067357292565314,-0.30018831777132715,0.935650675489844,-0.573270415610368,-0.016714323135293516,-0.25285082118056074,-0.47379376588000416,0.2613734428996156,-0.4128075521224046,-0.503003816715055,-0.17159218509699722,0.029089842522264018,-0.41330050661630835,-0.12860331113289197,0.9228702808304374,0.06087396138505958,-0.4121295761136267,0.14640649904412875,0.11488244153165292,0.9105184528707865,0.053066374668658815,-0.15010609746261303,-0.5846829855179959,-0.13347716628106976,0.27472623424606574,-0.40434383805181145,-0.2294661241174893,-0.41432579077880904,-0.24246545712504478,-0.07660083095228604,-0.3794364934628229,0.03393935220594371,0.16117891700809583,0.7324436717667042,0.005301714807368311,-0.2623248875366672,1,0,train
-0.11635340527767309,-0.04183007424816938,-0.8619578753049454,0.023454369913020388,0.05246325266689235,-1.0121404960184532,-0.9590324674615461,1.1438896118946504,-0.4232591834459164,-0.6832255268525183,-1.0662122754121919,-1.0898822749180466,0.3893124055327222,0.041746510996049715,0.03854609475190657,-0.33901106411498694,-0.03875142917576069,-0.16977608367906452,0.18848078629840215,-0.6973762327323862,-0.3696210019136781,-1.233029941947565,-0.49589418720622996,-0.33654420614284936,0.38861878290520147,-0.04748617794731025,-1.1759894569052307,-1.2525657268988741,0.13486451496628096,-0.9438344722957476,-0.34677025928646904,0.043366724118320335,0.07280440199937235,0.18383912931708432,-0.43074852354597754,-0.1919967328517087,-0.8644276197496874,-0.5936552247167106,-0.27728940019757536,-0.04688360368540247,-0.5056353448365369,0.056445024676408904,-0.38068358276023145,-0.8844877387759184,0.45231417363559423,0.0724348900590717,-0.6976937564412735,0.3872259026193173,-0.5498699611116245,-0.10591808747817717,-0.5054331948855764,-0.3370560132523668,-0.5067631131443299,0.04742525841508498,-0.20076583734216238,-0.36045047415245907,0.11567416290470012,0.46556320379782007,0.02016377688851993,0.33029872006573974,0.19257750314554534,0.43097063816274805,0.23628951135159348,0.36665259872015316,0.2771670393300495,0.07401817543030505,-0.12594620771900944,-1.123481220543698,0.09439446157504858,-0.6024251262011203,-0.5364608814871911,-0.652224675959182,0.29767886927364645,0.15786874231555353,-0.46000926176620294,0.24512270975277728,0.13445339804272047,0.020788009955735917,1,0,train
2.442726497517811,0.9791312172791257,1.2684777014819615,0.48895389788003163,-0.07904777083442077,1.8214707806183787,2.0503744905367496,0.3295678705307408,-0.5184218835871545,0.8899091932082754,1.2656737138995227,1.4553295147002987,-1.1150520653170477,-0.18676070708759082,0.14943777483532128,2.165540865141777,0.47355560060548274,0.27012757275024285,-0.2829370300961355,0.38642410312007036,1.4552402701730878,-0.01640947442140421,0.0694860215335306,1.795785620902478,-0.8615346706379212,2.991251586999057,0.12316012016215766,0.1655415360989345,0.34453720279426664,0.3554546411231961,-0.1566255828411644,2.332812440072086,-0.4591211207917187,0.10192748709880158,0.3345375122243584,-0.1380980639208709,0.5556378131406507,0.05585863940732901,-0.08337805412837439,-0.21689388204251045,-0.1732409459671885,0.5222107628191596,0.030320319960313775,-0.218181381489981,-0.45317699439515224,0.7290843534517222,0.7359471557818422,1.0101577141745557,0.2679491376282935,-0.370367989350188,-0.11949301670569423,1.3153604127165288,0.04581598444721854,0.004642621331836078,2.5486188205021083,0.21476527207330234,-0.6648377858334095,2.6774948164374286,0.8285172012014771,-0.06813442548108406,-0.5288766404120272,-0.3801164064668972,-0.29255908771051337,1.990751358151704,1.1313561750683345,0.06280221101347397,1.4718573108490343,0.12898771355700372,3.1272139046749605,-0.10623205172502327,0.1901278101506847,1.035902946416811,0.7527891950473389,0.15786874231555353,1.3548346330841994,-0.97836396083538,0.6783806793608382,1.0466126645061318,1,0,train
-0.8003691549968397,-0.5881193134340631,-0.5608305488807946,-0.7967114650764755,-0.317602650674012,-0.2821400299336597,0.5645524258493672,-0.46007745442820175,-0.5391094270961193,-0.4766689722226871,-0.26283747876715774,-0.2737040604239241,0.6072592016629009,0.48787965106410974,0.32829532335695794,-0.08300916333916784,-0.35752024770631213,-0.4949222645181178,-0.22232616798826638,-0.1512424697442343,-0.4110951217338319,-0.16566031244505963,-0.14926227351459104,0.15790908708505264,0.04047478318433186,-0.10148636440031517,-0.1462931254518192,-0.44150788876328534,-0.5913189404379621,-0.37488260789334704,-0.4066306203896205,-0.47743061216845967,0.2481644644579738,0.16090386949596516,0.0028165689626918717,0.1152256800540667,-0.7672895933956252,-0.6416059126721766,0.20500292207710397,0.0653231800302888,-0.360041104009467,-0.5024738610948918,-0.09983091590119222,-0.057584464605678155,0.213705014492357,-0.5513821001639463,-0.5408892816668702,-0.37286520689303787,-0.32924899493992565,0.32503730816509974,-0.6327934536849374,-0.2205394703955857,-0.379941680910204,0.5302578769260369,-0.1012815240649026,-0.5981671856029013,-0.0911281482994144,-0.698611329170395,-0.8444229291157733,0.3732069049707823,0.181478208629275,0.3066434269421455,0.3528860528770974,-0.4011031784656709,-0.8566445489144903,0.06280221101347397,-0.316509930117033,-0.2150971584486835,-0.9446582508551771,-0.18406625948597968,-0.036668660071542396,-0.46403995739923526,-0.5958914045015302,0.35409027665576914,-0.6183513465518085,-0.3614363599879617,-0.05927412681030776,-0.1924658608826976,1,0,train
-1.3536406355389163,-1.592425445230081,-0.9054361523822292,-1.1735444162878657,1.9257307385867595,-0.4290040290276419,-0.8079811529674231,-1.6851889512395024,0.9834937751636901,-0.825336436437842,-1.167349720120474,-0.9839092493459167,-1.0565785346479752,-0.5077589420146097,-1.3851599914803212,0.6039292704092801,0.5874016072235368,0.01670481415509839,-0.7476203062564655,0.589636666092406,-0.12670115725277745,1.1821199824352224,0.3723682762155452,0.7643869545599012,-0.10194776215602389,0.11942348927106858,1.0469998194100782,-0.04344269213232151,-0.10549198083653184,0.6508719553321348,1.2800230836344708,-0.3072691062529771,-1.2657774081012854,-2.339039451006024,0.7040862823491975,-1.4747850534056481,0.7915444485719447,0.4045909154470818,-1.4755620771893043,-1.1723516464094572,0.8211951894931764,0.4094464262161778,1.3010073858713327,0.6770610062480478,-0.48988609580180414,0.2037647827376018,0.655304854469292,-0.23570590893592117,0.8385206018654455,-0.7621456217531671,0.2934629739467796,0.9658107841461856,-0.08100544778690733,-1.5508118269091418,0.6900709679133002,0.16780888462630142,-0.5047327707076434,0.1384855969162739,0.3013301853452007,-1.5331424529532516,-2.075378343012362,-0.9366286852638801,-2.103969643553163,0.1845566772081308,0.16608414723852366,1.6498611759950705,0.5434699453202015,0.9341463140503117,0.4924730981554597,0.26348043513951963,0.34132545696550276,-0.2260416368675379,-0.36833624161468403,-0.919628455026332,0.5753043695242951,-0.6465709654216424,0.6212558963913555,0.5281851509161467,1,0,train
-0.14027003988323836,0.5560901601046837,0.04464471708434294,0.24927705758749308,-0.1585660641142845,0.4651385536916024,-0.12244057180178813,0.23521686662939656,-0.35705904421722906,0.19422671721500426,0.2027764176256887,0.38630337954284916,-0.030633860181524482,-0.13235422659148594,0.24244370006657234,-0.4328784277327873,-0.6535198649132528,-0.8391946912888802,0.10093176325370229,-0.7820481339708595,-0.8376860684554135,-0.31491115046871504,-0.5093556207476528,-0.2283825482492458,-0.48174121639697254,-0.3763964045247038,-0.11742313485032167,-0.3768222943107537,-0.5555211644673304,-0.14511358573083913,-0.20240115309651552,-0.7610331220275973,0.2890818123649808,-0.0586193316490326,-0.2968962131070595,0.2661419530604125,-0.7071565294621581,-0.22312718142447321,-0.008796767178681705,0.048322152194578,-0.4699235499166896,-0.9045032350707398,-0.5827605015978329,-0.218181381489981,-0.3614042408785225,-0.8304581221058227,-0.5229687702640813,-0.5100245048501546,-0.6868071125285409,0.14384015317872195,-0.29702549866843997,-0.26643992667249944,-0.4478817338927714,0.1299346299327793,-0.4585206490150628,-0.5101239591397746,-0.11114127519013514,-0.5766501876213439,-0.45430453738212884,0.18318494324845094,0.003889496368949463,0.11719243841551304,-0.05103768026482678,-0.8194316468041006,-0.3854998686642254,-0.004493575487512447,-0.97615358457173,-0.4112255354919252,-0.44199963347821725,-0.5440494703804031,-0.33486401906743357,-0.5138535593709859,-0.5181896415645584,0.05803673361614563,-0.4559492083101618,0.2243856475394187,-0.23064847571875582,-0.08951571634000556,1,0,train
-0.6409249242930712,1.4088343383460786,1.5116339918030672,1.1581094693326102,-0.2671391184002523,1.1972987844689547,0.950895210997797,0.6097177744224245,-0.6032408119739102,1.3261566365864788,1.1759857912336875,1.3270463784814048,0.48499636480938607,-0.2520484836829167,-0.3799805687887232,-0.9448822292844256,0.8037090197978396,0.9347646188771311,-0.6331331222749349,1.144237619204405,0.4835608915294851,0.14640962160440169,0.6113087215758012,-0.9584737390310698,-0.766586307077684,-1.1274899070074085,0.4407300167786304,0.27500946517244956,1.0246949462362689,0.14756838297616504,0.20605778148969447,0.703387110699586,-0.8273772519547817,0.12813921260865205,-1.0418134190279948,-0.27823460314104914,0.9303130576491765,0.7969147259918037,-0.24248479962105213,-0.26449675998250066,-0.06885262235532702,0.8457953808972809,-0.8636131684568721,0.14059896474090836,-0.5204770136406807,1.1121298737641017,1.0898772559869239,1.0558774801602613,0.8499320311501886,-0.7425567401330181,0.5906369111452888,-1.0149704444190932,0.6074537557697759,-0.3070594488461202,-1.2182190413141376,0.48476449989355774,-0.878311139334431,0.6485049161213967,0.36810720735366237,-0.22750768369981358,0.31096997798576237,-0.7826997570859912,-0.4216481158280355,0.701315373390897,0.4725197116289398,0.2871214993500954,0.6509674297498559,0.21156808283836867,-0.7827279580089082,0.6396791059841422,1.0637142139696336,0.9750196551180047,0.8249408320602414,-0.16228218213427187,0.8798083787273827,-0.39772621886133924,0.4945878993720678,-0.8579650095336712,1,0,train
0.19615728690171308,-0.29831953410983897,-0.2709753683655692,-0.45451389541025006,0.2787845489249661,-0.5866668515844168,-0.3315885457167276,0.1887671416318117,-0.3529215355154361,-0.16105055674830523,-0.5891488569768984,-0.6529759414189149,0.19794448697939462,0.07983104734332314,0.013506037958877434,0.002324803586105198,-0.6800839331241321,-0.5044853874839723,0.013382740209002443,-0.5322660253173636,-0.8613855654955014,-0.7536181592049144,-0.4454138114258942,-0.4099396168563661,0.47565478283541884,-0.2978506787748785,-0.7092579421810208,-0.44150788876328534,-0.310050700668713,-0.37488260789334704,-0.5157877494600732,-0.4980562492491242,-0.09086498962865566,0.03967463901290669,-0.4627566847378927,0.42244809295984215,-0.4111168300973971,-0.3669792452908712,-0.25740105701099064,-0.2440955265796477,-0.6292530964821624,-0.31126476859418367,-0.6409860544832434,-0.4471174119420723,0.36665960368673983,-0.46382883837825956,-0.39752519044455864,-0.492879592605515,-0.6982185418132839,0.24178456127946668,-0.339478918268227,-0.43591853446418105,-0.2802962698691051,0.1604936564208142,-0.16911173766303428,-0.11099466584026663,0.40252898167169765,-0.5821938758735735,-0.7319563657331011,0.017681944329001067,0.09638361733786902,0.12903312519842758,0.25294616014095117,-0.4995334063100073,-0.43912609243254824,-0.1278691840726542,-0.40934866666991626,-0.3974621406116977,-0.31717836607588495,-0.6089113101812,-0.33486401906743357,-0.436365734081596,-0.17408183427225432,0.19229357290155627,-0.3300875511728855,-0.05556469234092239,-0.2753548276079162,-0.29541600542538965,1,0,train
0.10686851770760275,-0.10678519720015064,0.06396839578535797,0.1910896165916167,-0.5439239469320857,-0.05536473721501081,0.17239997475885568,0.24537774397261825,-0.41912167474412343,0.13308597704457426,0.0940059582224418,0.04793336806692601,0.24047069110235633,0.19952530443475386,0.13512917095359034,-0.39021144427015075,-0.6800839331241321,-0.42798040375713625,-0.29640611056455085,-0.5195652401315927,-1.264277015176995,-0.4958212571640549,-0.6002202971522572,-0.4485687803897959,0.25410860119486545,-0.4549421302745291,-0.6226479703765283,-0.27730599515301274,-0.581091004446353,-0.12870151271923141,-0.4312790043732711,-0.4722742028982935,0.1371030915675262,-0.029131140450450815,-0.38128136534029045,-0.01952099227302777,-0.8598019994471131,-0.3974933194443496,-0.12315474050154382,-0.08428586492396622,-0.36278816515714757,-0.6740717646211685,-0.5142598511444086,-0.36852743133911564,0.07298679243352474,-0.9398996993379312,-0.3348034005347973,-0.9043574864768651,-0.9074280787002397,0.32014008776006253,-0.36263532895901995,-0.34058681758136017,-0.5611151555303838,-0.04119591840021631,-0.17363375190290972,-0.5130587333552121,0.11567416290470012,-0.726329770431543,-0.3699546148451246,0.10962805483980656,-0.014609327824834447,0.1408738119813421,0.16549875399682326,-0.5733560771932597,-0.7340703231583238,0.47779289443622364,-0.7074098734975942,-0.45595656885266456,-0.3475402959845604,-0.6218836781413595,-0.6330593780633248,-0.796130637210906,-0.3072848564499204,-0.04868024120046284,-0.6467717207440966,-0.15406573785437572,-0.46659866624487994,-0.31747675068453796,1,0,train
-0.6488971358282597,-1.8838907405274326,-1.3531013756224106,-1.3647317224171738,-0.04693461393293733,-1.5067266106143637,-1.2059432700000163,-1.0784394184585502,-0.5391094270961193,-1.2004431396456152,-1.7016607487680027,-1.729438780125286,0.3467862014097606,0.2811350251789112,0.2531751529778705,0.4503281299437886,0.8492474224450612,1.00648804112104,0.7070403843323936,1.491392414282145,1.0760483175316817,1.0464374024137175,0.624770155117224,0.2853853267453711,0.36488169201514215,0.40906085297354944,1.350134720725802,0.9865510041502974,0.968441298282419,0.7329323203901734,0.9525516964231128,0.5538512418647681,0.9145327018006593,0.1445215410523086,0.22105403163484091,0.49790622946301505,1.39750070820919,1.2807807589969606,0.4734955550959976,0.04492194662743584,0.5300067078390364,1.3017555245528158,0.24609736888860004,0.7009796959967738,0.641977864236629,1.4240383688756104,1.488608634698978,1.278761339340576,1.222705387785128,0.5503094467968127,1.0035929017977627,0.3620432438883198,0.8384499359105052,0.05048116106388847,0.5227564410379089,0.8310678573151896,0.5693050390943707,1.2860290651278004,0.7125360577130962,0.5080612003866304,0.25547350540441066,0.40136892120546175,0.19881205157553866,1.001527568316123,0.9857992819828869,-0.06618137978008333,0.9930048802078468,0.8928561294096292,0.20234799013922786,0.9575021210080474,1.1309131681095528,1.1687392183414793,0.6972879358066447,0.10278901337794918,1.4563359694852287,0.6287583606999113,0.6485764447680646,0.24507225342374359,1,0,train
-0.004742443785035159,0.5794073837284718,0.4327285976630614,0.1038084550978021,-0.3007814732494254,0.7567067871870082,0.3132843738543358,0.10893167679221273,0.7869621118285245,0.59081530210428,0.49855573705557066,0.6596022349657102,0.11820785424884145,-0.012659969500055174,-0.1295800008584319,-0.3731446508850962,-0.5358789914079303,-0.4518882111717725,0.22215348746944055,-0.5830691660604475,-0.5058931098941833,-0.08877351709954016,-0.7281039157957745,-0.3983508677963371,0.4835671464654386,-0.5138514245868981,-0.07892981404832498,-0.21759621565836818,-0.3356205406477356,-0.18067307725598916,-0.4946605631883727,-0.5083690677894565,0.34168983110256124,-0.025854674761719508,-0.4540271862310068,0.17990408277107206,-0.23071763829699582,-0.5021130022562754,0.1701983215005807,0.0313211243588672,-0.4809117945074119,-0.6005298059670499,-0.5759104365524904,-0.26260180530904353,0.6970415163466068,-0.3817476554541782,-0.26760148277433876,-0.4414448558715962,-0.4928128146879092,-0.14999307112351232,-0.4668391770675881,-0.3476484262393469,-0.5022337762788254,-0.12064938726910711,-0.5127848198935682,-0.47784144276996143,0.18238458587376932,-0.6043686288824919,-0.46836285780496284,0.4283745712772656,0.011289026046463027,-0.03673648976237585,-0.3217082230918893,-0.5290624746633082,-0.4582783152069493,-0.20638093499047172,-0.11617370913449541,-0.36993535085124274,-0.31043127054062375,-0.5440494703804031,-0.4524621888122921,-0.20943710287695433,-0.19073221204446256,0.02016941997154262,-0.36662803227725604,0.13625313313264464,-0.09652942005127473,-0.3505678685732604,0,0,train
1.216600363405831,0.5827384156747273,-0.15342298960106107,0.23819373549304043,-0.1845624292250092,0.5947244352451161,-0.12679782125834937,0.4471437369308775,-0.4025716399369516,0.1694399306594245,0.23521673007928867,0.31379551994086563,-0.1741597990965202,-0.061625801946549576,-0.029419773686315362,-0.15127633687938627,-0.501725189422514,-0.4471066496888453,0.2423571081720636,-0.676208257422768,-0.7725124515951719,-0.32847940847086554,-0.3713759269480684,-0.6069483508768583,-0.0544735803759053,0.11942348927106858,-0.34357139456205227,-0.10812828658485313,-0.7396240123162934,-0.2736748243217662,-0.31507947987891827,-0.8177536239994249,0.2189377873815402,-0.12087217973492749,-0.1426750728187408,0.14756488141256938,-0.6747771873441374,-0.4454440073998156,-0.21762437063782122,0.06872338559743095,-0.25015865810224436,-0.796641695711366,-0.27108254203475274,-0.153259223600582,-0.049376878921981546,-0.8414022798290336,-0.5453694095175674,-0.6528987735554845,-0.7704909272833232,-0.06184310383284204,-0.4861361859765822,0.14666417981972443,-0.36635367031369054,-0.019804599858591863,0.16551731608774867,-0.4015373131685849,0.13568728979542088,-0.698611329170395,-0.47539201801637987,0.0851090920369251,-0.12190250814878112,0.2533603364190301,-0.05520184246216621,-0.7997456012352334,-0.4850914270911107,0.21421773064069344,-0.5608223947298837,-0.3733761995712996,-0.5027234932955681,-0.6899886099321962,-0.616259639528345,-0.05999629696170249,-0.4127372490072394,0.05115176749894508,-0.3544478719091325,-0.3199622355612445,-0.0567904405942433,-0.22923376964794476,0,0,train
1.7108774785875136,-0.028505946463147587,-0.2403795437556287,0.2686728712527852,-0.19832521075421636,-0.876075320387264,-0.709216831952035,0.4616592759926228,0.9234998989876922,0.02567656863706208,-0.48419490492113393,-0.4986643427787961,1.308941569691769,0.40626993031995245,0.2388665490961396,-0.804081183857725,-0.40685351724080226,-0.5044853874839723,-0.040493581664659,-0.5364996203792872,-0.4881184871141174,-0.5229577731683559,-0.38147200210413557,-0.8232716666640654,-0.4026175800967749,-1.2993086820851514,-0.41574637106579604,-0.4614111485948335,-0.7293960763246844,-0.489767118974601,-0.4031094226776704,-0.415553700926466,-0.2136170333496767,-0.06517226302649523,-0.11939641013371159,0.1152256800540667,-0.5822647812926496,-0.7287889816821148,0.29450046641673516,0.23193325282025462,-0.5028882836888564,-0.546599036287363,-0.04503039553845285,-0.45053436762046173,0.12193226097572725,-0.5294937847175246,-0.5274488981147785,-0.39572508988589067,-0.5308509123037194,0.13894293277368472,-0.6520904625939316,-0.4076720998322341,-0.6969952614955187,-0.0045250866145744,-0.8519358878842266,-0.5512107981559004,-0.1311544020808559,-0.3438152810277009,-0.3910420954793757,0.2812607944599768,-0.42158346008808045,-0.36827571968398265,0.1196929698260896,-0.6028851455465606,-0.1135383052677311,-0.010101557695927982,-0.11128745984223841,-0.2632690405294797,-1.2212891678008864,-0.5602649303306023,-0.4398623849110572,-0.8016654818744339,-0.301734730525851,0.16131122537415382,-0.3706880857332972,-0.20590839338777223,-0.07665993032275902,-0.20349623351227175,0,0,train
0.8961174596912566,-0.5531434779983808,0.9818431340835718,-0.31458695396778535,-0.3741829747385304,-0.15687367776526318,0.475955020232622,-0.06960945366725407,-0.5473844444997052,0.685005091015483,0.04629961637891245,0.04235584040523496,-0.3921065952266989,0.11247493564098607,-0.26193458676444303,-0.031808783184004014,-0.315776711946359,-0.5953350556595902,-0.2492643289250971,-0.8751872253331799,-1.0746810388562922,-0.5500942891726569,-0.6439699561618816,0.05747326189813503,-0.5133906709170516,-0.07203171724413066,-0.5071680079705382,-0.4166288139738501,-0.5759770364505484,-0.14511358573083913,-0.47001217920472205,-0.4928998399789581,0.3709165081789948,0.11503334985372682,-0.5966089951768108,0.2823115537396639,-0.5221317173591825,-0.6328876057711827,0.0807007771609495,0.02452071322458288,-0.4836588556550924,-0.6397521839159132,-0.5074097860990663,-0.35144265294716853,-0.5510679314795572,-0.6936561505656872,-0.3392835283854945,-0.578604153828713,-0.4547747170720991,0.14873737358375919,-0.7485755071389021,-0.5771507076239157,-0.36182433344818604,0.09326379814713737,0.09768710248961698,-0.6128410566800891,-0.14449648667466974,-0.6154560053869511,-0.19774018966540766,0.37933664567150266,-0.14040133234256502,-0.2735502254206664,0.36121437727177624,-0.31743748479798495,-0.301230088456861,-0.06618137978008333,-0.5999123890679399,-0.4249889303721527,-0.08440357010937337,-0.6121544021712398,-0.7842570248781429,-0.5581323166792086,-0.4682385082479336,-0.10720245319666749,-0.7320328433209612,-0.076301754554281,-0.009600402489018476,0.017111219079211204,0,0,train
0.22007392150727836,0.8941899026496117,0.8353052372675412,0.2866832696562708,-0.7595408575563316,1.4586303122685405,1.4040491544801659,-0.7068416184778713,2.361284172860746,0.9031288127045846,1.1607197618437581,1.3828216550983152,0.21389181352550526,-0.801553936693576,-0.3871348707295887,-0.20247671703455009,0.40145312974738184,0.27490913423317015,2.579242569442129,0.20861311051927667,0.7738797302705615,-1.36871252196907,-0.05166688033927523,-0.07000297776218346,3.0946471443719608,-0.24875960018123763,-1.4983710186219532,-1.5162839196668876,0.3496511707900712,-0.8180085792067552,-1.0897429765079372,0.9354255278570623,1.9316210640605478,0.5966738060972294,-0.4743960160804074,-0.6663050194430812,0.3706130010376751,-0.3669792452908712,-1.2468461305435803,-0.7065234837109814,-0.5578295066424677,0.27707090063876444,-0.3327331274428345,-0.8605690490271924,1.773841824275062,0.21470894046081263,0.6105035759623196,0.010037833237246292,-0.16188136543036105,0.49154280193636585,-0.33176011470462935,-0.2629091223435061,-0.37088300717919503,-0.13287299786432108,-0.033451310466770925,-0.12273376270201686,2.9842223505746754,1.2250484943532747,0.39622384819933043,-0.987595530589139,0.05938596895030119,1.342703520447167,-0.6007070903136307,0.7603735100974989,0.33462370765325256,-1.60276850488594,1.2422035941129546,-0.6107947612552238,-0.09452421341226518,-0.47270144659952634,0.33712552233175785,0.5765108393439998,0.18667635079225803,-0.34129130118148604,0.7539467215901065,2.438067038815449,0.5144573891005835,0.0391719643383595,0,0,train
-0.1450533668043514,-0.4348918439063124,-0.692875686671064,-0.3062744623969459,-0.2793727019817698,-1.0358979076365975,-0.9706517993457094,0.11764100022925988,-0.4873905683237073,-0.575816118445006,-1.0318637092848508,-1.1066148579031196,0.20326026249476484,0.33554150567501606,0.23171224715527414,-0.14274294018685896,-0.18295637089196254,-0.16499452219613728,0.276029809343102,-0.5068644549458217,-0.4466443672939637,-0.378229687812084,-0.30406875924095406,-0.1086321412956133,0.15124787400460857,0.01633222422442283,-0.4061230408652969,-0.31711251481610914,-0.19242943676520882,-0.32838173436045853,-0.427757806661321,0.21352823003380292,0.00850571243121849,0.03967463901290669,-0.3376338728058606,0.44939742742526106,-0.4481217925179922,-0.49339469535528163,-0.11818265470489764,0.45974702581877924,-0.524864772870301,-0.09554168987543603,-0.5005597210537238,-0.3924461210878416,0.6603324149399549,0.01771410144301748,-0.4781674917571089,0.10147736520865744,-0.5346547220653004,0.30055120613991354,-0.5131519984491739,-0.20288544875061887,-0.3935296915067175,0.3255123994562028,-0.29572813637954676,-0.3017549898437079,0.19572667046758316,0.4045826330232945,-0.15205064829119702,0.636785755101758,0.2628730350819242,0.5375368192089788,0.2987519443116849,0.36665259872015316,0.005205475933555168,0.3207693926005886,-0.2529886893176918,-0.552300333014257,-0.2497074107232729,-0.4175688827688489,-0.2970646073637291,-0.58027169533332,-0.002027930626102276,0.28868309854236396,-0.06212402307416842,0.10514753981260674,0.2164150431728478,-0.2402641422775189,0,0,train
1.0922338634568918,0.4728143614482974,0.16058678929043313,0.4529331010730605,-0.6708473765903298,0.4305823186106654,1.5739818832860544,0.25699017522201445,-0.4729092878674319,0.053768260066719115,0.22758371538432398,0.25987941921118557,-0.33363306455762654,-0.4207085732208419,-0.018688320775017163,-0.09154256003169514,-0.5282892576333933,-0.4662328956205543,-0.13477714494356652,-0.5703683808746766,-0.4170199959938538,-0.15209205444290913,-0.38147200210413557,-0.34040712249619237,-0.0544735803759053,0.17833278358343757,-0.045248158346577874,-0.13300736137428837,-0.754965916303707,0.07644939992586496,-0.262261514199667,-0.1319511910673284,-0.1785450208579564,0.0003570507481309719,-0.02919159222922332,0.13678514762640182,-0.42499369100512024,-0.3669792452908712,0.2646679516368581,-0.7983290340238197,-0.4149823269630783,-0.3995151189791259,-0.44575920069098446,-0.5120395698314714,0.17087772951792976,-0.8961230684450878,-0.06599572949296312,-0.26999573342520033,-0.2645842289930484,-0.2626291404393688,-0.5208708020127716,-0.0934305145518245,-0.2893549436001141,-0.2917799356021027,-0.1012815240649026,0.015200625423548388,0.022279570748003238,-0.0998929979295987,-0.4156441562193352,0.1034983141390862,-0.6028719371871628,0.21191793267882927,-0.0885151400408816,0.07136191518714391,-0.622987431066798,0.6404243784802741,0.04018626821772904,-0.2495056456492522,0.7893453017069527,-0.5602649303306023,-0.4902616005159966,-0.3478082194651505,-0.5237397674886278,0.11311646255374999,0.20177945156850752,-0.698413620955039,0.09968179101781796,-0.42778047698027943,0,0,train
2.3119822283407205,1.575385935658851,2.637238276137192,2.169462610451414,-1.4125083812198282,1.0504347853749725,1.1353521046588895,1.6925769884286215,-0.7728786687474216,2.580368036298813,2.2159840434226274,2.083730964584156,-1.3861566166009285,-1.1823993001663102,-2.526271151048363,3.4199501789432905,2.2002200343126366,3.8515171234627563,-1.811677663261279,2.621762295815762,1.5204138870333295,2.66558285733701,2.889656348461622,3.8199537900542015,-1.0514313977583956,1.6412469256739344,2.726270939397184,1.2104626772552145,4.001024319794505,0.9107297780159236,1.4314345852483246,0.5744768789454326,-0.8039959102936349,-1.7361697642794631,2.793346258330571,-2.8222517766765933,2.38738345296011,3.347019494532496,-0.9882976691179789,-1.0125419847537758,1.854090181021069,4.081641561678496,2.301116882491326,2.5427188066486726,-1.750231910763519,4.20932650943277,1.8828598855603347,1.7130991162047788,1.9226063839160343,-1.4869342416986784,3.0953886675327236,2.2545543642287647,1.3230889805194863,-2.2414458255387313,3.615814181112713,1.2566101185536356,-1.632138918884913,1.6241940485138056,1.436539559489049,-3.292378034059997,-2.600744950115825,-1.6411495488472947,-1.7500158567793118,1.6462455606965265,1.085390840409772,0.8759596312337267,0.7633511634717671,2.2038194917512977,1.6428528869174952,3.1206444783646274,2.6890889172289274,1.1742740630050073,1.7962128687723897,-2.3792412718728477,0.8757483252713415,-0.8176517286818509,1.1304115706845708,3.646103814209106,0,0,train
0.661734440556717,0.028121596623195043,0.01404889247440248,0.08025639564709021,1.2146536929110547,-0.11367838391409196,0.08089773617106967,-0.16105734975624927,0.7269682356525266,0.050463355192641814,0.04629961637891245,0.0200457297584708,0.2298391400716159,-0.2520484836829167,0.14586062386488854,-0.40301153930894174,-0.6003917284914942,-0.3084413666839549,0.37031337262200953,-0.6719746623608444,-0.920634308095721,-0.3556159244751665,-0.35791449340664555,-0.37517336967627923,-0.16524667119618197,-0.7151248468208254,-0.4061230408652969,-0.5310725580052522,-0.46346974054284884,-0.16426100424438145,-0.5404361334437238,-0.6991562107856036,-0.020720964645215084,0.003633516436862282,-0.2881667146001735,0.37393929092208816,-0.73028463097503,-0.619810145419692,0.10556120614418041,0.048322152194578,-0.5221177117226203,-0.18379204026037826,-0.3841086152829027,-0.5803786833992598,-0.33081332303964595,-0.48024507496307584,-0.442326468951531,-0.7443383055268956,-0.7514718784754181,-0.14999307112351232,-0.5131519984491739,-0.24525510069853926,-0.5475271449338703,0.1360464352303863,-0.21433188006178874,-0.48077621698539896,0.2023977127644901,-0.6154560053869511,-0.5984023217161777,0.34868794216790083,0.621750224441332,-0.37419606307543996,0.3528860528770974,-0.563513054408826,-0.5808525409631158,0.38806517910157506,-0.5119599018073135,-0.4112255354919252,-0.4048906080342806,-0.5278340104302038,-0.8136565673143574,-0.5968762293239036,-0.6902435452107104,-0.007370444497259564,-0.46000926176620294,0.1207003364726257,-0.2828058862561096,-0.4057197317211311,0,0,train
-0.8577690780501964,0.34956617943684587,0.45849350259774807,0.4861830673564184,-0.27172671224332134,1.2124171373168646,0.7257706557421331,-0.474592993489947,0.8035121466356964,0.5561138009264683,0.8344083836340173,1.0853535131414598,-0.3974223707420691,-0.0017786734008341967,-0.02584262271588263,-1.0088827044783804,-0.2740331761864058,-0.026329239191246898,0.49153509683774776,-0.4814628845742797,0.033270447767815646,-0.7581409118722978,-0.34108770147986694,-0.6108112672302012,0.9187471461165256,-1.1422172305855007,-0.8247379045870109,-0.5410241879210262,-0.0799221408575092,-0.432324863433974,-0.670720448785877,0.23931027638463362,0.28323647694969406,0.28540956566775494,-0.7013629772594423,-0.15965753149320602,-0.21221515708669825,0.04278117905583829,-0.36678694453720656,-0.053684014819686786,-0.7611120315708295,-0.4632514831460286,-0.1888817614906437,-0.40269698812300986,0.6542142313721796,-0.638935361949633,-0.021194450985990754,-0.4471598266198094,-0.4471670975489371,0.24178456127946668,-0.19668105234167066,-0.7819373587055309,-0.04477075286287137,-0.1298170952155176,-1.2453511267533903,-0.13740763377920465,0.5226077430160222,0.022068143619452404,-0.09933194670556938,-0.1478210545904488,0.29247115379197847,0.3895282344225472,-0.009396058291432544,0.05167586961827662,-0.26675608746293916,-0.20077295278205617,0.48972120310537437,-0.46627911501283514,-0.7186305504239267,-0.5181047344600842,-0.25506526102627963,0.05070059630885443,0.21997710633667453,-0.028025342848861202,-0.32602749771684436,0.5509943773998166,0.1741923774997519,-0.8579650095336712,0,0,train
-0.5548250397130363,0.9524829617090821,1.6452894361517545,1.0375783415554376,-0.6433218135319154,0.97916255052054,1.0787078617235932,-0.25685990756376803,0.8614372684607978,1.5244509290311166,1.3649029049340637,1.429301052279074,-0.5037378810494734,-0.6600970874037033,-0.798507232329353,-0.9918159110933257,0.8834012244304775,1.3890129597552203,1.3670253272847461,0.48803038460623815,0.6020583767299245,-0.5591397945074239,0.5944819296490226,-1.0086916516245286,0.7446751462560908,-0.6316700132116361,-0.5889663146747811,-0.3320399596897703,1.2445955700558635,-0.4186481359243009,-0.5580421220034743,0.440410237921113,0.7508633101726313,0.09865102141007026,-0.7479203026295008,-0.6285759511914948,0.7036576628230312,0.8056330328927975,-0.3767311161304989,-0.5773156721595794,-0.7940767653429963,1.3654918887197185,-0.38753364780557387,-0.6350499742534905,0.9234143083542934,1.5827286558621676,0.9061920141083372,0.6329696447924847,0.25273389858196943,0.702123279352967,0.5906369111452888,-0.6971980548096902,0.20887211160538036,-0.3773452097686005,-0.98759631508049,0.43487333823111923,1.4098563685046426,1.042106782029698,0.7687693394044324,-1.287952824924437,0.19257750314554534,1.0822084112230472,-0.6631695232737221,0.8341961809807511,0.8057683879035173,-0.5877237251627281,0.8464174014401364,-0.6486440971758494,-0.7287511937268185,0.5618448982231858,0.9041166978873256,0.4160003441016923,0.6306864247178117,-0.6442298103383101,0.5387638884199245,0.7324436717667042,0.5641311134218728,-1.0565117168660059,0,0,train
0.11802961385686654,0.08474913970953768,0.18152077454986607,-0.022264333726596787,0.2313794125465858,-0.5650692046588311,-0.5494510185447895,0.497948123646986,-0.38602160512977973,0.2900689585632459,0.09018945087495946,-0.009701084437214756,0.12883940527958188,0.05262780709527069,-0.05088267950891176,-0.3774113492313598,-0.7256223357713537,-0.44232508820591804,0.06725906208266388,-0.502630859883898,-0.8732353140155453,-0.41441170915115194,-0.4891634704355185,-0.23997129730927477,0.4440053283153398,-0.16530476657204823,-0.521603003271287,-0.5659032627104615,-0.4276719645722171,-0.31196966134885085,-0.3502914569984191,-0.3227383340634755,-0.009030293814641654,-0.045513468894107366,-0.2968962131070595,0.3631595571359206,-0.6516490858312655,-0.7331481351326117,0.026007833397841545,0.12652688023884767,-0.4067411435200366,-0.5515018335309708,-0.2505323468987255,-0.4334495892285147,-0.19009510098081378,-0.5240217058559192,-0.5767303044724481,-0.6929035687929769,-0.8808014103691726,-0.16958195274366128,-0.5787618287397539,-0.31234038294941324,-0.398059028372222,0.029089842522264018,-0.42686654933593465,-0.21077698916514362,0.12234520520160705,-0.8926404179984309,-0.6440918630903884,0.5754883480945544,0.0001897315301926811,0.19415690250445747,0.30708026870636373,-0.6570217708609456,-0.6344787647314386,0.12449001530604487,-0.8784285987265896,-0.3836987457314702,-0.19235709867355263,-0.4499998026692474,-0.41466277710858757,-0.5470626273521529,-0.4793387600960724,0.04082431832314426,-0.5736907585353556,0.32807095860621166,-0.2505179654472715,-0.2145266061418459,0,0,train
2.1716713053214045,2.053389019946508,1.2507643293393642,1.9519524143477809,-0.4842852269721879,1.629251722980667,1.9211094233254329,2.4473850196393756,-0.683922231658873,1.20222270380858,1.8572323527592867,1.9108276070717338,-1.1682098204707498,-0.33909885247668453,-0.544529513428629,2.4727431460727596,1.0200164323721423,1.3364157834430206,-1.346994387100949,1.3178150167432752,1.8640565941146037,3.533951369474641,1.136304629691293,1.289743578614547,-1.4866113974094826,2.279430947391265,4.010985521163824,2.961949542431455,1.684396817695053,2.6586155537521443,3.2096394297831177,2.0956176136444435,-1.3768387809917328,-1.025176709824769,2.2317485210542407,-0.6609151525499974,2.3365016296317913,2.858794308076842,-1.5600875357322894,-0.72012430597955,2.658979097291475,1.340977902501679,3.2053254684765258,1.7431511779055477,-0.49600427936957947,1.3529013436747401,2.1068662780951968,1.044447538663835,2.401886413875242,-1.232278780636742,2.28877369513677,2.4981798629293066,2.007018847210665,-0.7685007488154476,3.005342258729528,2.137042383184903,-1.3252709732271946,3.143164629624715,1.1940335321951618,-0.6811084955531207,-0.8137585329962994,-0.5636470516020724,-0.9838100124688577,2.733899578376444,1.2079650661659387,0.146921944139707,1.5988997924477166,1.51909059645998,2.530095949804344,1.0774965246395218,1.3073104227268404,2.0875234324871017,0.9969947357063934,-0.3722736487088885,2.873294625643596,-1.2116559107356644,0.9143308698869623,1.3223719802454854,0,0,train
-0.7429692319434831,1.4254894980773558,2.031763010172055,1.1567240540708037,-0.542394748984396,1.5212634883527387,1.3880725731394412,-0.253956799751419,-0.6694409512025976,1.864856131061078,1.7980764888733103,1.9312785418312677,0.6551011813012328,-0.7308255120486397,-0.7913529303884875,-1.3374184771406814,1.5133491277170434,2.111028743677236,-0.969860133985319,1.6734370019448626,1.8818312168946694,-0.5817535578443415,0.91082561787246,-1.394983286958827,-0.9406583069381188,-0.9998531026639422,-0.694822946880272,-0.625613042205106,2.4514920170657324,-0.432324863433974,-0.7763563801443796,0.997302439099056,-0.8273772519547817,0.3345565509987246,-0.8992316100821908,-0.6124063505122435,1.58715114061474,1.3984779021603773,-0.02868511036526642,-0.655520400203849,-0.6347472187775236,2.3019261622488276,-0.27108254203475274,-0.6828873537509424,-1.1567681046893135,2.8631951094778363,1.4527676118934,1.8616883556583221,0.9145967970970658,-0.9139594543093215,1.2505946158328871,-1.283311573422589,0.8928019782965592,-0.42623965214945636,-1.5211939953857925,0.6901986949741868,-1.1518238735076147,1.9235532141342038,1.3416458966349194,-1.0918011225013853,0.33316856701830305,-1.0964779568332261,-0.8047510379832625,1.8184984594241154,1.4760961850075527,0.4890088588530547,1.5842410445709456,-0.848213322939148,-1.224662715568517,0.9380435690678084,1.576106239286517,1.1632043736779516,1.7795624910001815,-0.4927605557598981,1.0625107842492354,-0.713966417615058,0.8348529109728995,-1.1447546979025989,0,0,train
1.6997163824382497,0.2912731203773755,-0.3064021126507634,0.6649016361294674,0.16103630695286017,-0.6039449691248853,-0.6801685022416267,0.5574618338001416,-0.5142843748853615,-0.028854361785213327,-0.45175459246753397,-0.44102989027465533,-0.5409483096570649,0.12879687978981752,0.09578051027883029,-0.5992796632370697,-0.4675713874370978,-0.6574953549376445,-0.01355542072782828,-0.6338723068035315,-0.4466443672939637,-0.5365260311705063,-0.43195237788447133,-0.915981659144297,-0.18898376208624126,-0.7053066311020972,-0.5360379985720357,-0.72015352640496,-0.5657491004589393,-0.46788435495912406,-0.2340919325040663,-0.15773323741815906,-0.3363690770706977,0.049504036079100616,0.39564400177256015,-0.1866068659586249,-0.5776391609900752,-0.9162325800534818,-0.32701025816403717,-0.17269120966966237,-0.3270763702373002,-0.644654981159521,0.06114561266435467,-0.46761914601240884,-0.037140511786430914,-0.573270415610368,-0.42440595754874205,-0.7671981885197483,-0.6373575856279877,-0.5025929402861934,-0.7948883285204879,0.06898648458187037,-0.7151126089575367,0.13299053258158278,-0.6710553182892087,-0.7214277026512788,0.18905562817067625,-0.3826210987933081,-0.2680317917795778,0.24448235025565462,-0.07380556524494296,-0.16698404437443568,0.18215540278618098,-0.5093764290944409,-0.07140341516404887,0.20300176622386235,-0.2725336864867199,-0.4869242073331764,-1.2111685244979946,-0.7256626218226346,-0.5952599663596203,-1.1780349189943273,-0.9399992117938343,0.32655041218696695,-0.6711320414803437,0.47323039409972184,0.17170869128368743,-0.4167501043507053,0,0,train
0.23920722919173057,1.1739965861350694,0.9609091488241389,1.3797759112216632,0.07693041982992735,0.8063813751158551,-0.12244057180178813,0.5429462947383963,-0.4853218139728108,0.9394827663194348,0.809601085875382,0.8622524066738181,-0.10505471739670745,0.1832033602859224,-0.09023134018367182,0.010858200278632501,-0.04634116295029763,-0.011984554742465134,-0.4647696164197429,0.4795631944823908,0.015495824987749747,-0.23350160245581209,0.2882343165816522,-0.15498713753572912,-0.3076692165365377,-0.1211227958377715,-0.23290309725631175,-0.018563617342886272,-0.10037801284072732,-0.303763624843047,-0.16366797826506457,-0.565089569761284,-0.6753985311573272,0.09865102141007026,-0.250338887737001,0.0397675435508938,0.15783446711925306,0.6661401224768964,-0.33695442975732953,-0.04008319255111815,-0.008417277106354568,0.10057019986888001,-0.32930809492016333,0.10642940795701414,-0.5633042986151079,-0.015118371726615044,0.4312984619344301,0.10147736520865744,0.5494310599852885,-0.9139594543093215,0.5674805004544959,-0.3264636002653867,0.19528410100886687,0.1666054617184212,0.06603300281048888,-0.4572980232618985,-0.21787795194064585,-0.7096987056748543,-0.6476064431960968,0.19544442464989167,0.1370810305641936,-0.599169111950816,0.019753077089943425,-0.45523980378005596,-0.6651223211704802,-0.2961086503251203,0.11836625689384127,0.1565145033174587,-0.1451274299267242,0.26348043513951963,0.3707249994017174,0.2665595381864404,0.03127282491831425,0.26114323407356177,-0.44376904794203825,-0.12814441008767746,0.13693708425878492,-0.13731399773482686,0,0,train
1.237328113397321,-0.45820906753010054,-0.03426030427813509,0.15368340452283902,1.5571940331935448,-0.7896847326849215,-0.9677469663746686,0.6706830384817547,2.2330214031051643,0.219013503770584,-0.5738828275869691,-0.6827227556146005,2.010623937720637,-0.5077589420146097,-0.054459830479344495,-0.7187472169324519,-0.01598222785214987,-0.6574953549376445,-0.8890456511748268,-0.7143106129800809,-0.5414423554543152,-0.5093895151662055,-0.4891634704355185,-0.49492377662991166,-1.8189306698703125,-0.9900348869452141,-0.8054912441860126,-0.72015352640496,-0.4839256125260669,-0.6210637030674626,-0.7200172167531782,-0.10616914471649769,-0.4298944437152851,0.8194734729309585,-0.22415039221634311,-0.6231860842984109,-0.33710690525620685,-0.6154509919691951,1.1745596524231088,-1.1349493851708936,-0.5386000786087037,-0.4044179162227338,0.033745352482984985,-0.2557678939522647,-0.00043141037977902975,-0.6115749676416059,-0.08391624089575206,-0.41858497287874347,-0.27599565827779143,0.20750401844420602,-0.598058837648748,-0.5806815119529091,-0.755876640747077,0.2613384438313295,-0.6620112898094579,-0.6363192504035896,-1.1851790849921493,-0.04999980365953234,-0.5281107196020075,-0.8159627909689687,1.5577907286467978,-0.4689215573387562,-0.38000649385464125,-0.1845566772081308,-0.3050605330117412,2.7097698133856065,0.17700124840092543,-0.44219317397243707,-1.3393633396679576,-0.4597290786393669,-0.460862058079782,-0.690968588603877,-0.42938762677944764,0.4126124886519738,-0.26512669587622684,-1.8596891049031206,0.201512925876461,-0.24761772403056834,0,0,train
0.5182346329233254,0.4428350739319984,0.5663840420117486,0.6552037292968214,-0.3007814732494254,-0.24326426546760563,-0.8050763199963823,0.6518128377014858,-0.520490637938051,0.5941202069783573,0.1817856272145358,0.16320227307520754,-0.21137022770411168,0.07983104734332314,-0.2476259828827121,-0.2195435104196047,-0.4410073192262185,-0.5857719326937356,-0.060697202367282044,-0.316352677159257,-1.1635541527566216,-0.23350160245581209,-0.2704151753873969,-0.19361630106915895,-0.3472310346866366,-0.3813055123840679,-0.15110479055206877,-0.6703953768260895,-0.5862049724421575,-0.6019162845539203,-0.0791592331782625,-0.7300946664066005,-0.2194623687649634,-0.05206640027156999,-0.18050289968191333,-0.1434879308139547,-0.563762300082352,-0.3669792452908712,-0.42645197409696073,0.29653715859595564,-0.10731147842285493,-0.4093207134663417,-0.3224580298748209,-0.18742878038447622,-0.0738496131930828,-0.5787424944719733,-0.34376365623619176,-0.5671742123322866,-0.36348328279415476,-0.3458818873250018,-0.21211865946886593,-0.35471003489733366,-0.5701738292613928,-0.14509660845953506,-0.20076583734216238,-0.9767530593943463,-0.07778606370560057,-0.7096987056748543,-0.9885207134498223,-0.10491286968540625,-0.17369921589137607,-0.6110097987337305,-0.0885151400408816,-0.6767078164298129,-0.9524056627864953,-0.03814146873800566,-0.7220686213743652,-0.13251678916731854,-0.6950157160505125,-0.24244191530669698,-0.4272625810098224,-0.6356201419685985,-0.6957936711347799,-0.10375997013806722,-1.0974376543646662,0.22956991309275834,-0.17849106518140206,0.00975763732616177,0,0,train
0.7845064981986187,-0.5464814141058699,0.1348218843557464,0.0040585562477282525,-0.3053690670924945,-0.43764308779787614,0.5543855104507243,0.34118030178013703,-0.5308344096925335,0.02898147351113938,-0.3601584161279576,-0.4670583526958802,0.08631320115662018,0.15055947198825947,0.19951788842137955,-0.6846136301623428,-0.31198184505909055,-0.5666456867620266,0.12113538395632535,-0.47722928951235605,-0.926559182355743,-0.46868474115975395,-0.47233667850873995,-0.3983508677963371,0.26202096482488524,-0.5433060717430827,-0.5985896448752803,-0.41165299901596303,-0.4583557725470443,-0.21896791428307383,-0.5509997265795741,-0.3691460174949708,0.34753516651784794,-0.07500166009268916,-0.36964203399777584,-0.051860193631530445,-0.40649120979482267,-0.6764791402761519,0.0061194902112568315,-0.006081136879696554,-0.5138765282795786,-0.8407668709038371,-0.30533286726146486,-0.18742878038447622,0.07910497600130005,-0.781209412351374,-0.2944822498785222,-0.39572508988589067,-0.8199404541838764,0.46215947950614245,-0.6443716590303339,-0.5277194470180085,-0.6879365877645097,0.004642621331836078,-0.7976717170057213,-0.34871137729070883,0.2424239665459316,-0.9702520535296453,-0.7846750673187287,0.250612090956375,-0.1441010971813218,-0.07225855011111944,0.14884210520746557,-0.6570217708609456,-0.47743053798135027,0.10766606868079825,-0.6390023834059959,-0.3596128046910721,0.09102091380741797,-0.6705300579919572,-0.5448607507546809,-0.5581323166792086,-0.6735931674385022,0.12000142867095054,-0.7645132709692904,-0.5221485921414908,-0.23064847571875582,-0.3027695871784391,0,0,train
0.7589954212860158,0.07975259179015451,-0.8426341966039304,0.33101655803408137,-0.06987258314828264,-0.6017852044323267,-1.0592492049624547,1.3587195900084803,2.179233789981856,-0.5460719745783104,-0.682653286990216,-0.6306658307721508,1.2664153655688073,0.16144076808748045,-0.0759227363019409,-0.5694127748132242,0.04094077545687718,-0.5905534941766629,-0.505176857824989,-0.6931426376704626,-0.18594989985299712,-1.1923251679411135,-0.35791449340664555,-0.7885054194839785,-1.0830808522784745,-0.33712354164979114,-1.171177791804981,-0.9241619396783289,-0.4174440285806081,-1.1325733119292363,-0.31507947987891827,-0.1886716930391559,0.14879376239809963,0.10520395278753289,-0.07865875043491044,0.4817366287837637,-0.7349102512776045,-0.667760833375158,2.188865154938929,0.18773058044740654,-0.24741159695456377,-0.33087595756861526,0.44474925520353026,-0.8674029603839712,-0.9120407619783008,-0.2941943936684915,-0.41096557399665035,-0.29857058716626633,-0.4471670975489371,0.5894872100371106,-0.7099814893209139,-0.45004175178015454,-0.8056993462676265,0.04742525841508498,-0.23694195126116596,-0.6686017667734027,-0.6781798704272233,0.05533027313282998,-0.007952863957148145,0.4099853491751045,0.07048526346657154,-1.75955641667644,0.09887215883939249,-0.007382267088325231,0.495502378958221,-0.20638093499047172,0.26006748636929466,-1.199179892384949,-0.8367047222909978,-0.7321488058027144,-0.40206297320735274,-0.7020382779309327,-0.3960868712350311,0.11311646255374999,-0.6467717207440966,-2.0929810548034045,0.21889872938891225,-0.3101231689314885,0,0,train
-0.4192974436148331,0.14970426266151893,0.18796200078353775,0.002673140985921671,-0.9277526318021974,1.0828312557633508,0.3960721135289993,0.8448695072226978,-0.6301346185355645,0.25041010007431835,0.5767941376789588,0.6447288278678674,0.39994395656346265,-0.7253848639990291,-0.036574075627180826,-0.607813059929597,-0.5282892576333933,-0.38972791189371825,-0.08763536330411277,-0.46452850432658505,-0.055602666132513856,0.21877366428253764,-0.4218563027284042,-0.41380253320970906,-0.6874626707774864,-0.48930588529007774,0.18571176646540227,0.4690662485300444,-0.14128975680716355,0.04909594490651877,-0.3784610386940198,-0.31242551552314324,0.02019638326179192,-0.6188949644220866,-0.4336583563816062,-0.547727947795238,-0.6794028076467118,-0.5762186109147229,-0.3468986013506219,-0.26449675998250066,-0.4644294276213285,-0.4681542803896365,-0.8327878757528312,-0.04733359757050989,-0.11667689816751,-0.4474126017934433,-0.4557668525036227,-0.37858017764125107,-0.5118318634958143,-0.18917083436381024,-0.48227678419478337,-0.5171270340310284,-0.5928205135889153,0.18799678026004565,-0.7931497027658457,-0.45436324904646097,-0.45136443233238804,-0.022281362398384363,-0.2961484326252459,-0.6504597920495189,0.24807397572689707,-0.0781788935025767,-0.13015676201427584,-0.0467543582260598,-0.43146520332278787,0.7189361293980916,-0.0037899754125840872,-0.05681811732606737,-0.30031062723773194,-0.7159333458525151,-0.36846349613739315,-0.5027838700439302,-0.11858057503156011,-0.13818480072406994,-0.5006097963266146,-0.019274833467544845,0.15929026020336512,-0.4167501043507053,0,0,train
-0.93111342417393,0.22132144950601107,1.0655790751213037,0.7577244586705083,-0.45370126801839417,0.5601682001641791,0.775152816249827,0.3455349634986606,2.2371589118069575,0.7444933787488743,0.6359500015649352,0.5703617923786536,-1.699787372007771,-0.0507445058473286,-0.2905517945279049,-0.6590134400847608,0.05612024300595106,-0.2367179444400461,1.710486879229338,-0.41372536358350115,-0.27482301375332663,0.03334080491981426,-0.03147473002714093,-0.8773524956108671,1.0690820550869011,-0.9163982690547529,0.08947846446041055,-0.03846687717443446,-0.2282272127358405,0.008065762377499496,-0.44536379522107145,-0.3897716545756353,0.797625993494925,-0.022578209072988197,-0.788657962328302,-0.13270819702778713,-0.24459449920471898,0.03842202560534137,0.7171277591316604,-0.30869943235534875,-0.20345861859167474,-0.20340322923480986,-0.747162062686051,-0.2762696280226012,1.2354416703108344,-0.2887223148068861,0.014646571819587138,-0.12140649397165723,-0.2683880387546294,1.216331421881877,-0.07318019532410838,-0.29115555697545303,-0.3074722910621321,-0.10231397137628616,-0.6620112898094579,-0.043494858885202776,1.376501157020108,0.1495729734207331,-0.0641861456484843,0.13414701764268802,0.39236480443841154,1.6683224069773162,0.07388718565535594,-0.1648706316392635,-0.025438080505486446,-1.2102097502968525,0.22097749203123856,-0.13595763788737542,-0.9547788941580688,-0.14514915560550146,-0.3768633654048831,-0.2647855495122328,-0.5015392637923501,-0.05900769037626366,-0.08648434381041543,1.3960296625941795,0.15680657398730063,-0.7844291920031768,0,0,train
-0.15143113603250216,-0.4731987112882501,-0.2677547552487333,-0.4863784464318014,-0.3298362342555295,-0.24758379485272275,-0.17182273230948217,-0.554428458329546,-0.4853218139728108,-0.1560931994371893,-0.2800117618308283,-0.3220426334919131,0.2298391400716159,0.4225918744687839,-0.0008025659228534981,-0.35607785750004156,-0.5776225271678834,-0.6718400393864263,-0.30987519103296624,-0.5534340006269819,-0.7251134575149961,-0.21993334445366158,-0.4454138114258942,-0.2090679664825309,-0.19689612571626103,-0.027849746509853914,-0.218468101955563,-0.008611987427112177,-0.8470173402281885,-0.095877366696016,-0.4559273883569217,-0.5032126585192903,0.0903404082452325,0.1117568841649955,-0.3085355444495741,0.2823115537396639,-0.9430631648934521,-0.5108313091572693,0.1701983215005807,-0.053684014819686786,-0.1430232733427023,-0.595627008723442,-0.503984753576395,-0.26601876098743293,-0.10444053103195937,-0.9344276204763258,-0.6439322222329066,-0.36143526539661147,-0.6830033027669599,0.36421507140539766,-0.47455798063118576,-0.10049212320981123,-0.1897095325590152,0.2185558067480806,-0.2595520224605432,-0.3369722804289586,-0.06444397911178672,-0.5821938758735735,-0.4121295761136267,0.20157416535061204,0.0371873799177605,0.01062625736928227,0.16549875399682326,-0.4404752696034055,-0.6842745439448812,0.2422576416827711,-0.5119599018073135,-0.1153125455670342,-0.3779022258932358,-0.6056682181911602,-0.4692619273472719,-0.7573867245662111,-0.46268838232386417,0.3954000733589724,-0.3341476046289267,-0.17998706562107397,-0.285289572472174,-0.08583892546348085,0,0,train
-0.050981270689128014,0.5527591281584282,0.7531796027882273,0.8172973149281912,0.19773705769741268,0.8495766689670263,0.5645524258493672,-0.2525052458452445,-0.4542904987093636,0.6552609471487872,0.5729776303314764,0.6335737725444853,0.1873129359486542,0.19952530443475386,0.10293481221969576,-0.5182123946580603,-0.39167404969172837,-0.16499452219613728,-0.053962662133074366,-0.24014796604463115,-0.2451986424532168,-0.5681852998421909,-0.3915680772602027,-0.5451416892233705,-0.2048084893462808,-0.7887614647112867,-0.5456613287725349,-0.4564353336369465,-0.21799927674423147,-0.4760903914649279,-0.6601568556500267,0.08977440754981558,-0.3246784062401243,0.029845241946712762,-0.6227974906974687,-0.12731833013470337,-0.7441614918827533,-0.09671173136006284,0.07572869136430334,-0.03328278141683383,-0.7061708086172181,-0.23772280994006517,-0.3909586803282451,-0.6179651958615434,-0.5571861150473326,-0.2121132107444102,-0.12423739155202719,-0.21284602594306837,-0.2988185168472775,-0.2626291404393688,-0.011429766815327244,-0.45004175178015454,0.13187338489180395,0.2124440014504736,-0.399734463896682,-0.12566853691745442,-0.2579042057220874,-0.3770774105410785,-0.36292545463370757,0.09736857343836583,-0.05900650588991583,-0.5754877383849869,0.31957275529838197,-0.15502760885482986,-0.41231298054838683,-0.40826829449343094,-0.0428799697506402,-0.5626228791744275,-0.32392546161114616,-0.3624363189381714,-0.28866473809623916,-0.2039022582134265,-0.5015392637923501,0.19573605596015656,-0.3057272304366385,-0.31477797000790486,-0.06424149924243669,-0.3505678685732604,0,0,train
-0.6249805012226944,0.8642106151333127,-1.5882061331514268,-0.2328474535211971,2.026657803134279,0.035345379872448755,-1.092654784129424,1.1322771806452543,1.17175042109527,-2.45465453935795,-0.24375494202974599,-0.1974778490474798,-0.5250009831109542,0.33554150567501606,-2.272293432147639,-0.15980973357191358,1.0200164323721423,-0.37538322744493646,-0.43109691524870447,-1.9886227266191023,-0.07337728891257976,-0.6224583318507929,-0.7079117654836402,0.6909915438463845,0.404443510165241,-0.21439584516568908,-0.4253697012662952,-0.24247529044780342,-0.5504071964715258,-0.9711879273150938,0.3011301197123468,-0.9105689908624153,0.5813485831293166,1.5697841156504284,-0.2445192220657437,0.17451421587798827,-0.40649120979482267,-0.48467638845428784,1.0303691643203696,-1.5871767256008007,-0.6182648518914402,-0.5416962390437551,-1.1307657052252267,-2.3537786804833702,-2.490532122464332,-0.5787424944719733,-0.24072071567015535,-0.8814976034840123,-0.2341537509004003,-0.21365693638899644,-0.38965114143161167,-1.0396860747220467,-0.4524110707582759,-0.18482334289398045,-0.3228602218187994,-0.32229840935177084,-0.3312856709880635,-0.6875239526659358,1.4681707804404256,0.32416897936501937,-1.1319383091293826,-1.7832377902422691,1.6729254694336946,-0.5142979404866578,0.9245121691048036,1.9134363397906007,0.4066549651370051,-1.760038233754219,0.124756391483724,-0.4402705266991278,-2.434831335939907,-0.42529604475454036,-0.828996693312446,-3.143472510882108,-1.2720199529744365,-1.0561279441354747,0.5094900166684546,0.8260052119146487,0,0,train
0.5740401136696444,-0.7729915864512404,-0.7138096719304969,-0.3769306407490815,1.8813839981037586,-1.225957200581751,-0.733907912205882,-0.06380323804255596,-0.5887595315176349,-0.4617969002893393,-0.980340860093839,-1.0936006266925071,-0.33894884007299675,-1.1388741157694262,-0.9559018750283932,-0.5352791880431149,0.2268892529330322,-0.15543139923028276,0.46459693590091705,0.035035712980406676,0.11621868740812319,-0.6767313638593949,-0.26368445861668544,-0.6880695942970609,0.5231289646155374,-0.7347612782582817,-0.3676297200633002,-0.2723301801951257,-0.17197356478199072,-0.3229110433565893,-0.5615633197154243,0.17743336514263994,0.4176791915012885,-0.0913839885363457,-0.6751744817387845,-0.9196287634180188,-0.16133333375837994,-0.3015919435334176,-0.008796767178681705,-1.1723516464094572,-0.524864772870301,-0.11515287884986763,-0.3841086152829027,-0.2557678939522647,0.24429593233123356,-0.27777815708367526,-0.10183675229854101,0.5301001713246472,-0.30642613637043953,0.2613734428996156,-0.25071267728685415,-0.6407051855457963,-0.379941680910204,-0.48124589982791927,-0.5851370477315753,-0.23132040867320652,0.5025946161253014,-0.20522307472196102,0.002590876359977383,-1.6066993413618962,0.87703399831555,0.205997589287372,-0.9838100124688577,-0.10581249493266165,0.020527254153075977,-0.9466345865013224,0.30892997929186483,-0.1669252763678873,-0.7017628115857737,-0.23595573132661726,-0.46506199271352694,-0.03232207364406326,-0.01867830839831054,-0.4617782082324956,0.03531725987081962,0.5820999707198545,0.271056139926266,-0.497639503634249,0,0,train
0.23123501765654214,0.25296625299543785,0.9882843603172435,0.32547489698685506,-0.4001793398492551,0.2426827903580706,-0.20377589499093127,-0.07831877710430123,-0.46049676176205306,0.7924144994229951,0.41840908275844135,0.4476561838214506,0.0491027725490287,-0.10515098634343348,-0.2512031338531448,-0.20247671703455009,-0.38028944902992295,-0.11717890736686473,-0.08090082306990509,-0.3078854870354097,-0.7310383317750181,-0.31943390313609854,-0.24349230830455112,-0.07000297776218346,-0.22063321660632032,-0.10148636440031517,-0.43980469656704396,-0.18276551095315885,-0.26402498870647223,-0.16699634974631608,-0.5474785288676239,-0.6321228902734438,0.02019638326179192,0.08554515865514503,-0.4482075205597495,0.1421750145194856,-0.5915160218977984,-0.5980143781672075,0.0807007771609495,0.1571287303431271,-0.5440942009040649,-0.2720423906453205,-0.40123377789625875,-0.4300326335501252,-0.3246951394718707,-0.4747729961014704,-0.5632899209203563,-0.435729885123383,-0.7666871175217422,-0.45851795664085826,-0.4514015699403928,-0.20641625307961223,-0.6109378610509333,-0.1237052899179106,-0.21433188006178874,-0.507189184924337,-0.07778606370560057,-0.7928540294582982,-0.8057625479529797,-0.14169131388972844,-0.09600415427748366,-0.285390912203581,0.23212534915425406,-0.8341961809807511,-0.7225789894936832,0.2759055349332643,-0.5950261397756829,-0.43875232525238017,-0.3711551303579746,-0.15812152356566087,-0.25086532639253467,-0.6854337439403491,-0.5681407748811832,-0.18982204660307403,-0.3991084599255854,-0.20072412783443255,-0.19090949626172438,-0.18143548825312347,0,0,train
0.2376127868846929,0.8608795831870573,0.42145645175413593,0.4917247284036448,-0.195266814858837,1.1389851377698734,0.6894602436041227,0.39633935021476907,0.7869621118285245,0.4420945827708016,0.8363166373077584,1.0016905982160942,0.17136560940254356,-0.26292977978213766,-0.015111169804584431,0.08339207216511459,-0.41064838412807075,-0.2845335592693186,0.4848005566035401,-0.26131594135424946,0.1695425557483209,-0.1927968284493606,-0.14926227351459104,-0.3558587879095643,1.2510664185773557,-0.08675904082222291,0.036550148357665097,0.1356866463516122,-0.028782460899463926,-0.1396428947269699,-0.24465552563991655,0.24446668565479976,0.8502340122325054,-0.03568407182791344,-0.4831255145872933,-0.2512852686756303,0.028317098647170105,0.15176001531826103,0.14036580672070365,-0.17269120966966237,-0.31608812564657796,-0.48286267212046025,-0.45260926573632687,0.02442247167566799,0.3544232365511892,-0.03700668717303673,0.11320938453492634,-0.28142567492162673,-0.23795756066198132,0.21240123884924325,-0.23141566837786004,-0.4006104911742474,-0.017594731669844394,-0.08092265283466171,-0.3499923072580521,-0.022951439377139872,0.9028571539397167,-0.06663086841622112,-0.4015858357965012,-0.2765456093055765,-0.1256022729875379,0.07575003467531219,-0.27173827672381623,0.04183284683384298,-0.4429565369874285,-0.20077295278205617,0.5727874410737436,-0.201333763568456,-0.3475402959845604,-0.3527070429680519,0.005330686265907066,0.18907171289705058,0.292128743349577,0.016726936912942348,0.12057838244768417,0.45249333188636326,0.1741923774997519,-0.2990927963019144,0,0,train
-0.11794784758471077,0.3229179238668023,0.1509249499399256,0.34625612591395377,-0.1356280948989392,0.13469455573014255,0.18982897258510065,-0.19734619741061243,-0.38602160512977973,0.1991840745261202,0.10736373393863002,0.20782249436873587,-0.020002309150784058,-0.04530385779771811,0.29610096462306335,-0.2622104938822412,-0.6193660629278366,-0.5475194408303177,-0.1415116851777742,-0.49416366976005066,-0.6540149663947326,-0.10686452776907415,-0.8088725170443117,-0.7691908377172636,-0.17315903482620174,-0.4009419438215242,-0.3195130690608043,-0.36189484943709255,-0.5299513244883077,-0.25726275131015847,-0.7798775778563296,-0.4722742028982935,-0.10840099587451581,0.016739379191787522,-0.34927320414837526,0.13139528073331805,-0.7626639730930509,-0.6416059126721766,0.16025414990728834,0.007519685388872084,-0.5798059958239122,-0.3357787548122232,-0.4183589405096148,-0.29677136209293775,-0.11055871459973468,-0.3051385513917023,-0.29000212202782494,-0.39001011913767747,-0.8161366444222954,-0.17937639355373577,-0.5517460162671621,-0.42885692580619433,-0.5701738292613928,-0.09314626342987568,-0.13293562374403073,-0.44262415218471074,-0.07111502140869363,-0.6708928879092471,-0.6300335426675543,-0.03135598127676186,-0.16259992137510573,0.05798900450094039,0.06972302345801651,-0.784981067058583,-0.9792187746706568,0.2702975527248488,-0.5999123890679399,-0.36993535085124274,-0.41838479910480303,-0.6089113101812,-0.34746382296866846,-0.8625487731732402,-0.38498661938689227,0.2163909543117582,-0.39504840646954426,-0.18517133117441362,-0.3200611794970765,-0.6373575569421882,0,0,train
0.6107122867315111,0.02312504870381187,-0.6638901686195414,-0.14972253781280223,1.3675734876800234,-0.2108677950792272,-0.8878640596710459,-0.3236313872477963,0.7973058835830069,-0.3428203248225566,-0.5013691879848045,-0.37038120655990214,0.36804930347124143,-0.27925172393096914,-0.6160725328372836,-0.6718135351235518,-0.10326416625932468,-0.4471066496888453,-0.20212254728564333,-0.5280324302554399,-0.2807478880133486,0.00168153624812978,-0.43195237788447133,-0.5335529401633415,0.22245914667478645,-0.31748711021233483,-0.1462931254518192,-0.44648370372117235,-0.5862049724421575,-0.10134805769988524,-0.5369149357317737,-0.8435356703502556,-0.01487562922992837,-0.232272013151792,-0.39292069668280505,0.02359794287164246,-0.5915160218977984,-0.9336691938554695,0.016063661804549188,-1.0703454793951925,-0.4287176327014811,-0.2916535796197521,-0.5279599812350935,-0.19084573606286565,-0.3063405887685447,-0.46382883837825956,-0.3930450625938614,-0.24142087968413437,-0.5879080587274346,-0.14019863031343785,-0.6173558465577421,-0.35471003489733366,-0.6607605665714827,-0.2062146614356049,-0.30477216485929765,-0.4015373131685849,0.09566103601397935,-0.4546890460722928,-0.35589629442229054,-0.26428612790413575,0.4663601012135472,-0.2735502254206664,0.10720048323407133,-0.3272805075824186,0.08564481158603941,1.0610230441114392,-0.2725336864867199,-0.24262394820913846,-0.5769415441834413,-0.5375632864003234,-0.5658604239234056,-0.2758552388392885,-0.6291921600459468,-0.16572466519287213,-0.2813669097003915,-0.6932293554016994,-0.01705146113721187,-0.42778047698027943,0,0,train
-0.4272696551500215,0.23964212521041606,0.1509249499399256,0.29776659175072345,0.22985021459889612,0.06990161495338573,0.07218323725794719,-0.18718532006739075,-0.4211904290950199,0.20579388427427478,0.20659292497317105,0.14832886597736475,0.16604983388717337,0.09071234344254411,0.0635861515449357,-0.30487747734487775,-0.6345455304769104,-0.5762088097278811,-0.027024501196243642,-0.4687620993885087,-0.9384089308757869,-0.47320749382713745,-0.4487791698112499,-0.4601575294498249,0.10377369222448997,-0.42057837525898056,-0.26658475295805883,-0.25740273532146457,-0.6629144923792255,-0.17520238625211992,-0.5017029586122729,-0.5496203419507856,-0.28960639374840397,-0.06844872871522653,-0.3056257116139454,0.44939742742526106,-0.7626639730930509,-0.6634016799246611,0.12047746353411894,-0.08768607049110838,-0.5743118735285511,-0.443640294171597,-0.5656353389844768,-0.2455170269170964,-0.30022240520076937,-0.6772399139808709,-0.5229687702640813,-0.4814496511090886,-0.6601804441974738,-0.21855415679403367,-0.663668667939328,-0.4782881864121014,-0.15800417450048374,0.022978037224657032,-0.4042564781365574,-0.27240724768933233,0.1090031206077932,-0.7096987056748543,-0.7881896474244372,0.09736857343836583,-0.07010580040618618,-0.14922301420006387,0.09887215883939249,-0.47492584934892323,-0.7532225459327249,0.11327405088921379,-0.7464998678356503,-0.30455922517016215,-0.18561000313829143,-0.501889274509885,-0.6330593780633248,-0.5747368506697922,-0.5625906489571137,0.06836418279194645,-0.2529465355081033,-0.2784881111345273,-0.2455505930151426,-0.40939652259765585,0,0,train
-0.5388806166426594,0.56608325594345,0.5470603633107336,0.5083497115453237,-0.11269012568359389,0.45865925961392673,0.16949514178781486,-0.06525479194873049,-0.47084053351653543,0.5263696570597727,0.6378582552386763,0.7079408080336992,0.282996895225318,-0.02898191364888664,-0.07949988727237363,-0.6974137252011336,-0.39167404969172837,0.08364667491607995,-0.21559162775405868,-0.14700887468231066,-0.4051702474738099,-0.3917979458142345,-0.2603191002313297,-0.5528675219300565,-0.32349394379657725,-0.6562155525084564,-0.5119796730707877,-0.3768222943107537,-0.09526404484492279,-0.17246704075018532,-0.6002964945468753,-0.4310229287369644,-0.1843903562732431,0.003633516436862282,-0.6548056518893839,-0.22972580110329516,-0.21684077738927265,-0.031324429602609186,0.20997500787375015,0.010919890956014243,-0.5743118735285511,-0.394612321735518,-0.5450851438484495,-0.31385614048488486,-0.3736406080140732,-0.507605469271103,0.0012061882674954294,-0.6300388905626317,-0.39391376088680286,-0.6495095524373107,-0.3780729360862152,-0.5842123162819024,-0.3210603016586456,0.2124440014504736,-0.6077471189309526,-0.3105593124900206,-0.3379567132849704,-0.5988249406302624,-0.4472753771707118,-0.10491286968540625,0.04828667443403085,-0.2794705688121237,-0.3591856828679441,-0.5290624746633082,-0.5885134300728762,0.2590815883080177,-0.42889366383894434,-0.3252043174905034,-0.2699486973290565,-0.5991820342110805,-0.2802648688287493,-0.5525974720156808,-0.35168586384247574,0.054594250557545354,-0.46000926176620294,0.0481206187258706,-0.014567774921147405,-0.5270538306464467,0,0,train
1.111367171141344,-0.7413467829618137,-0.9183186048495725,-0.16357669043086803,0.10445598288834172,-1.5672000220060034,-1.211752935942098,0.11473789241691083,1.0207313534798268,-0.6584387402969385,-1.363899848515815,-1.504478497770414,0.8358375488238201,-0.2466078356333062,-0.015111169804584431,-1.1582171465976079,0.23447898670756914,-0.24149950592297334,-1.306587145695703,0.11124042409503253,0.5487345083897268,-0.6767313638593949,-0.2603191002313297,-1.0589095642179873,-1.0276943068683362,-1.2600358192102386,-0.7236929374817695,-0.4663869635527206,0.1553203869494991,-0.2134972232792046,-0.5122665517481231,0.7910460682924104,-0.6870892019879006,0.12158628123118943,-0.4802156817516647,0.1637344820918207,-0.21684077738927265,-0.2100497210729825,-0.02371302456862024,0.0007192742545877649,-0.5440942009040649,0.15940376679217483,-0.34300822501084816,-0.46761914601240884,-0.642840684996187,0.597754460773192,0.1938516858474766,0.6386846155406979,-0.5460661513500434,-0.25773192003433154,-0.3163225075774341,-1.1562026175788278,-0.42523504956524893,0.05659296636149545,-1.44431975330791,-0.16382060171814267,-1.0917844928354523,1.2583106238666522,0.10802827953123266,-0.10491286968540625,0.14818032508046397,-0.7471776967372477,0.10303632103673191,0.9080188518640034,0.4878414898484606,-0.16151707732314743,0.6753986762111409,-0.33896771237073087,-1.1875536901245805,-0.29108829515729473,-0.2634651302937695,-0.07106598628875818,0.10897458785528613,-0.11408741931386804,0.2789204672332897,-1.216840176289004,0.3704035885688446,-0.9388544088172149,0,0,train
1.7347941131930789,-0.11011622914640609,-0.16952605518524028,0.2755999475618181,1.4302706035353006,-0.9927026137854262,0.30166504197017247,0.1495751861650995,-0.4853218139728108,-0.056946053214870354,-0.4422133240988281,-0.5098193981021781,-0.8386317385177966,-0.9702140262315011,-0.14388860474016282,-0.6291465516609153,-0.42203298478987616,-0.4088541578254272,0.060524521848456206,-0.5237988351935163,-0.5473672297143372,-0.6088900738486425,-0.43195237788447133,-0.6417145980569451,0.5864278736556955,-1.215853848475962,-0.43980469656704396,-0.24745110540569046,-0.45324180455123975,-0.1259661672172968,-0.38902463182987007,-0.7971279869187603,-0.0265663000605018,0.13141567829738338,-0.1310357414762262,-0.2674548693548816,-0.8921813415651338,-0.7505847489345994,0.14533789251734983,0.25573469179024977,-0.4754176722120507,-0.42893190244077334,-0.2642324769894103,-0.28310353937938004,0.1525231788146038,-0.35438726114615116,-0.5319290259654758,-0.4528747973680226,-0.3786985218404788,-0.03735700180765585,-0.5941994358669492,-0.4712265777541147,-0.81928735686414,0.3010651782657749,-0.9107220730026073,-0.28414634455108256,0.12901624749851395,-0.521213305099048,-0.4261878965364608,-0.41139990472142457,1.4948947263879326,0.06390934789239766,0.07805134785269537,-0.4060246898578877,-0.5348872063045533,-0.6830594227057921,-0.316509930117033,-0.27359158668965033,0.07077962720163436,-0.6608007820218377,-0.4440623195448022,-0.6743640546132934,-0.5015392637923501,0.10967397949514972,-0.6183513465518085,-0.356252094434622,0.12700233939452707,-0.523377039769922,0,0,train
1.6742053055256467,-0.5498124460521254,0.47459656818192725,-0.33536818289488407,-0.30231067119711513,-0.044565913752218,1.081612694694634,0.34263185568631155,-0.4067091486387446,-0.027201909348174676,-0.10445242384664029,-0.24581642211546886,-0.41336969728817974,0.05262780709527069,0.16732352968748496,-0.25794379553597757,-0.4296227185644131,-0.5953350556595902,-0.24252978869088943,-0.7524129685373938,-0.7725124515951719,-0.46416198849237045,-0.4218563027284042,-0.07772881046886942,0.1195984194845295,-0.41566926739961646,-0.6370829656772771,-0.49624185330004283,-0.8112195642575568,0.13115630996455732,-0.6390296693783262,-0.7558767127574312,0.04357772492293878,-0.21588968470813547,-0.7450104697938722,0.07749661180248026,-0.7857920746059228,-0.5718594574642261,-0.10823848311160528,-0.4855101218467411,-0.651229585663607,-0.9535312075068189,0.08169580780038194,-0.3821952540526733,0.017923140323546912,-1.0767016708780666,-0.3796046790417697,-0.5843191245769261,-0.3672870925557358,-0.1989652751738847,-0.4398233645949964,-0.7889989673635177,-0.6018791873199243,0.1360464352303863,-0.612269133170828,-0.6715365409888403,0.2757791780304662,-0.781766652953839,-0.4859357583335054,0.13414701764268802,-0.4844794623469458,-0.007134772805089525,0.2237970247595752,-0.5241409632710914,-0.20929941913973615,-0.27367672149145816,-0.3800311709163742,-0.043054722445839876,0.7960923972422139,-0.8326846574939498,-0.6876585283020091,-0.27032039417576065,-0.48488888602014185,0.05115176749894508,-0.9390955695790607,-0.5273328576948305,0.030138576968012955,-0.34689107769673566,0,0,train
0.19615728690171308,0.60272460735226,1.273308621157215,0.9987867142248534,-0.5592159264089825,0.6141623174781432,0.050396989975141,0.31069766975047197,-0.5018718487799827,1.108032914897377,0.7924268028117114,0.8808441655461215,-0.23794910528096275,-0.22484524343486426,-0.5409523624581962,-0.13420954349433167,0.23447898670756914,0.3466325564770789,-0.6196640418065196,0.08583885372349058,-0.387395624693744,-0.09329626976692366,0.08967817184566491,-0.25156004636930374,-0.4738288527669528,-0.23894138446250948,-0.17516311605331672,-0.19271714086893293,0.318967362815244,-0.2846162063295047,-0.24465552563991655,-0.3897716545756353,0.00850571243121849,-0.05206640027156999,-0.2968962131070595,0.012818209085474902,-0.21221515708669825,0.007907951451863007,0.0011474044146106525,-0.3631027214296233,-0.29136457531745286,0.28197369788237236,-0.5176848836670799,-0.08492011003279354,-0.4776497286662535,0.37887130630897525,-0.2003995650138802,0.3243612243889721,-0.14286231662245596,-0.6152290096020498,-0.04230498106971781,-0.3264636002653867,-0.33917764912066356,-0.36206569652458304,-0.24598597974091685,-0.5159935075706497,-0.4313513054416673,-0.5711064993691144,-0.4824211782277969,-0.09878312898468589,-0.11820274331002434,-0.6702132326483031,-0.10100762663289987,-0.6028851455465606,-0.5233958726399127,0.17496185518178467,-0.0721974655041823,-0.14628018404754603,-0.40151706026665,0.1629445834482843,0.0809295096733161,-0.33120368547456697,0.014622447146105985,-0.28965405530248195,-0.5168500101507792,0.06367341538588954,0.10464916344994689,-0.1630515338704999,0,0,train
0.17224065229614782,0.48946952117957465,0.8868350471369146,0.9115055527310388,-0.27172671224332134,-0.16551273653549742,-0.1297026542293902,0.7185843173855141,-0.3839528507788833,0.8601650493415798,0.16270309047712406,0.13531463476675232,0.2298391400716159,-0.05618515389693909,-0.06161413242020996,-0.326210969076196,-0.2588537086373319,-0.5140485104498268,0.033586360911625486,-0.2951847018496387,-0.4762687385940735,-0.405366203816385,0.012274928982483403,-0.2554229627226467,0.20663441941474692,-0.18985030586886864,-0.27139641805830844,-0.5410241879210262,-0.6884843323582481,0.008065762377499496,-0.24113432792796646,-0.6527485273541084,-0.13762767295094938,-0.2584837386616425,-0.3958305295184337,0.24997235238116117,-0.37873748797937634,-0.27979617628093306,0.18014249309387306,-0.08428586492396622,-0.12104678416125776,-0.3750011327610864,-0.28478267212543756,0.24652459077098046,0.017923140323546912,-0.5896866521951842,-0.05255534594087141,-1.0643766674268345,-0.4890090049263282,-0.27242358124944327,-0.27000968619584825,-0.4076720998322341,-0.5928205135889153,-0.0900903607810722,-0.14650166646365706,-0.40740686159946,0.08898999371707243,-0.465776422576752,-0.517566979284882,0.2260931281534935,0.1370810305641936,-0.5222046478618716,-0.05936600465950563,-0.7800595556663661,-0.5310567617496731,0.24786562389118663,-0.306737431532519,0.11178346995671937,-0.19573064644118324,-0.24244191530669698,-0.08706787567648175,-1.056268336396715,-0.8900480784772096,-0.062450173434863934,-0.37880819264537957,0.24512270975277728,-0.04685569572998544,-0.2917392145488649,0,0,train
-0.15143113603250216,0.5494280962121727,-0.027819078044463413,0.2201833370895549,-0.2426719512372173,0.20812655527713364,-0.2749443027814315,0.48198103067906617,-0.34257776376095367,0.08351240393341479,0.1378957927184888,0.23385095678996073,-0.20073867667337125,0.05262780709527069,0.12082056707185941,-0.5054122996192694,-0.7142377351095484,-0.5475194408303177,-0.1078389840067358,-0.8286176796520197,-0.9858079249559627,-0.30586564513394804,-0.5699320716840557,-0.37517336967627923,0.1670726012646481,-0.18985030586886864,0.06542013895916261,0.02621871727809716,-0.6526865563876164,-0.42685417243010476,-0.24465552563991655,-0.822910033269591,-0.1493183437815228,0.08226869296641372,-0.4714861832447787,0.26075208616732876,-0.7256590106724558,-0.8028945903405622,0.18511457889051924,0.10272544126885254,-0.4067411435200366,-0.6544605756467369,-0.5656353389844768,-0.37194438701750504,-0.42258607655627567,-0.9015951473066932,-0.7111341399933652,-0.8643526912393726,-0.8960166494154966,-0.11081530788321442,-0.6250746501213398,-0.4747573820831081,-0.6562312297059782,-0.01674869720978837,-0.5534829480524471,-0.4983848622780243,-0.27791733261280815,-1.014601559547482,-0.7565584264730606,0.250612090956375,-0.01830909266359123,-0.2735502254206664,-0.06353016685684505,-0.9129403632562203,-0.699596322164402,0.30955342818375753,-0.64877488199051,-0.48348335861311953,-0.2530809584909035,-0.45324289465928724,-0.27186499956125937,-0.6743640546132934,-0.5292898934126972,0.2714706832493626,-0.947215676491143,-0.0037220368075258983,-0.33993066922559223,-0.2807088419192908,0,0,train
-0.09403121297914549,-0.12677138887768333,-0.20173218635359866,-0.34090984394211044,-0.03164263445604046,0.4370616126883411,-0.43616253267419736,-0.4920116403640413,-0.3549902898663326,-0.047031338592638465,0.03103358698898306,0.12601875533060058,-0.3283172890422563,0.019983918797607757,0.15659207677618675,-0.3688779525388325,-0.444802186113487,-0.6192428630742265,0.08072814255107925,-0.650806687051226,-0.6303154693546447,-0.5998445685138755,-0.5160863375183643,-0.012059232462038692,-0.21272085297630056,-0.5433060717430827,-0.34357139456205227,-0.44648370372117235,-0.4736976765344579,0.038154562898780296,-0.6777628442097772,-0.6424357088137761,0.3299991602719878,0.0003570507481309719,-0.24742905490137235,0.2930912875258314,-0.9014325821702825,-0.859563585197022,0.3293050669932584,-0.12508833172967215,-0.4891529779504536,-0.8603780598782687,-0.41150887546427234,-0.2010966030980339,-0.037140511786430914,-1.0000925668155909,-0.6304918386808149,-0.9215023987215046,-0.7552756882369991,0.20750401844420602,-0.6675280697211268,-0.2417242963695459,-0.5611151555303838,0.18799678026004565,-0.30929417909917306,-0.40447208738402246,-0.0244177253303452,-0.7762229647016093,-0.5948877416104692,-0.03135598127676186,-0.1884982752464032,0.18823655911300022,0.0030964283005857295,-0.6717863050375961,-0.5272263171947928,0.15252992634812254,-0.5803673918989117,-0.15660273020771667,-0.2564545062585341,-0.5797234822708414,-0.33486401906743357,-0.9289669091355743,-0.5015392637923501,0.13721384396395192,-0.6427116672880554,0.08441047759924815,-0.33993066922559223,-0.30644637805496383,0,0,train
0.5899845367400213,0.9158416103002721,0.758010522463481,0.9170472137782651,-0.05152220777600639,0.6206416115558189,0.47159777077606074,0.151026740071274,-0.5018718487799827,0.656913399585826,0.5863354060476647,0.7060816321464689,0.03315544600291806,-0.26292977978213766,0.017083188929310166,-0.08727586168543149,-0.09567443248478774,0.08364667491607995,0.05378998161424853,0.0011669524850174034,-0.20372452263306304,-0.3556159244751665,-0.15262763189994677,-0.04682547964212555,-0.3393186710566168,-0.2585778158999658,-0.30988973886030513,-0.26735436523723866,-0.04412436488687751,-0.1095540942056891,-0.3502914569984191,-0.3227383340634755,-0.47081179162229214,0.013462913503056211,0.12793938089472398,0.0667168780163127,-0.17521019466610313,0.05585863940732901,-0.09829431151831292,-0.1114875094611035,-0.30509988105585567,-0.17888924301677034,-0.6375610219605723,-0.26601876098743293,-0.4470588108273769,-0.157392422128356,0.1580106630418987,-0.06997175723773846,-0.04015945305976861,-0.27732080165448053,0.04646125991165507,0.15725659280670454,0.14093205862281294,0.06270477165910243,0.20169343000675222,-0.16675537593358022,-0.35129879787878426,-0.6376307583958695,-0.1063611069169864,0.1709254618470102,-0.27729263137656596,-0.14922301420006387,-0.06769432905418447,-0.5536700316243923,-0.18631675181045493,0.21982571284910896,-0.14549120488803752,-0.2976775277300484,-0.18223645537066083,-0.19055244346605937,0.16912813698195997,-0.026787228980535416,-0.20738258981667082,0.12688639478815109,-0.06212402307416842,-0.12296014453433783,-0.009600402489018476,-0.060101389327807835,0,0,train
0.020768633127567795,0.23964212521041606,0.18635169422511982,0.0594751667199915,1.2070077031726063,0.5731267883195306,-0.20377589499093127,-0.15960579585007473,0.7042119377926653,0.2355380281409705,0.42604209745340604,0.5313190987468163,-0.07316006430448617,0.9285721430825594,0.10293481221969576,-0.2963440806523504,-0.49034058876070863,-0.4949222645181178,0.1682771655957791,-0.5195652401315927,-0.5710667267544249,-0.46416198849237045,-0.54300920460121,-0.15498713753572912,0.25410860119486545,-0.3223962180716989,-0.8776662206897563,-0.4564353336369465,-0.4583557725470443,-0.26546878781596234,-0.5333937380198236,-0.5032126585192903,0.2598551352885472,-0.32401305243626866,-0.3085355444495741,0.9883841167336389,-0.5822647812926496,-0.9162325800534818,-0.06348971094178966,-0.12508833172967215,-0.4397058772922034,-0.3406815520558311,-0.3327331274428345,-0.48128696872596655,0.507377825745572,-0.3160827091149132,-0.5140085145626868,-0.5671742123322866,-0.6525728246743118,0.24178456127946668,-0.8219041409930796,-0.12873855784175817,-0.7513473038815726,0.23994712528970502,-0.15554569494340795,-0.27827679612020745,0.38918689707788384,-0.3992521635499969,-0.2539734713567438,0.8268077168240894,-0.107103448793754,0.15863484215571388,0.3945276748504916,-0.8243531581963175,-0.3242127557861422,0.690896218356014,-0.37025867233186016,-0.5488594842942001,-0.21597193304696688,-0.5862096662509211,-0.5154612083184663,-0.5692020060062644,-0.49043901194421125,0.30589551383536534,-0.5533904912551497,-0.15406573785437572,-0.05927412681030776,-0.2586480966601425,0,0,train
-0.18172553986621814,0.5444315482927896,0.7241940847367048,0.8616306033060019,-0.002587873449936396,0.7005529051804856,0.49483643454438736,-0.2118617364723577,-0.5349719183943265,0.6106447313487438,0.4871062150131236,0.6354329484317157,0.16073405837180316,0.2539317849308588,-0.05803698144977723,-0.5310124896968513,-0.4410073192262185,-0.423198842274209,-0.32334427150138156,-0.26131594135424946,-0.5414423554543152,-0.5093895151662055,-0.24012694991919542,-0.4060767005030231,0.15916023763462833,-0.7053066311020972,-0.18478644625381588,-0.2723301801951257,-0.34073450864354016,-0.4487369364455817,-0.508745354036173,-0.4207101101966321,-0.10255566045922909,0.10520395278753289,-0.37255186683340447,0.2715318199534963,-0.5591366797797777,0.1343234015162734,0.02103574760119537,-0.13188874286395647,-0.5743118735285511,-0.3406815520558311,-0.4800095259176966,-0.4163648108365675,-0.31245877233632,-0.35985934000775655,-0.007754067433899043,-0.22999093818770797,-0.24936898994672435,-0.26752636084440606,-0.20054045412346946,-0.5100654253730417,-0.017594731669844394,0.14215824052799325,-0.4494766205353119,-0.10219034319395395,0.11567416290470012,-0.43805798131560403,-0.23288599072249275,0.21996338745277313,0.003889496368949463,-0.22618747828900831,0.03640972587930112,-0.3371235303668522,-0.29739964390198076,-0.08300532640532994,-0.22855744285640675,-0.4593974175727214,-0.42513189464006423,-0.3040606631174541,-0.5574605546559157,-0.004647850326424033,-0.090829945411213,-0.010812927555859837,-0.23670632168393865,-0.5065957954814719,0.000334342375239382,-0.3101231689314885,0,0,train
-0.3331975590347982,0.033118144542578214,0.3602648025342551,0.02899603096024671,-0.06528498930521358,-0.012169443363839589,0.23485388363623344,-0.13492937944510777,-0.3839528507788833,0.2834591488150913,0.17033610517208875,0.13531463476675232,0.08631320115662018,-0.1976420031868118,-0.04015122659761356,-0.5438125847356422,-0.5776225271678834,-0.5379563178644631,-0.2627334093935125,-0.47722928951235605,-1.0509815418162043,-0.7129133851984628,-0.6473353145472373,-0.31722962437613444,0.6259896918057943,-0.013122422931761668,-0.7140696072812704,-0.4663869635527206,-0.4174440285806081,-0.16973169524825069,-0.5298725403078736,-0.5496203419507856,0.06111373116879892,-0.08483105715888309,-0.43074852354597754,-0.03569059295227911,-0.7117821497647325,-0.720070674781121,0.22986335106033484,0.0313211243588672,-0.4369588161445228,-0.7623221150061107,-0.43890913564564205,-0.3377748302336108,-0.24515875309079158,-1.262752352172651,-0.67081298933709,-0.5500293000876469,-0.7590794979985801,0.1634290347988709,-0.6675280697211268,-0.4818189907410948,-0.34823632285167255,0.007698523980639571,-0.5489609338125717,-0.3369722804289586,-0.15116752897157668,-0.7152423939270839,-0.3699546148451246,-0.2213779429990932,-0.02570862234110479,-0.2794705688121237,-0.27173827672381623,-0.6373357252920783,-0.7149181003839228,-0.026925504321174586,-0.6829786270363091,-0.3733761995712996,-0.44537318124584785,-0.5991820342110805,-0.5364608814871911,-0.8404093945191288,-0.6014415304255997,-0.08999003790366612,-0.244826428596021,-0.07111748900094134,-0.4194086281396551,-0.4755787583751007,0,0,train
-0.5691750204763755,-1.2193498672494707,-0.7540673358909449,-1.2081797978330302,1.555664835245855,-0.772406615144453,-0.26768222035382944,-0.7649037747248524,-0.5908282858685313,-0.6600911927339772,-1.188340510531627,-1.167967662181721,0.20326026249476484,-0.8287571769416284,-0.798507232329353,0.17299273743665128,0.18514571717307904,0.011923252672171137,0.39725153355884024,0.04773649816617765,-0.06745241465255779,0.2730466962911396,0.0863128134603092,0.18494950155845352,0.3094951466050038,0.1734236757240735,0.20495842686640062,0.031194532235984205,-0.2537970527148632,-0.005610965132173595,0.09690065241924181,-0.6527485273541084,0.6807192851891907,-0.7204654007727572,0.04355422866149303,-1.2861397121477158,0.17633694832955063,0.32612615333813744,0.24975169424691956,-0.24069532101250554,0.10421222994854863,0.0319310384583694,0.006345092301615302,0.08251071820828818,0.6786869656432808,0.1873485461527855,0.2296927086530545,0.147197131194363,0.3934748597604669,0.7657871446184511,0.28574417038318195,0.13254096250375097,-0.13535749017296128,-1.278836491165631,0.09768710248961698,-0.12273376270201686,0.3358185587026285,-0.3549026575321601,-0.331294233682331,-1.5270127122525312,-0.6620681746072713,0.5967402531235515,-1.2877938528746358,-0.41094620125010456,-0.24760386468853815,-1.0924421239201263,0.16234250052415442,0.41113730860166725,0.10788865264557099,0.07862419170724819,0.030530294068376745,0.03409606231827089,-0.2850843527536427,-0.4376808268222937,-0.21234600094769165,0.01183075985249305,0.3480504126242644,0.07961666398013137,0,0,train
-0.4320529820711346,0.342904115544335,-0.29512996674183795,-0.08737885103150608,1.4685005522275427,0.4500202008436925,0.15787580990365158,0.6213302056718207,-0.4025716399369516,-0.17757508111869172,0.048207870052653624,0.1780756801730503,0.26173379316383716,0.613014556205151,-0.3549405119956941,-0.3475444608075143,-0.31198184505909055,-0.5618641252790993,-0.09436990353832045,-0.515331645069669,-0.9680333021758968,-0.3556159244751665,-0.3074341176263098,-0.10476922494227031,-0.5371277618071109,-0.4647603459932573,-0.17516311605331672,0.06602523694119354,-0.5504071964715258,-0.016552347139912067,-0.26578271191161706,-0.46196138435796125,0.1371030915675262,0.5835679433423041,-0.3085355444495741,0.5949238335385231,-0.42499369100512024,-0.5326270764097538,-0.21762437063782122,0.04492194662743584,-0.4506941218829256,-0.394612321735518,-0.9149886562969404,-0.40611394380139926,-0.02490414465088029,-0.4747729961014704,-0.4692072360557144,-0.6471838028072713,-0.6525728246743118,0.09976516953338681,-0.39736994499520933,-0.5665582946369356,-0.3210603016586456,-0.06869904223944774,-0.36355834997767844,-0.44555892640014827,-0.12448335978394899,-0.5267569933512776,-0.4051004159022097,0.7471210877147246,-0.5399759349282975,0.09943140824114124,0.5319450273626926,-0.6225711911154278,-0.39316075777398585,-0.43070022332709307,-0.4533249103002294,-0.5178918458136882,-0.32729900937877676,-0.4662152626194466,-0.3894631693061179,-0.2869249281663442,-0.6624929155903633,0.02705438608874317,-0.5655706516232732,0.03256782206585165,-0.1685563203171442,-0.2586480966601425,0,0,train
-0.08924788605803244,-0.058485233979446626,-0.18723942732783738,0.0373085225310862,-0.06528498930521358,-0.15471391307270463,-0.6453105065891368,0.15828450960214663,-0.43153420084950234,-0.043726433718561164,-0.42503904103515755,-0.47077670447034087,0.16073405837180316,-0.012659969500055174,0.2531751529778705,-0.29207738230608676,-0.6990582675604744,-0.44232508820591804,0.05378998161424853,-0.6254051166796841,-0.9798830506959407,-0.6495948478550939,-0.6338738810058143,-0.42152836591639503,0.41235587379526073,-0.3223962180716989,-0.3964997106647977,-0.2076445857425941,-0.5708630684547439,-0.38308864439915086,-0.5122665517481231,-0.5599331604911179,0.15463909781338636,-0.0061958806293316475,-0.19505206386005658,0.17990408277107206,-0.9106838227754314,-0.41492993324633726,-0.16293142687471326,0.2149322249845438,-0.403994082372356,-0.546599036287363,-0.7163367699820101,-0.4266156778717358,0.06686860886574943,-0.7046003082888981,-0.5140085145626868,-0.5157394755983677,-0.7552756882369991,-0.08632920585802822,-0.34333832005002585,-0.20641625307961223,-0.3120016279276366,0.06270477165910243,-0.32738223605867484,-0.44849370061558586,0.4292131508593254,-0.4047958518022265,-0.531625299707716,0.4651530154815878,-0.11820274331002434,0.15271449876425663,0.14051378081278673,-0.22392876834586536,-0.6153265419570375,-0.054965415363252265,-0.6243436355292249,-0.4284297790922096,-0.29356353170247074,-0.5926958502310008,-0.4398623849110572,-0.7463170352391554,-0.5459402711849055,0.10967397949514972,-0.49248968941453225,0.3488080208195703,-0.44424549030029975,-0.2365873514009942,0,0,train
0.23282945996357984,0.6493590545998362,1.216947891612588,0.6745995429621134,-0.0989273441543867,0.3463514956008815,1.0206112023027767,0.011677565078519431,-0.39636537688426215,1.0700265088454881,0.6779315823872409,0.7897445470718345,-0.046581186727635115,-0.04530385779771811,-0.2261630770601157,-0.17260982861070454,0.1509919151876628,0.22709351940389758,-0.2492643289250971,0.20861311051927667,-0.565141852494403,-0.05711424842785569,-0.1223394064317453,0.018844098364705183,-0.07029830763594483,-0.4303965909777087,-0.42055803616604565,-0.4912660383421558,0.12463657897467192,-0.2791455153256354,-0.5756481105632246,-0.18351528376898976,-0.3012970645789774,-0.1274251111123901,-0.2648880519151443,-0.11114872945545201,-0.28622508192788854,0.07329525320931665,-0.043601367755204956,-0.10808730389396135,-0.3243293090896196,0.26726530615154864,-0.4800095259176966,-0.307022229128106,-0.41646789298850034,0.24754141363044516,-0.06151560164226588,-0.09283164023059125,-0.24936898994672435,-0.3850596505652997,-0.19668105234167066,-0.1675774054606852,-0.36635367031369054,-0.15120841375714203,-0.2188538943016642,0.09443952924036246,-0.45803547462929495,0.09967977915066674,0.1607469811168603,-0.04974520337892296,-0.0664060355674294,-0.397877436641269,-0.1551417351983124,-0.16979214303148032,0.4303848215252576,-0.2848926859082892,-0.13571870630352348,-0.32176346877044654,-0.027053258059653116,-0.13866297162542177,-0.12486728738018628,-0.30906430682045555,-0.1685317083481849,0.054594250557545354,0.08403790134331364,-0.7398877453817562,0.10216547723388243,-0.15569795211745044,0,0,train
0.25355720995506975,0.07808707581702677,0.3200071385738071,0.10657928562141525,-0.10198574004976607,0.05694302679803436,-0.09774949154794112,0.05957884398227882,-0.5018718487799827,0.32642291217809616,-0.04720481363440507,-0.007841908549984409,0.24047069110235633,0.06350910319449167,-0.08665418921323909,-0.49261220458047844,-0.7787504721931123,-0.4040725963425,0.3097025105141404,-0.26554953641617307,-0.9443338051358089,-0.36013867714255,-0.3444530598652227,-0.11249505764895629,0.06421187407439115,-0.621851797492908,-0.6322713005770274,-0.44648370372117235,-0.7907636922743387,-0.12323082171536218,-0.6249448785305258,-0.40008447311596756,-0.09086498962865566,0.10520395278753289,-0.42492885787472023,0.13678514762640182,-0.7534127324879021,-0.672119986825655,0.3143888096033199,0.17752996374598004,-0.5907942404146345,-0.6299465894286973,-0.4594593307816693,-0.3377748302336108,-0.45929517796292757,-0.8906509895834823,-0.7424950349482459,-0.05282684499309887,-0.9378585567928878,-0.10591808747817717,-0.6057776412123457,-0.464164969096128,-0.2848256067346096,0.04436935576628148,-0.14650166646365706,-0.29295066719739526,-0.004404598439624443,-0.6043686288824919,-0.4859357583335054,0.15253623974484912,0.04828667443403085,-0.2084264481146365,-0.01772438268611139,-0.6914723506064634,-0.7149181003839228,-0.13347716628106976,-0.8442248536807906,-0.6383215510156788,-0.29356353170247074,-0.5505356543604827,-0.6414592473308147,-0.3256688408110391,-0.3350354860702675,0.20606350513595736,-0.5452703843430674,-0.371804891094641,-0.5113050181340403,-0.12996041598177743,0,0,train
-0.374653059017778,-0.23003337921160225,-0.8426341966039304,-0.22176413142674445,-0.28396029582483884,-0.8695960263095883,-1.0679637038755772,0.15828450960214663,0.6586993420729427,-0.5311999026449625,-0.9555335623352039,-0.9894867770076078,-0.14758092151966914,0.05262780709527069,0.3104095685047943,-0.11714275010927705,-0.12223850069566702,-0.5427378793473904,-0.35701697267242,-0.5576675956889056,-0.3103722593134584,-0.42345721448591894,-0.4656059617380285,-0.012059232462038692,-0.014911762225806476,0.10960527355234041,-0.6418946307775266,-0.4614111485948335,-0.3663043486225628,-0.2928222428353085,-0.4876181677644725,0.02789749630782192,-0.020720964645215084,0.23953904602551662,-0.25324872057262965,0.2715318199534963,-0.48050113463601296,-0.3015919435334176,-0.18779185585794417,0.282936336327387,-0.4451999995875645,0.007417052240329893,-0.3978087453735875,-0.525707392545029,-0.09220416389640874,0.08337904778228253,-0.22728033211806364,-0.31000052866269273,-0.42814804874103196,0.08017628791323786,-0.3471977218318247,-0.4041412955032408,-0.41164703896873545,0.15438185112320724,-0.2640740367004186,-0.27827679612020745,-0.6648377858334095,0.4267573860322129,-0.137992327868363,0.5509693852916729,0.029787850240246938,-0.6879742628226749,0.14884210520746557,-0.08120493797157755,0.21204948189708608,-0.021317522112759054,0.16722874981641142,-0.363053653411129,0.21246863344211966,-0.22946954734653757,-0.6078597702608551,-0.1817628795593151,-0.32393523422212867,0.0614792166747459,-0.42752883411787357,-0.36662062554130137,0.10961653588207582,0.013434428202686486,0,0,train
1.977149343862807,1.497106684921848,0.3908606271441955,1.3686925891272106,-0.47663923723373947,1.3636006657959638,0.9668717923385215,1.792734207954664,-0.584622022815842,0.49497306075603836,1.1950683279710992,1.343778961466478,-1.0087365550096434,-0.27381107588135867,0.08147190639709936,1.6322035718588204,0.16996624962400517,-0.19846545257662807,-0.5994604211038965,-0.2909511067877151,1.0227244491914842,1.6434407545083392,0.17717748986491355,-0.12408380670898524,-1.0830808522784745,1.7148835435643957,1.864982886452508,1.7080441730439193,-0.04923833288268204,0.8259340674559504,1.5089009349112263,0.40431537302995,-0.7923052394630614,-0.5730244447798483,1.338429840516244,-0.34830287275113825,0.7499138658487752,1.0802597002741028,-0.9485209827448094,-0.3189000490567752,1.0601895093413856,-0.18379204026037826,1.989438922928246,0.10642940795701414,-0.3981133422851744,-0.48024507496307584,1.0898772559869239,0.04432765772652547,0.8385206018654455,-0.6593039932473851,0.7295753752900463,1.5660475200750579,0.9652713681446311,-0.4445750680422773,1.9607569693183005,0.44661243509286946,-0.5047327707076434,0.49328164505896804,-0.17313812892544808,-0.6320705699473578,-0.8322573571900833,-0.22026713489755104,-0.6631695232737221,0.5093764290944409,-0.17482541814581432,0.4329290367688993,1.3350423306658379,-0.039613873725783004,0.9074194735740239,-0.17109389152582027,-0.036668660071542396,1.0082287230991718,0.014622447146105985,-0.024582859790260928,0.7092861335736537,-0.5739912476748873,0.5318431926130348,0.2413954625472189,0,0,train
-1.2053575009844117,-2.3752179526001114,-2.161475267948206,-1.9382936408050984,0.006587314236201729,-2.1222595479935538,-0.27058705332487026,-1.0639238793968049,-0.9156227189592788,-2.0696331215279447,-2.96492468078466,-2.6553083719659987,1.1175736511384413,0.389947986171121,0.05643184960407023,2.101540389947822,2.0636048263709714,3.789356824184702,2.2694537186685757,3.426145357581257,3.084580691679129,1.923851419886116,2.0853356943616053,1.7108014611289324,1.3222776912475336,1.449791719158735,1.898664542154255,1.2204143071709885,3.7708957599833006,-0.049376493163127484,1.1955143385476688,-0.0700742798253347,1.9140850578146877,0.1477980067410399,1.2191266942554693,0.4601771612114286,3.733438961009258,3.4690757911464094,1.0204249927270772,-0.21009347090822614,0.8761364124467876,4.331684221102499,0.571475458542365,1.2271908704687449,1.9267964134694449,4.4336817427585915,3.079054021696497,3.170416656999144,2.4361207017294713,1.3044813891725473,3.365546792258641,1.5837015417200249,2.355777785854511,0.10243150609354786,2.1009394107544392,-0.00827756829995208,1.95688183685101,0.5099127098156568,0.04476583762847949,0.6245262737003173,0.2702725647594378,1.6683224069773162,0.040573888076640544,0.3420450417590691,-0.09438608249333008,0.26468957051643327,2.053320976627619,1.35392985789725,-0.1316332388562018,2.4947277242869363,2.8570863025787254,2.8513319960539443,2.867387172117788,0.2439308187805604,0.2667403068651662,0.1207003364726257,1.2247916468950204,1.484150778812573,1,0,train
-2.9528662694977137,-0.5697986377296581,-2.0745187137936387,-1.787283377268181,-2.753614981343684,-1.5974367277018233,-2.577024432331286,-1.1989183926710358,-1.1824920302249247,-2.228268555483655,-0.26474573244089894,-0.5172561016510996,2.6006750199267303,3.5564051510444252,4.366898768975514,-0.03607548153026767,1.0162215654848739,-0.14586827626442825,-0.02028996096203596,0.1747443500238874,-0.07930216317260172,-0.2018423337841276,1.5165901272364892,4.515278733655939,1.4330507820678102,2.9077967533898676,-0.02118983284532994,1.0014784490239586,-0.033896428895268456,1.7149213555847012,-0.047468453770711724,2.4720354903665718,0.38845251442485496,2.3954534692107186,3.0901492075646937,0.49251636256993125,0.5926427755612459,0.0907318670113043,1.2988617973392633,5.539654143129166,0.9091011462189544,-0.4877654693640681,2.260016492219272,1.5859712166996343,2.5202602195436503,-0.03153460831143131,-3.659058265752147,1.8388284726654693,-2.6647881885506677,1.8627645153467924,-0.7794507213932926,0.6445075902077892,1.4317930652915942,3.683949410491241,0.545366512237286,2.9763878088000446,0.6560285889541606,0.49882533331119766,3.79130823031375,1.4275223054946853,6.030806418703747,2.3017991498632435,1.2190317899236975,-0.5487485202321756,3.452605575325737,2.990168923806383,-3.7564294318659712,0.7311362395669564,5.279537380423285,2.1282583294124335,0.3707249994017174,-0.06553114162523034,2.184721683457249,4.323273243221884,0.5915445833484597,2.5935950054156383,-5.140896124878203,4.359401244254901,1,0,train
-1.6438291354197747,-1.735659818919065,-1.5495587757493967,-1.569773181164548,-1.0057417271343714,-1.3771407290608502,-1.1609183589488834,-1.3658470918811065,-0.6508221620445293,-1.3425540492309391,-1.7092937634629675,-1.7424530113358985,1.1228894266538116,1.3311800987537357,1.523063747481491,1.525536113202229,1.1756059747501497,0.987361795189331,1.0707055569796082,1.478691629096374,0.7561051074904956,1.1278469504266206,0.9276524097992386,1.6992127120689036,0.6497267826958536,1.1257906004407057,1.6147763012395293,0.8472281853294601,0.8712759063621329,0.6864314468572849,1.2729806882105705,0.6724486550785893,0.9437593788770928,1.1700553016252087,1.3733478345437877,1.9046614885578814,1.2818602006448303,1.3200131400514328,0.8314857324545225,0.8473704604729855,1.0354659590122606,1.3802002804505422,1.2256566703725662,0.994837884338264,1.0457779797097997,1.5280078672461135,1.2198009636571439,0.9015732699585051,1.3482311099173012,1.1281814545912068,1.3586578657232542,1.5095546508111641,0.9652713681446311,1.2147800702580192,1.684914100685898,0.9748717938716299,0.5226077430160222,1.4523397126946882,0.8355463614128941,2.2243885965883328,1.1619158908998222,0.9934032603511882,1.5646572523028697,1.0753502391993754,1.0126123938670484,0.5787365741877033,1.1249336110987862,1.3401664630170227,1.1030852440965988,1.2882975039921123,1.0679141486033785,0.930740897809782,0.6528869284140894,1.1389764140166314,1.1802523344744291,0.5406258462931373,0.6162885239592266,1.186330717814071,1,0,train
-1.017213308753965,-0.854601869134499,-1.5221835642562922,-0.7662323293167308,-0.4093545275353932,-0.8220812030732999,-1.2306343502538633,-0.9637666598707626,-0.7087472838696307,-1.1624367335937265,-1.2952027162611328,-1.1716860139561818,0.9049426305236329,0.389947986171121,0.5894273441985475,0.6465962538719167,0.7050424807288594,0.3179431875795154,0.6598986026929398,0.5134319549777802,-0.15632552855288728,0.5579801143362999,0.11660103892851065,0.9575327722270505,0.10377369222448997,0.43851550012973395,0.4792233375806271,0.37950157928807754,0.49284227467259795,0.5797529722818348,-0.07211683775436233,0.20321541149347064,0.38845251442485496,0.2690272372240984,0.049373894332750336,0.7135009051863662,-0.1335796119429336,0.3566402274916158,0.3591375817731355,0.46654743695306355,0.03828276240421505,0.9683653119874784,0.10224600293640919,0.4891284439366295,0.9172961247865181,0.882302561576674,0.2431330922051462,0.5129552590800076,-0.06298231162925469,0.46215947950614245,0.15838391158382087,0.10429452787180404,0.10016802683327249,0.43246899216432505,0.4277941420005245,0.2411782400122404,0.8361467309706474,0.6263301631124784,0.6352152953875091,0.6000073108974359,0.3664664505671141,0.9874829169597309,0.594407460322784,0.5782775885854765,0.9628166146536057,0.6236004318550276,0.13791125406286933,0.8033940626881507,0.6274150088606838,0.3834748387709941,0.19432774478442966,-0.14301896691462018,0.17557609894411919,0.46769221758957813,0.36418158981015425,0.7168908751066853,0.26857245371020155,0.6201049228292647,1,0,train
-1.1670908856155073,-1.700683983483383,-2.467433514047611,-2.468907686077019,-2.170990563273913,-1.819892491035355,-2.2589452220023154,-2.708534455092544,-1.0252666995567923,-2.505880564906148,-1.4020649219906385,-0.6120740718998473,1.537519916852688,3.175559787571691,4.155846861719983,0.911131551340263,2.685962995883001,1.7954456858040369,0.760916706206055,2.6175287007538386,1.0523488204915938,2.339944665285398,3.434844406889248,2.043012267516429,1.3934889639177115,1.1159723847219776,0.8112282294978486,3.265474254862565,0.32919529880685305,3.7254002995066458,2.639205400447204,2.4720354903665718,1.3880048704388832,4.2925271029861465,1.623593458407852,2.9664652664953857,0.9673180200697716,0.23458393087770232,2.3628881578215455,3.8055493038866643,4.024268487688716,1.8165492351316455,1.9517635651788627,4.428878341119633,2.4713147510014477,0.5539778298803487,-2.888476275432222,2.8618082365956314,1.264547295162519,2.1076255355986544,1.7368792403395386,0.8951946975663182,2.5233632498781775,4.010930993913215,0.10673113096936789,3.613233813549995,0.9695675769087858,0.4212136977799833,3.7034437276710377,1.1455542332615485,2.1793512215579374,2.289958463080329,3.109561427515796,1.9858298467594873,3.9467329229052828,2.1433636103356375,-3.639159448851803,4.433489462348151,1.7339386766435216,3.8860141880140326,2.516891597245385,1.3403194029108425,2.7452844017882607,3.948042589834454,2.451049066215315,1.8937191557147857,-3.871732468469261,1.91065852048944,1,0,train
-1.208546385598487,-1.71733914321466,-2.4915881124238797,-2.4398139655790807,-2.268859231926053,-1.7702179031065082,-2.2516831395747134,-2.672245607438181,-1.1742170128213387,-2.524057541713573,-1.3123769993248033,-0.6827227556146005,1.4205728555145434,3.2354069161174066,4.352590165093783,0.7873972992986171,2.648014327010316,1.6615619642820738,0.9292802120612469,2.5624919649488307,0.36506340632904577,2.0595339999076208,3.455036557201383,2.015971853043028,1.7653700545286404,1.1797907868937105,0.864156545600594,3.1161998061259535,0.5593238586180568,3.6597520074602152,2.635684202735254,2.441097034745575,1.6685809703726457,4.446520990356518,1.6381426225859954,2.7562604576651184,0.9349386779517508,0.3522810740411189,2.626408705043793,3.9381573210052085,3.9198801640768544,1.4929646170535238,1.9757387928375612,4.360539227551845,2.550851137382527,0.5594499087419541,-2.771992951314094,2.9418178270706163,1.275958724447262,2.3377948946354046,1.466721115613621,1.1776590438857877,2.4508938600301056,4.130111197216551,0.12481918792886966,3.554538329241244,0.7560942234077644,0.5708932805901824,3.6401812857682843,1.746268821932144,2.157152632525397,2.733984217439624,3.1428747250945115,1.7692833455019472,3.816497808039356,2.4461946495900766,-3.4290507292847514,4.371554185387127,1.663094173523279,3.801693796272996,2.605090224554029,1.3679936262284818,2.8118859128770937,4.068529496885464,2.5687906164405083,2.4173299766020904,-3.839444547660423,1.899628147859866,1,0,train
-1.1766575394577334,-0.9195569920864802,-0.2806372077160767,-1.6903043089417205,2.794315172874502,0.5234522003906835,1.745367028577463,-1.4645527575009742,-0.7666724056947322,-0.4766689722226871,0.1092719876123712,0.07582100637538121,0.7773640181547478,1.5433653726885446,-0.7269642129206983,-0.6590134400847608,0.6139656754344162,-0.7770343920108259,-0.040493581664659,-0.47722928951235605,-0.031903169092425986,-0.6134128265160259,0.21756179048918217,-0.02751089787541063,-0.6479008526273876,-0.7347612782582817,-0.5312263334717862,-0.8644521601836844,-0.8981570201862338,-1.860175215443845,0.36451167852744837,0.326969233977458,0.756708645587918,-3.000885520129749,0.9543319062132617,0.8913665126581309,-0.4712498940308642,-0.9859790352614325,0.871262418827692,3.5743353253209977,1.2250131782022196,-0.6152381976978736,0.8797283855827739,0.30461283730360067,0.38501415439006575,-0.573270415610368,-0.36616429548967794,-0.5728891830804997,0.5228043916542214,1.1918453198566907,-0.7099814893209139,0.5385834603379882,-1.294867727742112,-3.2285023811022593,-0.30929417909917306,-2.4059881023124374,0.18905562817067625,-0.016737674146154766,-1.0658414757754096,0.8574564203276912,-2.6636409523746902,0.21191793267882927,-1.6792250994245417,0.04183284683384298,-1.2205367816281094,-1.8383037576393924,0.2356362399080096,0.16339620075757244,-1.8656367914183314,-0.005696200033787916,-0.25086532639253467,-1.194639452984911,-0.856747322932793,-0.8129114802097235,-1.5846440690896064,-1.247945769609042,0.549228996125486,0.11638457274537853,1,0,train
-0.16578111679584132,-1.2276774471151093,-1.1373202967944096,-0.7080448883208543,1.9440811139590357,-1.3685016702906159,-1.025843625795485,-1.2453681176686207,0.94832495119845,-0.835251151060074,-1.6081563187546852,-1.5565354226128636,0.25110224213309673,-1.8407177141691795,-1.4710116147707066,-0.1214094484555407,0.4507863992818719,0.3753219253746425,-1.178630881245757,0.5007311697920092,0.44208677170933136,1.0283463917441835,0.17717748986491355,-0.2747375444893616,-0.5608648526971701,0.021241332083786913,1.119174795913822,0.9517202994450881,0.4672724346935753,0.6317245368185925,0.49831719158155163,0.326969233977458,-0.8799852706923622,-1.6149405337964047,-0.5093140101079512,-2.2239765515442933,0.6342733582844154,0.42202752924906944,-1.0081860123045636,-1.5395738476608105,0.15915345290215993,0.9340457312822231,-0.34300822501084816,0.4549588871527353,-0.6550770521317376,0.9917441388087824,0.883791374854851,0.7072642645192563,0.4999815330847353,-0.6103317891970127,0.44397964343693364,-0.3476484262393469,0.3492815544360197,-0.964078518338871,-0.1103255525446535,0.1560697877645512,-1.0450871967571038,0.7593786811659886,0.12560118005977522,-2.6855337046886807,-0.42158346008808045,-0.9780710890040809,-1.7666725055686696,0.5733560771932597,0.39591082053133575,1.4647977631173579,0.4701762059363463,0.7311362395669564,-0.28681643616720953,0.22456333125904143,0.29512617599430835,0.5931153733345833,0.1811262248681886,-0.9609382517295352,0.5874845298924186,-0.7658090731484545,0.5690984858540017,-0.24761772403056834,1,0,train
-1.9977953275821407,-1.500822066708056,-1.1405409099112453,-1.5614606895937084,-0.6127378545781217,-1.0207795547886875,0.2856884606294479,-1.0798909723647248,2.4088655229313654,-1.1012959934232964,-1.4860280836352502,-1.4542807488151945,-4.219464966293252,0.5368454835106041,0.7539762888384531,1.5895365883961838,0.7809398184742288,0.4279191016868423,-2.7679823765187694,0.8224843944982072,0.4835608915294851,0.8836183063879117,0.5372708370979753,1.5137927271084402,-1.8822295789104706,1.0619721982689725,1.0854931402120749,0.39940483911962577,0.5286400506432296,-0.3885593354030201,0.5687411458205534,-0.7765023498380957,-2.7738739452452577,0.5933973404084981,1.6643311181066531,0.912925980230466,0.8563031328079862,1.3156539866009358,-2.052324029600261,-0.04688360368540247,0.5547302581681615,0.7477394360251229,1.2359317679405797,0.6497253608209324,-2.325341166134398,0.6798356436972733,1.1033176395390156,0.3815109318711041,1.0477301387524012,-3.156886399816376,1.1077967499063308,1.6260711936679453,0.6074537557697759,0.8450158497527965,1.8884047414802931,-0.7449058963747792,-2.639466305717858,-1.191999583618829,-0.6335481227732628,1.071997344852904,0.8548354092830093,-2.8015368535729186,0.8650780031498465,-1.0655072164149417,-0.5808525409631158,-1.5522966650102001,0.5483561946124585,0.765544726767525,-0.7523660281002327,0.7823751535458957,0.7361193125375277,0.5875805286710555,-0.01867830839831054,0.6467013366367924,-0.6589518811122201,0.6494954229132699,0.5914516617985819,1.3260487711220101,1,0,train
-1.4222016547415368,-0.9945052108772279,-0.691265380112646,-0.6207637268270397,1.3048763718247463,0.3031562017497103,-0.0033424199891142832,-1.2003699465772104,2.3633529272116425,-0.6055602623117018,-0.3906904749078164,-0.2551123015516206,-2.8001529036894053,0.3246602095757951,-0.7806214774771894,-0.129942845148068,0.063709976780488,-0.31800448964980943,-0.3839551336092507,0.14934277965234546,-0.6599398406547545,0.00168153624812978,-0.018013296485718054,0.42445031546571854,0.8475358734463477,-0.6856701996646409,-0.300266408659806,-0.7748874909417175,-0.2947087966812994,-0.20802653227533535,0.24126975860919533,-0.25054860428114956,-1.9905989995968378,-1.0612178324008135,0.20941470029232628,-0.2620650024617978,-0.10582589012748725,-0.40185247289484655,-2.3059004052292162,-0.08428586492396622,-0.14851739563806343,-0.4240291051971654,0.6742264342225013,0.1747685215248026,-1.3586681624258987,-0.4583567595166541,0.014646571819587138,-0.8186329252536672,0.10058150811872889,-1.5359064457490508,-0.5247302037945705,0.5915455252728887,-0.6517018928404738,-0.5148608289647577,-0.2912061221396713,-0.5159935075706497,-0.17785169815920435,-0.44914535782006326,-0.6089460620333033,-0.20911846159765246,-1.568510560102683,-1.4457782169292048,-0.7089753074444558,-0.6767078164298129,-0.2897387547922204,2.6761219201351136,-0.23344369214866376,0.4421049470821791,-0.2733222450966871,-0.32027612306765335,0.0809295096733161,-0.7131079672579883,-0.6680430415144327,-0.592592564459306,-0.45188915485412057,0.16735872645268254,0.3256972366796842,0.25610262605331774,1,0,train
-1.7857345007461287,-2.260297350454298,-1.6993172856822634,-1.9244394881870326,-1.447679934016691,-1.195720494885931,-0.9154599728959337,-2.312260238706898,3.174304632763063,-1.4582257198236446,-1.659679167945697,-1.7275796042380556,-4.9370946608682305,1.6848222219784172,1.9666304678151496,1.5554030016260745,1.7334514071786147,1.0734299018820215,-3.7444907104788836,2.427016922967274,1.1589965571719894,2.430399718633068,1.5738012197875364,2.1009560128165736,-2.9820481234832177,1.0521539825502444,2.7407059346979326,1.5537939093494209,1.2599374740432772,1.1213513816648892,3.086397509864865,0.2650923227354643,-5.626397627905175,2.497023905561389,1.859289918093773,2.3196812393253325,1.9433239039129682,1.7995200196060928,-5.82613714925471,0.8949733384129757,2.606784935485544,1.4341310501302291,2.7155458177345424,2.1224332582067738,-4.001723463704835,1.7851955737415681,1.905260524813821,1.1130271876423934,2.424709272444728,-5.017830153730526,1.4358459013592306,2.3993173417174924,1.010564736799676,2.1284949622502634,1.9245808553992967,0.9601979227944422,-4.273871668460053,0.7039417986436927,0.5649236932733389,2.7086381119452416,2.1608523973641534,-4.808533263276931,2.6723243967951564,0.617649679723211,0.7291594968059133,-4.109536552047684,0.9490286365775337,2.616721338158122,0.8736839958977178,2.0828550415518756,1.9792999641260318,1.4565511408449274,0.7194884395029224,1.6863312203340748,1.172132227562347,-2.725461452310842,1.01864569096167,1.535625851083919,1,0,train
-1.3966905778289338,-1.8922183203930711,0.3135659123401354,-1.3120859424685236,-0.5607451243566722,0.07422114433850285,1.007539453933093,-1.8593754199804455,-0.6756472142552871,-0.043726433718561164,-0.4708371292049457,-0.49680516689156573,0.8198902222777095,0.00910262269838678,0.07789475542666663,0.00659150193236885,0.09406891187863575,-0.5857719326937356,0.22888802770364824,-1.1165021438628286,-0.8139865714153256,0.3092287176302076,-0.2771458921581083,-0.6494404307636311,0.0958613285944702,-0.4303965909777087,0.3829900355756353,-0.6654195618682025,-0.5708630684547439,-1.4498733901536522,1.9279234626332864,-0.3949280638458014,1.1541914538274145,0.983296757367524,0.800110765924943,0.21224328412957472,-0.33248128495363244,-0.15338072621652266,1.1099225370667085,-0.44470765504103515,1.1947955055777333,-0.6887801563519922,1.4277335892101675,-0.2557678939522647,0.12805044454350256,-0.8961230684450878,-0.26760148277433876,-0.7386233347786824,1.0515339485139823,0.8735259935292703,-0.23527507015965884,1.287113978084582,-0.783052661940104,0.5699846113604823,0.13386321640862056,-1.2819695777998523,0.06897686682635168,-1.125475324592074,-0.47539201801637987,0.3915961270729434,0.7031450508939812,-0.14922301420006387,1.1524051947662666,-0.9523124543939548,-0.36634764588982444,0.48340087664463915,-0.2725336864867199,-0.6864934330964749,-1.3326162441326963,-0.7321488058027144,-0.5784602278246405,-1.1282213170225768,-0.5681407748811832,0.22671840348755903,-1.7957668488037473,-0.7709933387017941,0.4598162923471653,-0.2512945149070931,1,0,train
-0.8657412895853849,-0.461540099476356,-0.3949689733637489,-0.3658473186546289,-0.6066210627873629,-0.08992097229594778,-0.9241744718090562,-0.35556557318363585,0.784893357477628,-0.17757508111869172,-0.2513879567247107,-0.3090284022813007,-0.5037378810494734,0.17232206418670143,0.32829532335695794,-0.25794379553597757,-0.37269971525538603,-0.6622769164205717,0.3433752116851788,-0.24861515616847846,-0.5118179841542053,-0.32847940847086554,-0.3713759269480684,-0.0352367305820966,-0.2048084893462808,-0.39603283596216016,-0.4494280267675432,-0.5659032627104615,-0.6526865563876164,0.262452894057419,-0.4981817609003228,-0.8796305352414184,-0.020720964645215084,0.3017918941114115,-0.16595373550377004,0.17451421587798827,-0.5082548564514593,-0.49339469535528163,-0.4115357167070222,0.3645412699387988,-0.4067411435200366,-0.3602927410302627,-0.20600692410399973,-0.31385614048488486,0.10969589384017663,-0.4747729961014704,-0.348243784086889,-0.7271933932822561,-0.6069271075353396,-0.29690968327462947,-0.6366528554667362,-0.1887622314346454,-0.37088300717919503,0.15743775377201072,-0.4087784923764329,-0.12273376270201686,0.11567416290470012,-0.5766501876213439,-0.1836818692425736,0.5080612003866304,0.5514546925049532,-0.11370095385132029,0.5236167029680138,-0.6028851455465606,-0.14418186170677272,-0.5148199564533261,-0.46309740888474343,-0.363053653411129,0.16186541692766063,-0.4175688827688489,-0.36846349613739315,-0.8016654818744339,-0.6180919081978079,0.09934653031934891,0.059677580607066634,-0.5532541854615287,-0.0220188335693408,0.035495173461834784,1,0,train
-0.7700747511631237,-0.5115055786701878,-0.4899770603104062,-0.504388844835287,-0.5745079058858794,-0.06616356067780362,-0.7731231573149332,-0.22492572162792845,0.7683433226704561,-0.43866256617079824,-0.5567085445232985,-0.5265519810872513,-0.1741597990965202,0.0961529914921546,0.2782152097708997,-0.07020906830037689,-0.1488025689065463,-0.4327619652400635,-0.11457352424094348,-0.39679098333580654,-0.8613855654955014,-0.4098889564837685,-0.32426090955308834,-0.03909964693543958,-0.07029830763594483,-0.1162136879784074,-0.37725305026379935,-0.48131440842638173,-0.4736976765344579,-0.12049547621342756,-0.5193089471720232,-0.7300946664066005,-0.10255566045922909,0.27230370291282974,-0.026281759393594666,0.6757718369347797,-0.5915160218977984,-0.35826093838987744,0.07572869136430334,0.43594558684878415,-0.4397058772922034,-0.4240291051971654,-0.31560796482947845,-0.31385614048488486,0.08522315956907536,-0.5951587310567896,-0.3616841676389807,-0.6471838028072713,-0.5232432927805574,-0.2381430384141826,-0.4128075521224046,-0.061653275590884196,-0.6471725559749693,0.09937560344474436,-0.006319225027518252,-0.05229918153151546,-0.43802234773857424,-0.6265433818914103,-0.1766527090311566,0.39772586777366375,0.42196292314846584,-0.41563846681564076,0.153006267404805,-0.43555375821118864,-0.08672519338356968,-0.5652917963290659,-0.6194573862369679,-0.36649450213118584,0.28331313656236234,-0.29108829515729473,-0.2172658493225751,-0.6300852973050707,-0.6902435452107104,0.3713026919487705,-0.18392562675540347,-0.5739912476748873,-0.10894785113159705,0.1531524815106257,1,0,train
-1.2117352702125623,-0.539819350213359,-0.3675937618706443,-0.44897223436302375,-0.7855372226670564,0.22540467281760213,-0.8965785585841684,-0.5326551497369281,0.8283371988464541,-0.16766036649645982,-0.1483422583426873,-0.2049145525964012,-0.8758421671253881,-0.0942696902442125,0.4999985699377291,-0.3731446508850962,-0.5358789914079303,-0.6718400393864263,0.10766630348790997,-0.5195652401315927,-0.16817527707293123,-0.11138728043645765,-0.1223394064317453,0.05747326189813503,0.2303715103048062,-0.36166908094661154,-0.33394806436155305,-0.6455163020366543,-0.581091004446353,0.09012612743553805,-0.34677025928646904,-1.049792041156901,-0.23115303959553682,0.2919624970452176,0.13375904656598128,0.12600541384023425,-0.6146441234106703,-0.380056705642362,-0.44634031728354545,0.6433581264444559,-0.29685869761281397,-0.4534458886588128,-0.010780070311740749,-0.2728526723442118,-0.17785873384526313,-0.5787424944719733,-0.15559828650690785,-0.8357778374983067,-0.443363287787356,-0.3311902261098901,-0.4668391770675881,-0.026345232300950525,-0.42523504956524893,0.29495337296816787,-0.11484756678452894,0.003461528561798154,0.14902937438923472,-0.7041550174226247,-0.23640057082820126,0.5877478294959951,0.7142443454102515,-0.8123014740432775,0.3154085931010426,-0.6668647936453792,-0.08289474882868948,-0.43630820553550864,-0.1796949499338366,-0.14628018404754603,0.371025378520758,-0.284602111177215,-0.5658604239234056,-0.5415277826886251,-0.6624929155903633,0.3988425564175727,-0.31384733734872083,-0.7606248075951147,0.04255700804833528,-0.09319250721653027,1,0,train
-0.7110803858027294,-0.8396122253763495,-1.2580932886757534,-1.1139715600301825,-0.5790954997289485,-0.880394849772381,-1.3686139163783027,-0.14218714897598042,2.361284172860746,-0.9542277265268566,-1.3276430287147327,-1.2590672806560081,-1.2851568818088943,0.37906669007189997,0.7003190242819621,0.3095270845170881,0.28001738935479076,0.3322878720282972,-2.2157500773137397,0.39065769818199403,0.41246240040922155,-0.04354599042570519,0.42284865199588095,0.30083699215874304,-1.439137215629364,0.09978705783361223,-0.18959811135406548,-0.48131440842638173,0.4468165627103572,-0.0521118386650621,-0.4559273883569217,0.38884614521945166,-1.3476121039152993,0.11503334985372682,0.22687369730609822,0.4871264956768475,0.005188997134298148,0.6704992759273933,-0.1778476842646518,0.7929671713987109,-0.5028882836888564,0.7477394360251229,-0.2197070541946846,-0.28310353937938004,-2.141795659101139,0.8987187981614903,0.2520933479065407,0.4729504638425152,0.423905337853115,-2.2068256412391523,0.44397964343693364,-0.061653275590884196,0.0911093531022635,0.6586057881757835,0.21525947272637858,0.6872639207587492,-1.8522833146828412,0.9256893287328766,0.6809048367617196,0.7103426435104024,0.5847525760537642,-2.766014793224175,0.6027357847174628,0.8243531581963175,1.0126123938670484,-1.4233130742166429,0.45063120876731827,-0.1531618814876598,0.6307885566283145,0.4969830584223888,0.17332807161570493,-0.06553114162523034,0.08122395823493903,0.5193294634685822,0.5265837280518011,-2.6891715934374645,0.5268758201809058,0.031818382585310064,1,0,train
-0.18650886678733122,-1.6723702119402117,-0.9344216704337518,-1.9050436745217405,-0.03470103035141983,-1.3490637880575889,-0.5102357734357384,-0.7257118192581402,0.8945373380751415,-0.9377032021564702,-1.8276054912349202,-1.7517488907720502,-0.30705418698077547,0.1777627122363119,0.10293481221969576,-0.044608878222794975,0.2762225224675223,0.4566084705844058,-0.9159838121116576,0.5981038562162533,0.6079832509899464,0.9152775750595962,0.5069826116297739,-0.1318096394156712,-0.8536223070079014,-0.29294157091551437,0.9122731966030898,0.3496466895407553,0.5848936985970794,0.010801107879434115,0.34690568996769794,-0.08554350763583313,-0.9793559727522363,-0.009472346318062957,-0.05247025491425255,0.36854942402900437,1.1985990351984912,1.9084988558685156,-0.4115357167070222,0.13672749694027414,0.43935368996557767,0.8016702057048098,-0.2573824119440679,0.11326331931379298,-0.6183679507250858,0.5922823819115867,1.206360580105052,0.29007139989969294,1.4775606418110558,-1.335120409142524,1.8295048831027103,-0.08636890589383776,1.3140303067884773,0.10548740874235135,0.18812738728712589,0.3116128211827418,-0.9316794777096863,0.23827198545640665,0.002590876359977383,0.47128275618230814,0.0778847931440851,-0.800460787260363,0.12802129422076844,0.19932121138478126,0.32313237398861194,-0.026925504321174586,0.8415311521478794,0.21500893155842554,-0.2665751495614259,0.7564304176255768,0.4337240189078916,0.7702304025674744,0.3753806322106183,0.18196612372575546,0.15711886355205468,-0.47030593660809433,0.5889679755825175,-0.17775869737659875,1,0,train
-0.5165584243441319,-1.905542448178093,-1.0841801803666182,-1.0253049832745613,2.311088621404561,-2.115780253915878,-1.5370942286986702,-1.38616884656755,1.1117565449192721,-0.8749100095490014,-1.95736674104932,-2.01761104264599,-0.4346327993496606,-3.5599624978460938,-1.8895382783113366,0.5825957786779619,0.5456580714635837,0.8200071432868771,-1.771270421856033,0.9410250562320697,1.7633337316942301,1.7519868185255432,0.3891950681423238,0.06133617825147801,-1.9138790334305498,0.4041517451141854,1.864982886452508,1.9717623658119328,1.0604927222069005,1.0994686176494122,1.2941078744822712,1.8842048335676318,-1.721713570493649,-2.25385134309901,0.058103392839636295,-3.3504587321988035,1.6704123060610792,0.975640017462177,-1.2369019589502879,-2.661641684817723,0.494294912919189,1.1203520265393234,0.06457064518702588,0.6018879813234804,-0.6979043371061648,1.4459266843220322,1.811177839949179,1.4330655495423323,0.9488310849512949,-1.0021094215999917,0.7681693931080346,0.3126119832824127,1.2415609169404054,-1.6516566143196572,0.6041526973556668,0.6813943723278741,-1.6788362149632612,2.11203861471001,0.6176423948589665,-4.02181717744572,-1.0135458342891657,-1.2385661982282006,-3.13668186849334,1.8775565961307172,0.9206817245499235,2.0760678238346513,1.8090085120147683,0.9651139525308235,0.4688582637820455,0.27645280309967907,0.7529190510725076,2.2480339277294092,1.0358456171748793,-1.374036218761568,1.6958791233916575,-1.4449478606359485,0.8249181661086415,-0.04907101669823369,1,0,train
-1.4923571162511948,-1.597421993149464,-0.019767545252373817,-1.512971155430478,-1.0699680409373382,-0.025128031519190956,1.109208607919522,-1.3716533075058046,2.3654216815625393,-0.38908899305963873,-0.3468006404117694,-0.41314225196620014,-3.124415210126988,0.09071234344254411,0.2567523039483033,-0.15980973357191358,0.2534533211439115,-0.6335875475230083,-0.5186459382934043,-0.4221925537073485,-0.27482301375332663,0.006204288915513277,-0.102147256119611,-0.36744753696959326,0.04838714681435163,-0.41076015954025236,0.08947846446041055,-0.31711251481610914,-0.44812783655543525,-1.1325733119292363,0.9525516964231128,-0.35367678968447236,-2.7329565973382506,1.2617963409096853,1.2860528494749282,0.4386176936390935,-0.42499369100512024,-0.10107088481055974,-2.6091976388246327,-0.951338284545217,0.9063540850712739,-0.6887801563519922,1.1674311174871554,0.05517507278117279,-0.8325043755972217,-0.7538490180433468,0.019126699670284377,-0.8586377204911595,1.279762534208843,-3.0197642284753337,-0.28930669510484236,1.2270903044916948,-0.35276565971717705,1.2850658311804994,0.02985688889148531,-1.5959904188516711,-0.8316138432560825,-0.9203588592595788,-0.8233354484815223,0.6245262737003173,1.2988071899338232,-0.24986885185483737,1.4605531973693842,-0.6521002594687287,-0.5540394290789543,-2.472005747190348,-0.0428799697506402,-0.1256350917272048,-1.5755116834020997,-0.47270144659952634,-0.007269117635327773,-0.4806444913898188,-0.5181896415645584,0.3850726241831716,-1.8241872229960354,1.8626135623947477,0.549228996125486,-0.01965668968603596,1,0,train
-1.40625723167116,-1.2393360589270033,-0.9038258458238113,-0.821648939788994,-0.46593485159991166,-1.1330873188017327,-0.8036239035108619,-1.284560073135333,-0.6197908467810821,-0.646871573237668,-1.1749827348154387,-1.2460530494453956,0.8677322019160414,0.2212878966331958,0.4999985699377291,0.7617971092210353,0.2648379218057169,0.16971478160877054,0.33664067145097115,0.40759207842968864,-0.00820367205233812,0.5489346090015329,-0.05166688033927523,0.7412094564398434,1.0611696914568813,0.909789854628686,0.9652015127058353,0.7626393310453802,0.16554832294110813,0.412896896663823,0.6814194726029561,0.16196413733214152,0.7041006268503376,0.6687560512493183,0.35781617490938766,0.4332278267460097,0.032942718949744494,0.15611916876875795,0.8563461614377533,0.37474188664022534,0.20035937011736843,0.5516275462808069,0.9893294263082526,0.42420628604723043,0.28712321730566076,0.7728609843445655,0.34617603277118264,0.3986558441157437,0.2679491376282935,0.4866455815313286,0.10049288485683856,0.8139861979994708,0.06393333190923652,0.3621832312418447,0.8619075090285672,0.000526754346360596,0.8161336040799267,0.2826214914742434,-0.03255492469710771,0.8513266796269708,0.4515610418585201,0.8157929586074703,0.5860791359281051,0.22885027973808217,0.2886583729946901,0.34320132143425075,0.4115412144292621,0.6967277523663876,0.5397027669022881,0.08511037568732789,0.15652833308072514,0.2278156255417455,-0.05752918986679648,0.44359483617937623,0.26268025340912504,0.3591765519262496,0.3008603745190396,0.3847903067316828,1,0,train
-0.5787416743186016,-0.6580709843054274,-0.5237934980371824,-0.19682665671422597,2.1107636902572118,-0.7356906153709575,-0.5770469317696774,-1.2134339317327811,-0.5680719880086701,-0.3097712760817836,-0.8524878639531804,-0.9708950181353043,0.14478673182569252,-0.7525881042470816,-0.891513157560604,0.04499178704874172,0.05232537611868259,-0.18890232961077355,0.5656150394140322,-0.24861515616847846,-0.2274240196731509,0.23234192228468814,-0.18291585736814822,-0.01978506516872466,0.4835671464654386,-0.04748617794731025,0.642819950989113,0.2799852801303366,-0.0799221408575092,0.25698220305354974,-0.05098965148266181,-0.24023578574081728,0.4235245269165752,-1.9196518428484166,-0.22997005788760044,-0.9465780978834377,-0.4666242737282898,-0.20569056762248558,0.7668486170981221,-0.9683393123809277,-0.35454698171410587,-0.20830602647841776,0.09197090536839556,-0.030248819178562772,0.09745952670462599,-0.46382883837825956,-0.07943611304505482,-0.21856099669128157,-0.31022994613202054,0.016512422647753763,-0.5092925966673751,-0.08989971022283112,-0.37541234404469953,-0.19399105084039092,0.0072468176921080835,-0.3369722804289586,0.4092000239686046,0.12739822041181473,-0.20828392998253317,-1.5331424529532516,-1.0135458342891657,0.22967896285320108,-0.938004228298124,0.017225289872758873,-0.22462119735925695,-1.0924421239201263,0.15745625123189738,0.20468638539825493,-0.01693261475676131,-0.26838665122701577,-0.30126454199747404,-0.10980989893345311,-0.19073221204446256,-0.28965405530248195,0.0637376340631078,0.6028370329332131,0.2437355915495569,-0.148344370364401,1,0,train
-1.1559297894662435,-2.052107853813333,-2.5125220976833127,-2.2749495494240977,-1.036325686088165,-2.0985021363754095,-2.4622835299751733,-2.7985307972753644,-1.1824920302249247,-2.448044729609795,-1.7741743883701673,-0.6734268761784488,1.2876784676302881,1.8643636076155634,2.0882536008098627,1.0561992951132273,2.598681057475826,2.244912465199199,1.7643632011029995,3.4938828785720357,1.0523488204915938,3.230926940759947,2.8795602733055548,1.9541651913895404,1.9394420543890751,1.1945181104718028,0.9507665174050866,4.096435352829702,0.3496511707900712,4.212291798851008,3.417390094788173,3.5187865722102973,2.294031859808324,2.1431656111784076,1.3704380017081592,1.7753046831238708,1.5964023812198889,0.3348444602391312,2.870040909079456,2.0850452869127314,3.8264800850557155,2.8020114810968337,2.037389378245643,4.466464853581917,2.575323871653628,0.5375615932955324,-2.4225429789597097,3.5304598141365755,1.549833027281095,2.352486555850516,2.0572095882288406,1.2553367391236416,2.781535451211934,1.9084699715364117,0.2785676720846348,3.695407491582247,0.37584481248407,0.8037281871838254,3.974066395810593,1.2252408623709132,1.147116831544795,2.8346300550943972,1.872805254905987,2.9159954998884663,4.337438267503064,1.4031099588247868,-2.906222055013251,4.6055318983509945,1.8452657529753316,3.6265668288108444,2.978884406957329,2.0709188984965183,3.078291957232426,1.9341900005532946,3.5107230182420595,2.4017771799420715,-3.2110719349961134,1.6974046496510065,1,0,train
-0.027064636083562743,-0.8162950017525613,-0.414292652064764,-0.7149719646298873,2.16887321226942,-0.34045367663274084,0.4585260224063771,-1.1539202215796256,-0.4770467965692249,-0.42379049423745035,-0.8105062831308747,-0.8704995202248655,0.37868085450198186,-0.22484524343486426,-0.59818677798512,-0.5267457913505876,0.04094077545687718,-0.5188300719327541,0.6194913612876938,-0.21051280061116553,0.07474456758796942,0.26400119095637264,-0.011282579715006619,-0.23610838095593178,-0.014911762225806476,-0.18985030586886864,0.20495842686640062,-0.35691903447920553,-0.33050657265193106,-0.5089145374881433,0.0757734661475413,-0.6939998015154375,0.3592258373484214,-1.765657955478045,-0.16595373550377004,-0.9034591627387675,-0.17521019466610313,-0.1708173400185103,0.37405383916307405,0.6739599765487353,0.010812150927409392,-0.24752840442728097,-0.3909586803282451,-0.09175402138957238,0.042395874594648164,-0.3981638920389945,0.16697091874329317,-0.6014640368215657,-0.19231184352300915,0.310345646949988,-0.24685327550505531,-0.3476484262393469,-0.6245258716474468,-1.0129729607197269,-0.44495460629543643,-0.5101239591397746,0.32914751640572154,-0.8981841062506605,-0.45430453738212884,-1.3982881575374035,-0.11820274331002434,0.22967896285320108,-1.2836296906772964,-0.784981067058583,-0.8030183251461674,-0.8456909067498427,0.07439001326352815,0.04984819299569567,-0.2699486973290565,-0.13217678764534208,-0.2004661107875953,-0.49724902538040233,-0.2795342268295733,-0.34817626729868656,-0.6914323087605495,-0.03482763012756379,0.2983766883029751,-0.2843856327958155,1,0,train
-1.0108355395258142,-1.2676498304701747,-0.671941701411631,-0.7939406345528623,2.4624792182258397,-0.6752172039793177,0.09106465156971257,-1.8361505574816532,-0.7852911948528005,-0.5906881903783539,-1.3028357309560974,-1.350166899130295,0.7401535895471563,-0.8831636574377333,-1.2635368584856081,0.7489970141822443,0.28001738935479076,-0.2558441903717551,0.9225456718270393,0.3017522018815972,0.08066944184799138,1.168551724433072,0.09640888861637634,0.13086867261165172,0.570603146395656,0.30106048006753966,1.4463680227307938,0.5934616224772206,-0.06969420486590015,-0.42411882692817016,0.9877636735426136,-0.6630613458944407,1.0723567580134006,-3.285938035049373,0.14830821074412456,-2.1431285481480367,0.29197745589391044,0.3217669998876405,1.3137780547292017,0.04492194662743584,0.5794538084972864,0.056445024676408904,0.9687792311722253,0.3011958816252112,0.4829050914744708,0.21470894046081263,0.5746625531567418,-0.20713105519485517,0.40108247928362895,0.7119177201630414,-0.019148570378924885,0.40794370016523357,-0.24406157494506917,-1.3644017653321285,0.8799955659880689,-0.26947247347389475,0.8828440270489959,-0.8593782884850534,-0.503508658862048,-2.6119768162800363,-2.0309811649472804,0.1763958723300857,-2.1456112655265573,-0.8489607151574016,-0.46210875976182947,-1.468176931883967,0.3919962172602341,0.5935022907646814,-0.44537318124584785,0.1629445834482843,0.043130097969611585,0.12265357693471643,-0.12413070095562953,-0.9574957686709349,-0.4559492083101618,-0.0037220368075258983,0.5517126823415505,0.05387912784445836,1,0,train
-0.0637368091454295,-0.6264261808160008,-0.32089487167652464,-0.6526282778485911,1.8752672063129998,-0.33613414724762375,0.43238252566700963,-1.091503403614121,-0.584622022815842,-0.397351255244832,-0.7647081949610864,-0.8295976507057979,0.04378699703365849,-0.3010143161294111,-0.4407921352860797,-0.3603445558463052,-0.019777094739418338,-0.23193638295711883,0.6598986026929398,-0.41372536358350115,-0.908784559575677,0.14188686893701818,-0.31079947601166547,-0.34813295520287835,0.0958613285944702,-0.3518508652278834,0.30600339397164195,0.25510620534090134,-0.2793668926938858,-0.48429642797073175,0.029997895892190173,-0.5599331604911179,0.39429784984014166,-1.4740525091809584,-0.14849473848999814,-0.7094239545877514,-0.43424493161026906,-0.05312019685509373,0.4585792977060591,0.6263570986087451,-0.11555266186589663,-0.4142235107099496,-0.486859590963039,-0.019997952143394504,0.311595951576762,-0.27777815708367526,-0.14663803080551338,-0.6243239198144185,-0.13525469709929394,0.14873737358375919,-0.17352464165087772,-0.11814614485477806,-0.4931751025478164,-0.8937927574163907,-0.31381619333904853,-0.5717542176639633,0.4358841931562323,-1.386028672446865,-0.7073543049931414,-0.9446873456840964,-0.2476945126665117,-0.018975459588004055,-0.8089152001806019,-0.8538822265496184,-0.5348872063045533,-0.9802824797518155,-0.316509930117033,0.01888055451518382,-0.5027234932955681,-0.4208119747588887,-0.15006689518265595,-0.35334306412867833,-0.5903412785774609,-0.4307958607050931,-0.5452703843430674,-0.44956887439473575,0.0897470461535601,-0.1409907886113516,1,0,train
-1.8973454622387667,-1.6107461209344858,-2.1083351515204147,-2.328980744634554,-1.9844284136557713,-1.8263717851130308,-2.4463069486344486,-2.5067684621342847,-1.0831918213818936,-2.2728847712836986,-0.2685622397883813,-0.5655946747190886,1.6757300802523136,2.8219176643470094,3.3223706856091555,-0.13847624184059532,0.9706831628376523,-0.4662328956205543,0.5050041773061632,2.02905898714645,-0.043752917612469924,-0.2606381184601131,2.6675426950281445,2.8040067891249967,1.6545969637083635,1.8965205343608666,0.6572549462898618,3.1161998061259535,0.3905629147565074,3.676164080471823,2.3258188040836463,2.719543135334546,1.2594074913025755,3.6536162936835415,2.650764449384767,0.2823115537396639,0.01444023773944693,0.025344565253850645,2.457357787957823,3.8905544430652186,3.485844502743325,-0.48286267212046025,3.2019004359538545,3.5883072442358355,2.330596528942616,0.061490732335860845,-2.7943935905675805,2.5646297576885453,0.6521339235479758,2.406355980305926,-0.3279007129228306,1.5024930421531772,2.459952533761115,3.4394771985869617,0.35544191416251736,3.7306247821674976,0.1090031206077932,0.4323010742844425,3.6331521255568675,1.3478356763853205,3.0080985454394567,1.8814547690697778,2.7930851005179997,-0.3518880645435027,3.2495920139170864,1.6049973183277462,-3.668476944605345,3.353062964250293,3.133961000210222,2.9844346147829537,2.0338991143647163,1.2130179756497022,2.6009811277624557,3.3111832239934036,2.6418715786492495,2.0855369811883526,-5.230308828656523,2.8850081027684897,1,0,train
-0.6074416358452799,-1.1177533928886794,-0.9553556556931847,-0.6276908031360727,-0.3068982650401842,-1.4743301402259854,-0.083225326692737,-0.17557288881799452,-0.5411781814470158,-0.7906349352600304,-1.6692204363144028,-1.7721998255315838,0.6604169568166031,0.7327088132965819,0.2925238136526306,0.5911291753704891,0.29140199001659617,0.5331134543112419,0.8282621085481319,0.1747443500238874,0.6968563648902759,-0.05259149576047219,-0.041570805183208076,0.011118265658019216,0.42818060105530026,0.5514249808951078,-0.011566502644830768,-0.22257203061625522,0.5644378266138613,-0.28188086082757,-0.6108600876827255,-0.26086142282148184,0.39429784984014166,0.13796860967484598,-0.12812590864059756,0.8805867788719633,0.08845016258063719,0.22150647052621159,0.27958420902679665,-0.17609141523680452,-0.32158224794193907,0.742836638781515,-0.5896105666431753,-0.20793051445481275,0.8438779219732143,0.9862720599471769,0.6687452380213836,0.7987037964906675,-0.08580517019874077,0.33972896938021147,0.11978989376583267,0.21374946207059842,-0.09006412151791632,0.3132887888609888,0.5091903983182825,-0.44555892640014827,0.6360154620634398,-0.16641725695635384,-0.4015858357965012,0.7716400505176061,0.21847585701684283,0.8394743321732994,0.5236167029680138,-0.13042005189374575,-0.3548563122251838,0.33198535701741966,0.8561899000246505,-0.2391830994890816,-0.2598280540261647,-0.025154751974027015,0.04733003260335653,0.7425561792498352,0.2366274841088828,0.3850726241831716,-0.4721894221343264,0.1414373986859843,0.4548489199150364,0.12006136362190326,1,0,train
-1.51627375085676,-1.5274703222780996,-1.3369983100382314,-1.277450560923359,1.4394457912214387,-1.4246555522971385,-1.2059432700000163,-0.7823224215989467,-0.8163225101162477,-1.1211254226677603,-1.823788983887438,-1.8781728511037137,1.1973102838689946,-1.057264395025269,-1.2349196507221463,1.3634015760442102,0.7733500846996919,1.140371762643003,1.1919272811953465,0.9748938167274589,1.218245299772209,0.6484351676839698,0.6483276638147141,1.1815819207209435,0.47565478283541884,1.2436091890654437,0.6861249368913593,0.319791799793433,1.2139117620810365,0.38280809614254224,0.3328208991198976,0.8632357980747364,0.8326980059866453,-0.6942536752629067,0.9165040793500892,-2.0676704116448636,1.1107122494495778,1.2153934572395069,0.4536072119094129,-0.9819401346494964,0.30749475487691047,1.1546716072445786,0.5338001007929817,0.2841111032332641,0.8132870041343377,1.4787591574916648,0.9689138040180986,0.8672834454692259,0.8461282213886075,0.8098621282637862,1.1000779463427333,1.1882514568727678,0.7976859041209647,-1.242165659379989,1.7256122288447773,0.7870462440836262,1.0896463382531103,1.4745144657036064,0.7055068975016793,-2.127727300923127,-1.6610046810716024,1.0289253206999318,-1.4918378005442676,1.198388024004796,1.1313561750683345,-1.0756181772948796,1.1493648575600712,0.47307258556269094,1.0862175052584457,0.818049165436334,0.8621173515498761,0.85878791718392,0.7305886913510612,-1.0125754976085393,0.9934898754965354,0.7635492650867421,0.7379891485463853,0.7230550673719567,1,0,train
-1.7697900776757518,-0.6663985641710661,-2.060025954767877,-2.025574802298913,1.0540879084036376,-1.7335019033330128,-2.5625002674760817,-1.9551779777879643,-1.1162918909962372,-2.2728847712836986,0.6817480897347233,-0.9244156209545455,1.8033086926211987,-1.0082985625787746,-1.4960516715637358,-1.5294199027225457,0.9099652926413568,-2.130216291679239,-1.0574091570300188,0.4753295994204672,-0.8436109427154355,-1.7260099826923663,2.0987971279030284,2.564505975217732,1.5042620547379881,1.8817932107827744,0.9700131778060849,2.305141967990365,1.0195809782404643,2.9540328679610837,0.32225730598404734,2.8484533670886996,0.8443886768172187,-1.5920052739752857,1.9902323956970625,0.815908376154958,0.05607082046261645,0.8274288001452821,1.8507633207669891,-1.8931952266435952,2.2359316805486675,-2.1105913569982837,2.167540614107149,2.829743083633384,2.2694146932648627,0.8002213786525927,-3.296167909845671,2.4903351379617735,-2.0485710071745435,1.6374923767150795,-1.9218336488057435,0.20668785341261167,2.034194868403692,-1.3277309335464866,0.9297377226266988,3.3989952958230534,0.7160679696263229,1.524407659973673,3.844026931899378,-0.3071943128091783,-1.2651298433246267,1.9288175162014358,-0.3716781694599624,-2.517353077118904,3.5024013545391797,-0.9802824797518155,-2.964857046520335,2.1005940301495913,2.9922719939697364,2.462296804386538,0.35812519550048255,0.19460655756057843,2.2957242019386377,-1.2156819980659554,0.7295864008538595,2.4276985077087696,-5.45135690188626,2.49526826985687,0,0,train
