q1_z_4,q1_z_11,q1_z_10,q1_z_5,q1_z_1,q1_z_9,q1_z_3,q1_z_2,q1_z_0,q1_z_7,q1_z_8,q1_z_6,q2_z_2_4,q2_z_4_6,q2_z_2_3,q2_z_4_11,q2_z_3_9,q2_z_6_7,q2_z_3_7,q2_z_4_9,q2_z_1_7,q2_z_8_9,q2_z_5_11,q2_z_2_8,q2_z_1_9,q2_z_0_1,q2_z_2_6,q2_z_1_11,q2_z_3_11,q2_z_3_10,q2_z_2_10,q2_z_1_2,q2_z_3_4,q2_z_6_10,q2_z_1_4,q2_z_0_9,q2_z_3_8,q2_z_3_5,q2_z_7_9,q2_z_0_11,q2_z_10_11,q2_z_2_7,q2_z_7_11,q2_z_2_9,q2_z_8_10,q2_z_2_5,q2_z_0_8,q2_z_3_6,q2_z_0_7,q2_z_0_6,q2_z_0_10,q2_z_1_10,q2_z_0_2,q2_z_4_7,q2_z_1_3,q2_z_5_6,q2_z_9_11,q2_z_4_8,q2_z_9_10,q2_z_5_10,q2_z_1_5,q2_z_7_8,q2_z_6_9,q2_z_6_11,q2_z_7_10,q2_z_0_3,q2_z_6_8,q2_z_4_5,q2_z_2_11,q2_z_8_11,q2_z_5_9,q2_z_1_6,q2_z_1_8,q2_z_4_10,q2_z_0_4,q2_z_5_8,q2_z_0_5,q2_z_5_7,y,split,set
-1.4838660278461,3.0750776648411904,2.5473741080668018,2.094171827168425,2.5821499463268154,2.8318714795543176,1.4014114653790066,-2.404861079481818,-0.9984340013645057,2.702561748267312,0.20093137365570063,1.3777302655801333,2.9046989673450336,-7.133563037140184,-2.5861429550764274,-4.457721978234905,2.5485769807545573,2.2662955358615164,2.7651656094672576,-4.119498907997594,4.977234194294561,-0.7763216894700539,4.568233070771327,-0.4715119322675435,4.93411415597278,-2.6860376313607754,-2.1534420316059157,5.656523051481086,3.2065319096112646,1.9069515139275488,-4.393892358459898,-5.16030489749219,-2.3623304081791203,1.2225739608202049,-3.470837397881178,-2.223952136549721,0.054379433793460344,1.6031684299258866,4.910819932828372,-2.660521783252862,5.410015983409086,-6.211932021776164,5.026102090876381,-5.728954325377472,-0.05105499794081441,-3.7997246254250787,-0.27904780303996934,0.7916936920141304,-2.587040158311714,-0.9773827000943701,-2.0838597113596418,4.015253672834886,2.231949107483455,-4.057592846749534,2.2587992894862117,1.1658469953702364,6.178067302451993,-1.3504007191969858,4.2516830282933835,3.2796336462713844,3.6043129865275425,-1.559239140923306,2.3889285221284835,2.5653743314289734,4.648369415687748,-1.0646995729854025,-0.2108800281842421,-3.5817646465196495,-6.327587878453128,-1.618824513663502,4.418662477682317,2.1478781950856267,0.31142466619152076,-3.522650926066758,1.0808213525745254,-0.012080016324456508,-1.9703543218137083,4.536292085743361,1,35,train
0.34160878137760603,0.7310157160508821,0.5285807206928778,-0.8218013608421807,0.15800801625630223,0.7261113618328788,1.1194347358017245,-0.7581437463621102,-0.4861311274245536,0.78113217014909,0.9510025279322072,0.5050924638853627,-0.08417384667313228,-0.25883773560754103,-0.5426162514980237,-0.38261352314656233,-0.013922073183670999,-0.3254560489157358,0.4348815224985675,-0.4908553951560855,-0.22310799222774216,0.2269008890323843,-1.0828851899495913,-0.7004689509536725,-0.24065128285020865,0.40262484780957175,-0.09594403372992322,-0.2955577447842448,0.30138904944169403,-0.11999137363622168,-0.28336465326658583,-0.1563814735029248,-0.12048939446805443,-0.22705070609492692,-0.266225522868721,-0.5331853119102223,0.6059777956744092,-0.928014709543157,-0.26939443786126716,-0.5768579133294198,-0.28759047803186233,-0.5397482172844368,-0.1422865773144939,-0.2817311450623073,-0.25254089691817067,0.5027569716537359,-0.8028990280042416,-0.07315009746207915,-0.35090172360079097,-0.12744547093314543,-0.31859256328137103,-0.4630127958827583,-0.03204521331634537,-0.4608629991713238,-0.2746751013951617,-0.8519390955221638,-0.4370273528209893,-0.30571478012636116,-0.2705354618555539,-0.690222541338712,-0.49863535000348,0.10985548492868755,-0.25372000157306973,-0.03067744726753327,-0.1813839669877624,-0.5779149262834692,-0.03641046983838281,-0.7433245430194666,-0.42106114668082345,-0.03416696460175843,-1.0924491494136706,-0.30268337566929593,-0.16262034278064721,-0.5070738908851904,-0.17334265295996715,-1.4591682146368026,0.4737557662961518,-1.1564210450103913,1,35,train
1.0563449500683693,1.906323571082742,0.3326349510366254,1.616096223010637,0.29560280692994745,0.9928743221142963,-1.0751417302517705,-1.1660737232369378,2.4443256412031555,1.5527906352568097,1.6803950288326694,0.9884249324989123,-0.7339288062422987,0.5776455353769061,1.1428004670481517,0.5736192930542493,-1.4675449761805301,0.615682794718462,-1.7705659169539427,0.27698043349979673,0.15993281007242752,1.058400683827198,1.6763702063049364,-1.900946292172835,-0.1608055266303095,0.5919474165853373,-0.688202192852297,0.23431634511664468,-1.8183079074584603,-0.7050597036990884,-0.2956440489505091,-0.011609208268814022,-1.0123673209753978,0.09393761300770942,-0.2858616250440424,2.0258131253819918,-2.122725605134887,-1.307279935652525,0.5838173408405558,3.8489087561203714,0.022856027879984194,-1.5394434471948562,1.7997001279748244,-1.0159037503100523,-0.21749987100906526,-1.5773820941130392,3.8290486453640606,-1.2146038438962667,3.419571698619473,1.767206269072085,0.49831297864846696,-0.41097552317722175,-2.6146757718583404,0.6965952762461323,-0.8445351947370424,0.7410499236034152,1.2195636426221594,0.8609395680743365,-0.05408739736979274,0.12166216660774876,-0.10431720001375454,0.7934607576991602,0.4760309796451696,0.48739428927058537,-0.15029947216764647,-2.208894412655926,0.8205429490956908,0.7763209596555312,-1.8824698225832492,1.9146665429400134,0.8225630202894677,-0.4752029102504425,0.1486213297768368,-0.1336865979665912,1.7725799744612634,2.284624359027335,3.2026668180628812,1.6534125533171664,1,35,train
1.680934214599937,1.4759599141286965,1.3882582875650271,0.5087464049463625,0.1827441583998789,0.8411528884542401,0.11969905820954181,-0.8511277852085783,-0.578893787726438,1.489128811885423,1.6183590687045373,1.5806309264656848,-1.0371477873745765,1.032848059587047,0.1670328931529975,1.1017711392116742,-0.22361339659886584,1.3299830452715966,-0.32800910121142035,0.6856672455263148,-0.02032168512765233,0.6426507864297911,-0.12913147627196334,-1.189323125986218,-0.36612318548147876,0.08889030526687446,-0.883339274181634,-0.033192904153707306,-0.46895212491869465,-0.34459106432386244,-0.8574264014899984,-0.05244241128356322,-0.18295555274483333,0.9706153877611463,-0.2897888454791067,-0.5388973619934639,-0.31660707508222213,-0.09253189260657803,0.4713058974952605,-0.504171964378602,1.0546341210575918,-0.9689651909959756,1.0868189323622897,-0.5222359640227755,1.3330655254688504,-0.2710944454995635,-0.7684351316250132,-0.08015288118253429,-0.8256511143548023,-0.8003124440191149,-0.6425378643914792,-0.21507049652108415,0.3145415715962167,1.2561928722124232,-0.5287091189090122,0.025974852795933003,0.23913223715580606,1.0889674634044728,0.3324270034976379,0.03498408390883836,-0.35586498535202765,0.5739086992911252,0.66602531795051,1.3299724981457672,1.1707915576872798,0.07447686826551346,1.3747403697237146,-0.000555170140914092,-1.068730900773944,0.9500923826415606,-0.017980623555388067,-0.490886504303274,0.052854661297610954,0.9896395798817367,-0.8257328979913624,-0.1491148835888832,0.04914342048045574,-0.13864769656938686,1,35,train
0.6120494938551921,1.4978057850400694,1.5607457608539816,1.2575395198922958,1.8864459485387217,1.64477630630201,1.7560185646958921,-0.35621273973544204,-0.4734816737470239,1.3733800421192648,1.514965801824317,0.6535563620943028,0.052996644791469524,0.36366144279948937,-0.39477267969572766,0.0899433918363969,1.7204739577759065,0.20061643291055933,1.8959326563916352,0.058188503829034594,1.845312340193174,1.532897849335108,1.033734014201294,-0.5767084003125217,1.861953630940469,-0.6359446723317709,0.09576959003223247,1.8702382925776433,2.043467783616168,1.2802906485521561,-0.3202028403183556,-0.6686525658697784,0.22307447605422961,0.13190397333167717,0.34642086500130764,-0.664562463824778,2.0752796268794147,1.1964202164172888,1.3151417225849753,-0.39110493267733,1.4061691351048298,-0.15399625356900326,1.1605652629428969,-0.40409324593693147,1.5520719374007594,-0.2777085601760874,-0.18254889317812972,0.37852945250727726,-0.5504340762365348,-0.16285952214819646,-0.4876075029909927,1.4776713744296046,0.023855881024390447,0.30918155596177715,1.9120771845010915,0.08969441356095617,1.5012968051124906,0.21397670225394957,1.4030718939004205,0.8988756414746453,1.3981709232229578,0.6462610821755913,0.36376159791928664,0.07749137684482117,1.1435926247196784,-0.5427861373462163,0.29200281645970527,0.15103041616083132,-0.3158840071272398,1.2699766704956392,1.3538500404555558,0.3168185894175486,2.1549330344166187,-0.03242902700561515,-0.12835022226814677,1.4678965501313517,-0.385825324013672,1.156700201446437,1,35,train
1.4249813974336503,1.8582626550777217,2.063029283071417,2.2007308473722698,2.215745840825086,2.1749676898613273,2.4282055160114338,-0.3637114525456411,-0.602084452801909,2.006139983507595,2.0789290757164274,1.3793798644491215,-0.11305184487620636,1.0756448781025305,-0.7725951409682621,1.6354824784865458,3.41222090600697,1.7257439949023876,3.8470832212741493,1.8869587839072917,3.165676517533759,2.662653005306322,2.7474305264776735,-0.9294259696398014,3.0672443319741847,-1.4689639749451393,-0.16783664264073161,2.971141741497938,3.458277391428385,2.8996266900531706,-0.5688606029178017,-0.735470534439368,1.850664933376969,1.2708947830507094,1.7837835442348364,-1.058693919568445,4.340249891594108,3.1999299978211244,2.8059183469101385,-1.0372022566845989,2.515558854760399,-0.800538277261068,2.3835252450712967,-0.6952306583627614,3.032555282060464,-0.5356590325605206,-1.4301419421061992,2.0031752756528696,-1.0664660227082863,-0.8180194696266405,-0.9711780249379658,2.7602370958190052,-0.06558586992078687,1.6436065924967782,3.4328483974556288,1.7074632618729333,2.678941424322076,2.149562325405107,2.6476482646935473,2.6931119533420906,3.233789897313059,1.0853651989916613,1.8232635603557652,1.5178446663409093,2.6045638812651264,-1.2905275018677425,1.8417030111788086,1.735099793014071,-0.48195317484342454,1.845768388632981,3.4671036355938014,1.826364517002581,3.4621480591580513,1.2364549090991157,-1.005702620758644,3.8413404511512224,-1.2454064143234957,3.401645242744538,1,35,train
-0.0801499487957723,-0.5010914033505475,0.21396356941382466,-0.4114051343814287,0.32497697572544476,0.3042924308878875,1.2832090989400449,-0.1972400281592225,2.113331603307796,-0.16993688809617458,-0.2765575315729526,0.0201103964028246,0.06021614434223805,-0.2277127766871895,-0.13193966315831238,-0.34925656444188286,-0.0992202386406994,-0.5522946419967989,-0.6008002939319613,-0.6931347263611297,-0.20057618032773217,-0.43287612205480475,-0.47595100851837346,-0.03835000502351582,-0.1608055266303095,0.6676764440956435,-0.006934136983208079,-0.1926695719879556,-0.7005579681904455,-0.43886747769892154,0.1586935913546516,-0.290017410642104,-0.48487531774926473,-0.3927220965995134,-0.2819344046089781,0.7348898065694016,-0.6143725624692831,-0.5212664960345593,-0.6725604431819088,-0.9564400911836903,-0.6436908818719217,-0.012734971081661408,-0.7015295842174305,0.11067145429424606,-0.6423723101569687,0.09598891904751444,-0.16876333462643836,-0.39877954046324304,0.03440212976478343,-0.14515249654067094,0.34338261724798047,-0.3405721542226723,-0.797890205784426,-0.5039089680918076,-0.22318171946667853,-0.5439612184912186,-1.0962829530483649,-0.8094973395766625,-0.6068029906102185,-0.5255341842107822,-0.4000558125060486,0.1647434995306963,-0.6812072627600856,-0.725235159988967,-0.7137059407822474,2.2926089697320546,-0.2878518921603565,-0.4060466134980831,-0.09999408909619957,-0.2654679112039384,-0.6087400713520084,-0.33405056377495895,-0.3110586789234473,-0.5323882836254343,-0.595146690695783,-0.538293906619855,-0.6136660949391675,-0.5525746564616614,1,35,train
-1.582061762733795,-2.2290997924401412,-1.2763281998027427,-1.707393217941698,0.8150617919450575,-1.8698256954056642,0.041372188882518965,-0.566176698421015,1.3143077793438376,-2.0257754966802404,-2.143275968155837,-2.439441517258618,0.9734828375144553,0.7838483882242349,0.27545151247468125,2.3415381044022614,-0.6465501336566317,2.9564640211932613,-0.46209290780287277,1.5484505153600747,-1.3046349634282215,1.9757618704758237,2.5485193241598796,1.477716740330581,-1.4117223740753964,0.8624082291221453,1.1741587236943583,-1.355305924586024,-0.5243361309184611,-0.4943241914489563,0.7542442820249298,-0.2640326450872636,-0.273184448033514,1.0948689306395862,-1.090941814232221,-1.8183965806395712,-0.6875935839579046,-0.2794162069213391,1.88707489292356,-1.957890943394957,1.5796539472320381,1.063024026321942,2.340506552232609,1.1233233236014806,1.517030911491654,0.7243298133172875,-1.960885946346317,-0.35326144628028466,-1.8714758592042184,-2.317214304397134,-1.332682201539101,-1.090521084390699,-0.7475792208777639,1.9114481768909002,-0.35706451248073484,2.659716697750224,2.177456395089286,2.467740784005297,1.3025781496748887,1.260034319386772,-1.1037097525739208,0.9256909746949087,2.8466421553186216,3.4990420763987697,1.1202792536045914,-0.07105668590310575,3.4991638154644717,1.8108925861649436,1.145524668775186,2.1558100830146265,2.015976401408815,-1.855359186899615,-1.5464487023054607,0.8314246252552117,-1.4724990891862801,2.8437266174661957,-1.5716329726940914,2.0478605974498048,1,35,train
-0.39405434720725613,-0.32850902315070185,-0.21104556477015932,0.3863475303878926,-0.4650335639850351,-0.44264385790008115,0.06985468681961819,-0.2647284434510138,-0.4123426476389638,-0.27218163472294743,-0.33483373654180393,-0.2355774282903502,-0.019198350716215642,-0.655680961842023,-0.05637517090380548,-0.6049932478444254,-0.5683601486543557,-0.6295162907052458,-0.7348841005234138,-0.3009605128003297,-0.08341075844768028,-0.4464331839264593,-0.6238593384469895,0.6299569684386984,-0.21023385190929467,-0.008475587246376417,0.3285647046005644,-0.07949258191203745,-0.3430793840101344,-0.4111391208239042,0.1003664618560161,-0.03759397382365442,-0.21071828975673507,-0.6032628220324254,0.047952111936421904,0.10656429741283122,-0.45328631519431567,-0.09802849008642395,-0.7335041416606104,-0.1891995189250585,-0.3012866474103262,0.36758386638425894,-0.6646564189271269,0.3089824453669128,-0.7518755161229232,-0.06605689052732176,0.4446940209238278,-0.29723917651664356,0.1926519266827872,-0.48158598308365574,0.1461985209200885,-0.30077894568314434,0.1915591640465979,-0.6760928437737433,-0.6385616670231097,-0.9652183146599828,-0.684952535812481,-0.5443486240765039,-0.7227573108704477,-0.7508971992279493,-0.45104522845299594,-0.37914682698011776,-0.5128031901712612,-0.7024627759653135,-0.5233134100090374,0.33543358608510654,-0.554687687277553,-0.8494344534306885,0.22107296848842428,-0.708384617463432,-0.6721773274912427,-0.03606227677116033,-0.26317534468383436,-0.5545383772731479,0.10786003886391012,-0.6643659845031276,0.09056901519418219,-0.3821341435648425,1,35,train
-0.1944433451404664,-0.352539481153212,-0.6443340976720131,1.2488995993352274,-0.5067758038523207,-0.5076673294686767,-0.4428302760481678,-0.5871730942895723,-0.4397497972736114,-0.23359871146756145,-0.2878367970507948,-0.23887662602832663,0.14324038917607598,-0.5311811261606169,0.2951639887149874,-0.6661476721363379,-0.5292651561532176,-0.34958781413712553,-0.32800910121142035,-0.4619583478410792,-0.2681716160277621,-0.3650908126965319,-0.8992748493485505,0.49382036273343255,-0.46878201490706334,0.37016955030515475,0.256672095689756,-0.2852689275046159,-0.3783237514645313,-0.36677374982387634,0.26920815250996094,0.19255680680493198,-0.2593030795275631,-0.4168825077147656,-0.13662724851159955,-0.030524904584965987,-0.2238604478633015,-0.5405045872140201,-0.7194402112424485,0.08539184377803076,-0.3788982738882878,0.21002320514837766,-0.6953840566690466,0.19083972728106877,-0.6598928231115214,-0.588571949972712,-0.36865393362596327,-0.21320577187118192,-0.26833661216531074,0.2444020668248904,0.4044157899208994,-0.2854738654756336,0.20273938291474505,-0.4656458846069331,-0.3673631888664315,-0.9404384854735849,-0.3694113938233098,-0.7087408276866022,-0.3632989180637372,-1.135170032526452,-0.8385647896497951,-0.1221711222525313,-0.2062214169967346,-0.5145906077701715,-0.5621690285341824,0.5813351086458769,-0.5803449752695912,-0.9820718414447157,0.3760708583568634,-0.35405125245583713,-0.8942077239785632,-0.17329372473343602,-0.1769853430525311,-0.6304815554938799,0.09098787735447747,-0.9932496659377517,-0.7379428790803467,-0.6791876088992984,1,35,train
0.8068311974848821,0.01010197597557752,0.18222587432865703,-0.23860672324005947,0.13327187411272556,0.16090733973662566,-0.22209091703564882,-0.5946718070997713,-0.36385307520843335,0.28534160631738004,0.26484721136347317,0.6337611756664442,-0.36573432915310444,-0.4183531500743426,0.11118087713879675,-0.6439096996665515,-0.7140778479767792,-0.7550014698564722,-0.6516596688459606,-0.3092168120331886,-0.1735380060477202,-0.4780663282936533,-0.7513665194199345,0.07922251808557741,-0.3509144700110218,-0.008475587246376417,-0.181530472909457,-0.274980110224987,-0.4538473960096674,-0.4776871773239459,0.06659812372522712,0.010663447921049177,-0.49875668625521563,-0.4928152283627011,-0.32513382939468527,-0.09335745550062303,-0.658305175362456,-0.24368832330234066,-0.7006883040182326,0.4245929388818469,-0.6117331533221728,0.05789567016200952,-0.8736043555721802,0.01362565015230276,-0.6292319254410542,0.05961128832663285,-0.43758172638442017,-0.4372948509257463,-0.4265864090833145,-0.16285952214819646,0.15558823979284528,-0.6681008706634023,0.1859690546125243,-0.3843368322015746,-0.5424406874232743,-0.6926401936096059,-0.4088540365719562,-0.6026813414865387,-0.7730041829832137,-0.3030604386169122,-0.18250097113240699,-0.05480855887733872,-0.508485137027958,-0.7935523120599278,-0.49222891518892153,0.3555071797635368,-0.554687687277553,-0.7888002189099903,0.09375327323934932,-0.6099586827391,-0.466006245038731,-0.16153102919381238,-0.13867867566084074,-0.3678447308138483,-0.0552375223939387,-0.6698473791937046,0.06467801849810316,-0.6402297773800255,1,35,train
-0.864106061751632,-1.7987361354860958,-0.4608074260925655,-1.6224339991305248,-0.19138999152171818,-0.5943652915601373,1.8044388111889609,-0.4087037294068353,-0.5430536689734371,-1.7942779571479246,-1.8180571468780538,-0.8327322188640874,0.32011812816990465,0.5970986347021258,-0.6346078072861191,0.5458218274670164,-1.232975021173702,0.533634792965737,-3.014308812578105,-0.06565598466384964,-0.14649983176770823,0.37602856962058456,1.5998658977211693,1.267323804240625,-0.17221206323315222,0.2673944415411677,0.2943301289287509,0.09541731184165422,-2.7950803769088877,-1.1293035638868543,0.17097298703857486,0.14429938506022838,-1.8834231947238151,0.035262328870668366,-0.0345195171999281,0.3978788516581503,-3.3186689561157054,-2.189483831167794,-0.011555713528298674,0.933394581537571,0.237429348142584,1.0793234050704814,1.5723156086846193,0.2878855314230121,-0.00725371555443261,0.6317322078459525,0.8789391153021061,-1.7258070554894918,1.2453570974851602,0.3093278273858173,-0.14018790469899264,-0.32526707401516153,0.15801850744215643,0.706161047117351,-0.8067733813228214,0.6737903872403351,0.3067481961534856,0.7124562873942477,0.0038897627603218486,0.30657540969875763,-0.029532723291565224,0.5489596017447577,-0.04213539755121334,0.4076909451877979,0.012894125637962061,-0.8990924251383531,0.6306790179546087,0.8596930321214912,0.990526778906747,1.309347044385372,0.29524082863208173,-0.32228786823533534,0.25396466510398524,-0.1590009907068352,0.3215740846500568,2.142108097072331,0.5824979524196837,1.721588758475894,1,35,train
-0.9864482888248256,-1.084376156684203,-0.6319149995952084,-0.7339621685119846,-0.5577940970234476,-0.7210776976938106,-0.4043789038330839,1.624947184719143,-0.6948471131037933,-1.121005946341439,-1.205217055915294,-0.7255082923798528,-1.1454402806361044,0.14967735022207268,-0.44076845758977534,0.2622876784772408,-0.3835474568307941,-0.10344380887895072,0.0742423185629369,-0.10693748082814439,0.05178011295237961,0.050659084700874914,-0.09342946559953876,-1.8019378516599143,-0.2444534617178229,0.4891723078213503,-0.6539676171804835,0.03368440816388069,-0.06615935401130187,-0.4111391208239042,-0.5412319626289743,-0.7280463157094136,-0.08231563107668953,0.1215495114251405,0.1893320475987362,0.31791015049276855,0.00556541946771265,0.0036585632907254672,-0.3162742059218069,0.6022697029838457,-0.11410566590465399,-1.208022745974554,-0.43112637208853805,-0.7838376969271444,-0.08609602384991985,-0.9391200278284801,1.099508052129168,-0.21320577187118192,1.1559115600967231,0.6693706814055028,0.5170924163939805,-0.2181315125625863,-0.9152825038999712,0.2613527016056839,-0.3193026990665138,-0.14748395150885227,0.42507612439942477,0.3412480856940257,-0.2202885897427879,-0.008354957440616838,0.052050342223550386,0.1971773263409742,-0.21917557642664418,-0.29825295954546266,0.06340642972065041,0.4006727655400048,-0.0928565034208667,0.037341226434522264,-1.1296229289365451,0.3103238069334032,-0.03383993759019666,0.05411838903262084,-0.16262034278064721,0.030856954844994875,0.6927616378575748,0.21813856067978035,0.3701917795118357,-0.07047149141065928,1,35,train
0.9629785136177741,0.4666806780232704,1.7042553386303918,2.4858482257555288,0.37290325112862455,1.2362955233710897,2.3584233960655405,-0.3772091356039993,1.8772084679939085,0.8409357011949382,0.7385763614328457,0.595820401679715,-0.19968583948542856,1.036738679452091,-0.7397410139010852,-0.16579329156614575,1.6493921532283828,-0.22892898803017708,1.5861528273700038,0.43385011892411673,0.0022101267723576516,0.6381317658059062,0.4165992582922408,-0.06310211515174598,-0.153201168895081,-0.019294019747848737,-0.09936749129710457,-0.21324720654721344,0.7494960070761685,2.1870079183652242,-0.40615861010581844,0.07748141649063878,1.0108421387669415,0.2803179273253692,-0.1994627754726281,1.860163672967987,1.479748652105293,3.5324741453518023,0.5978812712587177,1.119147562189661,0.009159858501520377,-0.15399625356900326,0.4968482877174336,-0.18890472370914416,0.6716661614344853,-0.7836883329301679,1.4165758988180697,0.5956157478413865,1.6581826546625613,0.8051245443965318,2.427900206999981,-0.055897662362972375,-1.0438550208836637,0.1943923055071534,0.15443641467553157,0.45077192456275406,0.19968959440715967,0.17685588208392738,1.4069370379090949,2.537091404484052,0.2967995387688972,0.8882673283753572,-0.033499291264606955,-0.39503559164599034,0.6540118313028528,3.4518590046614004,-0.3032462649555794,0.7535831217102694,0.25982244095553403,0.5859164241615326,2.178534370265603,-0.31052517269571167,-0.018970340061808436,0.5877735951303631,1.1370618909393009,1.391157024463273,3.663526559253088,1.590106077098348,1,35,train
-0.09302807796137164,-0.44210755188984074,0.5589385159917338,0.3978674244639839,1.393269114551162,0.5477136321446809,1.6962053190279838,-0.29322355212977014,-0.49245585426331845,-0.09470018774817189,-0.18256365259093424,0.09764154324527115,0.13963063940069173,-0.11488480060091526,-0.3750602034554215,-0.4215299749686884,0.24197242318741422,-0.49437840546546363,-0.4759636464157816,-0.5114961432382329,-0.37181795076780805,-0.43287612205480475,-0.9910800196490709,0.49382036273343255,0.19279710805781533,-0.7874027273523834,0.18820294434612897,-0.799709791486062,-0.9875478174619629,-0.06176182419868519,-0.14829130074342994,-0.3753959260365796,-0.6514517398206752,-0.3616587108799034,-0.5764759372387995,-0.2818551082475942,-0.3995908994359932,0.08885582422833714,-0.7147522344363945,0.15000157617875765,-0.648256271664743,0.03616316516395693,-0.6523653638303591,-0.06654262283451996,-0.7124543619751796,-0.16857566801344265,0.3688734488895253,-0.3252503113984641,0.041282555717740116,0.061429468880460074,-0.20122107737191156,-0.00692140569893798,0.11888774140364135,-0.6139153331108221,1.235797435173679,-0.13686402471468173,-0.7863764743090003,-0.735255699236618,-0.15071599758665039,-0.19037893110832868,-0.19949744311472276,0.1273198532111449,-0.5732559341775059,-0.7138489679771403,-0.6010246470593272,-0.979386799852074,-0.4264012473173624,-0.42120517212825764,0.5366043871491754,-0.21133364710555586,-0.3153427617080493,-0.1928982172994754,-0.6606070188726216,-0.5323882836254343,0.27095760012175896,-0.5711822747633174,-0.22012294515876618,-0.3529157699253878,1,35,train
0.8052214313391821,0.997535341169631,0.8983938634243962,0.8010637171271788,-0.1511937605384061,0.6994350658047371,-0.40580302872993884,0.28417733425555547,-0.534620699855084,0.7579824161958584,0.8720476695873117,0.6651035541772204,0.08548439276992785,-0.013728684109772814,0.0881829881917729,0.07326491248405716,-0.7993760134338076,-0.30132428369434616,-0.6609068279212331,-0.1523471266088686,-0.5115151845478699,0.10036831156360833,-0.20053549761681247,0.23392320638701591,-0.5448255922593482,0.22412071153527843,0.39703385594419144,-0.2955577447842448,-0.841535438008033,-0.7549707460741196,0.3950719582701744,0.010663447921049177,-0.7555620036153067,0.03871381617284725,-0.46258654462193527,-0.29899125849731883,-0.6875935839579046,-0.6531848355508613,-0.18501085535229564,-0.4234097988776935,-0.050190208805156164,0.34585136138620637,-0.0439581365403512,0.2710080002678915,0.01902705387739647,0.09268186170925248,-0.39622505072934605,-0.7524201183462276,0.013760851905913371,-0.4107578806535537,-0.5016920813001279,-0.5854534375428443,0.09093719423327343,-0.1643241021635458,-0.28497377778085836,-0.32094275581363757,-0.12148621083181814,0.06549342157386079,-0.18550229366471915,0.04654116160202641,-0.6516035978443218,0.11484530443796108,-0.17167699185030907,0.3279876011050104,0.02843637304802002,0.22502882085374024,0.061087224531362096,-0.23930246856616313,0.3483926637374993,0.26111083957123726,0.19612011591452802,-0.5104909968693134,-0.5456870166975506,-0.19064398163214022,-0.5276580446580524,0.11399206155881605,-0.35475612797837713,0.04640200314715942,1,35,train
0.5476588480271954,1.8626318292599964,-1.69581773484148,1.8781738132417136,1.993120561532896,-0.3309368682822377,-0.27905591290984727,-0.5301828769320597,-0.8529652840729143,2.2029128921100636,1.9886949518936898,2.4961582987541497,-0.14192984307928042,-1.9201324179813035,0.4298659096904127,-0.13799582597891286,-0.41908835910455594,3.54527909259517,-1.0030517137063186,-0.9532081521961866,3.066536545173715,-1.0745770506464545,2.0945937598961955,-1.0593745478130097,-0.7463410722429032,-1.6474681112194327,-0.8319874106739138,2.3538127047202027,-0.9472685403712235,-0.18099375876125992,0.71740609497316,-1.199484205061518,-0.960312189078082,-4.558667270329428,0.1932592680338005,0.34647040090897635,-0.9170194512889187,-0.5350079897341742,-0.7803839097211501,-1.772137962742867,-2.926385778282558,-0.9798314434950018,3.1824438263612054,0.2414723207464305,-3.5814383582831875,-0.8299871356658354,-1.657603658209107,-0.9730078055405644,-1.5687371172741245,-1.6325426475728142,1.352777396069332,-2.835300228046924,0.32572179046436384,-0.00648888278843815,-0.9509548507225744,2.8508753800452933,-0.6624138828132544,-0.04056606462620264,0.030945770821041992,-2.6404794020641957,2.3091818214750823,1.1701921306493113,-1.0871042582305857,3.1631494120498793,-3.456912608657477,0.10458725878315882,3.4273234090867652,-0.39088805486790856,-0.9081973719816321,1.9835646972470455,-0.8981725524872652,3.3359104445876135,2.8683947145868514,-1.2158768876120227,-0.3083199450354282,3.0849079838515867,-1.6234149660862494,3.2360744587876282,1,35,train
0.2466325787813109,1.211624876101085,0.5920561108632131,0.4842666300346685,0.5491482639016082,0.8044729814155452,-0.15942942157403056,1.019051189655061,-0.5388371844142605,0.9508970324727883,1.1521494289537264,0.3120893962137404,0.11797214074838618,-0.33665013290841983,0.15717665503284442,-0.7662185482503764,-0.6287796825197508,-0.10827016192322865,-0.4066099533512373,-0.2844479143346118,0.33117458051250337,0.3263193427578512,-0.20053549761681247,1.7871181169334582,-0.04293798173426788,-0.08420461475668264,0.3627992802723779,0.06969526864258192,-0.5041964923730915,-0.6191017973865345,0.30911618848271155,0.42270758743351833,-0.3668836854486824,-0.17527839656224364,-0.5725487168037352,-0.06479720508441529,-0.5606771467109606,-0.24918492078218657,0.025948100920133103,-0.5526292636791473,-0.15062878424722417,1.4759416212849412,0.3985198469432909,0.9587673948390549,-0.08171589561128167,0.35063233409368566,-0.33419003724673485,-0.4618045939473393,-0.5366732243306215,-0.5406094017754075,-0.2106107962446683,-0.16609423985704977,-0.3674517793607603,-0.3986854885084026,-0.6007998536088887,-0.3280227070097512,0.42507612439942477,-0.486015906666469,-0.2202885897427879,-0.22505016418789284,-0.07712284484204933,0.17222822879460659,-0.4005338084453782,-0.3210253435691163,-0.08813048252741465,0.24008401611256291,-0.2827204345619489,-0.4704704876763249,1.2783800029481338,0.6105229078426155,-0.2201868774991977,-0.2399489994579699,0.30663633276755947,-0.46593800268229385,-0.27457562201656294,-0.07785675261138132,-0.2304793438371978,-0.32369739628593314,1,35,train
2.149376162998613,1.8560780679865845,1.5662653599992282,1.4591376662238933,-0.8206156072989496,1.7298069998917118,-0.13664342322435116,-0.5211844215598208,-0.7032800822221464,2.085234976181136,2.1466046685834805,2.006227434664647,-0.8458310492792108,1.7681752140803517,0.193316194806739,2.308181145697582,-0.9522018932109835,2.753757193333588,-0.5175758622545082,2.0562129181809,-1.5705103438483392,2.0706613035774057,1.4621581422703889,-1.1707590433900454,-1.438337626148696,0.7812699853611029,-0.7395540563600173,-1.3861723764249105,-0.6904881489177607,-0.7799262672616353,-0.6087686388905523,0.5303587590178571,-0.56816352878497,1.4779840211814423,-1.7742781699334067,-0.8130757659890584,-0.7705774083116756,-0.416831143917487,2.2621130374078775,-1.5621563324405048,1.6983540818453913,-0.767939519763989,2.518726851135743,-0.7964958452934848,2.1565296343328284,-0.5621154912666163,-1.2509296809342114,-0.5143254718507528,-1.0458247448494162,-1.3020115028990047,-0.8960602739559117,-1.5251853622840041,0.36485255650287896,2.949334316418123,-0.5115446582661844,1.6756034814904217,1.9689738548464408,3.104097701205678,1.4842399180825812,1.089567423412248,-1.379052598687436,0.9780840795422806,2.311203565549026,1.967599250808067,1.800252577794627,0.1397160477204117,2.9090461916475947,1.7085723154112655,-0.9358755666009962,2.0475415548178613,1.6115638935211956,-1.9141726645977333,-1.7667120398076803,1.673128183868325,-1.1294318051611498,2.2681801749556034,-1.1366642281999637,1.892029271372713,1,35,train
-0.5872262846912462,-0.4726917711657628,-0.16274907224925206,-0.8261213211207149,-0.05997923638396715,0.012520443080087231,0.037099814191954086,-0.1732441471665856,0.768273028930473,-0.5171831973946485,-0.5716983115764902,-0.4170333038790549,0.28041088064067776,-0.30552517398806833,0.15389124232612672,-0.19359075715337865,-0.6678746750208888,-0.6053845254838562,-0.32800910121142035,-0.6353406317311171,-0.3492861388677981,-0.7040173594878961,-0.2668392317227438,0.1287267383420377,-0.42695804736330667,-0.04093088475079337,0.2772128410928441,-0.274980110224987,-0.05608953473861705,-0.6052376189490258,0.16176344027563241,0.055208760300775574,-0.40852779096653496,-0.5791024109171732,-0.3447699315700067,0.13512454782903896,-0.11646961634665659,-0.2656747132217243,-0.7241281880485024,-0.05998005412360473,-0.515859967672926,0.10679380640762785,-0.7199661668625822,-0.14671089582134272,-0.44964666765688877,0.14890183645970584,-0.07915720404044443,-0.39177675674278795,-0.22705405644757062,-0.4461719318686047,-0.11201874808072235,-0.4936229562977798,0.04062620932661119,-0.41303414481523054,-0.4360210314377424,-0.2997029022252965,-0.7582031580599671,-0.1413225765162629,-0.9392053753562088,-0.33773167169647633,-0.15870591035716494,-0.09223220519689014,-0.758932219339543,-0.5999870478588725,-0.48445779148389256,-0.10116707642075111,-0.4828472808998463,-0.12182363918231043,0.17125221817356887,-0.19656975689690606,-0.46204141653002884,-0.4359939251183637,-0.4930153490339764,-0.3868305253690313,-0.8144847903184074,-0.3902962499742742,-0.5411713041901461,-0.17273579914875065,1,35,train
1.700251408348336,-1.0144693697678098,0.8901144647065264,0.23658890739870594,1.7349370779093145,-0.10919015754830946,0.9143607506546101,-0.7461458058657918,-0.36385307520843335,-0.1313539648407886,-0.34799287959928654,1.3051479153446515,-0.6545143111838451,0.6943641313282243,-0.4900496481905407,-1.7335703506860811,-0.5861305997912366,-0.7501751168121943,-0.30951478306087515,-0.5858028363339635,-0.34477977648779606,-0.15269684337394362,-0.889074274870715,0.568076693118123,-0.556232128862191,-0.53857877981852,-0.4280194177465143,-1.278139794988807,-1.0429318234617293,-0.08117167401119736,-0.34476163168620216,-1.106681470937088,0.7817995584187521,0.287220901929727,1.752365780754322,-0.11620565583358923,-0.3556582865428203,-0.16673595858449786,-0.5600489998366134,0.7395653843353904,-1.269149283488436,0.19372382639983823,-0.4495629547336898,0.25413046911277093,-0.8350979526570487,0.023233657605751246,0.19655396699338307,0.5816101804004763,0.16513022287096046,-0.22778528270912338,-0.1871364990627764,0.626708914892007,0.49342507348657133,-0.7813163233571484,0.6384742048032737,-0.2784630486369554,-0.6060672503151882,-1.1807055412768843,-0.36716406207241153,-0.26549993611405104,-0.019334840102175774,0.3443770018645432,-0.6337086781837505,-1.2717723765566527,-0.6437658274369866,-0.16640625587564936,-0.9908615831422013,-0.23172318925107585,0.7801724997995796,0.015046002760407526,-0.45807658802132667,1.1206027846251634,-0.6366653517528151,0.31564387317274,-0.20708697597883238,-0.9987310606283287,0.13717280924712444,-0.659708693139662,1,35,train
1.4958111078444467,0.2591449043652282,0.8542370702624239,0.8255434920388728,1.3654409546396382,0.22759807980698002,0.7918860095250834,-0.7461458058657918,-0.41655913219814034,0.5689260922444671,0.5411892155706071,1.2886519266547691,-0.6220265632053867,0.589317394972038,-0.39805809240244533,-0.14355531909635943,-0.39420972751292266,0.25853266944189457,0.13897243208984494,-0.12757822891029175,0.24104733291246344,0.07777320844418405,-0.1546329124665523,-0.39106757435079553,-0.058146697204724866,-0.3438469947920183,-0.61973304150867,-0.074348173272223,-0.13161317928375318,-0.003532274761148695,-0.36932042305404866,-0.9247881120532052,0.5076425304262224,0.27341495272101146,1.0454661024427505,-0.030524904584965987,0.2349912867987268,0.19329117634540952,-0.49910530135791176,-0.06805627067369559,-0.33324437596007506,-0.17029563231754272,-0.47414506492722547,-0.15936904418768313,-0.033534484986261694,-0.38353439500047026,-0.39622505072934605,0.5535990455186557,-0.371543001459661,-0.15105483840984613,-0.5298612379183981,0.3420344230323071,0.3424921187665846,0.3187473268329958,0.2505573942753669,0.19943365710071828,-0.4539313425704092,0.14503803622390835,-0.2898611818989254,0.0436518921787294,0.5925381512611912,0.0799165678730464,-0.10690619470076121,0.10026376086847474,0.06729199157316491,-0.3821973879187744,0.3484488500421892,0.2230335696541604,-0.2992770903556213,0.0445737831777071,0.02166766153163343,0.9598459455836403,0.18692799716852715,0.3314653686353925,-0.4432972371108893,-0.05593117384907305,-0.48421111145877227,0.11944793724579611,1,35,train
1.1738578787044631,0.5256645294839771,1.1729939209004119,0.07675037709293937,0.148731962952461,0.7061041398117726,0.3048352948006868,-0.5451803025524578,-0.496672338822495,0.7656990008469355,0.8043720767202585,0.9653305483330772,-0.43431957488540535,0.09131805224641357,-0.13522507586503005,-0.2325072089755047,-0.4119801786498036,0.10408937202500058,-0.19392529461996794,0.19028929155477778,-0.19606981794773018,0.0009498578381414881,-0.4300484233681133,-0.5643323452484066,-0.30148614473203655,-0.06797696600447417,-0.22261196371563322,-0.2955577447842448,-0.04098480582958982,-0.3334997215738555,-0.5688606029178017,0.03664821347588958,-0.13090042084751757,0.20783669397961263,-0.2622983024336567,0.009459445997724863,-0.0969440106163575,-0.2354434270825718,-0.12875513367964797,-0.27803790097605796,-0.28302508823904104,-0.35502192480098976,-0.46185400983045766,-0.12139459908866183,0.17233154222973276,-0.03960043182122606,-0.4789384020394943,-0.1816932451291338,-0.48162981670696803,-0.5170000342987068,-0.40310003313618187,-0.30690097776614866,0.6555382470747052,0.13699768027984152,-0.5355749031661433,-0.35280253619614915,-0.34687274082408326,0.09200829312387664,-0.12752513353460457,-0.34062094111977337,-0.11791437759960713,-0.014890002803150533,0.04422566531485048,-0.3551839196045966,0.1100331719508243,0.1296792508811966,0.3176601044517434,-0.572790758430003,-0.26606325681238435,0.142999717902039,-0.41842830293430516,-0.25171169499759355,-0.32542367919533116,0.277672284062374,-0.26332751434360785,-0.5492566960010091,-0.15280635374896068,-0.5525746564616614,1,35,train
0.3287306522120067,0.5584333358510365,0.08149318992790759,1.068901254396301,0.8722641206520785,0.07420937764516501,0.33901429232520586,-0.5256836492459402,-0.2816316263044904,0.5322723151518504,0.5374294604113263,0.3087901984757639,-0.14553959285466467,-0.42613438980443047,-0.1647937902254893,-0.254745181445291,-0.3444524643296561,-0.393024991535627,-0.2447846695339671,-0.3959079539782076,0.015729213912363642,-0.26567235897106506,-0.22603693381140144,-0.43438376707519827,-0.2748708926587369,-0.17616129101919736,0.03414735382296814,0.028539999524066228,0.004329380897491865,-0.391729271011392,-0.07768477556087121,-0.30857795746699,-0.28012513228648944,-0.4375914315278389,0.008679907585779046,0.0037473959144833126,-0.048129996290609815,-0.1502461661449601,-0.5225451853881816,-0.5607054802292382,-0.56607925539396,-0.31155691480488457,-0.49872717512076115,-0.07076200562330011,-0.5591498736228433,-0.502588459177901,-0.34108281652258055,-0.3077433520973263,-0.41970598313035784,0.07323415261881042,0.2213162719021426,-0.5670873412938314,0.012675662156243283,-0.2647646963113416,-0.3433329439664727,-0.5262613405009344,-0.22291014932833744,-0.29510883150635486,-0.7072967348357505,-0.3463994799663674,0.28660165557950773,0.0874012971369567,-0.44371433987841014,-0.4291941676814707,-0.5505123429766389,-0.0007991080285999262,-0.5752135176711836,-0.5121565239093049,-0.1885643118781648,-0.18672716342447288,-0.3787800178472837,-0.29876247715608806,0.019336327329881907,-0.49441669451506837,0.04599544666265711,0.015326957128428832,-0.5618841015470094,0.32397655272197884,1,35,train
-0.49064031594925117,-1.289727343251108,-0.29935915109410405,-1.296996991480946,0.2832347358581591,-0.9728352414593983,-0.4755851486758319,-0.050265257079321425,2.349454738621683,-1.2136049621543654,-1.3969645690386114,-0.2421758237663031,0.16489888782838155,-0.033181783434992514,0.20645784563360978,0.2622876784772408,-0.28047884023688474,-0.5040311115540195,-0.02747643126506149,-0.020246338883125423,-0.8224541887680077,0.3263193427578512,0.6767139074770483,0.09778660068175003,-0.5828473809354907,0.7704515528596305,0.18135602921176627,-0.7173992532490306,0.2359352241692427,-0.42500329926141284,0.16483328919661322,0.047784541570821175,0.14672694927149982,-0.22359921879274802,-0.44687766288167813,-1.6984435288914985,0.17153306817525482,0.1548149939864881,-0.03030762075251456,-2.595912050852135,-0.46564067995189196,0.112226932657141,0.17113532765308595,0.17818157891472836,-0.4759274370887179,0.33078999006411386,-2.4847371713105892,-0.18869602884958891,-2.119171193510659,-0.4343672481302544,-0.7833836474828306,-0.4293416194262346,-0.5295649529488942,-0.08301504975818731,-0.6076656378660198,-0.020044829978805946,0.08136166616122048,0.054887472953854446,-0.20482801370809067,-0.11814719552590335,-0.5496247659504273,0.3867904676933681,-0.28826442671949526,-0.4291941676814707,-0.3445775647933709,-0.7836692614873791,-0.4777158233014387,0.10176510061276407,0.06053943969611236,0.8024534805550627,0.6084622808195516,-0.5300954894353528,-1.0532503596374476,-0.31405164624082976,-1.2419128818907008,1.5172291023465454,-2.6694112326078425,0.7914705309532536,1,35,train
0.20960795743021282,0.22856068508930616,0.15324797881611268,-1.3589164221399368,0.20748030054345556,1.1929465423253593,1.5196138318179686,-0.09525753394051563,-0.4397497972736114,0.5669969460816977,0.6145044411765814,0.4556044978157159,0.0818746429945436,-0.25105649587745316,-0.07937305985082932,-0.5271603442001733,0.7928564084307227,-0.2530607532515668,0.3886457271222046,-0.556905789018957,-0.5070088221678679,0.22238186840849947,-0.8839739876317971,-0.11260633540820629,-0.21783820964452316,-0.019294019747848737,0.2806362986600255,-0.53220054221571,-0.04601971546593223,-0.3778650925738833,-0.043916437430082236,0.22967790045470396,-0.18642589487132105,-0.4617518426430911,-0.38404213592064956,-0.3503997092464928,0.7231314300562037,-1.6425723819231257,-0.10531524964937812,-0.04382762102342301,-0.5067291880872834,-0.08879873857484548,-0.6400743087335913,-0.04544570889061925,-0.6423723101569687,0.2481135566075648,-0.4927239605911857,0.17544872461407826,-0.6054774838601884,-0.11564078719479509,0.20723169359300747,-0.4385246675507411,-0.12148696426152268,-0.6378297602888687,-0.4360210314377424,-0.8625590223163344,-0.5271819648178954,-0.4595010351164531,-0.4637926622892692,-0.4215204849720897,-0.40685440129897493,0.1397944019843287,-0.3573532770123463,-0.5886008558470457,-0.503885600746465,-0.5628597310246465,-0.267326061766726,-0.8001691378826212,0.19893041279293297,-0.35405125245583713,-1.9607465928194412,-0.14584743514098086,-0.42597868109851833,-0.7095890328071425,-0.004621037865640785,-1.6016844765918063,0.6239235471334101,-1.575217733842575,1,35,train
1.3074684687975564,0.8511680060634328,0.7079676929133905,0.8716230683432379,-0.5547020792555005,1.0445596456688209,0.3931310384056943,-0.35921222485952164,-0.496672338822495,0.9894799557281743,0.9735610588878915,1.1121448476730291,-0.19246633993466003,0.2780678057685227,0.06847051195146676,0.2233712266551148,-0.15253159205134215,-0.016569454081947845,0.09273663671348205,0.4627471662391231,-0.7593651154479797,0.6019796008148274,-0.19033492313897687,-0.32918729903022015,-0.6588909582877757,0.2403483602874869,-0.09594403372992322,-0.4498900039786787,0.014399200170176684,-0.38063792826138504,-0.24038676837285441,0.23339000981968117,0.10855318588013493,0.22854561779268595,-0.7335647546413709,-0.6360022134085702,0.05926083522603511,0.18229798138571768,0.35410647734391115,-0.512248180928693,-0.09127871694054762,-0.46368444979125273,-0.1115589395725743,-0.21000163765304486,-0.09485628032719622,-0.21818152808737207,-0.4927239605911857,-0.2482196904734576,-0.371543001459661,-0.6999726322431371,-0.3514565793360197,-0.8517618331535313,-0.04881554161856612,0.18004364920032542,-0.7449813230086416,-0.002344951988521736,0.09263099266083373,0.22458265087395593,0.0038897627603218486,-0.1990467393782197,-0.6923951306018796,0.1447842214936022,0.3292171727728611,0.0661051848329944,0.02066524934299104,0.1397160477204117,0.240688240475629,0.14345113684574406,0.08268199539160366,0.1577636081106888,0.3785022273148269,-0.9104226452165168,-0.7420086870799636,0.23970069495200796,-0.707627767425334,0.31680366511016755,-0.28743953656857163,0.28501872120270594,1,35,train
2.5824032561918906,2.164104847836942,2.3610876369147307,1.7932145944305404,0.45174970421127514,2.1749676898613273,0.32477304335665624,0.14320153342381367,2.8027268287331633,2.050510345251289,2.125926015207437,2.2404704740609747,0.20821588513299263,2.2389402177506685,0.38715554450308276,3.7758873287034787,0.18866106977677147,3.139865436875823,0.2961741363694788,3.6001408747255237,0.47087181429256525,2.56775357220474,2.4975164517707014,0.6732731611631012,0.1737862137197441,0.9651833378861323,0.3525289075708339,0.5275476375860689,0.3920174228958574,0.02974175348887216,0.22930011653721036,0.28535954092936194,-0.03026049917937377,2.796452170613777,0.3699841876116934,5.0132153189173225,0.28868670255704926,0.022896654470186167,2.9512456278978116,5.141103404134909,3.3829829153964406,0.4653801388754956,2.967350362167769,0.40180886672007593,3.6764341331402766,0.06953246034141874,5.131783928498895,0.03189165834474793,4.8919828525522036,4.983982587772553,5.089885507426523,0.26550902199475335,0.32013168103029027,3.5567607667405072,-0.4943801976233567,2.4119184058862446,3.0508291988093132,3.857120053226128,3.026432377543629,2.5630948292937252,0.2220150620467079,1.0155077258618321,3.2050405662127868,3.316863004209541,3.214597092109901,0.7469422564929263,3.273379681134536,2.68250970739998,0.293036274498771,2.4707730741324885,2.8129069316579467,0.2932931983383013,0.3018479993435982,3.4229855820376924,5.540696044901218,3.073945194470433,3.8085161407511303,2.710143733277444,1,35,train
-0.1944433451404664,-0.24112553950521043,-0.22622446241958732,0.8817029756598178,0.5352341839458463,-0.2942569612435428,1.1279794851828542,-0.5031875108153431,-0.4608322200694942,-0.2779690732112553,-0.3818306760328131,-0.344450953643573,0.20821588513299263,-0.5000561672402654,-0.31263736202778536,-0.6049932478444254,-0.48306198319732724,-0.393024991535627,-0.3927392147383284,-0.4784709463067971,-0.25465252888775614,-0.40124297768761075,-0.511653019190798,0.3948119222205119,-0.26346435605589413,-0.26811796728171206,0.2224375200179425,-0.09492580783148083,-0.5293710405548036,-0.6995140323240849,0.2784176992729034,-0.24547209826237762,-0.5889855815438962,-0.33749829976465123,-0.6864381094205996,0.11798839757931431,-0.6778307810927551,0.4213999717590149,-0.9022713066785534,-0.06805627067369559,-0.5067291880872834,0.11766005890665415,-0.4249808445401541,0.638094302891764,-0.5065883347591851,-0.2611732734847776,0.21033952554507446,-0.8679660497337374,0.35778214955374765,0.06733181074963525,0.12741908317457498,-0.5028060044222862,-0.09912652652522835,-0.5660864787547288,-0.020641083881311296,-0.9085787050910733,-0.5666246075665418,-0.7935884166466529,-0.6995664468184019,-0.4475239097817629,0.048651047827087235,-0.004910363784603487,-0.37894354272886227,-1.0098899602846367,-0.5233134100090374,-0.23666383375015518,-0.6316595512536675,-1.0237578776776957,0.09375327323934932,-0.44755589044395244,-0.7237200981043707,-0.4948074028164819,0.0911613286893013,-0.6589602473266544,0.0010030159708367594,-0.5931078535256257,-0.3495779286391613,-0.3967433303845698,1,35,train
0.008387189217723143,0.455757742567584,0.08839268885946576,-0.1853272131381373,-0.12491160951085589,0.18591636726300853,0.3091076694912517,-0.22123590915185942,-0.3469871369717271,-0.023321779725707825,0.05054116728447127,0.03660638509270685,-0.07334459734697951,-0.6517903419769789,0.02576014676413679,-0.5104818648478336,-0.6572124043387603,-0.8708339429191427,-0.22166677184578568,-0.6601095294296939,-0.28619706554777014,-0.33797668895322275,-0.8482719769593726,0.5061964177975476,-0.3889362586871642,0.11593638652055524,0.013606608419880031,-0.3521462398222039,-0.24741610091962862,-0.7854719386366387,0.24771921006309525,0.18142047871000036,-0.28012513228648944,-0.47900927915398556,-0.25051664112846384,-0.019100804418482886,-0.45816771662689043,-0.1447495686651142,-0.620992698315315,-0.12458978652433161,-0.7121717287642407,0.12852631140568044,-0.738402749507734,0.19927849285862906,-0.5416293606682906,-0.17849684002822855,0.0035561472697038204,-0.44779902650642905,-0.12384766715322035,-0.021203317287992338,0.12741908317457498,-0.46913482796576256,-0.278010028415583,-0.7765334379215391,-0.521843334651881,-0.6607804132270944,-0.6173365768148014,-0.6981348790665959,-0.9237447993215117,-0.32328532457999126,-0.3456671021626382,-0.3591875489430236,-0.5818920404641122,-0.24701509549224215,-0.4145176781386318,0.1397160477204117,-0.554687687277553,-0.6410042722657885,-0.022495144161980018,-0.5410605284320678,-0.4104986459169009,-0.34581325931458257,-0.33500034604325374,-0.7285748273623255,0.0010030159708367594,-0.8507334039827479,0.2666277927275196,-0.6353600484401164,1,35,train
-0.3071269753394606,-0.505460577532822,-0.7602456797221906,0.2581887087913771,-0.16510784049416796,-0.6760614481463214,-0.656449010576412,1.3174999595009824,0.8863345965874166,-0.4921042972786475,-0.6111757407489379,-0.3015613830498792,-0.3621245793777202,-0.3133064137181562,-0.5524724896181769,-0.3103401126197568,-0.3835474568307941,-0.33993510804856963,-0.21704319230814936,-0.2183975204717402,-0.22761435460774415,-0.15269684337394362,-0.7258650832253455,-0.18686266579289676,-0.23304692511498015,0.19707463028159763,-0.13360206696891808,-0.3109909707036882,-0.3481142936464768,-0.13385555207373037,-0.5903495453646674,-0.16751780159785642,-0.16907418423888246,-0.46520332994527,-0.4076054585310353,-0.22473460741517867,-0.29220006791934827,-0.37560666281864263,-0.2459545538309973,-0.37495249957714827,-0.31498281678879,0.05789567016200952,-0.511018230217529,-0.46316460497985346,-0.1430376909522162,0.07283951767968071,-0.3066189201433521,-0.16418628582799594,-0.22017363049461394,-0.4461719318686047,-0.6988761776280198,-0.28853488151713574,0.9909448131191202,-0.3508566341523094,-0.6454274512802408,-0.47316170653008177,-0.2736221185765971,-0.1042017563462407,-0.2744006058642282,-0.4995307594011091,-0.31847274699093303,0.012554004497853846,-0.4955309775980484,-0.44627345569921084,-0.16584171957770444,-0.477546957891318,-0.12877670660972007,-0.4060466134980831,-0.24392070111689304,-0.10798641564500736,-0.573056614773689,-0.31052517269571167,-0.4307670145224796,-0.3899948244615618,-0.36456048340020364,-0.5328125119292779,0.12681641056869283,-0.6304903195002073,1,35,train
-0.4777621867836518,-1.3749262398054622,-0.4097511339990349,-0.30340612741807294,0.14100191853259328,-0.9861733894734691,0.3148041690786715,-0.42820038271335276,-0.4608322200694942,-1.2193924006426733,-1.2898115469991105,-0.5077612416734072,0.381483874351437,-0.30941579385311224,0.052043448417878314,0.25672818535979425,-0.8029301036611838,-0.15653369236600803,-0.6840247256094146,0.12011074807547671,-0.38533703790781404,0.2494959921518086,-0.3688449765010997,0.8341618769965972,-0.4535732994366064,0.22412071153527843,0.21901406245076113,-0.4961896817370088,-0.6804183296450759,-0.6440573185740501,0.1218554043028818,0.07748141649063878,-0.543871133899556,-0.2132447568862114,-0.486149867232321,0.8776910586504404,-0.531388738115512,-0.38110326029848857,0.08689179939883473,0.6184221360840275,-0.10497488631901145,0.4871126438735482,0.4292474846852105,0.5241709675947002,-0.06857551089536713,0.05961128832663285,0.8513679981987233,-0.496818512549615,0.41282555717740116,-0.021203317287992338,0.41380550879365613,-0.6130025819163636,0.2139196017828922,0.02699131526082711,-0.7758773521657315,-0.4342219749514565,0.0644576764118006,-0.06708093617621849,-0.158446285603999,-0.24527505015097192,-0.2300910926828911,0.18220786781315365,-0.06804371641103249,-0.007905063243879702,-0.14641391031513198,-0.050983092224675515,-0.14930253700335058,-0.46668084801878124,0.6196389710072677,0.3595367742955692,-0.14485513583385687,-0.43991482363157164,-0.45470868164228606,-0.44695220812711084,0.22596516942993858,-0.39577764466485127,0.2666277927275196,-0.33343685416575136,1,35,train
0.6828792042659885,1.4759599141286965,1.4061969847870783,1.1869801686762367,1.9049980551464043,1.6581144543160808,1.723263692068228,-0.41620244221703434,-0.6632234789099691,1.3270805342128016,1.4848877605500712,0.7294379100677612,-0.05529584847005822,0.41813012091010454,-0.3454914890949623,0.20113325418532849,1.7311362284580352,0.33575431815034157,1.5676585092194586,0.12423889769190619,1.818274165913162,1.3521370243797137,0.8654245353170068,-0.46532390473548596,2.029249501115496,-1.1227741348980251,-0.19864776074536378,1.8393718407387565,1.7967572114353898,1.1166933429895536,-0.430717401473665,-0.5721377223803712,0.4000619245051032,0.27686644002319033,0.4171108328324648,-1.1557987709835513,2.07039822544684,1.1359576441389838,1.1369986039549245,-0.746458460881328,1.1961612046350512,-0.2843912835573188,0.7795425549430939,-0.40409324593693147,1.2629834736506396,-0.42652614039787584,-1.0510390819346864,0.5991171397016141,-0.7018034472015819,-0.39895319691520337,-0.9101448522650468,1.4715493423466004,0.29218113385992234,0.1752607637647161,1.9910337034580992,0.12863414513958144,1.287179601619839,0.012463678473829074,1.1634329653626136,0.7226302066535275,1.3403829184830842,0.5714137895364885,0.35512549163268026,0.1458085289157819,1.0425680165543016,-0.9292028156559984,0.5280498659864561,0.10934437992785134,-0.45981061914793325,1.250291483550773,1.1595734435291505,0.6383322675005945,1.982553031154012,0.19540050765658096,-0.24083129899769767,0.9362012651453763,-0.8259722678470155,0.9278229412707087,1,35,train
0.5202928235502968,1.0630729539037496,0.2719193604389134,0.06955044329538232,0.19356622058769368,0.6594206217625245,-0.056892429000473345,0.026221613584708724,-0.44607452411237625,0.8872352091014014,1.0355970190160235,0.6205643847145383,0.0818746429945436,-0.3950094308840789,0.17688913127315056,-0.3325780850895431,-0.6465501336566317,0.1330474902906682,-0.23553751045869453,-0.4041642532110665,-0.35829886362780206,0.14103949717857203,-0.588157327774565,0.43812811494491466,-0.3433101122757933,0.445898577815461,0.11973379300250193,-0.30070215342405926,-0.030914986556905003,-0.5691907550115032,-0.004008401457331638,0.051496650935798374,-0.35994300119570694,-0.2753715283254313,-0.10128226459602097,-0.32183945883028503,-0.5021003295200633,-0.3371304804597212,-0.33971408995207675,-0.37495249957714827,-0.08671332714772635,0.31868573013864065,0.060515831782175414,0.13598775102692692,-0.24816076867953252,0.1786653525040635,-0.8304701451076243,-0.3252503113984641,-0.5297927983776648,0.11455054570303662,-0.22939023399018182,-0.5150500685882948,0.1021174131014206,-0.27911335261816955,-0.5390077952947088,-0.5652010720795597,-0.16656351683027115,-0.23147313978631678,-0.6493195747056358,-0.44463464035846584,-0.18590026552887015,-0.03484928084024463,0.057179824744760056,-0.11038079135032075,-0.19304065254530586,0.0694584698459059,-0.10311941861768195,-0.500787604936674,0.21553732956455143,0.1282358276933892,-0.3430965612689643,-0.14976833365418873,-0.3637303465870215,-0.5671955736432699,-0.24083129899769767,-0.8342892199110167,-0.002638572911702321,-0.6694481510194802,1,35,train
-0.1187843362925703,-0.42463085516074245,0.13254948202143813,-0.6432430026627658,0.8444359607405548,0.017522248585363807,0.14106093166236622,0.0022257325920718137,-0.4861311274245536,-0.3937178429774133,-0.5867373322136131,0.0003152099749659049,0.07104539366839083,-0.4222437699393865,0.16046206773956212,-0.37705403002911575,-0.3480065545570323,-0.7646541759450282,-0.5638116576308712,-0.7013910255939887,-0.425894299327832,-0.6000798851385445,-0.4147475616513599,-0.12498239047232136,-0.4649798360394491,-0.38712072479790754,0.17450911407740355,-0.10521462511110975,-0.3430793840101344,-0.47491434163644414,-0.03777673958812061,-0.06357873937849481,-0.35994300119570694,-0.5480390251975633,-0.24266220025833526,0.3293342506592517,-0.7949844154745496,-0.28216450566126206,-0.5600489998366134,0.4649740216323012,-0.698475559385777,0.02529691266493063,-0.6216377260884395,0.055819478040104197,-0.8964197479979832,0.06953246034141874,0.4515868001996735,-0.33575448697914684,0.371543001459661,0.10864820383386145,-0.10732388864434397,-0.33138910609816585,-0.02645510388227179,-0.6473955311600874,-0.4566183842091357,-0.5333412916970481,-0.6173365768148014,-0.5602575470065134,-0.9894522474689748,-0.5717624949835344,-0.722988780170048,-0.16208967832671947,-0.7502961130529366,-0.46904583972286445,-0.5233134100090374,-0.3721605910795593,-0.693237042434559,-0.48562904630649945,0.24321552418391557,-0.3638938459282703,-0.31137793319934715,-0.39678493998628495,-0.42119034767455704,-0.5545383772731479,0.07411571584504484,-0.17652185704176854,0.3909045768686989,-0.6743178799593893,1,35,train
0.5862932355239934,-0.48798388080372374,0.3464339488997418,1.0458614662441186,0.8892702183757875,-0.029161269463884237,1.2305164777564115,-0.4986882831292237,-0.4629404623490825,-0.052258972167247314,-0.25399900061726816,0.3120893962137404,-0.066125097796211,-0.37944695142390317,-0.3027811239076323,-0.6828261514886775,-0.5292651561532176,-0.6295162907052458,-0.3048912035232389,-0.4041642532110665,-0.14649983176770823,-0.19788704961279222,-0.8941745621096328,0.5866407757142956,-0.46878201490706334,-0.2356626697772951,0.0067596932855173274,-0.7225436618888451,-1.0076874560073326,-0.24754181526130162,-0.12066266045460261,-0.3048658481020128,0.25430755519261905,-0.38927060929733454,0.028316009761100474,0.40359090174139184,-0.5021003295200633,0.49835233647685767,-0.6491205591516389,0.25499239132993884,-0.5432523064298536,0.22632258389691712,-0.8551677729270284,0.20771725843618935,-0.5985710277705869,-0.23140975744041992,0.24480342192430288,0.0003791316026998043,0.3302604457419209,0.014210733927058693,0.005352737828737133,-0.19058236818906696,0.3704426659369525,-0.6330468748532594,0.2162284729897114,-0.3705024141864333,-0.7807418110591936,-0.43828913787644047,-0.6686452947490074,-0.19037893110832868,0.3647854266981602,-0.04732382961342844,-0.39189770215877184,-0.5715215678293055,-0.702049255224704,-0.4624917626324953,-0.4058754169237319,-0.28477814445668675,0.293036274498771,-0.2654679112039384,-0.2439758485514106,-0.2399489994579699,-0.5456870166975506,-0.5260596854403734,-0.34768832189077103,-0.943917113722558,-0.6033096962607358,-0.5769233011612069,1,35,train
0.8374167542531805,-0.17558792677109183,0.8252591747498795,0.3733876495522899,-0.5577940970234476,0.10755474768034218,0.3261971682535112,0.29917475987595354,2.047976092640559,0.12329332864475892,0.009183860532383197,0.5974700005487033,0.15767938827761302,-0.14211913965622283,0.20645784563360978,-0.6883856446061242,-0.3906556372855465,-0.13722828018889627,-0.39736279427596466,-0.3959079539782076,-0.1870570931877262,-0.07135447214401622,-0.914575711065304,0.30199150923964885,-0.4535732994366064,-0.9009962686178427,0.10603996273377653,-0.2852689275046159,-0.47398703455503705,-0.28636151488632594,0.2999066417197691,-0.03016975509370002,0.0842607909947209,-0.051024853683803766,-0.7964002816023995,0.3864547514916672,-0.21409764499815198,-0.05130741150773367,-0.625680675121369,-0.003446538272968712,-0.5706446451867813,0.24262196264545655,-0.7691303872496535,0.06425824361766448,-0.3401434616909343,0.0827606896944666,0.5687640478890502,-0.12567097536549268,0.7568468548252354,0.9113666980416849,1.5077077574698183,-0.8425787850290248,0.1859690546125243,-0.5326062807054637,-0.7690115679086005,-0.5191813893048207,-0.6736832093128677,-0.8731330312967005,-0.4096806461678289,-0.1730433145685466,-0.5088332331928694,-0.08973729544225338,-0.5343934558877771,-0.4576596477110377,-0.31349306997325505,0.5612615149674467,-0.33916646814443274,-0.27340922548405583,0.043932522924493886,-0.07353733849149119,-0.19243307793828265,-0.8241628779259436,-0.20092701017233755,-0.07356491520851167,1.1989264831405537,-0.43414740749889075,0.815516922684395,-0.5087470960024794,1,35,train
-0.12522340087536998,0.5693562713067228,0.4016299403522072,-0.566923704408661,-0.5423340081837121,0.8528237679665521,0.6024773982433735,-0.1942405430351429,-0.4755899160266122,0.29305819096845726,0.3701203558233337,-0.03432636627378681,0.14685013895146024,-0.6051029035964517,-0.09908553609113546,-1.0719906697099382,-0.1383152311418374,-0.6439953498380797,-0.44359858965232757,-0.8045947660047256,-0.7188078540279618,-0.17529194649336793,-0.9451774344988108,-0.08785422527997613,-0.8375933650656452,0.7812699853611029,0.030723896255786788,-0.8562982865240212,0.014399200170176684,-0.27804300782382074,-0.03777673958812061,-0.03388186445867722,-0.5612228445319946,-0.5204271267801321,-0.2308805389531424,-0.07050925516765684,-0.28243726505419875,-0.40034135147794925,-0.28345836827942905,-0.5526292636791473,-0.4428137309877856,-0.13226374857095066,-0.6892385291206626,-0.03700694331305896,-0.4408864111796124,-0.11566275060125122,-0.18254889317812972,-0.45130041836665663,0.15824979691800378,-0.05661736850304337,-0.13549304526261424,-0.7721754160744754,-0.12707707369559626,-0.5421720515766822,-0.6728905883087651,-0.5191813893048207,-0.39195004682253626,-0.767073545096637,-0.42514122220252615,-0.5890981115233165,-0.10431720001375454,-0.1546049490628092,-0.8021127507725749,-0.7537006400185341,-0.511656724451494,-0.49762055156974827,-0.7137628728281895,-0.4060466134980831,0.06607507861998518,-0.3442086589834039,-0.9536801516090954,-0.2948415786428802,-0.6701836857205442,-0.5577026763656784,-0.21271102981530993,-0.9877682712471746,0.22520219801379313,-0.8739767664956629,1,35,train
0.06472900431722024,0.20453022708679602,0.008358501253390866,-0.3883653462292461,-0.5098678216202678,0.18591636726300853,0.22081192588624407,-0.2617289583269342,-0.27530689946572556,0.06734808992444924,0.15393443416469146,0.023409594140801047,0.0060698977114741655,-1.0992116264570322,-0.01037939300975781,-0.6550286859014447,-0.43685881024143686,-0.7694805289893061,-0.01360569265215262,-0.556905789018957,-0.6196678816679179,-0.7311314832312052,-0.8074696790480302,0.2958034817075913,-0.5904517386707192,0.09970873776834677,0.29775358649593225,-0.18752516334814112,-0.41356811891892814,-0.4915513557614546,0.04817903019934223,0.18884469743995477,-0.3668836854486824,-0.6101657966367832,-0.431168781141421,-0.019100804418482886,-0.45328631519431567,-0.2024638422034963,-0.8788314226482835,0.1419253596286668,-0.5706446451867813,0.2154563313978908,-0.5048727026691451,0.1444265166044872,-0.5372492324296524,0.09268186170925248,-0.07226442476459874,-0.39877954046324304,-0.0481629816706968,-0.05661736850304337,0.0804704888107912,-0.3375111381811701,0.10770752253549418,-0.45129722830010516,-0.3399000518379071,-0.4802416577261954,-0.7694724845595804,-0.9208598000867291,-0.8619024951827227,-0.3955170601624166,-0.05332778406680728,-0.29930971483174135,-0.7977946976292718,-0.5601353758174787,-0.5971390852068127,0.330415187665499,-0.7650774488122658,-0.6258457136356139,-0.00035258846648871737,-0.5312179349596345,-0.5492676437214761,-0.4752029102504425,-0.1817736764764924,-0.6874389391594289,0.18659679257459577,-0.5108869331669696,0.4789339656353676,-0.4600498066033883,1,35,train
-0.3103465076308604,-0.7304730479199626,-0.5449813130575752,-0.1003679943269641,-0.8283456517188174,-0.6060361710724493,-0.42716490218276326,0.2481835127666001,-0.5430536689734371,-0.6232862363469599,-0.7126891300495177,-0.3856909253682786,0.024118646588395458,-0.4728218281849577,0.11775170255223213,-0.34925656444188286,-0.41553426887717976,-0.49920475850974155,-0.36962131705014695,-0.565162088251816,0.08332464961239358,-0.2792294208427196,-0.2668392317227438,-0.1806746382608392,-0.2368491039825944,0.4837630915706141,-0.11306132156582997,0.12113935504072652,-0.47902194419137945,-0.4915513557614546,-0.07768477556087121,-0.14524514540799321,-0.33912094843678064,-0.2615655791167158,-0.05808283981031382,0.8377067080677495,-0.21897904643072674,-0.20521214094341927,-0.5084812549700197,0.3276783402807566,-0.3104174269959687,-0.08879873857484548,-0.517163757765913,0.02206441572986305,-0.3795646158386779,-0.16526861067518067,0.6445846199233528,-0.2832336090757333,0.6192383357661018,0.44508169037684625,0.5217872758303589,-0.2426196408946035,0.11329763196956776,-0.32215932153865345,0.05488254294713073,-0.24660326825444387,-0.290526108326017,-0.4329861635664373,-0.3285126219856685,-0.32328532457999126,-0.09411931682436508,-0.21697769292872823,-0.3703074364422559,-0.2640943835099823,-0.2824085751531391,0.18990003191648733,-0.45205853530940054,-0.24309210822370678,0.08821763431547648,-0.44755589044395244,-0.2994834476732407,0.042355693492997205,0.20608133086437233,-0.1938082807246707,0.591528668800979,-0.5273311172387009,0.12163821122947702,-0.7230151693584804,1,35,train
2.228254704137909,1.2553166179238306,2.5749721037930344,0.8197835450008272,2.869707598745894,2.81353152603497,2.6503689999208078,0.7550964987360549,-0.6337080869957332,1.9829902295543633,2.077049198136787,2.063963395079235,1.1467508267328996,2.227268358155537,1.4220605471191554,1.540971095489954,5.029331959463134,2.5124395411196914,4.1614866298334166,4.083134379847772,4.062442631154156,3.1778213564291957,0.3043929390360493,1.8366223371899184,5.5234518804529875,-1.8367906799951983,0.9721747272306585,2.5338670071137086,2.3808067292511095,4.150175585116455,1.3682140662210929,1.309901725663069,3.5268401804705363,2.7067135007571257,4.24222353658508,-1.4813856257283198,4.686829393306916,1.053508681941295,3.532554751848504,-0.7545346774314188,2.008800587757238,1.470508495035428,1.6337708841684584,1.7731082730736227,3.9786629816063113,0.31425470337280403,-1.3198574736926683,3.5612946534541376,-1.1283898562848964,-1.2075740329922018,-1.3467667798482363,4.658067041550337,-0.6301869227622187,2.710190044637657,5.221385196438279,0.6242307288675394,2.0647631300931537,3.1995512387857348,4.309660188423498,0.9595502993638826,1.2961920913290634,1.1377583038390333,3.8095680062752333,1.3755172661930744,3.486586421785915,-1.3959138686795012,2.939834937238041,0.5830493371208058,0.8023150554950709,0.9353284924329108,1.4529707531731095,3.8965989319763397,4.611348080908762,3.135034364617417,-1.163176128180015,1.0677547377192258,-0.3443997292999455,0.893734838691345,1,35,train
0.5798541709411937,1.181040656825163,1.8381056179026205,0.06523048301684808,1.8694398508150127,1.681456213340705,0.5056369052572363,1.7614237578647653,1.4260446201620165,1.4910579580481922,1.4604493520147466,-2.3536623760712305,0.659434607056025,-3.204036973445804,0.8931091013376072,-0.16023379844869917,0.08559245318286214,-3.4094956442093376,0.3100448749823877,0.07470110229475249,1.890375963993194,1.6187592411889202,-0.7666673811366879,2.9071511002358728,1.850547094337626,2.068663453036309,-2.584797685070766,1.623306677866549,-0.05608953473861705,0.05192443898888606,2.427311943959474,2.386413441506457,0.0842607909947209,-4.562118757631606,0.41318361239740053,1.9001480235506778,0.11783765241693235,-0.28216450566126206,1.8355071480569662,1.11107134563957,1.1961612046350512,2.6983950274253994,1.4555505852653248,2.490403347166247,1.8236398881963267,0.05961128832663285,1.650930394196823,-1.3686650857462797,2.270540564475706,-2.5356009535566155,1.8786016529437104,1.893969556073897,2.097786481065689,-0.20258718564842038,0.1921982280897526,-0.5085614625106502,1.4843928153630708,-0.21556421685630728,1.7316091346377367,-0.485084412284624,-0.25048685906167,0.890762238129994,-3.854976323087931,-2.96262189031293,1.602088923316388,0.7469422564929263,-3.8747407534472873,-0.12182363918231043,2.0146199798232196,1.2306062966059066,-0.29551861916453853,-3.455085780288429,2.260276369743767,-0.2824086553155248,0.23721327710289367,-0.7082171420277441,-0.03888596828621296,-0.7181454404185713,1,35,train
-0.006100706093576111,0.12151591762357913,0.2801987591567832,0.25530873527235426,-0.13109564504675006,-0.12086103706062147,-0.1024644256998321,1.5049677797559582,-0.27530689946572556,-0.14485798798017369,-0.20888193870589938,-0.031027168535810362,-0.08778359644851655,-0.3716657116938153,-0.17136461563892466,-0.6216717271967652,-0.632333772747127,-0.697085233325137,-0.39736279427596466,-0.416548702060355,-0.380830675527812,-0.30182452396214393,-0.6493607746415785,0.10397462821380757,-0.4649798360394491,0.22412071153527843,-0.006934136983208079,-0.4704676385379365,-0.338044474373792,-0.6080104546365276,0.22930011653721036,-0.3197142855619216,-0.46752360711682617,-0.45830035534091224,-0.16019057112198526,0.1408365979122805,-0.3751838922731194,-0.02657272284842706,-0.5506730462245055,-0.11651356997424075,-0.3560713249241814,0.2154563313978908,-0.517163757765913,-0.10873645072232141,-0.6598928231115214,0.2084288685484212,-0.07915720404044443,-0.342757270699602,0.29585831597713746,0.06733181074963525,0.2447905690840345,-0.661978838580398,-0.4065825453992754,-0.36520529045913735,-0.4840815212376601,-0.5156414137067639,-0.7018565255619008,-0.21556421685630728,-0.6957013028097275,-0.31461751631010026,-0.3592642797484908,-0.08724238568761662,-0.7762044319127558,-0.44058035969329745,-0.4766866677788636,0.2551392113713856,-0.7240257880250047,-0.5538425601422848,0.5864251374640307,-0.38850032960935327,-0.6087400713520084,-0.4752029102504425,-0.22008034386818273,-0.5387168818104954,0.10786003886391012,-0.7630310889335148,0.0180742244451609,-0.6110114037405707,1,35,train
-1.5064027538858988,-0.9358242344868675,-1.3936196816392317,-0.17956726610009166,-0.1403716983505913,-0.9911751949787457,-0.6322388873298777,2.9087268178252175,-0.7855015311260893,-0.7795470755312731,-0.857439703681826,-2.3536623760712305,-3.408753389802034,0.2975209050937424,-1.5183838253931778,0.5124648687623369,-0.10632841909545178,0.6398145599398516,0.1158545344016635,0.5081568120198473,-0.21409526746773816,0.5161182089610151,-0.4555498595627023,-2.154655420987194,-0.3052883235996508,0.38639719905736325,-4.512204295393866,-0.5527781767749679,-0.015810257647877773,0.126791002551433,-2.8620377468904707,-0.8097127217389121,0.5111128725527102,1.1121263671504806,0.028316009761100474,0.5064078032397398,0.029972426630586496,-0.1255114774856535,0.2978507556712635,0.5941934864337549,0.25112551752104784,-1.5611759521929087,0.48455723262066575,-2.041213767983627,0.6366251355253798,-0.47282494313354334,0.7548690883368837,0.5746073966800211,0.7568468548252354,1.7908156365487855,0.8598171552496022,-0.2181315125625863,-2.072435156753203,0.21352384724959067,-0.477215736980529,-0.20412356107776175,0.0869963294110271,0.29882429121400034,0.9083334607901095,-0.12103646494920035,-0.3116741581980067,0.6362814431570443,0.9941973568415525,0.9713074497732236,0.2615700841988894,0.6265006944223449,0.9334350162606586,-0.04603084603143772,-2.0596102681471797,0.5416247535355833,-0.2360461915340063,0.010988505387334195,-0.41640201425059575,0.8250960270701506,0.973964329681452,-0.4286660128083137,0.13199460990790862,-0.3042184805262967,1,35,train
0.9162952953924764,-0.444292138980978,0.11185098522676358,0.3748276363118013,0.24922254041074118,-0.0224921954568488,0.12966793248752653,-0.2317341070861381,-0.39547670940225754,-0.052258972167247314,-0.17692401985201314,0.7294379100677612,-0.12749084397774338,-0.42613438980443047,0.18017454397986826,-0.810694493189949,-0.5114947050163366,-0.5764264072181886,-0.5129522827168719,-0.43306130052607283,-0.3177416022077841,-0.7356505038550901,-0.8533722641982904,-0.013597894895285668,-0.24825564058543714,0.19707463028159763,-0.017204509684752133,-0.1772363460685122,-0.3984633900099009,-0.560872247948998,0.020550389910514884,-0.05986663001351762,-0.3078878692983912,-0.5100726648735955,-0.19553555503756384,0.015171496080966412,-0.12135101777923135,-0.16398765984457492,-1.0147827500238487,0.17423022582903022,-0.6345601022862791,0.18285757390081192,-1.260772591120367,-0.12139459908866183,-0.45402679589552697,-0.0991274639099414,0.16898284989000034,-0.1816932451291338,0.0,-0.3458321200926268,-0.2575593906084521,-0.36199926651318737,0.2139196017828922,-0.3412908632810907,-0.37079608099499706,-0.5368812672951049,-0.9835896880522322,-0.6291962130365546,-1.0706202716511353,-0.23660724188108087,-0.17910167673594385,-0.429045022072853,-0.7071155816199047,-0.725235159988967,-0.663193636699559,-0.06603828748349819,-0.44692707771099294,-0.25067138753879403,0.071610717543858,-0.477083670861252,-0.2519055055688149,-0.24386989797117778,-0.5025920158818991,-0.6431387518640019,-0.049613468557461154,-0.29163114554388697,-0.3443997292999455,-0.45031034872357006,1,35,train
0.4349752178282012,0.3771126072866417,0.4499264328731145,0.23514892063919454,-0.5114138305042414,0.5076991881024683,-0.3217796598154961,-0.13725032567763024,-0.338554167853374,0.6287296232903153,0.6333032169729851,0.41106532835303383,0.03855764568993249,-0.37944695142390317,0.08161216277833754,-0.6161122340793186,-0.6856451261577697,-0.23858169411873295,-0.4389750101146913,-0.4124205524439255,-0.6016424321479098,-0.3515337508248773,-0.1648334869443879,-0.03835000502351582,-0.6208691696116332,0.3539419015529463,0.0581115567932376,-0.6196554890925559,-0.6250343236453093,-0.6107832903240293,0.09422676401405446,-0.12297248921813002,-0.46752360711682617,-0.5238786140823111,-0.9377802172647138,0.03230764633069106,-0.47281192092461477,-0.2629264144818014,-0.3631539739823466,-0.7706871105316005,-0.3560713249241814,-0.056199981077766595,-0.6032011434432878,0.17818157891472836,-0.30510243578182883,-0.006529858438606425,-0.1480849967989013,-0.3077433520973263,0.06880425952956686,-0.2868087014008751,-0.15427248300812776,-0.7262601754519431,-0.09912652652522835,-0.3795539467659653,-0.28497377778085836,-0.6147607304523555,-0.5215473015680887,-0.5761664699365229,-0.6106681346188928,-0.3463994799663674,-0.6176106538796903,-0.1745642270999033,-0.6250725718971442,-0.38934249564007695,-0.4145176781386318,0.17484483665766465,-0.5085045688918844,-0.697848867128943,-0.022495144161980018,-0.44263459370773584,-0.39860416039079444,-0.6947732269900836,-0.7467970205039248,-0.6241529573088189,-0.10585400692223661,-0.4451101968800449,0.15270740726477186,-0.537965469641934,1,35,train
-0.34093206439915885,-0.6561970868212949,-0.6084567032279106,-0.7901216521329296,-0.5191438749241091,-0.7077395496797397,-0.657873135473267,-0.4836908575088256,-0.40390967852061066,-0.5229706358829563,-0.652533047501026,-0.28176619662202046,0.17933788692991856,-0.5039467871053093,0.2951639887149874,-0.1546743053312526,-0.27692475000950856,-0.30132428369434616,-0.05521790849087923,-0.3587546074303423,-0.16001891890771422,-0.32893864770545306,-0.1597331997054701,0.36387178456022423,-0.01252055079335392,0.3539419015529463,0.15054491110713408,-0.1257922596703676,-0.12657826964741078,-0.2974528576363329,0.401211656112136,0.12945094760031958,-0.10660802596210356,-0.45139738073655444,-0.1484089098167924,0.4549993524905658,-0.023722989127735968,0.12733200658725854,-0.7475680720787723,0.4892026712825738,-0.5386869166370324,0.5631764113667322,-0.29592476602409185,0.38915071835373555,-0.6949338490206268,0.30764058869628014,0.4378012416479821,-0.19569881257004407,0.6192383357661018,0.34474187860086836,0.08986020768354797,-0.10181290298550462,0.3145415715962167,-0.5947837913683848,-0.2266146115952441,-0.24660326825444387,-0.4088540365719562,-0.5125307782164849,-0.5333652544454067,-0.043026190520180994,0.133633407738666,-0.05730346863197548,-0.24076584214316013,-0.47473893572877784,-0.6010246470593272,0.22001042243413269,-0.2724575193651336,-0.48562904630649945,0.2542868020316612,-0.08337993196392438,0.0018435189881226806,-0.24386989797117778,-0.26317534468383436,-0.47543089995988536,0.25970949244880387,-0.3902962499742742,0.3753699788510515,-0.25065146218729645,1,35,train
0.26434000638401,0.15428472399063842,0.2912379574472763,0.23946888091772875,-0.08471537852754382,0.33763780092306467,-0.10388855059668707,-0.02926886121076413,-0.3807190134451396,0.22939636759707038,0.24040880282814836,0.24610544145421137,0.32011812816990465,-0.5895404241362759,-0.0136648057164755,-0.6717071652537844,-0.5114947050163366,-0.697085233325137,-0.5869295553190526,-0.4124205524439255,-0.5160215469278719,-0.6091179263863141,-0.6187590512080717,0.5495126105219503,-0.4307602262309209,-0.0896138310074188,0.18135602921176627,-0.19781398062777006,-0.6804183296450759,-0.6551486613240571,-0.14215160290146833,-0.08585139556835802,-0.4709939492433139,-0.5756509236149944,-0.4900770876673853,0.26078964966035306,-0.404472300868568,-0.2024638422034963,-0.5741129302547753,-0.15689465272469505,-0.6345601022862791,0.405615750130851,-1.1501530952494565,0.3385181248883738,-0.6379921819183305,0.0033913135761794657,-0.01712219055783324,-0.47931155324847713,0.0481629816706968,-0.003496291680466822,-0.03690099709866829,-0.5946364856673507,0.12447785083771493,-0.7095730418230085,-0.4119907865377836,-0.490861584520366,-0.927243055554166,-0.6238932387265514,-0.8232510550959796,-0.39840632958571365,-0.39665651810958547,-0.46397375863776763,-0.5214392964578676,-0.4576596477110377,-0.2590952040380522,0.37056237502235945,-0.5649506024743683,-0.9744925621296284,0.1767878570974417,-1.0085837183726443,-0.2439758485514106,-0.21642360837872265,-0.42597868109851833,-0.5577026763656784,-0.049613468557461154,-0.4451101968800449,-0.09066796167837102,-0.3139579384061149,1,35,train
0.056680173588720656,0.5999404905826449,-0.01509979511390695,0.0393107213456427,-0.4712175995209293,0.369315902456483,0.42873416082706833,1.0460465557717773,-0.2879563531432553,0.31620794492168885,0.5430690931502474,0.1207359274111063,-0.11305184487620636,-0.5545248453508805,0.2918785760082697,-0.5883147684920857,-0.3018033816011419,-0.692258880280859,-0.3511269988996018,-0.5527776394025277,-0.394349762667818,-0.2566343177232953,-0.5218535936686336,0.4009999497525695,-0.586649559803105,0.1592101165264445,0.4244215164816422,-0.5270561335758955,0.1251672121697097,-0.5886006048240154,0.16176344027563241,-0.512743972540736,-0.3356506063102929,-0.38236763469297674,-0.4076054585310353,-0.144765906249797,-0.2238604478633015,-0.1722325560643438,-0.5553610230305595,-0.6091627795297833,-0.36976749430264527,0.28608697264156174,-0.517163757765913,0.3385181248883738,-0.8088171832252196,-0.10243452124820336,-0.35486837507427194,-0.4022809323234706,0.08256511143548023,-0.48748832495283095,-0.04629071597142504,-0.5334161648373077,-0.38422210766298104,-0.9487173136034747,-0.7072195095944206,-0.7068000960018334,-0.32433408782485673,-0.6981348790665959,-0.7652738949658651,-0.36662436592944647,-0.3660628685414171,-0.1995133246462709,-0.6466628376136601,-0.5032044157583447,-0.5427412192716099,-0.20153504481290227,-0.4777158233014387,-0.5273150825394795,0.3594639415852449,-0.22609753731420565,-0.5056545301257525,-0.39678493998628495,-0.45949701506624735,-0.5861813681984529,-0.20146292214235484,-0.48896135440466143,-0.11655895837445004,-0.6937967957190257,1,35,train
0.07277783504571983,0.6742164516813126,0.08149318992790759,-0.21268696156885408,-0.3583589509908607,0.7277786303346377,0.4273100359302134,-0.24673153270653614,-0.5641360917693199,0.3856572067813836,0.48667276576103646,0.12238552628009451,0.14685013895146024,-0.6906965406274184,0.045472623004442936,-0.2325072089755047,-0.33023610342015136,-0.6874325272365811,-0.2540318286092397,-0.6807502775118414,-0.6421996935679278,-0.3424957095771076,-0.7615670938977701,0.042094352893232184,-0.8147802918599597,0.3323050365500016,-0.03774525508784024,-0.3264241966231316,-0.141682998556438,-0.4582773275114337,0.032829785594438145,0.12945094760031958,-0.5126380547611665,-0.3236923505559357,-0.2858616250440424,-0.12191770591683078,0.1422446595798062,-0.3096474930604916,-0.22251466980072743,-0.6010865629796924,-0.5341215268442111,0.18829070015032506,-0.517163757765913,-0.13827213024378243,-0.940221030384365,-0.1189698079395132,-0.15497777607474697,-0.5633449578939388,-0.41970598313035784,-0.16876186401737164,-0.013426699916776384,-0.3466941863056766,0.2139196017828922,-0.6139153331108221,-0.7003537253372895,-0.5014815113145366,-0.2961607715758236,-0.6769229818265832,-0.8232510550959796,-0.38107071304593154,-0.10771649441021769,-0.12466603200716805,-0.49121292445474524,-0.5316698957879118,-0.5660545903866968,-0.19149824797368714,-0.6983685000329666,-0.3643605772651031,-0.3048127292794941,-0.2851530981488048,-0.680106984508647,-0.5849880686202631,-0.7228553533841184,-0.47226660086735484,-0.027117253211550965,-0.9877682712471746,0.028430623123592513,-0.4259617040240245,1,35,train
-0.07854018265007238,-0.10349655276356137,0.22500276770431776,-0.05140844450357615,-0.16046981384224734,0.1992545152770794,0.34613491680948066,1.0280496450272998,-0.43342507043484657,0.12136418248198962,0.0016643502138217288,0.011862402057883477,0.06743564389300656,-0.7412745988729896,0.2721660997679636,-0.7662185482503764,-0.6785369457030174,-0.3206296958714579,-0.30951478306087515,-0.5858028363339635,-0.21409526746773816,-0.518737513908617,-0.4147475616513599,0.4257520598807996,-0.5372212345241197,0.05102579151172133,0.18477948677894762,-0.4498900039786787,-0.338044474373792,-0.5775092620740084,0.26613830358898016,-0.382820144766534,-0.4605829228638507,-0.6032628220324254,-0.458659324186871,-0.11620565583358923,-0.36053968797539504,-0.3343821817197982,-0.43816160287921013,-0.2134281685753311,-0.6619524410432067,0.2697875938930223,-1.2116083707332956,0.42290578066397666,-0.4408864111796124,-0.15865449599865675,0.12073339495908052,-0.5353338230121183,0.0,-0.37534382943850264,-0.013426699916776384,-0.6650398546219002,-0.412172654833349,-0.8865398029405535,-0.7793102442942971,-0.4413019261475702,-0.42575802632137605,-1.1860085155868876,-0.7498133189311679,-0.38684925189252556,-0.3388685133697119,-0.21198787341945471,-0.6121184124672345,-0.7423144480067073,-0.4145176781386318,-0.05600149064428307,-0.529030399285515,-0.5690011187724594,0.293036274498771,-0.6001160892666669,-0.47790073056483745,-0.31444607120891954,-0.3110586789234473,-0.5355525827179649,-0.0946058992492815,-0.702735747337167,0.22520219801379313,-0.8301492060364809,1,35,train
-0.06888158577587288,-0.6693046093681185,-0.6208758013047153,0.3474678878810845,-0.1620158227262209,-0.5810271435460664,-0.6721143844418166,0.4881423226929692,-0.4081261630797872,-0.5557661206500344,-0.5942568425321746,-0.19103825882766814,0.03855764568993249,-0.4183531500743426,-0.21078956811953697,-0.4382084543210281,-0.049462975457432834,-0.36889322631423727,0.2545619205307522,-0.3628827570467718,-0.3042225150677781,-0.5142184932847321,-0.5473550298632226,-0.12498239047232136,-0.43456240509853516,0.3809879828066271,0.01018315085269868,0.13657258096016991,0.16544648926044897,-0.3334997215738555,-0.09303402016577529,-0.11183616112319841,-0.33912094843678064,-0.6653895934716454,-0.37618769505052096,0.4664234526570489,0.08854924382148373,-0.29590599936087686,-0.7897598633332581,0.47305023818239206,-0.14149800466158163,-0.1376968748204638,-0.3143613486692436,0.13598775102692692,-0.4934479500432706,0.0629183456648948,0.6514773991991984,-0.16418628582799594,0.6811621693427119,0.10274586196468628,0.27295972570230476,-0.44464669963374537,-0.6469572510644395,-0.671309958338134,-0.3467658360950382,-0.5050214869125933,-0.5102779750684755,-0.8837389799167068,-0.3439731980203657,-0.44463464035846584,-0.3796600461272697,-0.10221184421543719,-0.38326159587216546,-0.5373629917938252,-0.15029947216764647,0.1698264382380571,-0.8677066007804183,-0.29235742377177404,-0.14427920048718218,-0.07845863522770778,-0.5294435011779653,-0.14976833365418873,-0.2535986778359118,-0.43745931084951933,0.017875177480269396,-0.6808101685748588,-0.11138075903523424,-0.6645784220795711,1,35,train
1.391176308373952,0.31594416873479764,0.6955485948365858,0.742024259987211,-0.9690324601604096,0.29095428287381664,0.29486642052270207,-0.6861561033841995,2.258800320599387,0.6499502310807777,0.6445824824508273,1.0725544748173117,-0.5245633192700118,0.387005161989753,-0.007093980303040119,-0.24918568832784443,-0.3835474568307941,0.08961031289216678,-0.09683012432960583,-0.032630787732413846,-0.8224541887680077,0.009987899085911201,-0.2974409551562506,-0.06310211515174598,-0.6360778850820902,-1.8746551937503513,-0.18495393047663836,-0.4138791434999774,-0.5897899561909125,-0.3972749423863955,-0.16978024319029567,0.6639946961570363,-0.11007836808859127,0.12845248602949827,-1.4169011103425568,0.6720572556537446,-0.1750464335375538,-0.19421894598372744,-0.36784195078840054,0.6668794353845726,-0.38346366368110907,-0.07249935982630604,-0.15457763241126174,-0.04122632610183911,0.0015065409228437496,-0.29093678952913526,1.4372542366456067,-0.1116654079245824,1.5343349875093408,1.9501788670165152,1.3011339422691697,-1.154802421262244,-1.5860956359888012,0.17047787832910677,-0.5836353929660609,0.10385431595318353,-0.4539313425704092,0.12382613898389566,-0.3091869019422969,0.00031285082927420203,-0.882755616803816,0.2869940775078976,-0.17167699185030907,-0.4064217836578171,-0.0065336836246103844,0.4608935465752955,0.05082430933454684,0.22682320931170405,-0.12213664479169087,0.13807842116582242,-0.29551861916453853,-1.2711453084316415,-0.7755270210476927,0.25552219041466046,2.087526989304006,0.02628974650958297,1.2711984645353858,-0.01690447307165904,1,35,train
0.4430240485567008,0.6174171873117432,0.33953444996818355,0.829863452317407,-0.4913157150125853,0.7061041398117726,0.3048352948006868,-0.023269890962604903,-0.391260224843081,0.5515637767795434,0.627663584234064,0.2790974188339759,0.04216739546531675,-0.45336872885973806,0.13417876608582058,-0.4104109887337952,-0.12765296045970886,-0.27719251847295645,0.05112442087475544,-0.494983544772515,-0.8675178125680276,-0.3244196270815682,-0.027125731493607416,0.2648633440473036,-0.6360778850820902,0.6676764440956435,0.16081528380867816,-0.5733558113342258,-0.3330095647374496,-0.4943241914489563,0.18632223164347894,-0.05986663001351762,-0.2558327374010754,-0.23395368069928468,-0.4115326789660996,-0.13905385616655544,-0.16528363067240429,-0.1722325560643438,-0.33971408995207675,-0.504171964378602,-0.40172522285239415,0.2371888363959434,-0.3205068762176275,0.19927849285862906,-0.7212146184524559,-0.14211920930734695,0.22412508409676582,-0.19569881257004407,-0.32338001978896425,0.03782010140375938,-0.11201874808072235,-0.6742229027464066,0.26423058668955446,-0.4225999156864492,-0.6454274512802408,-0.2926229510291828,-0.2341794758279507,-0.3746534461564024,-0.5140395344020352,-0.2394965113043779,-0.5836177099150588,-0.07726274666906957,-0.3616713301556495,-0.34379772759276983,-0.5310845337140664,0.0694584698459059,-0.45205853530940054,-0.16729931507283405,-0.1885643118781648,-0.2605466144677218,0.12475320275788931,-0.6045925611863024,-0.7851036878956152,-0.4437879090345803,-0.20708697597883238,0.05917811465304538,-0.28226133722935587,-0.22143308854784177,1,35,train
1.5698603505466429,0.3727434331043671,1.4020572854281435,0.4842666300346685,0.6078966014926028,1.1512648297813879,0.9613568722508238,-0.018770663276485484,-0.36596131748802163,0.8351482627066303,0.9491226503525668,1.258959147012981,-0.11305184487620636,0.589317394972038,-0.036662694663499334,-0.03236545674742784,0.39124421273721394,0.39367055468167683,0.15284317070275383,0.7475894897727569,0.2680855071924754,0.44381387897885743,-0.44534928508486665,0.07922251808557741,0.05591866882370249,-0.05174931725226569,-0.02747488238629619,0.028539999524066228,-0.16685754673815006,0.4345757638641259,0.17097298703857486,0.10346618204547917,0.6985113473830469,0.6565300432628677,0.2914397789104076,-0.45321661074484065,0.32285651258507264,0.2372639561841768,-0.011555713528298674,-0.40725736577751176,-0.027363259841049804,0.16112506890275932,-0.48643612002399333,0.03894194688498362,0.7724091109231634,-0.03960043182122606,-0.7201856766940934,0.49407538389478706,-0.371543001459661,-0.5406094017754075,-0.49699722186374945,0.16143447658368026,0.0685767564969791,0.5100627442573686,-0.13049363199540878,-0.13686402471468173,-0.17219818008007778,0.4791254177541081,0.6570991002262796,-0.01991203513380489,0.10643905256696079,0.27202461898007707,0.575346201941143,-0.1388462713798877,0.3509380068067226,-0.2567374274285854,0.41515779882148834,0.1055547402703077,-0.07231589447683544,0.04949507991392369,0.00977317600552698,0.28545140131188557,0.09594966211326258,0.8156031297925591,-0.6795074982429462,-0.06689396323022719,-0.05442056630386038,-0.11916878080975041,1,35,train
-0.08497924723287205,0.7812612191470397,-0.07167568635268404,-0.06292833857966743,-0.38000307536649025,0.1959199782735617,-0.22778741662306867,-0.3427150566770838,-0.4608322200694942,0.1483722287607598,0.4208770504736236,0.03825598396169507,0.15406963850222877,-0.6712434413021987,0.2623098616478105,-0.6939451377235707,-0.4688456222878225,-0.6584744089709135,-0.39736279427596466,-0.38765165474534863,-0.31323523982778206,-0.42383808080703506,-0.7870685300923591,-0.07547817021586105,-0.5904517386707192,-0.08420461475668264,0.10946342030095788,-0.6093666718129269,-0.5595804983728581,-0.36677374982387634,-0.03163704174615898,0.18884469743995477,-0.3321802641838052,-0.5652964617084577,-0.348697152005071,-0.16761410658276318,-0.5850841538738345,-0.11176998378603872,-0.6913123504061246,-0.4395622319778752,-0.81717569399913,-0.0670662335767929,-0.517163757765913,0.11067145429424606,-0.9139402609525359,-0.1189698079395132,0.051805602200623635,-0.3637656218609674,0.13072809310617703,0.3152301692549925,0.0804704888107912,-0.37424333067919596,0.07416686593105269,-0.6378297602888687,-0.3364671597093416,-0.4837816333242523,-0.3975847100723429,-0.8094973395766625,-0.6222635666449158,-0.40129559900901063,-0.2572854478545963,-0.3192689928688355,-0.4653046055949261,-0.7366213520007939,-0.44171661110623317,0.18488163349687978,-1.0165188711342394,-0.4325740911008885,-0.22177814542140176,-0.2556253177315052,-0.6127048998607105,-0.141926536627773,-0.46907368191417,-0.5134024890702513,0.12473220037334275,-0.8507334039827479,-0.05959876564307618,-0.7522335429979351,1,35,train
0.1548759084764156,0.16957683362859943,0.2912379574472763,0.2740285631460026,-0.46967159063695574,0.2992906253826109,-0.4684645241915571,0.30217424500003315,-0.3195799873370795,0.3007747756195345,0.2253697821910254,0.2823966165719523,0.0060698977114741655,-0.7685089379282972,0.0027622578171129534,-0.6216717271967652,-0.7140778479767792,-0.7405224107236384,-0.8597207480395936,-0.6146998836489698,-0.452932473607844,-0.4690282870458836,-0.7870685300923591,0.011154215232944489,-0.3623210066138645,-0.013884803497112576,0.21216714731639844,-0.465323229898122,-0.36321902255550403,-0.6218746330740362,-0.004008401457331638,0.010663447921049177,-0.40852779096653496,-0.34094978706683016,-0.3133521680894924,-0.2761430581643526,-0.5704399495761101,-0.43332093635702473,-0.7147522344363945,-0.17304708582487677,-0.4930330187088196,0.590342042614298,-0.36352556905631495,0.4735383741293384,-0.4014652570318688,-0.006529858438606425,-0.35486837507427194,-0.49331712068938743,-0.5573145021894915,0.12045288757221179,-0.20122107737191156,-0.2426196408946035,-0.35627156049261316,-0.5134747389630263,-0.408557894409218,-0.5333412916970481,-0.7469338315603539,-0.9102538514667227,-0.7420830309138192,-0.32328532457999126,-0.5700205323292061,-0.386631556244028,-0.4480323930217133,-0.5772146638352189,-0.519427848156523,0.2952863987282461,-0.7907347368043038,-0.5273150825394795,0.3428570248136264,-0.5410605284320678,-0.5254786726692632,-0.4948074028164819,-0.6031470177850862,-0.46277370358976333,-0.08898184541280396,-0.7739938783146689,-0.2408357425156294,-0.44544061978366095,1,35,train
0.12107081941671734,0.05597830488946053,-0.7022898886971018,0.08251032413098501,-0.030605067588469856,-0.3776203863314857,0.0584616876447785,0.9335658636187919,-0.40390967852061066,-0.038754949027862216,-0.020894180741862677,0.025059193009789274,0.04216739546531675,-0.6790246810322865,0.09803922631192599,-0.571636289139746,-0.24493793796312294,-0.43163581588985045,-0.2031724536952405,-0.6270843324982581,0.09684373675239957,-0.5368135964041565,-0.4555498595627023,0.32055559183582144,-0.4611776571718349,0.06184422401319365,0.11288687786813922,-0.2904133361444304,-0.2423811912832862,-0.4499588204489285,-0.36932042305404866,-0.24547209826237762,-0.3911760803340964,-0.6515836442629298,-0.33298827026481387,0.19224504866145448,-0.11646961634665659,-0.24918492078218657,-0.7335041416606104,0.1176967099783942,-0.6208639329078153,0.3241188563881538,-0.6953840566690466,-0.07076200562330011,-0.747495387884285,-0.0991274639099414,-0.030907749109524617,-0.35326144628028466,0.35090172360079097,0.00240605018870835,0.34338261724798047,-0.5119890525467927,-0.16061773030003776,-0.4704287700425424,-0.5252762267804466,-0.6430805352368102,-0.9948590145518454,-0.6132872901065451,-0.5952075585841956,-0.4417453709351688,-0.24028897587228054,-0.27935043679464727,-0.5516656684609899,-0.8390970801072349,-0.7758749304224792,-0.2467006305893703,-0.6727112120409284,-0.7092177861015739,-0.028030783085852842,-0.6247225729477498,-0.466006245038731,-0.13408473960135725,-0.0429120071816149,-0.5608669754582088,-0.0946058992492815,-0.6534031951219734,-0.25637034053327684,-0.537965469641934,1,35,train
0.3657552735631048,0.5846483809446839,0.36299274633548145,0.8788230021407949,0.5677003705092908,0.7911348334014743,0.26638392258560284,0.04871775201530583,-0.2879563531432553,0.5727843845700057,0.7066184425789594,0.32693578603463436,0.04216739546531675,-0.527290506295573,0.052043448417878314,-0.38261352314656233,-0.49727834410683197,-0.12274922105606247,-0.10607728340487842,-0.3174731112660476,-0.02032168512765233,-0.12106369900674964,-0.042426593210360804,0.2153591237908433,-0.1113772013513243,-0.03552166850005722,0.1642387413758595,-0.12064785103055314,-0.04098480582958982,-0.36677374982387634,0.017480540989534072,0.10717829141045637,-0.48140497562277706,-0.36511019818208235,-0.2740799637388496,-0.32183945883028503,-0.013960186262586428,-0.07604210016704029,-0.43347362607315615,-0.2134281685753311,-0.2099788515539007,0.5577432851172192,-0.23446949054025268,0.16974281333716806,-0.4014652570318688,-0.04290748915948802,-0.23769112738489523,-0.2517210823336852,-0.3371408716948776,-0.0920314197180944,-0.1871364990627764,-0.4048534910942174,-0.23328915294299435,-0.360422405023528,-0.43945392356630797,-0.4590018041378544,-0.2341794758279507,-0.6822259561365863,-0.5295001104367324,-0.16148623687535854,0.17442494049622378,-0.07476783691443281,-0.2753102672895857,-0.4121148796637305,-0.4611444203688056,0.0694584698459059,-0.25193168897150314,-0.5083668842517612,-0.10552972802007239,-0.08830122870014097,0.17629597337101727,-0.2595534920240093,0.004971327057998028,-0.4596094044972328,0.0684916620085673,-0.006598621633879439,-0.3910035233528878,-0.16786607020884153,1,35,train
0.0985340933769185,0.2591449043652282,-0.1875872684028615,-0.14788755739084064,-0.3614509687588078,-0.05250302848850826,0.2820492964510074,-0.7146512120629559,-0.3406624101329623,0.2081757598066081,0.22161002703174468,0.1471295093149179,0.09631364209608063,-0.647899722111935,0.012618495937266026,-0.6105527409618721,-0.5719142388817319,-0.5764264072181886,-0.37424489658778326,-0.5073679936218034,-0.5610851707278919,-0.5096994726608474,-0.5932576150134827,0.04828238042528972,-0.3889362586871642,0.4729446590691418,-8.722184884537562e-05,-0.2852689275046159,-0.2927302876467103,-0.4943241914489563,0.1586935913546516,0.35960172822890596,-0.6306296870617489,-0.5791024109171732,-0.16804501199211383,0.44928730240732423,-0.4191165051662923,-0.32888558423995234,-0.7756959329150961,0.22268752512957538,-0.648256271664743,0.05789567016200952,-0.8858954106689481,0.14864589939326733,-0.8526184656116014,0.05630423098837088,-0.05158608693706168,-0.5318324311518907,0.1444889450120904,-0.33992977822345166,0.03821675388338579,-0.37424333067919596,0.6275876999043373,-0.7478361253078831,-0.5767696087089298,-0.3315626826078081,-0.9610510350530057,-0.8837389799167068,-0.7498133189311679,-0.23660724188108087,-0.18590026552887015,-0.2968148050771046,-0.3746254895855591,-0.44627345569921084,-0.7797604922749938,0.14975284455962684,-0.7907347368043038,-0.39088805486790856,0.03839688400062106,-0.4869262643336852,-0.47790073056483745,-0.3066042741825038,-0.26796367810779564,-0.6336458545864104,0.017875177480269396,-0.6479218004313964,-0.17351915110582392,-0.6256205905602982,1,35,train
-0.09624761025277147,-1.1542829436005964,1.2778663046600962,-0.3797254256721777,2.469291297796747,0.38765585597583047,1.0752868639992206,0.357664719795506,-0.5978679682427325,-0.7583264677408108,-0.8799982346375104,0.02835839074776572,0.03855764568993249,0.18080230914242418,0.3345889411955997,-0.4437679474384747,-0.18451840409772782,-0.8708339429191427,-0.7996142140503218,-0.4371894501425023,-1.5344594448083233,-0.5006614314130776,-0.3076415296340862,-0.06929014268380351,0.47415834426126946,-1.252595324915693,0.15396836867431546,-2.3121659315915135,-1.2896423956425072,0.5399435199891919,0.26613830358898016,0.5303587590178571,-0.5542821602790191,-0.49626671566487995,-0.8827991311738138,-0.3047033085805604,-1.2440733472714283,-0.47179711871594615,-0.7428800952727184,0.8607086325867533,-1.4837226037510358,-0.03990060232922715,0.048224776685407575,0.3300793593108135,-1.4220351366345647,-0.11566275060125122,0.32062399395860547,-0.31124474395755386,0.45410811289514125,0.14406225504891249,-0.7223504748099117,1.6980645294177594,-0.02645510388227179,-0.508691853527417,1.3593815518020385,-0.3492625605980923,-0.9328777188039725,-0.46480400942645633,0.05413663487308783,-0.7826791628842164,-1.0221266870588053,0.3842955579387313,-0.8064308039158782,-0.7024627759653135,-1.273226847544334,-0.4273629736952424,-0.5957393480648141,-0.2165646306209013,-0.45981061914793325,0.29555991672475346,-0.7197552695956686,-0.38110134593345346,-1.7667120398076803,-0.6178243591237579,-0.02149319937507342,-0.4231846181177366,0.2044894006569299,-0.47952872236302474,1,35,train
-0.5920555831283459,-0.30229397805705444,-0.27728075451311784,-2.022750318274697,0.25849859371458245,-0.24257163768901815,1.9596684249461516,-0.9741066752958425,-0.519863003897966,-0.24131529611863864,-0.376191043293892,-0.4450764846518547,0.6810931057083305,0.23138036738799542,-1.3639694281774464,-0.3659350437942226,-0.8562414570718265,-0.2675398123844006,-0.7764963163621403,-0.6848784271282709,-0.36280522600780407,0.032583002205335485,-0.31274181687300395,0.50000839026549,-0.369925364349093,0.37557876655589095,0.431268431616005,-0.30584656206387373,-0.7911863416446089,-0.9740247653867569,0.2999066417197691,-0.011609208268814022,-1.4947448765571905,-0.26846855372107353,-0.5764759372387995,-0.13905385616655544,-1.0341730856707132,-2.895796607327994,-0.19907478577045756,0.012705894827213009,-0.45650990036624944,0.21002320514837766,-0.33279793131439533,0.3216405937332532,-0.4627870523728033,1.4353471410436096,0.14830451206246326,-1.235612195057632,-0.03440212976478343,0.332937194862518,0.16967281810198043,-0.3926094269282088,0.739389888585809,-0.7956649796639763,-0.10646338709544996,0.14633402312986565,-0.4933739853190556,-0.549651598386507,-0.18936743767339345,0.15922266911060992,-0.7127908969806585,0.32441772382744904,-0.49121292445474524,-0.5829077598411323,-0.5854823996492693,-1.0295707840481496,-0.5495562296791454,0.2647196058871404,0.2044660517168058,0.32508769714205304,-0.20036273495568696,-0.29876247715608806,-0.339788679467215,-0.45644510540470234,0.45655137672551793,-0.20941022518523095,1.2194164711432278,-0.5038773670625702,1,35,train
0.05024110900592099,0.16957683362859943,0.550659117273864,-0.045648497465530506,-0.42638334188569654,0.43433937402507855,0.7406175132383048,-0.1342508405535506,-0.4523992509511411,0.08663955155214223,0.12949602562936668,0.23950704597825848,-0.0011496018392943511,-0.7957432769836048,-0.21407498082625467,-0.6049932478444254,-0.4866160734247034,-0.388198638491349,-0.24016108999633082,-0.408292402827496,-0.448426111227842,-0.5684467407713505,-0.5830570405356471,0.0606584354894048,-0.6626931371553899,0.47835387531987794,-0.03089833995347754,-0.4138791434999774,-0.05608953473861705,-0.35845524276137114,0.07887751940915039,0.11831461950538798,-0.519578739014142,-0.5894568728237098,-0.6000392598491853,-0.28756715833083574,-0.44352351232916615,-0.27117131070157025,-0.8647674922301216,0.10962049342830334,-0.6391254920791004,0.1665581951522725,-0.8367311902818767,0.2794467658454518,-0.5372492324296524,-0.036293374482964096,-0.05158608693706168,-0.4618045939473393,-0.061923833576610174,-0.14515249654067094,-0.04629071597142504,-0.57933140545984,0.05739653762883194,-0.2647646963113416,-0.810206273451387,-0.512101438108707,-0.9441470453035858,-0.549651598386507,-0.4753880943152921,-0.44463464035846584,-0.3388685133697119,-0.3616824586976604,-0.4696226587382293,-0.39503559164599034,-0.4300599255486897,-0.15636945903643426,-0.6008708056632217,-0.5386840015121104,0.14910966247807755,-0.8609448162861464,-0.6166697283694127,-0.36933865039382985,-0.4355553479464409,-0.662124546419185,0.0010030159708367594,-0.6808101685748588,0.11646001189026121,-0.7230151693584804,1,35,train
-0.25722422482276314,0.3858509556511908,0.9135727610738242,-1.2206776932268413,-0.2408622758088715,1.1212539967497284,2.086415540766243,-0.7311483802453937,-0.6126256641998504,0.156088813411837,0.15393443416469146,0.015161599795859926,0.13963063940069173,0.017396274810578708,-1.1372759514139257,-0.7717780413678229,1.187360423669479,-0.6488217028823576,-0.04134716987797036,-0.8500044117854497,-0.5655915331078939,-0.20240607023667706,-1.138988349577687,-0.20542674838906935,-0.556232128862191,0.17543776527865299,0.21559060488357978,-0.53220054221571,0.24600504344192753,0.6730396329892754,-0.34783148060718294,-0.03016975509370002,-1.0193080052283732,-0.33749829976465123,-0.46258654462193527,-0.7102588644907104,-0.04324859485803504,-2.016341010552648,-0.17094692493413371,-0.17304708582487677,-0.19171729238261562,0.05789567016200952,-0.2897792384757079,-0.5391134951778961,-0.22187999924770344,0.7838568454060029,-0.01712219055783324,-0.25522247419391275,-0.17201064882391714,0.0555271270112849,-0.4735229246818575,-0.5272941327543035,0.3480822282006582,-0.7095730418230085,-0.999015340522492,-0.45546182853979755,0.053188349912187335,-0.9420716973267417,0.26285441134150034,-1.3027476590776788,-0.005737662516323173,0.3194279043181755,-0.5473476153176867,-0.7878592160540144,-0.2163540236603928,-1.1148835571814781,-0.8317863975915649,-0.20140607199072677,-0.28820581250787564,-0.004639184184458855,-1.8299072520322703,-0.4242312295787401,-0.25838701125987307,-0.731739126454856,-0.004621037865640785,-1.0042124553189058,0.7896259259883159,-0.7814519166373898,1,35,train
1.4893720432616468,1.2509474437415562,1.3234029976083803,0.14154978127095283,0.23994648710689995,0.9728671000931899,0.057037562747923536,-0.5826738666034529,-0.5051053079408481,1.3077890725851087,1.3852542488291317,1.3414390904623923,-0.6545143111838451,0.6593485525428289,0.21631408375376282,0.6458927035810548,-0.3906556372855465,0.5915510294970723,-0.18005455600705905,0.5122849616362768,-0.2771843407877661,0.33987640462950575,-0.5167533064297158,-0.6385886756330971,-0.16840988436553797,0.37016955030515475,-0.6163095839414886,0.01825118224443731,-0.37328884182818883,-0.46936867026144063,-0.45834604176249233,0.11831461950538798,-0.24889205314809998,0.6116607083345422,-0.321206608959621,-0.5617455623264301,-0.3751838922731194,-0.26017811574187844,0.382234338180235,-0.8918303587829635,0.6163567009467495,-0.46368444979125273,0.466120649975514,-0.3450218868940095,1.004555907570987,-0.1917250693812764,-0.8028990280042416,-0.1676876776882235,-0.5710753540954049,-0.7412890253273633,-0.6237584266459657,-0.38648739484520456,0.1803789451784507,0.9644368606402544,-0.2506448564952029,-0.3421826094019786,0.23913223715580606,1.0094228487544252,0.44838132375786705,-0.21349308649470478,-0.5802184155185957,0.43419375303146657,0.3292171727728611,0.4190771371996247,0.7084096972380556,-0.08109348274232087,0.8359373218909136,-0.4401533704159758,-0.8583766216667766,0.6991062490945142,-0.28758896214713425,-0.2242654054051384,-0.22008034386818273,0.6478952778884426,-0.4432972371108893,-0.4396288021894678,-0.10620255969601844,-0.3870038725047516,1,35,train
-1.5707933997138956,-0.8615482733881997,-1.3908598820666085,-0.229966802682991,-0.14500972500251194,-1.0411932500315115,-0.6108770138770532,2.881731451708501,-0.7264707472976175,-0.901083283785739,-0.9833915015177307,-2.327268794167419,-3.4592898866574138,0.515395617536203,-1.4756734602058479,0.5680597999368027,-0.2520461184178753,0.8280423286666911,-0.08758296525433326,0.7641020882384747,-0.31323523982778206,0.583903518319288,-0.31784210411192176,-2.4949969352503585,-0.16460770549792372,0.34853268530221015,-4.347878332169162,-0.2286804324666568,0.07985302544262801,0.15174652373894862,-2.8190598619967395,-0.7837279561840717,0.4035322666315909,1.2087680116114894,0.0008254667156504732,0.643497005237537,-0.0676556020209089,-0.14200126992519124,0.30253873247731744,0.3196021237306657,0.3059101950349031,-1.71873661342879,0.34321009900783567,-2.108723892604109,0.5446424425139781,-0.6150284086788077,0.4171229038204451,0.5641032210993384,0.5985970579072316,1.7081828503803331,1.0288320949592238,-0.23955862485310137,-2.00535384354432,0.4096221501095729,-0.4566183842091357,-0.12978407351856805,0.0644576764118006,0.7071533130842445,0.7846488525125317,-0.1990467393782197,-0.16890379354655438,0.8408640430372587,0.9251085065487015,0.9143764897140897,0.2887690171664908,0.501040733932156,1.010406880236773,-0.08013760294933044,-1.8492559890400124,0.6252867980512653,0.07717526065346353,-0.05566676933719971,-0.22486867729214402,0.9959681780667977,1.0527010833921375,-0.3080753296156182,0.3960827762079147,-0.24578173324738734,1,35,train
-0.0704913519215728,0.9079672704330023,0.6845093965460927,-0.2573265511137078,-0.17592990268198277,1.2129537643464656,0.8873023776143658,-0.1717444046045458,-0.5978679682427325,0.5149099996869266,0.6859397892029154,0.0679487636034831,0.08548439276992785,-0.34832199250355167,-0.13522507586503005,-0.6661476721363379,0.4658801075121138,-0.43646216893412837,0.41176362481038603,-0.8706451598675972,-0.5115151845478699,0.08681124969195377,-0.8737734131539616,-0.09404225281203367,-0.6817040314934611,0.18084698152938916,-0.006934136983208079,-0.37272387438146176,0.14027194107873692,-0.16990241601125297,0.060458425883265485,-0.12297248921813002,-0.5820448972909209,-0.42723696962130225,-0.3604788133102638,-0.9501649679868556,0.5376381756183625,-0.3920964552581804,-0.19438680896440358,-1.1906503711363252,0.1232946033220522,-0.4582513235417396,0.035933721588639736,-0.09185891956720083,-0.1649383321454071,0.0033913135761794657,-0.5134022984187228,-0.675389497421221,-0.013760851905913371,-0.17466420588654682,-0.34676171989964133,-0.5640263252523292,0.023855881024390447,-0.8721911466337255,-0.7861760285514282,-0.558121120883446,0.1884202679075464,-0.7564675964766308,0.09665321896850519,-0.698890349608603,-0.2606847422510595,0.14727913124823896,-0.49121292445474524,-0.4291941676814707,-0.1774984051352479,-0.4072893800168122,-0.4777158233014387,-0.40225697384053943,0.021789967229002585,0.142999717902039,-0.9814339511700104,-0.6908523284768757,-0.2440220109879892,-0.49758099360759883,0.04599544666265711,-0.9713240871754434,0.033608822462808316,-0.7571032719378442,1,35,train
-0.8463986341489328,-1.001361847220986,0.018017799757572322,-0.9341203280840706,-0.12645761839482944,-0.034163074969160816,1.09522461255519,0.02772135614674853,-0.3891519825634927,-1.0592732691328215,-1.0811451356590298,-0.674370727441218,0.031338146139163976,-0.060416122490300095,0.20317243292689208,0.379037033943619,-0.3657770056939132,-0.17583910454311977,-1.2897136450397686,-0.6724939782789824,-0.37632431314781006,-0.6904602976162416,0.054478864329077316,0.2834274266434762,-0.39273843755477844,0.42426171281251635,0.14712145353995273,-0.04348172143333623,-1.2795725763698225,-0.5220525483239736,0.05431872804130386,0.19998102553488636,-1.144240321781931,-0.52733010138449,-0.3526243724401353,0.10656429741283122,-1.2196663401085546,-0.9582459956823095,-0.8694554690361755,0.44882158853211945,-0.5021637982944621,-0.23549314731170048,-0.3696710966046989,0.2414723207464305,-0.5898107712933105,-0.07928511988036963,0.1827684084416917,-0.9344924950780611,0.2545757602593974,0.4568863741151966,-0.08384959146245208,-0.4813788921317712,0.012675662156243283,0.06525439874570169,-0.4291552471806113,-0.005884927586578578,-0.6455098930638346,0.0814023445038703,-0.5720166945321498,-0.35506728823625844,0.08604328618818188,0.1323096727204184,-0.5689378810342026,0.2767497370517899,-0.5000000388939505,-0.25171902900897786,0.12779617331066123,0.2571403265720531,0.005183050457384108,-0.12275030585365714,-0.4342876169691138,-0.01645778420512094,-0.22486867729214402,-0.5893456672909834,0.42280705370665267,0.47576411113690253,0.27698419140595115,0.37267384212106996,1,35,train
1.2833219766120576,1.8648164163511336,0.4816641279582822,2.0495322376235716,2.3548866403827047,0.9878725166090196,0.296290545419557,-0.10125650418867486,-0.4861311274245536,1.2981433417712622,1.4924072708686327,0.8960473958355717,0.14324038917607598,0.46481755929063184,0.12103711525894982,0.985021783745296,-0.17385613341559927,0.26818537553045046,-0.04597074941560665,0.38431232352696304,2.268910403913362,0.7556263020269125,2.3190063984085785,-0.11879436294026383,1.3866812724886883,-1.1065464861458167,0.14712145353995273,3.1409072266118154,0.15537666998776414,-0.1865394301362634,0.01134084314757244,-0.5238803006356676,0.11896421225959808,0.05251976538156279,1.8152013077153506,-0.4132322601621498,0.09831204668663326,0.3471959057810951,0.5697534104223939,-0.8272206263822366,0.0548137564297331,-0.181161884816569,1.523151388297548,-0.2943892934286477,0.06282833626377828,-0.2446379867934678,-0.6236867668322538,-0.2517210823336852,-0.22705405644757062,-0.4166602225227289,-0.3373720010268845,0.3236683267832942,0.0014954432880961196,0.5196285151285873,-0.01720819175274575,0.8083094599664952,1.073062398127187,0.7177592617042509,0.25898926733282607,0.21122951872995616,3.142008948608554,0.6786949089858693,0.17808531275724943,0.7435836095366879,-0.11144385364250159,-0.05600149064428307,0.3381859348453739,1.102229970204284,-0.22731378434527458,1.4865137268891695,1.3379907264207471,1.0774729009798767,2.686438044476322,-0.10520790613381668,-0.34768832189077103,2.6628405926771523,-0.9450708526489789,1.979684392291077,1,35,train
-0.5453723649030483,-0.2629714104165833,-0.7988828737389164,0.5764257826433988,-0.7896954296194788,-0.5810271435460664,-0.47843339846954186,-0.33521634386688476,-0.5072135502204363,-0.24710273460694654,-0.2558788781969085,-0.4681708688176898,0.3237278779452889,-0.38722819115399104,0.18017454397986826,-0.360375550676776,-0.4261965395593083,-0.5040311115540195,-0.19854887415760422,-0.13996267775958018,-0.10594257034769027,-0.5322945757802716,-0.46065014680162003,0.326743619367879,-0.2672665349235084,0.6460395790926989,0.3422585348692898,-0.1000702164712953,-0.4588823056460098,-0.3750922568863816,0.5393548575562728,0.18884469743995477,-0.22807000038917366,-0.17182690926006475,0.15005984324809335,0.2779257999100777,-0.1750464335375538,-0.38659985777833444,-0.7710079561090422,0.09346806032812162,-0.3743328840954665,0.07419504891054897,-0.4126897894433863,0.3596150388322745,-0.6379921819183305,0.029847772282275177,-0.030907749109524617,-0.08715566490298943,-0.16513022287096046,0.2266950412173649,0.32929803893884535,-0.025287501947950878,0.0014954432880961196,-0.4799945409137611,-0.1476580926382365,-0.8767189247085618,-0.4539313425704092,-0.5231367268364912,-0.34783834202904,-0.5890981115233165,-0.9609393879224685,-0.06229328814124901,-0.05508955698112291,-0.6398387199002662,-0.6282235800269287,0.23506561769295536,-0.6008708056632217,-0.864593012060863,0.45910544221495575,-0.3146808785661043,-0.5889159288084976,-0.24386989797117778,-0.11952534196499559,-0.1811510843545487,0.3047019231406242,-0.6753287738842817,-0.3288651312822981,-0.3870038725047516,1,35,train
-0.8898623200828306,-0.4115233326139187,-1.1742156156156816,-0.784361705094884,-1.3261605123582978,-1.5863900501066583,-1.6803948114151288,1.864905994645512,1.0444527675565376,-1.1615180157595943,-0.9739921136195289,-0.8162362301742052,-1.405342264463771,0.58153615524195,-2.32659535124573,-0.22694771585805812,1.2762126793538837,0.01238866418371978,1.1792778280580103,0.5824635051155779,0.6195817728326312,0.6742839307969851,-0.2923406679173328,-1.5977329431020155,1.010265564594878,-1.047045107387719,-0.9244207649878103,0.13142817232035545,-0.05608953473861705,0.8172270887393658,-1.5512122576316627,-2.0755420151961372,0.931024269857724,0.3631536225776625,0.7666334515531863,-1.2014951716494837,1.035541121740989,0.6440121696927744,0.8088402275311465,-0.05190383757351387,-0.07301715776926253,-1.5285771946958298,-0.11770446712095822,-2.12982080654801,0.41323859535483265,-1.1739210988450797,-0.4582600642119572,0.6656435850459379,-0.7018034472015819,-0.4520742737377799,-0.7129607559371549,0.7124173640540672,1.5834964131309197,0.4096221501095729,1.256394787945072,0.2773131202579688,-0.21164082282872418,0.2086737279439464,0.8387608686339719,0.16500120795720397,0.4871600249708336,0.6213119846292237,0.3335352259161643,-0.4064217836578171,0.3043112645765487,-1.4611530481343995,-0.11338233381449721,0.14724077650328768,-0.5539164808537712,0.5514673470080164,0.5767436527499343,0.524626210617566,0.7184330072282307,0.25552219041466046,-0.8763493825196603,0.15236182439285553,-0.6136660949391675,0.1924938713444328,1,35,train
0.059899705880120495,0.49289572311691787,0.24294146492636903,-0.10468795460549833,-0.14964775165443256,0.5643863171622695,0.20372242712398453,-0.17924311741474483,-0.32168822961666776,0.22360892910876248,0.4114776625754218,0.2015662719915293,0.23709388333606668,-0.6906965406274184,-0.03994810737021703,-0.4938033854954939,-0.22005930637148965,-0.851528530742031,-0.3511269988996018,-0.7550569706075718,-0.47546428550785397,-0.5142184932847321,-0.7411659449420989,0.13491476587409526,-0.31669486020249354,-0.0030663709956402583,0.047841184091693544,-0.3881571003009051,-0.3934284803735585,-0.4860056843864511,0.1372046489077859,0.010663447921049177,-0.4258795015989736,-0.5411360505932055,-0.24266220025833526,0.31791015049276855,-0.1457580249421052,-0.15574276362480605,-0.7100642576303405,-0.4395622319778752,-0.4428137309877856,0.22632258389691712,-0.8551677729270284,-0.04966509167939939,-0.21749987100906526,0.013312485590965357,-0.05158608693706168,-0.2517210823336852,0.16513022287096046,-0.3281250944851013,0.15558823979284528,-0.3405721542226723,-0.06558586992078687,-0.8721911466337255,-0.6316958827659785,-0.4837816333242523,-0.5046433118186688,-0.7935884166466529,-0.7111618788444247,-0.5024200288244061,-0.4544445228494591,-0.23444206121118558,-0.3616713301556495,-0.5601353758174787,-0.2901796988581681,0.01927448564983031,-0.5649506024743683,-0.39846733418299585,-0.17195739510654628,-0.9790559379553447,-0.4303227884604116,-0.13408473960135725,-0.4978036824579377,-0.5323882836254343,0.12473220037334275,-0.5547380906915862,0.25627139404908794,-0.8009308323970262,1,35,train
1.5263966646127451,1.2334707470124577,1.1481557247468024,0.9594622606734339,-0.6350945412221247,1.4180277900628053,0.5711466505125644,-0.2857248393195711,-0.5725690608876731,1.2074734721211051,1.3626957178734473,1.331541497248463,-0.39100257758079426,0.8033014875494546,0.14732041691269135,1.0294977286848688,0.19221516000414765,0.9390484486850837,0.12047811393929979,1.1232511048678389,-1.0162277711080936,1.1126289313138162,0.707315630910555,-0.2796830787737598,-1.1227567801367138,0.5216276053257672,-0.17126010020791296,-1.1752516221925178,0.2661446819872972,-0.08117167401119736,-0.3017837467924707,0.3187685252141568,0.2022524232953033,0.6082092210323633,-0.9849068624854853,-0.7730914154063675,0.42048454123656803,0.13832520154695035,0.9494795317127657,-0.7303060277811462,0.6209220907395708,-0.32242316730391085,0.5152848703625854,-0.4251901598808322,0.8074501368322688,-0.29093678952913526,-0.8442557036593157,0.11592506299020958,-0.5848362060013182,-0.48158598308365574,-0.6941813181916414,-1.1241922608472226,0.22509982065103937,0.8352989538788026,-0.9131930373083533,0.3445726566210488,1.011081102379314,1.0889674634044728,0.8503563006599949,0.4770423056732814,-0.7977732568922372,0.49407158714274885,1.0762403665643132,0.8175938576135621,0.6034995272201644,-0.21659024007172495,1.0206697954335882,0.4504119491067785,-0.29374145143174846,0.6597358752047815,0.8741057909025955,-0.9535525288618034,-1.3022436976834348,0.6225808851481986,-0.7301239827712441,0.6566501359259458,-0.36511252665680877,0.7038154100348896,1,35,train
-0.2556144586770632,-0.5709981902669407,-0.4580476265199422,-0.3120460479751414,0.17656012286398473,-0.29092242424002507,0.15815043042462576,0.2496832553286399,-0.3174717450574912,-0.5769867284404967,-0.6393739044435435,-0.153097484840939,0.0060698977114741655,-0.717930879682726,0.0586142738313137,-0.47712490614315417,-0.5363733366079699,-0.5136838176425754,-0.7996142140503218,-0.5114961432382329,-0.015815322747650334,-0.3876859158159562,-0.4810512957572912,-0.032161977491458285,-0.4991994458479773,0.22952992778601458,0.18135602921176627,-0.30584656206387373,-0.4588823056460098,-0.6468301542615519,0.16790313811759405,0.10346618204547917,-0.4119981330930227,-0.4755577918518067,-0.4272415607063567,-0.053373104917932186,-0.7461704011488018,-0.38659985777833444,-0.4100337420428863,0.5376599705831189,-0.27389430865339853,0.38388324513279837,-0.8797498831205641,0.2583498519015511,-0.3620441028841252,-0.2710944454995635,0.47915791730305624,-0.4863143369689323,0.07568468548252355,0.3742535879467442,0.2494854285204129,-0.5150500685882948,-0.1885682774704057,-0.2934620089249975,-0.6900550489515929,-0.7634397055707428,-0.42575802632137605,-0.43828913787644047,-0.7227573108704477,-0.1094793872560123,-0.32867063018032244,-0.27935043679464727,-0.3616713301556495,-0.2071634234508484,-0.33292087923582747,-0.23164543533054763,-0.31864063775080226,-0.4515222893886067,0.043932522924493886,-0.40818551655421964,-0.307413104690645,-0.3536550563409983,-0.19135034332441497,-0.5956742654760444,0.13598030804629785,-0.5602194853821633,-0.023351370268565545,-0.48439845130293385,1,35,train
0.0792168996285195,-0.03358976584716821,0.18498567390128032,0.18762935757531798,0.0899836253614664,-0.09918654653775631,0.21369130140196926,-0.5571782430487762,-0.38493549800431615,0.11364759783091243,0.06933994308087495,0.140531113838965,0.12880139007453895,-0.717930879682726,-0.01037939300975781,-0.877408410599308,-0.4510751711509416,-0.43646216893412837,-0.5360701804050534,-0.4991116943889444,-0.430400661707834,-0.3244196270815682,-0.4555498595627023,0.0606584354894048,-0.3965406164223927,0.27280365779190385,-0.05828600049092835,-0.4704676385379365,-0.2927302876467103,-0.3778650925738833,-0.03470689066713979,-0.007897098903836823,-0.4709939492433139,-0.6343262077520354,-0.46651376505699954,0.16939684832848825,-0.658305175362456,-0.1392529711852683,-0.8647674922301216,0.3115259071805748,-0.5569484758083174,-0.061633107327279744,-1.2976457564106705,0.16974281333716806,-0.39270500055459245,-0.11566275060125122,0.1827684084416917,-0.4057823241836982,-0.24081490835348401,0.09094117822633593,0.3246031795024669,-0.4293416194262346,0.41516354140954115,-0.6473955311600874,-0.5630380401946676,-0.3988222189708881,-0.7920111375588069,-0.8996479028467164,-0.9353402313475345,-0.5053092982477031,-0.3592642797484908,-0.47145848790167794,-0.6682531033301761,-0.34379772759276983,-0.3562342503509144,-0.09614867800114354,-0.5906078904664065,-0.7433245430194666,0.16571657924969604,-0.708384617463432,-0.6166697283694127,-0.3771804474202456,-0.19613867674837626,-0.6083314618461664,0.14722841571925294,-0.702735747337167,-0.12173715771366585,-0.5574443854015705,1,35,train
-1.3373773085874077,-1.5016322910914248,-1.3646417861266873,-1.1789180772010104,-0.6428245856419924,-1.8781620379144586,-1.0851106045297552,-0.06976191038583891,-0.5072135502204363,-1.7016789413349982,-1.727823023055316,-1.1906951734345324,0.24792313266221946,0.8499889259299819,0.1637474804462798,1.2463179602652852,0.9456822882078986,1.0114437443492528,1.0405704419289215,1.4617593734150558,0.45735272715255926,1.5148217668395685,0.5594073009819391,0.46288022507314486,0.36009297823284214,0.3809879828066271,0.09234613246505112,0.43494828206940866,0.9861367599842618,0.5233065058641815,0.05738857696228467,0.26308688473949876,0.8893801643398713,0.6220151702410789,0.2796581176052148,0.9290995093996144,1.3430694119931994,0.7264611318904631,1.4229651891242168,0.4245929388818469,0.8537569701734558,0.4599470126259825,1.1298376252009772,0.2034978756474092,1.2936443713211068,0.010005428252703393,0.6514773991991984,0.6901533280675309,0.7843685586370622,0.6398589720596269,0.5452615730122508,0.20428870116471035,-0.12707707369559626,1.2801072993904696,0.19906401234688367,0.6914902652306194,1.2082943161225461,1.3912369990746536,1.229140413510077,0.8179760976223289,0.1948207068750027,0.648755991930228,1.1453292168571643,0.6866526494775541,1.0192546454392146,0.5060591323517636,0.9642237618511044,0.9582236632176256,0.2487511631077884,1.0042266467399432,1.4371114391383009,0.22271702510055952,0.5412646705416628,0.9326821962161876,0.3946867845242649,1.2870105253423085,0.6601709425079207,1.0008688753693453,1,35,train
0.4478533469938005,0.7878149804204515,0.09805198736364722,0.32730807324792477,-0.018236996516681522,0.5877280761868936,0.07982356109760291,-0.31871917568444685,0.8441697509956511,0.5226265843380039,0.6878196667825558,0.5974700005487033,-0.13832009330389616,-0.5700873248110563,-0.007093980303040119,-0.42708946808613496,-0.5150487952437128,-0.4605939341555181,-0.11994802201778729,-0.5610339386353865,-0.412375212187826,-0.2566343177232953,-0.49125187023512684,0.3824358671563968,-0.4041449741576212,0.14839168402497221,0.01018315085269868,-0.53220054221571,-0.2323113720106014,-0.49709702713645804,-0.11452296261264099,0.018087666651003576,-0.38423539608112095,-0.7654827252348331,-0.41545989940116385,0.36931860124194255,-0.10670681348150704,-0.19147064724380447,-0.22720264660678138,0.5457361871332097,-0.4975984085016409,0.13939256390470675,-0.511018230217529,-0.32392497295010875,-0.4978280782819088,-0.0032228011003444614,0.2516962012001486,-0.29723917651664356,0.2889778900241808,0.6929800488822034,-0.1261033263898575,-0.5058670204637884,-0.26682980954743585,-0.5756522496259475,-0.6248300985088475,-0.49794153571647964,-0.1947368330793043,-0.3587445232263929,-0.5140395344020352,-0.47063806516813894,-0.32187204138739617,-0.09971693446080043,-0.48257681816813885,-0.2242427114685886,-0.4611444203688056,0.19993682875570246,-0.3442979257428404,-0.4704704876763249,-0.05017333878134415,-0.11290771238122395,-0.3430965612689643,-0.4124685340391165,-0.5552636835454732,-0.5323882836254343,-0.02149319937507342,-0.5821450641444715,0.16824200528241925,-0.5136168249423885,0,35,train
-0.1381015300409693,0.623970948585155,0.23190226663587593,-0.10900791488403257,1.1660058086070515,0.5910626131904113,0.4116446620648088,-0.20473874096942155,-0.3680695597676099,0.25640441387584056,0.3381624369694475,0.17682228895670593,-0.037247099593136934,-0.5350717460256608,-0.10237094879785315,-0.6327907134316584,-0.33379019364752754,-0.45576758111124016,-0.36499773751251063,-0.651853230196835,-0.1780443684277222,-0.5368135964041565,-0.7972691045701946,0.03590632536117464,0.12816006730837315,-0.14911520976551657,0.04099426895733085,0.13142817232035545,-0.12154336001106837,-0.26417882938631204,-0.013217948220274084,-0.11554827048817562,-0.3877057382076087,-0.3996250712038712,-0.6275298028946352,0.24936554949386996,-0.3751838922731194,-0.284912804401185,-0.6772484199879627,-0.003446538272968712,-0.3606367147170027,0.10679380640762785,-0.7875669698948053,-0.05388447446817954,-0.4408864111796124,0.03315482962053714,0.20344674626922876,-0.18519463698936137,0.3096191678830509,-0.027105659157167512,-0.04159585653504666,-0.17833830402305836,0.15242839800808283,-0.7669676670503204,-0.3193026990665138,-0.5050214869125933,-0.04260092533452534,-0.8041943652666592,-0.7961950470352595,-0.3955170601624166,-0.5156318219857958,-0.05979837838661224,-0.6509808907569633,-0.45196655170512423,-0.4805722296313781,-0.19149824797368714,-0.7496830760170429,-0.4969979652791303,-0.09999408909619957,-0.5607457153769341,-0.33120207574285787,-0.2830788831032566,0.16298633004872068,-0.6747817427893069,0.2540854386123263,-0.6753287738842817,-0.28743953656857163,-0.7814519166373898,0,35,train
-0.22502890190876482,-0.8637328604793371,0.26226006193473195,-0.6864426054481081,1.6452685626388492,-0.020824926955089945,0.42588591103335843,-0.21823642402777982,0.9833137414484776,-0.47088368948818526,-0.48334406533339297,0.03330718735473039,0.23348413356068243,-0.4378062493995623,-0.046518932783652406,-0.38261352314656233,-0.4226424493319321,-0.5136838176425754,-0.5638116576308712,-0.5156242928546624,-0.8675178125680276,-0.518737513908617,-0.3994466999346065,0.23392320638701591,-0.46878201490706334,1.3600561241898719,0.15054491110713408,-1.355305924586024,-0.47902194419137945,-0.519279712636472,0.002131296384629993,-0.4162291290513288,-0.2766547901600017,-0.40997953311040786,-0.8474541472582353,-0.17332615666600473,-0.4484049137617409,-0.5020284048550987,-0.5834888838668832,-0.35880006647696655,-0.6939101695929557,0.07419504891054897,-0.4925816475723772,0.1233296026605865,-0.7255947466910941,0.1918935818571114,-0.07226442476459874,-0.48981572882915986,0.020641277858870058,0.1381599131797373,0.1508933803564669,-0.15385017569104117,-0.07117597935486045,-0.523040509834245,-0.09273181858118777,-0.4200620725592291,-0.7976458008086135,-0.5019248295964786,-0.5526909744887782,-0.5428698007505642,-1.2396815284324467,-0.07975765642370634,-0.4696226587382293,-0.33810463158685644,-0.6476513892895011,0.32539678924589144,-0.7394201608202277,-0.1294029184973977,0.3760708583568634,-0.10798641564500736,-0.3470613897776665,-0.2556325935108014,-0.9143886903425701,-0.5482097790880869,-0.33644021421781595,-0.3245195136873494,-0.17351915110582392,-0.5866627590410252,0,35,train
0.9967836026774723,-0.13626535913062068,-0.31867774810246696,0.48858659031320273,0.8552580229283696,-0.5460145050091304,-0.0953438012155573,-0.3907068186623576,-0.5156465193387895,0.06541894376167995,0.06370031034195384,0.691497136081032,-0.2718808349931137,-0.3444313726385077,0.13417876608582058,-0.5605173029048528,-0.4901701636520796,-0.6053845254838562,-0.5915531348566888,-0.8458762621690203,-0.051866221787666304,-0.32893864770545306,-0.47595100851837346,0.33293164689993654,-0.6512866005525472,-0.37089307604569904,-0.11648477913301133,-0.06920376463240853,-0.4337077574642978,-0.4998698628239598,0.1003664618560161,-0.13410881731306162,-0.43976087010492443,-0.6791955426803609,0.047952111936421904,0.3978788516581503,-0.5411515409806615,-0.15574276362480605,-0.5225451853881816,-0.47186709817823863,-0.3560713249241814,0.24262196264545655,-1.100988874862385,0.3680538044098348,-0.6292319254410542,-0.009836915776868389,-0.08604998331629012,-0.38827536488256037,-0.1926519266827872,-0.5110976924295316,0.16028309922922368,-0.6558568064973938,-0.12707707369559626,-0.6139153331108221,-0.5561722559375365,-0.2253634146661028,-0.5497206178171219,-0.6610140588965736,-0.4753880943152921,-0.6035444586398016,-0.09411931682436508,-0.012395093048513772,-0.823703016489091,-0.5088975117642581,-0.7447904356023634,0.10960565720276637,-0.5854764328679989,-0.31509526171703583,0.07714635646773084,-0.6001160892666669,-0.6999311270521578,-0.02037868271832882,0.0911613286893013,-0.5988385645685749,-0.24645535283417522,-0.5931078535256257,-0.044064167625428766,-0.3042184805262967,0,35,train
0.8502948834187798,1.4978057850400694,0.2801987591567832,1.408738129640994,0.19975025612358785,0.9028418230193178,-0.7205346309348852,-0.7686419442963889,2.448542125762332,1.1920403028189508,1.4190920452626585,0.9092441867874775,-0.39822207713156277,0.39089578185479695,0.6171344339733211,0.012110488192144792,-1.115690043670288,0.2730117285747284,-1.4284210311688572,0.21093003963692514,-0.23212071698774617,0.6290937245581366,0.9368285566618559,-1.0469984927488947,-0.3128926813348793,0.24575757653822308,-0.3492798937013432,-0.25440247566572916,-1.5464227870959701,-0.5747364263865067,-0.12680235829656425,0.06634508839570717,-0.6271593449352612,-0.07173377749687708,-0.08164616242069954,1.922996223883644,-1.5467202360910641,-0.8318242536458536,0.382234338180235,3.2108876486631934,-0.365202104509824,-0.7136082572688576,0.8164157202333974,-0.6066236197983783,-0.3620441028841252,-0.7208542435031906,3.1466634970553375,-0.9099827520564682,2.697126973559021,1.731792217857034,0.4889232597757102,-0.5272941327543035,-1.6587670586317578,0.2804842433481212,-0.3810947573806937,0.37289246140550353,0.6053853483932369,0.21927967656395275,-0.17777200564737053,-0.12103646494920035,-0.10431720001375454,0.514030865179843,0.3292171727728611,0.16288781693352206,-0.3251497555307985,-1.2303067208324519,0.34331739244378157,0.3139849214352077,-0.8528409827429038,1.2552127802869895,0.7511961071328289,0.0031467083609184416,-0.047700340605576194,-0.46277370358976333,1.2889113445241944,1.226715183745961,2.4673625118942373,0.7622521573137989,0,35,train
-0.6773731888504415,-1.0253923052234961,-0.31039834938459715,-0.945640222160162,-0.15428577830635318,-0.42763844138425144,0.08836831047873268,-0.29772277981588957,-0.45450749323072936,-1.024548638202974,-1.0980640338757932,-0.5671468009569833,0.22626463400991392,-0.20825967736196982,0.0586142738313137,0.10106237807129005,-0.4475210809235654,-0.17101275149884185,-0.41585711242650986,-0.486727245539656,-0.1690316436677182,-0.4690282870458836,0.22278834321336458,0.5928288032463531,-0.24825564058543714,0.23493914403675076,0.2772128410928441,0.02339559088425177,-0.3330095647374496,-0.5414623981364859,0.3336749798505581,0.2705111034694532,-0.56816352878497,-0.3305953251602935,-0.12091836677134239,0.043731746497174165,-0.4386421108965914,-0.33987877919964415,-0.4475375564913181,0.20653509202939366,-0.38802905347393035,0.41104887638036414,-0.4495629547336898,0.3047630625781327,-0.48906782180463243,0.413466423520663,0.26548175975183996,-0.4302920672052912,0.3440212976478343,0.6575659976671525,0.3058237417569534,-0.3834263788037024,0.2586404772554809,-0.08301504975818731,-0.5493064716804055,-0.17934373189136385,-0.5722592708163484,0.02837260140383859,-0.5565561184974526,-0.29728189977031816,-0.2606847422510595,0.21464169462343155,-0.3228088518659208,-0.03067744726753327,-0.5077711625989795,-0.09113027958153598,-0.20061711298742685,-0.011924089113544999,0.30410755234651665,-0.2507040209952886,-0.045734423116303116,-0.2948415786428802,-0.32542367919533116,-0.4089806190167448,0.5240400227632485,0.4154687695405548,0.13717280924712444,0.37267384212106996,0,35,train
0.10658292410541809,-0.09475820439901222,-0.31039834938459715,0.3157881791718335,0.14100191853259328,-0.4943291814546058,-0.29756953656896173,-0.8031360232233045,-0.30482229137996153,0.1618762519001449,-0.02465393590114341,-0.057420750439621956,-0.12027134442697487,-0.45725934872478197,0.11775170255223213,-0.4159704818512418,-0.5648060584269795,-0.6826061741923032,-0.5360701804050534,-0.5486494897860982,-0.48447701026785794,-0.5368135964041565,-0.5524553171021404,0.3948119222205119,-0.4801885515099061,0.1592101165264445,0.18820294434612897,-0.5785002199740402,-0.4387426671006402,-0.26140599369881035,0.24464936114211444,-0.16751780159785642,-0.35994300119570694,-0.7827401617457275,-0.27800718417391385,0.03801969641393261,-0.594846956738984,-0.26017811574187844,-0.8460155850059057,-0.011522754823059573,-0.5706446451867813,-0.09966499107387178,-0.7015295842174305,0.2414723207464305,-0.7387351314070086,-0.2578662161465156,0.08626949857985207,-0.5423366067325734,-0.06880425952956686,0.19718333187148904,0.1508933803564669,-0.5334161648373077,0.0685767564969791,-0.5517378224479009,-0.48751441336622564,-0.2607631706466712,-1.0117630043012653,-0.67162000751658,-0.62612871065359,-0.5053092982477031,-0.5360275883645746,-0.219472602683365,-0.5343934558877771,-0.37795630362825017,-0.7681038067174503,-0.11120387325996622,-0.7240257880250047,-0.37193985658019035,-0.011423866314234367,-0.6296438696839665,-0.5532324722301782,-0.459519316197611,-0.46907368191417,-0.3868305253690313,0.22034111559346103,-0.7520682995523607,-0.29261773590778745,-0.4990076381226612,0,35,train
0.17580286837051454,0.4579423296587213,0.44578673351417963,1.577216580503829,1.0454171156571153,0.4810228920743266,0.22508430057680895,-0.6816568756980801,-0.4397497972736114,0.24868782922476337,0.2836459871598768,0.061350368127530204,-0.02641785026698416,-0.5623060850809684,0.019189321350701408,-0.2603046745627376,-0.28047884023688474,-0.4750729932883519,-0.18467813554469534,-0.5486494897860982,-0.11495529510769426,-0.05327838964847679,-0.11893090179412774,0.05447040795734726,-0.13038809568939552,-0.31139169728760135,0.10261650516659518,0.19316107599812898,-0.1467179081927804,-0.43054897063641634,-0.28643450218756666,-0.5981224879352116,-0.2627734216540508,-0.40997953311040786,-0.35655159287519955,-0.13905385616655544,-0.07253700345348366,0.06686943430895348,-0.42409767246104824,-0.003446538272968712,-0.28302508823904104,0.09592755390860155,-0.41883531699177023,-0.08763953677842069,-0.3620441028841252,-0.8101447916362636,0.08626949857985207,-0.5528407823132561,-0.07568468548252355,0.18537864813313867,-0.2340850934265602,-0.058958678404474524,0.5772767149976751,-0.3795539467659653,-0.4943801976233567,-0.44484190174562704,-0.33560341432447,-0.8572241083666909,-0.2821308938815768,0.014759197945759268,0.7862979318595908,0.09738093615550375,-0.5214392964578676,-0.5658284718233921,-0.5155422863040084,0.2952863987282461,-0.7650774488122658,-0.6334249929507012,-0.4653462580718061,0.0445737831777071,0.2119794299493366,-0.4948074028164819,-0.11952534196499559,-0.5482097790880869,0.2147170617569835,-0.08333814730195839,-0.6654480883313255,0.08049010572652321,0,35,train
2.6516232004569873,1.0849188248151225,2.155482568754297,1.142340579131383,2.2281139118968745,1.5847546402386912,1.6335438235663655,-1.4090320182873866,-0.745444927813912,2.2588581308303732,2.127805892787077,2.5835870388105255,-2.556852442811349,2.2350495978856246,-1.7220794132096748,1.6688394371912252,1.4290385591310595,3.8831238056946256,2.6958119164027132,2.5639753210017253,3.5937809436339485,1.9124955817414357,0.5798084499376103,-3.3736968448025295,2.3980608512740775,-1.382416514933361,-2.3759667734727037,1.7261948506628384,1.2127076936196701,1.8598133072400191,-2.244998113773327,-2.6026615450228996,2.2115805145316916,2.9448661246074685,3.8730648156890366,-0.7502432150734013,2.7391502217095836,0.9051005499854553,2.4261922256197668,-1.0210498235844172,1.342253678005332,-2.886858757074117,1.590752191329771,-1.771173269501698,3.369825156435604,-1.0184894039467673,-1.6231397618298784,2.5774035407301907,-1.7889107477687383,-1.6679566987878653,-1.407799952521155,2.9102268818526107,0.8120613112287656,3.9920033413809555,2.2587992894862117,1.420725238430329,1.2139289793723527,4.0904509228662675,1.9403269111061492,1.236920164000396,1.646319414164768,1.1327684843297599,2.747326933022648,1.8138856586484056,3.125229169502068,-0.9693500030128589,4.007178117706827,1.0567542943137602,-1.2403357074140016,0.7729257001377632,0.8701409623938935,3.849548149817845,3.8164847325311873,3.043269690934032,-1.5456117890604881,1.6213756014675096,-0.784546673133289,1.638803366497439,0,35,train
0.47360960532499924,1.2487628566504188,0.4789043283856589,0.7362643129491653,-0.8453517494425262,0.357645022944171,-0.4926746474380915,-0.29022406700569053,0.8610356892323573,0.8621563089854005,1.1183116325201996,0.5628284242999505,-0.033637349817752675,-0.30163455412302437,0.30502022683514046,-0.43264896120358154,-0.6927533066125221,-0.031048513214781658,-0.8042377935879581,-0.4619583478410792,-1.0838232068081235,-0.008088183409628226,0.24828977940795355,-0.1992387208570118,-0.8718129748741734,-0.3763022922964352,-0.03774525508784024,-1.1906848481119612,-0.5595804983728581,-0.7799262672616353,-0.12373250937558343,0.30020797838927077,-0.48140497562277706,-0.3685616854842612,-0.6314570233296996,0.312198100409527,-0.8633240355305963,-0.44431413131671654,-0.2084507393825655,0.9899280973882071,-0.03649403942669235,-0.2028943898146216,0.048224776685407575,-0.007471263791597958,0.04968795154786373,-0.08589923455689355,0.6032279442682786,-0.4407962427859739,0.5641949281424482,0.6516636557979772,0.2494854285204129,-0.766053383991471,-0.2612397001133622,-0.4417314574288865,-0.23691328798094072,-0.12624409792051122,0.07009233966160722,-0.607984315796542,-0.4676578062979435,-0.1354828120656854,-0.7331866633594374,0.17222822879460659,-0.2796283204328889,0.1970463929690024,-0.18915509069279138,-0.34205020056191393,-0.08772504582245907,-0.2809885047991431,-0.03910206093359849,0.49733308290963385,-0.30344827618194287,-0.9535525288618034,-1.3309736982272027,-0.5070738908851904,0.38343867685130983,0.037252535890737105,0.5824979524196837,0.06101118996688676,0,35,train
1.6600072547058382,1.012827450807592,1.02810444333769,1.086181095510438,-0.5516100614875534,0.961196220580878,-0.27905591290984727,-0.6546615095813636,0.9200664730608291,1.3984589422352658,1.4660889847536676,1.52949336152705,-0.8133433013007525,0.8850045047153774,0.11775170255223213,0.6180952379938219,-0.5790224193364842,1.3975519878914877,-0.6008002939319613,0.48338791432127043,-1.0657977572881154,0.9273490857345371,0.44720098172574757,-1.350211841819714,-0.7805606820514315,-0.4844866173111584,-0.6505441596133021,-0.6556663495712571,-0.3481142936464768,-0.8132002955116561,-0.3723902719750295,0.19998102553488636,-0.6653331083266261,0.5909517845214689,-1.035960728141321,0.7691621070688509,-0.6241353653344326,-0.4305726376171018,0.719768668216121,0.8122513332862081,0.2191677889712989,-0.6755763735222655,0.6381954213302637,-0.6699143616300806,0.8162103933095453,-0.595186064649236,1.519967587955755,-0.6788908892814486,1.4586503020268173,0.9113666980416849,0.6908022155399806,-0.8150296406555055,-0.6469572510644395,1.3422848100533908,-0.4360210314377424,0.7481298747995289,0.4419801141488447,1.5450232540647455,0.24352869129812882,0.42792472547723215,-0.7433845465488268,0.5639290602725782,0.912154347118792,0.6183354974065934,0.6034995272201644,-0.35208699740112903,1.2413224721651162,0.7801105993130748,-0.7089143707222103,0.8565877446534453,0.541060196171615,-1.1652810485750287,-1.058038693061409,0.5466377069274666,1.0414529757191826,1.0458291589569175,0.763734929292237,0.8352980914124356,0,35,train
0.19672982826461344,-0.5491523193555677,-0.027518893190711678,-0.5280440619018529,0.1008056875492812,0.09254933116451246,0.46148903345473247,0.20319123590540591,-0.3512036215309037,0.10978930550537383,0.011063738112023564,0.29724300639284634,-0.058905598245442475,-0.7646183180632532,-0.026806456543346263,-0.6717071652537844,-0.3693310959212894,-0.4509412280669622,-0.45284574872760014,-0.48259909592322653,-0.416881574567828,-0.5684467407713505,-0.3076415296340862,0.5309485279257777,-0.36612318548147876,0.1592101165264445,0.030723896255786788,-0.1669475287888833,-0.58475504655457,-0.42223046357391114,0.035899634515418964,0.006951338556071977,-0.39811676458707185,-0.5204271267801321,-0.2544438615635281,0.02659559624744951,-0.5557957452783858,-0.3233889867601064,-0.6538085359576928,0.5053551043827555,-0.39259444326675164,0.3241188563881538,-0.8920409382173319,0.3132018281556929,-0.7299748749297323,0.08937480437099052,0.1896611877175374,-0.47230876952802203,0.13072809310617703,-0.16285952214819646,-0.14488276413537102,-0.3405721542226723,0.06298664706290552,-0.5278233952698543,-0.2987053462951206,-0.6749403156193218,-0.5384512913175086,-0.49662185528647534,-0.9082842232868144,-0.20771454764811076,-0.2028967375111859,-0.2544013392482797,-0.44371433987841014,-0.5202837037760849,-0.5738257140917258,0.054403274587083224,-0.43666416251417767,-0.6447939119233321,0.016254328305129757,-0.8806300032310128,-0.545302815212774,-0.26739528905042503,-0.4642853484902087,-0.4406236099420498,0.19784490024755086,-0.8671775880544791,0.35983538083340405,-0.6402297773800255,0,35,train
1.2656145490093584,1.670388165239915,1.93883830230337,1.9213734160270561,2.0920651301072026,2.0632607002434837,2.374088769930945,-0.4986882831292237,-0.654790509791616,1.896178652229745,1.952977277880523,1.207821582074346,-0.5570510672484701,1.0250668198569592,-1.0091448558519358,1.0183787424499755,3.2238541239560323,1.3444621044044305,3.583539187628881,1.2925052391414473,2.593368495273505,2.1384466129356787,2.08439318541836,-0.7375971161460176,2.6604111931394603,-1.1606386486531783,-0.3800910118059754,2.3949679738387184,2.9849958856121983,2.6722541636780286,-0.7653309338605738,-0.8097127217389121,1.520982431360636,1.1466412401722694,1.3007354307219292,-1.3100241232310732,4.0424844042070465,2.661263444796225,2.374624480753173,-1.4652417338394144,2.031627536721344,-0.7081751310193444,1.9471927891360383,-0.9948068363661515,2.879250793708128,-0.7340824728562384,-1.3060719151409768,1.7580778454369395,-1.314161357014727,-0.4579766156069551,-1.1636672618294792,2.3194507858426956,0.08534708479919985,1.3183703828753444,3.165082811427516,1.1764669221644068,2.1436484155904463,1.3222983330446123,2.427335056199112,2.1037009909895,2.5403338404345766,0.9157113356763615,1.3266874488758982,0.9940798337968771,2.3131467423265395,-1.546465821267728,1.6826278256281721,1.1780227633551565,-0.38231167421371365,1.614467442030801,2.820836588675351,1.3715402894704674,3.1700597202964125,1.0497612626398163,-0.5220339908215749,3.123277746685626,-1.1780898229136902,2.715013462217353,0,35,train
2.0463511296738184,1.5611588106830507,1.1467758249604907,1.3928982752863683,-0.7340391097964314,1.4347004750803938,-0.2762076631161373,-0.5556785004867364,-0.6400328138344981,1.8363751211838966,1.973655931256567,1.8693107285386241,-0.8061238017499839,1.5308474023126715,0.3543014174359058,1.8133862582448363,-0.7993760134338076,2.1263312975774564,-0.6239181916201428,1.6392698069215232,-1.4308131100682773,1.4786696018484895,0.9980320035288694,-1.1521949607938728,-1.4117223740753964,0.6947225253493243,-0.4999120266573227,-1.0414969975573418,-0.645173962190679,-0.6523758256365554,-0.42150785471072255,0.34104118140401996,-0.8666129516629136,0.9153915909262841,-1.4286827716477497,-0.7730914154063675,-0.7315261968510776,-0.44431413131671654,1.6151722381724296,-0.9079827918831451,0.908541647687311,-0.659276994773726,1.9656293717811901,-0.8133733764486054,1.4119078337643378,-0.6712483834292611,-1.126859653968989,-0.7279103753246345,-0.9288575036491525,-1.0954295374778735,-0.8585013984648847,-0.9742024748136173,0.42634376027768833,2.2558159282547714,-0.3193026990665138,1.3251458972827943,1.2026596528727396,2.7859192426054875,0.9160637488074581,0.6792911653040723,-1.2430808228289099,0.8358742235279852,1.6030428500473024,1.7968063706306654,1.267930604000142,-0.0007991080285999262,2.4523464653893163,1.443297539383211,-0.780877676732557,1.5997035518221512,1.0525230737941924,-1.2593826128920178,-1.6230620370888416,0.9136964016610046,-1.028198836104554,1.9173709147586713,-0.6809826863489729,1.809243879394258,0,35,train
-0.29102931388246145,-0.5884748869960389,0.65691140081986,-0.6576428702578799,1.6344465004510345,0.2992906253826109,0.5198781542257859,0.13420307805157483,-0.48191464286537705,-0.43808820472110716,-0.4250678603645416,-0.021129575321881013,0.08909414254531212,-0.5000561672402654,0.06847051195146676,-0.7439805757805901,-0.2520461184178753,-0.6681271150594694,-0.57768239624378,-0.6105717340325403,-0.6512124183279319,-0.4148000395592653,-0.1444323379887167,0.19679504119467064,0.04451213222085976,-0.5223511310663115,0.314870874331839,-0.732832479168474,-0.7408372452811848,-0.34181822863636074,0.1402744978287667,-0.06729084874347202,-0.5022270283817033,-0.4617518426430911,-0.9417074376997782,-0.2932792084140773,-0.5704399495761101,-0.480042014935715,-0.5788009070608293,-0.14074221962451333,-0.7121717287642407,-0.23006002106218734,-0.4495629547336898,0.18662034449228862,-0.9139402609525359,-0.20164624139606227,0.25858898047599427,-0.5073226881302977,0.0481629816706968,-0.015300975418817166,-0.4641332058091008,0.38794966365483935,0.14124817913993568,-0.6186982185464315,0.01368783740434417,-0.29616292662723964,-1.1808029017954642,-0.5443486240765039,-0.6609150067316588,-0.710447427301791,-1.2294836452430573,0.16973331903996983,-0.6293906250404473,-0.9928106722668966,-0.7914171778325372,-0.30190301320505347,-0.5752135176711836,-0.0877168822644177,0.09375327323934932,-0.270389207940155,-0.6404586994216256,-0.4830447072768583,-0.7228553533841184,-0.7095890328071425,-0.14522238377757943,-0.36288927652138886,0.5048249623314466,-0.4941379091827521,0,35,train
0.9758566427833734,0.8380604835166091,1.3689396905566642,-0.10468795460549833,0.21830236273127035,1.182942931314806,0.5056369052572363,0.05171723713938544,-0.4523992509511411,0.8370774088693996,0.8927263229633557,0.9455353619052185,-0.09861284577466932,-0.06819736222038797,0.11775170255223213,0.10106237807129005,-0.18096431387035164,-0.016569454081947845,-0.26790256722214856,0.4751316150884115,-0.006802597987646341,0.4483328996027423,-0.5473550298632226,0.14729082093821033,-0.3813319009519357,-0.07879539850594648,0.24982518055539332,-0.12064785103055314,-0.030914986556905003,-0.020169288886159122,0.17404283595955566,0.14429938506022838,0.14672694927149982,0.27686644002319033,-0.16804501199211383,-0.6245781132420871,-0.26291165932389965,-0.31514409054033754,0.16658740510175227,-0.26188546787587624,0.2054716195928351,-0.0018687185826351121,0.02978819404025582,0.02206441572986305,0.6760462896731235,-0.07267100520384569,-0.16187055535059267,0.0809111443879339,-0.41282555717740116,-0.5229023761678819,-0.8585013984648847,-0.2915958975586379,-0.35627156049261316,0.10830036766618559,-0.37766186525212814,-0.6784802912173786,0.2898442064040657,-0.0034452444561804386,0.5450099239747247,-0.45041317920505985,-0.15530661596070178,0.13480458247505517,0.36376159791928664,0.003481128767947082,0.5801861561050775,-0.3119398100442686,-0.10825087621608957,-0.6751110291836813,0.14910966247807755,0.12331453095717262,-0.41842830293430516,-0.18505642027305963,0.05764299472157225,0.25552219041466046,-0.5557783138404402,-0.6862915632654358,-0.09584616101758682,-0.44057089084375184,0,35,train
1.7099100052225356,1.401683953030029,1.1150381298753231,1.086181095510438,1.5695141273241457,1.2179555698517421,0.8744852535426711,-0.1747438897286254,-0.3996931939614341,1.0820789715411006,1.206665878763297,1.4024742486149566,-0.10222259555005357,1.0017231006666956,0.10461005172536136,1.2018420153257126,0.19576925023152383,0.5239820868771812,0.7122962947567449,0.7434613401563274,1.0612052860728267,0.7375502195313731,0.8858256842726779,-0.0507260600876309,1.0216721011977208,-0.33302856229054595,-0.21576504858127052,1.2580536644397224,0.7494960070761685,0.0325145891763739,-0.03777673958812061,-0.16380569223287922,0.7817995584187521,0.5150190638735335,1.544223097695915,-0.25900690791462794,0.6059777956744092,0.30597142468225075,0.6166331784829336,-0.6576200788303285,0.7807107334883154,0.01986378641541748,0.6381954213302637,-0.13827213024378243,0.6716661614344853,-0.16526861067518067,-0.506509519142877,0.6061199234220692,-0.811890262448889,-0.593730478597984,-0.21530565568104668,0.7430275244690887,-0.23328915294299435,0.945305318897817,0.6693702339603635,0.5109515097297204,0.7349826031387894,1.157906129434514,0.7807837085038574,0.33835737335502475,0.9562626516827484,0.5090410456705694,0.8560196562558504,0.9086833937081763,0.568529470547534,-0.3721605910795593,0.6409419331514239,0.799058797600793,0.043932522924493886,0.7089488425669475,0.6044974523108494,1.191178957862905,1.3744346863109278,0.5782806978527716,-0.3814326449096363,0.7388710562846018,-0.36511252665680877,0.3872830289407973,0,35,train
-0.018978835259175448,-0.7763493768338455,0.14772837967086613,-0.9427602486411392,1.1861039240987075,-0.45098020040887543,0.6309598961804728,1.5034680371939184,2.317831104427859,-0.5615535591383424,-0.6694519457177893,0.22631025502635269,-0.06251534802082674,-0.03707240330003645,0.840542498030124,-0.40485149561634864,-0.7425105697957887,-0.6681271150594694,-0.5499409190179623,-0.6890065767447002,-0.7773905649679878,-0.07135447214401622,-0.09342946559953876,-0.8737337218512835,-0.6550887794201614,2.074072669287045,0.4004573135113728,-1.0312081802777129,-0.7408372452811848,-0.5553265765739945,0.26920815250996094,1.5697493812114731,-0.457112580737363,-0.5204271267801321,-0.513640410277771,-0.38467200974594207,-0.8437984298002972,-0.6339467443714006,-0.33502611314602276,-1.8044428289432306,-0.7532602368996322,-0.6701432472727524,-0.5478913955078325,-0.38299633199303074,-0.6117114124865014,-1.137543468124198,-1.1613235503482173,-0.2902363927961884,-0.8462923922136724,0.020113075796233865,0.21662141246576422,-0.26404675318511855,2.6400270961708268,-0.3843368322015746,-0.013775299624180202,-0.558121120883446,-0.684952535812481,-0.5814694442465261,-0.29372632590759973,-0.6266586140261776,-1.358656832308657,0.19967223609561097,-0.49121292445474524,-0.46904583972286445,-0.5932535233542983,1.2136533095164292,-0.49311019609666157,-0.3188849013745795,-0.5539164808537712,0.18237009179177177,-0.2439758485514106,-0.30268337566929593,-0.7132786865361959,-0.4501165072196413,-0.4320491294379342,-0.03400559508676478,-1.8253647403156659,-0.17273579914875065,0,35,train
0.5814639370868937,-0.22364884277611213,0.6472521023156785,-0.7814817315758612,0.48885391742664014,0.4510120590426671,0.6124462725213583,-0.31871917568444685,-0.4882393697041419,0.2023883213183002,0.1858923530185777,0.6007691982866796,-0.2574418358915767,-0.4728218281849577,-0.03337728195678164,-0.5493983166699596,-0.09566614841332322,-0.5957318193953003,-0.26790256722214856,-0.3009605128003297,-0.2501461665077541,-0.3334576683293379,-0.7105642215085921,-0.15592252813260907,-0.4117493318928497,-0.18697972352066966,-0.11306132156582997,-0.3933015089407196,-0.6904881489177607,-0.11999137363622168,-0.1390817539804875,-0.16751780159785642,-0.14478178935346844,-0.29608045213850465,-0.20731721634275668,-0.17903820674924628,-0.1799278349701286,-0.6147086531919399,-0.5647369766426674,-0.30226655062633057,-0.56607925539396,-0.18659501106608214,-1.1931717880881438,-0.08763953677842069,-0.3620441028841252,0.2547276712840887,-0.01712219055783324,-0.22020855559163705,0.0,-0.0507150266338682,-0.31389770384499266,-0.2181315125625863,-0.09912652652522835,-0.38911971763718395,-0.37079608099499706,-1.0218579242288923,-0.6286059033144147,-0.549651598386507,-0.3826246381071087,-0.9618138671286312,-0.7093916025841953,-0.18204895636381357,-0.4566684993083197,-0.7423144480067073,-0.20469733810284932,-0.40227098159720465,-0.5957393480648141,-0.9593340034994539,0.043932522924493886,-0.7231485076720817,-1.0567656928353513,-0.02822047974474457,-0.22486867729214402,-0.23810846802009775,-0.5670264215133953,-0.6862915632654358,0.26144959338830376,-0.659708693139662,0,35,train
0.15004661003931585,-0.4202616809784679,-0.001300797250790588,0.5663458753268189,0.7470374010502215,-0.539345431002095,0.3076835445943967,-0.3232184033705663,-0.4987805811020833,-0.3454891889081808,-0.4513861464795067,0.03660638509270685,0.1937768860314556,-0.3405407527734638,-0.05637517090380548,-0.38261352314656233,-0.5719142388817319,-0.5764264072181886,-0.5083287031792356,-0.4578301982246497,-0.7413396659279717,-0.2837484414666045,-0.35354411478434633,0.20298306872672822,-0.5980560964059477,0.11593638652055524,0.10946342030095788,-0.5630669940545968,-0.42867284782795534,-0.5303710553864789,0.01134084314757244,-0.1378209266780388,-0.3738243697016578,-0.5031696902692377,-0.41545989940116385,0.3750306513251841,-0.6338981681995821,-0.2299468296027259,-0.40534576523683236,0.3196021237306657,-0.6847793900073131,-0.09423186482435864,-0.9473506861527872,0.15286528218204748,-0.6730332078274359,-0.03960043182122606,0.3137312146827598,-0.22020855559163705,0.1857715007298305,0.0968435200955111,0.4607541031574399,-0.417097555260226,0.04621631876068478,-0.8100136359708043,-0.35363162035216933,-0.8165393395415955,-0.5497206178171219,-0.7458616478566243,-0.8464419191480255,-0.34351021054307035,0.08264399179171873,-0.23444206121118558,-0.577573987320809,-0.7195420639830536,-0.6398802655844721,0.03432968090865299,-0.4674529081046234,-0.4894186859640431,0.11589582893484061,-0.6394864631563997,-0.731649755121775,-0.3614968533674141,-0.8569286892550346,-0.6557959482341239,-0.0552375223939387,-0.943917113722558,-0.4893893107979881,-0.6402297773800255,0,35,train
-0.8270814404005339,-0.5862902999049017,0.32435555231875557,-1.033479414490358,0.7223012589066449,0.08754752565923588,1.3059950972897243,-0.09225804881643603,2.2630168051585633,-0.6715148904161924,-0.616815373487859,-0.5374540213151953,-0.08417384667313228,0.021286894675622645,0.1243225279656675,-0.2881021401499705,-0.33379019364752754,-0.6005581724395782,-1.248101429201042,-0.6683658286625529,-0.6196678816679179,-0.40124297768761075,-0.1750340614222235,0.36387178456022423,-0.5144081613184343,1.3167823941839827,0.10261650516659518,-0.3470018311823894,-0.9472685403712235,-0.26140599369881035,0.05431872804130386,0.07748141649063878,-1.2205878485646608,-0.38581912199515567,-0.8121091633426567,0.18082094849497135,-1.2147849386759797,-1.1478786087369937,-0.7381921184666643,-1.0533546897847805,-0.8034795246206662,0.443647633877443,-0.1791597426047974,0.10223268871668578,-0.6642729513501596,0.14890183645970584,-0.637472325383945,-0.9169855357769233,-0.45410811289514125,-0.8593358627108667,0.5828204485032779,-0.11099595111001107,-0.26682980954743585,-0.31259355066743477,0.39817175580368536,-0.03420473237103332,-0.6962218623120942,-0.27389693426634215,-0.4676578062979435,-0.6584405776824448,-0.8521619672356476,0.2171366043780683,-0.43076018044850056,-0.43488726368738406,-0.7059348170772184,2.2374065871163715,-0.4264012473173624,0.47314978705204036,0.12696710678258627,0.26603213630745387,-0.6166697283694127,-0.36933865039382985,-0.26317534468383436,-0.7159176309922034,-1.6580928657900391,0.07014090403419951,-2.0583837105803773,0.00257444268797741,0,35,train
0.20316889284741313,1.1176876311821817,-0.002680697037102224,0.4093873185400752,-0.4201993063498024,0.15757280273310795,0.8018548838030681,-0.9336136261207677,-0.5999762105223208,0.6017215770115452,0.6727806461454328,0.25765263353712897,-0.04446659914390545,-0.5623060850809684,-0.6017536802189422,-0.3659350437942226,-0.39776381774029884,-0.3978513445799049,0.19445538654148042,-0.4454457493753613,-0.6602251430879358,-0.4464331839264593,-0.2974409551562506,-0.70665697848573,-0.586649559803105,0.4350801453139887,-0.1472958972376435,-0.5064784990166378,0.46250615780465115,-0.4804600130114476,0.19553177840642139,0.25566266600954435,-0.06843426257073866,-0.45139738073655444,-0.431168781141421,0.05515584666365726,0.16177026531010527,0.039386446909723906,-0.6819363967940167,-0.6495438622802376,-0.5889062043580664,-0.5940794797795683,-0.0439581365403512,-0.1298333646662221,-0.5722902583387578,-0.29093678952913526,-0.40311783000519175,-0.07665148932230671,-0.027521703811826743,-0.0920314197180944,-0.1636622018808845,-0.4844399081732733,0.6555382470747052,-0.4465143428644958,-0.8822970081512633,-0.32448273141169437,-0.4933739853190556,-0.42238021494643097,-0.5333652544454067,-0.4475239097817629,-0.3116741581980067,0.15725877026678603,-0.39621575530207503,-0.1502324633917145,-0.4766866677788636,-0.3219766068834837,-0.14930253700335058,-0.44394301007351944,-0.7753420378086843,0.0002821125517577408,-0.4739359020561353,-0.4830447072768583,-0.8521403558310733,-0.700096135529551,-0.06086157623041624,-0.006598621633879439,0.012896025105945097,-0.03638338883129549,0,35,train
1.080491442253868,0.5890175551269584,0.7493646865027396,0.7852238627725533,-0.9164681581053091,0.22926534830873888,0.3119559192849616,-0.46869343188842755,2.322047588987035,0.6615251080573934,0.5975855429598181,0.750882695364608,-0.3007588331961878,0.036849374135798404,-0.003808567596322428,-0.11575785350912653,-0.4652915320604463,-0.2434080471630109,0.00488862549839254,-0.3959079539782076,-0.7143014916479598,0.02806398158145063,-0.3739452637400175,0.08541054561763495,-0.3433101122757933,-1.7015602737267943,-0.0685563731924724,-0.9540420506804959,-0.05105462510227464,-0.21704062269878252,-0.0961038690867561,0.40043493124365515,-0.14825213147995617,-0.051024853683803766,-0.9024352333491352,0.8148585077347833,0.06414223665860988,-0.0018380341891204466,-0.2412665770249433,1.1433762118399335,-0.3012866474103262,-0.17572875856705586,-0.27134265583055617,0.07691639198400492,0.04530782330922555,-0.3339285349265408,1.4855036915765265,-0.31124474395755386,1.8095520256276083,1.2123861333696186,1.1837624563597104,-0.8578838652365356,-1.267459398246607,-0.1882385293415924,-0.7964747049371248,-0.0908443419399428,-0.2510834655773706,-0.268593959956339,-0.28599603789025113,-0.043026190520180994,-0.9711372711118579,0.15476386051214927,-0.4048518615886814,-0.5430560877997386,-0.06481711141232772,0.7519606549125338,-0.23653731617628024,-0.042241206373894086,-0.08892281124845391,0.22666176241772112,-0.06952339416851601,-0.8751345585976459,-0.7132786865361959,-0.1431794952441827,1.5982343055304595,0.16332461377400967,1.4265444447118603,-0.1532568833891142,0,35,train
-0.2523949263856634,-0.2280180169583867,-0.48978532160510985,-0.15364750442888628,-0.16046981384224734,-0.4659856169247052,-0.5710015167651143,-0.34721428436320323,-0.4523992509511411,-0.2644650500718702,-0.3047556952675581,-0.1481486882339743,-0.008369101390062868,-0.6128841433265396,0.1308933533791029,-0.34925656444188286,-0.47595380274257487,-0.6826061741923032,-0.2540318286092397,-0.5321368913203802,-0.394349762667818,-0.6362320501296233,-0.48615158299620903,0.15347884847026788,-0.13799245342462402,0.26198522529043156,0.38334002567546605,-0.02290408687407838,-0.020845167284220183,-0.15603823757374427,0.22623026761622952,0.044072432205843975,-0.12743007872102985,-0.4755577918518067,-0.22302609808301382,0.12370044766255586,-0.24826745502617537,-0.10627338630619282,-0.9491510747390931,-0.1488184361746042,-0.18258651279697308,0.24262196264545655,-0.738402749507734,0.16974281333716806,-0.5065883347591851,-0.08589923455689355,-0.003336632006141867,-0.30074056837687113,-0.2545757602593974,-0.08022673597974406,0.36685691442987234,-0.3528162183886809,0.1803789451784507,-0.5708693641903382,-0.552739363808971,-0.4413019261475702,-0.7525684948101605,-0.8943449285367132,-0.7072967348357505,-0.3319531328498823,-0.38985792931665914,-0.2893300758131943,-0.4998490307413516,-0.5032044157583447,-0.46891554407383457,0.19993682875570246,-0.8574436855836031,-0.6940592274713994,0.39267777512848184,-0.5115327480147681,-0.31137793319934715,-0.13016384108814935,-0.28711701180364085,-0.5925099663835138,0.02349923131674694,-0.5602194853821633,-0.1476281544097449,-0.4259617040240245,0,35,train
0.768196809988084,0.8817522253393548,0.8087003773141399,0.5764257826433988,-0.06307125415191424,0.5610517801587518,-0.27478353821928236,0.1701968995405302,-0.4207756167573169,0.5978632846860066,0.6615013806675906,0.661804356439244,0.09631364209608063,-0.4222437699393865,0.04875803571116062,-0.2047097433882718,-0.6820910359303936,-0.17101275149884185,-0.610047453007234,-0.22665381970459914,-0.5655915331078939,-0.11202565775897992,0.10038144947933748,0.04828238042528972,-0.5144081613184343,0.21871149528454228,0.18477948677894762,-0.8202874260453199,-0.47398703455503705,-0.7244695535116005,0.2200905697742679,-0.05244241128356322,-0.5785745551644331,-0.4203339950169445,-0.5646942759336067,-0.2818551082475942,-0.5802027524412596,-0.4882869111554839,-0.7475680720787723,-0.15689465272469505,0.14155616249333727,-0.17029563231754272,-0.24061501808863658,0.32585997652203336,-0.09047615208855803,-0.06605689052732176,-0.20322723100566678,-0.6613839299803107,0.006880425952956686,-0.5170000342987068,-0.2340850934265602,-0.683405950870913,-0.4680737491740848,-0.22171872739085766,-0.43945392356630797,-0.3917422677747744,-0.18910216982949768,-0.1943523196162946,-0.3169171899596456,-0.12392573437249736,-0.3354692189732488,-0.06728310765052253,-0.3141727455793144,-0.5430560877997386,-0.0026481217720958953,0.10458725878315882,-0.226274400979465,-0.4249948117858013,0.16571657924969604,-0.03908826133797502,-0.2836241336384321,-0.4124685340391165,-0.4355553479464409,-0.3551875344437263,-0.53328209849453,-0.3574078818308118,-0.28226133722935587,-0.14351742550929597,0,35,train
-1.5724031658595954,0.05816289198059782,-0.2372636607100804,-1.0665991099591203,-0.6196344523823892,0.8728309899876584,1.0838316133803505,1.9638890037401393,1.2363028149990714,-0.22781127297925355,-0.1788038974316535,-2.4427407149965945,-2.300560208759067,1.0250668198569592,1.5929020078684755,-0.8551704381295216,0.2881755961433046,-0.3833722854470711,-0.6655304074588695,-1.9315796112899721,-0.1870570931877262,-0.2295201939799862,-0.889074274870715,0.27723939911141865,-1.1493720322100134,-0.5061234823141031,-3.1359743533869637,-0.2183916151870279,-0.2574859201923134,-0.635738811511545,-0.1789897899532381,-1.1289541271269512,-1.786253615182159,-0.7447738014217598,0.6920162632869649,0.603512654654846,-0.45816771662689043,-0.9857289830815391,-0.40534576523683236,0.4649740216323012,-0.4473791207806069,0.13395943765519358,-0.062394719185502955,1.6971593828755802,-0.480307565327356,-1.5773820941130392,-0.27904780303996934,-2.4400909949759155,-0.3784234274126177,-2.3821400649580613,-0.1871364990627764,-0.2854738654756336,1.8462315565323781,-0.5182576243986357,-1.180958623336466,1.4525850188128406,-0.4144886998217628,-0.549651598386507,-0.25120974181218236,-0.31750678573339725,0.11663693575635024,0.5090410456705694,-2.5206979018072446,-0.8789487521486287,-0.38343318331851584,1.0681197553478101,-0.5598191448759607,0.8975894286969275,0.30410755234651665,0.41367103839395175,-1.2272533187095436,0.842218990187404,-0.35415367973909895,-0.4311307126644583,-1.6805890811359492,-0.6643659845031276,-1.022743842737216,-0.4990076381226612,0,35,train
-0.6983001487445405,-1.2176359692435776,-0.38077323848649053,-0.710922380359802,0.5429642283657141,-0.7660939472412998,-0.08964730162813744,1.8214134603463576,-0.557811364930555,-0.9724616918082031,-1.0849048908183105,-0.45332447899679584,-0.9721722914176599,0.2119272680627757,-0.07280223443739393,0.5180243618797835,-0.5825765095638604,-0.16136004541028595,-0.7210133619105049,0.041675905363316695,-0.5836169826279018,-0.08943055463955564,0.18708633254094,-1.6719892734867061,-0.7197258201696035,-0.3168009135383375,-0.46910090855269054,-0.7636989310073609,-0.2876953780103679,-0.5414623981364859,-0.4767651352883772,0.8867212580556683,-0.17948521061834563,-0.28917747753414685,-0.7100014320309852,0.4435752523240827,-0.3995908994359932,-0.3343821817197982,-0.15688299451597182,0.5861172698836641,-0.3743328840954665,-0.9689651909959756,0.13426216236278243,-0.9948068363661515,-0.2963421793045525,-1.1739210988450797,0.5825496064407416,-0.2902363927961884,0.5366732243306215,0.25620675056324077,0.2682648662659264,-0.7385042396179518,-1.0047242548451485,-0.1021465915006246,-0.4325881393091769,-0.02358480557686279,-0.0144276090854922,-0.25798801133633265,-0.32464747797699417,-0.22793943361118985,-0.7161901913771216,0.2695297092254403,-0.4955309775980484,-0.047756735285273445,-0.24355295662799423,0.01927448564983031,-0.18009128259379634,0.0032344695166295436,-1.196050596023019,0.31524510366961983,0.049421461092548476,-0.5693044745674315,-0.6318770183288539,-0.23177986983503673,0.20909300792050595,-0.18748464642292267,0.6135671484549785,-0.09482013611020484,0,35,train
1.003222667260272,0.2678832527297773,0.31883595317350905,-0.1853272131381373,0.21057231831140266,0.26094344984215717,-0.10388855059668707,-0.41620244221703434,-0.42710034359608173,0.4416024455016933,0.4735136227035539,0.7987210625652665,-0.26105158566696096,-0.4105719103442547,0.10461005172536136,-0.4215299749686884,-0.5683601486543557,-0.12274922105606247,-0.35575057843723806,-0.29270421356747073,-0.23212071698774617,-0.5548896788996959,-0.613658763969154,-0.19305069332495428,-0.2520578194530514,0.07807187276540213,-0.19864776074536378,-0.1000702164712953,-0.19706700455620452,-0.560872247948998,-0.1175928115336218,-0.08956350493333522,-0.4536422386108753,-0.26846855372107353,-0.08164616242069954,0.05515584666365726,-0.47281192092461477,-0.1777291535441897,-0.5928648374789912,-0.17304708582487677,-0.6071677635293515,0.10136068015811471,-0.7445482770561179,0.23725293795765034,-0.5941908995319487,0.11913832041534818,-0.01712219055783324,-0.46880737766779446,-0.020641277858870058,-0.29271104327005026,-0.42187947088169536,-0.49974498838078407,0.2139196017828922,-0.2551989254401229,-0.4497525999520046,-0.8377791931299365,-0.6793178725626743,-0.4488950864964468,-0.7923299030265852,-0.4995307594011091,-0.38305934052373286,-0.19452350513699737,-0.2753102672895857,-0.6113732398706992,-0.44560217295874766,0.10960565720276637,-0.2724575193651336,-0.7319556240468358,-0.14427920048718218,-0.5951947925304503,-0.37481518933858154,-0.23210720243155417,-0.2392336775640279,-0.1558366916143047,-0.2577034605071303,-0.7685124836240919,-0.16834095176660813,-0.8155400192167536,0,35,train
0.4365849839739011,1.1744868955517511,0.4844239275309054,0.7002646439613801,0.21675635384729683,0.8694964529841407,0.3618002906748852,-0.21523693890370021,0.8441697509956511,0.8640854551481698,1.0337171414363833,0.449006102339763,-0.0228081004915999,-0.4416968692646062,-0.016950218423193192,-0.27142366079763075,-0.2627083891000038,-0.29167157760579027,-0.22629035138342196,-0.24729456778674652,0.06980556247238759,0.12748243530691747,0.25339006664687136,-0.32918729903022015,-0.4611776571718349,0.20248384653233378,0.0067596932855173274,-0.08463699055185192,0.1251672121697097,-0.33072688588635374,-0.07461492663989039,-0.11926037985315281,-0.2141886318832228,-0.17182690926006475,-0.3722604746154567,0.8662669584839573,0.01044682090028742,-0.1502461661449601,0.03532405453224105,1.3291291924920234,-0.009101700669764713,-0.29525753605634514,0.1895719102982377,-0.273292379484747,0.15919115751381824,-0.20164624139606227,0.9961163629914828,-0.0031222602575277647,0.5573145021894915,0.3624489042083939,0.2213162719021426,-0.5364771808788099,-0.2612397001133622,-0.4608629991713238,-0.5012459818804879,-0.4306819993533997,0.21095892090677293,-0.024657141696193124,-0.25507488582085663,-0.022801304557101904,-0.3592642797484908,0.17222822879460659,-0.011909025548091,0.2710566410458765,-0.22412514736542177,0.1698264382380571,-0.03641046983838281,-0.45531192904615037,-0.3048127292794941,0.580995127425316,0.13268285977529362,-0.3575759548542062,-0.3828836802828667,-0.3456946371661348,0.08536382351799993,-0.05044977915849598,0.4841121649745834,0.05127173208706853,0,35,train
0.16614427149631503,0.158653898172913,0.33953444996818355,0.20490919868945492,-0.12800362727880296,0.33096872691602924,-0.22066679213879387,-0.15674697898414772,-0.3512036215309037,0.12715162097029753,0.2310094149299465,0.20651506859849397,0.2912401299668306,-0.655680961842023,0.035616384884289864,-0.37705403002911575,-0.8029301036611838,-0.5571209950410768,-0.13844234016833246,-0.4743427966903676,-0.2952097903077741,-0.2792294208427196,-0.4555498595627023,-0.0816661977479186,-0.4915950881127488,0.0077520615058320605,0.2053202321820357,-0.4138791434999774,-0.3783237514645313,-0.5969191118865206,-0.08689432232381365,-0.1563814735029248,-0.38423539608112095,-0.8483184204871262,-0.7924730611673353,-0.07050925516765684,-0.3507768851102455,-0.2684230119616473,-0.7663199793029882,-0.12458978652433161,-0.56607925539396,0.09049442765908841,-0.6646564189271269,0.07269700919522477,-0.6379921819183305,-0.026372202468178205,-0.010229411281987554,-0.33225309511891926,-0.08256511143548023,-0.08612907784891924,-0.15427248300812776,-0.395670442969711,0.20832949234881865,-0.3173764361030441,-0.46691706059483234,-0.6607804132270944,-0.8596270965564864,-0.2845028828863485,-0.8425767751393511,-0.4359668320885748,-0.43064946207421695,-0.324258812378109,-0.3746254895855591,-0.4235010716755573,-0.5466267811241243,0.18990003191648733,-0.5392933144823302,-0.9858614811022594,-0.0833871723245811,-0.6001160892666669,-0.3708503608298794,-0.7182986180693308,-0.15304367593272464,-0.5956742654760444,0.0684916620085673,-0.6479218004313964,-0.15280635374896068,-0.7668427298176624,0,35,train
-0.648397398227843,-0.19088003640905282,-0.15446967353138222,-0.8635609768680116,0.5785224326971056,0.030860396599434677,-0.3445656581651755,1.3174999595009824,0.8547109623935925,-0.48824600495310894,-0.35363251233820764,-0.3345533604296437,-0.6292460627561552,-0.12655666019604708,-0.21407498082625467,-0.2325072089755047,-0.5576978779722271,-0.45576758111124016,-0.02747643126506149,-0.5073679936218034,-0.7278205787879658,-0.3831668951920713,-0.8227705407647836,-0.31681124396610505,-0.4117493318928497,0.40262484780957175,-0.1746835577750943,-0.3264241966231316,-0.46391721528235225,-0.44441314907392504,-0.20047873240010383,0.47467711854319916,-0.2558327374010754,-0.4617518426430911,-0.5529126146284138,0.020883546164207963,-0.1750464335375538,-0.11176998378603872,-0.5928648374789912,0.2792210409802114,-0.6573870512503855,-0.018168097331174558,-0.2774881833789401,0.11067145429424606,-0.9314607739070886,-1.0747093786972206,0.16209007061415465,-0.22370994745186462,-0.1444889450120904,-0.27500401766252475,-0.11671360751710073,-0.44158568359224326,0.9965349225531938,-0.2743304671825602,-0.5767696087089298,-0.3846623165786607,-0.2623527920769838,-0.43828913787644047,-0.6106681346188928,-0.3955170601624166,-0.5904162987079851,-0.019879822312424057,-0.599164253037325,-0.6739972959357465,-0.6126813326168707,0.0443664777478681,-0.5957393480648141,0.06765834369487135,-0.3214196460511126,-0.270389207940155,-0.2598351625862192,-0.4948074028164819,-0.33500034604325374,-0.5260596854403734,-0.24645535283417522,-0.43414740749889075,-0.6602698889921097,-0.3139579384061149,0,35,train
0.497756097510498,0.5715408583978602,-0.46494712545150035,1.745695031366664,0.31570092242160347,-0.6110379765777258,0.35325554129375547,2.769250759555516,-0.6990635976629699,0.8062110702650909,0.9134049763393998,0.38137254871124576,0.8290928464990851,0.24694284684817117,0.7321238787084403,-0.4382084543210281,-0.7816055622969267,-0.0744856906132831,-0.29102046491033,-0.6270843324982581,0.3221618557524994,-0.8486260194522116,0.10038144947933748,3.235116559434922,-0.4231558684956924,-0.10043226350889113,0.8523537123793112,-0.10521462511110975,0.014399200170176684,-0.635738811511545,-0.8850550417788257,0.30392008775424795,0.10508284375364721,-0.25121111721017914,-0.2622983024336567,0.5578162539889137,-0.3214884765147969,0.2125292675248702,-0.799135816945366,-0.22150438512542195,-0.7760871858637386,2.573433123686597,-0.10541341202419038,-1.0834138749305344,-0.8307178244184105,3.3699756839268584,-0.506509519142877,-0.19569881257004407,-0.41970598313035784,-0.2809063595316999,0.18375739641111558,-0.62218563004087,-1.949452749203584,-0.06866639345135934,-0.46005127633770126,-0.08730436634188594,-1.017397667551072,-0.5867724185565293,0.1005183629771795,-1.0282670638644624,0.05544963662001354,0.4267090237675563,-0.6466628376136601,-0.24701509549224215,-0.7059348170772184,-0.13127746693839645,-0.3699552137348785,-0.06876868397669954,1.7101598390102142,0.18729138852798835,-1.2708664323052672,-0.18113552175985176,0.24917633168002395,-0.42796641357192783,-0.07210968390337133,0.8484989500961432,-1.0486348394332952,0.8693861939917994,0,35,train
0.16614427149631503,0.09311628543879441,0.2912379574472763,0.08827027116903065,-0.4279293507696701,0.24760530182808632,-0.21069791786080913,0.2016914933433661,-0.3870437402839044,0.2274672214343011,0.17085333238145475,0.2131134640744469,0.056606394566853784,-0.6712434413021987,-0.0498043454903701,-0.466005919908261,-0.5221569756984652,-0.5860791133067444,-0.5129522827168719,-0.44957389899179073,-0.34027341410779405,-0.5142184932847321,-0.5320541681464692,0.04828238042528972,-0.5448255922593482,0.19707463028159763,0.0581115567932376,-0.43445677805923527,-0.2725906491013407,-0.5913734405115171,0.029759936673457332,-0.06357873937849481,-0.3182988956778543,-0.47900927915398556,-0.4782954263621924,-0.24758280774814487,-0.29708146935192303,-0.18597404976395857,-0.7663199793029882,0.1580777927288485,-0.15062878424722417,0.41104887638036414,-0.959641741249555,0.10223268871668578,-0.6598928231115214,-0.1189698079395132,0.175875629165846,-0.27973221721550573,0.03440212976478343,-0.2691016757933496,-0.19183135849915478,-0.3497552023471787,0.05180642819475836,-0.4225999156864492,-0.6145314221231508,-0.8200793151396523,-0.5666246075665418,-0.6451051359665642,-0.6841058707837047,-0.268389205537348,-0.1960981487182596,-0.24941151973900613,-0.6682531033301761,-0.6056801438647859,-0.6593080748470446,0.14975284455962684,-0.6727112120409284,-0.7622727413071848,0.055003800772239535,-0.7477549913531647,-0.23208136302530416,-0.4752029102504425,-0.4403436813704022,-0.49125239542253785,-0.12835022226814677,-0.6862915632654358,-0.2460139418548452,-0.4600498066033883,0,35,train
0.5621467433384947,0.486341961843506,0.5009827249666451,0.18474938405629518,-0.536149972647818,0.5743899281728226,-0.09107142652499241,-0.1342508405535506,-0.43764155499402313,0.6634542542201627,0.7366964838532053,0.5331356446581624,-0.08778359644851655,-0.4222437699393865,0.022474734057419097,-0.6105527409618721,-0.6216715020649984,0.0799576068036109,-0.42972785103941874,-0.1358345281431507,-0.7548587530679777,0.014506919709796059,-0.4147475616513599,-0.15592252813260907,-0.6588909582877757,0.31607738779779315,0.044417726524512195,-0.6813883927703295,-0.3934284803735585,-0.5913734405115171,0.2200905697742679,0.055208760300775574,-0.33912094843678064,-0.285725990231968,-0.5725487168037352,-0.144765906249797,-0.5460329424132363,-0.1832257510240356,-0.2131387161886195,-0.27803790097605796,-0.31498281678879,-0.2735250310582925,-0.40654426189500237,-0.36189941804913006,-0.024774228508985332,-0.023065145129916243,-0.28594058231581504,-0.3497600544200571,-0.15824979691800378,-0.33992977822345166,-0.6049789889004522,-0.7170771273274367,0.19714927348067146,-0.374771061330356,-0.5939340693517575,-0.4767016821281386,-0.5440859545673152,-0.48071293235646584,-0.4135457901765032,-0.3059497080402092,-0.28108050862983835,-0.017384912557787294,-0.305536639292708,-0.38934249564007695,-0.3717764977609724,0.24008401611256291,-0.10311941861768195,-0.5993182360328085,-0.06678025555296262,-0.42787070349908607,-0.4342876169691138,-0.6006716626730946,-0.6558186854486603,-0.5861813681984529,-0.25207940667065276,-0.5766636694538945,0.08021261651575057,-0.5136168249423885,0,35,train
0.26434000638401,-0.0663585722142275,0.13668918138037303,0.1487497150685099,-0.664468710017622,0.1759127562524554,0.20657067691769446,-0.0667624252617593,-0.4102344053593755,0.11171845166814312,0.10505761709404192,0.23950704597825848,-0.08056409689774803,-0.8696650544194396,-0.09580012338441778,-0.5438388235525131,-0.6501042238840079,-0.3061506367386241,-0.47134006687814534,-0.581674686717534,-0.3357670517277921,-0.7582456069745144,-0.47595100851837346,0.08541054561763495,-0.5296168767888912,0.19707463028159763,-0.013781052117570781,-0.1772363460685122,-0.42363793819161294,-0.5109612055739667,-0.1390817539804875,-0.13039670794808442,-0.3113582114248789,-0.5480390251975633,-0.3447699315700067,0.049443796580415714,-0.5606771467109606,-0.07879039890696324,-0.8460155850059057,-0.06805627067369559,-0.4108560024380367,0.10136068015811471,-0.49872717512076115,-0.12561398187744197,-0.7080742337365414,0.0364618869587991,-0.09983554186798149,-0.2272113393120922,-0.12384766715322035,0.07913649448798558,-0.08384959146245208,-0.6344296942068787,-0.1829781680363321,-0.4273828011220585,-0.6694576961801996,-0.5510411696873323,-0.8145497905580333,-0.7087408276866022,-0.9508008073822317,-0.42440975439538675,-0.4850381724176274,-0.3167740831141987,-0.6121184124672345,-0.36087701561051,-0.37954762146600135,-0.15135106061682668,-0.554687687277553,-0.5538425601422848,-0.05570897770521697,-0.452477187180169,-0.3629207038124751,-0.4791238087636504,-0.5169570161537829,-0.6652888455117154,-0.015869145538595877,-0.6479218004313964,0.2148457993353615,-0.6061416748006616,0,35,train
-0.9027404492484299,-1.5628007296432689,-0.16826867139449858,-1.184678024239056,1.0639692222647976,-0.7344158457078814,0.08552006068502276,0.07871260325610197,1.0824011285891268,-1.3602200705248322,-1.5003578359188317,-0.6496267444063946,-0.0228081004915999,0.21970850779286358,0.14074959149925598,0.6236547311112685,-0.5328192463805937,-0.24823440020728885,-0.7210133619105049,0.11598259845904724,-1.2415458901081935,0.2088248065368449,0.7940205139721577,-0.15592252813260907,-1.2748439348412834,0.8786358778743537,-0.12333169426737403,-1.3141506554675082,-0.48405685382772184,-0.560872247948998,0.0635282748042463,0.15543571315515997,-0.3530023169427315,-0.285725990231968,-1.0870145937971567,-0.6360022134085702,-0.7608146054465261,-0.22445023212287996,-0.2131387161886195,-0.9968211739341446,-0.41998678202367923,0.1230931851561673,0.5828856733948085,0.10645207150546591,-0.2043594862931507,-0.03298631714470213,-1.0648246404863777,-0.5073226881302977,-1.272878801296987,-0.5996328204671592,-0.22939023399018182,-0.5334161648373077,-0.2221089340748472,0.16569499289349746,-0.3913934337663903,0.08261446236484248,-0.0538702518341386,0.5904878782641747,-0.5681515505234754,-0.16148623687535854,-1.2056885844678153,0.36932609941091077,-0.28826442671949526,0.08318447285073456,-0.30960750812074056,0.004219290391007633,0.14832200370429174,0.4655705077369531,-0.28820581250787564,0.6843423588858645,0.28731117161467745,-1.0398122961523768,-1.5416603688814994,-0.28557295440805525,-0.6963796597523788,1.2596035518894233,-1.183268022252906,0.9083440255110723,0,35,train
-0.15419919149796849,-0.9817005634007505,0.2691595608662901,0.3157881791718335,1.6684586958984524,-0.10252108354127402,0.11969905820954181,1.3789894045446145,-0.4523992509511411,-0.42844247390726065,-0.49462333081123516,-0.04917275609468083,-0.1527590924054332,-0.45336872885973806,0.15060582961940905,-0.4382084543210281,-0.4084260884224274,-0.41715675675701663,-0.6516596688459606,-0.5032398440053739,-0.6827569549879458,-0.5232565345325019,-0.7768679556145235,-0.46532390473548596,-0.5372212345241197,-0.8252672411075365,0.09919304759941382,-1.267850977709178,-0.2625208298286558,-0.4915513557614546,0.30911618848271155,1.5066435220068606,-0.2870658165394649,-0.4617518426430911,-0.6628747868102138,0.009459445997724863,-0.47281192092461477,-0.13650467244534534,-0.8975833298724994,0.650727002284391,-0.81717569399913,-0.31155691480488457,-0.5540369230562164,0.08113577477278505,-0.747495387884285,0.21504298322494514,0.19655396699338307,-0.31824752767800896,0.12384766715322035,0.16767162252561316,-0.018121559353154765,-0.16609423985704977,-0.7419891114436902,-0.40825125937962126,-0.31243691480938274,-0.45546182853979755,-0.6680485460630611,-0.332229651676377,-0.398085214141806,-0.27994628323053605,0.06224822541293983,0.12482494345650812,-0.4739407118815325,-0.5430560877997386,-0.5893679615017837,0.17484483665766465,-0.4623214505062158,-0.5462632808271976,-1.0244457893829615,-0.3146808785661043,-0.5889159288084976,-0.5967507641598867,-0.9766370248540669,-0.6463030509565324,0.07411571584504484,-0.49992414378581557,-0.3236869319430823,-0.3918736014446607,0,35,train
0.4897072667819984,-0.022666830391481776,-0.3393762448971415,1.0890610690294609,1.6097103583074577,-0.5426799680056127,0.3091076694912517,-0.3202189182464867,-0.37228604432678647,-0.0869836030970947,-0.22768071450230307,-0.01947997645289279,0.16128913805299727,-0.46114996858982593,-0.19764791729266618,-0.5660767960222994,-0.6607664945661365,-0.6053845254838562,-0.5037051236415994,-0.7261599232925655,-0.2907034279277721,-0.36960983332041675,-0.7360656577031811,0.08541054561763495,-0.8794173326094019,-0.3925299410486437,0.04099426895733085,-0.4293123694194208,-0.5142663116457763,-0.6690128397615658,0.14334434674974753,-0.47933498825594123,-0.05455289406478779,-0.45139738073655444,-0.08950060329082811,0.07800404699662346,-0.6729493796601803,0.12183540910741263,-0.7897598633332581,0.17423022582903022,-0.598036983943709,0.03616316516395693,-0.7875669698948053,0.22881417238009008,-0.5679101301001197,-0.5058955165161629,0.3481951110619882,-0.4197878916246085,-0.1857715007298305,0.03782010140375938,-0.17305192075364126,-0.8119686246140033,-0.33391112275631885,-0.9200200009898187,0.03428519017573745,-0.5156414137067639,-0.2567181288271772,-1.0322222605967957,-0.38648978211578305,-0.6613298471057418,0.7930965206525171,0.027523463025674415,-0.7243877941931175,-0.5259767997819984,-0.4339454874012042,-0.08109348274232087,-0.8215234823947496,-0.2241439099359886,0.016254328305129757,-0.3786577361369201,-0.9021373809959674,-0.4085476355259086,-0.6606070188726216,-0.814010902860649,0.006627069807314304,-0.7575496942429377,-0.4945675101372039,-0.5087470960024794,0,35,train
1.2881512750491573,0.6436322324053906,0.9894672493209643,0.0666704697763595,0.17656012286398473,0.6110698352115176,0.2777769217604425,-0.5721756686691742,-0.4692651891878473,0.8197150934044759,0.9115250987597594,1.1137944465420173,-0.5534413174730859,0.21970850779286358,-0.03337728195678164,0.3178826096517066,-0.2627083891000038,0.34540702423889746,-0.12457160155542357,0.09121370076047039,-0.16001891890771422,-0.1888490083650225,-0.3739452637400175,-0.14973450060055152,-0.3813319009519357,-0.21402580477435046,-0.29792803019362296,-0.24411365838610022,-0.20713682382888934,-0.30577136469883814,-0.3570410273701254,-0.11183616112319841,-0.1586631578594193,0.0732286891946361,-0.266225522868721,0.043731746497174165,-0.20433484213300243,-0.29590599936087686,-0.2084507393825655,-0.4314860154277843,-0.33324437596007506,-0.029034349830200853,-0.3881076792498506,-0.10029768514476112,0.01464692563875829,-0.38684145233873224,-0.38243949217765466,-0.11516679978480998,-0.5710753540954049,-0.44026958999942956,-0.5721149728458035,-0.3405721542226723,0.11329763196956776,0.2852671287837305,-0.5664709323232332,-0.512101438108707,-0.3186994245750501,0.37836890586404787,-0.158446285603999,-0.5081985676710001,-0.4136529900919012,0.10237075566477727,0.06581593103136645,-0.013598159249793093,-0.03373261659221181,0.029311282489045427,0.3125286468533358,-0.5348943618545667,-0.26606325681238435,-0.0686160417552746,-0.4897952160909439,-0.21250270986551478,-0.27275201153175693,0.15742891854621494,-0.6232669598781707,-0.5492566960010091,0.09574721453339799,-0.5866627590410252,0,35,train
-0.01253977067637578,0.23292985927158075,0.21396356941382466,-0.2558865643541964,-0.16046981384224734,0.5577172431552341,0.44582365958932785,-0.2617289583269342,-0.3069305336595498,0.15801795957460632,0.2573277010449117,0.09104314776931825,0.11436239097300192,-0.7529464584681215,0.10132463901864368,-0.8384919587771819,-0.2627083891000038,-0.5571209950410768,-0.3418798398243292,-0.8004666163882961,-0.5520724459678878,-0.7040173594878961,-0.8023693918091125,0.20298306872672822,-0.541023413391734,-0.17616129101919736,0.2600955532569374,-0.1926695719879556,0.014399200170176684,-0.42223046357391114,-0.01014809929929327,-0.011609208268814022,-0.49875668625521563,-0.6032628220324254,-0.3918965767907781,-0.11049360575034768,0.03973522949573603,-0.43881753383687067,-0.7288161648545564,0.22268752512957538,-0.6528216614575643,0.22088945764740398,-1.0088059616366263,-0.062323240045739824,-0.8000569267479432,0.06622540300315678,-0.22390556883320384,-0.40928371604392577,-0.0481629816706968,-0.387148513176853,-0.08854445089883045,-0.5242331167128013,0.2474602583873337,-0.62826398941765,-0.6145314221231508,-0.7882195347571407,-0.6680485460630611,-0.8625270826766942,-0.9237447993215117,-0.49086295113121803,-0.2640840366475226,-0.34421809041520307,-0.29690053300610164,-0.5715215678293055,-0.6204524563218997,0.21499202401452513,-0.6624482968441132,-0.7092177861015739,0.016254328305129757,-0.6493290566288328,-0.9100670380133717,-0.3379714622881668,-0.5983586843611248,-0.4437879090345803,-0.24645535283417522,-0.9877682712471746,0.028430623123592513,-0.8934556822552994,0,35,train
-0.18639451441196683,0.4644960909321331,-0.34489584404238804,-0.41572509465996293,-0.10481349401919984,-0.11919376855886261,-0.509764146200351,-0.054764484765440845,-0.3195799873370795,0.049985774459525546,0.14829480142577037,-0.03927516288075148,0.15045988872684452,-0.4767124480500017,0.019189321350701408,-0.8940868899516476,-0.6998614870672745,-0.6295162907052458,-0.642412509770688,-0.6270843324982581,-0.407868849807824,-0.6226749882579687,-0.6238593384469895,-0.0816661977479186,-0.2900796081291938,-0.3059824810368652,0.12658070813686464,-0.5630669940545968,-0.46391721528235225,-0.5054155341989632,0.19553177840642139,-0.18236623905776522,-0.16907418423888246,-0.5480390251975633,-0.022737855894735242,0.35789450107545945,-0.3751838922731194,0.028393251950032082,-0.9069592834846073,-0.1649708692747859,-0.5569484758083174,0.25348821514448283,-0.6400743087335913,0.005186884574742473,-0.8569985938502396,-0.1553474386603948,0.03802004364893226,-0.23421412303254732,0.1444889450120904,-0.015300975418817166,0.21662141246576422,-0.28853488151713574,0.09093719423327343,-0.8291451777132416,-0.46005127633770126,-0.625380657246526,-0.927243055554166,-0.9579806202567512,-0.7807344710005623,-0.39840632958571365,-0.26748333104398575,-0.34421809041520307,-0.3616713301556495,-0.5430560877997386,-0.663193636699559,0.36052557818314435,-0.4828472808998463,-0.5386840015121104,-0.016959505238107193,-0.5804309023218005,-0.6127048998607105,-0.365417751880622,-0.339788679467215,-0.5671955736432699,0.19222084641107332,-0.7520682995523607,0.11646001189026121,-0.6548389641997528,0,35,train
0.2015591267017132,0.6021250776737822,0.053895194201674865,-0.1853272131381373,0.006499145626895143,0.24760530182808632,-0.18363954482056488,1.1600269904868026,0.7598400598121199,0.44931903015277047,0.5581081137873705,0.24280624371623494,0.09631364209608063,-0.5233998864305289,-0.30606653661435,-0.5493983166699596,-0.554143787744851,-0.5040311115540195,-0.5037051236415994,-0.4991116943889444,-0.33126068934779007,-0.5051804520369625,-0.48615158299620903,0.7846576567401369,-0.16840988436553797,-0.046340101001529535,0.2943301289287509,-0.33156860526294607,-0.47398703455503705,-0.455504491823932,0.24771921006309525,-0.10069983302826682,-0.5646931866584822,-0.5756509236149944,-0.16804501199211383,0.2893499000765608,-0.9170194512889187,-0.2766679081814161,-0.5834888838668832,0.3115259071805748,-0.7486948471068109,0.954361501331679,-0.5786190332497521,0.40180886672007593,-0.9139402609525359,-0.1553474386603948,0.4653723587513649,-0.521328255571208,0.2339344824005273,0.5100074509377731,0.2494854285204129,-0.3528162183886809,0.6275876999043373,-0.32215932153865345,-0.3810947573806937,-0.2820030242350123,-0.5609899443167351,-0.29510883150635486,-0.676375582766356,-0.27416774438394204,-0.22669179828642794,-0.06229328814124901,-0.5473476153176867,-0.5316698957879118,-0.8186161108001386,-0.035927896965852836,-0.4674529081046234,-0.33783309966229763,0.9074921950486546,-0.3688151426644869,-0.5254786726692632,-0.31444607120891954,-0.1769853430525311,-0.5735241718283309,0.16410057722868557,-0.37933346059312006,-0.12173715771366585,-0.8058005613369353,0,35,train
0.7392210193654856,0.7310157160508821,0.8528571704761122,0.5073064181868511,-0.18984398263774463,0.5527154376499576,-0.23490804110734348,-0.026269376086684518,-0.5029970656612598,0.511051707361388,0.6633812582472309,0.6172651869765619,-0.066125097796211,-0.4728218281849577,0.1243225279656675,-0.22138822274061154,-0.5292651561532176,-0.43163581588985045,-0.5499409190179623,-0.24729456778674652,-0.5791106202478998,0.005468878462026345,-0.4045469871735243,0.1720429310664405,-0.5790452020678765,0.1916654140308615,-0.020627967251933485,-0.732832479168474,-0.2876953780103679,-0.5913734405115171,0.14948404459170914,0.010663447921049177,-0.4744642913698016,-0.26501706641889466,-0.42331434027129244,-0.06479720508441529,-0.21409764499815198,-0.4608039237562543,-0.5600489998366134,0.21461130857948452,-0.009101700669764713,0.23175571014643026,-0.5478913955078325,0.03894194688498362,0.1416706445592655,-0.16196155333691872,0.1827684084416917,-0.45480181022688415,-0.26833661216531074,-0.2809063595316999,-0.23877995286293857,-0.4201585713017282,-0.143847401997817,-0.32215932153865345,-0.5287091189090122,-0.2607631706466712,0.01374570716354094,-0.33753262598638023,-0.26667031784687956,-0.10081157898612127,-0.43744805086714333,-0.0024154540299667253,-0.5905281467507186,-0.12176698336214754,-0.19304065254530586,0.049384876167475666,-0.349429383341248,-0.3113056220594922,0.22107296848842428,-0.22609753731420565,-0.21622204899049555,-0.36933865039382985,-0.48822701561001514,-0.29823015077817727,-0.20146292214235484,-0.41770322342715954,-0.47385471278034064,-0.32369739628593314,0,35,train
-0.27976095086256203,0.47760361347895686,-0.0923741831473586,0.17322948998020388,-0.43256737742159074,0.3509759489371356,0.5825396496874041,1.4164829685956097,-0.3680695597676099,0.06734808992444924,0.20093137365570063,-0.16959347353082121,-0.36573432915310444,-0.3405407527734638,0.6039927831464503,-0.6272312203142117,-0.2840329304642609,-0.5716000541739107,-0.3927392147383284,-0.494983544772515,-0.38533703790781404,-0.4599902457981139,-0.44534928508486665,0.7042132988233889,-0.6398800639497044,0.2944405227948485,0.01703006598706138,-0.48075645581756543,0.05467847726091596,-0.46659583457393894,-0.06233553095596713,-0.5350166287305993,-0.5334601075200928,-0.33404681246247236,-0.1169911463362781,0.16939684832848825,-0.20433484213300243,-0.02657272284842706,-0.42409767246104824,-0.4960957478285112,-0.31498281678879,0.5577432851172192,-0.9903693789914746,0.5410484987498207,-0.528488975952376,0.010005428252703393,-0.06537164548875306,-0.4442976346462015,-0.03440212976478343,-0.003496291680466822,0.11333450486543986,-0.3528162183886809,-0.4904341869103791,-0.374771061330356,-0.9646864192368365,-0.4342219749514565,-0.2736221185765971,-0.4488950864964468,-0.676375582766356,-0.4388561015118718,-0.3388685133697119,-0.1720693173452665,-0.417806021018591,-0.7081558719712269,-0.3912043070235448,-0.19149824797368714,-0.5598191448759607,-0.4060466134980831,0.5864251374640307,-0.452477187180169,-0.5373731581953697,-0.31444607120891954,-0.39724868055475054,-0.45644510540470234,0.10786003886391012,-0.5054055384763926,0.06467801849810316,-0.6061416748006616,0,35,train
-0.17190661910066757,-0.13408077203948338,0.03181679762068868,-0.623083188029606,-0.10017546736727923,-0.0508357599867494,0.12824380759067158,-0.08775882113031659,-0.3975849516818458,-0.411080158442337,-0.45514590163878743,-0.035975965142775033,0.24792313266221946,-0.7373839790079457,0.012618495937266026,-0.4993628786129405,-0.5328192463805937,-0.4509412280669622,-0.6932718846846871,-0.6023154347996813,-0.32675432696778806,-0.5051804520369625,-0.5422547426243047,0.41956403234874207,-0.2520578194530514,0.1916654140308615,0.09919304759941382,-0.33156860526294607,-0.22224155273791657,-0.4194576278864094,0.06966797264620793,-0.11183616112319841,-0.44323121223141215,-0.6688410807738242,-0.4390232220115496,0.18653299857821293,-0.4288793080314418,-0.3948447539981033,-0.9163352370967153,0.47305023818239206,-0.3058520372031474,0.13939256390470675,-1.0026604340882423,0.1444265166044872,-0.41022551350914516,0.17535829516580156,0.506729034406439,-0.4653059858075669,0.11696724120026365,0.08503883635716077,-0.06507015371693856,-0.23343659277009707,-0.1158968548274491,-0.523040509834245,-0.7655786757800349,-0.5616610964815029,-0.7412991683105472,-0.67162000751658,-0.7807344710005623,-0.4417453709351688,-0.3048755694050804,-0.4490043001099471,-0.4696226587382293,-0.5886008558470457,-0.33680644108834196,-0.13629586535800403,-0.5803449752695912,-0.6258457136356139,-0.05017333878134415,-0.6247225729477498,-0.466006245038731,-0.2909206801296723,-0.35894201316306024,-0.5798527700133919,0.15847652339220802,-0.38481485528369713,0.38054817819026726,-0.21169363066802355,0,35,train
1.2318094599496603,0.3727434331043671,0.6665706993240414,1.0285816251299815,0.21211832719537618,0.6577533532607657,-0.015592806991679479,-0.12075315749519235,-0.3617448329288451,0.703966323638318,0.8194110973573815,1.0758536725552883,-0.23578333723927117,0.1341148707618969,-0.10894177421128853,-0.08796038792189363,-0.5967928704733652,0.22474819813194902,-0.08758296525433326,0.21093003963692514,-0.20057618032773217,-0.048759369024591936,-0.16993377418330569,-0.1002302803440912,-0.21023385190929467,-0.019294019747848737,0.044417726524512195,-0.4447455953388642,-0.509231402009434,-0.339045392948859,-0.14522145182244914,-0.05986663001351762,-0.3356506063102929,-0.14421501084263366,0.008679907585779046,-0.25900690791462794,-0.45328631519431567,-0.2904094018810309,-0.28345836827942905,-0.019598971373150434,-0.3606367147170027,-0.15399625356900326,-0.5724735057013681,-0.155149661398903,0.08034884921833099,-0.13881215196908497,-0.4100106092810374,-0.342757270699602,-0.1926519266827872,-0.38124617130767785,-0.3514565793360197,-0.30690097776614866,-0.345091341624466,0.27091847247690254,-0.5287091189090122,0.13571409633569512,-0.2961607715758236,0.25109752242397176,-0.26667031784687956,0.09276947237477863,-0.03633131208449152,0.09987584591014051,-0.14576867299048993,-0.201470327444935,-0.18915509069279138,-0.015854303287422603,0.11753325811384599,0.40872591287379856,-0.0833871723245811,-0.13259289932609034,0.09699940319697427,-0.204660912839099,-0.2440220109879892,-0.1368508970591217,-0.36456048340020364,0.11399206155881605,-0.7068736830450519,-0.1581266123290233,0,35,train
0.33516971679480634,0.08000876289197069,0.10081178693627049,-0.08020817969380435,0.23221644268703223,0.08588025715747702,0.03140331460453424,-0.12375264261927196,-0.4692651891878473,-0.02910921821401572,0.012943615691663931,0.3335341815105873,-0.09500309599928507,-0.8190869961738684,0.1243225279656675,-0.04904393609976758,-0.6465501336566317,-0.4123304037127387,-0.39736279427596466,-0.251422717403176,-0.5385533588278819,-0.7356505038550901,-0.38414583821785314,0.10397462821380757,-0.5296168767888912,0.27280365779190385,0.19504985948049167,-0.6453775322916282,-0.46391721528235225,-0.6080104546365276,0.05124887912032304,0.055208760300775574,-0.654922081947163,-0.3720131727864401,-0.12484558720640668,-0.053373104917932186,-0.6680679782276056,-0.13375637370542237,-0.7569440256908803,0.1176967099783942,-0.2784596984462198,0.09592755390860155,-0.965787268797939,-0.015910029369158245,-0.6686530795887978,0.13898066444491997,0.058698381476469316,-0.37426979744165007,0.3784234274126177,-0.42256256439190404,-0.08384959146245208,-0.4752568600487669,-0.19415838690447926,-0.6043495622396035,-0.5081117661376189,-0.5156414137067639,-0.31306476132524347,-0.8519211340566878,-0.966261383416929,-0.2886140915004271,-0.3048755694050804,-0.5163668634851396,-0.6768892096167825,-0.3722632076223368,-0.6010246470593272,0.34547038292432164,-0.8009976520011192,-0.7243763447317485,0.02732560615287541,-0.8461809260774966,-0.517549015651859,-0.1772146232466439,-0.1674086762046085,-0.5387168818104954,-0.1845907606329222,-0.5821450641444715,-0.3392215299607297,-0.6743178799593893,0,35,train
-0.8270814404005339,-0.8571790992059252,-0.22622446241958732,-1.0421193350474265,-0.37691105759854315,-0.22256441566791185,0.12824380759067158,-0.302222007502009,0.7134587296611777,-0.9473827916922022,-0.97963174635845,-0.5226076314943012,0.3056791290683676,-0.14600975952126677,0.25902444894109283,-0.29922112638486364,-0.5079406147889605,-0.5522946419967989,-0.46209290780287277,-0.5362650409368097,-0.14199346938770624,-0.21596313210833162,0.03917800261232393,0.5061964177975476,-0.4649798360394491,-0.12206912851183577,0.0512646416588749,0.12113935504072652,-0.47902194419137945,-0.46105016319893544,0.16176344027563241,0.03664821347588958,-0.3772947118281455,-0.49626671566487995,-0.022737855894735242,0.015171496080966412,-0.6778307810927551,-0.30415089558064573,-0.4803533941336959,0.03693454447748559,-0.40629061264521543,0.23175571014643026,-0.3082158211208597,0.15286528218204748,-0.2963421793045525,0.24149944193104086,-0.6236867668322538,-0.5668463497541664,-0.3027387419300942,-0.06842205224139372,0.09455506711992634,-0.29465691360014007,-0.0823561982230076,0.01742554438960846,-0.44631970782343905,-0.1651838294991365,-0.16656351683027115,0.09200829312387664,-0.44833208625457194,-0.27416774438394204,0.20501859006439216,0.10736057517405079,-0.6423447844703569,-0.36087701561051,-0.34069200294085644,-0.16138785745604178,-0.37508667133328616,0.19271645239381133,0.016254328305129757,0.17252749831933858,-0.4025689888994966,-0.024299581231536693,-0.29190534522760214,-0.22545127164997572,-0.6401391213876033,0.43739434830286306,-0.3340433306215139,-0.07047149141065928,0,35,train
0.4059994272056027,1.401683953030029,1.357900492266171,0.9753021150280594,1.9034520462624307,1.5063930206560248,1.731808441449358,-0.49118957031902466,-0.5535948803713785,1.226764933748798,1.3796146160902107,0.5017932661473862,0.07465514344377508,0.15356797008711662,-0.5557579023248945,0.04546744689682427,1.5072285441333355,-0.2047972228087874,1.650882940896912,-0.27619161510175283,1.7056151064131122,1.1126289313138162,0.411498971053323,-0.6880928958895574,1.6566359720892996,-0.9983621611310936,-0.03432179752065889,1.8033609802600552,1.7161986572539112,1.058463793552017,-0.43992694823660744,-0.828273268563798,-0.05108255193830007,0.16296735905128712,-0.13662724851159955,-0.7388191149069182,1.8653793652786996,0.8199032890478437,0.7666484362766607,-1.0533546897847805,0.9815878843724514,-0.3930538085475818,1.074527877265522,-0.6699143616300806,1.0921584723437505,-0.3438497069413267,-0.4582600642119572,0.0809111443879339,-0.5504340762365348,-0.36353914570015233,-0.614368707773209,1.3797188611015359,0.3704426659369525,-0.1691069875991551,1.946406105786747,-0.2005835854797049,1.0448890818781538,-0.45419806080645,0.8387608686339719,0.43948180317042024,0.9052732357358011,0.5314952334623003,-0.05508955698112291,-0.013598159249793093,0.743379753910686,-0.9292028156559984,-0.056936300232013314,-0.19003715301809587,-0.3158840071272398,1.348717418275105,0.7075829935371053,0.21879612658735165,2.063954699361354,-0.16849388798442672,-0.1958388683058773,0.5031710845897879,-0.5411713041901461,0.5138959813784342,0,35,train
-2.145479913728766,-2.1242396120655513,-1.9359202976597047,-0.25156660407566217,-1.1823816861487584,-2.3700062459333218,-1.0708693555612057,-0.017270920714445675,-0.8909136451055033,-2.9787737010882744,-2.664002057716219,-2.0583841785223385,0.049386895016085265,2.0949872827440426,0.1670328931529975,3.086510182140103,1.1909145138968553,3.8203812161190123,1.9375448722303619,3.3483237481233257,2.2013149682133317,3.1190740883186927,-0.05772745492711419,0.5804527481822381,1.675646866427371,1.16532433916337,0.23270789271948655,1.5255629137100744,1.222777512892355,0.8726838024894006,0.10957600861895855,0.2779353221994076,1.3544060092892256,2.1199606593867153,1.7288024581439363,1.9058600736339193,1.899549175306723,-0.05955230772750254,3.7903934761814724,1.401815141442841,2.383162550768582,0.4219151288793904,3.2131714641031253,0.043161329673763765,3.4924687471174733,-0.23802387211694387,2.0851754885751017,1.2293676745425766,2.380627379723013,1.8793507645864131,1.2682699262145212,1.2542172033999477,0.20273938291474505,4.235930498597031,0.5251887645606106,0.018894901599819318,2.921231944063761,4.307872869576397,2.4621213522771805,-0.008354957440616838,-0.14170943837484917,1.2275750550059568,2.9200490587547763,2.91265318778969,3.397218499178082,1.058082958508595,3.776262525778484,-0.11045472020967952,0.3594639415852449,2.0721480384989444,0.275416686088571,1.544059824051614,2.212393035504154,2.432559966075645,1.5982343055304595,0.5196152686615191,0.15270740726477186,0.3483251974215244,1,35,train
-2.0585525418609705,-1.593384948919191,-1.7855112209517363,-2.538265578179782,-2.8768074229837604,-0.562687190026719,-1.203312970968717,-2.724306245196297,-1.1628768991723915,-0.24903188076971583,-0.5021428411297967,-2.2167456699452077,4.399135374354116,1.0211761999919153,2.4208260099613335,1.79114828577505,-0.06367933636693757,-0.15170733932173008,-0.23553751045869453,0.17790484270548934,-0.0563725841676683,-3.6775329300041317,2.456714153859359,1.3910843548817757,0.6642672876419817,2.674495673118759,4.289505109829388,3.0534522797349695,1.001241488893289,0.9059578307394214,3.707438944008474,6.057689603468908,0.7262740843949487,1.5366593053184834,4.579964494000608,0.41501500190787494,-0.048129996290609815,1.7131003795228048,0.6072572248708257,1.514882173144113,1.4518230330330424,0.4545138863764693,-0.06854024673388687,1.2372466588985445,0.09786936217288371,5.354210086884036,0.7410835297851924,1.5970138198664714,0.041282555717740116,2.451877925896405,1.8034839019616564,3.2224505180858296,2.919532567874506,-0.4656458846069331,2.2176045839434253,3.792508889128413,-0.04823558858433197,-0.019354167386189954,-2.721036763355064,2.9300320460524456,5.310758773552044,-5.1668786461280645,0.36376159791928664,2.212402379062343,-0.7758749304224792,1.3391132700066184,-0.04154192743679043,3.398751602675727,3.5812057952792293,-3.779273780862588,0.592602966784743,4.610202461380173,0.5652063376614693,2.0749941686196984,2.200008066033557,0.5086524792803649,2.622708492070711,-0.5330957407020249,1,35,train
-1.5337687783627976,-1.3705570656231876,-1.5688669545008096,-1.1342784876561567,-1.6075341292414824,-1.72977514125792,-1.3670873341070375,-1.0101004967847977,-0.6210586333182035,-1.7093955259860754,-1.7409821661127987,-1.3325606761675195,1.5293843029236311,1.1845822343237606,1.192081657648917,0.8793914145138111,1.2691044988991314,0.9921383321721411,1.1237948736063748,1.4493749245657674,1.5929560469130621,1.243680529406477,0.6767139074770483,2.1955279340492555,1.5958011102074718,1.1707335554141063,1.122806860186638,1.1860319434823199,0.8451592901666742,1.0335082723645013,1.2270010158559754,1.1725536791589126,1.3405246407832747,0.9326490274371786,1.7170207968387436,0.9576597598158221,1.6115464907848116,0.6797400533117729,1.3057657689728674,0.7153367346851178,0.9815878843724514,1.8779929637489141,0.7979791375882456,1.5874554303672965,1.3330655254688504,0.7904709600825267,0.6032279442682786,0.9912730280471018,1.1559115600967231,1.0294135354251883,1.0992549865048995,1.4164510535995616,0.5157855112228656,1.3566334663602189,1.18087116111663,0.8153894111626089,0.9660037963808611,1.4919935109647138,1.356690165796329,0.9595502993638826,1.1024323107306637,0.6163221651199502,1.0805584197076163,0.641107881430247,1.3767263358705477,0.8673838185635078,0.8667260674813594,0.9847511408204311,1.3171294754152436,1.1371016586177913,1.1675031005465548,1.226467044481776,1.7718663604997151,1.2554407036542987,0.9570921681720194,1.4514523660596206,0.5721415537412521,1.073914809467982,1,35,train
-1.5064027538858988,-0.8091181832009049,-0.7685250784400605,-1.2033978521127044,-0.9999526378398804,-0.8477901038274839,-0.9726047376782133,-0.42520089758927315,-0.6800894171466754,-1.2907708086651375,-1.163859749163206,-1.1527543994478031,0.5872396115483398,0.7021453710583122,0.28859316330155205,0.5013458825274437,-0.08855796795857085,0.31644890597322983,0.5412238518642022,0.5081568120198473,0.6646453966326511,0.2585340333995783,0.21258776873552898,0.5557006380540079,0.08253392089700222,0.9489556891339238,0.4552326345862744,0.4658147339082954,0.37187778435048774,0.026968917801370423,0.4411196920848866,0.3744501656888148,0.7991512690511907,0.10084058761206718,0.9629944733064006,0.41501500190787494,0.4595357526971662,0.5725564024547776,-0.12875513367964797,0.1580777927288485,0.10959843394358837,0.6772720626065084,-0.1484321048628778,0.6043392405815229,0.3650571847298127,0.4200805381971869,0.9271885702330258,0.4730670327334216,0.7362055769663653,0.9054643561725098,0.4607541031574399,0.023688754716083518,0.5605063866954543,0.9548710897690357,0.05488254294713073,0.6136108020733688,-0.12712087408162476,0.8662425423843396,-0.07727826142183858,0.2372329435396293,0.6231318008293596,0.26703479947080355,0.18240336590055262,0.15150162492169528,0.16831659973854163,0.3906359687007897,0.48699820519919507,0.9354858252723639,0.3594639415852449,0.142999717902039,0.3705725702974226,0.622648673447763,0.44070966863847566,0.37260125683828904,0.9514681143355418,0.6347245571636375,0.7482003312745895,0.5820721865371618,1,35,train
-2.4513354814117503,-1.8183974193063313,-2.4644219158170615,-2.222908477846783,-1.1452774729333934,-1.694762502720984,-2.6844028636978763,-2.1529043290591305,-1.0026504859236822,-1.3988029937802182,-0.5980165976914553,-2.4938782799352297,4.1861601376064455,2.733048940611249,4.323079967150877,2.7862975537979877,2.6480915071210904,1.8077919966551124,2.3629141896929005,2.559847171385296,0.9440398641927749,-2.9002613826959363,2.456714153859359,1.1064350884071288,0.9342219872425932,1.5926524229715269,3.916348235006621,1.175743126202691,3.2921253734290854,4.050353500366392,4.0359127785534215,2.1933837545276424,4.460362212495732,3.504007067560448,2.066543415559465,1.3917755661421798,0.7963524515448253,3.733099953366178,0.9869833461611974,1.4745010903936588,2.552081973102969,2.9483188349030045,1.1052555150074415,3.1528464450047293,0.24241359404794366,3.6676108443704347,1.0650441557499395,4.510171847575809,0.8394119662607157,2.4046591909430033,2.0382268737805753,1.6796984331687466,2.075426043329395,1.7823102701294486,1.908644292372526,3.704009499176992,1.3829688768665516,0.5480640837841494,1.2716569976054943,3.5570035109078977,1.7381003628692728,-3.8919797615086784,2.5702867541472174,2.7874050756595956,1.7575113974169676,2.413050531802636,0.322791562050151,3.8876151184988563,3.1937110706081318,-3.6611626591933892,2.4084944237703274,1.9988840515837276,0.10073799553722389,3.790044276771231,2.1887599583606017,0.431912953612286,1.9236515812765775,1.9748146633511678,1,35,train
-2.475481973597249,-1.7681519162101738,-2.435444020304517,-2.215708544049226,-1.1854737039167054,-1.7114351877385727,-2.6487997412765023,-2.2488878530296783,-1.1544439300540381,-1.308133124130061,-0.6694519457177893,-2.5120238674941002,4.384696375252579,2.6941427419608095,4.477494364366608,2.86413045744224,2.6445374168937144,1.6726541114153302,2.0762522583594505,2.5061812263717127,0.813355355172717,-2.7827668464749302,2.426112430425852,1.7128617865487676,1.2383962966517328,1.4736496654553313,4.036169249857968,1.242620438520279,3.141078084338813,3.944985744241326,4.155636886471673,2.1711110983377795,4.397896054218953,3.5247159913735215,2.039052872514015,1.6659539701377744,0.8500478673031477,3.667140783608027,0.9541675085188196,1.8540832682479294,2.4790357364178286,2.7364269111719914,0.392374319394907,3.1866015073149705,0.3606770564911745,3.7965860805626512,0.8444752189228777,4.440144010371258,1.0114226150846328,2.4813896352422806,2.258885267290359,1.6950035133762573,2.3772919527693683,1.4666398313792333,1.9326745372724847,3.6402899384119687,1.4111421931155848,0.5533670580941525,1.283252429631517,3.4992181224419574,1.6667151805435467,-3.8595459346984002,2.6609658701565846,2.8557222277305563,1.4855220677409533,2.6790256480418364,0.5537071539784942,3.7587673701423725,3.254603098770733,-3.4495468995360756,2.52347445052269,1.9871213560441041,0.11989132923306905,3.707772500365438,2.6105639960964178,0.5799106102578668,2.446649714537374,1.7605465899951669,1,35,train
-0.26527305555126274,0.5518795745776246,-1.688918235909922,1.7471350181261753,-1.1545535262372346,-0.9128135753960793,-1.4639278270931748,2.7167597698841224,-0.7391202009751472,0.12908076713306682,0.09753810677548046,-0.4681708688176898,-0.7411483057930672,0.6087704942972576,-2.9902487180027033,-0.5549578097874063,0.3521492202360759,-0.7887859411664179,-0.6562832483835969,-0.4578301982246497,-0.7143014916479598,-0.3560527714487622,0.33499466246955606,0.8155977944004246,0.5502019216135544,0.819134499116256,-0.8182935804051884,-0.7636989310073609,-0.8868496247351146,1.2248339348021213,-3.2365593152501306,-2.665767404227512,0.15366763352447527,0.20438520667743373,-0.03844673763499239,0.7748741571520925,-0.5655585481435353,-1.8789260735564999,-0.47097744052158796,-0.6091627795297833,-1.2965416222453636,0.8565652288404423,-0.01937602634681553,-1.6994437620924354,-0.9840223127707467,3.4427309453686212,0.25858898047599427,0.2839918722811329,0.020641277858870058,0.3919606135542697,1.1602881591778185,0.9756647436232521,-1.8935516548628484,-0.5900009059327755,0.8341490561315098,-1.0997373873861427,-1.197706891544884,-0.5443486240765039,0.5179539159140045,-2.3688880762742763,-1.8889467581569086,0.5489596017447577,-0.2753102672895857,-0.9074142321781957,-0.7059348170772184,0.9075310059203682,-0.9087582615676792,-1.2246087795275085,1.533019393446284,0.24142565262637092,-1.5325451138796091,0.08548557713828385,-0.339788679467215,-0.007114634265371141,0.2147170617569835,-0.0011172269433023711,-1.2143372182882008,0.05127173208706853,1,35,train
-1.1216686450636186,-1.3618187172586385,-0.7105692874149717,-1.0003597190215956,-0.17438389379800923,-1.2212582482214682,-1.2488849676680758,1.8829029053899897,1.008612648803537,-1.6071507793593025,-1.5529944081487619,-0.8261338233881346,-1.491976259072993,0.44147384010036816,-1.60051914306112,0.6903686485206274,0.4872046488763709,0.3743651425045651,1.0220761237783764,0.4957723631705589,-0.14649983176770823,0.9047539826151129,0.33499466246955606,-2.761082119128833,-0.4041449741576212,0.2836220902933762,-0.9655022557939865,0.028539999524066228,0.9508923925298649,0.1489736880514469,-0.961801264803346,-0.4162291290513288,0.7262740843949487,0.16296735905128712,-0.2897888454791067,-0.8244998661555415,1.1087621432296104,0.6247740785133137,0.6494490161253114,-0.5203243974787838,0.36069487254875837,-2.2837817433781575,0.47226617752389793,-1.7880508006568185,0.4307591083093854,-1.5310832913773715,-1.016575185555458,0.43805311413114595,-1.1421507081908098,-0.6114375042055096,-0.5674201134094251,-0.5640263252523292,1.3990228018064916,0.9213908917197704,-0.3913934337663903,0.1003143403551267,0.6222893381426567,0.9723020285844031,0.49476305186195874,0.1534441302640159,-0.2980769806121541,0.5689188797818517,0.2860366413398292,0.15719472092760867,0.4558481768246138,-0.9894235966912891,0.461340917207157,0.37461915595590584,-1.9101480172026135,0.4776478959647675,0.5886381382760408,-0.30268337566929593,-0.12910200881291817,0.21755060130429446,-0.9157177593750031,0.7662780297374872,-0.7327646797411309,0.5772024575972526,1,35,train
-1.1248881773550186,-1.0101001955855353,-1.5605875557829396,0.299948324817208,-1.9507481014836088,-1.494690282509921,-1.0865347294266101,-0.6246666583405674,2.4970316981928624,-1.4836854249420675,-1.4496011412685417,-1.0917192412952388,0.7532881012160156,0.779957768359191,0.6138490212666035,0.3734775408261724,0.5582864534238946,0.4274550259916224,0.8741215785740151,0.809511734019199,1.660551482613092,1.1261859931854707,-0.7564668066588522,1.0321787580224384,1.721273012838742,-4.265528776575734,0.6332524280797047,1.1191546311647318,0.3920174228958574,0.5482620270516971,0.8555492964172967,0.8644486018658051,0.7609775056598258,0.5322765003844279,1.5285142159556577,-2.6752040931258034,1.0745923332015872,-0.40034135147794925,0.874471902815902,-1.8690525613439575,0.6209220907395708,0.8782977338384949,0.5152848703625854,0.8785991218522322,1.3286853972302124,-0.07928511988036963,-2.663949432482577,0.6376324501641174,-2.7659312330885877,-2.2227768344903316,-3.0087470203261826,1.7225526577497765,-1.6084560737250957,0.7396412451666161,1.1911698375023267,-0.6643203888251512,0.6166546748928502,0.6700324929142223,1.0513437891110589,-0.7335615826881672,-0.7671796073240689,0.5913730675735825,0.7394322213866643,-0.047756735285273445,1.1241648154571058,-2.0432872648088765,0.5229184083880485,-0.5917389567177213,0.5089261925298112,0.556388643744233,-0.6285642138955191,1.3754611879836753,1.9873413645779734,0.7618100452195407,-2.647926341010087,-1.1631729013456409,0.680883739864784,-1.0444172793924817,1,35,train
-0.6757634227047417,0.3290516912816214,-0.6236356008773385,0.013390959674437318,-1.39263889436916,-0.987840657975228,-1.2047370958655719,1.2560105144573503,2.4506503680419205,-0.3763555275124896,-0.2370801024005049,-0.5968395805987714,-0.7952945524238312,0.044630613865886286,-1.0452843956258304,-0.7940160138376092,0.22775606227790948,-0.3254560489157358,-0.02747643126506149,0.1531359450069125,-0.15551255652771223,0.02806398158145063,-0.23623750828923704,-0.2611189961775872,0.607234604627768,-2.821268037629179,-0.5991922961055819,-0.7122548446092163,-0.7962212512809512,-0.16158390894874775,-0.5105334734191662,-1.5669830321942608,0.4347653457699804,-0.03721890447508823,0.4210380532675291,-1.909789381971436,-0.3312512793799464,-0.21895363464303405,-0.10062727284332415,0.9172421484373894,-0.648256271664743,-0.3061237885553714,-0.6708019464755108,-0.7163275723066621,-0.39708512879323066,-0.11566275060125122,-0.12051387969551854,0.15093898159248528,-0.3302604457419209,-1.2902068191606542,-1.454748546884939,0.19204463699870175,2.6064864395663854,-0.4034683739440119,0.628175528417577,-0.6395405596387533,-0.7074911888117075,-0.4329861635664373,0.08892293095115658,-0.5081985676710001,-0.2844798030263015,0.32441772382744904,0.06581593103136645,-0.7138489679771403,-0.519427848156523,-2.299225584208862,-0.3032462649555794,-0.3037263427444049,0.293036274498771,-0.23101883405042223,-0.4263579599517095,0.23447972064018316,-0.3206353457713699,-0.31405164624082976,-1.3600180124567292,-0.4286660128083137,0.19931120131771407,-0.659708693139662,1,35,train
-0.6371290352079436,-0.11878866240152237,-0.9465321508742616,0.011950972914925907,-0.9164681581053091,-1.1478984341440783,-1.2673985913271903,1.9773866867984975,2.395836068772625,-0.5866324592543433,-0.44762639132022597,-0.5539500100050775,-1.015489288722271,0.4725987990207197,-1.7779314292238755,-0.4993628786129405,0.41256875410147104,-0.28201887151723437,0.1158545344016635,-0.1523471266088686,0.011222851532361643,0.019025940333680914,-0.5728564660578116,-0.6138365655048669,0.4703561653936552,-1.89088284250256,-0.5889219234040378,-0.25440247566572916,-0.0862989925566715,0.27652412967652684,-1.281065552585351,-1.5855435790191468,0.42782466151700493,0.13535546063385603,0.20111370890392907,-1.8526688811390204,0.16665166674268003,-0.1392529711852683,0.05407596175645694,0.10154427687821248,-0.5067291880872834,-0.7190413835183708,-0.49872717512076115,-1.5137909193861092,-0.32700307697501974,0.01661954292922732,-0.4651528434878029,0.3750280606470497,-0.7499664288722787,-0.9832850419635453,-1.6049840488490472,0.26550902199475335,3.8419006244966467,-0.31259355066743477,0.5457861173320039,-0.4094421457650586,-0.5666246075665418,-0.30571478012636116,0.47543733181858716,-0.16437550629865555,-0.043129900877417825,0.32691263358208583,0.057179824744760056,-0.8220177920894948,-0.38343318331851584,-2.1587104284598504,-0.3648237561364709,-0.3605709376075595,-0.09445845017232675,-0.13751419606230691,-0.4303227884604116,0.12469456227036262,-0.10037200826915041,0.027692655752464376,-1.1575520743435377,-0.6314776163596652,-0.012994971590133932,-0.659708693139662,1,35,train
-1.6834770299128898,-1.1870517499676556,-1.9221212997965884,-0.8909207252987283,-1.7451289199151276,-2.254964719311961,-2.295616766856472,-1.443526097214302,3.277081341640526,-1.6592377257540736,-1.7259431454756757,-1.4480325969966954,1.9769932750712793,1.75650335448522,2.5226738038695817,1.0850926598593345,3.099460965997866,1.0790126869691439,2.455385780445626,2.3740804386459695,1.6245005835730761,1.9350906848608602,0.27379121560254255,2.684382109081801,2.553950184846262,-4.995772970425115,1.6671366133684729,1.108865813885103,1.5601164585272966,2.619570285615495,2.1448858432292393,2.1748232077027567,2.6280215697102176,1.5953345894555246,2.125451722085429,-5.46268453374768,2.7537944260073077,1.116719552959523,1.9761464522385854,-2.991646661806587,1.027241782300664,2.2963436849614265,1.215875010878352,2.7098112521828144,1.8148796317190503,0.8367697628181943,-4.352680355064771,2.1467323419222,-3.763592996267307,-3.840018506644329,-4.792793606149966,1.9276407325304206,-4.157545975662649,1.4092452061519214,2.674179237042643,0.542811290112232,1.5012968051124906,1.7412333035348628,2.450525920251158,0.9451039522473975,0.8712802917711696,1.0204975453711056,2.017575951804409,0.7094250335012077,1.4544375729208374,-5.852251665291013,1.256716844960339,0.7043178061622021,1.6769460054669774,0.9599349761139938,1.1595734435291505,1.5989524032365243,2.0256480319696637,2.0306939813242715,-4.554480591575975,0.7114640828317165,-2.690124029964706,0.6210300180564347,1,35,train
0.3287306522120067,0.09748545962106898,-1.3122055942468451,1.015621744294379,-1.3679027522255833,-1.886498380423253,-1.8512897990377242,-0.573675411231214,-0.6463575406732629,-0.4573796663488002,-0.4814641877537526,-0.035975965142775033,0.07104539366839083,0.0757555727862378,1.0048131333660086,-0.7161831101933571,1.9301652811911014,-0.5957318193953003,0.28692697729420624,-1.0811807903055004,-0.011308960367648337,-0.2566343177232953,-0.37904555097893533,0.3453077019640516,1.3562638415477744,0.8624082291221453,0.21559060488357978,-0.4447455953388642,-0.6854532392814182,1.1943327422396022,0.5792628935290233,0.7122521179017399,-0.703506871717991,-0.3029834267428624,-0.6707292276803424,1.1632935628125178,0.36190772404567084,-1.4666812625680565,-0.3303381363399688,0.15000157617875765,-0.7806525756565599,0.17199132140178564,-0.8305856627334928,1.1697365342780621,-0.14741781919085437,-0.4662108284570194,0.1345189535107719,-0.2902363927961884,0.29585831597713746,0.14406225504891249,0.8551222958132239,0.8134308934236382,0.42075365084361477,-0.6617441874669153,1.3834117967019974,-0.5050214869125933,-1.1300909325472046,-0.8572241083666909,1.0552089331197332,-1.2622978871515205,-1.3518582435157307,0.4591428505778342,-0.6121184124672345,-0.6113732398706992,-0.22801070921793626,1.148414130061531,-0.5803449752695912,-0.37951913589527764,-0.028030783085852842,-0.270389207940155,-1.738716196332121,-0.3066042741825038,0.12946799608099163,-0.7159176309922034,-0.12835022226814677,-1.097396165058716,-0.7379428790803467,-0.9324135137745723,1,35,train
-0.4922500820949511,-0.260786823325446,-0.4442486286568258,-1.155878289048828,-0.8840019715418648,-0.5843616805495842,-0.4414061511513129,-0.5616774707348956,0.8694686583507104,-0.5480495359989572,-0.5716983115764902,-0.36094694233345526,0.48977636761296484,-0.4883843076451335,0.1308933533791029,-0.2603046745627376,-0.3906556372855465,-0.692258880280859,-0.3465034193619655,-0.3257294104989065,-0.06538530892767229,-0.2611533383471802,-0.3076415296340862,0.5185724728616626,0.01789688014756004,-0.3817115085471714,0.2669424683913001,-0.06920376463240853,-0.19203209491986212,-0.2891343505738277,0.2569287568260377,0.35960172822890596,-0.06496392044425095,-0.3236923505559357,0.04009767106629333,-0.24187075766490332,-0.36053968797539504,0.05587623934926165,-0.45222553329737203,0.02885832792739473,-0.5295561370513898,0.7533358300996924,-0.6400743087335913,0.5072934364395796,-0.4408864111796124,0.5788192904337611,-0.4927239605911857,-0.33575448697914684,-0.44722768694218457,-0.3281250944851013,-0.11201874808072235,-0.19058236818906696,-0.5910561567237036,-0.4273828011220585,-0.14422520050967097,-0.34572258500003544,-0.7863764743090003,-0.40116831770641825,-0.5063092463846866,-0.07480815417644814,0.3715840154910865,0.012554004497853846,-0.5516656684609899,-0.5032044157583447,-0.4533732966637766,-0.25171902900897786,-0.38021812893169377,-0.06118940466161226,0.3594639415852449,-0.3097595818298878,-0.014015795046685918,-0.141926536627773,-0.047700340605576194,-0.26342286076034177,-0.6063947983687381,0.19621298191747208,-0.46349831410190906,0.0756203767866141,1,35,train
-0.3795664518959569,-0.0685431593053648,-0.3697340401959975,-0.8995606458557968,-0.853081793862394,-0.4543147374123932,-0.37589640589598466,-0.6186676880924082,0.8420615087160628,-0.23552785763033074,-0.2915965522100755,-0.16959347353082121,0.3237278779452889,-0.40279067061416685,0.32144729036872893,-0.7050641239584639,-0.518602885471089,-0.6729534681037473,-0.36499773751251063,-0.23491011893745808,-0.2907034279277721,-0.33797668895322275,-0.8584725514372082,0.46288022507314486,-0.23304692511498015,-0.4844866173111584,0.08892267489786977,-0.408734734860163,-0.58475504655457,-0.42223046357391114,0.16483328919661322,0.5600556339376747,-0.3772947118281455,-0.3996250712038712,-0.04630117850512096,0.015171496080966412,-0.4825747237897643,0.2537537486237146,-0.5084812549700197,-0.15689465272469505,-0.365202104509824,0.13395943765519358,-0.517163757765913,0.5326097331722605,-0.48906782180463243,0.320868818049328,0.1827684084416917,-0.3497600544200571,0.41282555717740116,0.12635522944138697,-0.26694910948120887,-0.20282643235507555,-0.5742858284214828,-0.3412908632810907,-0.2540777486237685,-0.21120351227387543,-0.7976458008086135,-0.4488950864964468,-0.6299938546622643,-0.12103646494920035,0.1540291741174449,-0.02486964182169758,-0.39621575530207503,-0.6626111039239198,-0.6321091418794431,-0.38721578633838194,-0.6624482968441132,-0.1597200357577468,0.1380383846303319,-0.4623197806526022,0.07321043214476138,-0.0007741901522894349,-0.4451320147943635,-0.4089806190167448,-0.0946058992492815,-0.5547380906915862,-0.5204585068332829,-0.5866627590410252,1,35,train
-0.47454265449225197,-0.04451270130285464,-0.5077240188271611,-0.7498020228666101,-0.7603212608239815,-0.5043327924651589,-0.24772516517903811,-0.5871730942895723,0.8251955704793565,-0.5441912436734186,-0.5115422290279985,-0.4302300948309607,0.27319138108990926,-0.17324409857657436,0.2918785760082697,-0.6272312203142117,-0.5399274268353462,-0.44128852197840635,-0.4482221691899639,-0.3793953555124897,-0.09242348320768427,-0.3515337508248773,-0.7105642215085921,0.35149572949610913,-0.09616848588086732,-0.14911520976551657,0.3593758227051966,-0.11550344239073868,-0.4991615827367491,-0.455504491823932,0.10650615969797773,0.43013180616347274,-0.3807650539546332,-0.3513042489733668,-0.05022839894018524,-0.06479720508441529,-0.40935370230114276,-0.13100807496549943,-0.5928648374789912,-0.019598971373150434,-0.6436908818719217,0.6392401788599164,-0.8797498831205641,0.15708466497082763,-0.35328384640684884,0.3903170221528292,-0.38933227145350036,-0.3497600544200571,-0.055043407623653486,0.10274586196468628,-0.2106107962446683,-0.055897662362972375,-0.6245968133281451,-0.4034683739440119,-0.3639302967378659,-0.20412356107776175,-0.622971240064608,-0.5655605213165166,-0.5449606864714296,-0.051693998790072034,0.2764037723901183,-0.11219148323398424,-0.24076584214316013,-0.7366213520007939,-0.40674655443360275,0.10458725878315882,-0.4828472808998463,-0.10287544089459225,0.06053943969611236,-0.6198012762115332,-0.1646792783773676,0.12469456227036262,-0.018970340061808436,-0.28557295440805525,-0.3814326449096363,-0.6040706429067798,-0.5411713041901461,-0.4210919750841154,1,35,train
-0.35220042741905827,0.250406556000679,-0.45252802737469566,-0.87220089742508,-1.1885657216846526,-0.5326763569950596,-0.5496396433122899,-0.7941375678510656,0.8863345965874166,-0.1313539648407886,-0.18632340775021497,-0.15969588031689189,0.49699586716373334,-0.5700873248110563,0.31159105224857586,-0.810694493189949,-0.3657770056939132,-0.6826061741923032,-0.14306591970596874,-0.4991116943889444,-0.412375212187826,-0.14365880212617393,-1.0267820303214954,0.5433245829898928,-0.058146697204724866,-0.8631317548626896,0.38676348324264737,-0.37272387438146176,-0.6653136007360486,-0.3113170360738416,0.30297649064074994,0.7233884459966715,-0.1586631578594193,-0.14421501084263366,0.047952111936421904,-0.19046230691572935,-0.3654210894079698,0.08061092800856827,-0.6163047215092611,0.2872972575303023,-0.41998678202367923,0.08506130140957525,-0.16072315995964565,0.3216405937332532,-0.37518448760003975,0.5920475197868089,0.21723230482092015,-0.3077433520973263,0.17201064882391714,-0.15105483840984613,-0.29981312553585754,0.11245821991964586,-0.4960242963444527,-0.43216568655766785,-0.05840289729553231,-0.26430314624472806,-0.532816628067702,-0.549651598386507,-0.4637926622892692,0.0032021202525712154,0.3647854266981602,0.03999801179885822,-0.599164253037325,-0.7081558719712269,-0.4611444203688056,-0.42234457527563485,-0.5906078904664065,-0.09908580123704862,-0.1332079226394365,-0.1768845699520397,-0.2915537906558364,-0.13800563811456512,-0.13389034223687946,-0.27924435622299426,-0.7582442519536319,-0.6808101685748588,-0.7275864804019151,-0.6499692352598437,1,35,train
-1.2424011059911124,-0.8681020346616116,-1.114879924804281,-1.3401965942662883,-0.7031189321169605,-0.8327846873116541,-0.16655004605830537,-0.5916723219756918,2.448542125762332,-1.3235662934322154,-1.2522139954063032,-0.9449049419552868,0.6991418545852518,0.26639594617339085,0.13417876608582058,0.46242943070531767,-0.47595380274257487,0.33092796510606365,-0.07371222664142439,0.38844047314339253,0.3086427686124934,0.267572074647348,0.3961981093365696,0.6670851336310436,-0.09616848588086732,-1.2796414061693737,0.5065844980939946,0.1108505377610976,-0.4991615827367491,-0.519279712636472,0.668288512237467,0.5934646182224695,-0.16560384211239476,0.41492593211034573,0.29536699934547195,-1.2814638728148655,-0.21897904643072674,-0.0623006064674255,0.011884170501971186,-1.4167844345388692,0.10046765435794583,0.44908076012695614,0.4415385397819783,0.6127780061590832,0.6804264179117616,0.7375580426703353,-1.850601477932786,-0.31824752767800896,-2.2017363049461394,-2.0457065784150763,-2.097944289668777,0.21041073324771464,-1.4798835567414033,0.7396412451666161,-0.26780931713803063,0.6596304848481078,-0.04823558858433197,0.8821514653143492,0.4174601716884726,0.6764018958807753,0.6265310952258227,0.5265054139530267,0.16081310018403663,0.05471899282116761,0.4558481768246138,-0.15135106061682668,0.44081508681352644,0.9847511408204311,0.3483926637374993,0.4579627090199011,0.5291657106455085,-0.004695088665497312,0.2156579977122949,0.4833517250768566,-2.614182017991222,0.9307198704547992,-2.653876634590195,0.8255586335326174,1,35,train
-0.9188381107054291,-1.342157433438403,-1.9028027027882255,-0.48916441939504485,-0.19448200928966528,-1.6664189381910834,-0.7390482545939997,-0.05776396988952046,0.9537983495342417,-1.8290025880777718,-1.7503815540110004,-0.9284089532654046,0.09631364209608063,0.26250532630834694,0.009333083230548335,0.28452565094702714,0.334378769099195,0.45641314425729,0.9064866353374691,0.5907198043484367,-0.06538530892767229,1.2301234675348225,-0.07302831664386758,0.4257520598807996,-0.12278373795416704,-0.28434561603392056,0.1710856565102222,-0.30070215342405926,0.3416683265324333,0.43180292817662413,0.11264585753993936,0.08490563522059318,0.20572276542179102,0.5012131146648179,-0.14448168938172812,-0.9216047175706479,0.8988618816288955,0.0009102645508025103,1.2213821864638958,-0.8191444098321456,1.3331228984196895,0.32955198263766694,0.6443409488786477,0.13176836823814678,1.9243828376850047,0.0992959763857764,-0.8993979378660814,0.08791392810838904,-0.8738140960254991,-0.5760234529904585,-1.2622593099934254,-0.08344680673649173,-0.0879463076570812,0.7922529849583188,-0.30557113055225166,-0.02358480557686279,0.8025985621364689,0.5851849039541716,1.4881050620912553,0.30657540969875763,-0.2776812142333752,0.5888781578189458,0.4285323950688345,0.35645308113457735,1.8507648818773152,-0.38721578633838194,0.5793644419705324,0.30261600246257675,0.14357402355420473,0.8516664479172287,0.16836631635361296,-0.22818630391834627,0.18692799716852715,0.7364956524792967,-0.7469961442806768,0.25102692882324273,-0.43760731740583003,0.20710305816416014,1,35,train
-1.0685463622555214,-2.1176858507921397,-1.0265663384803365,-1.507235058369612,-0.5145058482721885,-1.8998365284373238,-1.387025082663007,2.2428411202795435,1.1751637888910111,-1.9601845271460843,-2.019204047899573,-0.865724196243852,-1.9143169827929511,0.5387393367264667,-2.24117462087107,1.3964242744363429,1.2904290402633884,0.8232159756224132,1.7618488498001827,0.9250999232792242,0.5970499609326212,1.8401912517592782,1.8752814086227303,-4.110072121117376,0.3068624740862427,-0.41416680605158834,-1.3763171638557488,0.4298038734295942,1.983048867980059,0.48725964192665894,-1.6525172720240295,-1.0101666274476808,0.9622573489961135,0.3804110590885569,0.05187933237148619,-1.6470350781423246,1.8653793652786996,1.0947331630401393,1.699555820681401,-1.9013574275443208,1.260076661734549,-3.419305129526405,1.8427188208135117,-3.176227738165486,0.9870353946164343,-2.622412213003819,-1.6713892167607982,0.5886129641209314,-1.7476281920509982,-0.6527538972897358,-0.9430088683196954,0.032871802840589964,2.0083447301205117,1.1031405382729247,0.017120729532909718,0.5959109240830847,2.3070536498348386,1.4124488963146662,0.9508500448855268,0.6706233570341813,0.46336496419559153,0.8258945845094382,0.7567044339598771,1.033931505838271,0.782235372435831,-1.2202699239932369,1.0565899986224416,0.8937997890393838,-3.659409917146426,1.8260832016881146,1.6710363211517278,-0.0909548559560706,0.6274546721729661,0.2681793867847825,-1.163176128180015,2.1037383342382916,-1.4111087931784014,1.8676806266731674,1,35,train
-0.004490939947876194,-0.0030055465712461983,-1.5122910632620323,1.1164208174601777,-1.4606632852639958,-1.5913918556119349,-1.3727838336944573,-1.0730896843904698,2.4527586103215087,-0.3319851657687957,-0.39686969666993605,-0.3807421287613139,0.2515328824376037,0.2391616071180833,1.2840732134370125,-0.8329324656597353,0.9456822882078986,-0.6439953498380797,-0.0228528517274252,-0.4041642532110665,-0.1870570931877262,0.032583002205335485,-0.33824325306759295,0.5804527481822381,1.291626800798332,-3.151230228924085,0.373069652973922,-0.42416796077960633,-0.3330095647374496,0.9031849950519196,1.2976075410385342,1.309901725663069,-0.13784110510049302,-0.12350608702956035,-0.38404213592064956,-2.635219742543113,0.06414223665860988,-1.1478786087369937,-0.42409767246104824,0.10154427687821248,-0.3469405453385389,0.4001826238813378,-0.27134265583055617,1.4819708606477928,-0.09485628032719622,-0.958962371858052,-0.7960062487283959,0.028390266484520355,-0.4678689648010546,-0.7826054184115895,-2.877290956107588,1.324620572354497,-2.525234020913163,-0.6617441874669153,1.1225119949310158,-0.8554790711202207,-0.47083533231982905,-0.7193467763066085,1.2871175736401914,-1.5714497154443008,-1.5966074400610777,0.5489596017447577,-0.024863184978000573,-0.5601353758174787,-0.2824085751531391,-2.6053478878049234,-0.45718999290780815,-0.5652114791149158,0.055003800772239535,-0.03908826133797502,-1.7664699958930359,-0.05958766785040758,0.019336327329881907,-0.46277370358976333,-0.22395913748826501,-0.8945845615073644,1.8925823852412826,-0.6353600484401164,1,35,train
-0.8882525539371307,-1.1236987243246743,-0.8237210698925259,-0.7800417448163498,-1.3771788055294245,-1.2329291277337802,-1.2873363398831597,-0.480691372384746,-0.5894349991243794,-1.1692346004106715,-1.2390548523488207,-0.638079552323477,0.49699586716373334,0.2508334667132151,0.6894135135211104,0.39015602017851214,0.6720173406999325,0.16683196160061378,0.5319766927889296,0.4049530716091104,0.786317180892705,0.36247150774893,0.17178547082418663,0.809409766868367,0.8467718732874655,0.9110911753787707,0.431268431616005,0.9596779633304836,0.7595658263488533,0.19056622336397297,0.3705131669023279,0.45982868108329034,0.6915706631300714,-0.07173377749687708,0.7430701289428006,0.7234657064029186,0.952557297387218,0.40491017931947715,0.04001203133829502,1.1352999952898426,0.0730753156010182,0.39474949763182465,0.005206083846720146,0.5959004750039626,0.1635712857524564,0.33078999006411386,0.9065102324054888,0.4065405873890978,0.4059451312244445,0.29752314364746696,0.48422840033933184,0.3481564551153114,0.2810009149917752,0.5483258277422433,0.9440016042456074,-0.05898456155743121,0.2504015636554193,0.7601830561842762,0.25898926733282607,0.00031285082927420203,0.5347501465213177,0.29946862628108145,0.14354088761082387,-0.08760840732666719,0.1100331719508243,0.8924758106615455,0.15858491890110699,0.268509245544684,0.18785913494518733,0.41859233513016836,0.27145185757986884,0.37171116860245884,0.9003896773387599,0.08148574032548289,0.788370553077693,0.2948780863478593,0.3909045768686989,0.2363214318036148,1,35,train
-0.5083477435519502,-0.7217346995554134,-0.20138626626597786,-0.5554038103325697,-0.5748001947471566,-0.6510524206199385,-1.2175542199372666,2.0463748446523287,-0.5367289421346723,-0.84320889890266,-0.9608329705620462,-0.3015613830498792,-0.9071967954607432,0.03295875427075447,-1.9060625247858656,-0.21026923650571838,-0.06723342659431375,-0.19514451672023153,0.2083261251543893,-0.23491011893745808,0.02924830105236963,-0.06683545152013136,-0.22603693381140144,-1.5977329431020155,-0.12658591682178127,0.17543776527865299,-0.29792803019362296,-0.04348172143333623,0.2711795916236396,-0.3695465855113781,-0.18819933671618055,-1.0101666274476808,0.19531173904232788,-0.2063417822818536,-0.030592296764863816,0.44928730240732423,0.6255034014047084,0.24825715114386865,-0.466289463715534,0.5457361871332097,-0.36976749430264527,-0.9961308222435413,-0.22217843544348484,-0.94839362568957,-0.19997935805451253,-0.9754976585493618,0.48605069657890193,-0.05914453002116887,0.6398796136249718,0.11455054570303662,0.03352189444700741,-0.2701687852681229,-1.1500671001310616,-0.19302141477720172,0.044583866561434086,-0.23598334146027333,-0.093312894582785,-0.43828913787644047,-0.3285126219856685,-0.3319531328498823,-0.026133428895102076,0.24208570192443593,-0.327126905009224,-0.2242427114685886,-0.503885600746465,0.8021446391086094,-0.08772504582245907,-0.23930246856616313,-0.8030202324280484,0.16268490484690537,0.07717526065346353,-0.19681911581268327,-0.004605339789924558,-0.26342286076034177,0.23158922326641612,0.1413990350117014,0.6342799458118418,0.026923087387522974,1,35,train
-2.496408933491348,-2.1002091540630414,-2.2712359457334323,-2.42450662417838,-1.1344554107455787,-2.046556156592103,-2.772698607302884,-1.040095348025594,-1.1628768991723915,-1.7749864955202315,-0.6600525578195875,-2.4361423195206418,2.099724767434344,2.6435646837152382,2.167849231544071,3.4367582485392374,3.4335454473712272,2.2614691828172386,3.2737593586072493,3.414374141986197,1.0972561851128428,-2.4302832378119112,3.492072463359672,1.186879446323877,1.322044231739246,1.3384192591869273,1.91362555820553,1.2580536644397224,4.132955282698268,3.8507093308662665,1.9238567209186206,1.157705241699004,4.633879318820118,2.934511662700932,1.9762173455529863,2.27714332904462,0.9379130930894936,4.222297129072465,1.6245481917845375,2.0317600323499283,2.8123091912937817,1.7475979337605987,1.1052555150074415,1.899689756737027,0.3431565435366218,1.9942398312098817,0.4515868001996735,4.548687158038312,1.8645954332512618,2.5049990027189812,2.272969845599494,1.4133900375580595,1.3375315980316822,2.7436702426869224,1.9944665955866645,3.976587620227369,2.1267444258410264,0.5321551608541398,1.5615427982560672,3.637903054760214,1.8502770779525568,-3.2283337667753,3.0452725999105685,3.128990836014399,2.08001303117567,2.9249271706026065,0.34331739244378157,4.274158363568307,1.8596220899547806,-2.9229681487609,3.443314664541589,1.7714719378176709,0.28269466564775303,3.5369003493687905,2.706172911316536,0.8101291872621037,2.4311151165197264,2.8951934329939903,1,35,train
-0.39888364564435586,-0.32195526187729,-0.7174687863465299,0.47130674919906584,-0.039881120892311106,-0.8094429282870301,-1.1591650991662132,2.1033650620098414,-0.44396628183278797,-0.8007676833217354,-0.8593195812614663,-0.41538370501006666,-0.6111973138792339,0.021286894675622645,-1.751648127570134,-0.5827552753746391,0.06071382159122886,-0.5281628767754092,0.24069118191784333,-0.19775677238959283,-0.5746042578678979,0.18171068279353575,-0.6748622108361676,-1.4615963373967498,-0.4041449741576212,0.41344328031104405,-0.3561268088357059,-0.1926695719879556,-0.37328884182818883,-0.0007594390736469572,-1.0109188475390392,-0.11183616112319841,0.03914634335038058,-0.03031592987073046,-0.25051664112846384,0.3864547514916672,0.18129587104040434,-0.5212664960345593,-0.17094692493413371,0.03693454447748559,-0.6208639329078153,-0.9526658122474361,0.091243469524095,-1.2986023971583218,-0.1649383321454071,0.6218110358311666,0.4033373452687537,-0.1221695835052651,0.6949230212486253,0.061429468880460074,0.3152134606297102,-0.20282643235507555,-0.9041022850318241,-0.2312844982620763,-0.43945392356630797,-0.4837816333242523,-0.48773932206924897,-0.3746534461564024,-0.20869315771676497,-0.5024200288244061,-0.28108050862983835,0.29697371652644466,-0.22349362956994737,-0.3153322475632029,-0.23966739477547974,0.40569116395961236,-0.33916646814443274,-0.811538056855252,-0.26606325681238435,0.07902286033122327,-0.6602828419651363,-0.3418923608013747,-0.48343868218605385,-0.1305222988740607,0.23158922326641612,-0.8726589827450562,-0.002638572911702321,-0.7668427298176624,1,35,train
-0.6564462289563426,-0.6605662610035694,-0.7961230741662931,0.10699009904267899,-0.9937686023039862,-1.2612726922636808,-1.8285038006880447,2.3913156339214843,-0.7580943814914417,-1.2984873933162147,-1.3443279968086812,-0.5819931907778774,-1.282610772100706,0.26639594617339085,-3.2760796234871425,-0.19915025027082522,0.9812231904816604,-0.26271345934012263,1.1654070894451014,0.3017493311983736,0.772798093752699,0.5929415595670577,-0.6442604874026607,-2.6868257887441422,0.4095213035118273,0.7812699853611029,-0.9620787982268052,0.3217712919934905,0.5883788987132114,0.5732175482392128,-1.363951473451833,-2.030996702816411,0.5874603993354399,0.08013166379899388,0.12256930020264334,1.0833248616471363,1.4406974406446946,-0.43606923509694767,0.30253873247731744,0.6345745691842092,-0.23737119031082834,-2.2022848496354603,0.09738899707247892,-2.1720146344358118,0.33001615882070723,0.010005428252703393,0.9754380251639456,0.28049048042090535,1.0045421891316761,0.48639808346107244,0.7001919344127373,0.12776330012715661,-1.5246044322139918,0.06525439874570169,0.9234042514742141,-0.5333412916970481,0.14334296190909337,0.21927967656395275,0.39426930763642676,-0.26549993611405104,-0.4578438172459222,0.5514545114993944,0.026953452741637723,-0.1559255593976279,-0.010419245477124873,1.354168465265441,-0.07746213062564382,-0.4742601273338685,-0.9358755666009962,0.39890714818530193,-0.4303227884604116,0.018830302413749948,0.919543011034605,0.15742891854621494,0.18097273873811823,-0.8342892199110167,0.028430623123592513,-0.8301492060364809,1,35,train
-0.3055172091937607,-0.3175860876950154,-0.6553732959625062,0.44538698752786043,-0.07543932522370257,-0.6193743190865202,-1.09792772860145,1.8154144900981986,-0.5535948803713785,-0.7544681754152722,-0.8179622745093783,-0.3889901231062551,-0.45236832376232666,-0.040963023165080395,-1.4592463966722593,-0.6049932478444254,0.01451064863533847,-0.23858169411873295,0.1158545344016635,-0.3959079539782076,-0.39885612504782003,-0.13462076087840422,-0.5422547426243047,-1.0036823000244919,-0.15700334776269526,0.07266265651466597,-0.4382897904480584,-0.3624350571018328,0.24600504344192753,-0.1283098806987269,-0.8911947396207873,-0.2417599888974004,0.007913264211991122,-0.33749829976465123,-0.36440603374532815,0.4207270519911165,0.2838053011244745,-0.49653180737525277,-0.43347362607315615,0.15000157617875765,-0.4884676289159983,-0.7570732672649627,-0.9289141035076355,-0.8175927592373855,-0.04667486970217623,0.5755122330954991,0.5136218136822847,-0.048640354440486165,0.7362055769663653,0.32113251112416763,0.16028309922922368,-0.18446033610606266,-1.03826491144959,-0.3939026030727933,-0.5355749031661433,-0.7386598763843449,-0.3412380775742766,-0.25798801133633265,-0.15071599758665039,-0.5630946867136434,-0.5156318219857958,0.0874012971369567,-0.17167699185030907,-0.6341456238943528,-0.16584171957770444,0.4910039370929409,-0.2878518921603565,-0.5462632808271976,-0.3435622017466039,-0.3146808785661043,-0.517549015651859,-0.1889773187862675,-0.34457701289117637,-0.41214491810927534,-0.004621037865640785,-1.3550217155158382,-0.4168945200489668,-0.83501893497639,1,35,train
-2.092357630920669,-1.8249511805797431,-2.3250520373995864,-2.4086667698237547,-1.8533495417932757,-1.6047300036260057,-2.4864495030350366,-1.969935736490274,-1.061681269752154,-0.2528901730952544,-0.5510196582004462,-2.26128483940789,3.345088439941913,0.974488761611388,3.682424489340927,2.4972039116907654,2.3317774768846102,-0.4750729932883519,-0.2956440444479663,1.986034374701599,-0.1645252812877162,-2.8053619495943547,2.7015279413274134,1.3106399969650278,1.5881967524722433,1.7332920454906668,3.2830085850780706,1.9937040999331903,3.141078084338813,3.506877705616051,3.4618510303300085,3.0248962522825353,3.370674784778589,2.7170679626636622,2.8402058412671294,1.2661104643108658,0.6401476057024327,3.683630576047565,0.02126012411407913,1.7410162365466573,2.488166516003471,0.24262196264545655,-0.031667081443583364,2.8321733530574384,0.03216743859331101,3.750287277826984,0.175875629165846,3.648829449959827,0.5779557800483616,2.2689053279519746,2.3246132993996564,2.7602370958190052,1.538775537658331,-0.4608629991713238,3.1616499192989505,3.633209987215855,1.2533716221209992,0.07079639588386395,0.649368812208931,3.6725742878397782,3.1488075374014803,-5.256695397294988,2.07371064266735,2.6393845795058475,-0.321264193678284,2.50840010177518,0.38436905323104253,3.1979007008259144,2.833894540556398,-3.6906904396106888,2.5948413636793286,3.037922157583815,0.364096333855095,2.910369129047751,1.800700243643651,0.4428757429934401,2.115244956827562,-0.3383065831056605,1,35,train
-0.9397650705995281,-1.4688634847243656,-0.6305350998088968,-0.06580831209869024,-0.6026283546586803,-1.1112185271053836,-0.19930491868596945,-0.3247181459326061,-0.5093217925000246,-1.66888345656792,-1.7710602073870445,-0.7815946539254525,0.2876303801914463,0.2780678057685227,0.15717665503284442,0.7793205383997727,-0.632333772747127,0.533634792965737,-0.08295938571669696,0.17790484270548934,0.6060626856926251,0.6878409926686397,-0.24643808276707263,0.728965408951619,0.20040146579304383,0.7001317416000605,0.373069652973922,0.584136132624028,-0.2373462816469438,-0.33627255726135724,0.32139558416663483,0.22596579108972675,-0.2523623952745877,-0.061379315590340426,0.0008254667156504732,0.4207270519911165,-0.03836719342546027,-0.29315770062095386,0.09626775301094269,0.4892026712825738,-0.08214793735490508,0.845698976341416,0.7365238621044065,0.5326097331722605,0.2292732093320291,-0.20495329873432425,0.7204051919576553,-0.24121690675300245,0.9082162257902825,0.8346362537424077,0.34338261724798047,-0.1630332238155476,0.269820696123628,0.7348583597310069,-0.6385616670231097,-0.4306819993533997,0.7744252458874358,0.9669990542743999,-0.10046912547388441,-0.4388561015118718,-0.2708826254404489,0.45415303106856064,0.03127150588494091,0.2141256809867426,0.12946098121339675,0.31034159398706873,0.5588386115769018,-0.3681502169226467,0.7082091937892329,0.8664303381258786,-0.4461821024952202,0.08940647565149172,0.5268996702697789,-0.026100428820554147,0.8108667684236032,-0.1491148835888832,0.17342020462163504,-0.11916878080975041,1,35,train
-1.3212796471304085,-1.4186179816282078,-1.2777080995890542,-1.1789180772010104,-1.483853418523599,-1.5213665785380628,-0.7945891255713432,1.3879878599168534,-0.7897180156852659,-1.8251442957522332,-1.8782132294265454,-1.1115144277230975,-1.253732773897632,0.7721765286291031,-0.677318172473449,0.8460344558091316,0.3201624081896903,1.146581629589035,0.633695442616928,0.95812512021066,1.4217142764729864,0.9906153744689251,0.8654245353170068,-2.197971613711597,1.2498028332545754,1.2464625829244125,-1.0168541193017069,1.309497750837867,0.31145886871437883,0.29870681517654074,-1.2411575166126003,-1.6597857663186908,0.46599842490836985,0.646175581356331,1.1907732585401292,0.8491308082342326,0.6694360142978812,0.3746788931803246,1.1323106271488705,0.5376599705831189,0.8126684620380643,-2.1262210821422762,1.2773302863621911,-1.509571536597329,1.2279424477415342,-0.9887258879024097,1.189114182715162,0.26298352111976747,1.2797592272499436,0.8051245443965318,0.7940891231403049,0.9358715350837241,-1.133296771828841,1.1366207363221899,0.48742695114638956,0.6844103140345057,0.892753174133375,1.4442667421746853,0.8464911566513206,0.7746370562728737,1.085435838748348,0.7385727430971515,0.86897381568576,0.7208112255130344,1.116393691752077,0.48598553867333333,1.2105337265746705,1.102229970204284,-1.1130160121649266,1.1617081422988742,0.9851209891462558,0.7324338318175835,1.8149613613153668,0.7966173352373762,0.9908364911908846,1.4733779448219289,0.7948041253275318,1.1956580329657098,1,35,train
-0.7916665851951357,-0.505460577532822,-1.0693432318559972,-0.2818063260254018,-1.3431666100820068,-0.8944736218767319,-0.8871572438669156,-0.6621602223915627,-0.5493783958122019,-0.8644295066931224,-0.8236019072482994,-0.6611739364893121,0.5655811128960342,0.009615035080490827,0.5317137035986611,-0.11575785350912653,-0.05301706568480902,-0.006916747993391969,0.203702545616753,0.03754775574688722,0.4618590895325613,-0.1888490083650225,-0.3943464126956887,0.797033711804252,0.4171256612470558,0.8407713641192006,0.32514124703338304,0.13142817232035545,0.05467847726091596,0.07133428880139822,0.5393548575562728,0.8273275082160331,0.2577778973191068,-0.07173377749687708,0.7666334515531863,0.5749524042386384,0.27892389969189973,-0.10352508756626985,-0.18032287854624168,-0.20535195202524023,-0.24193658010364963,0.813100218844337,-0.209887380346717,0.3849313355649554,0.13291038808198916,0.23488532725451694,0.5343001515098218,0.16494454903339556,0.41282555717740116,0.468691057853547,0.6861073561036022,0.6236478988505049,0.3704426659369525,-0.04475196627331273,0.4668295983749963,-0.33510265820586493,-0.3581420673236965,-0.16783744806627873,-0.05408739736979274,-0.14992915918217048,-0.16550449915009124,0.2121467848687948,-0.13713256670388355,-0.00221196723796631,0.1722021615910561,0.5110775307713711,-0.06206775783042094,-0.1635096754152904,0.36499958050911774,0.05441637665014029,-0.13692547881645256,0.2305588221269753,0.4550746689103595,0.16375751673127592,0.580280561128024,-0.5547380906915862,0.3857263775294831,-0.4357011619038427,0,35,train
-2.0440646465496712,-1.7310139356608398,-2.022853984197338,-2.523865710584668,-1.7296688310753923,-0.6593887631287328,-1.9452820422301516,1.010052734282822,-1.0954131462255663,0.7078246159638566,-0.9138360310710371,-2.26128483940789,-1.5172445075006828,0.9122388437706849,-1.5775212541140962,2.42493050116396,0.3095001375075617,-2.154643852697074,-1.7936838146421241,0.471003465471982,-1.6335994171683672,-3.3114922594694582,2.8290351223003585,-0.36012743669050784,0.19279710805781533,1.8631132355083346,-1.2188381157654065,1.978270874013747,2.3203878136150005,2.245237467802761,-1.3271132864000632,-1.2625900642661305,2.10747025073706,2.1337666085954305,2.5967181742931436,0.8605549084007157,0.9574386988197927,2.9580797087079045,0.06345191536856488,1.587568122094931,2.059019875478272,0.7805014613472582,-0.8613133004754123,-0.37455756641547044,0.8381110345027362,-1.8750172545566157,0.8031185432678035,2.8715204569893067,-1.0183030410375895,2.209881909260223,1.5875203678882508,2.065386454398017,-1.03826491144959,-2.0487809637936185,2.124916496472155,3.8456085230992656,0.21659358415657956,0.786697927734292,-2.094883433949826,3.3460868430072157,3.006037172750028,-5.478742365457659,0.35080743848937707,2.3262642991806106,-1.9260012387667682,1.8961554945830574,1.0155383378351805,3.4480169182237943,-1.063195261850071,-2.982023709595499,0.727407136080616,2.62230691518378,0.9722146786981792,2.40091697515034,1.8456926743354716,1.5227104970371224,2.4570061132158054,-2.48098731666567,0,35,train
