q1_z_0,q1_z_4,q1_z_5,q1_z_2,q1_z_6,q1_z_3,q1_z_1,q1_z_8,q1_z_7,q1_z_9,q2_z_0_1,q2_z_1_3,q2_z_1_4,q2_z_1_8,q2_z_3_5,q2_z_0_4,q2_z_3_4,q2_z_2_6,q2_z_3_6,q2_z_0_9,q2_z_4_6,q2_z_2_5,q2_z_5_8,q2_z_7_8,q2_z_0_6,q2_z_4_8,q2_z_1_6,q2_z_6_8,q2_z_5_7,q2_z_3_9,q2_z_0_7,q2_z_4_7,q2_z_0_3,q2_z_5_6,q2_z_5_9,q2_z_4_5,q2_z_0_5,q2_z_3_8,q2_z_0_2,q2_z_6_9,q2_z_8_9,q2_z_4_9,q2_z_1_5,q2_z_0_8,q2_z_1_2,q2_z_2_9,q2_z_1_7,q2_z_3_7,q2_z_2_8,q2_z_1_9,q2_z_2_7,q2_z_7_9,q2_z_2_4,q2_z_6_7,q2_z_2_3,y,split,set
1.6934560482359524,-0.894726552947814,1.9744020169846235,-1.8813518517348435,1.955022601974047,1.9821650338894155,1.7197768847319885,2.133729071096933,-0.2957978549504421,1.0683284462419846,1.525261481247921,2.2441154253487925,-1.2819774501968295,2.3179946429473395,2.8836404588935114,-1.5691278588290944,-1.492029732740663,-5.482340962937581,2.7558834826090735,0.9171526163012435,-1.425390515416408,-5.210528988794011,2.462792288459864,-2.819160921326679,1.7795479153946647,-1.5726659098012834,1.9697222766108862,2.2606979903160096,-3.400042529342073,0.9748444242716752,-1.0392790450393437,-0.01366709473823268,2.2669759502304787,2.5232480816732283,-0.3134560228807169,-1.5288823079377944,2.2394408983723033,3.159187198414071,-3.5564992850272517,0.6564338741970962,0.8207101612556806,-0.9720016211040314,2.553899431344718,2.1665338516342967,-3.8782221690638385,-4.197170022252084,-1.549786025317494,-1.9549806603363227,-4.971883209583824,0.952560666998521,-2.0679596719401663,-4.757565813062141,1.2462187751315417,-2.3432286580664243,-4.714741418212866,1,16,train
0.29124549359080215,-0.5410203731408202,0.6459039347404266,0.4641609934347413,0.626616680633003,-0.6865479324763556,1.106838491526789,0.7217217422801779,0.8138216995920211,0.6829583302520923,-0.28608643873331213,-0.948155109076619,-0.36123721441532447,0.2684764808949143,-1.314178956913413,0.09293411148843628,0.24951909113749643,-0.31715926680965245,-0.9210075484427046,-0.08003629335462564,-0.327584514824706,-0.14481787964507647,-0.06779089340995186,0.22186711058688455,-0.3285137027762478,-0.372785785744725,0.004417518188262613,-0.0740838883909692,0.060375147655342,-1.1692030127553925,-0.15120734971063154,-0.4183072195849609,-0.632436689263496,-0.11539115746917214,0.006407119964542984,-0.26820024510982504,-0.21529041789335754,-0.9590272707939634,-0.1744055733544465,-0.03143600541930526,0.07959743208144121,-0.2853298968757257,0.328837835162904,-0.11312597643027188,-0.09788477851568628,-0.06697405448789147,0.5703487915352383,-1.341187483400412,-0.10891953442920256,0.518670435781663,-0.05657884828446707,0.22995741811578738,-0.2020860610989591,0.05700688686529987,-0.9214107408027454,1,16,train
0.38716628760793215,2.418941868401918,1.3374356271743295,0.9997671119593348,0.2605718764695264,1.4473463466782106,-0.8995678739938644,0.774868297000398,1.3768932490333856,1.2881615708272842,-0.7919990747380455,-1.2791910468490542,-1.7245267893305207,-1.1364757726987629,1.3835755579157978,0.8146189143894694,2.9292161135719197,-0.06378976880681941,-0.0568632921629382,0.16229732435504088,0.6629939229185042,0.7956516933614767,0.5694227417359674,0.6709764627903355,-0.1792913635124641,1.880445322794665,-0.7396582016472258,0.0667669611424784,1.2250464693632097,1.452782769511831,0.15731106392629118,3.06038997312721,0.07479258986013228,-0.13857779401699638,1.182852916531007,2.966172588211113,0.14929605989148692,0.7985468815916879,-0.025130027450574362,-0.010591463612747638,0.657665360837348,2.9686280035214705,-1.6825589057564183,0.011655403632209765,-1.1189611858154986,0.8105203057378713,-1.8008546220500543,1.648484545885507,0.4122642365300635,-1.4789151092362092,0.8809291627414945,0.8463017523751735,1.9777857231251053,-0.08518716200506292,0.7687499965357673,1,16,train
0.47425227164980016,2.5163184685107263,1.6136028731060654,1.2933508193627956,0.7623899759458652,1.683010919111317,-0.5960285932287656,1.13964692258009,1.5141657712448242,1.470914409337955,-0.6745550699512325,-1.0701157177296214,-1.038426807183657,-1.1742433063975177,2.0946299440485405,1.0676772219002213,3.562275467069236,0.49406763469064624,0.7153052140672491,0.31549673784965765,1.7965424444597038,1.2039009852802305,1.0627494270102273,1.1347625912095856,0.11678470645536067,2.709855546796894,-0.7372960565048909,0.5203544426908691,1.3874285286397874,1.9307211147519867,0.28706179863340825,3.4831483125193143,0.30674560101965026,0.59411992089425,1.4430805581678288,3.5603465112652786,0.2602571618260048,1.4579305088551966,0.14419745745531048,0.6095336551323416,1.1853376240094065,3.475899007005444,-1.5720426013103015,0.2108256833473247,-1.0418988154532487,1.0654990334474514,-1.5559852499281743,2.138931725542431,0.9334480074893297,-1.3070494981697913,1.2076364999172085,0.976058454324518,2.6277928424572243,0.6314708443015655,1.306720958044517,1,16,train
0.4187191803767249,-0.5582044790423745,1.4421119220032939,1.5553663861852391,1.432566961610153,0.640275893140175,0.4446775122515734,0.9234370749682858,1.5357734830744025,1.433834123263326,-0.3899792121985699,-0.13508438472326983,-0.10877618202362145,-0.04373513101479174,0.2638420727765281,0.16479017411494606,-0.21574139757739869,1.1919450239265197,0.2661213184762814,0.10380300283891448,-0.6645854266342518,1.2316875863008787,0.6128172186813884,0.7120714361945729,-0.11297032383967137,-0.4916679178517112,-0.10660330350147694,0.6874656201034339,1.3006381176471338,0.3527235614730367,0.08811067208249543,-0.7504744862501855,-0.209463551266728,1.329136299460279,1.2045385533340756,-0.6066210447624152,0.07003812993825986,0.27057066759065773,0.008289870886113436,1.3625427278942357,0.6606298117540449,-0.7152730034871424,0.04886319723274192,-0.00754173176201818,-0.04650986494085294,1.1275208861335657,0.0651119857647773,0.3239834798659104,0.6781743237541789,0.11295489490356213,1.4860479698582516,0.7956155406762108,-0.7087456027836906,1.56995156684596,0.25195899414153533,1,16,train
2.1162648113377753,-0.6011647437962604,1.6458966236384054,1.248103151196671,1.7464748203734906,1.509759795085152,1.942450488382061,1.6916463659241934,1.5535680692869964,1.4894545523752694,2.52127698338224,1.9711559678873107,-0.8394281110631383,2.4539577642628565,1.84895002325849,-0.9942793578170162,-0.7801557609364517,1.1763872477333632,1.9238237903000905,2.373939766440963,-0.8254267709069896,1.1483277832389343,1.8118751342785482,1.856859981026899,2.3977547494874827,-0.8455496134259957,2.3429412090997976,1.9217010304219495,1.5218136811445413,1.7464878978717033,2.5418412328770867,-0.7444350814017269,2.2669759502304787,2.0571966870619605,1.4891625363743493,-0.8158736002727953,2.4613631022413394,1.9929464057095736,1.6102169978246816,1.7403500481380925,1.852339080266222,-0.7462041622361651,2.6545920642845133,2.365704131349412,1.511862513495758,1.017259814691585,2.724579343746713,1.9274814444927393,1.2993402875097124,2.451454193020394,1.1564996993157923,1.0024152844079786,-0.575284064974054,1.959563260750754,1.251653064346771,1,16,train
2.3850954577278896,-0.605460770271649,1.9331996456157758,1.888936404991322,2.0049871746491803,2.0940788034466897,2.3022441532271785,2.091453402569485,1.6171201629034033,1.7357735955853035,3.4924485614270404,3.3417609032258135,-1.1364410903474949,3.51144870782799,3.0797119341394175,-1.2379651354199623,-1.0496509074051887,2.263209041798147,3.089562947905221,3.145507721677487,-0.9658438174943004,2.2619292549126024,2.599827478813825,1.9067610201606158,3.2054502683597086,-1.022490461213138,3.2051241860520303,2.5686600172620224,1.303437808324316,2.5608521174149854,3.017593926803183,-0.8682428807951289,3.6586940171875866,2.724971819639299,1.6301191755942943,-0.97862558789198,3.3966066756894184,3.3539517573566733,2.9915727957411105,2.1311852070110477,2.276255561353887,-0.9101393036059858,3.659062475805884,3.4215465780319487,2.877578966026744,1.6259928132775199,3.143027004967647,2.547148240346697,2.4650901099002342,3.147369044387692,1.6763905054301893,0.6699137356627833,-0.9806116983218393,2.079006261801859,2.6156424313217106,1,16,train
0.32406050207034665,2.151156218102696,-0.5356019037013948,-0.20613585823552594,0.06288595849399894,-0.5391230629634078,1.1173861885417926,0.15764353649966092,-0.3758734929071147,-0.3433710164563843,-0.14379850985698084,-0.7313362492490593,2.314849728936727,-0.14444855421147113,-0.1566485608833664,0.6552859059567738,-0.8310039017796097,-0.3527198981082956,-0.39909864118462784,-0.41150411527934194,0.28259137852742605,-0.2260402518592788,-0.451489426401043,-0.36226858280191776,-0.274035705902168,0.7413886151649366,-0.4396657685706956,-0.22687125059674287,-0.004017737919852611,-0.1652654830889199,-0.3530418259217025,-0.22504626443428472,-0.5346525767158561,-0.4121801052813226,-0.01527851683852548,-0.5497870173398428,-0.44400615861552706,-0.592963762419916,-0.30585717347875185,-0.23988142348488148,-0.329496794422739,0.008516111239990685,-0.8352672383361909,-0.29309912075115885,-0.5516965150933807,-0.09453932234838663,-0.7221895397916467,-0.2163894605944129,-0.35142953397759574,-0.4392690357360753,-0.1787389830545166,0.2400946604555799,-0.42205044748891574,-0.24728837771727652,-0.26906800007560017,1,16,train
0.3265847334918501,0.9038765314148755,-1.989934255261262,-1.3531116326791541,-1.2416238628719816,-1.698076234244027,-0.422577575648709,-1.7665033196210325,-1.9379839539983943,-1.9934437467773671,-0.6090574518970482,-0.01699554142433101,-0.12956709057352642,-0.0815026647135465,1.81587772622906,0.4022275984460219,-1.2530434707778206,0.6940961857455143,1.012622173529842,-1.024301769257809,-0.8611692918564868,1.1632897991731292,1.364226845788942,1.4459102469845255,-0.8259215003221935,-1.0722550746532717,-0.09715472293213741,0.8712879152572555,1.549810587916365,1.6583763593637415,-1.1632630804261443,-1.34837556624759,-0.9871883533898177,1.1111819159107308,1.5081374685770341,-1.3480467661387006,-0.955785934884936,1.5283273373886672,-0.7960156824168395,1.034241194440953,1.369133580844618,-1.256568281595041,-0.07884453234943727,-0.8714128245022758,-0.06791607893036683,1.0218540260016675,-0.043374444922131515,1.8981133499025042,1.0376847616811828,0.06224045229379951,1.2104774332839539,0.9679486604526839,-1.0374564273889066,1.100711205573763,1.1563432483314413,1,16,train
-0.5682553054311126,-0.5438843907910792,-0.5077624635873086,-0.5007718369916874,-0.3911399410322124,0.17002284221201283,-0.07098767514859454,-0.6359311555727155,-0.5690718575009914,-0.5685013247666307,-0.6790721470584176,-0.45837679178757773,-0.0018515094812531266,-0.6757118615739548,-0.8180945014719645,0.4272210115335036,0.08680504043939104,-0.6727655797960848,-0.7092494262355341,-0.2805882528384876,0.20600026220707474,-0.6599387139509386,-0.6387708532181232,-0.7468001196558529,-0.6127467299453596,0.2299189770302284,-0.8554033136216351,-0.6923952448174595,-0.8019295809168293,-0.7927264391304653,-0.24635788849585072,0.2218696943516539,-0.5983259523282728,-0.6139038432473936,-0.7824079187470724,0.19680543380213084,-0.3081354215528521,-0.6915193223667749,-0.18331754624422994,-0.6880390723258704,-0.7593421773437978,0.14461320973569092,-0.7542219484090388,-0.3842855138737416,-0.6587275850409501,-0.5585546646667219,-0.6911934167382442,-0.9241605402190755,-0.44290260398269143,-0.6703014965138828,-0.8719267245403791,-0.5546651389841548,0.2551432813970181,-0.8501911449276147,-0.953180679474522,1,16,train
-0.5909733882246433,-0.5796846114193175,-0.44762927294088223,-0.38502198819462397,-0.6963583088955266,0.9910825169447077,-0.557353704173753,-0.6697516903946736,-0.43052829341722454,-0.4426932112991401,-0.338032825465941,-0.7255286012179639,0.3189225081458518,-0.3811250987236676,-0.9952675212724819,0.4990770741600134,-0.41659155390787256,-0.2882662538795048,-1.124209786924333,-0.13853061487075205,0.34386427158370714,-0.41627159730833163,-0.4240823883302508,-0.4268463981514336,-0.2882473572606236,0.4262127300440893,-0.3404556725926305,-0.25074427594139503,-0.37357690730792603,-0.8461273715595329,-0.19734094427316204,0.20979088465473664,-0.8416492091328652,-0.4863773422343602,-0.44356984369912766,0.17872187962222144,-0.27643224957156126,-0.9754531974517733,-0.25906931580738896,-0.4431157060988183,-0.5192216530913443,0.2745240764815866,-0.3047889769948312,-0.3266941076910578,-0.30552505421397097,-0.2851990917168115,-0.33783761392945544,-1.0298856807439214,-0.38759330584007545,-0.24768114143252762,-0.4031727190273983,-0.05185791893044511,0.22301365192432782,-0.497549903729115,-1.035782520021141,1,16,train
0.10192813697804559,-0.4092755612289034,-0.026696938415897802,0.49783367672115975,0.09004061755657139,-0.15603362101735355,-0.24678262539865178,-0.06218993984306737,0.16559034470467146,0.15323995775739466,-0.6271257603257887,-0.3635185406130203,0.15259523974661224,-0.7084437241128756,-0.7637614420664726,0.0616923451290842,-0.14455400039697758,-0.8372334995523096,-0.6236905889801116,-0.3864351203438592,0.04005284351298025,-0.7390236553173988,-0.8420397189098322,-0.9845638943517976,-0.4943163019582297,0.14974265537667955,-0.7491067822165653,-0.8499572120921637,-0.9363147334215832,-0.7339854134584908,-0.42224221776549825,0.004451119807143211,-0.5028158889096478,-0.7924409446656403,-0.8610183521581956,-0.04086413541953552,-0.44174164633114915,-0.5037944462775198,-0.41502884137859863,-0.760994968648822,-0.9372092323456154,0.07347154461293852,-0.5479248467762877,-0.585855435513135,-0.7293680912063459,-0.576931509907052,-0.6663965182955222,-0.8213722091532532,-0.647121550970812,-0.6787539036155099,-0.9315863252420312,-0.5283083089006942,-0.1971430411800837,-0.9383514552272397,-0.6566612518712741,1,16,train
-0.7714559348621379,-0.513812205463359,-1.204862044044029,-1.084782437740507,-0.9005613450460715,-1.0115283017676713,-0.655798876313785,-0.9499789789194701,-1.2109480030267001,-1.2412436578348967,-0.27253520741175674,-0.01118789339323566,0.3367432869029132,-0.15451989653113904,0.24494361733113956,0.5709331367865231,0.46562368972091767,0.12734862442338793,0.11425438234790664,0.4129872737098683,0.3591824948477774,0.22282022616657612,-0.1089014505161402,0.2130610448574051,0.026777581185141928,0.4428009345241339,-0.25069415718390486,-0.11228072894241262,0.3767401941769503,0.35539360809449005,0.38221233741862737,0.5540369610168786,0.1862209971818615,0.05155262567516249,0.31813814900865217,0.3647241511870038,0.201379842432179,0.05938018199024568,0.15979341001243144,0.15355930311389362,0.05291737383116858,0.568370084597303,0.04395136147958118,0.05964824211777963,0.02627126262349427,0.31664258990399957,-0.015477934174069249,0.3885932879644273,0.039990114416302035,0.0425181690566696,0.4178570239620044,0.2867259752186256,0.3935478391255301,0.08828957761677969,0.24348701049572824,1,16,train
0.7998781250237414,0.6332268634653944,1.0133845442463654,1.3028212615371009,1.7149754158609065,1.9864694096416184,2.1768437553821376,1.3474016364864048,0.784587736528474,0.7663889739200072,0.7031534477402291,2.972007311912743,1.3050055993699154,2.08383593401506,1.0764756569282343,0.20228029374616857,0.9868171333632866,1.449759600841683,2.4157871045187695,0.32106762561309826,0.8417065276659906,1.2808484957989485,1.3299680482004517,1.0232190919695128,0.5407656386492857,0.6556828920180394,2.586242158760291,1.6113517009414717,1.1046597702443677,0.515596405381693,0.28706179863340825,0.261125825866635,0.7979402128868648,1.2989936719481074,1.147613756726021,0.36214078630415963,0.46632777970439515,1.8005284077180872,0.5742001493873601,0.8570625890852134,1.0311861763411647,0.2992690034808048,1.8097563147408664,0.5563741204434277,1.7901432953594385,1.0126656033815025,1.4072441139771064,0.5354337609156021,1.4035770417015656,1.3526412698088706,1.1763862328830097,1.008497629811854,0.5171233370974159,0.9016395371552549,1.3681428394766182,1,16,train
1.3602575005975008,-0.5309963113649134,-0.35408875415755237,-0.1177450646086775,0.5245151625577306,0.3497305298664821,1.573281092856941,0.49464100847560155,-0.21826430073842576,-0.19769846402034247,1.089363540404557,0.11077271525976672,-0.6018177276356532,0.33897587713258986,-0.5464292044445046,-0.7318485203984586,-0.17252047786071445,-0.3816129110384433,-0.1317272747614328,-0.3530097937632155,-0.22801606360824933,-0.022984321323773003,-0.4697607851149045,-0.3710746485313972,0.0670439267007661,-0.1986096387042568,0.15087051701302542,-0.11705533401134305,0.08277267307280099,-0.3361484668619365,-0.5346928545116664,0.08598308526133472,0.027037558150819752,-0.3472575229474147,-0.0017249938366076909,0.20972225821635185,-0.6296961659345162,-0.17762247407243895,-0.5799003398395918,-0.05488611495168258,-0.33246124533943594,0.12296139861137498,-0.7173831802603332,0.2108256833473247,-0.6180557784608737,0.05247543957425424,-0.5517108629979328,-0.43371336056215165,-0.38759330584007545,-0.3406576195504258,-0.019646714516777675,0.3576866715971733,0.015406815331559775,-0.2728833065139418,-0.4300356893459347,1,16,train
1.18987187964602,-0.8875665088221664,1.667054598125111,-0.2913698378042726,-1.1873145447468367,1.8207509431818083,-0.02059312274357813,0.31225169568575556,1.6946537171154197,1.6933961257857277,-0.8597552313458223,-0.3906208980914653,-0.04046319678821947,-0.20235877254956175,2.2316437460276073,-1.0755079503513316,-1.3115188327474523,-1.766254992229364,-2.6749637121788643,0.931079835709845,0.6680999973398609,-2.553702445050498,-0.06779089340995186,-0.605903067984182,-2.280247156004149,-0.35343288051800625,-0.3640771240159793,-0.9072524729193288,1.3706303845766932,2.0962640052820967,0.9877157660518402,-1.339316458974902,1.1958988104644692,-3.0624126626976347,1.4268163305655275,-1.2317953464107114,1.0007526788175833,0.12743044957260066,-1.4488176965934747,-3.369168262194344,-0.5666528677584955,-1.3648273372166206,-0.5381011752699663,-0.60985185475592,-1.2495390911515334,-3.5516833331854882,-0.8709709304479788,2.2975194363297,-2.1489817236126156,-0.6843888416832613,-4.349229165436673,0.7854782983364182,0.015406815331559775,-3.7850763136119028,-1.810969023612489,1,16,train
0.575221528509937,-0.5367243466654316,1.046791872383269,0.4462723804388315,0.6494265942455638,0.6617977719011892,-0.14013368891361708,0.7470871433966466,1.0476934041003982,0.901467158906155,-0.5729208350395673,-0.39255678076849704,0.11101342264680233,-0.6908188750534567,0.07721982525331648,-0.22573190537695495,-0.2996408299686093,-0.31715926680965245,-0.15097801314390286,0.08709033954859265,-0.4092817055664141,-0.292300608139286,0.158317170674084,0.2130610448574051,-0.14849945223581035,-0.3285505737979394,-0.7065881696545375,-0.1648013847006473,0.19476030016009596,0.06435852635607114,0.08811067208249543,-0.5421150189783628,0.022489459892789988,0.15589249014037163,0.24223842019791253,-0.4671193410888284,0.14023801075397527,-0.05325474366330741,-0.1610376140197714,0.19785395445282858,0.1566731559155621,-0.43998569062083964,-0.7272068517666547,0.016454687480766752,-0.5195871941091098,-0.2783077747516877,-0.8058790720358334,0.11840681773426566,-0.31313848141732314,-0.6618490894122557,-0.43442298606159707,0.18332610335274171,-0.1526558619102048,0.11672838739085226,-0.32837188559624975,1,16,train
2.5264524173320813,1.3764394437076204,1.938767533638593,2.040463479780205,1.6541489795607442,1.4667160375631234,1.7678275044670042,2.1313133186096502,1.5904282835845125,1.661613023436046,2.7019600676696447,1.65560709153113,2.2851484310082917,2.567260365359121,1.9269061519707176,2.7984710782083266,1.6071644516498134,1.69201640156369,1.348440609757375,3.1510786094409275,1.906323044518874,2.435061153579718,2.563284761386102,1.8069589418931822,2.667776125298139,2.535679399756426,1.5350875704212674,1.6567104490963107,1.1578538931108326,1.6450261262564747,3.118511164908718,1.9551788858592807,2.5876168774215773,1.853154285441107,1.405130693762459,2.3151646377343744,3.602677293567809,2.1994437694077544,3.4772753182343066,1.0498746007958712,2.1606419756027058,2.0468794728005917,2.6545920642845133,3.6975053993239753,2.222548817947619,1.5019491079052916,2.19144602722819,1.6778526404757421,2.6756908989817334,2.1612548825311966,1.673549572063444,0.6719411841307419,2.2076361493528127,0.969892680613029,1.8002140054127795,1,16,train
-0.30952158472701197,-0.702837370380457,1.8686121445510957,1.983640826734374,1.7225787203984269,1.6195213767663248,0.3802193638265524,1.756871683080827,1.884038956092312,1.967525383551734,-0.620350144665011,0.1378750727382117,-0.2929242291799225,-0.0663956512340446,2.2599914291956904,0.39597924517415145,-0.8793096355806097,1.9831690703213314,1.9623252670650306,-1.1273631928814603,-1.0015863384437975,2.2961281484764773,2.0631063165941437,2.0505934270754467,-1.1930558270822962,-1.0584315709199013,-0.1538462063481746,1.8214343239744104,1.8689753251151557,2.299187548512554,-1.2238134232894657,-1.031306811703512,-0.8848561425841479,2.205591160968036,2.055699797854513,-1.0871269129714363,-1.0169277665631398,2.1384331846787465,-1.1770025234550805,2.1859021292532614,2.3355445796878262,-1.1421229942236566,0.08815788325802783,-1.0465866849746057,-0.06791607893036683,1.9958268237391632,2.012735263201091e-05,2.3445083876740758,2.0885614263908865,0.14112958524231914,2.2786683791802007,0.9882231451322689,-1.1041871962937249,2.1870737389433343,2.045901531141185,1,16,train
-0.20602809644537173,0.710555340022389,-0.6202338016482172,-0.7101738361791021,-0.39657087284472686,-0.8834731231396363,-0.09442700184860219,-0.26994465374938204,-0.7266810496696803,-0.7909830412144037,-0.5548525266108267,-0.39836442879959244,0.2535796527032934,-0.5825519451170263,-0.4259515509801528,0.049195638585343364,-0.3733706341911883,-0.47273702874121654,-0.38412584466492894,-0.24994837013956422,-0.12844761239179264,-0.4376459057857533,-0.6616100516104501,-0.6499333966315792,-0.3758858739710998,0.2879776927103844,-0.6121023639611421,-0.5348332775427554,-0.5191608225214095,-0.2720673479470553,-0.37610862320296773,-0.22504626443428472,-0.31634386033042744,-0.4933333331987075,-0.6441619841275109,-0.11061498725632891,-0.2945483478465846,-0.5366462995931394,-0.3972048955990318,-0.43529900292135915,-0.7030176099265557,-0.22037446350277787,-0.5209097501339037,-0.47547190699632436,-0.5581183792902349,-0.3724891066083795,-0.5610096999139536,-0.42783974164410465,-0.5705394458502668,-0.5012533544813407,-0.5963561879660814,-0.20594400249529166,-0.454180076961606,-0.5231448325257804,-0.21611810228930592,1,16,train
1.6871454696821937,-0.5467484084413383,-0.7638853126369023,1.1376146591631104,0.7732518395708942,0.06133735446889071,0.8911966858867189,-0.2469950051201961,-0.23987201256800406,-0.14207803490839924,0.6353972911324524,-0.19509674771125513,-0.27213332063001755,-0.5019812065596829,-0.5511538183058518,-0.631874868048532,0.06392337705996998,0.37849558297005576,-0.24937067598763862,-0.26666103342988606,-0.31481932877131413,-1.2605567821664874,-0.20939392344237837,-0.05112092702697784,0.7018310207117824,0.24650718151027298,0.2713399192721045,-0.46798880657772945,-0.009617119274217361,-0.3041079074044959,-0.5116260572304011,0.0074708222313725255,-0.20264140387968335,-0.8596821906543307,-0.25110981707189506,0.31047348864727564,-1.3067853389635131,-0.33249549684607443,1.108918522774365,-0.24509255893652088,-0.2020254050047698,0.07037842873803624,-0.8843855958677983,-0.5210651035576157,0.6299264971277859,-0.4138370083991223,-0.20145467249448437,-0.3191777916602353,-0.5258665511966154,-0.05327577809510424,-0.7014707225356588,0.26239659360312345,-0.5085532960692357,-0.39232630756504655,-0.38555777520544754,1,16,train
0.011055805803922448,-0.46512390540895504,-0.5912807839295674,-0.3134675362109847,-0.09026631861890966,-0.23458847849505568,0.2641946966615146,-0.42817644166640073,-0.5805112343519446,-0.5592312532479735,-0.6677794542904548,-0.508709741390404,0.007058879897277568,-0.8922457214468155,-0.7968337390959024,0.05231981522127857,0.18595891508354903,-0.8127855655344924,-0.6771648622647507,-0.44771488574170587,0.032393731880945124,-0.8416203360090228,-0.9059894744083474,-0.8495375531664463,-0.669593335379182,0.18291906433676872,-0.8955597810413282,-0.8714429349023506,-0.9083178266497595,-0.6351936884647156,-0.4020587701443912,-0.01366709473823268,-0.37774318681382923,-0.9199674456786737,-0.8257791923532094,0.22780581239626124,-0.5209995762843762,-0.6352018595399983,-0.4974645906090952,-0.7401504268422644,-0.8927424685951609,0.20028929548393193,-0.9384157891525664,-0.4922694004662738,-0.8256960541591585,-0.6159823060427535,-0.9360627888601241,-0.7978777334810652,-0.6003213756193677,-0.7858177269027865,-0.9259044585085405,-0.591159211407408,0.08460909419581579,-0.8217523351535422,-0.6736052191628883,1,16,train
-0.1303011538002691,-0.4178676141796806,-0.058990688948237884,-0.20929267229362766,-0.3216240138320269,0.23996894818530926,0.5314030210416016,-0.06943719730491556,-0.07336552729301819,-0.0930790854526397,-0.636159914540159,-0.20477616109641403,-0.18005929705186702,-0.6329086567153661,-0.7094283826609805,0.0616923451290842,-0.012348834204766929,-0.7061036716385627,-0.6728869204019796,-0.4699984367954683,0.12940914588672345,-0.8052840115974059,-0.7529668451797574,-0.8319254217074874,-0.4635243906815759,0.13868385238998315,-1.0254777638697468,-0.9287381957295157,-0.9671113308705894,-0.5951429891429147,-0.5548763021327734,0.004451119807143211,-0.4527868080713204,-0.7970782719752052,-0.8420434199555107,0.018553256885881067,-0.24472907759027046,-0.5788843967132218,-0.5219725160559996,-0.7375448591164446,-0.8601335085114944,-0.0007632363847161478,-0.5651162719123504,-0.47067262314776737,-0.6779931776315126,-0.655033102178455,-0.6725957429062026,-0.7097734497103603,-0.6386124281796404,-0.4251816905666968,-0.7724940567042923,-0.5404729997084453,0.030235875088186065,-0.7876257634246552,-0.749853071975152,1,16,train
0.24076086516073372,-0.5582044790423745,1.0156116994554922,0.9808262276107244,0.03898985851893519,1.2493450620768791,-0.15654121760362238,0.5381245532466906,1.184965926311837,1.0233023845799354,-0.4938719856638276,-0.39255678076849704,0.20902770581063995,-0.7487290933915474,0.7103180826738318,0.09293411148843628,-0.6174417102383464,-0.6194246328481199,-0.42476629236125457,-0.16081416592451447,-0.12589457518111427,0.3916772631382073,0.037269419194751664,0.1572892952373687,-0.368780048291872,-0.24008014990436827,-0.6026537833918026,-0.4823126217845207,0.6315120458005463,0.8440121398204594,-0.15120734971063154,-0.47266186322108855,-0.093487045686969,-0.5257946243656614,0.5295731078385697,-0.46970270597167263,-0.25605163901216005,0.34800717897747546,-0.1989134988013509,-0.542127279679967,0.023272864664199006,-0.4740099652447647,-0.5602044361591896,-0.28110091112976643,-0.6266182640566793,0.4154181330707739,-0.6323007829367794,1.0288177500315494,0.012335465344994035,-0.5604202041927304,0.5599036922992713,0.4793335796746837,-0.49125272635317174,-0.5771785710965182,0.5611863972134938,1,16,train
0.12338410406082466,2.1282440769006237,0.04457202827616306,-0.5091900078132919,-0.7854255906207643,0.011837033318557856,-0.7132252267288037,-0.5827846008524954,0.35751766742622004,0.25653504039386066,-0.6474526073081217,-0.348031479196766,-1.1364410903474949,-0.10164534935288239,-0.5747768876125874,0.1710385273868165,0.10968670381881211,-0.06601230826298463,-0.4055155539787845,-0.37250790093525765,-1.2109353897194246,-0.4034470122218786,-0.4332180676871815,-0.4855535030146298,-0.5914292529076762,-0.5331384290518227,-0.10660330350147694,0.03573202819443062,-0.020815881982946857,-0.18929590268200036,-0.32420832932012095,0.9556573834393775,-0.286781221653234,-0.5420252699491384,-0.08033542724773088,0.3569740565384712,-0.41683201120299207,-0.38881295967285096,-0.4417647600479489,-0.6046609050996399,-0.5370083585915261,0.8220055863392897,-0.543013011023127,-0.35069052693384273,-0.14497844929261683,-0.4000543744688747,-0.6013046598833769,-0.3720403619226582,-0.12806506070933887,-0.442086504769951,-0.6304473883670254,0.24820445432741392,-0.8422071405933272,-0.8331278590631712,-0.41309172205432054,1,16,train
1.3577332691759973,-0.5625005055177631,0.39534897371365013,1.2386327090223657,0.8840428485461898,0.8038421717238835,0.8806489888717154,0.2808469133510801,0.7248487685290516,0.7571189024013499,0.3824409731300857,0.3643733459509304,-0.4681618869576928,-0.10919885609263333,-0.12830087771528365,-0.4631693297080307,-0.3911674834862936,0.37849558297005576,0.19125733587778682,0.7583823150431861,-0.41949385440912756,0.05823805089042932,-0.2322331218347052,-0.10395732140385443,0.58103198416491,-0.2013743394509309,0.19338912957505333,-0.1600267796317169,0.05757545697815962,0.21121109053600728,0.5840468136296983,-0.3609328735246039,0.5364245630501533,0.009816679889078837,0.019960642966460773,-0.24236659628138307,0.23761203898222563,-0.0767203531744643,0.9908348819847347,0.27341541850159995,-0.2079543068381637,-0.3379128667490644,0.014480346960616754,0.08844394520912155,0.5335985341749734,0.38785286521027873,0.36887399168812196,0.059670628553795735,-0.15784699047843978,0.45950358607027336,0.3354699563263896,0.2948357690904596,-0.540682925541926,0.22479586453232797,0.29220091645911894,1,16,train
0.23192605518547174,-0.5940046996706128,0.6280866930674114,1.0408056947146571,1.0361089392965954,0.20553394216768642,0.394282959846557,0.5973104891851175,0.8290742020599587,0.7677132698512439,-0.3832035965377922,-0.17960968629500085,-0.18005929705186702,-0.28292951110690523,-0.4188646301881321,-0.019536247405231213,-0.16235084969208285,0.14290640061654436,-0.42476629236125457,-0.1663850536879551,-0.6492672033701815,0.026176588174296824,-0.2208135226385418,-0.10395732140385443,-0.27166709734242545,-0.35619758126468043,-0.2010891091948723,-0.1075061238734822,0.14996524932517796,-0.17861571619618682,-0.2809580844177486,-0.6145878771598664,-0.3004255164273233,0.06778327125863948,0.0823068487752826,-0.539453557808466,-0.29907737241534044,-0.40054576442842943,-0.37269697015212744,0.29425996030815754,-0.06566066283670972,-0.46782373349496015,-0.06410902508995506,-0.11312597643027188,-0.11929099250520016,0.17192493363639993,-0.07437056797553403,-0.20464222275831892,0.0038263425538223447,0.08478020456480512,0.13092275392072525,0.2137378303721193,-0.6642584235138117,0.22479586453232797,-0.3474338487993157,1,16,train
0.8390037120570445,-0.5309963113649134,0.49334380291523383,0.3883974560402998,0.2497100128444974,0.9437343836704764,0.31927711440653256,0.13710964035775774,0.5875762463176127,0.48166534870410715,-0.26350105319738654,-0.06732849102715739,-0.0968956628522472,-0.3760894275638337,-0.05270705593372957,-0.4038099736252618,-0.4369308102451357,-0.4438440158110689,-0.22798096667378304,0.036952349677627165,-0.07228079375686833,-0.3094000549212233,-0.36698439234943364,-0.3534625170724383,-0.29772179149959405,0.06680163297645661,-0.41368217200501184,-0.3486236798544688,-0.2783874242837253,0.08838894594915161,0.07369392378170465,-0.21598715716159678,0.24307222540723356,-0.3194335590900256,-0.2402669986703608,-0.26303351534413666,0.03607044567259113,-0.22455369309475273,-0.25906931580738896,-0.22164244940414354,-0.40657251825685986,-0.13995345075531865,-0.20900817980819683,-0.30029804652399433,-0.2991031900171168,-0.13588722413912938,-0.30374187857071266,-0.03430727413495614,-0.428011639098141,-0.15752213234850518,-0.33499031822551023,-0.04577557352656959,-0.25398777024715113,-0.2871027114009781,-0.1822301677060776,1,16,train
0.009793690093170737,2.272876968238706,-1.5857055848047292,-1.0290120560473768,-0.852769145095944,-1.7099132675625848,-0.8784724799638575,-1.3522017680520444,-1.6227655696610164,-1.6120465185811848,-0.39675482785934757,0.6024869152258397,-1.4037527717034157,0.3314223703928389,1.2725471321741402,0.0242022254978617,-3.0861189481736644,0.24958829451247402,0.4842963534776086,-0.40871867139762164,-1.4024131805203026,0.6780929967356576,0.7795433669453744,0.896998816513641,-0.4445755222036351,-1.9929004232957463,0.028038969611611453,0.4153131311743996,0.9926721431570726,1.2818997857388144,-0.508742707570243,-2.7253598716961576,-0.5232823310707817,0.3483415734873129,0.9199145702938021,-2.518311058067123,-0.44853518318428287,1.0402426595566039,-0.40166088204392353,0.5027053783737337,0.8740702777562259,-2.506187095055561,0.5253112652893335,-0.36748802040379214,0.2852864518966123,0.7691724039471285,0.6602375483901056,1.5310121675245674,0.5888285344468761,0.5891071616285556,0.8241104954065878,0.7854782983364182,-1.8678837737599787,0.49780843836342453,0.7941659474731885,1,16,train
0.3341574277563603,-0.5682285408182812,0.26951470439798014,0.21582495419740524,0.2866403491695959,-1.215986149997307,1.4361610316618962,1.0273144319214431,0.6091839581471911,0.43134210331711087,-0.05345696771327844,-1.7128287665041737,-0.5929073382571225,0.9835417855913379,-1.1677159272116522,0.08980993485250108,0.48087813197386503,-0.32827196409047843,-0.8846450426091501,-0.14688694651591297,-0.05185649607144132,-0.17474191151346682,-0.1385924084261651,0.462566240525989,-0.2029774491098901,-0.45019740665159974,-0.1703812223445188,-0.15047756949385604,-0.07121031417222959,-1.3294058100425954,-0.050290111605096076,-0.18880983534353293,-0.7643315387463592,-0.33566420467350255,-0.13997092845616915,-0.017613851473937726,-0.23340651616838087,-1.7592045551244135,-0.24570135647271382,-0.13305314672627366,0.22485552699959213,-0.04715997450825032,0.09552563688776892,-0.09152919911176544,-0.151400313489471,0.0800407074347494,0.6385402622527239,-1.661299714433973,-0.08977400814906626,0.5045830906122846,-0.008282981049796322,0.34552198078942226,-0.08098207308651109,-0.10225044786950646,-0.870578838927903,1,16,train
0.8061887035774999,0.9010125137646164,1.012270966641802,1.3754279848734408,1.4933933979103153,0.21737097548624426,0.5302310547066013,1.189169848569386,1.2281813499709935,1.1570562736348466,-0.1505741255177585,-0.2086479264504776,0.4733692573737172,0.14510253747898208,-0.32909696682253664,0.9520826863706185,0.26223112634828594,1.065260274925103,-0.23653685039932526,0.538332248387282,1.2272151464784256,0.6823678584311419,0.5899780202890615,0.8823220402978419,0.438915470580354,1.1367408219393325,0.00914180847293238,0.9118720583431641,0.8190913211717654,-0.1812857628176402,0.708030849016499,0.9677361931362947,-0.1594344704284006,0.7772943496220617,0.686793974660816,0.8684803033416227,0.31234094436669685,-0.20108808358359584,0.44497654248550067,1.0264244912634939,0.8236746121723776,0.9488233372102831,0.26743988824839476,0.4123956049867181,0.16755227495428593,0.7875492491874586,0.41536817626822575,-0.2251998889714834,0.8419749374842339,0.36089216988462386,0.9547934302768734,0.6516666994511569,1.0905136476869657,1.1945592778282021,-0.33684386924205684,1,16,train
-0.38651064308286626,-0.5080841701628409,0.9176168702539087,1.2617826787817783,0.8742671712836637,0.9566475109270849,0.4774925696315841,0.9463867235974718,1.084553618397914,1.0219780886486987,-0.805550306059601,0.07011917904209926,-0.17114890767333632,-0.046252966594708726,0.3417982014887557,0.417848481625698,-0.3911674834862936,0.38960828025088173,0.29606691151567927,-0.7568991566126597,-0.33524362645674116,0.4964113746775734,0.33874683797346616,0.5476915425776235,-0.7430202007312026,-0.3810798879847473,-0.20581339947954208,0.31743372726132585,0.46633029584678626,0.5956978040252946,-0.7970776735860586,-0.4364254341303368,-0.7324948509401509,0.3483415734873129,0.4455412652266794,-0.37411820530643725,-0.5979929939532254,0.5075733236533423,-0.8316635739759732,0.47925526884135644,0.5479806769195605,-0.39977518424711,-0.017446585434928042,-0.6578446932414899,0.08834928319308455,0.6451286985749003,0.09920772112352007,0.5559914271287666,0.5803194116557044,0.18339162075045465,0.6962684939030476,0.48744337354651773,-0.5357399056230506,0.5376227720471262,0.4743485648439712,1,16,train
0.9639531674214638,2.7253917569796373,1.9276317575929585,1.983640826734374,2.022366156449227,1.934816900615184,0.9369033729517338,2.0817903926203543,1.6260174560097003,1.7066390850980953,0.23789450570016182,1.0554834616512772,2.513848425057246,0.9508099230524171,2.7655251123598332,2.1423939846619326,4.411439419149974,2.3343303043954338,2.8286084942761827,0.8781564019571593,4.609989450627275,2.2042186220235642,2.4650762082990965,1.9096963754037757,0.7089368463910102,4.9105573411494765,0.6563695774726906,2.444520285469831,1.1690526558195622,2.27248708229802,0.7945313388212437,3.978379510092922,1.08447040314274,2.62990660979322,1.4268163305655275,4.526524977449009,1.034720363083252,3.0770575651250223,0.7412996410707992,2.006117956171702,2.2525399540203113,4.199688121732577,1.0263185121117289,0.9547146798736575,0.6834420321015706,1.3411517120524032,0.7935208775197364,2.309266674165794,2.4480718643178907,0.8624016579144986,1.4803661031247608,0.680050978002576,4.347963774225874,2.0079092373666776,2.45891073387428,1,16,train
0.41998129608747664,-0.45509984363304834,-0.2928419859065626,-0.31241526485828414,-0.21191919121923422,0.6542651143348343,0.8853368542117169,-0.32671483720052613,-0.40637849784298996,-0.37780271066853965,-0.24317420621505348,0.08367035778132174,-0.3285657866940453,-0.6203194788157811,-0.9007752440455393,-0.0007911875896199651,-0.32506490039018826,-0.6905458954454063,-0.6899986878530641,-0.43378766633310434,0.06558321561976402,-0.5359677247818929,-0.6501904524142866,-0.4239110429082738,-0.6411700326622708,-0.013374688677092229,-0.7632796530705747,-0.36056019252679483,-0.46876639033212675,-0.8568075580453465,-0.4510757143670798,0.1795938604124435,-0.25494453384702565,-0.7437490079152094,-0.5357338001121686,0.03922017594863467,-0.5028834780093528,-0.6539743471489239,-0.5487084347253498,-0.3727653775016863,-0.5814751223419804,0.0889371239874499,-0.5405570931465467,-0.41548085888936204,-0.7464930623979571,-0.3495180500579669,-0.7407872136236882,-0.9946439672356394,-0.5556484809657164,-0.5970473016331146,-0.5111281869637212,-0.17350482700795553,0.09449513403356664,-0.43782840320356264,-0.8155109452301569,1,16,train
-0.10253460816373149,-0.40784355240377385,0.1436804350823102,-0.07144512508985212,-0.005543782343683623,-0.29162145721174354,0.17278132253148487,0.03081653091731768,-0.0021871824426425547,-0.13280796338974202,-0.6497111458617143,-0.47967150123492736,0.06646147575414886,-0.6001767941764453,-0.8511667985013944,0.04607146194940816,0.05629615593349629,-0.8972420648687701,-0.704971484372763,-0.5647035287739587,0.04771195514501538,-0.820246027531601,-0.9288286728006743,-0.9229214342454416,-0.7264399408130043,0.011507618042974654,-0.7491067822165653,-0.9048651703848636,-0.9447138054531303,-0.6485439215719825,-0.508742707570243,-0.13143548928317597,-0.557393068006005,-0.9617033914647574,-0.8528862383570449,-0.27853370464120186,-0.607051043090737,-0.6750933957089651,-0.515288536388662,-0.8704288131332495,-0.9757470942626758,-0.12758098725570952,-0.5503807646528681,-0.5114665358605017,-0.5516965150933807,-0.6389533625931662,-0.6787949675168832,-0.903602874005911,-0.7790129542339732,-0.4758961331764594,-1.031018993078118,-0.6580650108500387,-0.07356754320819794,-1.0407311704139008,-0.667251231428533,1,16,train
-0.7070880336138007,2.5292065479368917,1.8240690403685575,1.799493340011773,1.7508195658235022,1.509759795085152,0.993157757031752,1.7858607129282198,1.7772714388167485,1.7860968409723,-1.0359212385260421,0.8289851884385585,2.4217744014790954,1.0338984971896776,1.9198192311786968,-1.4660300298432325,3.2266777375043936,1.923160505004871,1.8254311274563548,-1.7067355202792838,3.708767315257808,2.007574984031285,2.053970637237213,2.0388520061028075,-1.7875765755776885,3.9373826783201937,0.8217197374361325,2.026742341938419,1.8129815115715082,1.869310042458559,-1.8206668029422042,3.996497724638298,-1.401065294870526,2.2195031428967305,1.8795039988295816,4.004685271114481,-1.5309720551169268,1.9554014304917227,-1.6270571543891428,2.1259740715594084,2.190286484769675,4.0666841391117785,1.2105123528552564,-1.6920903626055201,0.955300949768397,1.7247683564442942,1.3359530309542806,2.0038384904273503,2.0141066019681344,1.3244665794701136,1.969006642204959,0.9943054905361445,3.6460549457455627,2.215512548717407,1.6964322057516428,1,16,train
-0.23631887350341277,0.6776191370444098,-0.6335967329029786,-0.6081035149671462,-0.8038907587833136,-0.011837033318557856,-0.8140143315388365,-0.71081948267848,-0.6338949929897264,-0.6386890091221782,-0.4464426760383839,-0.4564409091105459,-0.25431254187295615,-0.46924934402076207,-0.8606160262240887,0.06481652176501941,0.09188985452370683,-0.4594017920042253,-0.7798354669712576,-0.3140135794191313,-0.41949385440912756,-0.4953565386747918,-0.47661254463260255,-0.33878574085663926,-0.4729988249205463,-0.11013921481068566,-0.28376418917659324,-0.5443824876806163,-0.5107617504898624,-0.7019448540010501,-0.26365798645679966,-0.4787012680695472,-0.343632449878606,-0.4863773422343602,-0.6035014151217576,-0.4438690571432306,-0.31266444612160793,-0.5483791043487178,-0.35487302437256063,-0.44051013837299857,-0.5666528677584955,-0.30079547625023706,-0.2114640976847772,-0.3146958980696653,-0.21775957685696404,-0.4689675441201126,-0.3161403277920737,-0.9124133023829815,-0.36206593746656035,-0.33502268148267433,-0.5906743212325907,-0.3519202921883042,-0.2712883399632151,-0.46626721297763524,-0.823982928875964,1,16,train
-0.08991345105621439,-0.5696605496434107,-1.422009676933902,-0.8680145390841886,-0.7267715270456079,-0.58754729017569,-0.03582868509858309,-1.1541100640948607,-1.413043660726874,-1.41472642482691,-0.40578898207371783,-0.4119156075388149,0.11101342264680233,-0.6681583548342038,-0.1306631846459572,0.2116528236539742,0.18341650804139112,-0.18825197835207072,-0.18520154804607183,-0.3585806815266561,0.2340836715245369,0.19503362514592795,0.24282220472569335,0.44201875382387035,-0.41852082804646656,0.4428009345241339,-0.6735181376618491,-0.07647119092543442,0.3655414314682208,-0.04244333850206422,-0.42800891708581457,0.5661157707137958,-0.4186760711360971,-0.0017766383848332903,0.2259741925956112,0.6592277478312426,-0.3715417655154337,0.0335680115279731,-0.34818904470522305,0.10405351632331927,0.2841445453335313,0.5559976210976938,-0.7222950160134939,-0.43227835235931145,-0.5324309225028182,0.18570756756664752,-0.7097910905702857,-0.06073855926616761,0.1484814300037411,-0.554785266124979,0.2616056887910108,0.2705063874749575,0.43062048851709583,0.13663555423270304,-0.1038643189823621,1,16,train
2.10490576994101,-0.6584450968014416,1.5724005017372178,1.2018032116778454,1.6802174522608138,1.4494985345543119,1.9342467240370584,1.6783597272441384,1.5141657712448242,1.455022858163114,2.4986915978463142,1.8879130127749442,-0.9552631729840373,2.3230303141071733,1.6599654688046048,-1.247337665327768,-0.8157494595266623,1.1030434456799116,1.7377333192695468,2.4045796491398863,-0.848404105803095,1.0799299961111848,1.6771238637638197,1.6983507978962693,2.374068663890057,-0.9091377305995,2.2012125005597047,1.8071105087676191,1.5022158464042648,1.6076454735561272,2.5591413308380355,-0.8622034759466704,2.187384230714958,1.8276489852385003,1.478319717972815,-0.8262070598041722,2.4319244425444264,1.8404199438870539,1.532237235039077,1.7064776677024365,1.6596497706809197,-0.8513701019828426,2.4605745520346645,2.38490126674364,1.3941283365534316,0.9942887581411723,2.643989423807867,1.81881949450887,1.1865944105266875,2.364112652970247,1.1707043661495191,0.992278042068186,-0.5802270848929294,1.8628713075189074,1.0991573587222434,1,16,train
0.15872334396187254,-0.5524764437418563,0.9732957504820812,0.6177926109290255,0.40394847631990893,0.14634877557489712,0.07785204939645393,0.698772093650992,0.9981227710796009,0.8431981379317383,-0.3877206736449773,-0.3867491327374017,-0.0879852734737165,-0.33328622270524494,-0.5582407390978724,0.033574755405667324,0.0410417136805489,-0.36383259538912166,-0.3712920190766156,-0.05218185453742259,-0.27397073340046013,-0.10206926269023316,-0.01982857678606547,0.09271147988785287,-0.3379881370152182,-0.40872689545148827,-0.4609250748517095,-0.2650680911481863,0.3095476179245733,-0.3227982337546696,-0.19734094427316204,-0.5421150189783628,-0.2799590742661893,-0.2661042950300298,0.19344573739100848,-0.5162032738628682,-0.17679370905893296,-0.5061410072286354,-0.1810895530217841,-0.22424801712996326,0.020308413747502047,-0.3688440254980872,-0.36373100603276004,-0.3242944657667793,-0.2776969760276029,-0.05548852621268516,-0.2820445924333309,-0.42196612272605766,-0.14508330629168226,-0.17724441558563508,0.025808219351147736,0.14074968552561307,-0.2910604196387168,-0.2160056869657967,-0.4893395748665843,1,16,train
0.644637892601281,-0.4235956494801987,-0.634710310507542,-0.30715390809478127,-0.09026631861890966,-0.78339638690092,-0.001841661383572026,-0.16123579182165923,-0.6631289560532734,-0.6492833765720721,-0.6022818362362705,-0.4564409091105459,0.11992381202533303,-0.5800341095371094,-0.4826469173163183,-0.2757187315519183,0.3664698150767597,-0.7950052498851709,-0.6301075017742683,-0.7931099270750237,-0.04675042165008456,-0.6171900969960953,-0.6593261317712173,-0.7438647644126931,-0.6364328155427856,0.055742829989760226,-0.6711559925195142,-0.8022111614028594,-0.5275598945529566,-0.26138716146124175,-0.8835781633908033,0.3064213622300747,-0.8552935039069545,-0.7275183623317324,-0.5303123909114015,0.22263908263057283,-0.7768894644190807,-0.6516277861978081,-0.6578801026251967,-0.6880390723258704,-0.6763375516762831,0.24049980185766154,-0.5061742428744215,-0.5618590162703501,-0.4896184945237904,-0.44599648756969995,-0.5827069860513353,-0.3955348375948462,-0.5896849721304032,-0.5519677970911033,-0.610560854799808,-0.23635572951466924,0.08213758423637807,-0.7563430726731754,-0.5507614562986857,1,16,train
0.8655081419828303,-0.5625005055177631,-0.34072582290279096,0.31579073270396,0.34094966729474085,0.7952334202194777,1.1994238319918191,-0.11171286583236331,-0.2169932588660976,-0.12353789187108481,0.30565066230793864,0.484398071926901,-0.569146299914374,-0.5347130690986037,-0.8299060361253323,-0.22573190537695495,-0.42676118207650415,-0.34382974028363483,-0.1381441875555895,-0.21373759967720027,-0.20503872871214396,-0.48039452274059663,-0.4377859073656469,-0.5207777659325475,-0.2006088405501475,0.16633085985672413,-0.2176241251912165,-0.5205094623359642,-0.2223936107400778,-0.4749908911775125,-0.38187532252328404,-0.0982187626166535,0.34540443621290323,-0.6973757348195609,-0.2727954538749635,0.16322169032515624,-0.4123029866342362,-0.5342997386420237,-0.1744055733544465,-0.3962154870340636,-0.49254159484107163,-0.05025309038315259,-0.5675721897889306,-0.35069052693384273,-0.05935359333456128,-0.10832195627863422,-0.5517108629979328,-0.6481004510708669,-0.46842997235620654,-0.23641126529702483,-0.42021831922787034,-0.08226964594982272,-0.1674849216668311,-0.5572714042546674,-0.30719192648173205,1,16,train
-0.48243143709999625,2.0609396621195355,-0.08905728427145106,0.6514652942154439,0.6570298987830842,0.28624098752148996,0.2852900906915215,0.06101343700835179,-0.019981768655236466,-0.00037837026606763033,-0.6655209157368622,-0.22607087054376365,0.9099783369217214,-0.35091107176466385,-0.5251684420684425,-0.8318221727483853,0.47579331788954926,-0.006003742946524172,-0.2835942108898076,-0.3167990233008516,1.3293366349055606,-0.38848499628768346,-0.22994920199547253,-0.07460376897225633,-0.7998668061650248,0.48427144572424535,-0.2436077217569002,-0.20538552778655594,-0.24199144548035442,-0.17060557633182666,-0.31555828033964645,0.3879533276842662,-0.5619411662640347,-0.31479623178046073,-0.12912811005463493,0.13222131173102583,-0.31719347069036374,-0.2949505216282234,-0.6133202381762796,-0.1773477980652086,-0.24945661967192112,0.4477385654761141,-0.4153052814409478,-0.5210651035576157,-0.08718167152092933,-0.11291616758871674,-0.18905622327312335,-0.26044160247976533,-0.2769747095548435,-0.14343478717912667,-0.23271671702267804,0.22184762424395332,1.130057807037969,-0.1818791152369096,-0.20129213090914352,1,16,train
-0.4647618171494723,-0.49233207308641613,0.41873410340948264,-0.11984960731407865,0.32139831276968867,-0.5326664993351035,0.5255431893665997,0.5489954394394629,0.24185285704435963,0.1572128455511049,-0.7400526880054167,-0.6751956516151375,-0.2424320227015819,-0.3534289073445808,-0.9054998579068864,0.283508886280484,0.18595891508354903,-0.7083262110947279,-0.7071104553041485,-0.4644275490320277,-0.2433342868723196,-0.5829912034322206,-0.28019543845859163,-0.3211736093976804,-0.6743305524986671,-0.25390365363773876,-0.6073780736764723,-0.48469992431898595,-0.37077721663074364,-0.7526757398086644,-0.5865931483945132,-0.14653400140432254,-0.28223312339520423,-0.2753789496491595,-0.33243095508340176,-0.19586602839018746,-0.5662898219719346,-0.8463923451404104,-0.455132719382624,-0.4900159251635729,-0.47179043842419294,-0.12139475550590498,-0.27531796247586676,-0.7130364574998952,-0.6052120500671654,-0.39775726881383344,-0.5455116383872524,-0.868361160497629,-0.5641576037568881,-0.385737124092437,-0.610560854799808,-0.1978342086234576,-0.1155832125186391,-0.5259887135031875,-0.4935755666894878,1,16,train
-0.38524852737211457,-0.5052201525125819,-0.058990688948237884,-0.0819678386168579,-0.1728164821691299,-0.48101399030866926,0.005190136626430264,0.017529892237262673,-0.0009161405703144182,-0.07983612614027226,-0.6113159904506408,-0.3886850154144335,-0.04937358616675016,-0.6807475327337887,-0.7850222044425346,0.09605828812437149,0.2698583474747596,-0.8927969859564396,-0.6536361820195096,-0.6148415186449242,0.11409092262265318,-0.7988717190541794,-0.7529668451797574,-0.7585415406284922,-0.4374696965244073,-0.024433491663788616,-0.7420203467895607,-0.9597731286775635,-0.9475134961303128,-0.7393255067013975,-0.5173927565507174,-0.06802173837436035,-0.3208919585884572,-0.8179462448682471,-0.8420434199555107,-0.1596989200303687,-0.4077739620654804,-0.6352018595399983,-0.4083448617112611,-0.8443731358750525,-0.8304889993445248,-0.04715997450825032,-0.6412497260863418,-0.6530454093929329,-0.536712165300721,-0.7492144340351468,-0.6663965182955222,-0.8889188267107936,-0.7343400595803219,-0.6477617442428771,-0.9372681919755219,-0.57493962366374,-0.06862452328932252,-0.9582586220690905,-0.6714872232514365,1,16,train
-0.9696081014501564,-0.5295643025397839,-0.8529715210019784,-0.7007033940047969,-0.8190973678583542,-0.3723285025655471,-0.6604867416537865,-0.8279834783116924,-0.930047749242182,-0.9194397465443678,-0.030871582177352832,-0.20477616109641403,0.2803108208388855,-0.20235877254956175,-0.5157192143457482,0.4397177180772444,0.17833169395707532,-0.3838354504946085,-0.3712920190766156,0.117730222247516,0.43066753674677194,-0.30085033153025464,-0.28933111781552234,-0.33878574085663926,0.06467531814102351,0.4372715330307857,-0.3144720760269467,-0.21732204045888204,-0.23639206412598968,-0.41090977226263126,0.17461116188724013,0.481564102835375,-0.26631477949210003,-0.3681254958404565,-0.2700847492745799,0.3983078946639784,-0.009219800014967193,-0.2667917902148351,-0.0006221020036699772,-0.1799533657910283,-0.4628970856741021,0.4632041448506255,-0.14269839714052687,-0.07473170564181598,-0.11286912830834599,-0.13818432979417064,-0.012378321868728996,-0.4483974078572691,-0.18975620094533363,-0.07299806133223415,-0.12760218245310054,-0.013336398039233479,0.3194025403423987,-0.27572718749134906,-0.42791769343448294,1,16,train
2.5239281859105778,-0.6727651850527369,1.7962296002544713,2.007843067846487,1.5509612751229689,1.2848561620325527,2.2694290958471677,2.0189808279510033,1.53068931558509,1.6642616152985195,3.65958041439289,1.8472594765572767,-1.3235592672966394,3.2395224651969556,1.593820874745745,-1.6034938018243818,-0.8132070524845044,1.394196114437553,0.9420361327941185,3.1510786094409275,-0.9377604081768381,2.2362800847396964,2.003724400774094,1.3196899715286536,2.4332838778836217,-1.1524313963068205,2.132710291431993,1.2078975726168506,1.071063482118179,1.2685495526315476,2.965693632920336,-0.8108685347347719,2.203302574618062,1.3963775454489693,1.453923376569363,-0.9321250200007843,3.303761672029924,1.612803531628832,3.3992955554487017,0.833612479552836,1.778227807348798,-0.8389976384832335,3.2489241904169623,3.4695394165175184,3.0124381141606813,1.5823478058317357,2.783471977548178,1.1785950324417478,2.356598794312795,2.848717326796868,1.6053671712615558,0.556376621457107,-1.1140732361314758,0.6570657730982309,1.5036945778095316,1,16,train
1.6783106597069317,1.1029257581078802,1.2494629964138169,1.4185711103341643,1.7823189703360862,0.5315904053970528,0.7845477494016841,1.3679355326283078,1.2993596948213693,1.2603513562713127,0.4818166694881583,-0.013123776070267445,0.8891874283718163,0.43968930032926923,0.13155288465880846,1.6394015462763643,0.5546079361964441,1.3964186538937182,0.34098530107477604,1.6552952449571243,1.6586784350830714,1.1098540279795752,1.0170710302255737,1.2580475114222978,1.871923649224626,1.4657402107935502,0.5311758849289417,1.3559103297536939,1.174652037173927,0.18184057770002007,1.6566528872085324,1.3572778058618764,0.4977657278569003,1.4798494370211366,1.1015317785195005,1.2508183060025642,1.4627131848306782,0.32454156946631857,1.4431175061412427,1.4902155464594011,1.22091103500977,1.3849526755715043,0.6260038982291286,1.4658384097449768,0.4715205136053831,1.0930643013079466,0.6726359976114666,0.15071172178352413,1.1674488842465511,0.6792661707125781,1.2530914337851338,0.8827958247984267,1.3129495440363599,1.6552679961681778,0.11428925989717025,1,16,train
-0.11515576527124859,-0.41213957887916247,-0.04674133529803992,-0.09249055214386366,0.05093790850646707,0.07855485747770213,-0.11083453053860752,-0.2783997874548716,-0.14454387214339384,-0.21756290298889364,-0.563886680825197,-0.44095384769429163,0.08131212471836669,-0.7562826001312983,-0.9338475410749691,0.1429209376633996,-0.032688090542030104,-0.8350109600961444,-0.7349170774121608,-0.48114021232234955,0.04515891793433701,-1.0532259899354972,-0.9082733942475801,-0.9698871181359986,-0.5843234272284484,0.17462496209674644,-0.8246954267712817,-0.7950492537994638,-1.1490912248874436,-0.9422490499318548,-0.491442609609294,0.028608739200977732,-0.420950120265112,-0.9686593824291047,-1.2622026330149623,0.08830410872267445,-0.48250286744995163,-0.7173314928290475,-0.439536766825503,-0.787050645907019,-1.0646806217635845,-0.006949468134520703,-0.5921313685547344,-0.6170507805287554,-0.7015400130199779,-0.7951565471359721,-0.6354003952421197,-1.0974322983014617,-0.8087948840030742,-0.4758961331764594,-1.1332925942809502,-0.7959315066712171,0.09202362407412892,-0.8985371215435382,-0.925646732625649,1,16,train
-0.2577748405861919,-0.5352923378403021,-0.6870484579220242,-0.5881103592658352,-0.7539261861081803,-0.3099150541586057,-0.4800039260637277,-0.6105657544562467,-0.5957637368198823,-0.6175002742223903,-0.563886680825197,-0.40223619415365597,0.27437056125319836,-0.6152838076559471,-0.7212399173143483,0.2772605330086136,0.025787271427601524,-0.3993932266877649,-0.4739626237831225,-0.2833736967202079,0.27237922968471256,-0.5188682779999556,-0.6524743722535193,-0.7233172777105744,-0.4990535190777149,0.14974265537667955,-0.5317894291217561,-0.5467697902150815,-0.7459357673731818,-0.7206351803512239,-0.38187532252328404,0.375874517987349,-0.35272864639466556,-0.3843561414239335,-0.7553008727432369,0.26655628563892425,-0.41456749891861416,-0.5718447138598748,-0.4350807803806113,-0.36234310659840746,-0.8008444901775552,0.3023621193557071,-0.42021711719410854,-0.33389303346389326,-0.3290718896024363,-0.34262673309284314,-0.5672089245246341,-0.6980262118742663,-0.48119365654296403,-0.48998347834583794,-0.5480603207314105,-0.3924692615474743,0.15381137306007178,-0.4150773553843046,-0.6037113540849799,1,16,train
0.13600526116834177,-0.40784355240377385,-0.486604489100603,0.4778405210198488,-0.0707149640938575,0.19584909672523,0.09191564541645851,-0.1998878316181829,-0.16615158397297217,-0.1473752186333462,-0.5141988326461607,-0.3596467752589567,0.03973030761855678,-0.5901054518567773,-0.8015583529572495,0.11792752457591794,-0.16489325673424074,-0.8172306444468228,-0.6429413273625817,-0.5034237633761119,0.04260588072365863,-0.9869656336554901,-0.8671628371413918,-0.8407314874369669,-0.6388014241025282,0.008742917296300556,-0.7278474759355514,-0.8022111614028594,-0.8355258690430177,-0.7606858796730246,-0.4049421198045493,0.08900278768556404,-0.48462349587752873,-0.8364955541065064,-0.8718611705597299,0.14513813614524684,-0.45532872003741665,-0.6750933957089651,-0.5397964618355664,-0.7219114527615265,-0.7682355300938887,0.22812733835805243,-0.636337890333181,-0.4538751296778179,-0.44252482374685986,-0.7377289057599404,-0.6354003952421197,-0.909476492923958,-0.7896493577229379,-0.4589913189732052,-0.8009033903717456,-0.5648023813239473,-0.1823139814234574,-0.7819380014698406,-0.6566612518712741,1,16,train
-0.6856320665310216,-0.6097567967470375,-0.871902340279557,-0.6617693539548756,-0.9494397313587019,-0.9254407867236142,-0.9042557393338659,-0.8907930429810433,-0.8626825300087908,-0.8439548784638734,-0.18219366526805436,0.10496506722867137,0.5179212042663707,-0.15703773211105604,-0.16846009553673424,0.6490375526849034,0.4529116545101282,-0.2704859382301832,0.0992815858282077,-0.09953440052666777,0.5276829507525502,-0.1939787891431463,-0.3053185566901511,-0.13037551859229274,-0.0655981526448194,0.39856572257734835,-0.12550046464015602,-0.13137914921813434,-0.11320567432996521,-0.12521478376711914,-0.15985739869110602,0.30944106465430404,-0.02753962094553742,-0.07829253899265333,-0.1887636112630732,0.406057989312511,-0.06356809484003717,-0.060294426516654474,-0.07637387156682898,-0.00016919270946882725,-0.35321240175631463,0.3673175527286549,0.021848100590357862,-0.12512418605166434,-0.06791607893036683,-0.115213273243758,-0.05267328183815227,-0.028433655216909152,-0.234429095598985,-0.0025613354853416194,-0.21283018345546068,0.04748705599952173,0.38119028932834154,0.03994360100085634,-0.014908490701387745,1,16,train
-0.11515576527124859,-0.4422117642068826,0.017846165766640238,0.13059097462865857,0.1997454401693641,0.14634877557489712,-0.19052824131863347,0.1854246901034123,0.15415096785371823,0.09629523271421467,-0.6497111458617143,-0.5319403335147855,0.1139835524396459,-0.6807475327337887,-0.6763560856315506,-0.09764066330361142,0.07917781931291736,-0.84167857846464,-0.6194126471173406,-0.40593322751590133,-0.16929620776264667,-0.7881845648154686,-0.7301276467874306,-0.9023739475433229,-0.6293269898635578,-0.08802160883729288,-0.8601276039063049,-0.8595064222300245,-0.9391144240987657,-0.6165033621145418,-0.6038932463554622,-0.0982187626166535,-0.5778595101671389,-0.7066503894386906,-0.907100330364716,-0.08478133842788692,-0.3738062777998117,-0.6539743471489239,-0.470728671939745,-0.6255054469061975,-0.9016358213452519,0.0487266176137203,-0.7198390981369136,-0.6362479159229834,-0.6330401282535334,-0.655033102178455,-0.9484612380814851,-0.8213722091532532,-0.7364673402781148,-0.7210159391236454,-0.9031769915745779,-0.6661748047218727,-0.11311170255920139,-0.7677185965828044,-0.6312453009338529,1,16,train
-0.3890348745043697,-0.4493718083325302,0.34078367109004104,0.07376832158282742,-0.14783419583156324,-0.005380469690253571,0.2923218887015238,0.23011611111814279,0.3613307930432045,0.29229103053725275,-0.620350144665011,-0.5029020933593087,0.02190952886149539,-0.6026946297563622,-0.6787183925622242,0.1397967610274644,-0.0021792060361353416,-0.6994360532700671,-0.5958839668720994,-0.6705503962793302,0.04260588072365863,-0.702687330905782,-0.7232758872697326,-0.8612789741390856,-0.5795862101089633,-0.054845199877203696,-0.8270575719136166,-0.809373069006255,-0.5555568013247804,-0.7206351803512239,-0.7422940300430536,-0.11029757231357075,-0.6551771805536448,-0.9338794276073683,-0.7607222819440039,-0.1131983521391731,-0.7157476327408769,-0.7853817604114025,-0.5799003398395918,-0.760994968648822,-0.8097378429276462,-0.05334620625805487,-0.449688131713073,-0.7130364574998952,-0.5987901858703112,-0.5907141438372996,-0.5114159030285096,-0.7567624010547362,-0.6917944456244635,-0.3772847169908099,-0.7526075231370749,-0.3681398799319722,-0.026608853978881374,-0.8729421927468728,-0.7011391660117613,1,16,train
-0.5354402969515681,-0.49949211721206377,0.523410398238447,0.03272973882750495,0.1986592538068612,-0.19262081491107783,0.4013147578565593,0.5308772957848424,0.36005975117087635,0.2631565200500444,-0.6858477627191952,-0.3964285461225606,-0.2513424120801126,-0.34587540060482985,-0.7873845113732082,0.20540447038210377,-0.014891241246924826,-0.7349966845687104,-0.5381317517246893,-0.5869870798277211,0.032393731880945124,-0.6492515597122277,-0.328157755082478,-0.33878574085663926,-0.6766991610584098,-0.176492032730864,-0.6191887993881467,-0.7043317574897856,-0.4743657716864915,-0.555092289821114,-0.5952431973749877,-0.18277043049507433,-0.3231660077174721,-0.5976731976639166,-0.42459491149644274,-0.35345128624368366,-0.7565088538596795,-0.6704002738067337,-0.4930086041642035,-0.5655773892123442,-0.5636884168417986,-0.09355671263178449,-0.28022979822902755,-0.8066224925467564,-0.49604035872064456,-0.47815596674027766,-0.22625157093720638,-0.7890673051039947,-0.6492488316686049,-0.2899431769406631,-0.7753349900710377,-0.23230083257875223,-0.006836774303379656,-0.742123667786139,-0.6820772028086954,1,16,train
-0.14670865804004135,-0.43075569360584637,-0.1881656910775982,-0.17877680306531094,0.07700638120653662,-0.19154472097302713,0.20559637991149554,0.04289529335373132,-0.1470859558880501,-0.1566452901520034,-0.661003838629677,-0.6093756405960569,0.1139835524396459,-0.7210329020124605,-0.929122927213622,0.23664623674145585,0.06392337705996998,-1.0217042744140215,-0.8055031181478843,-0.5062092072578322,-0.05440953328211969,-0.9655913251780683,-0.9516678711930011,-1.040335643971834,-0.6861735952973802,-0.054845199877203696,-1.0703585215741096,-0.9573858261430983,-1.1350927715015318,-0.8915181641242405,-0.48855925994913585,-0.08312025049550693,-0.43004631678117156,-1.035900628417795,-1.1185352891946336,0.02113662176872527,-0.5413801868437774,-0.7947680042158652,-0.606636258508942,-0.8287397295201342,-1.0409650144300089,-0.0904635967568822,-0.7075595087540117,-0.6674432609386038,-0.8085710829675473,-0.7446202227250642,-0.7965802351198127,-0.9006660645468875,-0.842831375167761,-0.7970876030382894,-1.0480645932785901,-0.8243157852226363,0.17852647265444893,-0.9326636932724252,-0.7540890637980556,1,16,train
-0.8244647947137097,2.181228403430416,0.47998087166047243,1.1470851013374155,0.6928740487456797,0.6607216779631385,0.36498380147154746,0.2518578835036873,0.6803623029975668,0.7014984732894067,-0.676813608504825,-0.14089203275436518,0.9693809327785926,-0.2753760043671543,-0.06924320444844452,-1.5597553289212889,1.3503813403918656,0.2784813074426217,-0.024778728192154795,-0.9045276823438358,1.316571448852169,0.2527442580349665,-0.08149441244534797,0.10445290086049212,-1.0556765306172256,0.7773297248716998,-0.2932127697459328,-0.0740838883909692,0.3963380289172269,0.20320095067164715,-0.9671953035353898,1.5867751901033043,-0.8234568161007462,0.06082728029429219,0.40488069622092604,1.1474837106887963,-0.7338637310159003,-0.10722564553896825,-1.1925984760122015,0.28904882485651817,0.09441968666492599,1.6602399884378072,-0.14269839714052687,-0.6626439770900469,-0.09788477851568628,0.5831068458887861,-0.10536669102893655,0.11840681773426566,0.05275379860305957,-0.05327577809510424,0.48888035813063785,0.5117727551620198,1.9728427032062297,0.29020512701269485,0.25407699005298706,1,16,train
-0.38146218023985945,-0.5667965319931517,0.5300918638658277,0.45363827990773553,0.4050346626824118,0.7209829384939785,0.32044908074153294,0.5272536670539184,0.5786789532113158,0.5041783795351318,-0.5164573711997532,-0.2221991051897001,0.004088750104434003,-0.3760894275638337,-0.23224238266492048,0.45221442462098527,-0.4521852524980831,-0.4238411607055821,-0.3734309900080011,-0.6426959574621273,-0.06717471933551158,-0.3200872091599341,-0.3532808733140375,-0.1538583605375712,-0.6009036871466467,-0.176492032730864,-0.45147649428237,-0.3199760494408862,-0.16080041584206559,-0.09851431755258529,-0.6644435892187834,-0.20390834746467953,-0.6119702471023621,-0.45391605106740623,-0.25653122627266217,-0.21136621768725267,-0.5844059202469578,-0.060294426516654474,-0.5197445228335538,-0.44051013837299857,-0.21684765958825458,-0.12139475550590498,-0.26303837309296496,-0.5642586581946286,-0.2455876550433321,-0.2668222464764814,-0.08676901719689505,-0.09304346331542607,-0.3195203235107019,-0.11244262780649397,-0.45715045299555973,-0.03361088271881855,-0.2020860610989591,-0.4804866178646715,-0.34955184471076745,1,16,train
0.8743429519580923,-0.5052201525125819,0.6804248404818936,1.434355180624673,1.3978089980100603,0.6639499597772907,1.1173861885417926,1.1142815214636212,0.9599915149097568,0.8935213833187345,0.33049458639745677,0.3643733459509304,-0.35529695482963736,0.8425429931159867,-0.02908398662699392,-0.21635937546914932,-0.355573784896083,0.9585783810291734,0.3388463301433905,0.5244050289786805,-0.47821371025473025,0.3019051675330363,0.3022041205457432,0.6915239494924542,0.4957620760141764,-0.317491770811243,0.8429790437171465,0.8927736380674424,0.34594359672794417,0.2459216966149013,0.5321465197468516,-0.4605830535241713,0.17939884979481685,0.43876945602382755,0.2449491247982961,-0.2578667855784483,0.1900572810102894,0.35973998373305394,0.5831121222771435,0.7841066927622616,0.6013407934201058,-0.3904958366224031,0.4074272072134758,0.4939834304121869,0.8504105012197789,0.5325705214778783,0.8369154497945,0.1742061974557121,0.8802659900445066,0.7722426488304762,0.6167223596341781,0.5219099975018123,-0.6197712442439329,0.9187028230196984,0.26254897369879415,1,16,train
-0.49505259420751335,-0.5224042584141363,0.48888949249698005,-0.05566105479934348,-0.04247411866878215,-0.02582625451321714,-0.23740689471864873,0.10932848675400636,0.23931077329970338,0.1784015804508928,-0.656486761522492,-0.38094148470630634,0.25654978249613697,-0.8242641607890568,-0.7023414618689598,0.2553912965570671,0.08934744748154894,-0.8727941308509529,-0.476101594714508,-0.5424199777201962,-0.1207885007597575,-0.7967342882064372,-0.7849417229290151,-0.8436668426801267,-0.5819548186687058,0.0861545382031753,-0.6593452668078398,-0.69716984988639,-0.7655336021134584,-0.4402802850986185,-0.5000926585897685,-0.10727786988934143,-0.4618830045873799,-0.8364955541065064,-0.7905400325482231,-0.1338652712019267,-0.7451862924377899,-0.6234690547844199,-0.394976902376586,-0.612477608277099,-0.8038089410942523,-0.12448787138080725,-0.6780884942350472,-0.47307226507204586,-0.5752433504818459,-0.5516633477015981,-0.8461740320052568,-0.571743405136256,-0.7151945333001856,-0.5012533544813407,-0.7838577901712737,-0.4492378186503125,-0.1155832125186391,-0.8189084541761349,-0.5825313949704622,1,16,train
-0.34486082462805984,-0.45939587010843697,0.16595198717357923,0.10533646216384472,0.18779739018183222,0.16571846645980998,-0.49406752208373234,0.04772679832829678,0.30540495066076645,0.19164453976326024,-0.58421352780753,-0.48741503194305447,0.3783251040027231,-0.7890144626702191,-0.6976168480076127,0.12105170121185316,-0.2055717694087671,-0.6794331981645804,-0.4461560016751102,-0.6287687380535257,-0.1667431705519683,-0.6962750383625554,-0.9333965124791396,-0.870085039868565,-0.6506444669012412,0.07786043596315301,-0.8081604107749375,-0.8284714892819768,-0.6815428817979872,-0.7233052269726772,-0.6529101905781508,-0.10123846504088281,-0.6369847875215258,-0.7715729717725985,-0.7525901681428533,-0.035697405653847124,-0.6296961659345162,-0.668053712855618,-0.5954962923967128,-0.5759996601156231,-0.9787115451793728,-0.07499801738237082,-0.7296627696432351,-0.6026529289830845,-0.5966495644713599,-0.5815257212171345,-0.824476745867875,-0.7714464483498537,-0.6854126035310847,-0.7745478507672837,-0.8151080572054723,-0.4492378186503125,-0.12299774239695224,-0.6767144053057722,-0.5973573663506246,1,16,train
-0.20729021215612345,-0.36488328764988803,-0.1425090092904967,-0.1987699587666219,-0.6333594998703586,-0.067793918097195,-0.02059312274357813,-0.4354236991282489,-0.19792763078117556,-0.2652375565134164,-0.6587453000760846,-0.4080438421847513,0.09913290347542808,-0.7235507375923775,-0.9432967687976634,0.27413635637267836,-0.14709640743913546,-0.9394703145359089,-0.7391950192749319,-0.3892205642255795,0.19068203894300448,-0.8116963041406324,-0.9585196307106991,-0.993369960081277,-0.5535315159517946,0.13315445089663497,-0.8223332816289468,-0.7473032031101594,-0.8915196825866653,-0.7446655999443043,-0.5692930504335643,-0.05896263110167241,-0.5915038049412282,-0.9037368000951967,-0.9694465361735379,-0.04861423006806812,-0.3851288392217012,-0.7642627118513613,-0.5242005092784454,-0.7922617813586584,-0.9164580759287366,0.01470234298979524,-0.6780884942350472,-0.6530454093929329,-0.7229462270094917,-0.6412504682482074,-0.6756953552115429,-0.8624875415795821,-0.7258309367891502,-0.6139521158363688,-1.0395417931783542,-0.5891317629394495,-0.051323953573258516,-0.9781657889109413,-0.7286731128606343,1,16,train
0.6433757768905294,-0.47944399366025037,0.6202916498354673,0.43995875232262804,0.4810677080576147,0.8264401444229484,0.3626398688015467,0.7277611234983848,0.719764601039739,0.575690359821916,-0.22736443633990555,-0.08281555244341166,0.07240173533983599,-0.25523331972781843,-0.17318470939808137,-0.23198025864882538,-0.4903213581304516,-0.2882662538795048,-0.21086919922269856,0.13722832941955815,-0.25865251013638985,-0.29443803898702814,-0.04951953469609038,0.054551861726775334,-0.24087518606577168,-0.317491770811243,-0.30974778574227696,-0.2483569734069298,-0.18319794125952457,0.056348386491711,0.2611116516919848,-0.3609328735246039,0.16575455502072756,-0.19654438538655702,-0.12912811005463493,-0.26303351534413666,0.03380593338821321,0.024181767723510342,-0.19222951913401334,-0.09657519856479782,-0.116056328420558,-0.3162610556247485,-0.1083155468684017,-0.0363374348533601,-0.19635336286745014,0.020315960403676545,0.03411586271137478,0.08022829476696021,-0.14721058698947517,-0.11244262780649397,-0.20714831672196998,0.09411837076256739,-0.1526558619102048,-0.06812387614061939,-0.25847802051834134,1,16,train
-0.42058776727316244,-0.5281322937146544,0.07686577880850314,-0.04092925586153541,-0.24341859573181826,-0.17970768765446926,0.15988969284648066,-0.21438234654187927,0.16177721908768705,0.08172797747061049,-0.6067989133434556,-0.36932618864411565,-0.06719436492381155,-0.6857832038936227,-0.8984129371148657,0.283508886280484,0.05121134184918049,-0.8572363546577965,-0.7113883971669197,-0.6204124064083648,0.004310322563482974,-0.8736817987251552,-0.734695486465896,-0.9816285391086378,-0.6009036871466467,0.11380154566991628,-0.7727282336399143,-0.9526112210741678,-1.0035073096739602,-0.6538840148148892,-0.7365273307227374,-0.12237638201048802,-0.48462349587752873,-0.959384727809975,-0.9287859671677846,0.02630335153441367,-0.5617607974031786,-0.592963762419916,-0.379380949819465,-0.909512329020545,-0.9787115451793728,-0.016228815759227536,-0.5577485182826092,-0.4610740554506534,-0.4917591159227418,-0.7606999623103531,-0.7903810105091322,-0.7655728294318067,-0.7619947086516299,-0.6533966823106286,-1.0878376604130249,-0.6235983868947441,-0.06120999341100938,-1.1146720758264896,-0.7159651373919237,1,16,train
0.13348102974683834,-0.6555810791511826,-0.533374748492268,-0.6943897658885935,-0.34986485925710226,-1.9563387793761984,1.6928216590269798,-0.29289430237856795,-0.3911259953750523,-0.47844920144253217,-0.30641328571564513,-2.965344858543738,-0.8720995387844175,-0.809157147309555,-0.23460468959559405,0.2522671199211319,0.9715626911103392,0.03844704617677987,-0.20017434456577074,0.04252323744106778,0.22131848547114502,0.22709508786206045,0.07609605646170732,0.25709137350480227,-0.2337693603865439,0.37368341585728143,-1.2357086815375515,0.028570120591034986,0.3767401941769503,-0.4349401918557117,0.013143580918383366,0.4755246979869164,-0.6574512296826598,0.10720055338994071,0.3479558996128713,0.3853910702497574,-0.07489065626192676,-0.4521701053529746,-0.31699713959098114,0.17179827719463153,0.18928211599922865,0.44155233372630953,-1.0587557651050046,-0.10112776680887942,-1.5684916795952903,0.2821860050783806,-0.9050666658067216,-0.530628072709927,-0.07701032396230872,-0.7520080984962781,0.20762795482284938,0.5928706938803601,0.43309199847653357,0.21342034062269896,0.3176168673965402,1,16,train
-0.4092287258763971,-0.513812205463359,0.062389269949178275,0.012736583126193992,0.3583286490947872,-0.10330501805286856,0.5958611694666227,0.2494421310164046,0.04484136683349849,-0.026864288890802508,-0.7671551506485275,-0.48741503194305447,-0.22758137373736406,-0.4037856189429205,-0.7141529965223277,0.31162647600390087,-0.16997807081855654,-0.7127712900070583,-0.6835817750589074,-0.5340636460750353,-0.22546302639757096,-0.7411610861651409,-0.6182155746650291,-0.9053093027864827,-0.6648561182596968,-0.06313930211722599,-0.48927081655972815,-0.6756841270762031,-0.8887199919094829,-0.6512139681934358,-0.5145094068905592,-0.1767310256466157,-0.3709210394267846,-0.5953545340091342,-0.877282579760497,-0.06411441936513332,-0.5164705517156204,-0.4967547634241727,-0.562076394060025,-0.5447328474057866,-0.9727826433459789,-0.12139475550590498,-0.6142346294439577,-0.5642586581946286,-0.5495558936944293,-0.4965328119806078,-0.5362128014712315,-0.6745317362020783,-0.6662670772509484,-0.5237931067523464,-0.8009033903717456,-0.57493962366374,-0.1526558619102048,-0.6596511194413286,-0.63971728457966,1,16,train
-0.1050588395852349,-0.6856532644789026,0.41873410340948264,-0.03461562774533195,0.7406662486958072,-1.1169855076966413,1.9401065557120603,0.8847850351717621,0.29396557380981325,0.21415757059428486,-0.8168429988275637,-2.0806464751402127,-1.07406836469778,1.0137558125503416,-1.2291359074091648,0.13354840775559398,0.5927440418288126,-0.37272275321378245,-1.3338289382001178,-0.3195844671825719,-0.4501303009372681,-0.33718665594187147,0.15374933099561863,0.07509934842889401,-0.5914292529076762,-0.4889032171050371,0.5524351912099558,0.3651797779506301,0.23675566031783157,-0.9822997492536555,-0.35015847626154434,-0.3397949565549987,-0.3959355798459483,0.10024456242559343,0.13109953158218665,-0.3327843671809301,-0.3738062777998117,-1.505775972403919,-0.32145312603587284,0.132714761307336,0.07663298116474425,-0.2574918540016052,0.4000594535837347,-0.4562747716020964,-0.6737119348336098,-0.08535089972822159,0.18599686567304713,-1.1268003928916968,-0.40886611281800467,0.18339162075045465,-0.1787389830545166,0.48744337354651773,-0.06120999341100938,0.1195722683682595,-0.5147555258040055,1,16,train
-0.13913596377553109,-0.5066521613377114,0.8029183769838732,0.13900914545026316,0.6765812533081362,-0.1980012846013314,0.934559440281733,1.1698438286711241,0.7223066847843953,0.5664202883032587,-0.6790721470584176,-0.4816073839119591,-0.4117294208936651,0.45479631380877117,-0.7921091252345553,0.008581342318185659,-0.004721613078293239,-0.5238554362330162,-0.5958839668720994,-0.4505003296234262,-0.266311621768425,-0.5594794641070567,0.13776189212098983,0.14261251902156966,-0.7998668061650248,-0.45849150889162205,-0.02156607837742111,0.042893935797826264,-0.060011551463500096,-0.5924729425214614,-0.6038932463554622,-0.400189005039585,-0.39366153071693344,-0.0481499114804818,-0.02883203984044327,-0.5084531792143356,-0.554967260550045,-0.7079452490245848,-0.517516529611108,0.0258864845487282,0.041059570164380756,-0.3410059826239667,0.2551602988654929,-0.6890400382571102,-0.38472804597517235,-0.40464858577895724,0.36887399168812196,-0.7538255915957127,-0.5471393581745446,0.23410606336021728,-0.5878333878658453,0.10831051003827694,-0.22927267065277396,0.07975793468455793,-0.5846493908819139,1,16,train
-0.012924392700360048,0.8437321607594352,1.0701770020791015,0.6367334952776358,0.6038067670204421,0.8156792050424413,0.1376223324814734,0.7132666085746884,1.1188717489507738,0.9610604758118085,-0.5345256796284937,-0.2221991051897001,0.33377315711006966,-0.29551868900649014,0.1906105579256476,0.08043740494469545,0.8724088164661813,-0.19936467563289673,-0.09322579799649272,-0.4226458908062231,0.5251299135418719,-0.09993183184249099,0.1743046095487128,0.21893175534372472,-0.4706302163608037,0.810506133831789,-0.6097402188188072,-0.15525217456278648,0.427134626366233,0.23524151012908776,-0.48279256062881953,0.9979332173785878,-0.39366153071693344,0.0701019349134219,0.2801882846032824,0.8478133842788691,-0.4960899411562191,0.05703362103912999,-0.35041703792766893,0.023280916822908497,0.08256188299813816,0.8993334832118467,-0.3195244842543134,-0.429878710435033,-0.46393103773637373,0.0295043830238416,-0.23865002015856737,0.25643686230837,-0.1408287448960964,-0.14343478717912667,-0.11339751561937383,0.22184762424395332,0.4528640781520353,0.09397733957159421,-0.14622423721139752,1,16,train
-0.28175503909047434,-0.7243175027573999,-1.209316354462283,-0.9532485186529353,-0.25753901844435595,-1.095463628935627,0.8279105037966983,-0.29531005486585066,-1.2617896779198257,-1.3034855666030236,-0.5932476820219003,-1.083666896468844,-0.30183461855845317,-0.481838521920347,0.11265442921341996,0.374110008722605,0.6105408911239179,-0.43939893689873855,-0.43760011794956793,-0.14131605875247236,0.13706825751875856,0.23350738040528696,-0.47432862479336985,-0.4327171086377532,-0.356937005493159,0.1027427426832199,-0.6569831216655049,-0.27939190635497757,0.47192967720115103,0.49156598578861266,-0.11372380412857552,0.6597265458649046,-0.2185597477827875,-0.4214547599004523,0.3316916720105699,0.6824780317768403,-0.1654711476370434,-0.5413394214953707,-0.21228145813602603,-0.2867816425496361,-0.5547950640917078,0.7539570370914396,-1.355921828171229,-0.3770865881009061,-1.1275236714113042,0.3396136464544122,-1.4103034715771825,0.42970862039075625,-0.44290260398269143,-1.1718109845437576,0.4036523571282777,0.3293023930457542,0.6258697753126753,-0.30416599726542165,0.24984099823008354,1,16,train
2.3623773749343586,-0.6240768849983329,1.7205063231441566,1.5774640845919514,1.051315548371636,1.9714040945089084,0.7986113454216887,1.3232441116135774,1.4976422269045586,1.4536985622318772,0.8522169922773382,0.842536367177781,-0.3285657866940453,0.6587409957820469,2.5623667163219066,-1.2535860185996384,-1.0013451736041887,0.9474656837483474,1.3142170748552058,2.658055042376434,-0.5599109009964383,1.699784941956413,1.4053374028951302,1.3314313925012928,1.424256631433275,-0.5829030424919565,0.46267367580123014,0.9882657394460509,1.4686195582780763,2.0188326532599485,2.7984593526311623,-0.7081986523109751,3.4085486129959497,1.1459618707324672,1.4512126719689795,-0.8856244521095887,3.004846050492039,1.885004601958252,2.39001462568073,1.0811414135057078,1.3780269335947086,-0.7616697416106765,0.8986107825295496,2.0873456681331066,0.6449108469204456,1.348043029017527,0.8586127359318818,2.2769617701165354,1.2993402875097124,0.8652191269483743,1.5797987709608476,1.0368819083632732,-0.7606473119318826,1.0665846338448757,1.942119731480048,1,16,train
-0.9632975228963979,-0.5152442142884887,-0.5133303516101259,-0.5965285300874398,-0.9407502404586787,0.40783960252122065,-0.6100921892487701,-0.7615502849114173,-0.4889962195443188,-0.5195023753108712,-0.14831558696416597,-0.572593869732453,0.23575887394623202,-0.29803652458640717,-0.6858053133542449,0.44909024798505004,-0.16489325673424074,-0.22159007019454874,-0.9423972577565602,-0.10231984440838808,0.3591824948477774,-0.36497325696251964,-0.5040195827033948,-0.5501313183641456,-0.022963198569452635,0.33497760540384414,-0.2648670280379142,-0.37727131026805133,-0.3091840217327314,-0.6271835486003554,-0.2059909932536365,0.14637713374592104,-0.8484713565199099,-0.34262019563784984,-0.4733875943033468,0.054720365245699856,-0.095271266821328,-0.8628182717982202,0.003833884441221729,-0.4300878674697198,-0.5962973769254651,0.3704106686035572,-0.36373100603276004,-0.026738867156246127,-0.2584313834370404,-0.21398881641053236,-0.44632404461636427,-0.8301826375303236,-0.2833565516482222,-0.413911814431194,-0.3719224519931996,-0.1613401362002045,0.24278573159982952,-0.4321406412487481,-0.9023487775996795,1,16,train
-1.6170734610657838,0.807931940131197,-0.9687835918765773,-1.2152640854753787,-1.386086649084867,-1.0567242471658014,-1.8500325716791741,-1.6650417151551578,-1.2452661335795598,-1.3193771177778644,1.4507297089793665,0.9006128474887345,-1.1602021286902433,1.5299121064333234,0.1693497955495855,-0.9817826512732752,-0.6098144891118727,0.7696625272551313,0.5826890163213444,0.9561488306453277,-0.8509571430137733,0.41946386415885545,0.49405338704128876,0.943964500404198,1.1187061272264798,-0.9091377305995,1.3272187978957977,0.9882657394460509,0.5699188509025341,0.4969060790315194,1.0540328082354777,-0.7323562717048097,0.8502433428542071,0.5083293656673002,0.49433394803358344,-0.500703084565803,0.658811323876518,0.72111037020487,1.0866385905499063,0.8466403181819345,0.8266390630890745,-0.7245523511118492,0.7537116278113078,1.2738670558026972,1.154378739870876,0.6497229098849828,1.3235545817329195,0.5383705703746257,0.8015566042261684,1.2371250394199669,0.8468379623405504,0.6435569055793228,-0.8990518696603946,0.9414538708389565,0.4934105280470371,1,16,train
-0.09117556676696609,-0.4522358259827893,0.2917862564892492,0.050618351823414745,0.2605718764695264,-0.11083767561922356,0.1704373898614841,0.36902187913689966,0.28761036444817256,0.1664829170697621,-0.6881063012727878,-0.4486973784024188,-0.04343332658106303,-0.6001767941764453,-0.8629783331547622,0.07106487503688982,0.08426263339723314,-0.6905458954454063,-0.651497211088124,-0.5563471971287978,-0.2535464357150331,-0.7240616393832036,-0.698152769038173,-0.6587394623610586,-0.6411700326622708,-0.22349194542432368,-0.675880282804184,-0.7114936650931812,-0.695541335183899,-0.8568075580453465,-0.5635263511132479,-0.06198233352590172,-0.382291285071859,-0.6741890982717367,-0.6604262117298123,-0.1493654604989919,-0.5119415271468645,-0.7267177366335102,-0.5353404753906748,-0.5916330664705414,-0.7326621190935252,-0.03169439513373892,-0.6117787115673773,-0.4946690423905523,-0.6201963998598251,-0.5240980798411029,-0.6354003952421197,-1.0563169658751328,-0.6811580421354988,-0.40264193829569117,-0.7526075231370749,-0.47559464873377305,-0.006836774303379656,-0.6283684286898488,-0.7816230106469286,1,16,train
-0.3915591059258731,-0.5453163996162087,1.2650530828777051,1.5185368888407191,1.2196744345595851,1.0900831592453735,0.7974393790866883,1.3401543790245565,1.389603667756667,1.3093503057270721,-0.7490868422197869,0.3430786365035808,-0.23946189290873832,0.5202600388866128,0.86150572623694,0.24914294328519668,-0.6250689313648201,0.9452431442921821,0.7409728652438758,-0.8098225903653455,-0.5088501567828708,1.120541182218286,0.9919479119940141,1.269788932394937,-0.9325088855106104,-0.6630793641455053,0.38708503124651383,0.9285831760844205,1.0374671939919906,0.9508140046785948,-0.8720447647501707,-0.6840410329171406,-0.7552353422302996,0.9511941237307435,0.9849714807030074,-0.5859541256996615,-0.7791539767034587,1.000351123387637,-0.925239289318699,1.0498746007958712,1.1971954276761942,-0.6379451066145854,0.6677545021309949,-0.9889952787919218,0.5143329415844109,1.1298179917886069,0.8462142867105208,1.031754559490573,1.1674488842465511,0.8821239411516285,1.3326375680540032,0.8098076799519204,-0.6889735231081889,1.1519010631670934,0.8513518370823864,1,16,train
0.02367696291143955,-0.4422117642068826,-0.555646300583537,-0.4439491839458562,-0.5399474726951093,-0.5358947811492557,-0.01942115640857775,-0.37019838197161525,-0.63135290924507,-0.6214731620161005,-0.6000232976826779,-0.43901796501725987,0.04864069699708747,-0.7713896136108002,-0.5842261153352816,0.07731322830876024,0.2012133573364964,-0.7238839872878844,-0.4974913040283636,-0.3892205642255795,0.12430307146536669,-0.7390236553173988,-0.8922859553729513,-0.8201840007348482,-0.6648561182596968,-0.0493157983838555,-0.8105225559172724,-0.7950492537994638,-0.8019295809168293,-0.5791227094141945,-0.5231594558710337,0.27018493313932296,-0.518734232812752,-0.7066503894386906,-0.8230684877528258,0.07797064919129765,-0.5119415271468645,-0.39115952062396664,-0.5643043872824708,-0.638533285535296,-1.0142849561797362,0.22194110660824787,-0.6044109579376362,-0.5930543612859706,-0.5945089430724084,-0.6136852003877122,-0.6694961306008624,-0.6157955470216084,-0.6811580421354988,-0.6083171777686174,-0.812267123838727,-0.4837044426056071,0.05000795476368778,-0.719372619966881,-0.6185373254651423,1,16,train
0.0426086985727152,-0.40211551710325577,-0.135827543663116,-0.038824713156134255,0.011835199456362744,0.13558783619439,0.15871772651148028,-0.22887686146557565,-0.009813433676611373,-0.004351258059777862,-0.5525939880572343,-0.34996736187379784,0.030819918240026084,-0.9048348993464004,-0.9551083034510313,-0.02578460067710163,0.05375374889133839,-0.961695709097561,-0.6771648622647507,-0.5034237633761119,-0.09015205423161698,-0.9698661868735527,-0.8603110776236937,-1.0021760258107564,-0.7951295890455397,0.14697795463000546,-0.980597006165384,-1.0695890452629633,-1.2274825638485503,-0.7713660661588382,-0.5692930504335643,0.037667846473665674,-0.3754691376848144,-0.9222861093334562,-1.1239566983954008,0.07538728430845346,-0.5119415271468645,-0.8628182717982202,-0.39052091593169425,-0.9251457353754633,-1.0765384254303723,0.09203023986235219,-0.7738692914216817,-0.5354629551032867,-0.6993993916210265,-0.8089391810662196,-0.8027794597304933,-0.8712979699566525,-0.9023952347059627,-0.771730381733408,-1.215679661916565,-0.8466177183701799,-0.04143791373550766,-1.0179801225946428,-0.7434990842407967,1,16,train
-1.1576633423521612,-0.8173980763908194,-1.9197788661737645,-1.748765661294571,-1.8292506849860493,-1.6055321555716655,-1.5558690215940782,-2.076927514236863,-1.9646758333172851,-2.0636314311329147,0.6534655995611929,1.2045464277827245,1.061454956356743,1.6205541873103348,1.6009077955377657,0.8895991536519144,0.9385113995622866,1.7231319539500027,1.6265068308374977,1.095421024731343,1.1378588441046824,1.6271122931331794,1.697679142316914,1.8744721124858579,0.9386918766860423,1.2417994503129484,1.442963909870207,1.6352247262861237,1.5610093506250946,1.5756049140986867,1.1462999973605388,1.239509411316933,0.9593977010469213,1.7975063577263288,1.4864518317739657,1.1552338053373288,1.0256623139457404,1.79348872486474,0.9952908684296263,1.868022866703258,1.855303531182919,1.2086450707020744,1.659945324269464,0.9643132475707715,1.4497844929261678,1.4835722626649614,2.002369676602435,1.724841591820118,1.720541865672711,1.8541507578387453,1.7928687734667481,0.9517290727090159,1.1325293169974069,2.0619429759374155,1.4952225941637245,1,16,train
-0.024283434097125443,0.6718911017438917,0.5668399248164216,0.38524064198219804,0.13022951296917862,0.33681740260987353,0.22434784127150165,0.4584047211663606,0.6079129162748629,0.4551794300793723,-0.5909891434683078,-0.21639145715860475,0.1555653695394558,-0.42392830358225636,-0.3928792539507229,0.20852864701803897,0.20884057846297008,-0.566083685900155,-0.43760011794956793,-0.5479908654836368,-0.026326123964657548,-0.5124559854567291,-0.42636630816948345,-0.4297817533945934,-0.45404995644260554,0.38197751809730374,-0.48690867141739325,-0.5873539333009902,-0.39037505137102024,-0.2480369283539748,-0.48567591028897766,0.5208202343503561,-0.4618830045873799,-0.6115851795926112,-0.4462805482995112,0.5171426792748116,-0.47570933059681786,-0.3184161311393803,-0.515288536388662,-0.36234310659840746,-0.4540037329240112,0.4601110289757232,-0.42267303507068893,-0.4442765619807039,-0.5345715439017695,-0.35870647267813194,-0.33783761392945544,-0.2927465065290238,-0.2939929551371869,-0.3970070002279398,-0.5026053868634852,-0.11065392450124181,0.08955211411469122,-0.4918621417743005,-0.3876757711168993,0,16,train
1.1343387883729448,-0.44507578185714164,0.43098345705968055,-0.09669963755466596,0.23450340376945683,-0.08178313929185428,0.34857627278154213,0.5187985333484288,0.29777869942679763,0.20091461128191743,-0.16638389539290643,-0.4351461996631963,-0.14144760974490067,-0.39371427662325253,-0.6739937787008771,-0.3288297343628168,-0.04285771871066169,-0.775002394779684,-0.6493582401567384,0.025810574150745946,-0.021220049543300794,-0.7903219956632107,-0.3852557510632951,-0.4239110429082738,-0.2550868374242273,-0.1875508357175604,-0.4680115102787142,-0.5061856471291729,-0.328781856473008,-0.5924729425214614,0.08522732242233727,-0.22806596685851405,-0.2640407303630852,-0.37971881411436864,-0.33785236428416887,-0.31986754276670903,0.07230264222263778,-0.5648050310065277,-0.5375684686131206,-0.3831876484049651,-0.5251505549247382,-0.0038563522596184257,-0.22128776919109866,0.05964824211777963,-0.45322793074161677,-0.6481417852133312,-0.20145467249448437,-0.6481004510708669,-0.6811580421354988,-0.24486367239865192,-0.7355619229366029,-0.15120289386041194,0.010463795412684346,-0.5316764754580021,-0.6524252600483706,0,16,train
1.5192840801522163,0.7850197989291245,-0.8229049256787652,-0.35766293302440894,0.1856250174568264,-0.7887768565911735,0.3520921717865433,-0.13103888573062514,-0.5360247688204599,-0.5327453346232387,-0.057974044820463554,-0.6945544783854554,0.37535497420987957,-0.5775162739571924,-0.24169161038761475,1.245755290148528,-0.45472765954024097,-0.47051448928505135,-0.670747949470594,-0.6900485034513724,0.2238715226818234,-0.24741456033670048,-0.6501904524142866,-0.5413252526346662,-0.24087518606577168,0.0032135158029523597,-0.5247029936947514,-0.34146177225107316,-0.16080041584206559,-0.2159963688965342,-0.932595107613492,-0.2975191226157883,-1.2964590349358416,-0.6695517709621718,-0.18605290666268964,-0.42061877319763286,-1.198088749313373,-0.4685960320107844,-0.8784514316473361,-0.43790457064717886,-0.5785106714252835,-0.15541903012983002,-0.6707207406053062,-0.3554898107823997,-0.48105600892798484,-0.13818432979417064,-0.47732016766976676,-0.35735631462754075,-0.44290260398269143,-0.30966546017779306,-0.3491949850592369,0.124530097781945,-0.20950059097727225,-0.5686469281642964,-0.27330399189850374,0,16,train
0.7519177280151764,-0.4235956494801987,-0.20709651035517687,0.6598834650370485,-0.3357444365445646,0.3798611601319021,-0.27373785110366056,-0.5078962737467307,0.010523236280638809,0.05524205884587561,-0.7581209964341572,-0.4854791492660227,0.16744588871083008,-0.6782296971538718,-0.7684860559278196,-0.1601241960223156,-0.022518462373398516,-0.9661407880098913,-0.6579141238822807,-0.14967239039763325,0.07579536446247753,-0.6578012831031964,-0.6844492500027769,-0.7644122511148118,-0.7430202007312026,0.16356615911005004,-0.6664317022348445,-0.7616270183169508,-0.740336386018817,-0.5043614040134997,-0.2867247837380649,-0.0982187626166535,-0.07302060352583506,-0.7275183623317324,-0.7200617129382506,0.031470081300102065,-0.579876895678202,-0.7924214432647495,-0.011762068115899242,-0.7036724786807885,-0.9223869777621305,-0.0007632363847161478,-0.5749399434186718,-0.7106368155756166,-0.6244776426577279,-0.3380325217827606,-0.7190899274863064,-0.7038998307923133,-0.7896493577229379,-0.5576027351588547,-0.6304473883670254,-0.26474000806608833,-0.15759888182908025,-0.8473472639502075,-0.4025017424970617,0,16,train
0.4389130317487523,2.367389550697255,1.3396627823834564,1.0765829207064768,0.5744797352328639,1.434433219421602,-0.3721830232436926,1.0261065556778017,1.354014495331479,1.2775672033773902,-0.5051646784317905,-0.679067416969201,-0.5245943530217205,-0.8393711742685588,1.213489458907301,0.8739782704722384,2.8681983445601302,0.18068957137135278,0.3388463301433905,0.20407898258084545,1.2680637418492795,0.7764148157317973,0.7886790463023051,0.9879948290515951,-0.05612371840584901,2.2896210333024314,-0.6097402188188072,0.274462281640952,1.1298569863390089,1.2551993195242805,0.18902791018803092,2.8912866373703685,0.14528811285959362,0.23936438171253896,1.1015317785195005,2.8163374250061493,0.15608959674462067,0.9956580014854057,0.028341809888126113,0.30989336666307576,0.9541104525070437,2.863462063774793,-0.9801663930544326,0.08604430328484305,-0.7486336837969084,0.730121607811427,-0.9205647273334228,1.4370342648358154,0.6654106395674213,-0.7914526649705379,0.9008156963087118,0.8503566493110906,2.0890036712998024,0.22479586453232797,0.7496880333327014,0,16,train
0.08047216989526651,-0.49376408191154564,-0.2761383218381108,-0.004099758517015232,-0.3705024001446573,0.2270558209287007,-0.36983909057369185,-0.532053798619558,-0.15217012337736266,-0.09837626917758667,-0.6000232976826779,-0.4970944453282134,0.15259523974661224,-0.6832653683137058,-0.9905429074111347,0.10543081803217712,-0.035230497584188,-0.8794617492194485,-0.7520288448632453,-0.32236991106429214,0.24174278315657202,-1.0019276495896852,-0.8351879593921342,-0.8583436188959257,-0.6814363781778949,0.07786043596315301,-0.7750903787822492,-0.9048651703848636,-1.0427029791545135,-0.8301070918308125,-0.4712591619881869,-0.06500203595013104,-0.4732532502324543,-0.8759128362378077,-1.0887175385904144,-0.043447500302379725,-0.5074125025781087,-0.8205801746781378,-0.517516529611108,-0.760994968648822,-1.1180407382641298,-0.010042584009422982,-0.6044109579376362,-0.4898697585419953,-0.6822744204294154,-0.689489687004074,-0.6694961306008624,-0.8859820172517701,-0.8641041821456902,-0.5688726112943575,-1.0253371263446274,-0.6499552169782047,-0.06862452328932252,-0.7790941204924333,-0.8070389615843498,0,16,train
0.9488077788924433,-0.48374002013563894,0.37753173204063495,0.23581810989871618,0.5179980443827132,1.3677153952624577,0.3743595321515505,0.42096055761347834,0.3486203743199231,0.3028853979871467,-0.19574489658960972,0.13981095541524347,-0.04937358616675016,-0.18976959464997684,-0.03380860048834105,-0.3225813810909464,-0.49540617221476735,-0.32827196409047843,0.0992815858282077,0.014668798623864726,-0.18972050544807367,-0.3286369325509028,-0.20939392344237837,-0.13918158432177216,0.010197321266943742,-0.18202143422421221,-0.2294348509028909,-0.2292585531312081,-0.07121031417222959,0.02697787365572377,0.02467697955901599,-0.01970649958669131,0.6455789212428676,-0.3171148954352431,-0.11828529165310069,-0.23978323139853885,0.04739300709448071,0.10161827911032809,-0.29471720736652257,-0.20079790759758592,-0.2761366779221937,-0.17707084125414596,-0.1230510541278839,-0.06033385409614503,-0.10644726411149183,-0.057785631867726416,0.003119739657972263,0.059670628553795735,-0.3471749725820099,0.0397007000227939,-0.2526032505898954,0.16710651560907364,-0.1501843519507671,-0.19325463914653865,-0.4300356893459347,0,16,train
2.305582167950532,-0.7142934409814933,1.5790819673645984,1.4469824368570798,1.9832634473991224,1.3225194498643278,1.84634924891203,1.7520401781062618,1.6730460052858414,1.754313738622618,2.6477551423834234,1.5413900135862548,-1.1097099222119027,2.3280659852670076,1.338691726233,-1.4097948503963988,-0.8538855651590307,1.1119336035045724,1.6757031622593657,3.1482931655592075,-1.159874645505857,0.5177856831549951,1.8164429739570136,1.6631265349783515,3.0562279290959253,-1.0307845634531603,2.399632692515835,2.0458407622141404,0.9394780202906076,1.383361557354043,3.060844171705555,-1.146055503824226,2.1032444129414074,2.043284705133266,1.239777713139062,-0.9527919390635379,2.60176286387277,1.636269141139989,1.9466439744140056,2.1780854260758025,1.976846018767494,-1.169961037097777,2.241997861019011,2.7112525684455147,1.351315908574404,0.12368571488053341,2.55720027925834,1.316625077015852,0.8079384463195471,2.490898759494654,-0.02816951461701369,0.6172000754958622,-0.896580359700957,2.18138597698852,0.5675403849478491,0,16,train
0.2975560721445607,0.5272582104058091,-0.12023745719922768,-0.03987698450883483,0.02921418125640911,0.007532657566354999,-0.1248981265586121,-0.05131905365029509,-0.06573927605904938,-0.08513330986521923,-0.7513453807733795,-0.4603126744646095,0.2654601718746677,-0.791532298250136,-0.853529105432068,0.26476382646487273,0.06392337705996998,-0.8172306444468228,-0.6450802982939673,-0.5173509827847135,0.08090143888383429,-0.8694069370296709,-0.8762985164983225,-1.0931720383487107,-0.6482758583414986,0.21333077255018382,-0.8766626199026492,-0.9239635906605853,-1.1042961740525257,-0.6752443877865163,-0.5865931483945132,0.004451119807143211,-0.5096380362966925,-0.9640220551195399,-1.012817809779675,0.06247045989423246,-0.5708188465406904,-0.7689558337535927,-0.5442524482804582,-0.8339508649717736,-1.177329756598069,0.22194110660824787,-0.675632576358467,-0.566658300118907,-0.5388527866996723,-0.8227218149964672,-0.8771701550586593,-0.8566139226615351,-0.7364673402781148,-0.7012936558865155,-0.9912459259436833,-0.6742845985937067,-0.006836774303379656,-1.0350434084590865,-0.7180831333033755,0,16,train
-0.7992224804986755,0.7921798430547722,1.083539933333863,0.5799108422318047,0.5212566034702218,0.8027660777858328,-0.36866712423869147,0.3980109089842924,1.0375250691217732,0.9107372304248122,-0.3425499025731261,-0.6364779980745018,-0.11174631181646502,-0.6656405192542869,0.3465228153501029,-0.4350517399846139,0.5164718305640756,-0.2615957804055224,-0.020500786329383673,-1.0827960907739353,0.3923719785865963,0.04113860410849199,-0.024396416464530838,-0.05992699275645728,-0.8425017602403916,0.6363299867913208,-0.7089503147968724,-0.32952525957874707,0.5559203975166223,0.3100028155297825,-1.189213227367568,0.865066310712498,-0.9871883533898177,-0.03655659320656967,0.4265663330239945,0.8064795461533619,-1.1641210650477043,0.007755841065700516,-0.7715077569699351,0.012858645919629685,-0.05083840825322494,0.8189124704643874,-0.8303554025830302,-0.6410471997715403,-0.5709621076839432,0.06625807350450182,-0.8957678288907007,0.4208981920136858,-0.24932006048353547,-0.7407382223607754,-0.02248764788352301,0.3799886047447169,0.438035018395409,-0.07096775711802664,-0.07421237622203732,0,16,train
-0.3107837004377637,0.929652690267207,1.2928925229917916,1.5921958835297594,1.2294501118221113,1.19015989548409,-0.01942115640857775,1.0744216054234563,1.5751757811165747,1.5397777977622655,-0.5390427567356788,-0.35771089258192496,0.16744588871083008,-0.5699627672174414,0.8378826569302043,-0.10701319321141704,0.9537658418152339,0.9519107626606778,0.8308096443620694,-0.7763972637847019,1.0510555789416174,1.2167255703666835,0.7704076875884437,0.958641276619997,-0.887505322875501,0.9293882659387752,-0.6097402188188072,0.7161132505170166,1.197049562591386,1.2578693661457339,-0.9066449606720686,1.3753960204072522,-0.7938941774235527,0.9280074871829193,1.1557458705271717,1.1991510083456802,-0.7451862924377899,0.8290521739561918,-0.9163273164289156,1.1879696902643155,0.8888925323397107,1.4158838343205271,-0.6044109579376362,-0.7682282217583005,-0.6565869636419988,1.3595285572927334,-0.6880938044329039,1.404729360786557,0.9462116916760871,-0.49561841641358934,1.6167309047285372,0.8868507217343436,1.2289182054154777,1.3196900408341214,1.0822133914306293,0,16,train
0.09435544271353533,-0.39638748180273764,-0.5344883260968314,-0.03987698450883483,-0.1706441094441241,-0.6682543355294935,0.3063854847215284,-0.059774187355784644,-0.13310449529244062,-0.12618648373355829,-0.4103060591809029,-0.6113115232730886,-0.11174631181646502,-0.6379443278752001,-0.527530748999116,-0.1288824296629635,0.13256836719823317,-0.7194389083755539,-0.5167420424108337,-0.30565724777397035,0.06303017840908565,-0.6342895437780326,-0.81463268083904,-0.8524729084096061,-0.5037907361972,-0.029962893157136815,-0.7443824919318957,-0.7353666904378334,-0.7935305088852822,-0.7046149006225035,-0.3328583783005954,0.1614756458670676,-0.48007539761949897,-0.8109902539038998,-0.8366220107547436,0.11672112243396064,-0.44627067089990496,-0.6023500062243787,-0.4484487397152864,-0.7479671300197235,-0.9105291740953427,0.08584400811254764,-0.5577485182826092,-0.4274790685107545,-0.5859464574766029,-0.4804530723953189,-0.5393124137765718,-0.7185838780874307,-0.6364851474818474,-0.4279991596005725,-0.8463583242396711,-0.5080338242211092,0.06483701452031407,-0.8160645731987277,-0.6926671823659543,0,16,train
2.313154862215042,-0.6641731321019597,1.839659126832446,1.737409330202439,1.9941253110241512,1.9961542550840747,2.2916964562121747,2.038306847849265,1.6107649535417627,1.723854932204173,3.356936248211487,3.1443008701685717,-1.2611865416469246,3.4182887913710616,2.822220478695999,-1.3316904344980185,-1.146262375007189,2.0409550961816265,2.933418069914075,3.045231741935556,-1.1011547896602543,2.0225369999654803,2.430817410710606,1.886213533458497,3.122548968768718,-1.0971373813733385,3.193313460340356,2.5447869919173702,1.4126257447344288,2.5394917444433585,2.936860136318754,-0.8803216904920462,3.3903562199638304,2.5858520003523537,1.7575222918123214,-1.0897102778542804,3.1180716647109348,3.12164222319622,2.668513778486462,2.206746671059819,2.2436466012702203,-1.0709813291009043,3.445397620543392,3.231974866013948,2.558626377582987,1.573159383211571,3.136827780356967,2.517780145756462,2.116216075462195,3.130464230184438,1.6167309047285372,0.7915606437402938,-0.9633111286057752,2.115976714508153,2.29158905686959,0,16,train
-0.33602601465279786,-0.7142934409814933,1.6069214074786846,1.8079115108333776,1.3587062889599562,1.5033032314568477,0.14582609682647607,1.437992354759507,1.7747293550720922,1.7318007077915933,-0.4464426760383839,-0.16412262487874657,-0.15629825870911848,-0.3383218938650789,1.7001246866260553,0.23664623674145585,-0.8640551933276623,1.3430777069457533,1.3398847260318325,-1.0577270958384526,-0.7284113569012113,1.8045190534957793,1.4304605211266896,1.6337729825467535,-0.9040855827936992,-0.7709026932657951,-0.4207686074320165,1.212672177685781,1.5694084226566418,1.9093607417803597,-1.1690297797464608,-1.1400160989757673,-0.8962263882292224,1.4126081910324462,1.6301191755942943,-0.9708754932434474,-0.9127602014817556,1.6221897754332948,-1.1012507538919214,1.5319046300725163,1.778227807348798,-1.0740744449758066,-0.29250938761192935,-0.8474164052594908,-0.3354937537992904,1.6903117716186753,-0.44632404461636427,2.0801955363619613,1.5843959010139639,-0.253316079500279,2.042870909740338,0.976058454324518,-1.0868866265776609,1.5927026146652181,1.7133761730432568,0,16,train
1.5192840801522163,-0.5152442142884887,-0.6881620355265876,-0.34293113408660086,0.49627431713265524,-0.7941573262814271,0.38607919550155434,0.10932848675400636,-0.46993059145939675,-0.4956650485486098,-0.055715506266870995,-0.4970944453282134,-0.019672288238314514,-0.32069704480566,-0.18972085791279633,-0.7349726970343938,0.24443427705318066,-0.6438725668659371,-0.7627236995201732,-0.7457573810857785,-0.3377966636674195,-0.30512519322573894,-0.6319190937004252,-0.49142421350094945,0.17599992044892562,-0.06037460137055189,-0.3522663983043049,-0.30087762916516453,-0.07401000484941198,-0.22400650876089437,-0.9902621008166551,0.3064213622300747,-1.42153173703166,-0.8759128362378077,-0.1887636112630732,0.26397292075608003,-1.0961856965163668,-0.6469346642955768,-0.8428035400882025,-0.4535379770020971,-0.5518306131750108,0.2157548748584433,-0.6707207406053062,-0.2139109372499686,-0.5345715439017695,-0.08305379407318032,-0.468021330753746,-0.2898096970700003,-0.47906637584517114,-0.470261195108708,-0.15032964938706322,0.10831051003827694,0.12662476350625693,-0.6482755955316996,-0.28812996327866613,0,16,train
0.4149328332444698,-0.5625005055177631,0.8318713947025229,1.0218648103660468,1.2566047708846837,0.02367406663711571,0.6872745435966524,1.126360283900035,1.0121042316752105,0.8882241995937876,-0.35835967244827405,-0.33641618313457533,-0.4117294208936651,0.24581596067566144,-0.4566615410789091,0.002332989046315243,0.018160050301127835,0.49184509523448106,-0.4076545249101701,-0.004829308548177407,-0.48842585909744374,0.3703029546607856,0.40269659347198133,0.5476915425776235,-0.0727039783240472,-0.5441972320385191,0.0658332918889696,0.5346782578976603,0.5223241093904337,-0.27473739456850865,-0.0416400626246216,-0.33073584928231076,-0.44141656242624594,0.38312152830904933,0.4401198560259123,-0.30436735346964383,-0.04545199656501385,-0.42166481298847064,-0.12538972246063776,0.5287610556319308,0.4116159347515005,-0.35337844612357583,0.06605462236880451,-0.04353636062619558,0.1547085465605776,0.46825156313672295,0.20459453950508863,-0.4660182646114101,0.5228828328152955,0.23410606336021728,0.5968358260669607,0.3739062593408414,-0.42205044748891574,0.6712851779852671,-0.4893395748665843,0,16,train
1.7048150896327177,-0.5066521613377114,1.4955636470223397,1.6532276219863928,1.3728267116724937,1.3128346044218713,1.1173861885417926,1.3631040276537425,1.408669295841589,1.321268969108203,0.9357829187602629,0.904484612842798,-0.5067735742646592,0.9734704432716699,1.3339671123716528,-0.6506199278641432,-0.5335422778471358,1.3208523123841014,1.1687670515209878,1.7917819951614193,-0.585441273103222,1.5245156124415555,1.2340434149526789,1.3284960372581331,1.388727503037136,-0.5359031297984967,0.9162055431295278,1.2437071106338287,1.2502436854578511,1.2178186668239332,1.8959709090016594,-0.5451347214025921,1.4551404111721657,1.3871028908298395,1.1367709383244866,-0.59112085546535,1.8023900274873657,1.14583790235681,1.7906844488427958,1.315642508829481,1.2742711515103151,-0.5204067033682989,1.286645807029248,1.4586394839721413,1.060191398317015,1.1780572105444735,1.478535196999932,1.4076661702455804,1.3823042347236363,1.2709346678264752,1.5172982368924504,0.8341370615674224,-0.6568438936354986,1.3850993033144885,1.306720958044517,0,16,train
0.8920125719086163,2.1683403240042503,-1.0211217392910594,-0.35345384761360665,-0.08918013225640677,-1.1137572258824893,0.369671666811549,-0.5767452196342886,-0.827093357583603,-0.8015774086642976,-0.08959358457075939,-0.7390797799571863,1.0376939180139946,-0.6782296971538718,0.2780159143605695,1.6487740761841698,-1.812373020052558,-0.4505116341795645,-0.5231589552049903,-0.8348915853008283,0.09877269935858292,-0.11061898608120183,-0.06779089340995186,0.03987508551097629,-0.3972033510087832,-0.5856677432386306,-0.4254928977166863,-0.20299822525209074,0.28435040182993193,0.048338246627350846,-0.9844954014963387,-1.176252528066519,-1.2032230206462313,-0.4214547599004523,0.2124206695936934,-1.443631266803936,-0.982960082297471,-0.04856162176107603,-0.5375684686131206,-0.31804845525947256,-0.13384303392073976,-0.9503498099797154,-0.869650088608316,-0.6434468416958189,-0.41041550276258904,0.13517124315573972,-0.7314883767076674,0.11547000827524216,-0.14295602559388934,-0.518158168684595,0.011603552517421045,0.3313298415137127,-0.5802270848929294,-0.44351616515837716,-0.16740419632591522,0,16,train
0.4300782217734903,-0.48230801131050943,-0.09573874989883176,0.3989201695673055,0.5082223671201871,-0.7209829384939785,0.49858796366159097,0.3376170968022242,0.1643193028323433,0.15853714148234163,-0.44192559893119876,-0.6364779980745018,-0.21867098435883336,-0.4088212901027545,-0.8511667985013944,-0.2476011418285014,0.18087410099923323,-0.5016300416713642,-0.9402582868251746,-0.4198604469245028,-0.327584514824706,-0.5936783576709315,-0.7118562880735692,-0.5560020288504652,-0.3308823113359904,-0.15437442675747123,-0.4207686074320165,-0.4918618319223816,-0.5695552547106922,-0.923558723581681,-0.39629207082407486,-0.10425816746511213,-0.7006581631339425,-0.7159250440578203,-0.6387405749267439,0.06505382477707665,-0.46891579374368414,-0.8839373203582614,-0.35264503115011475,-0.5030437637926715,-0.5962973769254651,-0.10902229200629586,-0.5577485182826092,-0.3098966142211083,-0.38686866737412373,-0.36559778964325573,-0.3657341246775177,-1.0093280145307568,-0.5131028670098579,-0.28430823887291173,-0.5139691203304665,-0.12079116684103434,-0.11064019259976367,-0.5629591662094819,-0.9425906999172632,0,16,train
0.6345409669152674,-0.40784355240377385,-0.43649349689524775,-0.03987698450883483,-0.14892038219406614,0.3701763146894457,0.18684491855148944,-0.49823326379759986,-0.5296695594588192,-0.39766714963709077,-0.35610113389468145,-0.3228650043953529,0.018939399068651826,-0.6102481364961132,-0.9125867786989071,-0.2538494951003718,-0.3174376792637146,-0.7772249342358492,-0.5873280831465572,-0.5479908654836368,-0.028879161175335923,-0.7839097031199842,-0.6890170896812423,-0.7732183168442912,-0.5274768217946261,0.28244829121703624,-0.8105225559172724,-0.7282047828344378,-0.6983410258610815,-0.6885946208937832,-0.730760631402421,-0.02574590443514994,-0.1821749617185494,-0.8620008543091131,-0.7417473497413191,0.09088747360551865,-0.5323221377062658,-0.6539743471489239,-0.4573607126050699,-0.7557838331971826,-0.7741644319272827,0.1631719049851046,-0.6559852333458239,-0.6122514966801985,-0.5816652146787001,-0.5286922911511854,-0.7066914782649454,-0.938844587514193,-0.6045759370149536,-0.5266105757862221,-0.8179489905722177,-0.46140250945806355,-0.06368150337044709,-0.9184442883853889,-0.6778412109857919,0,16,train
0.575221528509937,2.314405224167462,-0.7360458725228161,-0.7954078157478488,0.07157544939402213,-1.185855519731887,1.103322592521788,-0.16848304928350744,-0.8194671063496343,-0.8598464296387143,0.10689926959179333,-1.3372675271600076,2.4217744014790954,-0.3861607698835016,0.05832136980792797,1.2395069368766578,-2.1759372270811372,-0.37050021375761727,-0.4996302749597492,-0.4644275490320277,0.36428856926913417,0.2527442580349665,-0.12260496955153631,-0.0012198878932610639,-0.14376223511632513,0.11103684492324219,-0.3168342211692816,-0.054985468115247495,0.34034421537357945,0.30199267566542237,-0.5318095048515082,-1.1702131232180604,-0.9439814199385349,-0.2405989948274231,0.2828989892036659,-1.0561265343773059,-0.3964514006435908,-0.3935060815750824,-0.606636258508942,-0.11481417264553574,0.008450610080714217,-1.1483092259734613,-0.9285921176462449,-0.26670305958409546,-1.2110079059704084,0.4108239217606914,-1.1468364256232613,0.21825833934106453,-0.10041041163803087,-0.9971279044434641,0.37524302346082433,0.5138002036299784,-1.4650276503716313,-0.21031792501098218,0.3387968265110579,0,16,train
-0.5215570241332993,-0.5596364878675041,0.795123333751929,0.3189475467620617,0.07374782211902793,0.4024591328309671,0.7880636484066853,0.0706764469574827,0.5952024975515816,0.5465558493347076,-0.8507210771314522,-0.01118789339323566,-0.2572826716657997,-0.47932068634043,-0.3361838876145573,0.5146979573396895,-0.19031732715581973,-0.6127570144796243,-0.4825185075086647,-0.6343396258169663,0.12685610867604505,-0.3158123474644498,-0.5040195827033948,-0.33291503037031966,-0.6245897727440726,-0.002315885690395836,-0.7065881696545375,-0.6518111017315509,-0.040413716723223476,-0.2533770215968816,-0.7278772817422628,-0.34885406382768663,-0.5824076084251687,-0.5489812609134856,-0.055939085844278855,-0.3482845564779952,-0.8629409312254415,-0.34188174065053717,-0.4996925838315411,-0.41706002884062127,-0.5014349475911625,-0.2729574333761166,0.215865612840207,-0.605052570907363,-0.2605720048359918,-0.44599648756969995,0.08680927190215906,-0.19583179438124843,-0.47268453375179237,0.17775668268270325,-0.619083654900044,-0.08429709441778123,-0.14524133203189168,-0.4918621417743005,-0.5105195339811021,0,16,train
-0.7209713064320695,2.123948050425235,0.6447903571358632,0.9303172026810966,0.7569590441333507,0.7457330990691449,0.2841181243565211,0.27118390340194914,0.6396889630830663,0.6180678296214918,-0.6971404554871581,-0.0905590831515388,0.7525614579010123,-0.11675236283238428,0.10792981535207283,-1.2660827251433793,1.4597048432046553,0.3073743203727693,0.16345071376977452,-0.6844776156879318,1.5029431652316905,0.35534093872659045,0.018998060480890182,0.09271147988785287,-1.0011985337431457,0.7718003233783516,-0.2176241251912165,0.042893935797826264,0.37394050349976793,0.27262216282943513,-0.7826609252852678,1.411632449498004,-0.8393751600038504,0.23008972709340925,0.3262702628098028,1.441987307333035,-0.7429217801534119,0.012448962967931895,-0.9341512622084824,0.39327153388930625,0.07366853024804729,1.4901186153181818,-0.09603595748549985,-0.6770418286357178,-0.014400543956582114,0.4659544574816817,-0.027876383395430256,0.1742061974557121,0.0740266055809888,0.031248292921166796,0.46615289119667513,0.5340746883095634,1.6120022491283235,0.36698991340269077,0.13335122310023617,0,16,train
-0.2880656176442329,-0.45080381715765977,-0.5133303516101259,-0.46078552558906544,-0.6681174634704513,-0.35295881168063425,-0.6264997179387755,-0.6914934627802182,-0.5474641456714131,-0.6347161213284679,-0.4170816748416806,-0.35383912722786137,0.25060952291044986,-0.4188926324224224,-0.7401383727597369,0.18041105729462212,0.07917781931291736,-0.6038668566549634,-0.4846574784400503,-0.2861591406019282,0.22131848547114502,-0.6321521129302904,-0.7506829253405248,-0.7438647644126931,-0.3403567455749608,0.3488011091372146,-0.6026537833918026,-0.6947825473519248,-0.740336386018817,-0.680584481029423,-0.41647551844518194,0.33057898162390925,-0.3709210394267846,-0.539706606294356,-0.8176470785520586,0.31047348864727564,-0.25605163901216005,-0.592963762419916,-0.34373305826033135,-0.6333221500836566,-0.8245600975111309,0.30854835110551165,-0.5012624071212607,-0.3890847977222986,-0.3205094040066307,-0.5309893968062267,-0.5455116383872524,-0.7626360199727832,-0.6003213756193677,-0.45053891187157813,-0.7327209895698575,-0.5404729997084453,0.09943815395244207,-0.6454317145542924,-0.6439532764025635,0,16,train
-0.021759202675622022,-0.5381563554905611,0.7127185910142336,0.7124970326720773,0.806923616808484,0.5186772781404442,-0.24326672639365063,0.4873937510137534,0.7261198104013797,0.6472023401087001,-0.471286600127902,-0.5880809311487072,0.18526666746789144,-0.6329086567153661,-0.4165023232574585,0.23664623674145585,-0.24370787504113556,-0.08157008445614103,-0.21514714108546967,-0.4560712173868668,-0.30716021713927905,-0.08496981590829583,-0.22309744247777447,-0.09808661091753482,-0.6601189011402115,-0.07972750659727058,-0.8459547330522956,-0.28894111649283843,-0.05441217010913535,-0.11987469052421237,-0.5692930504335643,-0.2582629911008072,-0.5460228223609306,0.0793765895325516,-0.25653122627266217,-0.36120138089221626,-0.5323221377062658,-0.2691383511659508,-0.4685006787172991,-0.14347541762955246,-0.2791011288388907,-0.2946092445004325,-0.6191464651971185,-0.5402622389518437,-0.5902277002745057,-0.15196696372441823,-0.6663965182955222,-0.26925203085683586,-0.19401076234091946,-0.5378804519217248,-0.19578458325498865,-0.03766577965473556,-0.4788951765559831,-0.11646985275654273,-0.2309440736694683,0,16,train
-0.4849556685214997,0.7162833753229071,-0.19373357910041544,-0.5786399170915301,-0.03921555958127346,-0.6779391809719499,0.6485996545416398,0.36781400289325833,-0.24241409631266034,-0.3142365059691759,-0.918477233739229,-0.7487591933423453,0.3129822485601647,-0.315661373645826,-0.728326838106369,-0.12263407639109308,-0.32506490039018826,-0.6283147906727806,-0.598022937803485,-0.4644275490320277,-0.044197384439406184,-0.41627159730833163,-0.6775974904850789,-0.6000323574978624,-0.5653745587505077,0.32668350316382183,-0.5719458965414491,-0.6852333372140639,-0.440769483560303,-0.5417420567138471,-0.38764202184360036,-0.21598715716159678,-0.2981514672983084,-0.5768052247708748,-0.38122363789030583,-0.06153105448228912,-0.43041908490925956,-0.9238288565272281,-0.3927489091541401,-0.5317050087766881,-0.7623066282604948,-0.17088460950434142,-0.56266035403577,-0.7082371736513382,-0.8085710829675473,-0.34262673309284314,-0.4897186168911278,-0.5864274524313734,-0.7683765507450087,-0.3772847169908099,-0.5224919204307025,-0.15120289386041194,-0.41710742757004027,-0.6482755955316996,-0.30083793874737674,0,16,train
0.36192397339289795,-0.5238362672392658,-1.0946178611922472,-0.8448645693247758,-0.693099749808018,-0.7930812323433764,-0.437813138003714,-0.7325612550640246,-1.0063102615818702,-1.0359777884932013,-0.6881063012727878,-0.14089203275436518,0.3218926379386954,-0.35091107176466385,-0.09050396682450661,-0.044529660492712876,0.23172224184239115,-0.19491959672056633,-0.2878721527525787,-0.5869870798277211,0.3081217506342098,-0.074282661669585,-0.3258738352432453,-0.30649683318188137,-0.7335457664922321,0.3294482039104959,-0.4089578817203421,-0.4823126217845207,-0.020815881982946857,-0.018412918908983764,-0.7394106803828955,0.27018493313932296,-0.6256145418764514,-0.32870821370915526,0.009117824564926541,0.3440572321242502,-0.6749864116220745,-0.21986057119252134,-0.6779320416272093,-0.30502061663037405,-0.3887858127566781,0.32092081460512073,-0.25321470158664344,-0.6938393221056672,-0.31622816120872793,-0.04400299793747884,-0.24174963246390763,-0.10479070115152005,-0.20251988513209115,-0.2138715130260192,0.011603552517421045,-0.009281501103316464,0.20324157224882608,-0.24728837771727652,-0.1822301677060776,0,16,train
0.1763929639123965,-0.40641154357864434,0.20604078093786346,0.6903993342653653,0.3159673809571742,-0.16787065433591142,-0.106146665198606,0.161267165230585,0.4325091378935801,0.41015336841732297,-0.5254915254141235,-0.4119156075388149,0.051610826789931036,-0.6908188750534567,-0.6456460955327943,0.027326402133796907,0.08172022635507524,-0.6705430403399195,-0.6343854436370395,-0.2945154722470891,-0.0875990170209386,-0.5466548790206037,-0.6364869333788905,-0.7878950930600903,-0.5440570817128243,-0.16819793049084172,-0.7727282336399143,-0.7425285980412291,-0.7543348394047289,-0.6084932222501817,-0.344391776941228,-0.08010054807127762,-0.4391425132972311,-0.5721678974613099,-0.7119295991370999,-0.08478133842788692,-0.42815457262488166,-0.6164293719310728,-0.40611686848881523,-0.5004381960668517,-0.7385910209269192,0.01779545886469752,-0.5552926004060289,-0.5138661777847803,-0.5474152722954779,-0.33573541612771934,-0.6477988444634806,-0.8243090186122766,-0.566284884454681,-0.5773250183959847,-0.4628323197290504,-0.3336732559766776,-0.06120999341100938,-0.5686469281642964,-0.7879769983812839,0,16,train
-0.10632095529598662,-0.3734753406006652,0.15815694394163507,0.1105978189273476,0.2703475537320525,0.09362017261041214,-0.2784257164436621,0.17093017517971593,0.1884690984065779,0.10159241643916164,-0.6993989940407506,-0.5706579870554211,0.015969269275808263,-0.9350489263054041,-0.7921091252345553,-0.007039540861490381,-0.040315311668503793,-0.7705573158673535,-0.704971484372763,-0.403147783634181,-0.06972775654618996,-0.7988717190541794,-0.8214844403567381,-0.9229214342454416,-0.5772176015492206,0.13315445089663497,-0.8034361204902677,-0.8953159602470027,-0.9083178266497595,-0.6138333154930885,-0.4770258613085032,-0.06500203595013104,-0.4823494467485138,-0.7136063804030379,-1.0101071051792914,-0.03311404077100292,-0.4349481094780154,-0.7173314928290475,-0.4796406448295284,-0.7323337236648052,-0.9549959378457971,-0.08737048088197992,-0.869650088608316,-0.590654719361692,-0.6929775274241723,-0.7216491661746516,-0.88646899197468,-0.7861304956449712,-0.7768856735361803,-0.8703417979190576,-0.9486319254425033,-0.8182334398187607,-0.16995643162626883,-0.8018451683116914,-0.6990211701003095,0,16,train
0.3934768661616907,0.6217707928643581,-0.35965664218036963,-0.5817967311496317,-0.30207265930697474,-0.8727121837591292,-0.5104750507737377,-0.2554501388256857,-0.41781787469394316,-0.49698934447984655,-0.6993989940407506,-0.14476379810842874,-0.1058060522307779,-0.4994633709797659,-0.652733016324815,0.4709594844365965,-0.3987947046127673,-0.5816414620933115,-0.4889354203028214,-0.4978528756126714,-0.039091310018049434,-0.5701666183457675,-0.6798814103243116,-0.605903067984182,-0.6269583813038152,0.022566421029671047,-0.4987193971290677,-0.5945158409043858,-0.43796979288312066,-0.533731916849487,-0.6702102885390997,-0.08312025049550693,-0.7552353422302996,-0.8712755089282428,-0.5194695725098673,0.023719986651569467,-0.5594962851188008,-0.6492812252466925,-0.6757040484047635,-0.5264938733250487,-0.6911598062597678,0.03326103823920891,-0.4103934456877871,-0.5066672520119447,-0.2862594616234085,-0.3449238387478844,-0.35023606315081646,-0.6539740699889138,-0.6258487439928828,-0.2110540439921435,-0.6389701884672614,-0.27284980193792235,-0.3602626985029728,-0.5857102140287399,-0.30507393057028026,0,16,train
0.14357795543285204,-0.5195402407638772,0.3162849637896451,0.2831703207702421,-0.29338316840695156,1.1998447409265462,0.16692149085648295,-0.37261413445889796,0.6142681256365036,0.47371957311668667,-0.6000232976826779,-0.16412262487874657,-0.06719436492381155,-0.6379443278752001,-0.2960246697931067,0.16166599747901086,-0.5335422778471358,-0.510520199496025,-0.8739501879522222,-0.25551925790300484,0.10132573656926129,-0.3200872091599341,-0.6890170896812423,-0.7790890273306109,-0.5606373416310224,0.14421325388333137,-0.6546209765231701,-0.34384907478553833,-0.14960165313333607,0.1898507175643802,-0.3645752245623351,-0.35791317110037457,-0.38683938332988876,-0.6092665159378288,-0.21044924806614165,-0.17261574444458969,-0.3579546918091662,-0.9332151003316909,-0.4350807803806113,-0.4665658156311956,-0.6970887080931617,-0.3379128667490644,-0.383378349045403,-0.5282640293304512,-0.4232592311562974,-0.09453932234838663,-0.15806010021972083,0.250563243390323,-0.5173574284054437,-0.27585583177128464,-0.2526032505898954,0.13061244318582052,-0.12052623243751452,-0.6653388813961432,-0.32625388968479796,0,16,train
-0.44456796577744495,-0.37920337590118325,0.003369656907315374,-0.007256572575116962,0.0911268039190743,0.04089156964592714,-0.26319015408865715,0.06101343700835179,0.05628074368445172,-0.003026962128541118,-0.543559833842864,-0.5203250374525948,0.1139835524396459,-0.8192284896292229,-0.891326016322845,-0.013287894133360798,0.007990422132496245,-0.7727798553235188,-0.6750258913333651,-0.5786307481825602,0.07579536446247753,-0.7069621926012662,-0.7803738832505497,-0.7908304483032501,-0.7359143750519748,0.0916839396965235,-0.817608991344277,-0.9335128007984461,-0.7151391699241757,-0.7580158330515713,-0.5923598477148295,-0.08915965534396555,-0.49371969239358826,-0.8573635269995482,-0.9287859671677846,-0.06153105448228912,-0.47344481831243995,-0.661014030002271,-0.4974645906090952,-0.7323337236648052,-0.9312803305122214,-0.20800200000316874,-0.8205317310767087,-0.6842407544085533,-0.6009308072692626,-0.7239462718296928,-0.8895686042800203,-0.8947924456288405,-0.7194490946957715,-0.5604202041927304,-0.9315863252420312,-0.763492331183881,-0.1155832125186391,-0.8786299547016874,-0.8197469370530605,0,16,train
-0.418063535851659,-0.4493718083325302,0.5746349680483658,0.4915200486049563,0.5440665170827828,0.15388143314125213,-0.13544582357361554,0.5296694195412012,0.7820456527838177,0.7160657285330109,-0.5480769109500491,-0.44288973037132345,0.1555653695394558,-0.6203194788157811,-0.5558784321671988,0.19915611711023334,-0.08862104546950385,-0.47718210765354696,-0.42690526329264017,-0.8070371464836252,-0.11823546354907913,-0.3542861027238088,-0.2664919194231955,-0.4062989114493149,-0.6838049867376376,-0.1875508357175604,-0.798711830205598,-0.4918618319223816,-0.19439670396825406,-0.48033098442041927,-0.9729620028557061,-0.28242061049464173,-0.5437487732319156,-0.29160959523263646,-0.15352445145808694,-0.3560346511265278,-0.7089540958877432,-0.4052388863306608,-0.6422841500680757,-0.35192083569512866,-0.3413545980895268,-0.3874027207475009,-0.7075595087540117,-0.6674432609386038,-0.5987901858703112,-0.2943875143369766,-0.8895686042800203,-0.5658697862182089,-0.46842997235620654,-0.7858177269027865,-0.26964885079036743,-0.021446191911067506,-0.1526558619102048,-0.36673137876838124,-0.5761774072361069,0,16,train
-0.6919426450847802,-0.3906594465022195,-0.15141763012700432,0.1063887335165453,0.061799772131496046,0.09469626654846285,0.025113564321436754,-0.0017961276609991565,-0.007271349931955101,-0.040107248203169944,-0.7152087639158985,-0.46612032249570484,0.16150562912514294,-0.7134793952727095,-0.836992956917353,0.16166599747901086,-0.022518462373398516,-0.9039096832372657,-0.6771648622647507,-0.6733358401610505,0.05281802956637214,-0.8629946444864444,-0.8877181156944859,-0.9375982104612406,-0.728808549372747,0.03638992476304154,-0.9380783936033561,-0.9502239185397027,-0.9251159707128538,-0.7900563925090118,-0.7653608273243189,0.11014070465516924,-0.6165183453603919,-0.8759128362378077,-0.9640251269727708,0.10638766290258385,-0.5481737236969112,-0.6281621766866513,-0.6534241161803049,-0.8547954067783313,-0.9490670360124032,0.15698567323530002,-0.6461615618395025,-0.6314486320744264,-0.6608682064399015,-0.6136852003877122,-0.8089786843411737,-1.0416329185800153,-0.8045403226074883,-0.5942298325992389,-0.8690857911736338,-0.49586913341335814,-0.026608853978881374,-0.9611025030464977,-0.8578708634591924,0,16,train
0.8124992821312585,0.929652690267207,-1.7371521390253586,-1.2100027287118758,-0.5269132363450746,-1.4139874345986385,-0.2702219520986594,-1.0574799646035515,-1.6888597470220796,-1.667666947693128,-0.6113159904506408,-0.1254049713381109,-0.0879852734737165,-0.15451989653113904,1.2040402311846068,0.9052200368315905,-1.0649053496581362,-0.12824341303561027,0.05008525440633982,-1.288918938021238,-0.27397073340046013,0.8576371879459995,0.38214131491888714,0.5682390292797422,-0.899348365674214,-0.6105500499586974,-0.44675220399770027,-0.09556961120115613,1.1102591515987323,1.1564075945305052,-1.5928821797897097,-1.203429849884583,-1.3715026561933326,0.037640643746467944,0.9741286623014732,-1.081960183205748,-1.4539786374480776,0.5263458112622679,-1.3329620490262903,0.1275036258556966,0.47683385491883357,-1.0524226338514906,-0.3416277451435367,-1.0441870430503273,-0.20919709126115849,0.8380855735983664,-0.2045542847998246,1.3459931716060871,0.3080274823382103,-0.11807756587424537,0.9832027639443267,0.716545050425829,-0.9188239493358964,0.014348672204191037,0.7327440660410872,0,16,train
1.3198697978534462,-0.49949211721206377,-0.827359236097019,-0.3239902497379905,0.041162231243940986,0.1592619028315057,0.02980142966143828,-0.26994465374938204,-0.5894085274582416,-0.5989601311850759,-0.543559833842864,-0.2957626469169079,-0.028582677616845208,-0.4969455353998489,-0.6881676202849184,-0.5756396886016982,-0.18523251307150393,-0.6638754219714239,-0.5424096935874604,-0.7568991566126597,-0.22035695197621422,-0.33718665594187147,-0.49259998350723133,-0.39162213523351586,-0.6080095128258745,0.0916839396965235,-0.5388758645487607,-0.4608268989743338,-0.2783874242837253,-0.5444121033353004,-0.9498952055744408,0.24904701616971775,-0.2435742882019512,-0.708969053093473,-0.29448109067803196,0.25880619099039165,-1.2343209458634197,-0.600003445273263,-0.7447718383005849,-0.6020553373738201,-0.539972809508223,0.22503422248315014,-0.4865268998617785,-0.6554450513172113,-0.5131653299122557,-0.25763382385631634,-0.492818229196468,-0.542375310546021,-0.35568409537318163,-0.33502268148267433,-0.3719224519931996,-0.05794026433432063,0.19829855232995067,-0.6568072384639213,-0.5973573663506246,0,16,train
1.4574404103253824,-0.5309963113649134,-0.1291460780357353,0.2936930342972479,-0.2879522365944371,0.93404953822802,0.2841181243565211,-0.5235986649140685,-0.14962803963270638,-0.1685639535331341,-0.15509120262494364,-0.12346908866107911,-0.09095540326656007,-0.5498200825781056,-0.690529927215592,-0.722475990490653,-0.5513391271422411,-0.6727655797960848,-0.685720745990293,-0.339082574354614,0.08345447609451265,-0.42695875154704244,-0.56796933820191,-0.5794848707957437,-0.7359143750519748,0.0916839396965235,-0.5766701868261188,-0.46321420150879905,-0.15240134381051845,-0.6485439215719825,-0.28384143407790674,-0.016686797162461995,0.7638294759516415,-0.4214547599004523,-0.24568840787112792,-0.05894768959944492,-0.337574081249765,-0.8393526622870633,-0.07191788512193728,-0.5134660346959502,-0.67930200259298,-0.044066858633348034,-0.36373100603276004,-0.8210203440924274,-0.27341573322970014,-0.25763382385631634,-0.47732016766976676,-0.5952378808084439,-0.5024664635208933,-0.32938774341492294,-0.43726391942834236,0.05762429833931427,-0.1847854913828951,-0.5060815466613368,-0.32413589377334623,0,16,train
0.29250760930155384,-0.5109481878131,0.5133881997973759,1.0208125390133462,1.0306780074840811,0.2044578482296357,0.4282699835615681,0.5936868604541934,0.8341583695492713,0.8100907396508197,-0.5345256796284937,-0.38094148470630634,-0.15926838850196207,-0.2577511553077354,-0.5133569074150747,-0.08201978012393538,-0.10387548772245123,0.2940390836357781,-0.3477633388313744,-0.20538126803203935,-0.35566792414216813,-0.06359550743087417,-0.2527884003877994,-0.08928054518805538,-0.42088943660620914,-0.3257858730512653,-0.2908506246035979,-0.0740838883909692,-0.0824090768809591,-0.29342772091868236,-0.2348244898552181,-0.28846001534310034,-0.3345362533625465,-0.011051293003962992,-0.12641740545425137,-0.18553256885881067,-0.337574081249765,-0.2550589854592567,-0.29471720736652257,0.30728779893725605,-0.10419852475377019,-0.24511939050199608,-0.2654942909695453,-0.3218948238425008,-0.07647856452617238,0.3212368012140821,0.01551818887933327,-0.33679864841437623,-0.06850120117113703,0.08196273553092942,0.24171915522379345,0.24212210892353841,-0.3454336387463466,0.27314184114825135,-0.4321536852573865,0,16,train
0.20920797239194097,-0.4522358259827893,-0.05787711134367443,0.6756675353275572,0.8275611576960391,-0.14312049376074498,0.6427398228666379,0.4028424139588579,0.20753472649149995,0.2062117950068644,-0.3154474399300154,-0.3383520658116071,-0.1058060522307779,-0.25523331972781843,-0.6220230262260587,0.18353523393055732,0.07409300522860157,-0.13491103140410587,-0.7113883971669197,-0.2220939313223612,-0.1565310217092548,-0.4718447993496279,-0.6616100516104501,-0.5031656344735886,-0.26219266310345507,-0.057609900623877795,-0.11605188407081647,-0.22448394806227767,-0.5919527801281512,-0.6912646675152366,-0.32997502864043726,0.025589036776748415,-0.4186760711360971,-0.6463651344143475,-0.5248909817106344,0.13997140637955843,-0.28096127414031713,-0.5906172014688003,-0.3838369362643567,-0.2998094811787346,-0.5132927512579504,-0.09355671263178449,-0.4177611993175282,-0.29789840459971584,-0.13855658509576266,-0.1841264428949959,-0.35643528776149697,-0.8066881618581356,-0.23868365699457086,-0.24204620336477622,-0.44294578616183305,-0.307316425893217,-0.1353552921941408,-0.5288325944805948,-0.6333632968453047,0,16,train
-0.15806769943680674,-0.4780119848351208,0.13143108143211224,-0.0998564516127677,0.11828146298164674,-0.4186005419017278,0.38490722916655395,0.3955951564970097,0.09186991610963954,-0.0017026661973043743,-0.6655209157368622,-0.48935091462008623,-0.0048216392740966915,-0.47176717960067904,-0.9669198381043991,0.07418905167282504,0.09951707565018053,-0.8905744465002745,-0.6664700076078229,-0.567488972655679,0.004310322563482974,-0.8629946444864444,-0.6479065325750539,-0.6411273309020997,-0.7453888092909451,-0.041021696143833206,-0.7467446370742306,-0.7807254385926724,-0.8691221571692063,-0.6779144344079697,-0.508742707570243,-0.043864118980525835,-0.4345944150392013,-0.8620008543091131,-0.7390366451409355,-0.08219797354504271,-0.46438676917492827,-0.7595695899491299,-0.5130605431662162,-0.7636005363746416,-0.6229774351757378,0.01470234298979524,-0.48161506410861776,-0.6122514966801985,-0.5859464574766029,-0.6848954756939915,-0.5765077614406549,-0.8507403037434881,-0.840704094469968,-0.5378804519217248,-0.971359392376466,-0.5060063757531507,0.020349835250435204,-0.7449675487635463,-0.7159651373919237,0,16,train
-0.16185404656906188,-0.47371595835973224,0.10693237413171632,-0.18403815982881383,-0.3715885865071602,-0.4767096145564664,-0.4999273537587342,-0.24216350014563065,0.04611240870582663,-0.033485768546986226,-0.6971404554871581,-0.3286726524264482,0.28625108042457265,-0.6152838076559471,-0.924398313352275,-0.044529660492712876,0.17833169395707532,-0.6749881192522499,-0.5616604319699304,-0.48114021232234955,0.21365937383910988,-0.8416203360090228,-0.8397557990705995,-0.7937658035464099,-0.4848418677192593,0.12209564790993857,-0.6995017342275328,-0.8356333968853724,-0.9363147334215832,-0.832777138452266,-0.49432595926945216,0.013510227079831155,-0.5005418397806329,-0.8735941725830252,-0.9721572407739215,0.03405344618294626,-0.5164705517156204,-0.5483791043487178,-0.32813710570321036,-0.8339508649717736,-0.8127022938443431,0.14152009386078865,-0.7984284701874854,-0.4610740554506534,-0.6009308072692626,-0.6848954756939915,-0.8027794597304933,-0.9447182064322399,-0.7045581298112209,-0.7041111249203912,-0.9599956589094846,-0.5668298297919059,0.07225154439862722,-0.8445033829728003,-0.7244371210377308,0,16,train
0.5689109499561784,-0.43075569360584637,0.8029183769838732,0.7914173841246206,0.9361797939463289,0.5315904053970528,0.3438884074415406,0.9198134462373617,0.7744194015498489,0.7014984732894067,-0.3651352881090517,-0.19896851306531868,-0.18302942684471057,-0.3030721957462411,-0.2960246697931067,-0.04140548385677767,-0.25641991025192507,-0.037119295332837,-0.05900226309432376,-0.04661096677398198,-0.30205414271792225,-0.1191687094721705,0.1720206897094801,0.25415601826164247,-0.11297032383967137,-0.24837425214439054,-0.17510551262918858,0.08586538141820012,-0.012416809951399734,-0.03710324525915745,-0.027223314323830825,-0.34583436140345736,-0.2322040425568768,0.014454007198643688,-0.1047317686511829,-0.36636811065790464,0.008896298260056135,-0.08610659697892706,-0.10979376990351677,0.05454772953274493,0.09738413758162295,-0.24511939050199608,-0.06410902508995506,-0.04593600255047407,-0.11500974970729738,-0.03251746966227252,0.055813148848756544,-0.145906033577849,0.07615388627878172,0.10450248780193502,-0.016805781150032336,0.0981732676984844,-0.3553196785840974,0.07407017272974341,-0.16105020859155988,0,16,train
-0.09117556676696609,0.6146107487387105,0.28287763565274154,0.06114106535042051,0.004231894918842459,-0.20230566035353426,-0.19170020765363385,0.08637883812482043,0.35878870929854817,0.25785933632509744,-0.5277500639677161,-0.5377479815458809,0.03379004803286965,-0.7588004357112152,-0.8700652539467829,0.11167917130404753,0.018160050301127835,-0.7838925526043448,-0.7434729611377031,-0.44214399797826526,0.009416396984839728,-0.7368862244696566,-0.6890170896812423,-0.8818264608412042,-0.6127467299453596,0.19950726881681333,-0.8199711364866119,-0.7258174802999725,-0.8691221571692063,-0.7500056931872111,-0.6961604354805231,0.36983511313889034,-0.5892297558122133,-0.6881010802004313,-0.7986721463493738,0.457725286969395,-0.4032449374967246,-0.5460325433976022,-0.4818686380519743,-0.7557838331971826,-0.8601335085114944,0.2033824113588342,-0.6977358372476903,-0.40828193311652655,-0.6223370212587765,-0.6871925813490327,-0.849273644310597,-0.7949409240220416,-0.6939217263222563,-0.7745478507672837,-0.9230635251417952,-0.5141161696249847,-0.1526558619102048,-0.8729421927468728,-0.7202011292148273,0,16,train
-0.418063535851659,-0.46369189658382554,-0.13694112126767946,0.21372041149200408,-0.041387932306279254,0.09039189079625999,-0.21045166901363996,-0.06339781608670873,0.1007672092159365,0.045971987327218404,-0.6158330675578259,-0.47579973588086377,0.012999139482964698,-0.642979999035034,-0.9952675212724819,0.31162647600390087,0.06646578410212788,-0.78611509206051,-0.6793038331961363,-0.5062092072578322,-0.10036420307433049,-0.8523074902477336,-0.901421634729882,-0.9258567894886014,-0.6719619439389246,-0.14608032451744893,-0.8530411684793003,-0.888154052643607,-0.9979079283195955,-0.7660259729159313,-0.621193344316411,-0.16163251352546912,-0.4868975450065436,-0.9408354185717156,-1.1646172674011541,-0.027947311005314522,-0.5028834780093528,-0.7149849318779318,-0.7002119738516679,-0.8078951877135766,-1.0498583671800996,-0.13376721900551408,-0.5675721897889306,-0.6890400382571102,-0.6715713134346585,-0.7629970679653943,-0.6663965182955222,-0.8213722091532532,-0.7045581298112209,-0.5885948945314875,-0.996927792677174,-0.5769670721316984,-0.0982826428025751,-0.8302839780857639,-0.8917587980424206,0,16,train
-0.8396101832427303,-0.6169168408726853,-1.0768006195192321,-0.9585098754164382,-1.408896562697428,-0.54235134477756,-0.9663699550888861,-1.3038867183063898,-1.2706869710261226,-1.2769996479782886,-0.07152527614201891,-0.1021743792137295,0.4822796467522479,0.20804842697690668,-0.2724016004863711,0.4959528975240782,0.25206149817965434,0.22958543940698722,-0.10819859451619165,0.24307519692492974,0.5787436949661178,0.1480101464956003,0.13776189212098983,0.3011217021521994,0.22100348308403497,0.5727418696178165,0.24771846784875567,0.3245956348647215,0.26475256708965533,-0.005062685801716842,0.24092820407087773,0.47250499556268705,-0.16853066694446012,0.30892429135601174,0.1988671465917756,0.3828077053669132,0.09947678963517277,-0.04621506080996034,0.0528497353350305,0.49488867519627466,0.26042893799995565,0.47248349247533233,0.22077744859336776,0.13883642561896992,0.19966159593855676,0.2867802163884631,0.3998701147415245,-0.019623226839838664,0.24633634210221556,0.2679156917667257,0.3581974232603523,0.31105535683412766,0.368832739531153,0.5973442725726785,-0.20976411455495061,0,16,train
0.3896905190294356,-0.5080841701628409,0.557931303979914,1.0471193228308606,0.7613037895833623,0.9964629866349614,0.16574952452148256,0.7736604207567567,0.9282154681015534,0.8511439135191587,-0.4690280615743095,-0.1834814516490644,-0.07610475430234225,-0.5775162739571924,-0.06451859058709739,-0.07889560348800016,-0.3987947046127673,0.0784527563877535,0.18697939401501568,-0.09396351276322716,-0.39141044509166545,-0.05290835319216333,-0.1545798473007939,0.09564683513101269,-0.3427253541347034,-0.27325655886445743,-0.5695837513991142,-0.004852114891478006,0.0015816434345121372,0.29131248917960884,-0.15120734971063154,-0.39112989776689705,-0.1185015861061327,-0.21509369462481642,-0.026121335240059714,-0.31470081300102065,-0.26284517586529377,0.24475849712838513,-0.27243727514206406,0.26299314759832115,0.08552633391483512,-0.3904958366224031,-0.40793752781120673,-0.26910270150837395,-0.344056239395096,0.31664258990399957,-0.3130407154867334,0.3151730514888399,0.26335458768455894,-0.2026016368905164,0.3581974232603523,0.17116141254499065,-0.44676554708329286,0.14801107814233205,0.31549887148508843,0,16,train
0.046395045704970335,-0.3935234641524786,-0.07346719780756274,0.17794318550018448,0.07374782211902793,-0.173251124026165,-0.04637638211358653,0.09845760056123408,-0.004729266187298828,-0.04143154413440669,-0.5345256796284937,-0.2957626469169079,0.08131212471836669,-0.6933367106333737,-0.8346306499866795,0.12105170121185316,0.06646578410212788,-1.0261493533263517,-0.7242222227552331,-0.6900485034513724,-0.036538272807371056,-0.8758192295728974,-0.9585196307106991,-0.8113779350053688,-0.6814363781778949,-0.10460981331733746,-0.7396582016472258,-0.9931953641600765,-1.031504216445784,-0.624513501978902,-0.7163438831016302,-0.05292322625321377,-0.6256145418764514,-0.850407536035201,-1.0263713327815926,-0.1881159337416549,-0.48703189201870745,-0.6797865176111965,-0.6467401365129674,-0.8287397295201342,-0.9372092323456154,-0.05025309038315259,-0.6928240014945295,-0.6602443351657683,-0.5302903011038668,-0.8319102376166323,-0.7314883767076674,-1.021075252366851,-0.7641219893494228,-0.5885948945314875,-1.164542861315149,-0.7614648827159226,-0.07603905316763566,-0.9696341459787196,-0.7244371210377308,0,16,train
-0.6515549423407254,0.7778597548034769,-0.9621021262491966,-0.9721894030015457,-0.5127928136325369,-1.219214431811459,-0.08856717017360027,-0.5260144174013512,-1.0444415177517143,-1.0955711053988548,-0.39675482785934757,-0.43901796501725987,-0.0018515094812531266,-0.5598914248977735,0.1906105579256476,-0.2444769651925662,-0.7267652130511358,-0.46384687091655574,-0.05258535030016708,-0.05218185453742259,-0.2816298450324953,-0.022984321323773003,-0.4400698272048796,-0.13918158432177216,-0.2053460576696327,-0.007845287183744032,-0.7443824919318957,-0.31281414183749057,-0.10200691162123571,0.3794240276875705,0.059277175480913866,-0.505878589887611,0.13164381808550432,-0.5675305701517451,-0.18063149746192253,-0.436118962494698,-0.02280687372123469,-0.1377309379034722,0.04393776244524709,-0.3336818616143908,-0.2702077760887998,-0.5575240938671262,-0.6682648227287258,-0.2427066403413105,-0.5923683216734571,0.13517124315573972,-0.6632969059901819,0.3944669068824743,-0.24081093769236378,-0.4815310712442108,0.0826268866860545,0.14277713399357156,-0.6519008737166232,-0.31554152117505063,0.29008292054766716,0,16,train
2.083449802858231,-0.6942453174296799,1.5022451126497203,1.0250216244241486,1.6269943204981718,1.268714752961792,1.904947565662049,1.6240052962802771,1.427734923926511,1.3398091121455171,2.4309354412385376,1.5413900135862548,-1.2225748543399582,2.252530917869498,1.3127063499955909,-1.2098475456965454,-0.7776133538942939,0.8163358558346004,1.3933589993164717,2.103751709914093,-1.0220106361292247,0.7700025231885708,1.5537921924452547,1.5956133643856758,2.184579979110649,-0.9367847380662409,2.0878295337276302,1.7307168276647324,1.3314347150961399,1.3059302053318949,2.34865680564649,-0.8712625832193582,1.8349066157176512,1.688529165951555,1.2614633499421304,-0.8830410872267446,2.2598215089317044,1.5470998249975927,1.164618353335511,1.508454520540139,1.5944318505135866,-0.8204389432338198,2.2837484649208775,2.3177112928638417,1.0965819620991886,0.7990347774626649,2.31233090713646,1.4429078837538625,0.8909023935334711,2.042921183108417,0.8525198290740411,0.9415918303692233,-0.6420148338788723,1.6837068059422502,0.7475700374212496,0,16,train
-1.834157363315078,-0.9706230206796791,-2.368550640812835,-2.1160083633870723,-2.2213639618495953,-0.9900064230066571,-1.6918171164541225,-2.5335047343332984,-2.189650244719365,-2.431785700016729,1.5704322523197722,0.5424745522378545,1.4327211804621887,2.1795136860519055,0.681970399505749,1.6175323098248178,0.5546079361964441,2.6165928153284144,0.8372265571562261,2.5048556288818173,1.6331480629762876,2.546207557662311,2.7185913104539248,2.3000986227440303,2.3243278841354624,1.8085631033811385,1.9083065029101791,2.730996589605657,1.6450000709405659,0.39010421417338403,2.3947904002090206,1.583755487679075,0.9230129149826833,2.947563530498412,1.852396952825746,1.6667400521404803,2.5360920076258107,0.9111818072452409,2.2719309848911,2.558498314045479,2.620131867690734,1.613843250314273,2.3205872330695834,2.5048833629575644,1.858643180125883,1.9085368088475954,2.19144602722819,0.34747795553809835,2.713981951542006,2.1809771657683266,2.1053714438087354,0.34552198078942226,1.5230278905885657,2.5624660279610922,0.5103544953386513,1,16,train
-1.9073600745386772,-0.8746784293960006,-1.8652135635501554,-1.7887519726971928,-1.9302660166988188,-1.5237490162798113,-1.7105685778141286,-2.0274045882475673,-1.8769739441266438,-1.957687756633975,1.5433297896766616,1.2781099695099323,1.2693640418557925,1.8194631981237765,1.4568070727666782,1.4457025948483815,0.979189912236813,1.867597018600741,1.6158119761805698,2.0703263833334495,1.2476394441638525,1.6848229260222178,1.6200258677830026,1.7277043503278673,2.0211459884884095,1.3053875674864526,1.8185449875014537,1.7880120884918975,1.4378229608290702,1.4154021168114836,2.2160227212792147,1.2123320894988692,1.7143820118798623,1.880978249298496,1.4566340811697465,1.1629838999858615,1.9971380839438664,1.6034172878243693,1.984519859195585,1.8341504862676017,1.721903239931556,1.1529689849538334,1.819579986247188,1.9985589169348024,1.7023778180024316,1.5019491079052916,2.0736607596252603,1.5633170715738258,1.7822330059087057,1.893595324313005,1.8752558411023628,1.0105250782798125,1.2017315958616628,1.993689832479641,1.3596708558308113,1,16,train
-1.2826127977165807,-0.7572537057353792,-1.2605409242722017,-1.639329440613711,-1.2068658992718888,-1.434433219421602,-1.2745971011939867,-1.2096723713023636,-1.5465030573213283,-1.6001278552000542,0.5970021357213788,0.7651010600965096,0.9129484667145649,0.4925638475075259,0.6488981024763192,0.8052463844816637,0.7427460573161285,0.7563272905181401,0.6853596210278513,0.875370958075439,0.6808651833932529,0.7165667519950165,0.33646291813423346,0.5447561873344637,0.6212983296805341,0.6280358845512984,0.5146408689325975,0.3818908956918866,0.45513153313805677,0.9267835850855143,0.9905991157119984,0.8801648228336445,0.8957243254345048,0.3854401919638317,0.45638408362821364,0.6850613966596846,0.6248436396108492,0.6225548102580111,1.0376227396560975,0.562633436067587,0.49758501133571226,0.8684023244628238,0.628459816105709,0.5203794915792503,0.9788477851568622,0.8587595244937378,1.044589474252297,1.0846171297529958,0.6866834465453505,0.9356558527952669,1.045703298012724,0.6009804877521941,0.8656062413781336,0.6400024872337874,1.120337317836761,1,16,train
-1.5716372954787223,-1.0923437708156891,-0.7315915621045622,-2.0854924941587556,-1.8770428849361769,-2.1973838214995585,-2.4629709648843736,-0.23974774765834792,-0.6605868723086171,0.41015336841732297,1.9543838064305075,3.241095004020161,2.2792081714226047,-1.1616541284979327,-0.2109816202888584,1.8518455575199584,1.8232690502332345,1.7675827430733069,2.4264819591756974,-1.5117544485588623,1.500390128021012,-0.692000176667071,-2.244366500198701,-2.5080132655517393,1.2608226408110357,0.17186026135007235,2.5626207073369422,-2.382605439218831,-3.1956651099077593,-2.6857894937409146,-0.1339072517496826,0.35775630344197307,2.0964222655543625,-0.8573635269995482,-3.308784606304548,0.5584765174003188,0.004367273691300303,-0.9965722460118145,1.7840004691754583,-2.7698876852558127,-2.1318829517744895,-0.4801961969945692,0.21832153071678737,-0.8954092437450607,3.123750426906154,-3.1473927378982256,-0.06817134336485353,-0.548248929464068,-1.3831606724071632,-2.4453069878555747,-1.4969320652243534,-4.879212721139651,1.6812045279925794,-0.9411953362046469,2.761784149211883,1,16,train
-1.6259082710410457,-1.1524881414711294,-0.7805889767053541,-2.0928583936276595,-1.9313522030613217,-2.1930794457473555,-2.4688307965593754,-0.2071350890800311,-0.6847366678828517,0.46577379752926623,2.04472534857421,3.25077441740532,2.412864012100565,-1.2371891958954422,-0.12593857078461007,1.8362246743402824,1.8995412614979714,1.8853773342500626,2.5120407964311195,-1.6593829742900386,1.6739966583471415,-0.587266065127705,-2.5070172817104597,-2.513883976038059,1.3626728088799673,-0.10184511257066337,2.6878143998806907,-2.3563451113397136,-3.013685215890905,-2.80861163832777,-0.0012731673824074167,0.32453957677545064,2.1760139850698836,-0.6857824165456488,-3.352155879910685,0.5016424899777464,-0.006955287730589277,-1.03177066027855,1.877576184518184,-2.821999039772207,-2.0459138751902777,-0.6967143082377287,0.328837835162904,-0.7178357413484522,3.153719126491473,-3.2231972245145877,0.0062193519633125145,-0.4689550740704336,-1.3618878654292341,-2.5495533421089758,-1.4060221974885028,-4.96233810832595,1.8270236155994046,-0.8302839780857639,2.759666153300431,1,16,train
-1.2649431777660567,-0.6799252291783845,0.05570780432179757,-0.33240842055959513,-1.5316356216602554,1.2708669408378934,-1.4058573307140294,-0.8871694142501192,-0.06319719231439311,-0.07453894241532528,0.6241045983644896,-1.70895700115011,0.8476056112720064,0.3490472194522578,-0.22988007573424693,0.9052200368315905,-0.6860867003766096,-0.30382403007266123,-2.439676909726453,-0.5507763093653572,0.8927672718795581,-0.20252851253411497,-0.49259998350723133,-0.2947554122092421,0.9552721366042405,0.4870361464709195,1.0225020745345976,0.1718082726589478,0.17796215609700172,-0.24269683511106804,-0.5173927565507174,-0.004607987465544735,-1.8786156119636512,-0.9802527007030168,0.14194234998372088,-0.022780581239626122,-0.661399337915807,-1.3133579744124326,-0.06300591223215386,-0.9772570898918573,-0.4777193402575869,0.08275089223764535,-0.6535293154692436,0.18202998025598277,0.002724427235028996,0.0042362208183877,-0.5021170661124887,-0.3749771713816817,-0.16210155187402564,-0.49561841641358934,-0.04237418145074038,0.40837288329613597,0.17852647265444893,-0.9184442883853889,-0.9171747489798419,1,16,train
-0.5177706770010442,0.8036359136558084,-1.5723426535499678,-1.4541296825384096,-1.2133830174469062,-1.3225194498643278,-1.5617288532690803,-1.556332853227435,-1.7981693480422993,-1.8464468984100886,-0.07378381469561147,0.9993428640173554,-0.8186372025132334,1.0565590174089303,0.8426072707915514,-0.2069868455613437,-0.8030374243158728,0.6140847653235671,0.6939155047533935,0.1734390998819221,-0.8662753662778436,0.9260349750737489,0.768123767749211,1.099538328291668,-0.004014330091511848,-0.8510790149193439,0.7768389797317697,0.665979897293247,0.9758739990939784,1.1030066621014376,0.15442771426613303,-1.2215480644299588,0.05432614769899834,0.6497678486090283,0.9334680932957199,-0.9992925069547335,0.054186543947614456,0.8548643444184644,0.05730572177992221,0.8388236150044754,1.081581841925013,-1.1359367624738521,1.2154241886084172,0.062047884042058125,1.1993317892488553,0.9552379620054708,1.6056193015188824,1.2490784594583118,0.9313207267915367,1.4625225621300229,1.1934318330834817,0.7996704376121279,-0.9583681086868998,0.8845762512908113,0.7856939638273814,1,16,train
-2.207743613697584,2.391733700724457,-1.5266859717628665,-1.5635659032192695,-1.896594239461229,-0.2808605178312364,-1.5500091899190764,-1.8208577505848937,-1.6481864071075791,-1.6915042744553894,1.730788489624844,-0.08475143512044345,-2.9898020810818795,1.431716518816561,-0.13302549157663077,-4.51210224988006,-0.44455803137160943,1.6120049811417427,-0.24937067598763862,1.9895485107635609,-3.5673887351755664,1.1889389693460353,1.1975006975249558,1.5192941280635208,2.4356524864433644,-3.0683690137519704,1.5303632801365976,1.5731548603900283,1.264242138843763,-0.09050417768822513,2.198722623318266,-2.9276799341195217,-0.08893894742893924,1.4473881458541826,1.2262241901371442,-2.6216456533808907,1.820506125762389,-0.07202723127223291,2.0513596558689606,1.5683825782339922,1.4551026574288297,-2.8433367254199093,1.3357641645608553,2.0489513973446507,1.2763941596111053,1.210216689715051,1.69860767067909,-0.18408455654515446,1.3546495856523284,1.555499040247921,1.4661614362910342,0.9598388665808499,-3.0517370443306437,1.7462721874452098,-0.2478880409610825,1,16,train
-1.1652360366166716,2.115355997474458,-0.5823721630930598,-0.750160147581724,-1.076523535771541,-0.19692519066328068,-1.3824180040140217,-1.3195891094737275,-0.6669420816702578,-0.7221196527900929,0.6399143682396375,-0.27640382014659004,-2.3066722287278596,0.7720435968783111,-0.2558654519716561,-1.9721466448647365,-0.23862306095681976,0.18513465028368317,-0.3370684841744466,0.2625733040969719,-1.662822976009497,0.1736593166685063,0.07609605646170732,0.17783678193948738,0.5620831156869691,-1.7966066702818855,0.6563695774726906,0.532290955363195,0.37394050349976793,-0.13322492363147928,0.16884446256692381,-0.8893807977647341,-0.2435742882019512,-0.07597387533787091,0.288320398404433,-0.6918720858962738,0.1040058142039286,-0.20108808358359584,0.3424888542529914,0.11187021950077838,0.08849078483153208,-0.811159595609113,0.12499665140673336,0.6691572908845169,0.4800829992011887,0.2936715333535869,0.31928019480267794,-0.13709560520077851,0.2825001139646952,0.2960903821054827,0.2530828886907748,0.4773061312067252,-1.3266230926431193,0.08828957761677969,-0.25424202869543777,1,16,train
-2.1496862910030057,2.7497359070068397,-1.8574185203182112,-1.8992404647307535,-2.1073143937867913,-1.4699443193772757,-2.4090605134743557,-2.3281657729142666,-1.6418311977459386,-1.81731238792288,2.9391066157968635,1.978899498595438,-5.511442275206066,3.211826273817869,1.6765016173193197,-5.1744276966983245,-3.116627832679559,2.2276484104995036,1.7334553774067758,2.2151694651829055,-4.512012503126566,1.86436711723256,1.9854530420602323,1.5691951671972375,2.6725133424176244,-4.605542628902769,3.0681197677966074,2.3943869322460616,1.2586427574893981,1.4794832357263648,2.1670057770565263,-3.3474185710873963,1.9235945317492316,2.0525593597523955,1.5135588777778013,-3.729909188121052,2.334550414316176,1.9812136009539951,2.5482021444743856,1.664788584089321,1.8138012183491614,-3.557846492522336,2.794579383249594,2.7832418261738696,2.8047978384623966,1.3434488177074444,2.510706094678236,1.4194134080816745,2.3225623031481084,2.451454193020394,1.4434339693570715,0.8827958247984267,-4.250419374657936,1.6410485912811414,1.5990043938248613,1,16,train
-1.0264033084339834,0.7091233311972595,-0.7360458725228161,-0.7091215648264015,-0.7050477997955499,-1.2482689681388284,-0.5889967952187632,-0.8726748993264228,-0.8779350324767284,-0.9419527773753924,-0.18896928092883203,-0.02086730677839458,-0.28995409938707895,-0.3433575650249129,-0.11648934306191581,-0.47254185961583633,-0.6377809665756096,-0.2615957804055224,0.11853232421067775,0.006312466978703812,-0.40162259393437894,-0.2645140071186378,-0.2938989574939877,-0.04525021654065822,-0.020594590009710034,-0.25390365363773876,-0.2577805926109095,-0.19344901511422988,-0.1580007251648832,0.09372903919205838,0.0016101822777507397,-0.16465221594969842,0.5091359735019747,-0.2661042950300298,-0.2700847492745799,-0.22686640698431787,-0.013748824583723025,0.02652832867462603,0.08626963367171829,-0.19037563669430713,-0.1368074848374367,-0.18016395712904826,-0.2016404261784557,0.035651822874994694,-0.12785347810100572,0.03409859433392413,-0.1673589371357416,0.08316510422598371,-0.11530137652258134,-0.11807756587424537,0.017285419250911722,0.05559684987135576,-0.3306045789897203,-0.13922090057580078,0.11852525172007379,1,16,train
-0.8724251917222747,0.6876431988203164,-0.28504694267461844,-0.4670991537052689,-0.5410336590576122,-0.9060710958387014,-0.4635963973737224,-0.6782068241001632,-0.46611746584241237,-0.504935120067267,-0.3719109037698294,-0.15831497684765122,-0.2067904651874591,-0.43903531706175825,-0.5487915113751781,-0.406934150261197,-0.5182878355941885,-0.4016157661439301,-0.23011993760516858,-0.24437748237612364,-0.15142494728789802,-0.48039452274059663,-0.604512055629633,-0.3241089646408402,-0.18402858063194932,-0.22625664617099778,-0.6498966862385003,-0.41785545335395996,-0.47996515304085624,-0.39755953915536435,-0.18292419597237128,-0.10123846504088281,0.19531719369792103,-0.5721678974613099,-0.4137520930949085,-0.10803162237348471,-0.29681286013096253,-0.2949505216282234,-0.13652968857286701,-0.4535379770020971,-0.35321240175631463,-0.0038563522596184257,-0.5258215858870644,-0.16351845684012023,-0.32693126820348484,-0.20939460510044983,-0.38743141081489946,-0.41021888488996366,-0.31313848141732314,-0.40264193829569117,-0.2838535176240941,-0.20391655402733314,-0.30836098935478085,-0.4719549749324497,-0.21611810228930592,1,16,train
-0.8484449932179923,0.5630584310340474,-0.3919503927127097,-0.6049467009090445,-0.6681174634704513,-0.8920818746440421,-0.4448449360137163,-0.7482636462313623,-0.7165127146910552,-0.7154981731339093,-0.30189620860846006,-0.2183273398356365,-0.17411903746617988,-0.36350024966424876,-0.46138615494025625,-0.12575825302702828,-0.5132030215098726,-0.4282862396179125,-0.1702287515263729,-0.05496729841914289,-0.1871674682373953,-0.42268388985155814,-0.5222909414172563,-0.36226858280191776,-0.051386501286363816,-0.11843331705070795,-0.44439005885536537,-0.3199760494408862,-0.4323704115287559,-0.23735674186816128,0.0073768815980670525,-0.20390834746467953,0.12709571982747456,-0.4492787237578414,-0.5628408461160043,-0.06928114913082171,-0.19038078276520046,-0.20343464453471152,-0.029586013895466067,-0.3701598097758666,-0.49254159484107163,-0.16469837775453686,-0.41284936356436747,-0.09872812488460092,-0.32479064680453346,-0.2599309295113576,-0.2045542847998246,-0.25750479302074186,-0.3535568146753887,-0.1913317607550136,-0.3974908522939076,-0.10254413062940779,-0.2144436108961477,-0.39232630756504655,-0.33472587333060505,1,16,train
-1.315427806196125,0.7148513664977776,-0.1291460780357353,-0.46078552558906544,-0.6833240725454919,-0.9760172018119978,-0.631187583278777,-0.7156509876530455,-0.3555368229498645,-0.40561292522451126,-0.006027658087834673,0.000427402668955042,-0.23649176311589476,-0.3081078669060751,-0.7543122143437783,-0.7380968736703291,-0.5030333933412411,-0.3149367273534872,-0.1317272747614328,-0.24437748237612364,-0.2637585845577466,-0.3393240867896136,-0.49259998350723133,-0.5061009897167484,0.0717811438202513,-0.176492032730864,-0.41840646228968165,-0.2984903266306993,-0.3035846403783667,-0.3761991661837373,-0.2924914830583812,0.0618254658675002,0.48184738395379617,-0.5744865611160923,-0.2700847492745799,0.11155439266827225,-0.5164705517156204,-0.13538437695235653,0.021657830220788554,-0.3701598097758666,-0.5192216530913443,0.03326103823920891,-0.5282775037636448,-0.10112776680887942,-0.2049158484632557,-0.23925697861598624,-0.5300135768605511,-0.4689550740704336,-0.4173752356091764,-0.30121305307616597,-0.3321493848587649,0.07992623148685785,-0.2663453200443397,-0.4150773553843046,-0.29871994283592496,1,16,train
-1.0352381184092454,2.2342127299602086,-1.4053060128654502,-1.557252275103066,-1.5490146034603016,-1.5936951222531077,-0.615952020923772,-1.294223708357259,-1.5325215967257189,-1.5709933447128457,-0.06700819903483379,0.12238801132195742,-0.9493229133983502,0.04438911428230271,0.9937949143546596,-1.8221861663398464,-2.727639555229401,1.2430634314183193,1.3120781039238203,0.7472405395163049,-2.6125528183818534,0.9645087303331079,0.6470760162698787,0.7825199620304084,0.6710391094351287,-1.9071947001488494,0.10598975930866263,0.7710212088097165,0.905881732164419,1.167087781016319,0.7512810939188714,-2.465665463212437,0.8229547533060285,1.0045233877907394,0.8738325920872816,-2.1127227714605836,0.6112565659045818,0.894755880587431,0.7613515800728118,1.06029687169915,0.7881012011720141,-2.38246246005947,0.18639459832124258,0.5827701816104911,0.20394283873645952,0.9506437506953883,0.13640306878760308,1.375361266196322,0.8483567795776127,0.2820030369361042,1.2644551672521152,0.8260272676955884,-2.7699849089547444,1.1974031588056095,1.3490808762735524,1,16,train
-0.7525241992008622,0.9310846990923366,-1.817329726553927,-1.535154576696354,-2.077987361999213,-1.0610286229180041,-1.1820117607289564,-1.970634404796423,-1.9341708283814099,-2.0371455125081797,0.10238219248460821,0.41664217823078853,-0.821607332306077,0.9331850739929981,0.736303458911241,-0.41630668016900263,-0.7674437257256622,1.5897795865800908,0.9698427549021308,0.5689721310862054,-1.4764512596299755,1.300085373428628,1.4327444409659225,1.7335750608141869,0.31337921691399634,-1.2270783164670211,0.9280162688412023,1.7426533403370583,1.4154254354116111,0.8173116736059255,0.6128803102312799,-1.366493780792966,0.1339178672145192,1.809099676000241,1.3726022385578562,-1.2447121708249325,0.47085680427315096,0.8032400034939192,0.3848207254794626,1.964428872558587,1.6952231816812833,-1.2751269768444546,0.9894797439630232,0.4243938146081106,0.773348130857529,1.348043029017527,1.2491638864047534,0.8026834216867402,1.3737951119324647,1.2033154110134585,1.5513894372933943,0.9598388665808499,-1.1017156863342872,2.1785420960111126,0.6374342500257575,1,16,train
-1.084460631128562,0.9840690256221292,-2.086815506858282,-1.63722489790831,-1.535980367110267,-1.7820115614119827,-1.7879183559241538,-2.0648487518004495,-2.019330633827395,-2.0848201660327024,0.7438071417048953,1.754337108059751,-1.3443501758465444,1.9730511684987126,2.096992250979214,-0.7412210503062643,-1.4106727073916103,1.2652888259799713,1.5195582842682196,1.167842565656071,-1.1292381989777165,1.648486601610601,1.8895284088124595,1.8480539152974196,0.6970938035922972,-1.3127840396139183,1.4098938778775185,1.491986574218211,1.6477997616177482,1.9707718140737875,1.183783542942595,-1.4208484244290935,0.9412053080148024,1.6120132653437347,1.638251289395445,-1.443631266803936,1.170591100145927,2.126700379923168,0.879435220862442,1.4407097596688268,1.9027347458500703,-1.4143171912150572,2.2837484649208775,0.9979082345106705,1.6510029044275982,1.3411517120524032,2.3526258671058833,2.197667914722901,1.63970519915658,2.1246277850908126,1.6195718380952824,0.9983603874720616,-1.3142655428459307,1.547200519026702,1.6053583815592165,1,16,train
-1.7180427179259206,2.3945977183747162,-0.4242441432450498,-0.4755173245268735,-1.6054962943104523,0.7328199718125363,-1.613295372009097,-1.6408841902823306,-0.6351660348620545,-0.5473125898668428,1.2926320102278874,-1.2617681027557681,-3.078905974867186,1.3033069042407948,-0.5676899668205666,-3.518614079652664,1.5029257629213395,0.10067815094940552,-1.6910370837415065,0.14558466106471907,-2.949553730191399,0.21427050277560747,-0.07464265292764992,0.1572892952373687,1.5261067995022066,-2.695134412950967,1.4075317327351837,1.1935737574100593,0.3767401941769503,-0.4536305182058854,0.356262190477204,-0.90749901231011,-1.480657014386047,-0.13394046670743154,0.3425344904121042,-0.4309522327290096,0.017954347397567797,-1.5151622162083818,0.28233303724695336,-0.06270281812914169,-0.19609650317137586,-0.5482447462424194,-0.00025516029886546026,1.4370427066536349,0.16327103215638314,0.4292007670010215,0.33787786863471947,-0.6862789740381723,0.22931809651987217,0.09041514263255652,0.43490262416247644,0.6618039417909494,-0.8718652601065797,0.1963570547582554,-0.5782954031475587,1,16,train
-0.6364095538117049,-0.5753885849439289,-0.7950654855646789,-0.6870238664196894,-0.5030171363700109,-0.6596455840250878,-1.1890435587389587,-0.7989944484642997,-0.9351319167314947,-0.8995753075758166,-0.08281796890998172,0.1475544861233706,0.6872186024584539,-0.08402050029346349,-0.2818508282090653,0.3772341853585402,0.23172224184239115,-0.45495671309189495,-0.32851260044890435,-0.1078907321718287,0.356629457637099,-0.2388648369457318,-0.5496979794880484,-0.19788868918496838,-0.3403567455749608,0.4483303360174821,-0.32392065659628627,-0.4250173609573556,-0.4099728861112969,-0.26138716146124175,-0.1886908952926876,0.37285481556311967,-0.19127115823460894,-0.41681743259088744,-0.22400277106805946,0.3001400291158988,-0.22661297931524713,-0.2926039606771077,-0.15880962079732555,-0.2841760748238164,-0.25242107058861807,0.44155233372630953,0.06114278661564376,-0.15631953106728474,0.054099340809862326,-0.11980748455384053,0.356475542466761,-0.33973545787339976,-0.26846558676367177,0.22001871819083876,-0.12476124908635519,-0.06807750667411316,0.3218740503018364,-0.2842588304235708,-0.25847802051834134,1,16,train
-1.5590161383712051,-1.2226565739024764,-0.9587613934355063,-2.108642463918168,-1.5023085898726771,-2.2684060214109056,-2.371557590754344,-0.4595812240010762,-0.5690718575009914,0.38234315386135137,1.8053202618933986,3.2178644118957798,2.454445829200375,-0.8544781877480607,0.2898274490139373,1.923701620146468,2.080052161491182,1.0763729722059292,1.8125973018680415,-1.5646778823115481,1.413586862857947,-0.2388648369457318,-1.961160440133848,-2.4551768711748627,0.680513543674099,0.26862478748366575,1.5728818926986257,-2.284726035305757,-3.2068638726164886,-2.6777793538765544,-0.3357417279607536,0.17355445556398486,2.128258953360571,-0.7391116806056446,-3.5229302697348492,0.6953948561910613,0.15835410902899857,-0.5366462995931394,1.7617205369509996,-2.3790525263828575,-2.241567635692277,-0.49256866049417836,0.6309157339822894,-0.6170507805287554,3.021000599756487,-3.085370885212112,-0.3347380016241152,-0.7127102591693838,-0.9874864626176797,-2.3917750762119363,-1.6673880672290737,-4.990722386877368,1.935770053814664,-1.330807030109441,2.926987830305121,1,16,train
-0.2539884934539367,-0.5696605496434107,-0.47769586826409544,-0.4997195656389868,-0.6887550043580064,0.08285923322990499,-1.0144205748239017,-0.7700054186169069,-0.8563273206471501,-0.8280633272890324,-0.3402913640195336,-0.508709741390404,0.3218926379386954,-0.11675236283238428,-0.6432837886021208,0.2616396498289375,-0.18523251307150393,-0.36383259538912166,-0.7798354669712576,-0.32794079882773275,0.3234399738982801,-0.4932191078270496,-0.4606251057579738,-0.3505271618292785,-0.3640428311723868,0.2603306852436435,-0.04991182008543972,-0.3032649316996297,-0.418371958142844,-0.6992748073795968,-0.21464104223411098,0.49364291253229226,-0.5119120854257073,-0.4678280329961008,-0.5194695725098673,0.20972225821635185,-0.2945483478465846,-0.5741912748109904,-0.40166088204392353,-0.1773477980652086,-0.34728349992292074,0.47248349247533233,-0.31706856637773306,-0.25950413381126,-0.14069720649471404,-0.3541122613680494,0.08680927190215906,-0.7626360199727832,-0.34504769188421697,0.0706928593954266,-0.44862765289532375,-0.1045715790973663,0.2576147913564558,-0.17903523425950235,-0.6693692273399848,1,16,train
-1.2485356735262845,-0.7357735733584362,-0.9877144111541559,-0.909053121839511,-1.0406793858089454,-0.22382753911454856,-1.816045547964163,-1.3848144266303613,-1.3189865621745918,-1.3180528218466276,0.9696609970641513,-0.15444321149358767,1.0941263840780224,1.1295762492265229,-0.5322553628604632,0.867729917200368,0.06138097001781208,0.17179941354669198,-0.43118320515541125,0.6581063353012552,0.7268198531854636,0.14587271564785814,0.19942772778027232,0.7561017648419701,0.474444598976493,0.8879177547386637,0.7673903991624301,0.42008773624333,0.24235504167219632,-0.44562037834152524,0.7714645415399785,0.7472979161675547,-0.2458483373309661,0.14429917186645952,0.25579194319983034,0.5662266120488514,0.3440441163479877,-0.36769391111280975,0.4561165085977299,0.421932778873323,0.5450162260028636,0.7446776894667327,0.7242406132923433,0.625963736247504,0.6748795465057651,0.3419107521094535,1.3452518678703014,-0.542375310546021,0.4165187979256494,1.0962515877261818,0.389447690294551,0.4428395072514306,0.4281489785576581,0.5319350100923116,-0.44909765254900064,1,16,train
-0.3297154360990393,-0.5195402407638772,-0.5511919901652832,-0.48183095264307696,-0.7702189815457238,0.10330501805286856,-1.0472356322039125,-0.7675896661296242,-0.8372616925622282,-0.7949559290081138,-0.47580367723508715,-0.5571068083161986,0.6159354874302083,-0.24767981298806746,-0.8299060361253323,0.2522671199211319,0.0029056080481804523,-0.4038383056000953,-0.7370560483435464,-0.275017365075047,0.2774853041060693,-0.5124559854567291,-0.5291427009349543,-0.5119717002030681,-0.38062309109058495,0.15250735612335364,-0.14675977092116996,-0.4059189406816339,-0.5219605131985918,-0.7046149006225035,-0.36169187490217697,0.4574064834415405,-0.5278304293288115,-0.4794213512700129,-0.5059160495079496,0.21230562309919604,-0.44853518318428287,-0.7407971023402043,-0.3415050650378855,-0.29199277800127554,-0.4332525765071325,0.3116414669804139,-0.4398644602067515,-0.3794862300251846,-0.3012438114160682,-0.2714164577865639,-0.07747018028087428,-0.8037513523991121,-0.4322662004937268,-0.168792008484008,-0.3122628512915475,-0.15323034232837046,0.11426721370906837,-0.26435166358172,-0.7286731128606343,1,16,train
-2.1156091668127095,-1.2341126445035127,-0.8184506152605114,-1.7519224753526728,-1.6913050169481814,-1.8885448612790035,-2.4231241094943603,-0.21559022278552062,-0.8321775250729155,0.5783389516843894,2.8871602290642344,2.6351637261092127,2.507908165471559,-1.2019394977766045,-0.45429923414823553,2.295478639822758,1.685979069956708,0.7763301456236269,1.639340656425811,-2.102268551483567,1.6586784350830714,-0.9506293092438732,-2.4864620031573654,-2.557914304685456,1.7961281753128628,-0.06866870361057419,2.116175275435649,-2.661919835751261,-3.1592691311043883,-2.95813424912916,0.43699598096163234,0.6778447604102805,2.469366322712803,-0.8875061545117198,-3.3440237661095344,0.5300595036890325,0.3644247269073889,-1.16787119544326,2.0825515609832026,-2.8688992588369615,-1.7316820780204,-0.566803441491833,0.4049712893368954,-0.8594146148808832,2.3895172870658272,-3.5562775444955705,0.36887399168812196,-0.5071335970377391,-1.5129247949725315,-2.7129665460737664,-1.627615000094639,-3.374845957914438,1.5823441296150709,-0.8388156210179858,1.5079305696324352,1,16,train
-0.8572798031932543,-0.6885172821291617,-1.6625424395196073,-1.3194389493927356,-1.1101953130091309,-0.5886233841137406,-0.6030603912387679,-1.5019784222635737,-1.8795160278713,-1.8504197862037988,-0.08055943035638916,-0.14669968078546053,0.577323800123242,-0.0185567752156219,-0.07160551137911808,0.4272210115335036,0.24443427705318066,0.41183367481253375,-0.022639757260769236,0.602397457666849,0.60682710428358,0.9025232357485851,0.7772594471061417,0.943964500404198,0.17599992044892562,0.7165063084448696,-0.16565693205984905,0.3317575424681171,1.1410557490477384,0.1551401114854862,0.6878474013953919,0.9345194664697722,-0.10258324220302853,0.5291973385603421,1.1015317785195005,0.8116462759190504,0.47991485341066265,0.07815266959917119,0.29570099658162846,0.5782668424225051,0.8918569832564076,0.9333577578357717,0.14218807654279594,0.30201207646990746,-0.00369743696182517,0.8334913622882839,0.19219609028372764,0.07435467584891321,0.7079562535232798,0.2425584704618444,1.0911582318806496,0.7124901534899121,0.697543564136369,0.6655974160304526,0.040159402996358284,1,16,train
-1.851826983265602,-0.7586857145605087,-1.7326978286071049,-1.716145249360853,-1.6760984078731407,-1.520520734465659,-1.3660104753240165,-1.8860830677415275,-1.8960395722115657,-1.9868222671211833,1.1322757729228157,0.9819199199240695,1.0050224902927154,1.127058413646606,1.3292424985103057,1.2363827602407225,0.9690202840681813,1.5097681661581435,1.4425553307383394,2.048042832279687,0.9693583881999094,1.402682054120252,1.3002770902904266,1.4987466413614021,1.6800663558854756,1.034446894312391,0.9917941876842441,1.4323040108565805,1.286639664261222,1.530214121533979,2.143938979775261,1.0915439925296966,1.6893674714606988,1.4613001277828772,1.318388146550185,0.9718148986553907,1.73219014667165,1.5330204592908985,1.7995964217325793,1.5475380364274345,1.4047069918449813,1.0756410880812766,1.1687617489533901,1.7609943664312315,1.105144447694994,1.4031735647385173,1.6056193015188824,1.6455477364264837,1.5439775677558985,1.4709749692316498,1.6820723721636799,0.9476741757730989,0.9891817393500193,1.6495802342133632,1.3935587904140396,1,16,train
-1.4883376585691095,-0.6913812997794208,-0.8462900553745977,-0.9953393727609583,-1.332863517322225,-0.5853951022995885,-1.1152096796339346,-1.2108802475460048,-1.1105356951127774,-1.074382370499067,0.49536790080971366,0.05463211762584499,0.8119640537578837,0.3490472194522578,-0.15192394702201928,0.883350800380044,0.30290963902281226,0.3829406618823861,-0.0012500479469136313,0.5132632534517994,0.7217137787641068,-0.010159736237320005,0.0007267017670286997,0.3510227412859162,0.9031627482899033,0.531271358417705,0.3965336118158534,0.3317575424681171,0.14996524932517796,-0.11987469052421237,0.7195642476571317,0.587253687683401,0.2362500780201889,0.009816679889078837,0.15007446378487158,0.4112247190781994,0.3146054566510748,-0.10957220649008395,0.7011957630667738,0.29947109575979697,0.2545000361665617,0.5436251575980847,0.14218807654279594,0.649960155490289,0.48222362060014007,0.3005628503187107,0.71293095758089,-0.11947474844663754,0.3271730086183466,0.5722023474253014,0.3212652894926629,0.3495768777253393,0.46522162794922384,0.4153358900186141,-0.10174632307091033,0,16,train
