q1_z_6,q1_z_0,q1_z_4,q1_z_1,q1_z_2,q1_z_3,q1_z_5,q1_z_8,q1_z_7,q1_z_9,q2_z_1_8,q2_z_0_9,q2_z_1_4,q2_z_4_6,q2_z_0_1,q2_z_2_6,q2_z_6_8,q2_z_6_7,q2_z_4_7,q2_z_3_5,q2_z_1_3,q2_z_3_4,q2_z_5_9,q2_z_0_8,q2_z_4_8,q2_z_5_8,q2_z_2_5,q2_z_1_6,q2_z_2_7,q2_z_7_9,q2_z_1_7,q2_z_0_4,q2_z_6_9,q2_z_5_7,q2_z_2_8,q2_z_5_6,q2_z_3_9,q2_z_0_5,q2_z_2_9,q2_z_3_8,q2_z_3_7,q2_z_3_6,q2_z_0_7,q2_z_1_9,q2_z_1_5,q2_z_0_6,q2_z_0_2,q2_z_1_2,q2_z_2_4,q2_z_4_5,q2_z_8_9,q2_z_2_3,q2_z_4_9,q2_z_0_3,q2_z_7_8,y,split,set
1.9888708585736383,1.809544030781606,-0.8963481405151607,1.7848386440020325,-1.9046827411731926,2.0101514541514107,1.9875829247420351,2.143878230920861,-0.3025296165789469,1.0714537345576158,2.340243761210239,1.0127821571774327,-1.2838210650484159,-1.4378846605797915,1.6807156400765555,-5.6712844764254005,2.222414226953949,-2.417584301078202,-0.03870653799586996,3.0030675163557254,2.472633766871033,-1.5097021104989905,-0.3221129555681532,2.243714324199989,-1.5687703172672085,2.5521042623557157,-5.340735597731154,2.146428016420548,-2.1355180837052,-4.991167195189493,-1.4905046499804213,-1.5462864715943343,0.6873572447004084,-3.443373577635615,-4.974434993433825,2.6206641436146363,1.0057328098862386,2.44372722709491,-4.215128756844222,3.231600345864489,-2.012200428730136,2.921148329623254,-1.0727954724424043,1.04017440766221,2.668040611408885,1.8952665483886841,-3.6139583704585014,-4.027121894021694,1.240999495936775,-1.55953584118836,0.8724192239542077,-4.780449396122403,-0.9922938660193289,2.362162821688588,-2.8263209394808744,1,22,train
0.6354343512986781,0.36231820525830805,-0.5480247110587053,1.1446608958202513,0.48197452883194397,-0.682279407181156,0.6426203823873877,0.7188583026243367,0.8131660825599033,0.68285740992593,0.31050939653040316,-0.03644470434249925,-0.34598262635623545,-0.3297599692920114,-0.2393116207275515,-0.3016425205185508,-0.05400394475551697,0.06472381205300716,-0.4439567247451203,-1.3460492346716033,-0.9086185126143408,0.22841520903060786,0.006898152777891356,-0.07780173081149204,-0.37450717101888975,-0.044945186259080845,-0.14374385352021873,0.09031442983054838,-0.05870512811940892,0.22907095062843744,0.6560861514898576,0.07878610838386649,-0.026787452356651295,0.06478361563455996,-0.0833874944297375,-0.10139455874396268,-1.1619900390723843,-0.1889980580405893,-0.06144450079019011,-0.9142420876893889,-1.3780483548707814,-0.9163025435516737,-0.12498995436748633,0.5885390247121179,0.41076895305232775,-0.30296678597835536,-0.13676897363166976,-0.007994983375225204,-0.21256467283447272,-0.2932786020843643,0.09188055221603623,-0.9175525059109217,-0.3044064703653188,-0.5957567974421318,0.2495071390483177,1,22,train
0.26249232108472753,0.46131835173874963,2.366892409129527,-0.9509113888589256,1.0269761216684692,1.4705796242795213,1.3427224266474347,0.7724946386765583,1.3793209447804196,1.2931272393303301,-1.0808809910511057,0.21853500781457916,-1.7345885726778831,0.6701292870327762,-0.7755785863386737,-0.03824356054721652,0.08332598584863284,-0.08233235578651944,3.039985179248435,1.448937444941908,-1.2592517083644916,2.902832223314107,1.2169898563557164,0.049270726936504805,1.868175926198575,0.6090049907838146,0.8210984956159887,-0.6881420362461942,0.909300910501087,0.8741735507620354,-1.7447061922597966,0.7844097286375591,-0.005146703960982819,1.2455226062497644,0.4408061351660636,-0.12531423099667444,1.4889487376117598,0.20202479334946175,0.8210401409298544,0.8551231446364541,1.7107880623006197,-0.014423455266234009,0.20428014444425466,-1.4907433552334348,-1.6297448308262816,-0.14736150500630646,0.016703812657788555,-1.0935688997842659,1.97522303511133,2.9553977572562147,0.70070071617181,0.8036042324412627,2.9553121793104413,0.12574359593014575,0.7037558803755054,1,22,train
0.7737659648795203,0.5512000636749401,2.4627871184535715,-0.6338826378472978,1.3257098041859359,1.708338639856873,1.6223122929541844,1.1406349452168068,1.5173451549831638,1.4774100324546346,-1.1182839584592108,0.37972907871847933,-1.0357476715879037,1.8143324566415537,-0.6510880407503774,0.5416962548282651,0.525574914912844,0.6588307301246946,3.463380896747652,2.1856195732813712,-1.0377991636801858,3.534644212456983,1.484659910603346,0.25209791911119206,2.6937034466467216,1.115288998817024,1.2399277880819333,-0.6856707458776966,1.2466363482021687,1.0099846244743718,-1.4967812312712703,1.0318361928823603,0.6386655608101544,1.4101448693643843,0.9649997647618647,0.6305474121890173,1.972164665337281,0.32103174812034685,1.0774689242568831,1.5189303946812631,2.2175028772982857,0.7914635518403098,0.3427582233837719,-1.3118488204285284,-1.5176286888549295,0.16137913184299685,0.19079234635926368,-1.0116387928854704,2.627590571607641,3.5521993248667045,1.256444250449388,1.3514410890095019,3.4634812463701605,0.36237716546060333,1.1728493518114247,1,22,train
1.4565708095145575,0.49388418939678963,-0.564947306821772,0.4530730799068547,1.5923215853574384,0.6563364202474951,1.4486960050056383,0.9224325780952688,1.539071188070633,1.440019320806225,0.0013115326234011497,0.15698818074218093,-0.0888333770374118,-0.6699284791757021,-0.34943787259412123,1.2671986533458,0.6885087308838692,1.6294014378655703,-0.7766247884945049,0.2888466514771055,-0.047414172175373574,-0.23592854202620456,1.2392956942096855,0.029721118052197598,-0.49283278228312405,0.6535392322311804,1.2684344938518668,-0.0258362174888386,1.5341048081561341,0.8211223500931539,0.14454477628568294,0.14904300563856313,1.420437596603678,1.3221571080445014,0.7082518645516763,1.3888010225999803,0.3767422447463144,0.11701982565597237,1.1398434931742685,0.32360488392441855,0.3423546397620128,0.32266501585035356,0.13042516900984547,0.16623061468086323,0.12674139339156892,-0.07820360235206253,0.05106339167781654,0.046625087890638475,-0.721064083411445,-0.6331960166799041,0.7038228708587627,0.27733575605287547,-0.7351107406171541,-0.16424852359247386,0.7453211246799539,1,22,train
2.039776892371388,2.523387192245843,-0.6114844451702053,2.3931911121594807,1.931743009579793,2.123059845110518,1.9458699204946572,2.101212963606594,1.620863312635222,1.7444865442289892,3.522177531306359,3.3574231885068895,-1.1355820860293293,-0.9740185107383953,3.7659322786805176,2.380867940242143,2.5226779735291247,2.1558625187310754,-0.8945707383692867,3.206205777658634,3.6352596264636388,-1.068194937363005,1.6770477620938296,3.521770005011572,-1.0211703953699378,2.692738709031607,2.325375430860167,3.43891287914479,1.7306393675124168,0.6895553724343281,3.2608673871920972,-1.2224938146813844,2.218440193693953,1.3249954229257879,2.505487166022994,2.8287652922132285,2.609253821444672,3.6847997554198546,1.6411502137325136,3.4276715264827065,2.639259519721493,3.2693986706443647,3.2569524623998345,3.3247455980396228,3.7892020311224064,3.382161455454929,3.118228478865648,3.15541747743938,-0.9939174256722595,-1.0068456937925585,2.4053971752479764,2.6843669841243516,-0.9303220285730217,3.7819642388713333,1.953682155530708,1,22,train
0.061081491711021244,0.39618667642266964,2.103181958488405,1.1556773389055974,-0.20008050974736158,-0.5335443152446393,-0.5535281988685057,0.14958173588825735,-0.38304373919721446,-0.35206407319969374,-0.09842971379821239,-0.38521005775275596,2.379799416423295,0.2861511963307315,-0.08848653664942338,-0.33861079560224683,-0.20297200507188284,-0.24997638712357978,-0.2504043967454784,-0.1467992583050355,-0.6789640218306162,-0.8499787483417708,-0.01540768507607777,-0.2610793141018721,0.7344514647831205,-0.43872163695157707,-0.22707114730925484,-0.37428815944699956,-0.1848392483032917,0.23968119076221372,-0.6525810476521108,0.628622695594536,-0.24319493631333605,-0.0004976266350306749,-0.32729799962941636,-0.40756636357867326,-0.14696663781654093,-0.4342981076703729,-0.08916653142013915,-0.5457227602623774,-0.21594192287014616,-0.3716032922109626,-0.34040029938451316,-0.4085780545283446,-0.7701877423792484,-0.24615850879808354,-0.2719166511104465,-0.49047227955702105,-0.43332783157276805,-0.5761106493432485,-0.33897679458343444,-0.25324639637148216,-0.010040242495359519,-0.4959995083263507,-0.3413131192792009,1,22,train
-1.2680086515737108,0.3987919434353128,0.8748835493524831,-0.45272335155493904,-1.3671762586507257,-1.702797556234629,-2.0258845109516317,-1.7922974307296753,-1.9537081312265923,-2.0159507415539224,-0.03609143478470393,-1.0299863413683565,-0.11001037404013846,-0.8683601099411883,-0.5816606210953661,0.7496428021740553,0.867735928451997,1.1441160839951325,-1.3754273032433972,1.8968205993808507,0.07766550584076214,-1.2711867411036881,1.5515774241652533,-0.8500112817416267,-1.0707020465968267,1.4246847815039854,1.1982641411874153,-0.015951056014848218,1.2495696998343522,1.0014964323673508,0.034704603695829485,0.3811962313497347,1.0795958093718996,1.5747671324790042,1.0698384906810248,1.1639561034244896,1.6968125724434087,-0.983187327634047,1.033575709092797,1.5897994961095345,1.9686968004730845,1.1017635351860429,-1.2051189700957208,0.11344206342695638,-0.002815037330882465,-0.8216510558851849,-0.7758571434041902,0.023866724863195275,-1.0509685790540662,-1.3779005814808196,1.4500178410404547,1.198305589732553,-1.2773643182723422,-0.9576669626063611,1.487557630116535,1,22,train
-0.40149942410331513,-0.5247752125467018,-0.5508451436858831,-0.08550858204340099,-0.4998849223096937,0.1819040466981677,-0.5253437365391962,-0.6513062819824155,-0.5773000350381139,-0.5790791082078951,-0.6245647886722239,-0.24746239716215035,0.02007689326232527,0.20884017135716543,-0.6558761386576196,-0.6713252713555112,-0.6568590638483102,-0.8734945387631726,0.19718536175369367,-0.8320849590859315,-0.38984542182610576,0.06602176603806144,-0.8044766991602356,-0.3539399563023313,0.22537616050676348,-0.6309220474086288,-0.6722143220243687,-0.8092352643025763,-0.900577046556022,-0.5921616357258468,-0.6211981411978669,0.4056334130035422,-0.7084710268202082,-0.8094173678016973,-0.41929933053806717,-0.6156675121772656,-0.7813562636014431,-0.28857530591010544,-0.555820713690948,-0.6449395022619575,-0.9471890511003109,-0.6952975194421229,-0.22654054558979897,-0.6490592324628092,-0.6879692382669235,-0.5993577973536865,-0.14593152803701057,-0.604264094694237,0.24632503914962423,0.17378349430645373,-0.791689224191574,-0.9499050761806996,0.12629779988651638,-0.5609577430994175,-0.7302450481279694,1,22,train
-0.7124688914330484,-0.5482226156604907,-0.5861005515256053,-0.5934890132010286,-0.3821046173744918,1.0102607996000823,-0.46446529790788776,-0.6854384958338292,-0.43799782288904787,-0.45221776511507666,-0.33282164288900423,-0.09799153141489748,0.3468077041615365,0.3480000163095844,-0.29437474666083635,-0.27160579701304777,-0.22624826449631502,-0.5087952425211466,0.18508834125371604,-1.0156436289379571,-0.6728125622560521,-0.4363829482201291,-0.455947982691968,-0.2952911296494097,0.4207510070128248,-0.4105947476163988,-0.42223244065726045,-0.27049396397010056,-0.4165740272457741,-0.0658937250905432,-0.26343300761948707,0.47589031025823886,-0.4541922331711037,-0.37515519096485517,-0.3636706188258597,-0.4841093147873509,-0.835346870051222,-0.25457331883270967,-0.28091057661062,-0.9307782113559855,-1.0564209872674724,-1.1283780717376062,-0.17422660465709247,-0.2091546386802521,-0.232030260916758,-0.2609780593668501,-0.2238132404824073,-0.22875110474142424,0.21407873506425526,0.1556199683356997,-0.5387946945484063,-1.034021758882122,0.2564386585237615,-0.8091909974107798,-0.40662993175762,1,22,train
0.08874781442718968,0.16692317931006792,-0.4182848102085276,-0.26911596679917,0.5162378902676391,-0.14705020773077088,-0.03831622748872874,-0.07227765414593204,0.16138508993583273,0.14870438637722097,-0.6569806937592483,-0.35883284615029953,0.1773917281397233,0.041332950581105664,-0.6008130127243347,-0.8423035436176054,-0.8104823760495625,-0.9646693628236791,-0.020561007245903526,-0.7757936336646436,-0.2893715821082263,-0.1648814107169655,-0.8853353613808737,-0.559210849587557,0.14557516686344263,-0.8395298099778679,-0.7533487922926407,-0.6980271977201845,-0.9621774308318717,-0.5645750113780285,-0.5960918160344718,0.04823963131660707,-0.784213646205048,-0.9456564821034517,-0.6246976507062177,-0.7998489885231462,-0.7219665965066863,-0.43186939430770177,-0.5743020674442474,-0.455955231786567,-0.8409913353822371,-0.6060025602059407,-0.4142552748189223,-0.6578573243384602,-0.4786857732537328,-0.4758615426139652,-0.3841579425758712,-0.6793666926847997,-0.20760370297518518,-0.06493713273774217,-0.979018505408735,-0.6479477536627726,0.055030186823263064,-0.4635203909398173,-0.9707296758894217,1,22,train
-0.9647857546045046,-0.4218671655472954,-0.7750695375465163,1.402935283710033,-1.4410566317464433,-1.893873294780811,-1.9221656895797732,-1.062111855836931,-1.8795840183399333,-1.965206204316795,-1.694289656544029,0.25370462328452104,-0.793724848699599,0.5077761345882875,-1.1227156846137305,0.5162805657082241,0.39988311402091037,0.650007360054323,1.1286559402519705,2.0485624331251917,-2.423928054481952,1.0733685921012008,1.4400482348954076,0.11036325469996482,0.7151891559726637,0.4847778962201105,1.3846541404523645,-1.879303993862035,1.4637043689837346,0.9887641442068192,-3.2416708301272275,0.32621257262866776,0.6521910285574471,1.4271747586521037,0.5178305052291201,0.6807787239197121,1.9937609079171925,0.19230993989877723,1.2068384005299786,0.7464571891131047,2.2417766408909885,0.8026254217448326,0.21043472573045544,-2.8661783851268963,-2.9527153060882374,0.02306332653450896,0.06022594608315733,-2.431760645797926,0.7771488140933904,1.0663910562977947,0.5726923740067499,1.498106074232495,1.1333401583890088,0.25334012852009835,0.5167122810054869,1,22,train
-0.9205196382586351,-0.7344992070644796,-0.5212306011005164,-0.6963091486642592,-1.0941400972100306,-1.0101480040047186,-1.2310826732651052,-0.9682482677455432,-1.2226910179305759,-1.2574534481147555,-0.10840383844037375,0.48230712383914304,0.3649594158781594,0.36346222130429756,-0.224947327005825,0.1604609180276497,-0.09124595983460844,0.09707616897770302,0.5298534255030782,0.26926706002622275,0.08381696541532618,0.4440940005050835,0.3275445719286975,0.09814474914727282,0.43726155742178774,-0.0871355202618483,0.2334217920512078,-0.1765849299671919,0.43116459445520566,0.28848829537758464,0.06294921950464895,0.5461472075129356,0.16527418965490642,0.38551319721994004,0.06638211402620565,0.07082708147556202,0.3794417750688034,0.2578852006908976,0.32435375880993406,0.11099757963960429,0.4091074896419449,0.1641664632061303,0.44430881460608457,0.09291318238377039,0.12175845374839772,0.06752197824080863,0.20682681656861004,0.12400352218394535,0.38523219520967517,0.3424448068920269,0.06378116003346207,0.26870840398093465,0.5508048863937208,0.23942050678301263,0.24060030098307872,1,22,train
1.7443005657627093,0.8872795083059128,0.6083526660841831,2.262217844367032,1.3353463745897252,2.014494084572915,1.0146552851342725,1.3503042588754912,0.7837720377945041,0.7669865111348517,2.1083453632799873,0.38559068129680296,1.3512024191480005,0.8505216786377636,0.809281820958482,1.5352186477025962,1.5892999706093942,0.9382374490197952,0.23650067837862093,1.1307690838650635,3.243616700216394,0.9642604975905837,1.1807428698430167,0.6039908790287217,0.649146954336812,1.3895261698350125,1.3188694348294412,2.7914348025984204,1.2143694802481522,1.0439373929024558,1.5034246257544415,0.18569877811927443,0.8956494480087175,1.1234750663544428,1.437843814315628,1.357705448671455,0.5414135944181401,0.5420446641234191,1.0243350322161473,1.8638266882988508,0.5608185120963359,2.5662008666594303,0.3427582233837719,1.456617423109697,1.9131252554684468,0.6034957238111992,0.6328855964169571,1.9992926356452652,0.5092564416918636,0.3398500174676335,1.0940922067278485,1.4139893915310724,0.28122739350228443,0.86348354799569,1.0600294029850643,1,22,train
0.5314089778858848,1.4656487851127034,-0.5381531968635831,1.6318324900388916,-0.11013918597866194,0.36320886679596553,-0.369765504481408,0.4896848667648444,-0.22457149785332278,-0.20517199172379877,0.38032826902553263,-0.3236632306803577,-0.5910307345306439,-0.22925563682637554,1.2186641920276868,-0.3686475191077499,-0.09590121171949487,-0.27644649733469456,0.061093881128945426,-0.550628331979492,0.21299761648117127,-0.1927927837313094,-0.001466536417347066,0.25209791911119206,-0.2011463917247789,-0.4574728965083626,-0.018752912836664592,0.2435344326773993,-0.020571556901025755,0.3627599763140186,-0.47997506215376956,-0.727640886191782,-0.05113329430177833,0.08749013468485235,-0.3636706188258597,-0.34059128127108035,-0.3197365784558334,-0.6334526034094051,0.05868429860625574,-0.12759506183557615,-0.44047423610264486,-0.09255654459789339,-0.5342696098998373,-0.3059336493124146,-0.6505971909431394,0.10951070485231389,-0.5536651990746759,-0.561023204942095,0.005718000974178805,0.1867574414284209,-0.3420989492703871,-0.41716608573835684,0.10460765678030884,0.07702491985034565,-0.3502199573444399,1,22,train
0.9253774133641234,-0.02586657962552892,-0.4662321648705498,-0.18832871750663163,0.8128301126953748,0.7855296752872432,0.8940257863648281,0.7371434171875941,0.8093320767209382,0.7215835041332115,-0.6320453821538449,-0.2269467881380176,0.21369515157296898,-0.23183267099216107,-0.4428057817853434,0.07959281628206462,0.14384426035215647,0.2970725572394592,-0.3139137543703609,0.08570839017419705,-0.3939463948758151,-0.30951307088220215,0.19649777453662892,-0.4468005985027905,-0.21215342533075418,0.011308592411275761,0.21587920388509493,-0.6881420362461942,-0.011771502004475793,0.22058275852141643,-0.5301877124805597,0.19486272123945225,0.2518371832375803,0.2634656573246184,0.05354471901569625,0.17846560661276495,0.06089719701510784,-0.5848783361559826,0.08640632923620478,0.16060595063939428,0.11782232652951409,0.06147726008452081,-0.331168427455212,-0.39098187077704233,-0.5559213377228864,-0.6536961494391639,-0.38644858117720643,-0.4039905000527369,-0.16543545917124114,-0.3062525492063315,-0.08296011025331418,0.02498570794860781,-0.2517304085359577,-0.40552196703529336,0.07137037774353822,1,22,train
-1.212676006141374,1.2897932617592873,-0.8892970589472162,-0.03287446508008055,-0.2868096433814648,1.8473028133450053,1.6764264606264587,0.30561471349472025,1.6988214313608463,1.7017543023450925,-0.15578093049064018,1.0274361636232416,-0.01925181545702423,0.6752833553643472,-0.8474000549473061,-1.8080997301791644,-0.8663453986681997,-3.908733842971002,-1.366354537868414,2.327571611300271,-0.3180783934561918,-1.3295468846791343,1.467930532212869,-0.583647860692941,-0.355244862208433,-0.044945186259080845,-2.615055961421368,-0.2952068676550765,-4.4909994443484065,0.8105121099593777,-0.8032189986324811,-1.0636521339316356,-3.492012289213066,1.3931149800766651,-2.135231130276159,-3.1415849020636277,2.1395355453315954,1.1152210177138044,-3.5659712062595816,0.1795043776869333,2.381350781549028,-2.7468492078934075,1.090539849657165,-0.6637227189222277,-0.46871989396739033,-2.3381850640889628,-1.4470142535954034,-1.2323949142516692,0.005718000974178805,-1.261135057383115,-0.5887491695396493,-1.823424473464703,-1.38581503380338,1.2694725153273574,-0.5877356390841458,1,22,train
0.6586740623802596,0.6554107441806681,-0.5437940621179387,-0.15772748671400347,0.46377211806923097,0.6780495723550157,1.048476639929444,0.7444574630128971,1.0483184406830974,0.9031955321397726,-0.6395259756354659,0.13940337300721,0.13503773413426998,-0.41222506259714853,-0.5433558378374288,-0.3016425205185508,-0.14245373056835922,0.12648740254560834,-0.5679511848698909,0.09549818589963842,-0.3201288799810465,-0.3196626610692363,0.2494741394398056,0.05415812915758161,-0.3304790365949885,0.18710165075614016,-0.2950486764529422,-0.6535439710872278,-0.4488408951997906,0.18026384601306655,-0.7373148950785691,-0.23278795770217953,0.21126077999570195,0.20102272993631434,-0.2887858145978881,0.17846560661276495,0.08519296991750834,0.19230993989877723,-0.27398006895313276,-0.0023929826456299736,0.12995920832586538,-0.11264791042603436,0.13042516900984547,-0.640261140587158,-0.6605630702294818,-0.11525247877397893,-0.12302514202365857,-0.45633473501585625,-0.16295497424159736,-0.4930773877626587,0.17305657407680608,-0.31363786087506756,-0.4593360639810869,0.07238504593798374,0.24060030098307872,1,22,train
1.682328002878492,2.6692821449538626,1.3402549328368163,1.8350246625019426,2.0859281360404207,1.4901214611762899,1.951506812960519,2.14144021564576,1.5940252717624663,1.66970512093217,2.587103346103732,3.363284791085213,2.349546563562257,1.925144925770332,2.928015144913139,1.7870650217102755,1.6335248635158153,1.008824409582768,1.9331078035004825,2.011850699154787,1.8492858633152087,1.5833854989996672,1.4456246943589,3.8027956327234884,2.520342667352611,2.6552361899180363,2.5029941360420596,1.6917105886169903,1.7277060158802333,0.6916774204610834,2.297412159046811,2.7241110224085316,1.0958263706686509,1.1774030490988874,2.7173041836963994,1.929385615511266,1.683314920830964,3.9058126714229267,1.5164010758977429,2.2654182630590554,1.741130266791498,1.4522462501880578,3.364657634908348,2.298301545880323,2.7701908740938945,2.821488458936594,3.617587693956721,2.459011568799618,2.2059081335682005,2.3015108223090692,2.283633142456822,1.853984347200052,2.0319318013604635,2.689273932510103,1.852737990791333,1,22,train
1.7520471361232366,-0.2577353437507738,-0.7073791544942497,0.38575037216307273,2.0281087136176854,1.6442848411396869,1.8804819678906592,1.7635478480051077,1.8892437213627806,1.9781784920315495,-0.021130247821461896,-1.1384259890673438,-0.27640106477584786,-1.0100969890593927,-0.5936308658634715,2.089742773958037,1.7941310535443973,2.267625206289116,-1.0578805151189847,2.356940998476595,0.24170442782913684,-0.898189301730183,2.1147998299779736,-1.02840146281093,-1.0569432545893576,2.141920459551032,2.3604606071923926,-0.07526202485879051,2.3525099135352807,1.0227169126349034,0.07864067273177086,0.3750869359362828,2.275247158232583,1.8983350289456709,2.1267840132129665,2.2929646337524847,2.3446998498407554,-1.0487625884261673,2.0130874580176634,2.2039983751545535,2.4298983087344332,2.092937582707665,-1.269742073600829,0.19555758759970038,0.1666049105369386,-1.204489445578321,-1.1675563442325092,0.023866724863195275,-1.1179416721544477,-1.115826849617083,2.4678402689870302,2.1041775572863344,-1.1627164189966739,-0.853269799578218,2.099160510596278,1,22,train
-0.4070326886465488,-0.15091939623240255,0.6845043470179831,-0.10998956667750352,-0.7129602012379226,-0.8809547489649704,-0.6392089643496065,-0.28194696780461653,-0.7357722763820055,-0.8034233780983528,-0.5323041357322313,-0.21522358298137031,0.28025142786725277,-0.12875130436073964,-0.5242034462084602,-0.46337872400972097,-0.5032357516470578,-0.5352653527322614,-0.2504043967454784,-0.42580843648011457,-0.3262803395556106,-0.39324718992523394,-0.6622769828411824,-0.4468005985027905,0.28316308693813375,-0.6543611218546107,-0.4441606758649015,-0.5546923563473241,-0.6160419382342399,-0.2271693751239427,-0.4893899340900427,0.0360210404897033,-0.446076952522728,-0.5227475647917558,-0.5476732806431613,-0.4912852164631644,-0.25494785071609877,-0.27400302573407864,-0.368697006938792,-0.48902747911976036,-0.43440579520446926,-0.3559766743446307,-0.3650186245293162,-0.4730973949497863,-0.4512796052162911,-0.35236528787424387,-0.36583283376518966,-0.497299788465254,-0.465574135658137,-0.13499644719636486,-0.7323682851394728,-0.1993254459218523,-0.23933604104669626,-0.2732855605329788,-0.6322698294103407,1,22,train
-0.09495656840816878,0.07313356685491271,-0.47328324643849423,0.26456949822426523,-0.3092949743236397,-0.22630321292322142,-0.6098971235271247,-0.44163696832373095,-0.5888020525550093,-0.5697314302957927,-0.8390084684786929,-0.4233104745118596,0.029152749120636694,0.03360184808374906,-0.6439058938895142,-0.8168878544975644,-0.8314310095315515,-0.8440833051952673,-0.03870653799586996,-0.8100579187036884,-0.44315807147232755,0.16498027036164442,-0.8490883748681738,-0.4639065062765593,0.17859626768136852,-0.9051592184266173,-0.8586043212893179,-0.8512472005670355,-0.956310727567505,-0.6303585002074414,-0.8691231021863932,0.039075688196429245,-0.7625728978093794,-0.9172733332905861,-0.5776272023343499,-0.9314071859130609,-0.6220839745745953,-0.5168743620011911,-0.6135749441700086,-0.5882442211193404,-0.8167175717895346,-0.6618119097285545,-0.3927142403172197,-0.7692998214300414,-0.8748294748858437,-0.6586359996287527,-0.46891157082527357,-0.781779326308294,0.07517157900420429,0.20492096739917492,-0.9321861851044447,-0.6652024578066541,0.18207245358819288,-0.33592385834986466,-0.8341581588890908,1,22,train
-0.3306736379499239,-0.07276138585310654,-0.4267461080900609,0.543652723053034,-0.203292699881958,0.25247179104761,-0.07101020379072771,-0.079591699971235,-0.0788792759726482,-0.09967676957292873,-0.582174758943038,-0.4467568848251542,-0.16144022390390317,0.1315291463835994,-0.6103892085388191,-0.7059830292464763,-0.8872940321501886,-0.8087898249137809,-0.020561007245903526,-0.7195023082433557,-0.12123168707014219,-0.03293673828552154,-0.8658177532586507,-0.44191319628171377,0.13456813325746736,-0.7481174196385384,-0.821326321436328,-0.9871681708344032,-0.7979097394296057,-0.57730729953856,-0.6023683973253205,0.04823963131660707,-0.759867804259921,-0.9768779457976037,-0.6161393873658781,-0.8046329229736885,-0.5815910197372611,-0.22057133175531393,-0.6528478208957696,-0.5315489399767231,-0.7256909583169,-0.6573471617667455,-0.5558106444015399,-0.39391456806892605,-0.496126062004832,-0.44375251638163765,-0.4941085954399608,-0.6247466214189359,0.02060091055204141,-0.00525697597669319,-0.8978424835479653,-0.7428486264541211,-0.019336018112305602,-0.4124817779038362,-0.8163444827586128,1,22,train
0.036735127720793015,0.310212865005444,-0.564947306821772,-0.17486417595787523,1.0077029808608906,1.2708186248903308,1.0169100421206174,0.533569141716662,1.1863426508858417,1.0260507275559756,-0.6968771923278937,-0.12143794172819206,0.23487214857569563,-0.1261742701949541,-0.45956412446069095,-0.6158728587299671,-0.4520279809133071,-0.5911466965112815,-0.4983933169950196,0.7514144995042102,-0.3201288799810465,-0.6368373544140535,0.5450264910048965,-0.24886080854918008,-0.24242276774718624,0.06287455619243598,0.4066548501915723,-0.5448071948733336,0.5778321760643716,0.490082857919334,-0.5615706189348035,0.07878610838386649,-0.5569857880505289,0.643799851417016,0.038567758170101926,-0.5247727576169608,0.8734558240842804,-0.23271489856866956,0.42369103523391816,0.4015608954955171,1.0705675475430898,-0.39839177998181724,-0.12498995436748633,-0.5346840380793443,-0.4911431223616608,-0.34495551258986057,-0.16196599824635696,-0.5701265501530722,-0.5027814096027935,-0.49567217718705214,0.03255961316393521,0.5922341066787137,-0.49342057457655586,-0.04593173882724506,0.18419032656989856,1,22,train
-0.8032144299420809,0.18906794891753514,2.0806184974709825,-0.7562875610178105,-0.5084507626686174,0.022312378707890587,0.03383599607430347,-0.5976699459301938,0.35436338383041044,0.2528642259692192,-0.05603968406902664,-0.3441788397044904,-1.1355820860293293,-1.2214137906538067,-0.6223594533069244,-0.040554077739947514,0.05306684859687102,-0.8558477986224294,0.9320793571273343,-0.5799977191558162,-0.2729676899093888,0.08885834395888828,-0.08232519863798515,-0.3197281407547937,-0.5341091583055314,-0.41997037739479154,-0.4090754995326758,-0.0258362174888386,-0.6512421578204397,0.24816938286923476,-0.5301877124805597,0.15515230105201502,-0.6219080332375344,-0.01752751592274997,-0.10264358694550163,-0.5415165281938591,-0.17126241071894144,-0.4051535473183194,-0.39641903756874103,-0.3402023661203904,-0.37675560667180064,-0.37830041415367627,-0.30962739295350933,-0.41151075182022834,-0.4737028336105616,-0.5771284715005367,-0.41164560579189363,-0.05806338203560024,-0.8550102696122085,0.3346604386188466,-0.5575276226701225,-0.3999113815944753,0.8048894199235805,-0.24312638010262638,-0.46600885219254656,1,22,train
0.897711090647955,1.4630435181000603,-0.5691779557625386,0.9084193941011618,1.2700318418529313,0.8213563762646523,0.38896022142360265,0.27392051491840747,0.7237059463173838,0.7576388332227493,-0.06352027755064765,0.8457264836952089,-0.45489289665597255,-0.42253319926029065,0.46932686954428854,0.421549360806253,-0.13779847868347278,0.23825009010364856,-0.3864958773702266,-0.1174298711287114,0.48161135123713483,-0.4110089727525437,0.02083930143662206,0.12746916247373363,-0.20389815012627271,-0.21370652227015066,0.0645743809523715,0.288017659310356,0.34609739712188936,0.29697648748460564,0.45209725953727264,-0.4649411834133511,0.28970849293000017,0.06194530075327341,-0.13259750863669026,0.027771671420680846,0.23366713765440034,0.2967446144936356,0.3959690046039691,-0.02601601645505378,0.06927479934410896,0.2445319265186942,0.6597191596231113,0.52695238158256,0.09186081588937048,0.6454844504227044,1.0612350148666392,0.6633767259343492,-0.5523911081956688,-0.26733070784042995,-0.2109684524183743,0.3183156783945941,-0.35708253219468,0.59669079803488,-0.08004586936552434,1,22,train
1.0526424978584983,0.3010944304611928,-0.6002027146614942,0.40043896294353426,1.0687345934182226,0.21773074767557687,0.6245823264966297,0.5933005159566361,0.8285021059157638,0.7683218936937235,-0.23557392762793103,-0.1272995443065157,-0.16144022390390317,-0.6544662741809888,-0.34225572573325796,0.1766345383767667,-0.086590707949722,0.23825009010364856,-0.6405333078697567,-0.41846608968603355,-0.0945753622470313,-0.18264319354427525,0.08496858526678329,-0.07780173081149204,-0.3579966206099268,-0.2019869850471597,0.03168202814090989,-0.12468783222874241,0.13489607960469024,0.2120945664143954,0.003321697241585638,-0.031181209058267406,0.31134924132566866,0.15560969183572954,0.03000949482976232,0.08757085205246026,-0.16046428942898566,-0.2788604524594209,0.1788130980027016,-0.3520138830251023,-0.20380504107379488,-0.39839177998181724,-0.2634680333070036,0.1369036417620261,0.012133781598631158,-0.2436885837032891,-0.34063580915050246,-0.030753346402668406,-0.6764153546778572,-0.5657314916456748,-0.061105027444645375,-0.3330494030369343,-0.4872233908319252,-0.2570460018397121,-0.08004586936552434,1,22,train
0.25142579199826015,0.9276611470018825,-0.5381531968635831,0.32209981211440614,0.40488196560163,0.9624918649635369,0.488169528822772,0.12885860604989902,0.5856817361146395,0.4798792609774206,-0.32783458056792353,0.08664894980229723,-0.07673223589299658,-0.07205655271345789,-0.2153711311913407,-0.43334200050421795,-0.3216809281364869,-0.2911521141186472,-0.24133163137049515,-0.03911150532518043,0.024352856194540355,-0.4566821285941974,-0.24683075281100744,-0.2684104174334873,0.06302241481862798,-0.351997061501444,-0.312591264619055,-0.347103965393526,-0.34617358807337434,-0.05952758101027743,-0.22891181051981882,-0.4069028769855582,-0.22425928146712612,-0.2786524850011125,-0.40432236969247287,-0.3118876745678262,0.10948874281990885,0.08058912521590551,-0.1307495773650627,-0.17484112945442376,-0.027820255026701293,-0.1930133737385983,0.11503871579434355,-0.11530832533997326,-0.13486293787491946,-0.27085775974602777,-0.2238132404824073,-0.2219235958331913,-0.2646548563569918,-0.28808902323557745,-0.42015281644420427,-0.16481603763408922,-0.15877265236649687,0.29741893068753655,-0.33240628121396193,1,22,train
-0.8718269102781786,0.0718309333485911,2.2230503451434602,-0.9288785026882332,-1.0373914048321606,-1.7147397898937653,-1.6166461179300586,-1.3741778110498568,-1.6367636485388088,-1.6313605645988518,0.3728476755439116,-0.3822792564635941,-1.407857761778672,-1.4146913530877219,-0.35662001945498445,0.2875393636278548,0.42315937344534255,0.5205979323555396,-2.7544876402408462,1.3339073451679717,0.7338211937942609,-3.1006503723165935,0.9465315723763408,-0.3368340485285625,-1.9870375942942693,0.8246444756868484,0.7004932019739628,0.11502733351552434,0.8506338778574205,0.8105121099593777,0.7470965802071647,0.011583858835895772,0.5277567252823534,1.009942471102981,0.6183900994781104,0.3769988863102726,1.3161787969724674,-0.43915553439571514,0.7794570949849309,1.0984403928735194,1.5894192443371071,0.550367161902618,-0.5065739941119338,0.6618564570092108,0.6100865387791761,-0.42399311562328224,-0.37041411096786003,0.3993797148160081,-1.884411515414372,-2.553340190731045,0.928618008319356,0.829486288657085,-2.529195434687748,-0.4843998235454459,0.9323647240499724,1,22,train
0.2890519908922492,0.40660774447324244,-0.5748188210168942,1.4886187299293918,0.22928223824369262,-1.216422949026165,0.2615664516951239,1.027267234924611,0.6074077692021085,0.42913472374029327,1.0186722461238593,-0.10678393528238295,-0.5819548786723325,-0.0514402793871736,0.007275421495419863,-0.31319510648220583,-0.1284879749136999,-0.09997909592726263,-0.2141133352455455,-1.1943074009272623,-1.7185606899319408,0.4593183857856348,-0.14366625273640024,-0.05580842081664643,-0.45155640626071675,-0.11760631704162479,-0.17444338281091626,-0.09256105743827367,-0.008838150372292472,0.35002768815348706,0.725128545689194,0.07573146067714054,-0.1322861007855351,-0.06861718378590786,-0.06413140191397339,-0.3286314451447244,-1.323961858421721,-0.2084277649419583,0.08640632923620478,-1.7197875405907403,-1.708778383821354,-0.8783521858762963,-0.01728478185897293,0.5738755382526994,0.1740793200016954,-0.17206075595425074,-0.21006940887439612,-0.0648908909438332,-0.09102091128192812,-0.04158402791820126,0.24486613187671785,-0.865788393479277,-0.06581489619703602,-0.7303131409006273,0.4929607128315163,1,22,train
1.518543372398775,0.8937926758375209,0.8720631167253053,0.542428673821329,1.4092267476854428,0.22967298133471326,1.0135279066411003,1.1906142583563768,1.2297947170607797,1.1609243660020245,0.18832636966392655,0.614193181851425,0.5041225390389344,1.2396538376713795,-0.09566868351028662,1.1354991733601327,0.9073055694735317,1.24117315476922,0.9441763776273118,-0.32546303029434054,-0.12533266011985156,0.24110219676440056,0.7067438154461727,0.45736881239641775,1.127952916196737,0.6301001577851985,0.704878849015491,0.09525701056754357,0.9855680529378532,0.6704569401935307,0.4991716192186384,0.9188142277335004,1.0714805287235238,0.8339669484632148,0.8729984338532139,0.8195128229854403,-0.16316381975147462,0.3768921554617827,0.7979384487382302,-0.15121809564499994,-0.22504458421740964,-0.20194286966221653,0.7920426572764279,0.42430797636663004,0.34848220751268766,0.4972889447350388,0.5000285575395155,0.2742087181650705,1.0847289453692175,0.8484287446487464,0.8755413786411604,-0.32226521294700833,0.9319316866885103,-0.11320991055649281,0.9175199939412407,1,22,train
0.8877512144701344,-0.33719598763639136,-0.5155897358461609,0.4873464583945982,1.2935879028399717,0.9755197562280493,0.9177007347214481,0.9455937232087281,1.085380497126427,1.0247153449971038,-0.0011819985371391889,-0.7486294176088217,-0.15236436804559175,-0.337491071789368,-0.7899428800604001,0.433101946769908,0.3277267098051706,0.5617736593506071,-0.46210225549508677,0.3696124662119968,0.1699373994592229,-0.4110089727525437,0.45859136932076616,-0.632521882903709,-0.3827624462233712,0.3722703388793973,0.5141032027090137,-0.1296304129657376,0.718633054409171,0.498571050026355,0.17906597338535118,0.3964694698833644,0.5034108833372264,0.4763392734211096,0.6098318361377708,0.3769988863102726,0.6223995040928084,-0.5994506163320094,0.6547079571501602,0.562197525399599,0.5820580552399506,0.3539182515830173,-0.8143030584219721,0.23954804697795606,0.05947170820875763,-0.7352036775673799,-0.8125073610255534,0.19000277496353063,-0.5474301383363813,-0.39966496848449506,0.5851809927545606,0.5038037479413208,-0.4190543696409872,-0.697834023514094,0.5790601474621597,1,22,train
2.0574833389097362,1.056621864127721,2.668678700237549,0.9671737572230079,2.0281087136176854,1.962382519514865,1.9402330280287952,2.09146090250619,1.6298093262594742,1.7151081279338103,0.9862563410368349,0.9717509391291671,2.5824935305922505,4.654224107337214,0.3161077365125393,2.4548044904095354,2.401641424522077,2.082334434811312,3.9593587372467343,2.8806950697877083,1.213635040610257,4.3821349930743345,1.467930532212869,1.0096452633780963,4.884103134235804,2.554448169800314,2.266169195799536,0.7723905715358848,1.5282381048917675,0.7001656125681044,0.8820430779604133,2.082635003996084,2.088595703319942,1.1887563086240336,2.488370639342315,2.7306946359771103,2.317704546615866,1.1516517181538715,1.3546892305563736,3.1489197275315055,2.3934876633453794,2.997049044974009,0.8843613765694394,0.946328094321931,1.1183463823826392,0.7788604055416035,0.804683491517097,0.8226852671264516,4.3540080826397025,4.522650569589849,2.380419937752355,2.524760970793447,4.188551744491955,1.1557956044744906,1.9566511015524544,1,22,train
-0.21890169417660338,0.4951868229031113,-0.463411732243372,0.9133155910279823,-0.30822424427877426,0.6704499691173835,-0.30775968735692716,-0.3392403267694897,-0.41371578590893543,-0.3867840197303598,-0.5697071031403363,-0.4086564680660505,-0.3127044882090936,0.06710329223896101,-0.19382469060875096,-0.6898094088973592,-0.333319057848703,-0.44703165202854545,0.154845790003772,-0.9177456716835435,0.1842908051332057,-0.3450366365368217,-0.5507477935713367,-0.38570807073933056,-0.016778578824692848,-0.6426415846316198,-0.5450305578200505,-0.7128549399311701,-0.5280413892687402,-0.19321660669585858,-0.671410791524657,-0.01285332281791176,-0.3811547073357226,-0.4716578969285979,-0.532696319797567,-0.7496176767924515,-0.8461449913411777,-0.4974446550998221,-0.3455953147471678,-0.6071426481668794,-1.0200103418784185,-0.6752061536139818,-0.44502818124992616,-0.5728091028738326,-0.47121136378897593,-0.6289968984912196,-0.5215962586559831,-0.6975733831067542,0.08509351872277936,0.015501339418454278,-0.6043599429744128,-0.809710605011662,0.07052314618483987,-0.210647262716093,-0.4036609857358737,1,22,train
-0.008637641533723235,-0.04410344871403133,-0.4168745938949387,0.16909365815126534,-0.06302706400458118,-0.2838430660081513,0.13417268196664514,0.021585933945455778,-0.007311166978632605,-0.1397382463390819,-0.5497588538560136,-0.5464041286566561,0.08965845484271284,0.049064053078462275,-0.6247535022605456,-0.9046875078213424,-0.8640177727257565,-1.0705498036681382,-0.15665248787065178,-0.8663492441249763,-0.4124007735995073,0.03557299547695898,-0.8769706721856353,-0.48345611516086656,0.007987246788751548,-0.9285982928725992,-0.8366760860816768,-0.6980271977201845,-1.064844737958288,-0.7003860850903648,-0.6086449786161694,0.03296639278297736,-0.8978275752823074,-0.9541714267473113,-0.7573507324814818,-0.974462595967942,-0.6355816261870401,-0.6091654697826938,-0.6366766363616327,-0.6284033785953608,-0.9259495079566962,-0.6908327714803137,-0.5065739941119338,-0.4467031193228329,-0.4811772430753184,-0.7179142019038189,-0.4872366796359552,-0.49047227955702105,-0.08357945649299682,-0.30365775978193804,-1.01960651633912,-0.6587319437526985,-0.14637828487723542,-0.5191988778881602,-0.9083818094327489,1,22,train
1.7808201117480518,-0.6680648982420779,2.4754790652758714,1.025928120344854,1.840730955766228,1.5335477653913312,1.835386828163764,1.7928040313063196,1.7818915578717571,1.7952310814661165,1.0685428693346661,-1.7480326572130027,2.4887096867230323,3.7445310468149198,-1.0341358733297505,2.0273588097542996,1.994306884594514,2.297036439857021,3.977504267996701,2.004508352360706,0.9737281172022588,3.199707736284856,1.9335648974144746,-1.6857570615457598,3.915484176909979,2.1325448297726393,2.0644294318892378,0.9453808973307164,2.032774585627299,1.0290830567151692,1.4312439409096807,-1.4454830972723782,2.213030006595036,1.8415687313199398,2.0518992089849952,2.307316437104112,1.9100754679200354,-1.6000805217525125,1.7404874901564977,2.0197387114410477,2.077928736640246,1.950065647929773,-1.9067412367226084,1.42729045019086,1.3052066190015594,-1.824440644371722,-1.6302653417022195,1.1117164775749802,3.649550362620873,3.998503105862375,2.314854689326349,1.7482992843187775,4.055312293982395,-1.3798954886312953,2.0872847265092926,1,22,train
-0.8220275293890754,-0.18218260038412099,0.6520693718054387,-0.8615557949444513,-0.6090993868859719,-0.0015720886103821798,-0.652737506267675,-0.7268847555105459,-0.6424781343005209,-0.649854383828099,-0.42009523350791605,-0.2826320126320922,-0.23707235605649837,-0.42253319926029065,-0.4092890964346483,-0.44951562085333496,-0.5125462554168307,-0.47644288559645076,-0.5044418272450084,-0.8761390398504176,-0.3877949353012511,0.07109656113157851,-0.6204535368649903,-0.2830726240967177,-0.11309012287697662,-0.4645046188421572,-0.5033669109255324,-0.21118299512615826,-0.6101752349698732,-0.37995683305032113,-0.24146497310151635,0.05129427902333301,-0.4514871396216451,-0.5142326201478961,-0.33799582880484086,-0.4841093147873509,-0.6895722326368189,-0.29343273263544767,-0.46572411414361364,-0.5008389960244722,-0.9350521693039596,-0.7689658608119732,-0.24500428944840127,-0.30006825472864723,-0.13735440769650506,-0.45363221676081533,-0.32231070033982084,-0.13544181632890712,-0.2820182508644982,-0.4697242829431178,-0.5887491695396493,-0.8183379570836028,-0.31989942972689567,-0.3011248040071503,-0.3175615511052303,1,22,train
-0.743455172875157,-0.031077113650815325,-0.576229037330483,-0.04878710509224719,-0.8735697079677434,-0.5823989074865608,-1.4509214794337189,-1.1742605584915762,-1.4258933273957273,-1.4323885633269577,-0.6170841951906029,-0.3295248332586813,0.13503773413426998,0.2371875471808063,-0.36619621526946877,-0.16763252334015266,-0.05633157069796018,0.14707526604314206,0.5419504460030559,-0.11987732006007173,-0.34063374522959333,0.1624428728148859,0.23274476104932876,-0.40281397851309936,0.43726155742178774,0.2738262262062732,0.20491508628127442,-0.6189459059282615,0.269830254685123,0.27151191116354256,-0.6400278850704132,0.19486272123945225,0.11387741221519379,0.37415993769479383,0.17549997161553568,0.015811835294324963,-0.022788242982049463,-0.3565792800648969,0.19267411331767612,0.0850122424492381,-0.05512823906849168,-0.14836589412050724,-0.4204098561051231,-0.5288186434955768,-0.6555801305863106,-0.3968239395805435,-0.31543878453581525,-0.46998975283232214,0.42243946915433167,0.6382508012728784,0.30730922561577156,-0.08501303096863706,0.5384105189044595,-0.37768272356112187,0.47217809067929206,1,22,train
1.7088876726860138,2.2342025538424477,-0.6636624487729942,2.008839653404071,1.23255629028264,1.4727509394902734,1.5805992887068065,1.684312351564326,1.5173451549831638,1.4613854417481735,2.3452308235313195,2.577830045589845,-0.9510396835769971,-0.8554749391122606,2.712550739087242,1.1747779656365598,1.780165297889738,1.9323371436149952,-0.8885222281192979,1.735288969911068,2.095344246297771,-0.8347543630612195,1.5209068971160458,2.466091125258983,-0.9083483009086912,1.7458001014139377,1.112744023877615,2.388614472533312,1.2085027769837857,1.0269610086884138,2.7556025932787707,-1.2316577578015624,1.7775099451322078,1.526515779497133,1.219608099136968,1.903073976033283,1.6455214963161187,2.6501678629219554,1.005853678462848,1.9039858457748713,1.8867728483477135,1.8585383147126866,2.7676632501468736,2.5094557508959503,2.5733647581886316,2.5152177471820854,1.6178601949910925,1.578262919637566,-0.5920788670699692,-0.8537531177533461,1.755989000361818,1.1400709632469528,-0.8714487829990298,2.2809650282222544,1.742886987986719,1,22,train
0.4085705050260969,0.22554168709453995,-0.5593064415674164,0.0699456703831501,0.6383011153823028,0.15801957937989494,0.974069659380067,0.6956971575108774,0.9984763647765509,0.8444386995494145,-0.28544455083873777,-0.0071366914508810405,-0.06765638003468516,-0.27564225181051516,-0.3470438236405001,-0.3501633815659019,-0.24021402015097432,-0.21762403019888393,-0.5679511848698909,-0.5628655766362938,-0.31397742040648247,0.020348610196407758,0.19928600426837506,-0.2928474285388713,-0.4102800302383094,0.004276870077481186,-0.09988738310493658,-0.3965297727634779,0.026362069213907376,0.13570083745120615,-0.20694377600184813,0.020747801956073595,-0.2269643750165847,0.31739364006906284,-0.11976011362618084,-0.25687242838658914,-0.3062389268433887,-0.1477099308751802,-0.049893654694378,-0.4583175351675094,-0.4283373543062936,-0.3425824304592034,-0.17422660465709247,-0.13583720638315927,-0.2918255366348125,-0.31284648635753304,-0.14364088943567535,-0.19916523280574808,-0.3018621303016483,-0.5423783868261339,0.02943745847698252,-0.4775575502419423,-0.3880684509178336,-0.23616656923408352,0.11887351409147941,1,22,train
-0.09495656840816878,0.727055587028356,-0.43238697334441645,-0.013289677372798523,-0.3028705940544469,-0.7799885916649991,-0.6538648847608474,-0.17223628042507233,-0.6718721790659201,-0.6605374442990732,-0.5298106045716909,-0.7867298343679254,0.1441135899925814,-0.04628621105560253,-0.5744784742345028,-0.7984037169557163,-0.7639298572006982,-0.7764374679890851,0.281864505253537,-0.4845472108327628,-0.3877949353012511,0.3451354961815006,-0.5451713341078445,-0.534773838482173,0.052015381212652693,-0.6520172144100126,-0.6283578516090865,-0.6164746155597639,-0.6307086963951565,-0.25900009552527153,-0.5113579686080134,-0.2816623210097946,-0.7084710268202082,-0.5312625094356154,-0.5669293731589254,-0.7328739062155533,-0.24414972942614296,-0.7913189719830281,-0.4426224219519894,-0.604780344785937,-0.4010293702645032,-0.6126996821486543,-0.9066217777149836,-0.5258859462036931,-0.4363307862867775,-0.6240570483016308,-0.6338375501214079,-0.42447302677743576,0.07269109407456052,0.19973138855038808,-0.7042688929568987,-0.5401058527635129,0.22235414792829256,-0.8231106191478655,-0.7272761021062231,1,22,train
0.3443846363245861,0.9550164506346361,-0.5691779557625386,1.2413607851249562,0.33100159250591243,0.812671115421644,-0.3562369625633394,-0.12225696728550219,-0.2232934959070011,-0.1303905684269795,-0.4849270436819649,-0.17712316622226665,-0.557752596383502,-0.20606232933430574,0.3879292051211718,-0.32936872683132284,-0.48926999599239857,-0.5705588330137478,-0.12338568149571333,-0.8443222037427331,0.6087415157781252,-0.4465325384071632,-0.28028950959196114,-0.3197281407547937,0.16208571727240556,-0.42465819228398793,-0.48801714628018367,-0.1419868648082256,-0.434174137038874,-0.09772444549187205,-0.47997506215376956,-0.23278795770217953,-0.4055005492808496,-0.22188618737538152,-0.444974120559086,-0.7017783322870279,-0.46011215522525856,-0.40029612059297714,-0.10302754673511368,-0.48666517573881796,-0.6619723288860557,-0.09925366654060705,-0.371173205815517,-0.19742384951271724,-0.4986175318264176,-0.1695908308594563,-0.13676897363166976,0.032970070074172554,-0.17783788381945997,0.1400512317893391,-0.5106953023658322,-0.29206948069521566,-0.06891348806935138,0.4018160937156796,-0.5016362044535024,1,22,train
0.6664206327407868,-0.436196134116833,2.014338330732305,0.2866023843949575,0.6725644768179979,0.2991550680787795,-0.10144942310638193,0.05206112488421806,-0.025203194227136502,-0.006199990451904653,-0.3028992689625202,-0.28556281392125404,0.9488394760961942,1.342735204302801,-0.6415118449358931,0.02182988646378955,-0.1820233715898939,-0.18233054991739753,0.363519393628386,-0.528601291597249,-0.1437870388435437,0.45424359069211767,-0.13251333380941568,-0.4932309196030202,0.4785379334441951,-0.21136261482555246,-0.39372573488732704,-0.16917105886169914,-0.2405729293147748,0.22058275852141643,-0.11279505663911658,-0.8253896128070121,-0.17827269112633062,-0.24175439154438738,-0.2524131954014448,-0.30710374011728386,-0.15236569846151882,-0.2982901593607899,-0.10764788517343851,-0.24571023088269517,-0.26145522960646345,-0.2510550972421167,-0.3003955210242082,-0.1006448388805547,-0.34414640288811016,-0.7944818798424462,-0.5880247780947039,0.0033841981384963955,1.1244167042435178,0.10891375869661789,-0.2546786180357119,-0.18422757979595597,0.42995980337342177,-0.5238387518005222,-0.050356409148061096,1,22,train
0.32446488396894485,-0.4179592650283306,-0.5000773563966832,0.5375324768945084,-0.11228064606839289,-0.527030369612383,0.41263516978022263,0.5445402104546165,0.23806520671513512,0.15271053405383628,-0.30539280012306047,-0.44089528224683056,-0.22497121491208313,-0.24471784182108874,-0.7205154604053888,-0.7082935464392073,-0.45435560685575027,-0.5382064760890519,-0.17177376349562382,-0.9226405695462642,-0.6194999126098304,0.16498027036164442,-0.34163056369037625,-0.6887270084460922,-0.25618155975465534,-0.2629285786067127,-0.5932726752768608,-0.5497497756103288,-0.6307086963951565,-0.21868118301692166,-0.4736984808629208,0.2651196184941489,-0.5028839170613577,-0.3723168760835686,-0.5412545831379066,-0.2664402972876739,-0.7408633087641089,-0.5654486292546136,-0.3941088683495786,-0.8008515254041546,-0.8895388625676424,-0.6930651454612183,-0.5896608414756442,-0.35285680598255403,-0.20213262305773075,-0.6635758498183416,-0.4253894373999048,-0.5473681871256291,-0.12574770029694085,-0.22062449820134816,-0.48884021955716334,-0.4818712262779127,-0.1401811011326047,-0.23848650619026449,-0.29974787497475236,1,22,train
1.577195976557052,2.666676877941219,-0.677764611908883,2.358917733671737,2.052735504649591,1.30664532586774,1.8072023658344547,2.028072505353564,1.533959180285346,1.6723758860499136,3.2528761659680026,3.363284791085213,-1.3261750590538692,-0.9456711349147544,3.9430919012484775,1.477455717884321,1.1959311863364905,0.6853008403358094,-0.837109890994393,1.6667603998329785,2.0522840292758224,-0.832216965514461,1.4958128295303306,3.57064402722234,-1.1505030402401475,2.0809788659914794,2.2990615486109975,2.3169470518468818,1.6573055767078337,0.5707206829360337,2.8968256723228683,-1.5798875963683197,0.8713036060635905,1.0894152877790042,2.396369308433664,1.4581680721328443,1.3026811453600227,3.585222507550338,1.5972569985684275,1.6748424178234602,1.2253127904465686,1.0280951938161926,3.2015612308240278,3.013879685099949,3.3731265709176106,2.576965874551946,3.537415342909989,3.298795164512272,-1.127863611873023,-0.9601394841534768,1.8808751878399252,1.5520270246821248,-0.8590544155097684,2.2972045869155213,1.359892951181443,1,22,train
1.812913046098807,1.7939124287057469,1.0709036169413386,0.8080473571013415,1.4531266795249271,0.5466850021045154,1.2536595256868168,1.3710273887138495,1.3013628260547954,1.2650842055940228,0.48006951544714616,1.789444498805315,0.9276624790934676,1.675172611689135,0.5746650235036161,1.4797662350770522,1.34024399476797,1.7176351385692863,1.33430528875159,0.1517895113209263,0.0817664788904715,0.5329029146416324,1.1333429644033322,1.5301535999227756,1.4554121659745018,1.0684108499250602,1.1434435531683125,0.6414121820055122,1.2935699743171019,0.91237041524363,0.7596497427888623,1.5908367232132075,1.5529871805271473,1.1944329383866066,1.200352006621204,1.5442788922426067,0.20397230410702194,1.610678543698714,1.1051909548868322,0.3779378616860933,0.1633356332658314,0.400798105182013,1.8044712788564536,0.7557027703494896,0.7122368014641858,1.991593627085667,1.5262346509376845,0.597377473154764,1.3079725890371565,1.2324575794589745,1.2939101066928202,0.13714128488383787,1.3688331406849763,0.5572518697798037,1.2975450847247703,1,22,train
0.04890830971590713,-0.05712978377724733,-0.4211052428357054,-0.1271262559213753,-0.08444166490189062,0.08962315024120475,-0.058609040365831554,-0.29048002126746997,-0.1504473849666638,-0.22520273010687536,-0.7043577858095147,-0.45848008998180145,0.10478488127323189,0.04648701891267674,-0.5337796420229445,-0.8399930264248744,-0.7569469793733685,-0.9234936358286117,0.003633033754051718,-0.9520099567225883,-0.3713910431024136,-0.05323591865958984,-1.2979933616793025,-0.5909789640245562,0.17034099247688703,-0.9075031258712155,-1.0756938498449646,-0.7771084895121076,-1.1704453967168875,-0.8446853509097223,-0.564708909580228,0.12766047169148154,-0.8112645816996336,-1.1613684130812294,-0.7873046541726704,-0.9816384976437555,-0.932529961660824,-0.475586234835782,-0.7937681432646773,-0.6709248394523236,-1.1262080575964923,-0.7220860072129776,-0.48811025025333155,-0.4467031193228329,-0.5235322300422737,-0.5697186962161535,-0.4093549671905584,-0.6497808207491235,0.08261303379313559,0.06480233848192951,-1.1132711569477005,-0.9218661819468922,-0.025533201856936326,-0.38000266051730286,-0.95588494578069,1,22,train
-0.7711214955913255,-0.20432736999158818,-0.5423838458043497,-0.5127017639084902,-0.5887555160335278,-0.3022992452995439,-0.7068516739399492,-0.6257071215938551,-0.6041380759108698,-0.6284882628861507,-0.5647200408192558,-0.2503931984513122,0.3014284248699794,0.2758430596675894,-0.5337796420229445,-0.38713165664959787,-0.5148738813592739,-0.4235026651742212,0.35142237312840835,-0.7317395529001574,-0.33038131260531994,0.0051242249158565305,-0.7765944018427742,-0.3026222329810249,0.14557516686344263,-0.6449854920762179,-0.5274879696539376,-0.47066848381840576,-0.5661749604871235,-0.4223977935854263,-0.4956665153808915,0.25901032308069705,-0.3703343331378883,-0.7526510701759662,-0.45781151556959543,-0.37886275687541915,-0.7084689448942415,-0.4027248339556483,-0.33866480708968055,-0.524462029833896,-0.7135540765205487,-0.44973638154262197,-0.371173205815517,-0.46136660578225147,-0.34912934253128136,-0.48080139280355405,-0.40477368998788804,-0.25378530407161176,0.14462515703422976,0.24384280876507644,-0.8353993898089115,-0.5940268032131427,0.2843259853745998,-0.31040455183187415,-0.7064934799539988,1,22,train
-0.0750368160525275,0.20209428398075113,-0.4168745938949387,0.08463426116361161,0.4958940194151951,0.20795982922719256,-0.503923545168921,-0.21124452482668804,-0.1721734180541328,-0.15442745448667142,-0.5397847292138523,-0.48192650029509604,0.06243088726777858,0.0439099847468912,-0.4811105650432807,-0.8215088888830263,-0.7639298572006982,-0.8029075782001999,0.06411813625393983,-0.814952816566409,-0.28527060905851687,-0.1851805910910338,-0.8964882803078582,-0.4248072885079449,0.005235488387257726,-0.865312791868448,-1.0077163207012771,-0.6757855844037062,-0.827243255751439,-0.6027718758596231,-0.564708909580228,0.10322329003767401,-0.7436372429631696,-0.8434771463771359,-0.7680485616569063,-0.8452963658032986,-0.7489618997315757,-0.4464416744837285,-0.7360139127856168,-0.6284033785953608,-0.9320179488548718,-0.6260939260340818,-0.39579153096032005,-0.4291069355715306,-0.5683786868308145,-0.6265269733964252,-0.5124337042506424,-0.3744046281170607,-0.19272079339732257,0.12188770581858506,-0.801055688252432,-0.6479477536627726,0.2099597804390311,-0.44496089529036964,-0.8252513208238518,1,22,train
0.34881124795917307,-0.3111433175099594,-0.5226408174141053,-0.30828554221373405,0.4123770759156883,0.23510126936159342,0.3348460537513285,0.3214618127828766,0.47960757456993774,0.4745377307419335,-0.7193189727727567,-0.5551965325241416,0.1773917281397233,-0.1261742701949541,-0.41168314538826933,-0.6204938931154291,-0.5032357516470578,-0.4705606388828697,-0.1627009981206406,-0.7097125125179143,-0.420602719698926,-0.19533018127806795,-0.5702654016935598,-0.5152242295978657,-0.027785612430668138,-0.49731932306653187,-0.6437076162544353,-0.7548668761956292,-0.6747089708779063,-0.2653662396055373,-0.7875275454053593,0.08184075609059242,-0.4298463912259767,-0.5426157689607616,-0.5262776222923123,-0.5175968559411473,-0.4574126249027696,-0.51444564863852,-0.4611037757052888,-0.5102882095482417,-0.5588088336170699,-0.6126996821486543,-0.6419747824083507,-0.7223766647599019,-0.7502559838065636,-0.5301998946994426,-0.6315469115200727,-0.6452291481436349,-0.09102091128192812,0.005122181720880544,-0.6324593351569869,-0.5897131271771723,-0.16187124423881222,-0.5400783104937888,-0.561015124888429,1,22,train
-0.9703190191477383,-0.6459201286346107,-0.6157150941109719,-0.9558075857857461,-0.6637066191741109,-0.9232953955746358,-0.893996503806564,-0.9085168935055691,-0.8725184846384282,-0.8568386804532238,-0.11089736960091409,-0.056960313366631994,0.5495018183304916,0.5335464762461429,-0.12918536886098175,-0.25312165947119974,-0.10986696737415418,0.04707707191226397,0.28488876037853145,-0.15903650296183722,0.2068461569066072,0.43140701277129084,-0.19385438790783077,-0.09002023636418403,0.3932334229978866,-0.2887115604972928,-0.1941787944977932,-0.04560654043681936,-0.22003946788949155,0.038086628220464366,0.02528973175955633,0.622513400181084,0.005673670236851418,-0.1111919070052061,-0.20962187869974674,-0.06312308313962385,-0.10647368297920676,-0.02627426274162397,-0.10995805439260092,-0.009479892788457114,-0.021751814128525653,0.14853984533979842,-0.1342218262967875,0.04599002571363098,0.09933522535412728,-0.028805100456173998,-0.03598087517292101,0.023866724863195275,0.37282977056145633,0.3839614376823218,-0.3639540320790559,0.005574165786741069,0.34939641469322236,0.02134643290200269,-0.10676638356124127,1,22,train
0.2005197582005102,-0.05712978377724733,-0.450719785421072,-0.21036160367732393,0.1425531046095894,0.15801957937989494,0.0067789122381663935,0.17761891155191867,0.14988307241893736,0.09128293634573474,-0.6295518509933045,-0.3793484551744323,0.13806301942037377,-0.16998385101330823,-0.6247535022605456,-0.8469245780030674,-0.8197928798193354,-0.7882019614162472,-0.12338568149571333,-0.6852380232043109,-0.46776390977058374,0.058409573397785824,-0.9327352668205581,-0.6105285729088634,-0.09107605566502605,-0.7246783451925565,-0.8037837332702152,-0.8141778450395716,-0.9328439145100385,-0.7088742771973859,-0.8816762647680908,-0.10754740172641594,-0.6435487816332028,-0.9484947969847382,-0.7145594157797837,-0.7113462011881126,-0.6031872623171727,-0.359007993427568,-0.6528478208957696,-0.6071426481668794,-0.8409913353822371,-0.6015378122441316,-0.6081245853342465,-0.701847783716716,-0.653088660764725,-0.6166472730172475,-0.4414239076092512,-0.5769540590613053,-0.1232672153672971,-0.10904855295243052,-0.9415526491653028,-0.6220656974469503,0.030241451844740176,-0.5400783104937888,-0.8875991872805247,1,22,train
-0.15360917256644585,-0.3398012546490346,-0.4577708669890165,0.2939466797851883,0.08473368218685394,0.0049418570218740295,0.33371867525815613,0.22272219414128683,0.3581973896693756,0.2889195550587571,-0.552252385016554,-0.6577745776448053,0.04427917555115573,0.0439099847468912,-0.5936308658634715,-0.6990514776682832,-0.7709127350280278,-0.8970235256174969,-0.13548270199569096,-0.6876854721356712,-0.43700661189776346,-0.022787148098487385,-0.7821708613062665,-0.6887270084460922,-0.05805495484710018,-0.7176466228587619,-0.7160707924396509,-0.7795797798806052,-0.7773762780043225,-0.3969332172643632,-0.4391772837632526,0.1246058239847556,-0.784213646205048,-0.5596456582484809,-0.6696285332430008,-0.9457589892646879,-0.7084689448942415,-0.7257437111909079,-0.5881630827592219,-0.7394316374996527,-0.7742384855023051,-0.5769816984541816,-0.7558345362030648,-0.3440587141069029,-0.37902698039030863,-0.5647788460265646,-0.5536651990746759,-0.540540678217396,-0.036450242829765236,-0.13759123662075828,-0.8447658538697695,-0.6932413520404617,-0.07201207994166674,-0.6189561670039414,-0.846033942976076,1,22,train
0.19941310529186348,-0.4909067413823402,-0.5071284379646276,0.407783258333765,0.042975210437100536,-0.18396256631355606,0.5186087481384262,0.5262550958913591,0.35691938772305387,0.2595411387635781,-0.29791220664143947,-0.5698505389699506,-0.23404707077039458,0.03360184808374906,-0.6630582855184829,-0.7360197527519793,-0.6684971935605263,-0.7617318512051324,-0.20806482499555667,-0.800268122978247,-0.32422985303075585,-0.035474135832280075,-0.43643037456974504,-0.7840313517570898,-0.17913232451282832,-0.3121506349432747,-0.6612502044205482,-0.5621062274528168,-0.8008430910617891,-0.25475599947176103,-0.15045454438420922,0.18875342582600038,-0.581331629995656,-0.477334526691171,-0.6268372165413026,-0.5989237416003673,-0.541098064899927,-0.7694605517189881,-0.47496479102026334,-0.6236787718334761,-0.8076149104422712,-0.5167076009697585,-0.5988927134049453,-0.2531450980585078,-0.20711556270090198,-0.666045774913136,-0.4643302936226032,-0.43130053568566873,-0.0166063633926151,-0.3789066530893476,-0.5856270148526966,-0.6738298098785949,-0.11229377428176644,-0.28024537140152167,-0.3175615511052303,1,22,train
0.07546797952342883,-0.08969562143528735,-0.43943805491236093,0.2033670366390089,-0.1722415285808593,-0.18287690870818002,-0.2017861089987236,0.03377601032096069,-0.1530033888593072,-0.1637751323987738,-0.66944834956195,-0.4848573015842578,0.13806301942037377,-0.054017313552959134,-0.636723747028651,-1.0340764706142787,-0.9152255434595072,-0.958787116110098,-0.10826440587074129,-0.9471150588598676,-0.5497833707647711,0.043185188117234596,-1.150217185896757,-0.6422966873458626,-0.05805495484710018,-0.9520373673185811,-0.9857880854936362,-1.0341226878358576,-1.082444847751388,-0.8743940232842959,-0.727900023142296,0.2192999028932598,-0.8545460784909705,-1.1471768386747967,-0.8215377075340288,-1.0510055471766198,-0.881238885533534,-0.5387327822652312,-0.742944420443104,-0.7488808510234222,-0.9229152875076083,-0.7957543485828278,-0.4850329596102312,-0.7810306105975763,-0.640631311656797,-0.6759254752923137,-0.5811528622906983,-0.7635726358863395,0.16943000633066743,-0.002662186552299757,-1.088293919452079,-0.7471623024900914,-0.10919518240945109,-0.38928240834202665,-1.0271396503026018,1,22,train
0.7029401787261291,-0.7892098143299868,2.1327965010737717,0.3698377321509061,1.1768783279496353,0.6769639147496397,0.4746409869047034,0.24466433161719567,0.6789758781961241,0.7015527657501348,-0.22809333414631,-0.9039618859343982,1.0093451818182704,1.3298500334738732,-0.6534820897039986,0.3175760871333579,-0.05400394475551697,0.3058959273098308,1.5641486782511649,-0.05624364784470282,-0.05356563174993763,1.3271083467770548,0.416767923344574,-0.6374092851247858,0.7702243240025402,-0.05900863092667,0.2641213213419053,-0.22106815660014864,0.5044983852597886,0.5240356263474181,-0.028061209212658207,-1.5371225284741565,0.3059390542267515,0.4053814013889459,0.07921950903671507,0.08039495037664673,0.2255685466869335,-0.7451734180922768,0.5923333882327748,-0.056725960407304724,0.12995920832586538,0.019062154447334296,-0.9958632063648948,-0.006798525540275866,-0.06759325269210816,-1.0612337900802442,-1.1835908144418557,-0.007994983375225204,1.9702620652520424,1.1286660024832371,0.10749132565079966,0.27949259407086063,1.6446078173210434,-0.7906315017613322,0.1307492981784647,1,22,train
0.40967715793474363,-0.33198545361110504,-0.5734086047033053,0.3233238613461113,0.47126722838328927,0.7377607406506976,0.5253730190974605,0.5225980729787076,0.5767357224903875,0.5025807644782407,-0.32783458056792353,-0.6284665647531871,0.026127463834532887,-0.06690248438188681,-0.48350461399690176,-0.4125473457696389,-0.2937494168271683,-0.4911485023804034,-0.22923461087051752,-0.22511762410856648,-0.13968606579383433,-0.4719065138747486,-0.2635601312014843,-0.5372175395927113,-0.17913232451282832,-0.3379336168338548,-0.32355538222287555,-0.3866446112894875,-0.47230770825725715,-0.046795292849745894,-0.0092314653401119,0.43007059465734976,-0.4514871396216451,-0.15944325998707745,-0.29520451210314286,-0.45062177363355443,-0.0794783797543173,-0.5848783361559826,-0.2624292228573207,-0.009479892788457114,-0.0885046640084577,-0.3448148044401079,-0.6727476888393545,-0.06838516866983385,-0.18967527394980274,-0.5870081718797144,-0.49181795683862556,-0.16502768826458328,-0.21256467283447272,-0.23619323474770876,-0.22033491647923237,-0.33520624105491953,-0.1401811011326047,-0.5748773648365032,-0.13051795173521186,1,22,train
1.4211579164378618,0.9641348851788873,-0.5127693032189831,1.1556773389055974,1.4691876301979092,0.6802208875657678,0.6775691156757314,1.1150357848282464,0.9601363063868996,0.8951832367865419,0.8790345011336004,0.5995391754056159,-0.33993205578402785,-0.48180498507335795,0.41426374361100365,1.0245943481090447,0.8886845619339859,0.9558841891605384,-0.48629629649504197,-0.014637016011576999,0.48161135123713483,-0.37548540709792416,0.25226236917155176,0.5404546501547234,-0.31947200298901324,0.33476781976582626,0.3145562623194798,0.9676225106471947,0.6364992087080381,0.5346458664811944,0.9259791469963546,-0.2236240145820017,0.8199068286238778,0.354291733525788,0.911510618884742,0.47028560809584846,0.2687610318467566,0.24574163387754197,0.5415096654112016,0.413372412400229,0.18760939685853395,0.3985657312011084,0.6043279280473045,0.8524817809816522,0.49049598734306704,0.5565671470101051,0.6420481508222978,1.0002004987405086,-0.6317666259442695,-0.28289944438679054,0.641379777119709,0.2881199461428014,-0.40975859402404113,0.23246069591446977,0.7245385025277297,1,22,train
-0.04626384042771232,-0.449222469180049,-0.5296918989820497,-0.259323572945529,-0.0469661133315991,-0.015685637480270635,0.4836600148500825,0.10082143038623771,0.23550920282249171,0.17407665499578465,-0.7716831271441038,-0.5229577183433616,0.28327671315335656,-0.12102020186338305,-0.6319356491214088,-0.8792718187013014,-0.6615143157331966,-0.8411421818384768,-0.13245844687069655,-0.7121599614492746,-0.30782596083191843,0.06855916358481998,-0.812841388355474,-0.44435689739225215,0.08228472362908473,-0.7809321238629131,-0.8125550273532716,-0.6041181637172759,-0.8096431459583391,-0.48181513833457346,-0.7781126734690861,0.23762778913361543,-0.63002331388591,-0.7725192743449721,-0.6931637574289347,-0.8452963658032986,-0.4250182610329023,-0.7573169849056325,-0.5488902060334607,-0.5764327042146284,-0.5830825972097724,-0.4519687555235265,-0.4973421221826327,-0.4730973949497863,-0.6107336737977698,-0.567248771121359,-0.36354219516385444,-0.5155064788872086,-0.12574770029694085,-0.15834955201590575,-0.8385215444958641,-0.5724584230332908,-0.14327969300492005,-0.42176152572856007,-0.8282202668455981,1,22,train
0.1883465762053961,-0.2942090819277786,-0.4676423811841387,-0.5273903546889518,0.1168555835328181,0.17756141627666358,0.15672025183009272,0.038652040871162655,0.30196530403122046,0.18743048058450237,-0.7367736908965391,-0.613812558307378,0.40731340988361264,-0.1674068168475227,-0.5553260826055342,-0.6782568229337043,-0.7895337425675736,-0.6940860139989501,-0.12640993662070774,-0.7072650635865539,-0.420602719698926,-0.2257789518391704,-0.7738061721110281,-0.5763167573613258,0.07402944842460327,-0.9332861077617955,-0.7094923218773586,-0.7598094569326245,-0.8419100139123555,-0.48181513833457346,-0.7561446389511154,0.10627793774439996,-0.5921520041934902,-0.6873698279063756,-0.6632098357377461,-0.7783212834957056,-0.7111684752167304,-0.6334526034094051,-0.5789224058825723,-0.6213164684525336,-0.7894095877477443,-0.42071551979086275,-0.660438526266953,-0.7575690322625065,-0.6630545400510675,-0.6388765988703974,-0.5696996692840224,-0.5382648419146517,-0.13318915508587217,-0.05974755388895529,-1.0227286710260726,-0.5875562891591871,-0.09370222304787428,-0.6003966713544937,-0.8549407810413151,1,22,train
-0.6482830227315376,-0.15222202973872417,-0.37456810448727207,-0.03287446508008055,-0.1925853994333033,-0.058026284089935994,-0.15556359077865609,-0.4489510141490339,-0.2041234667121755,-0.27327650222625915,-0.6719418807224903,-0.3617636474394614,0.12293659298985474,0.19337796636245222,-0.6343296980750299,-0.9485873344832315,-0.7103944605245042,-1.0058450898187465,-0.08407036487078604,-0.9617997524480296,-0.336532772179884,-0.16741880826372404,-0.9968645506507193,-0.6276344806826322,0.1290646164544797,-0.9590690896523757,-0.8279047919986203,-0.77463719914361,-1.0736447928548378,-0.6282364521806861,-0.6055066879707449,0.25595567537397107,-0.8166747687985506,-0.9002434440028668,-0.7038615866043592,-0.9146634153361627,-0.732764717796642,-0.37115156024092366,-0.6389868055807951,-0.7181709070711713,-0.8834704216694667,-0.7265507551747866,-0.5711970976170418,-0.5904052866251348,-0.6107336737977698,-0.5376096699838259,-0.496399234041296,-0.6725391837765666,-0.06125509212620291,-0.07272150101092247,-0.9571634226000663,-0.7212802462742691,-0.003843058750728796,-0.5539979322308746,-0.9796365139546607,1,22,train
0.4871428615400153,0.7257529535220344,-0.4873854095743831,0.36738963368749583,0.4573477378000381,0.844155185977549,0.616690677044423,0.7249533408120892,0.718593938532097,0.5746914226573164,-0.2081450848619873,0.19215779621212278,0.09570902541492046,-0.260180046815802,-0.1770663479334034,-0.27160579701304777,-0.22392063855387181,-0.06468561564577625,-0.3864958773702266,-0.1639314008245579,0.007948963995702886,-0.5099674770761267,-0.13251333380941568,0.00039670472573678946,-0.31947200298901324,-0.026193926702295308,-0.2972414999737063,-0.23836718917963182,-0.2141727646251249,0.08689373283583526,0.1131618698314391,-0.23889725311563142,-0.09441479109311528,-0.18214977903736984,-0.12189967946126574,-0.18511341162845385,0.07709437895004151,0.07816041185323439,0.02634192953798186,0.07556302892546858,0.0905143424877237,-0.17515438189136187,0.31506260759586846,-0.06838516866983385,-0.03271267518990971,-0.21157955747096155,-0.15509408244235134,-0.11268345330146393,-0.16295497424159736,-0.28808902323557745,-0.11418165712284103,-0.24246220628155618,-0.33539238908847246,0.21854107417738403,0.08027721580877718,1,22,train
-0.25099462852735877,-0.3723670923070746,-0.5353327642364053,0.15562911660250894,-0.0319758927034825,-0.17093467504904364,0.06652997237630245,-0.22587261647729395,0.1575510840968676,0.07659372819814525,-0.6345389133143852,-0.6050201544398925,-0.0464793830319585,0.00525447226010817,-0.579266572141745,-0.8630981983521844,-0.9105702915746208,-1.147019010944692,-0.14757972249566856,-0.9152982227521831,-0.2955230416827903,0.03049820038344191,-0.9550411046745272,-0.43213839183956015,0.10980230764402295,-0.7293661600817529,-0.8914966741007795,-0.7227401014051605,-1.1235117706019544,-0.6643112686355255,-0.7216234418514472,0.2651196184941489,-0.9384039785241858,-1.013776039254329,-0.7402342058008026,-0.9720706287426709,-0.6409806868320179,-0.5605912025292713,-0.759115604977241,-0.5457227602623774,-0.7833411468495686,-0.6975298934230274,-0.7496799549168641,-0.6314630487115068,-0.4886516525400752,-0.5870081718797144,-0.34750772495450805,-0.42674886308018006,-0.07117703184477799,0.00252739229648711,-1.0227286710260726,-0.7083392181663579,-0.03482897747388241,-0.44496089529036964,-0.9677607298676754,1,22,train
-0.35944661357473906,0.19948901696810795,-0.6608420161458164,1.7566855116728146,-0.6968992505649405,-1.9633553815248772,-0.5512734418821609,-0.3051081129180759,-0.39837976255307495,-0.4882730942046145,-0.7567219401808618,0.09251055238062088,-0.8663316955660905,0.22430237635187864,-0.2608580613101412,0.0680402303184096,0.04608397076954136,0.22648559667648643,0.4512227922532237,-0.22756507303992682,-3.045225471512921,0.9490361123100326,0.3582150989779051,-0.06558322525880003,0.3684675973844422,0.10272098275060525,0.23780743909273602,-1.2071130136306891,0.2140965736736399,0.6089175474176284,-0.8377401957321494,0.23457314142688948,0.18420984450111633,0.38551319721994004,-0.051294006903463966,0.12823429488207025,-0.4196192003879244,-0.03841782955497959,0.28970122052249775,-0.40398455740583467,-0.540603510922543,-0.1639925119868391,0.0504156122892355,-0.7341074539274368,-0.9969114961435384,-0.20416978218657827,-0.28336984411712246,-1.5714945233605728,0.4249199540839754,0.3632031222871744,0.2074002756332856,0.3441977346104165,0.423762619628791,-0.6212761039601223,0.2851344913092736,1,22,train
0.3620910828629339,-0.3606433907501802,-0.5212306011005164,0.610975430796816,0.022631339584656563,-0.09385298506734516,0.05187405196506153,0.24222631634209468,0.039974905035270555,-0.0329076416293401,-0.3552634233338673,-0.5141653144758761,-0.2098447884815641,-0.22667860266059,-0.7492440478488418,-0.7129145808246693,-0.6405656822512077,-0.6764392738582069,-0.20201631474556786,-0.7243972061060764,-0.420602719698926,-0.19025538618455087,-0.9020647397713505,-0.5372175395927113,-0.06631023005158165,-0.6098268804072451,-0.7555416158134048,-0.42618525718544903,-0.827243255751439,-0.6133821159933993,-0.46428360892664766,0.2926114478546824,-0.5596908815999875,-0.8974051291215803,-0.643953743221982,-0.5965317743750962,-0.638281156509529,-0.5120169352758489,-0.4934461447735627,-0.44886832164373985,-0.6892803129278462,-0.6685090316712682,-0.5127285753981347,-0.49655897328485604,-0.545955458436544,-0.6536961494391639,-0.5353400902639943,-0.48819644325427675,-0.16295497424159736,-0.08829023755728306,-1.0164843616521673,-0.630693049518891,-0.1401811011326047,-0.3289640474813218,-0.8905681333022709,1,22,train
0.7516329067065856,-0.04670871572667453,-0.6904565587311831,2.014959899562596,-0.02555151243428967,-1.1165424493315699,0.41263516978022263,0.883424333693653,0.2904632865143251,0.2101319840853225,1.0485946200503433,-0.28849361521041583,-1.0720510950211493,-0.45345760924971706,-0.8019131248285055,-0.35940545033682586,0.37427922865403496,0.12942852590239887,-0.3653260914952658,-1.257941073142631,-2.1081531296543305,0.5709638778430104,0.13515672043821383,-0.42725098961848335,-0.4900810238816302,0.18241383586694376,-0.3410979703889884,0.6636537953219905,-0.1848392483032917,0.498571050026355,0.26693811145723395,0.11849652857130372,0.14363344125923794,0.24359745315561257,-0.3850662771767087,0.12105839320625672,-0.9730229164981582,-0.359007993427568,-0.07992585454348947,-1.4646587754489633,-1.1565502620873704,-1.3471507218662526,-0.3373230087414128,0.23954804697795606,0.48302157787831024,-0.5771284715005367,-0.2879511213197929,-0.6201949488134473,-0.07117703184477799,-0.3581483376942001,0.08875839752908356,-0.5034396064577646,-0.2765191435144806,-0.3544833539993123,0.10105983796100146,1,22,train
1.3846383704525196,0.46131835173874963,-0.5987924983479053,0.19602274124877814,1.423146238268694,0.39035030693036643,1.1149919710266143,0.9687548683221875,1.286026802698935,1.175613574149614,-0.23806745878847135,0.1833653923446373,0.11688602241764713,-0.5745782150416372,-0.39971290062016396,1.0245943481090447,0.5977313191285838,1.2382320314124295,-0.5467813989949301,-0.1639314008245579,-0.12328217359499687,-0.1318952426091045,0.7151085046414111,-0.03137140971126242,-0.3992729966323341,0.4285241175497539,0.9044257894050248,-0.3495752557620236,1.0999687665930027,0.6216498355781599,-0.08141215018487274,-0.15947641274075694,1.039019406130021,0.7431408722620453,0.6911353378709971,0.8888798725183044,0.14728216733475408,0.051444564863852016,0.8764842021897525,-0.07562438745484376,-0.05512823906849168,0.07263912998904358,0.12734787836674508,-0.00973122283215958,-0.23701320055992922,-0.10290285330000679,0.02586636706312935,-0.13544181632890712,-0.6168837163664068,-0.4775086512162981,0.7288001083543841,-0.03971943259094799,-0.6111670657245396,-0.09001054099468324,0.7393832326364612,1,22,train
-0.7832946775864397,-0.266853778295025,-0.49584670745591647,-0.5016853208231441,-0.6123115770205683,-0.2686438595328868,-0.6583743987335369,-0.7134756714974905,-0.6296981148373039,-0.6618728268579449,-0.36773107913656894,-0.3295248332586813,0.26512500143673373,0.3892325629621529,-0.47392841818241743,-0.3755790706859429,-0.5358225148412629,-0.5323242293754709,0.21533089250366008,-0.614262004194861,-0.24015990551171384,0.15736807772136882,-0.7208298072078514,-0.3954828751814841,0.3574605637784669,-0.4645046188421572,-0.6305506751298506,-0.4410129993964346,-0.5368414441652902,-0.42451984161218154,-0.3732731802093405,0.23151849372016356,-0.4677177009183965,-0.6306035302806446,-0.3722288821661993,-0.5271647248422321,-0.632882095864551,-0.4683000947477686,-0.3733173453771168,-0.4843028723578756,-0.7347936196641635,-0.4809896172752857,-0.371173205815517,-0.2795393736854612,-0.30428288574274054,-0.4882111680879373,-0.3268919775424913,-0.23330277734691288,0.1818324309788863,0.3164969126480926,-0.5637719320440279,-0.6091246693390391,0.2843259853745998,-0.39160234529820764,-0.5105430425187414,1,22,train
0.686340385096428,-0.08187982039735774,-0.514179519532572,0.9647256587595976,0.15111894496851316,-0.18939085434043623,0.8015807499246931,1.171110136155569,0.7211499424247404,0.5653437447452141,0.4950307024103882,-0.42624127580102145,-0.3974124762200002,-0.26791114931315857,-0.6558761386576196,-0.516520619442534,0.060049726424200665,0.08825279890733143,-0.4258111939951539,-0.8051630208409677,-0.41445126012436195,-0.025324545645245923,-0.029348833734808472,-0.6642899973407083,-0.4598116814651982,0.16600648375475643,-0.5691516165484557,0.06313023577707483,-0.6072418833376899,0.10174806902312206,0.45209725953727264,-0.003689379697733935,0.03272460573143701,-0.05726392426076166,-0.5241380564572273,-0.032027509211098565,-0.5788914894147722,-0.553305062441258,-0.40103937600706585,-0.6614756259285541,-0.7712042650532173,-0.5769816984541816,-0.6081245853342465,0.2923365982318629,0.33602485840475965,-0.7944818798424462,-0.4895273182372904,-0.3129570479429641,-0.23985000706055415,-0.5345940185529536,0.05129254128565132,-0.574615261051276,-0.3601811240669953,-0.35216341704313137,0.16934559646116693,1,22,train
0.6121946402170967,0.0483835302348023,0.8156544641817498,0.13237218120011154,0.6575742561898813,0.8332986099237887,1.072151588286064,0.7103252491614833,1.119886549677113,0.9632877472890022,-0.2480415834306327,-0.39693326290940323,0.36193413059205554,0.5309694420803573,-0.5026570056258705,-0.17918510930380765,-0.13314322679858634,0.10295841569128408,0.9744189288772559,0.21297573460493488,-0.13968606579383433,0.8500776079864496,0.28850935568425157,-0.4003702774025609,0.803245424820466,0.2035090028683275,-0.09769455958417247,-0.5522210659788264,-0.11737216076307534,0.22058275852141643,-0.16300770696590675,0.06656751755696272,0.03001951218197845,0.4366028650830979,-0.11548098195601104,0.08996281927773143,0.2579629105568008,-0.49015851501180874,0.03558260641463154,0.10863527625866191,0.27256756943299293,-0.05237381294161142,-0.4788783783240304,-0.1006448388805547,-0.24697907984627163,-0.45116229166602095,-0.31772942313715047,-0.39716299114450393,0.4447638335211256,0.8276704292535989,0.09500270690298893,-0.12814979132834092,0.8823542167314646,-0.35216341704313137,0.24653819302657137,1,22,train
-0.26538111633976635,-0.2290774066116986,-0.728532399198083,0.8533371786744312,-0.9602988416018466,-1.0948292972240492,-1.2355921872377946,-0.30754612819317684,-1.273811095783444,-1.3202164283817288,-0.43256288931061776,-0.10092233270405931,-0.2854769206341593,0.139260248880956,-0.5649022784200185,-0.42872096611875593,-0.2541797758056336,-0.3087988542593904,0.6357023548778825,0.13220991987004357,-1.0521525693541687,0.5887256606703202,0.34148572058742827,-0.34660885297071614,0.09879527403804766,-0.462160711397559,0.24438590965502835,-0.6016468733487783,0.41649783629428905,0.333051303939445,-1.3492815709363242,0.3537044019892012,-0.29188662020359013,0.4820159031836827,-0.41929933053806717,-0.41713423247975795,0.5171178215157396,-0.13556636406182457,0.3474554510015583,-0.4937520858816451,0.45158657592917434,-0.41178602386724455,-0.08498517600718136,-1.17107935041811,-1.2983793445553964,-0.33260588711588845,-0.17570982985436814,-1.102672244995243,0.6183977785961893,0.6616039060924193,-0.5762605507918386,0.27517891803489025,0.7367203987326425,-0.17352827141719768,-0.4125678238011127,1,22,train
-0.9614657958785644,-0.9324995000253629,-0.5226408174141053,-0.6485712286277593,-0.5973213563924517,0.42183437748627145,-0.530980629005058,-0.7780830762876665,-0.4967859124198464,-0.5296699535296395,-0.25053511459117306,-0.05989111465579382,0.2620997161506299,0.36346222130429756,-0.09327463455666554,-0.2022902812311177,-0.3496124394458055,-0.4411494053149644,0.12157898362883353,-0.6950278189297523,-0.5108241267925321,-0.1851805910910338,-0.48661850974117554,0.010171509167890393,0.3299429797635287,-0.4926315081773355,-0.36960467615892184,-0.19141267217817748,-0.3843071592917575,-0.18048431853532704,-0.3732731802093405,0.4270159469506238,-0.4406667654238109,-0.3098739486952646,-0.2588318929066995,-0.335807346820538,-0.6139853836071284,-0.06027624981901971,-0.209295330816585,-0.8173876490707512,-0.8500939967295007,-0.9386262833607192,-0.1834584765863936,-0.3821837789013912,-0.2918255366348125,0.01565355125012568,0.04648211447514614,-0.1786827060810492,0.2339226145014054,0.03107007596481488,-0.6199707164091761,-0.898140963749055,0.3524950065655377,-0.8161508082793227,-0.5313256646709656,1,22,train
-1.415193488423727,-1.6072636562999518,0.7803990563420277,-1.9436153157717833,-1.226910622773349,-1.055745623430512,-0.9920784327125609,-1.689900789175434,-1.2571970704812618,-1.3362410190881902,1.5597685079611128,1.0538133752256982,-1.1597843683181597,-0.8580519732780462,1.60171202460706,0.8282003867269094,0.9817895996317146,0.9794131760148627,-0.7584792577445385,0.19094869422269178,1.049596118621882,-0.629225161773778,0.5087795044921967,1.3346575110797037,-0.9083483009086912,0.5316560451120743,0.43516155596150574,1.4742370361892019,0.8741006909148871,0.6619687480865097,1.418690778327983,-0.9720127027298573,0.8848290738108833,0.581356924028712,0.8323466829866007,0.5420446248539837,0.5225168821607175,0.7484852999504648,0.659328295588485,0.7771671330653556,0.5638527325454237,0.6530563650242275,1.1613175344484739,1.3363768341424649,0.8417932321866372,1.2061574469410392,1.1597324747240527,1.3233692537302022,-0.9120614229940152,-0.5268096502797733,0.8786635333281131,0.5232152901031875,-0.7444065162341001,0.916842097987852,0.9798678603979135,1,22,train
0.26249232108472753,-0.03237974715713692,-0.4605912996161942,0.1666455596878551,0.061177621199813556,-0.1014525883049774,0.28411402155857146,0.3629080724595933,0.2840732767827166,0.1620582119659387,-0.5497588538560136,-0.5376117247891706,-0.02227710074312804,-0.2550259784842309,-0.665452334472104,-0.6898094088973592,-0.6754800713878559,-0.6440869169335111,-0.08709461999578044,-0.8785864887817779,-0.3795929892018323,0.0634843684913029,-0.6790063612316593,-0.46635020738709776,-0.2259122173382233,-0.6918636409681818,-0.737999027647292,-0.6214171962967591,-0.7773762780043225,-0.5094017626823918,-0.564708909580228,0.05740357443678489,-0.6083825654902416,-0.7015614023128084,-0.6589307040675763,-0.6778586600343162,-0.8461449913411777,-0.5071595085505066,-0.5211681754035117,-0.6803740529760932,-1.0837289713092628,-0.6350234219576999,-0.5650425163308411,-0.3704529897338563,-0.5434639886149585,-0.6289968984912196,-0.507852427047972,-0.5632990412448393,-0.0166063633926151,-0.17391828856226635,-0.7635898320089998,-0.775201196723899,-0.05032193683545921,-0.3405637322622266,-0.6411766674755797,1,22,train
1.239666839419797,-0.3424065216616778,-0.552255359999472,0.8215118986500978,1.5548460337871468,1.1101412992946775,1.2694428245912301,1.3429902130501883,1.3921009642436366,1.3144933602722786,0.559862512584437,-0.8043146421028964,-0.22194592962597934,-0.5127293950627844,-0.7300916562198732,1.0107312449526586,0.9235989510706342,1.197056304417362,-0.710091175744628,0.9080512311112722,0.4590559994637333,-0.6444495470543292,1.0134490859382481,-0.9697526361580083,-0.663441803175741,1.0426278680344803,1.1544076707721331,0.49066346952715884,1.375703820018235,0.8359766862804408,0.9353940189326279,0.23151849372016356,1.0958263706686509,1.0553555092035658,1.200352006621204,0.9989103648807784,0.9814370369838381,-0.7937476853456993,1.1421536623934307,1.0582812353974989,1.0736017679921774,0.8182520396111645,-0.8943126151425821,0.966856975365117,0.754591788431141,-0.9327976851509341,-0.9087141822816318,0.6428941992096503,-0.7012202039742949,-0.6124377012847566,1.2689328691971988,0.8877209151426853,-0.65764594380927,-0.7210333930759035,1.3094208688117557,1,22,train
-0.5531108725879181,0.08615990191812871,-0.450719785421072,-0.03165041584837542,-0.4420654998869582,-0.5302873424285112,-0.5738210117456085,-0.38312460172130736,-0.6399221304078776,-0.632494410562766,-0.7193189727727567,-0.3617636474394614,0.07150674312609,0.12637507805202833,-0.5720844252808818,-0.7244671667883242,-0.7569469793733685,-0.7382028643508082,0.24557344375360415,-0.5897875148812576,-0.36934055657755893,0.18020465564219565,-0.8463001451364277,-0.5665419529191722,-0.05255143804411254,-0.8910957737590282,-0.7533487922926407,-0.762280747301122,-0.8389766622801722,-0.5178899547894128,-0.5992301066798962,0.06351286985023677,-0.6570742493804956,-0.8094173678016973,-0.6589307040675763,-0.7113462011881126,-0.5653938378023274,-0.5071595085505066,-0.6112647749508461,-0.34256466950133274,-0.6285959039460898,-0.47429249533257206,-0.5219604473274357,-0.5845398920413675,-0.5359895791502016,-0.6536961494391639,-0.5376307288653296,-0.5359890056119074,0.04044478998919155,0.05442318078435578,-1.0601945272695048,-0.6091246693390391,0.2037625966944004,-0.479759949633084,-0.8044686986716275,1,22,train
0.009068805004624569,0.1056994045129527,-0.41123372864058316,0.15440506737080384,-0.029834432613751558,0.1471630033261346,-0.14879931981962183,-0.24050070812789984,-0.014979178656562847,-0.01020613812851997,-0.8514761242813946,-0.48192650029509604,0.05335503140946715,-0.09009579187395662,-0.5218093972548391,-0.9716925064105415,-1.0246239627543385,-1.047020816813814,0.012705799129034934,-0.9740369971048314,-0.2750181764342435,0.033035597930200444,-1.1557936453602493,-0.5078931262662506,0.14282340846194883,-0.8582810695346534,-0.9901737325351644,-0.9402136538329489,-1.2555125940502039,-0.8977365515786037,-0.7341766044331447,-0.03729050447171929,-0.9546345398209372,-1.2408412297572526,-0.8814455509164061,-0.9337991531383321,-0.7597600210215315,-0.5071595085505066,-0.8076291585796518,-0.8173876490707512,-0.8925730830167301,-0.6618119097285545,-0.5711970976170418,-0.7546363349706228,-0.7079009968396083,-0.7895420296528574,-0.35896091796118407,-0.6475049844463792,-0.05133315240762784,0.051828391359962346,-1.1257597756955113,-0.7363781124001655,0.07362173805715523,-0.3336039213936837,-0.9885433520198996,1,22,train
-1.8667078751515958,-1.1331050599988892,-0.8201964595813607,-1.6363789586137965,-1.7697707555201432,-1.6094310021722897,-1.954859665881772,-2.1055823935801516,-1.980546172099348,-2.086726017174126,1.649535629740565,1.2003534396837892,1.1031290256874884,1.1494576418688858,0.7566127439788183,1.8194122624085094,1.6125762300338264,2.1382157785903324,1.2163593388768084,1.6741027466270595,1.3715225030240674,0.9160499442021716,1.5292715863112842,1.0194200678202499,1.2325197354535022,1.7668952684153214,1.6741068451932266,1.595330264245584,1.850906784431933,0.9845200481533087,2.1059764296759234,0.8577212735989816,1.9452257451986386,1.5861203920041504,1.7566391237432786,1.8719784021047579,1.6131271324462513,1.141936864703187,1.4979197221444436,1.8567397781560235,1.789677793976903,1.7424548677056497,1.259790835027686,1.9786375410649983,1.7611455963517249,1.018443139736663,1.0658162920693095,1.6374346635089183,1.1268971891731616,1.1364503707564175,1.9620512097006952,1.543399672610184,1.1922134039630008,1.028199071884538,1.9210237492914983,1,22,train
0.129693972047119,0.036659828677907895,0.6464285065510832,0.22295182434629093,0.4016697754670336,0.3501809755314531,0.562576509372149,0.45311463763832965,0.6061297672557867,0.45317160979998516,-0.37521167261819,-0.5288193209216852,0.18041701342582708,-0.025669937729318252,-0.5625082294663974,-0.5604204461044231,-0.5544435223808086,-0.5029129958075655,0.4965866191281398,-0.3915441514410698,-0.1335346062192703,0.18781684828247125,-0.45873621242371415,-0.41503248406579135,0.3767228725889237,-0.412938655060997,-0.5209094990916453,-0.42371396681695145,-0.5192413343721903,-0.12743311786644562,-0.26343300761948707,0.1918080735327263,-0.3703343331378883,-0.3921850802525745,-0.269529722082124,-0.6132755449519944,-0.23065207781369823,-0.4683000947477686,-0.35483599162381746,-0.269333264692119,-0.2948316545464295,-0.41178602386724455,-0.48195566896713077,-0.36458759515008893,-0.35162081235286696,-0.4338728160024599,-0.4872366796359552,-0.4722655891350665,0.08013254886349182,0.4955373829312395,-0.4701072914354472,-0.37402932537865297,0.4423541708626832,-0.42176152572856007,-0.4095988777793664,0,22,train
0.2359326512772058,1.232477387481137,-0.4535402180482498,0.3527010429070343,-0.0887245850813525,-0.07213983295982446,0.4250363332051188,0.5140650195158543,0.2942972923532902,0.1967781584966048,-0.34528929869170594,0.07492574464564994,-0.12211151518455368,-0.02051586939774718,-0.11242702618563419,-0.7776090622211373,-0.47530424033773927,-0.544088722802633,-0.25342865187047275,-0.6827905742729505,-0.3652395835278496,-0.06338550884662399,-0.34720702315386853,0.09814474914727282,-0.19013935811880361,-0.3707483210582295,-0.8059765567909793,-0.4039436438689707,-0.7597761682112226,-0.16987407840155075,-0.12534821922081413,-0.3335913320241356,-0.3919750815335568,-0.3297421528642704,-0.6589307040675763,-0.3740788224248768,-0.5788914894147722,0.1194485390186435,-0.6459173132382824,-0.5173751196910689,-0.6619723288860557,-0.6327910479767954,0.12734787836674508,-0.20622194138836838,-0.1473202869828475,-0.22639910803972813,-0.5101430656493071,-0.38578380963078235,0.0007570311148912709,-0.345174390572233,-0.5450390039223117,-0.6436340776268021,-0.022434609984620962,-0.21992701054081681,-0.4036609857358737,0,22,train
0.18613327038810262,1.629780606909225,0.7578355953246054,0.35637319060214967,-0.3542656362079895,-0.7854168796918793,-0.8443918501069794,-0.14176108948631005,-0.5440719844337495,-0.5430237791183572,-0.5273170734111506,-0.678290186668938,0.4042881245975088,0.2268794105176642,0.0024873235881777006,-0.46106820681698996,-0.31469805030915726,-0.5823233264409099,-0.3229865197453441,-0.23490741983400784,-0.6400047778583773,-0.47444391142150716,-0.19106615817608463,-0.32461554297587053,-0.00026802841572991763,-0.6426415846316198,-0.2489993825168959,-0.46325461271291296,-0.36084034623429095,0.11872445323716412,-0.4046560866635843,1.205951112165739,-0.4487820460721866,-0.15944325998707745,-0.41929933053806717,-0.6730747255837738,-0.1982577139438309,-1.2430596574398574,-0.13305974658422512,-0.4205206810724313,-0.36158450442636153,-0.6551147877858409,-0.9589357186476901,-0.2736739791016938,-0.6032592643330129,-0.21157955747096155,-0.8606107716535926,-0.4153696815664585,-0.22000612762340402,-0.4463711781235769,-0.60123778828746,-0.25756007240745254,-0.17426561172807367,-1.2731783886469712,-0.5224188266057267,0,22,train
0.5823150116836348,0.5147263254979353,2.316124621840327,-0.4000892345916186,1.1051394149436486,1.4575517330150087,1.3449771836337794,1.0260482272870606,1.3563169097466288,1.282444178859356,-0.7866443141073458,0.26249702715200646,-0.5123733170919449,1.280886384323948,-0.4715343692287964,0.21591333065319376,0.2858294428411927,0.23825009010364856,2.8706268922487483,1.2727211218839634,-0.6236008856595397,2.841934682191902,1.1333429644033322,0.12502546136319523,2.275436169619661,0.8340201054652411,0.8013630839291117,-0.5522210659788264,0.9298343719263702,0.8784176468155459,-0.8534316489592714,0.8424480350653519,0.32757980262242,1.1490199002860217,0.6954144695411669,0.2645764267225273,1.289183493747578,0.20931093343747512,0.7401842182591697,1.0535566286356142,1.4923241899662967,0.3985657312011084,0.23813034151835888,-0.7751652160138088,-0.917184461852799,-0.01892540007699629,0.07167913908983332,-0.6998492194094985,2.0868448569452993,2.8048999706413955,1.0129161848670787,0.7841926902793959,2.849960055651719,0.19766164157175542,1.0244020507241085,0,22,train
-0.6527096343661246,-0.3293801865984618,-0.6241763919925053,-0.19934516059197777,-0.9335305904802098,-1.1936241393132685,-1.307744410800827,-0.719570709685243,-1.3236531716899906,-1.3148748981462417,-0.35276989217332694,-0.03937550563166107,0.19251815457024232,0.3248067088175145,-0.31831523619704716,-0.2877794173621648,-0.16572998999279137,-0.1058613426408437,0.6145325690029216,0.46751042346641053,-0.18069579629092802,0.4694679759726689,0.1407331799017061,-0.24641710743864167,0.3849781477934051,-0.22776996693773982,0.20710790980203853,-0.41382880534296107,0.24636344162765644,0.25029143089599,-0.3732731802093405,0.36897764052283094,-0.16204212982957927,0.2350825085117529,-0.10050402111041672,-0.11574636209558974,0.5630098369980516,0.027157431237140768,0.19267411331767612,-0.018929106312226638,0.6397082437726193,-0.012191081285329456,-0.07883059472098058,-0.21502003326401953,-0.26691083841895646,-0.24121865860849467,-0.12073450342232338,-0.26288864928258904,0.5266198361993699,0.5889498022094031,-0.20160198835751625,0.227728481639216,0.6189739075846588,-0.006492810572168792,-0.195834764213631,0,22,train
-0.38047301883902707,0.14477840970260072,-0.501487572710272,-0.39764113612820834,0.0054996588668090145,0.23944389978309757,-0.2908490099593415,-0.5464716251530731,-0.15811539664459404,-0.10501829980841583,-0.6320453821538449,-0.2914244164995777,0.1773917281397233,0.24491864967816293,-0.5720844252808818,-0.8862033702794945,-0.8640177727257565,-0.7999664548434093,-0.09011887512077485,-1.0107487310752366,-0.43085515232319943,-0.05577331620634838,-1.1195466588475496,-0.46146280516602095,0.07402944842460327,-0.8324980876440733,-1.023066085346626,-0.7252113917736581,-1.0589780346939213,-0.6918978929833438,-0.5992301066798962,0.09100469921077024,-0.784213646205048,-1.0535124475923405,-0.8429333658848779,-0.8859598086329086,-0.8191496881162883,-0.5023020818251643,-0.687500359183206,-0.7748661882137884,-0.9077441852621693,-0.7399449990602139,-0.46656921575162885,-0.5434821299549955,-0.5359895791502016,-0.6709856251027249,-0.4895273182372904,-0.6292982940244246,-0.07861848663370928,-0.06753192216213559,-1.1694699413128489,-0.8010832529397213,-0.028631793729251686,-0.43336121050946486,-0.8430649969543298,0,22,train
0.5247690604340044,1.0409902620518618,-0.4916160585151498,0.3796301260045471,0.24962610909613658,1.3902409614816946,0.3709221655328446,0.4153254008742644,0.34541737020615854,0.2996026155297313,-0.1433132746879385,0.06320253948900266,-0.028327671315335652,-0.19060012433959253,-0.14354966258270824,-0.31319510648220583,-0.20529963101432608,-0.19409504334455965,-0.04475504824585877,-0.019531913874297684,0.24375491435399152,-0.5150422721696437,-0.12136041488243111,-0.024040306379647217,-0.18463584131581598,-0.19026744782416874,-0.332326676305932,-0.15434331665071355,-0.26110639074005804,0.16328746179902448,0.08177896337719526,-0.3274820366106837,-0.20261853307145766,-0.06861718378590786,-0.32301886795924656,-0.30949570734255505,0.04739954540266311,0.09273269202926113,-0.05220382391354043,0.15351904049656714,0.06927479934410896,0.14853984533979842,0.06272477486163704,0.08998048509188668,-0.04766149411942333,0.05023250257724765,-0.2604634581037705,-0.017098328586202485,-0.1604744893119536,-0.26473591841603655,-0.2827780102182861,-0.41716608573835684,-0.1959557548342812,0.7080477719315659,-0.11567322162648024,0,22,train
2.0176438341984535,2.441321281347582,-0.7186608850029608,1.9170359610261862,1.4820363907362948,1.3446433420559012,1.5873635596658409,1.7586718174549059,1.6770953982733772,1.763181900053194,2.3502178858524,3.3603539897960513,-1.108354518454395,-1.169873107338096,2.8705579700262334,1.1840200344074838,2.01292789213406,2.2617429595755345,-1.172802209868772,1.4024359152460615,1.7283071583487826,-0.8728153262625976,1.2755426807223853,2.7984344762922055,-1.0294256705744194,1.8887784555344274,0.5360314379166546,2.59620286348711,-0.029371611797575716,0.6343821237386914,2.667730455206888,-1.3904994385513112,2.267131877584207,0.9560144883585364,0.8387653804918555,2.1255269279835027,1.4187609492270472,2.8323213651222896,0.13029954440029076,1.698465451632884,1.3679211515536962,1.7937994692664545,3.3031118220463402,2.6414271290307174,2.351623944067513,3.22655617448288,2.0439189748394395,1.5327461935826796,-0.9095809380643713,-0.9808977995486242,2.0900595518657554,0.5987046207326693,-1.190603745847512,2.1951273608435593,1.707259635725763,0,22,train
0.026775251542972372,0.368831372789916,0.5039966588786055,-0.14181484670183683,-0.03090516265861703,0.01796974828638645,-0.13301602091520853,-0.06130658540797763,-0.07121126429471795,-0.0916644742196981,-0.7392672220570794,-0.49658050674090515,0.29235256901166795,0.08256549723367423,-0.7324857051734942,-0.8215088888830263,-0.8826387802653022,-1.0646675569545572,-0.020561007245903526,-0.8687966930563366,-0.39189590835096044,0.043185188117234596,-1.0414762263586574,-0.5396612407032497,0.20886561009780055,-0.8746884216468408,-0.8871110270592513,-0.8314768776190546,-1.0237778151077215,-0.717362469304407,-0.80949557992333,0.24679173225379325,-0.8599562655898876,-1.1159553749806446,-0.7145594157797837,-0.9768545631932133,-0.6625769294119295,-0.5703060559799559,-0.8214901738946263,-0.7228955138330561,-0.8774019807712911,-0.6283263000149862,-0.5896608414756442,-0.68131890267353,-0.6082422039761841,-0.6364066737756029,-0.5170149814533128,-0.4768172617405551,-0.0166063633926151,0.03885444423799518,-1.2319130350519025,-0.7104960561843432,0.2037625966944004,-0.47048020180836014,-1.0805806786940357,0,22,train
0.5280890191599446,-0.7631571442035547,0.7648866768925499,-0.3964170868965032,0.5997548337671459,0.8202707186592763,1.0856801302041323,0.3921642557608051,1.0380944251125237,0.9125432100518749,-0.6145906640300625,-1.0915331684407548,-0.09185866232351561,0.39696366545950956,-0.2991628445680785,-0.24387959070027573,-0.3030599205969412,-0.06762673900256679,0.8413517033775021,0.37450736407471746,-0.5784901821127367,0.4948419514402543,0.4390737611985432,-0.6154159751299402,0.6298846455263553,-0.0004109448117151982,0.047031792786258644,-0.6560152614557254,-0.023504908533209076,0.3861025046083264,-0.8283253237958763,-0.4374493540528176,0.019199137984144216,0.5671653496222792,-0.22459883954534104,-0.020067673084742683,0.3335497595864913,-1.2066289569997906,0.07254531392123026,0.05902690525887192,0.4424839145819109,0.023526902409143402,-1.2328145858836244,-0.7223766647599019,-0.7652048027360772,-0.8389405315487459,-0.750660118789503,-0.51095480628172,0.429880923943263,0.786153798463304,-0.04549425400988195,-0.05481729871684435,0.8017908280512652,-0.9576669626063611,-0.035511679039329475,0,22,train
1.2496267155976175,-0.2590379772570954,0.9002674429970832,-0.03165041584837542,1.62979713692773,1.211107456594649,1.2976272869205396,1.0748085327890802,1.5786892484066057,1.546849925515967,-0.5198364799295296,-0.7691450266329545,0.19251815457024232,1.0618384802321776,-0.5074451035331126,1.0176627965308516,0.7164402421931879,1.3705825824680034,1.3524508195015565,0.8835767417976688,-0.2832201225336622,0.9312743294827228,1.189107559038255,-0.7449321339884755,0.9215710360847004,0.8152688459084556,1.253084729206518,-0.5522210659788264,1.669038983236567,0.9166145112971406,-0.6180598505524425,-0.11671134484659376,1.2391963287899546,1.217139457436899,0.9778371597723741,0.9749906926280667,1.2918830240700667,-0.7573169849056325,1.3731705843096729,0.8858330885887051,1.4589477650263307,0.9120117468091558,-0.9312401028597868,-0.46723200036601886,-0.5359895791502016,-0.88586910834984,-0.899551627876291,-0.6019882583914927,1.2236361014292685,1.180561790971106,0.9442287817541195,1.1228162591030713,1.39981905940813,-0.7604723213309798,0.9947125905066452,0,22,train
-0.17684888364802734,0.15910737827213833,-0.4055928633862276,0.30863527056564977,-0.03090516265861703,-0.6638232278897634,-0.5524008203753333,-0.06983963887083107,-0.13894536744976843,-0.13306133354472305,-0.5871618212641188,-0.2738396087646067,-0.09185866232351561,0.06452625807317548,-0.37098431317671093,-0.7198461324028622,-0.698756330812288,-0.8382010584816862,0.13670025925380555,-0.5310487405286093,-0.5518338572896259,0.11169492187971512,-0.8602412937951583,-0.39792657629202255,-0.03328912923365578,-0.8114029206426896,-0.6459004397751994,-0.6930846169831893,-0.8741768818663721,-0.5433545311104759,-0.46742189957207203,-0.13809387879367535,-0.7706881784577552,-0.8009024231578376,-0.6139998215307932,-0.8189847263253156,-0.6922717629593078,-0.436726821033044,-0.4772749602394257,-0.555171973786147,-0.7347936196641635,-0.49438386116071303,-0.31885926488281047,-0.3968472653608098,-0.4886516525400752,-0.4857412429931429,-0.4185175215958992,-0.5268856604009302,0.05532769956705415,0.09334502215025729,-0.9509191132261609,-0.6846139999685208,0.06742455431252452,-0.4403210213780077,-0.8371271049108371,0,22,train
2.028710363284921,2.4491370823855116,-0.6693033140273497,2.3821746690741343,1.777557883119165,2.024265003021299,1.8511701270681773,2.0475766275543723,1.6144733029036136,1.7324681011991434,3.4299168783663663,3.2519143420970638,-1.2626440680456892,-1.1106013215250286,3.6222893414632527,2.149816220969043,2.4994017141046925,2.1940971223693526,-0.9066677588692643,2.9394338441403565,3.426110000928461,-1.1646160441398294,1.8080945594858981,3.3287176172790387,-1.095467872210271,2.5192895581313413,2.0797791965345866,3.426556427302302,1.669038983236567,0.8168782540396434,3.2545908059012483,-1.3141332458831627,2.296887906628251,1.4356897032959632,2.1545983690690704,2.685247258696958,2.5876575788647607,3.386068011811306,1.588016321691778,3.193803491769411,2.608917315230615,3.1064353700383323,3.170788324393024,3.3071494142883204,3.5724441566444587,3.295714077137124,2.7860858816720437,2.816317868330476,-0.976554031164753,-1.1184216390414763,2.371053473691497,2.354370767372617,-1.0914488059334204,3.5082116780419805,1.9328995333784837,0,22,train
1.3813184117265793,-0.2850906473835274,-0.7186608850029608,0.14094052582204744,1.8492967961251516,1.527033819759075,1.6155480219951504,1.4417298316917782,1.7793355539791138,1.7404803965523739,-0.29043161315981847,-1.0651559568382984,-0.13723794161507272,-0.7343543333203405,-0.4092890964346483,1.4243138224515082,1.200586438221377,1.6529304247198946,-1.1667536996187833,1.776895601744194,-0.07817147004819383,-0.8829649164496317,1.6770477620938296,-0.8255742706362427,-0.7707603808340001,1.4926580973973331,1.8561111974166475,-0.3545178364990188,2.109041728064065,1.0099846244743718,-0.3732731802093405,0.2192999028932598,1.5962686773184844,1.5946353366480102,1.6197069102978447,1.4749118427097425,1.9505684227573694,-0.9370417737432957,1.7058349518690614,1.6842916313472298,2.1568184683165295,1.4433167542644396,-1.2112735513819215,-0.21502003326401953,-0.21957291180882998,-0.903158584013401,-1.0896746317871124,-0.26061281297984473,-1.1005782776469415,-0.9990613255193783,1.8808751878399252,1.765553988462659,-1.0945473978057358,-0.8648694843591228,1.6775701755083,0,22,train
0.5026360022610696,1.629780606909225,-0.5226408174141053,0.39187061832159836,-0.33927541557987295,-0.7908451677187595,-0.7079790524331215,0.10082143038623771,-0.47761588322502074,-0.5056330674699475,-0.2729768950360361,-0.7369062124521745,0.001925181545702424,-0.3400681059551535,0.004881372541798782,-0.6412885478500082,-0.27512840928762256,-0.6646747804310448,0.281864505253537,-0.1810635433440803,-0.43085515232319943,0.22334041393709078,-0.19385438790783077,-0.18043717745410487,-0.06355847165008782,-0.6238903250748342,-0.30820561757752685,-0.2828504158125885,-0.1555057319814585,0.10174806902312206,-0.3952412147273112,-0.7306955338985079,-0.4650126073689379,-0.0714554986671944,-0.45567194973451053,-0.8859598086329086,-0.20635630491129772,-1.1337675561196567,-0.07761568532432704,-0.6000557380240522,-0.29179743409734166,-0.7511068689647367,-1.0204815315096978,-0.44083772473906546,-0.6032592643330129,0.2231272592128575,-0.8239605540322295,-0.4722655891350665,0.11733982280814834,0.24124801934068302,-0.5731383961048859,-0.2726579385333489,0.19756541294976968,-1.4007749212369238,-0.47194674423603916,0,22,train
1.277293038313786,0.48997628887782485,-0.5691779557625386,0.706451270869816,1.049461452610644,0.034254612367026975,0.8308925907471749,1.1272258612037513,1.0125343861860896,0.8898417065510548,0.2880676160855401,0.04268693046486992,-0.3974124762200002,-0.49211312173650007,-0.3159211872434261,0.5393857376355341,0.5395406705675033,0.7000064571197622,-0.35625332612028254,-0.457625272587799,-0.2606647707602607,-0.002487967724419083,0.4530149098572739,-0.006934398605878413,-0.5451161919115067,0.4378997473281467,0.38472661498393124,0.15456797941148587,0.6159657472827549,0.37973636052806065,0.2857678553297803,-0.009798675111185817,0.554807660776939,0.5331055710468406,0.5520635585904785,0.41287839468934023,-0.2576473810385877,-0.0068445558402549745,0.4768249272746538,-0.3732746134535837,-0.4738506610426109,-0.3805327881345808,-0.00805290992967178,0.2923365982318629,0.14418168214266816,-0.036214875740557276,-0.08637492440229538,0.26055370034860453,-0.43332783157276805,-0.3296056540258724,0.44156187715473705,-0.4775575502419423,-0.3725754915562568,-0.40088209312293144,0.5790601474621597,0,22,train
1.395704899538987,1.8212677323385003,-0.514179519532572,1.1556773389055974,1.6918994795299274,1.334872423607517,1.5028101726779124,1.3661513581636475,1.4112709934384622,1.3265118033021244,1.008698121481698,1.9330537619742445,-0.49422160537532206,-0.5900404200363504,1.0558688631814535,1.401208650524198,1.2308455754731389,1.4382284196741857,-0.5709754399948853,1.3975410173833407,1.0536970916715915,-0.5531032353710218,1.1695899509160321,1.5228224965911605,-0.5368609167070252,1.2910820571618886,1.5688513161965494,1.0442325120706202,1.5663716761101507,0.8614412626015039,1.5756053105992023,-0.6482200458169076,1.371745912713424,1.2710674401813435,1.416448155964779,1.4486002032317595,1.2513900692327327,1.9749855480993828,1.1906672159958416,1.2047440450159264,1.4619819854754186,1.2647268357920751,2.0598864022337855,1.3715692016450696,1.3824421834707132,1.487728907747604,1.8835742727459757,1.223232456409452,-0.668973899888926,-0.6176272801335435,1.3501088910579686,1.3514410890095019,-0.5398994526612862,1.5339453283319866,1.368799789246682,0,22,train
-0.09384991549952204,0.9823717542673898,2.1201045542514714,0.37473392907772657,-0.34998271602852765,-1.1132854765154419,-1.0450652218916627,-0.5915749077424414,-0.8367344301414203,-0.8141064385693271,-0.6270583198327642,-0.8306918537053527,1.078926743398658,0.10060473639417297,-0.031029361762517436,-0.4402735520824109,-0.1796957456474507,-0.4529138987421265,-1.203044761118716,0.3035313450652676,-0.6871659679300349,-1.829414201390566,0.21880361239059806,-0.6178596762404786,-0.586392567933914,-0.044945186259080845,-0.108658677187993,-0.35946041723601396,0.011695311052990773,0.33517335196620024,-0.6619959195883839,1.6000006663333854,-0.32434774279709283,0.29184880613748393,-0.11762054779109594,-0.41713423247975795,0.06899578798257468,-1.0123318879861005,0.14185039049610287,0.0023316241162547875,0.12692498787677756,-0.5010809831034267,-1.014326950223497,-0.4906935787010886,-0.8050683198814469,-0.3745946137273937,-0.5101430656493071,-0.3402670835758959,-0.5920788670699692,-1.4739077901833766,-0.13291458524455715,-0.14971817150819286,-0.9706037229131214,-1.1780609734435519,0.06543248570004556,0,22,train
0.5148091842561837,0.5056078909536841,-0.4902058422015609,0.5093793445652905,0.41558926605028473,-0.7170204505531891,-0.1082136940654162,0.3312138738832805,0.160107087989511,0.15404591661270806,-0.36025048565494794,-0.3940024616202414,-0.20076893262325268,-0.3297599692920114,-0.4045009985274061,-0.493415447515224,-0.4613384846830799,-0.5764410797273288,-0.12943419174570214,-0.8663492441249763,-0.5784901821127367,0.15990547526812735,-0.6567005233776901,-0.2781852218756409,-0.15711825730087778,-0.705927085635771,-0.6042367928806813,-0.3545178364990188,-0.5309747409009236,-0.1380433580002219,-0.2916776234283065,-0.25417049164926114,-0.5164093848086505,-0.5738372326549136,-0.48990500309586893,-0.7209140700891974,-0.9136332494034014,-0.46101395465975525,-0.3617664992813047,-0.8386483794992327,-1.0351814441238576,-0.9363939093798147,-0.3865596590310189,-0.24727970347474038,-0.4886516525400752,-0.3054367110731498,-0.3200200617384857,-0.3152328842457084,-0.12078673043765333,0.04144923366238861,-0.6199707164091761,-0.9391208860907737,-0.12778673364334325,-0.6653549061275605,-0.5372635567144584,0,22,train
0.06993471498019514,0.6554107441806681,2.2639466182375383,1.140988748125136,-0.7996893348720259,-1.1860245360756363,-0.7564563276395339,-0.1795503262503753,-0.82906641846349,-0.872863271159685,-0.3378087052100849,-0.44089528224683056,2.4887096867230323,0.3686162896358687,0.17725289720251663,-0.35709493314409485,-0.03538293721597123,-0.21174178348530287,-1.1969962508687273,0.07591859444875568,-1.3207663041101323,-2.192262050577037,0.2912975854159977,-0.23419860188594968,0.10705054924252913,-0.10119896492943745,0.2641213213419053,-0.2457810602851246,0.3871643199724558,0.5261576743741734,-1.0825268660752514,1.199841816752287,-0.1133504459393252,0.3486151037632149,-0.07482923108939789,-0.2305607889086062,0.32545116861902446,-0.38329512705427926,0.4190706967955933,-0.34492697288227514,0.23312270359485127,-0.4765248693134766,-0.5311923192567369,-0.9892521183213199,-0.8648635955995013,-0.11031262858439007,-0.5811528622906983,-1.1914298608022715,-1.4800924718824378,-1.0846893765243617,0.016948839729171775,0.3657661147902684,-1.1689136027413045,-0.9135881604389229,0.02386724139559702,0,22,train
0.07214802079748862,-0.4765777728128026,-0.5663575231353609,0.8117195047964568,0.3342137826405089,0.4164060894593912,0.7936891004724864,0.06181318598462199,0.5933497477925697,0.5453130063621374,-0.4300693581500774,-0.6196741608857016,-0.24009764134260217,0.12895211221781386,-0.8378238591328218,-0.6089413071517741,-0.6172894228267755,-0.5029129958075655,-0.374398856870249,-0.33280537708842156,0.08381696541532618,-0.21055456655861918,-0.05723113105226988,-0.5787604584718642,-0.005771545218717562,-0.4926315081773355,-0.31916973518134734,-0.6535439710872278,-0.6395087512917065,-0.0998464935186273,0.16651281080365363,0.4911635487918686,-0.4271412976765181,-0.03739572009175582,-0.44925325222925583,-0.5486924298696727,-0.23605113845867612,-0.8836100797645309,-0.4426224219519894,-0.29295629850154276,-0.19470237972653143,-0.45866587746624016,-0.7404480829875629,0.23368265239418864,0.29616134125939,-0.6117074228276587,-0.4712022094266088,-0.18095854238379352,-0.15551351945266606,-0.3737170742405607,-0.5200617664266902,-0.4991259304217942,-0.2920121028760574,-0.5447181844061507,-0.31162365906173767,0,22,train
0.7682327003362867,-0.6823938668116155,2.076387848530216,0.2853783351632524,0.956307938707348,0.7627308655743464,0.6414930038942154,0.2641684538180035,0.6380798159138295,0.6174236645412132,-0.07100087103226867,-0.6724285840906143,0.7884993559326924,1.5179735275762172,-0.6750285302865883,0.3476128106388609,0.060049726424200665,0.3853062579431752,1.3887418810014895,0.12731502200732286,-0.00025298210371584896,1.436216441287672,0.33590926112393593,-0.6520714917880162,0.7647208071995526,0.04412329663565045,0.3693768503385825,-0.1419868648082256,0.48103157220232207,0.5473781546417259,0.050396056922951404,-1.249985644041918,0.41414279620509387,0.3826748823386535,0.1006151673875641,0.2550085578214426,0.29575633507164606,-0.7548882715429613,0.47451475805549137,0.06375151202075668,0.18760939685853395,0.21551106476693502,-0.7989166052064702,0.08118239321623553,-0.02025532608198169,-1.0044255128999724,-0.9178767366869726,0.08076263243180327,1.6081112655240524,1.4244719968640887,0.08563624284213087,0.1565528270457046,1.4741852643436986,-0.8068710604545989,0.11887351409147941,0,22,train
-0.6836959158082332,-0.23559057414330659,-0.4591810833026054,-0.6657079178716311,-0.4591971806048058,-0.34572554951458523,-0.530980629005058,-0.707380633309738,-0.5555740019506449,-0.6458482361514837,-0.3702246102971093,-0.253323999740474,0.2772261425811489,0.22430237635187864,-0.3781664600375742,-0.5996992383808502,-0.6591866897907533,-0.6617336570742542,0.30605854625349227,-0.7513191443510402,-0.27911914948395283,0.058409573397785824,-0.8407236856729354,-0.35882735852340814,0.3437017717709978,-0.7457735121939402,-0.6437076162544353,-0.5448071948733336,-0.7568428165790393,-0.57730729953856,-0.4736984808629208,0.16431624417219284,-0.6516640622815785,-0.7469744404133931,-0.5776272023343499,-0.539124560968588,-0.6679759900569073,-0.23271489856866956,-0.5280986830609989,-0.5457227602623774,-0.7803069264004808,-0.46089825144714475,-0.4081006935327216,-0.42030884369587945,-0.4313478466436063,-0.31531641145232747,-0.3108575073331449,-0.24468195886063449,0.0900544885820669,0.2879542289797648,-0.860376627304533,-0.6350067255548614,0.2905231691192305,-0.3289640474813218,-0.7272761021062231,0,22,train
0.8191387341340366,0.039265095690551095,-0.5452042784315275,-0.2654438191040546,0.7346668194201953,0.533657110840003,0.7102630919777304,0.4823708209395414,0.7249839482637056,0.6468020808363922,-0.582174758943038,-0.4321028783793451,0.21066986628686515,-0.30914369596572716,-0.43562363492448014,-0.056727698089064534,-0.2634902795754065,-0.1146847127112153,-0.2836712031204168,-0.4160186407546732,-0.5272280189913696,-0.2638399150405485,-0.2635601312014843,-0.5127805284873274,-0.08282078046054459,-0.2043308924917579,-0.08234479493882371,-0.799350102828586,-0.20243935809639163,-0.051039388903256405,-0.5960918160344718,0.2192999028932598,-0.14310647498336934,-0.051587294498188566,-0.1689701278331336,0.09953068817881613,-0.10107462233422887,-0.5290179288145468,-0.14692076189919964,-0.21972489369232898,-0.27055789095372695,-0.17961912985317097,-0.5711970976170418,-0.5112224597442746,-0.5509383980797152,-0.648756299249575,-0.439133269007916,-0.5314373330064188,-0.49037898495457466,-0.3866910213625279,-0.2859001649052388,-0.21442331204774867,-0.3137022459822649,-0.5075991931072554,-0.0741079773220317,0,22,train
-0.0429438817017721,-0.4388014011294762,0.6901452122723387,0.6660576462235467,-0.5791189456297386,-0.6735941463381477,-0.2074230014645855,0.3616890648220428,-0.24885353483343522,-0.3226856569045148,-0.2679898327149554,-0.44089528224683056,0.3407571335893289,-0.04370917688981699,-0.9096453277414542,-0.6251149275008911,-0.6498761860209805,-0.6646747804310448,-0.24133163137049515,-0.7390818996942384,-0.6974184005543084,-0.3450366365368217,-0.39181869886180676,-0.6838396062250154,0.32168770455904727,-0.6707684739667981,-0.42223244065726045,-0.5126804200828649,-0.5397747957974736,-0.16987407840155075,-0.4172092492452819,-0.13198458338022348,-0.5461654138526947,-0.44327474811573236,-0.7466529033060573,-0.5773960365729268,-0.5276004132874822,-0.4197258274943461,-0.33866480708968055,-0.8788075369752532,-0.5982536994552116,-0.579214072435086,-0.37732778710171777,-0.3440587141069029,-0.4936345921832464,-0.549959295457798,-0.3612515565625192,-0.7635726358863395,-0.4283668617134805,-0.08569544813288962,-0.7948113788785266,-0.28559896664126005,-0.18975857108965047,-0.25472606488353117,-0.5817977470406532,0,22,train
-0.7091489327071082,0.43526568161231766,-0.5311021152956387,-0.46863599156710567,-0.850013646980703,-0.7897595101133835,-1.1194722024410397,-0.7488268929864548,-1.016932704572781,-1.0504691514896307,-0.3028992689625202,-0.5698505389699506,0.3498329894476403,0.31192153798858685,-0.665452334472104,-0.17456407491834566,-0.4520279809133071,-0.24997638712357978,0.24557344375360415,-0.07827068822694591,-0.05356563174993763,0.2106534262032981,0.009686382509637497,-0.669177399561785,0.3244394629605411,-0.30980672749867655,-0.07138067733500318,-0.3421613846565308,0.011695311052990773,-0.021330716528682812,-0.16614599761133111,-0.05561839071207494,-0.31082227504980003,-0.01752751592274997,-0.17752839117347322,-0.3214555434689109,0.001507529920351045,-0.6820268706628276,-0.038342808598565904,-0.170116522692539,-0.10064154580480898,-0.2555198452039258,-0.7527572455599645,-0.17396227117764754,-0.17970939466346034,-0.7253239771882023,-0.6544532975334247,-0.24013028625514585,0.19423485562710513,0.32168649149687945,-0.40141988832248815,-0.16481603763408922,0.30291753660849197,-0.5887969865735889,-0.28490314486602075,0,22,train
0.31893161942571113,0.24377855618304234,-0.4154643775813498,-0.1222300589945548,0.7121814884780204,-0.15899244138990726,0.19730587758429835,0.15323875880090884,0.4297654986633912,0.40776860279834487,-0.6395259756354659,-0.26211640360795946,0.07453202841219381,-0.0875187577081711,-0.4930808098113861,-0.6690147541627802,-0.7057392086396177,-0.5823233264409099,-0.10524015074574689,-0.6534211870966264,-0.34063374522959333,0.06094697094454436,-0.731982726134836,-0.48589981627140494,-0.17087704930834688,-0.6285781399640307,-0.555994675423871,-0.7227401014051605,-0.47817441152162377,-0.36085840080952386,-0.5772620721619255,0.014638506542621714,-0.513704291259192,-0.7611660148198259,-0.5433941489729915,-0.5726121021223844,-0.5950886713497059,-0.41729711413167503,-0.3317342994321933,-0.5693457940718013,-0.844025555831325,-0.6171644301104635,-0.331168427455212,-0.5522802218306466,-0.4861601827184896,-0.5277299696046481,-0.37499538817053046,-0.4859206069515324,-0.07117703184477799,-0.10904855295243052,-0.7698341413829051,-0.7816717107778546,-0.0007444668784134348,-0.3985621561667505,-0.7718102924324179,0,22,train
0.6918736496396618,0.42093671304278,0.7451436485023054,0.5032590984067649,0.6736352068628634,0.8050715121840119,1.1228836204788208,0.9078044864446628,1.1569486061204426,1.0661122043221287,-0.026117310142542576,-0.04230630692082289,0.6130328093386715,0.4381962121120781,-0.31831523619704716,-0.14452735141284262,0.04375634482709815,0.27648469374192547,0.8443759585024965,0.23500277498717795,-0.014606387777698635,0.540515107281908,0.4223443828080663,-0.09735133969579925,0.8747911432593054,0.3464873569888172,-0.07138067733500318,-0.1938839625466751,0.005828607788624131,0.39883479276885797,0.19475742661247308,0.3292672203353937,0.2274913412924533,0.4933691627088289,-0.04059617772803946,0.0923547865030026,0.3686436537788476,-0.02627426274162397,0.08178599079787995,0.264547299400859,0.45765501682735,0.041385894256379833,-0.06344414150547868,0.1398363390539098,0.037048479814487195,-0.15477128029068976,-0.16425663684769215,-0.11040761699871961,0.4770101376064946,0.8354547975267792,0.42282894903302093,-0.12167927727438535,0.8606640736252571,-0.14336909098684525,0.481084928744531,0,22,train
0.27245219726254816,-0.04801134923299613,-0.3830294023688054,-0.3021652960552084,0.12220923375714544,0.10482235671646924,0.14882860237788606,0.16299081990131276,0.18438912496962345,0.09662446658122184,-0.8813984982078787,-0.3764176538852705,0.038228604978948116,-0.06947951854767234,-0.6774225792402093,-0.7729880278356753,-0.8547072689559836,-0.8234954416977336,-0.09011887512077485,-0.8051630208409677,-0.5087736402676775,-0.060848111299865455,-1.0386879966269114,-0.5640982518086338,0.1290646164544797,-0.8184346429764842,-0.8147478508740357,-0.7548668761956292,-0.9797775406249717,-0.8680278792040301,-0.8189104518596031,-0.01896261823136364,-0.7544576171610038,-0.9172733332905861,-0.7552111666463969,-0.7185221028639261,-0.6004877319946837,-0.4245832542196884,-0.7198427282514799,-0.6709248394523236,-0.8045806899931833,-0.6908327714803137,-0.47272379703782963,-0.8572807401865528,-0.8050683198814469,-0.5623089209317701,-0.450586462014592,-0.6406774755381461,-0.18031836874910373,-0.05715276446456186,-0.9977514335304511,-0.6910845140224764,-0.10609659053713573,-0.44264095833418865,-0.9083818094327489,0,22,train
-0.31075388559428263,0.46783151927035765,0.5970709355754721,-0.5445270439328235,-0.582331135764335,-0.87009817291121,-0.3754023969472699,-0.2673188761540106,-0.42521780342583076,-0.5069684500288193,-0.4500176074344001,-0.4760648977167724,-0.085808091751308,-0.038555108558245926,-0.6774225792402093,-0.57659406645354,-0.5614264002081383,-0.5999700665816531,-0.10826440587074129,-0.6607635338907075,-0.05766660479964699,-0.4186211653928193,-0.5340184151808599,-0.47856871293978975,0.018994280394726837,-0.6731123814113963,-0.5801157341522762,-0.43607041865943946,-0.6600422127169897,-0.29719696000686613,-0.2759861702011846,0.4483984808977054,-0.5407552267537776,-0.4404364332344458,-0.6033019923553687,-0.8811758741823662,-0.5195018223200154,-0.5581624891666003,-0.34097497630884294,-0.6024180414049947,-0.6680407697842314,-0.46536299940895387,-0.6789022701255553,-0.1710295738857638,-0.33916346324493896,-0.614177347922453,-0.6521626589320895,-0.20826857801672535,-0.3713157083316739,-6.739712790632355e-05,-0.7198796663916621,-0.28991264267723044,0.01474849248316337,-0.7210333930759035,-0.5877356390841458,0,22,train
-0.3019006623251087,0.20991008501868075,-0.526871466354872,0.1629734119927397,0.2978089611150828,1.2208783750430332,0.3089163484083638,-0.3855626169964083,0.6125197769873952,0.47186696562418995,-0.5871618212641188,-0.22108518555969398,-0.0464793830319585,0.10318177055995852,-0.5720844252808818,-0.502657516286148,-0.3170256762516005,-0.682321520571788,-0.3834716222452322,-0.2911987452552957,-0.07817147004819383,-0.5531032353710218,-0.2161602257617999,-0.5005620229346354,0.140071650060455,-0.6824880111897891,-0.32355538222287555,-0.5991755829802807,-0.26110639074005804,0.12509059731742989,-0.08141215018487274,0.1459883579318372,-0.4785380751162307,-0.14809000046193124,-0.49418413476603873,-0.6108835777267233,0.21207089507448876,-0.3420069998888702,-0.08916653142013915,-0.8882567504990226,0.2664991285348173,-0.8671903159717735,-0.3527094619569147,-0.23848161159908923,-0.31175729520749734,-0.5450194452682091,-0.40477368998788804,-0.35392210139236185,-0.1307086701562284,-0.19727139338180727,-0.7261239757655675,-0.31148102285708235,-0.35708253219468,-0.3452036061745885,-0.762903454367179,0,22,train
0.08985446733583642,-0.397117128927185,-0.3886702676231609,-0.2862526560430418,0.002287468732212599,0.05162513405304353,-0.007877008173074527,0.05206112488421806,0.05147692255216592,-0.008870755569648198,-0.7666960648230231,-0.5610581351024652,0.13806301942037377,0.07741142890210316,-0.5122332014403548,-0.7752985450284063,-0.8919492840350751,-0.9029057723310779,-0.11431291612073011,-0.9079558759581021,-0.4554609906214556,-0.012637557911453235,-0.9550411046745272,-0.6594025951196314,0.08778824043207238,-0.7762443089737167,-0.7204564394811791,-0.7696946184066148,-0.9621774308318717,-0.8107325824816382,-0.8220487425050275,-0.025071913644815525,-0.7544576171610038,-0.7214296064818142,-0.6974428890991045,-0.8668240708307391,-0.7462623694090867,-0.4658713813850975,-0.7221528974706423,-0.6142295583097065,-0.9168468466094327,-0.65957953574765,-0.595815422761845,-0.5346840380793443,-0.7552389234497348,-0.7277939022829967,-0.46891157082527357,-0.5428165145201405,-0.12574770029694085,-0.08569544813288962,-0.9727741960348297,-0.8140242810476325,-0.2269416735574348,-0.45424064311509343,-0.7747792384541643,0,22,train
0.5513287302415261,-0.3697618252944314,-0.4577708669890165,-0.15283128978718297,0.5098135099984462,0.1656191826175272,0.5704681588243555,0.5250360882538087,0.7812160339018607,0.7162419738977244,-0.5697071031403363,-0.8013838408137345,0.18041701342582708,-0.11844316769759751,-0.5170212993475969,-0.467999758395183,-0.4613384846830799,-0.3735035681087821,-0.3078652441203721,-0.5604181277049334,-0.3734415296272683,-0.10905866468827766,-0.15760740139513094,-0.6422966873458626,-0.19013935811880361,-0.24886513393912355,-0.3586405585551013,-0.749924295458634,-0.278706500533158,-0.03406300468921435,-0.8220487425050275,0.18264413041254848,-0.3595139589400541,-0.19350303856251602,-0.444974120559086,-0.28318406786457206,-0.46551121587023647,-0.7184575711028944,-0.2901512534872697,-0.356738489786987,-0.5770141563115968,-0.4006241539627218,-1.0020177876510956,-0.7692998214300414,-0.640631311656797,-0.6734555501975193,-0.6178030799120615,-0.540540678217396,-0.16295497424159736,-0.381501442513741,-0.35146541333124515,-0.5659879089793352,-0.40666000215172576,-0.5052792561510745,-0.38584730960539576,0,22,train
0.0599748388023745,-0.6524332961662187,-0.39995199813187204,0.01486345495641939,0.11792631357768356,0.10590801432184527,-0.16458261872403512,-0.011327272268407485,-0.012423174763919432,-0.04626146721805783,-0.6619677560803289,-0.6607053789339671,0.1864675839980347,0.05421812141003334,-0.6941809219155569,-0.9116190593995355,-0.9082426656321776,-0.9881983496780034,0.08528792212890067,-0.8516645505368142,-0.3980473679255245,-0.04308632847255569,-0.991288091187227,-0.6056411706877866,0.032753072402195944,-0.8864079588698317,-0.8805325564969589,-0.8957304271999922,-0.8976436949238387,-0.5306222429499443,-0.7404531857239935,0.1459883579318372,-0.8815970139855561,-0.9343032225783054,-0.7830255225025006,-0.8859598086329086,-0.7786567332789541,-0.5460189223532446,-0.6112647749508461,-0.5811573109765132,-1.0685578690638238,-0.6618119097285545,-0.780452861347868,-0.5698764055819489,-0.5783445661171569,-0.7203841269986134,-0.6292562729187375,-0.6065399309969813,-0.036450242829765236,0.08296586445268354,-0.9915071241565458,-0.852847365371366,0.1386921673757778,-0.5795172387488651,-0.9232265395414805,0,22,train
-0.5398310376841573,0.9003058433691289,0.9002674429970832,-0.2935969514332725,-1.2215569725490216,-1.4161839484153556,-1.769969593001502,-1.0767399474875368,-1.7032197497475376,-1.6874466320714663,-0.10840383844037375,-1.3084124638387296,-0.06765638003468516,-0.27564225181051516,-0.5840546700489871,-0.10524855913641559,-0.07495257823750592,0.020606961701149184,-1.2302630572436657,1.262931326158522,-0.03716173955110016,-1.0834193226435562,1.0022961670112636,-1.0259577617003914,-0.6111583935473585,0.41680458032676293,0.8846903777181478,-0.38170203055249236,1.0149015692596866,0.7383624770496989,-0.12848650986623852,0.8729945121326114,0.13822325416032083,1.129151696117016,0.3359674092469034,0.05647527812393496,1.189300871815487,-1.5175042674216943,0.8487621715598035,0.581095952447138,1.3982633560445743,0.09719524377899368,-1.663635275917678,-0.07425056325360127,-0.26940230824054207,-0.8982187338238121,-1.327901046325973,-0.12633847111792984,-0.9319053024311652,-1.1106372707682959,0.5102492802676961,0.7669379861355143,-1.0728572546995283,-1.3497363082009428,0.599842769614384,0,22,train
0.03894843353808649,1.4239645129104122,-0.5071284379646276,0.019759651883239897,-0.3200022747722944,0.17104747064440737,-0.8489013640796689,-0.28194696780461653,-0.5977480661792612,-0.6097929070619458,-0.4475240762738598,-0.7486294176088217,-0.007150674312608999,-0.22152453432901895,-0.5122332014403548,-0.6620832025845872,-0.4310793474313181,-0.6734981505014164,0.2244036578786433,-0.6974752678611126,-0.21760455373831233,-0.2054797714651021,-0.30259534744593025,-0.6300781817931707,0.08778824043207238,-0.4809119709543445,-0.3410979703889884,-0.47808235492389856,-0.3843071592917575,-0.07225986917080897,-0.4203475398907063,-0.574908500855485,-0.6192029396880758,-0.2786524850011125,-0.33157713129958616,-0.7137381684133839,-0.5302999436099711,-1.2819190712425952,-0.253188545980671,-0.5528096704052046,-0.5527403927188942,-0.5211723489315677,-0.9773994625062925,-0.30006825472864723,-0.41639902771409265,-0.5944179471640977,-0.7231724555734806,-0.4495072261076233,0.1892738857678176,0.23605844049189614,-0.5606497773570751,-0.5875562891591871,0.20686118856671576,-0.1990475779351882,-0.37100257949666415,0,22,train
-0.29636739778187504,1.5659515650994666,-0.5381531968635831,0.2853783351632524,0.3085162615637375,0.9527209465151526,-0.14203504886058754,-0.5379385716902197,-0.1555593927519506,-0.17579357542861976,-0.49988823064520693,-0.3090092242345486,-0.07068166532078896,0.08514253139945976,-0.10045678141752878,-0.6713252713555112,-0.43340697337376133,-0.5176186125915182,-0.04173079312086436,-0.699922716792473,-0.03511125302624547,-0.5708650181983316,-0.25240721227449975,-0.7986935584203203,0.08778824043207238,-0.5582609166260849,-0.43319655826108094,-0.5176230008198601,-0.4517742468319739,0.04869686835424065,-0.4046560866635843,-0.7184769430716043,-0.5272297590064848,-0.1509283153432178,-0.47920717392044443,-0.41713423247975795,-0.6355816261870401,-0.32014857962483,-0.253188545980671,-0.7937646152613275,-0.607356360802475,-0.6707414056521728,-0.26654532395010394,-0.2942028601448798,-0.2918255366348125,-0.7277939022829967,-0.03139959797025062,-0.19461356020025944,-0.19520127832696635,-0.08310065870849619,-0.7073910476438514,-0.3093241848390972,-0.06271630432472065,0.8286844936529757,-0.561015124888429,0,22,train
1.0471092333152645,0.36362083876462964,-0.5184101684733387,0.4359363906629829,1.0483907225657785,0.21664509007020083,0.5084623416998748,0.5896434930439847,0.8336141137010507,0.8110541355776202,-0.21063861602252762,-0.1683307623547812,-0.14026322690117654,-0.3581073451156523,-0.5026570056258705,0.3337497074824749,-0.05400394475551697,0.2882491871690876,-0.3139137543703609,-0.5163640469404472,-0.30782596083191843,-0.12428304996882888,-0.12972510407766955,-0.2904037274283329,-0.32772727819349473,-0.2348016892715344,-0.06041655973118264,-0.21859686623165103,0.24929679325983975,0.24180323878896898,0.09433212595889279,-0.09227416319278624,0.32487470907296145,-0.07997044331105406,-0.04273574356312436,0.006243966393240259,-0.2765440932960103,-0.32014857962483,0.32897409724825893,-0.2055510734066747,-0.3403449612827468,-0.3180263166692533,-0.21423138301739744,0.13397094447014238,-0.19216674377138834,-0.39929386467533795,-0.2604634581037705,0.014763379652217995,-0.35643279875381123,-0.21024534050377444,-0.1016930383750303,-0.41932292375634206,-0.26412477602521917,-0.29184505618242645,-0.06520113925679272,0,22,train
0.8401651393983246,0.277647027347404,-0.4605912996161942,0.6599374000650211,0.6971912678499038,-0.13402231646625845,-0.06988282529755534,0.3970402863110071,0.20355915416444903,0.20211968873209188,-0.2081450848619873,-0.18591557008975212,-0.085808091751308,-0.15709868018438053,-0.27043425712462554,-0.1121801107146086,-0.20064437912943964,-0.5411475994458425,0.0006087786290573128,-0.628946697783023,-0.26271525728511536,0.05333477830426875,-0.5395948746443522,-0.2659667163229489,-0.060806713248594005,-0.6543611218546107,-0.47924585219712723,-0.03572137896282898,-0.45764095009634054,-0.3332717764617055,-0.28226275149203334,0.1673708918789188,-0.3054120879508829,-0.596543751705206,-0.21390101036991654,-0.649155053331062,-0.6787741113468632,-0.2594307455580519,-0.17926313096747354,-0.5433604568814351,-0.8258202331367981,-0.6975298934230274,-0.3157819742397101,-0.20328924409648466,-0.34663787270969576,-0.2338088833241114,-0.3520890021571785,-0.051235873127367285,-0.145591579734091,0.1166981269697982,-0.5325503851745009,-0.6242225354649354,-0.11229377428176644,-0.37768272356112187,-0.48382252832302447,0,22,train
0.11752079005200486,-0.10141932299218175,-0.48597519326079425,0.39064656908989326,-0.09193677521594892,-0.4119506634425234,0.12177151854174899,0.3897262404857041,0.08726097704917371,-0.0075353730107764255,-0.4225887646684564,-0.5493349299458179,0.01705160797622146,0.00525447226010817,-0.6415118449358931,-0.8977559562431494,-0.7429812237187092,-0.764672974561923,-0.06894908924581401,-0.986274241761633,-0.4226532062237807,0.07870875377185413,-0.7598650234522973,-0.5860915618034794,-0.04429616283963107,-0.6402976771870216,-0.8805325564969589,-0.6955559073516869,-1.0032443536824383,-0.5412324830837206,-0.5050813873171647,0.060458222143510834,-0.7869187397545065,-0.8775369249525744,-0.8193981416989439,-0.8716080052812815,-0.6652764597344184,-0.456156527934413,-0.6828800207448812,-0.7134463003092865,-0.8713335398731153,-0.6506500398240318,-0.5065739941119338,-0.5112224597442746,-0.41141608807092145,-0.7376736026621744,-0.48494604103461997,-0.5268856604009302,0.01067897083346634,-0.1064537635280371,-0.6480701085917503,-0.7083392181663579,-0.003843058750728796,-0.3939222822543886,-0.6233629913451018,0,22,train
-0.3815796717476738,-0.10532722351114655,-0.48174454432002756,-0.5335106008474774,-0.1775951788051867,-0.47057617413282926,0.09696919169195667,-0.25390979214095527,0.04125290698159226,-0.039584554423698966,-0.5647200408192558,-0.45848008998180145,0.31352956601439463,0.21657127385452205,-0.6750285302865883,-0.6736357885482422,-0.7965166203949032,-0.8676122920495916,-0.01148824187092031,-0.9422201609971469,-0.25246282466084197,0.15736807772136882,-0.9996527803824654,-0.43213839183956015,0.11805758284850441,-0.8371859025332697,-0.8586043212893179,-0.6461300999817351,-0.9915109471537049,-0.6048939238863783,-0.7341766044331447,-0.05561839071207494,-0.8599562655898876,-0.9456564821034517,-0.6824659282535102,-0.8835678414076373,-0.8218492184387772,-0.5120169352758489,-0.6828800207448812,-0.5008389960244722,-0.9684285942439257,-0.5412637147597087,-0.4911875408964319,-0.6842515999654136,-0.7328156950554644,-0.4659818422347875,-0.2948230371237985,-0.5428165145201405,0.06276915435598546,0.01031176056966741,-0.8478880085567222,-0.7169665702382988,0.123199208014201,-0.46120045398363635,-0.7777481844759107,0,22,train
0.9508304302629984,0.6488975766490601,-0.43943805491236093,0.34780484598021383,0.8149715727851057,0.5466850021045154,0.8015807499246931,0.9187755551826173,0.7735480222239304,0.7015527657501348,-0.2555221769122537,-0.0012750888725573983,-0.164465509190007,-0.30398962763415605,-0.3231033341042893,-0.010517354234444484,0.10194699338817857,0.08237055219375036,-0.37137460174525455,-0.2911987452552957,-0.11508022749557814,-0.27652690277434117,-0.10741926622370042,-0.009378099716416814,-0.2506780429516677,0.20116509542372932,-0.11742997127104944,-0.09750363817526887,-0.017638205268842435,0.09113782888934578,0.1351299043494098,-0.052563743005348995,0.062480634775481166,-0.009012571278890323,0.102754733222649,0.0325556058712232,-0.01738918233707157,0.051444564863852016,-0.026791962502753803,-0.0354652299788233,-0.14312063209203846,-0.016655829247138564,0.007333543285830136,0.15743252280521208,0.012133781598631158,-0.07820360235206253,-0.070340454192949,-0.026201673797179765,-0.3663547384723863,-0.39188060021131477,0.11061348033775235,-0.1432476574542373,-0.26412477602521917,-0.18744789315428342,0.28216554528752724,0,22,train
0.0013222346440974048,-0.03237974715713692,0.5900198540075277,-0.21158565290902903,0.07188492164846827,-0.19373348476194036,0.27509499361319245,0.07766028527277838,0.35564138577673216,0.254199608528091,-0.706851316970055,-0.41744887193353597,0.05638031669557096,0.010408540591679241,-0.4954748587650072,-0.7868511309920613,-0.6894458270425152,-0.8970235256174969,0.34537386287841954,-0.885928835575859,-0.4739153693451478,-0.002487967724419083,-0.8212060775507124,-0.3783769674077153,0.19510681809033145,-0.6824880111897891,-0.7511559687718766,-0.7721659087751124,-0.9533773759353218,-0.5497206751907416,-0.7812509641145104,0.09711399462422213,-0.7788034591061308,-0.8775369249525744,-0.6717680990780857,-0.6922104633859433,-0.73816377844162,-0.39058126714229263,-0.6851901899640436,-0.4984766926435299,-0.8136833513404468,-0.7310155031365957,-0.7065978859134587,-0.7575690322625065,-0.6306654323704546,-0.5993577973536865,-0.4528771006159272,-0.5655748775475836,-0.16295497424159736,0.4358572261701905,-0.8978424835479653,-0.7126528942023284,0.18517104546050822,-0.5516779952746936,-0.8668165651283004,0,22,train
-0.04515718751906558,-0.3697618252944314,-0.47187303012490533,-0.23117044061631106,0.22714077815396166,0.10156538390034113,-0.1499266983127942,-0.07349666178348253,0.09620699067342565,0.04053839910860739,-0.5921488835851995,-0.4848573015842578,0.035203319692844307,-0.10040392853709877,-0.5888427679562294,-0.7891616481847923,-0.8477243911286539,-0.8529066752656389,-0.18689503912059585,-1.0156436289379571,-0.4082998005497979,0.045722585663993134,-1.1976170913364415,-0.6642899973407083,-0.1488629820963963,-0.9004714035374208,-0.8695684388931384,-0.8067639739340787,-1.0296445183720881,-0.6155041640201546,-0.5960918160344718,0.2926114478546824,-0.832905330095302,-1.0080994094917557,-0.6824659282535102,-0.9529348909405014,-0.7543609603765536,-0.4974446550998221,-0.7614257741964034,-0.6685625360713813,-0.8409913353822371,-0.6640442837094591,-0.6265883291928488,-0.5640110109981814,-0.4986175318264176,-0.6611059247235472,-0.6773596835467767,-0.617919112510703,-0.10838430578943449,-0.051963185615774996,-1.097660383512937,-0.887356773659129,-0.15257546862186613,-0.4472808322465506,-0.9113507554544952,0,22,train
-1.4384331995053083,-0.8048414164058459,-0.6227661756789163,-1.0206821950661178,-0.965652491826174,-0.5368012880607674,-1.1014341465502817,-1.325417505547837,-1.2827571094076962,-1.2935087772042935,0.250664648677435,0.303528245200272,0.513198394897246,0.5850871595618536,-0.011876970133548785,0.26674470889327584,0.33470958763250025,0.6235372498432082,0.4481985371282293,-0.2667242559416923,-0.012555901252843952,0.2309526065773664,0.20486246373186734,0.17878688579504004,0.5665942022919974,0.16600648375475643,0.15667296882446402,0.3448573377858007,0.3695642101793559,0.3139528716986477,0.4834801659915165,0.47283566255151294,0.5196414446339777,0.27198060196847806,0.27392000002944117,0.3363354434806626,0.01500518153279577,0.14859309937069698,0.2943215589608226,0.004693927497197168,-0.01264915278126219,-0.0680004308079433,0.29352157309416577,0.3275289657344675,0.3011442809025612,0.2700558360139516,0.09687616370452051,0.3083462627062353,0.3604273459132375,0.36060833286278093,0.2823319881201501,-0.19285493186789673,0.4547485383519447,-0.12248965838121663,0.3296686816354685,0,22,train
-0.08610334513899487,-0.33589335413006977,-0.3689272392329165,0.4665376214556111,-0.11013918597866194,0.11893590558635769,0.28862353553126097,0.19590402611517602,0.14988307241893736,0.049886077020709796,-0.45999173207656147,-0.45848008998180145,-0.07673223589299658,0.028447779752177986,-0.7324857051734942,-0.6874988917046282,-0.6196170487692187,-0.6911448906421596,0.06411813625393983,-0.650973738165266,-0.41650174664921663,0.07363395867833705,-0.9076411992348428,-0.534773838482173,-0.1488629820963963,-0.6192025101856379,-0.8169406743947998,-0.6313023577707495,-0.8976436949238387,-0.5285001949231891,-0.44545386505410134,0.18569877811927443,-0.6435487816332028,-0.8349622017332762,-0.596883294850114,-0.7950650540726039,-0.638281156509529,-0.6213090365960495,-0.5627512213484352,-0.4724913554531637,-0.7135540765205487,-0.554657958645136,-0.4973421221826327,-0.2678085845179264,-0.41639902771409265,-0.5301998946994426,-0.39561113558254724,-0.5837815679695382,-0.004203938744396263,0.057017970208749214,-0.6668030367134664,-0.7299075983462099,-0.06581489619703602,-0.5725574278803223,-0.5580461788666826,0,22,train
0.7726593119708736,0.4639236187513929,-0.5155897358461609,0.16174936276103458,1.0751589736874154,1.0156890876269626,0.5535574814267699,0.7712756310390079,0.928186257728857,0.8524509949026452,-0.5273170734111506,-0.051098710788308355,-0.05555523889026992,-0.39418582343664976,-0.4332295859708591,0.10962953978756765,0.013497207575336328,0.1588397594703042,-0.4167384286201707,-0.05134874998198214,-0.09867633529674066,-0.4186211653928193,-0.026560604003062333,-0.23664230299648809,-0.2754438685651121,-0.13401366915381213,-0.0494524421273621,-0.5102091297143673,0.3695642101793559,0.167531557852535,-0.23832668245609198,-0.08921951548606029,0.2788881187321659,0.005179003127542424,0.2910365267101204,-0.20424914943062328,0.3146530473290687,-0.24000103865668293,0.32435375880993406,0.29761954673405233,0.33325197841474935,0.2400671785568851,-0.12498995436748633,-0.16223148201011267,-0.33667199342335336,-0.3177863365471219,-0.23755707209041851,-0.269716158190822,-0.4581326808692057,-0.33998481172344613,0.0981248615899416,0.34204089659243125,-0.40975859402404113,-0.07145104534523558,0.12184246011322573,0,22,train
-0.5254445498717497,-0.6107490239639275,0.750784513756661,-0.10386932051897789,-0.9795719824094251,-1.2196799218422933,-0.9853141617535266,-0.5403765869653208,-1.0552727629624323,-1.1105613666388605,-0.5098623552873682,-0.0071366914508810405,0.02007689326232527,-0.2833733543078718,-0.35662001945498445,-0.454136655238797,-0.28676653899983867,-0.32056334768655254,-0.531660123369958,0.21297573460493488,-0.36934055657755893,-0.7459454489246707,-0.18548969871259235,-0.20976159078056567,-0.011275062021705206,-0.4270020997285861,-0.018752912836664592,-0.6930846169831893,0.08502910185757379,0.13782288547796143,-0.5929535253890474,-0.25111584394253517,-0.3405783040938442,-0.0998386474800599,-0.21604057620500144,-0.5678281676718421,0.40373754797120387,0.01744257778645627,0.14185039049610287,-0.08743590435955567,0.4151759305401205,-0.009958707304424903,0.09965226257884163,-0.4525685139066003,-0.6007677945114274,-0.17453068104904515,0.08771360929917972,-0.5337131693091631,-0.6640129300296383,-0.4619399146699375,-0.2765337008443807,0.3161588403766089,-0.5770825551290706,0.18374201983466967,-0.11567322162648024,0,22,train
1.6546616801623235,2.2120577842349807,-0.6989178566127163,1.9782384226114424,1.0526736427452406,1.2903604617870994,1.5095744436369467,1.6294570078745536,1.4304410226332878,1.3452071591263293,2.27541195103619,2.261303506360368,-1.2233153593263397,-1.030713262385677,2.6407292704786096,0.8767212477742605,1.7056812677315552,1.7470463721371916,-0.8975949934942812,1.3755139770010976,1.7283071583487826,-0.7966933998598414,1.2978485185763544,2.397667494163908,-0.9358658849236294,1.6192290994056353,0.7947846133668194,2.2699925348454277,0.8799673941792537,0.9739098080195324,2.4198054942183616,-1.195001985320851,1.5719228353733574,1.3533785717386533,0.9222084480601666,1.7595559425170126,1.340474569874868,2.46558564735895,0.8094892948340423,1.6086979231570737,1.4983926308644724,1.4991261037870534,2.543021033200546,2.175128259621207,2.3939789310344683,2.317623739598531,1.2399048257707848,1.2619216735561054,-0.6540909903110633,-0.9108384850900015,1.6873015972488588,0.7820358522614107,-0.8404628642758762,1.9213748000142064,1.6389738772255975,0,22,train
-2.266209575173068,-1.831316619387267,-0.9710896051353718,-1.7783686694915912,-2.143455541178193,-0.9884348518971978,-2.4091931986302404,-2.566367280574237,-2.20675251659829,-2.4579623685404792,2.20309954738052,2.6833388919996706,1.4812896864504643,1.6494022700312796,1.7285966191489772,2.7482401738863724,2.680956537615263,2.655853489385466,1.5611244231261705,0.7220451123278862,0.6702561115237656,0.5329029146416324,1.905682600097013,2.588276180785903,1.7966302077597358,2.8146218961507135,2.617020959121793,2.0821744668396103,2.173575463972098,0.35002768815348706,2.297412159046811,1.569454189266126,2.662075535805157,1.671269838442747,2.7558163687279276,3.0583941458392614,0.41453566926115964,2.7618886776048273,1.9253010276894913,0.9685137069216884,0.36662840335471536,0.9187088687518694,2.5922576834901516,2.318830426923509,2.4313509783582523,2.4633493201914023,2.3783522106343784,2.0721193973330836,1.5188138080568767,1.6502186767863174,2.767567118934488,0.5404699942470691,1.598128939236313,0.9910800805856427,2.3515209224447156,1,22,train
-1.1352103025361022,-2.59075195357276,-1.2926189246336384,-0.4931169762012082,-1.873631569872094,-2.180486902600084,-0.9086524242178049,0.4592096758260821,-0.9236385624912964,0.49323308656613835,-2.0109681139326523,-2.401601344696089,0.5737041006193221,0.9639111819323272,-0.007088872226306624,-0.15376942018376663,-3.799154086146653,-1.1911358612965501,0.6961874573777705,-0.004847220286135628,0.14533156116096668,2.0705658279773065,-3.160530822485724,-2.1842720880955935,-0.5588749839189758,-2.663089801875261,-0.7445774982095843,-1.42211527568998,-1.2877794620042202,-4.199643281209783,-1.1484309696291635,2.488903148990634,-2.391039214583432,-3.0885842174747964,-2.396258162156517,-1.2686745646762967,-2.9706753551399774,0.8869219616227189,-3.4573932529589477,-2.3339864196357594,-0.06423090041575513,1.0749750474151882,0.9089797017142424,-1.4526182904389466,-0.8299830180973029,1.2110972971306282,3.0769969840416143,-0.5314373330064188,1.7321355120062407,0.6148976964533375,-1.3162112115996252,2.2831951127791053,-0.7010262300216851,3.87012184320621,-3.051960837133595,1,22,train
-1.232595758497015,-1.2620657771247277,-0.7609673744106273,-1.342607143004566,-1.6584148308541342,-1.4368114429175003,-1.287451597923724,-1.2303349098188987,-1.5600835317595065,-1.6193421215690058,0.5324336698184933,0.9688201378400053,0.951864761382298,0.688168526193275,0.6967615201382913,0.8143372835705234,0.3905726102511375,0.6676541001950662,0.8564729790024741,0.6877808272888414,0.9060620618820543,0.7206703331017642,0.4697442882477507,0.5673353623706457,0.6216293703218738,0.36992643143479914,0.7399640253477167,0.624113149426029,1.0794353051677195,0.6174057395246494,1.1362446202397884,0.7752457855173811,0.5899738769199002,0.46498601389596345,0.7168101278920159,0.4152703619146114,0.9571412640814376,0.7120545995103978,0.8695536945322653,0.6779503910657756,1.1282177360757584,0.7602103161076461,1.0936171403002655,1.0225782239109076,0.7147282712857714,0.6874731770342097,1.1093384254946783,1.1367506769051678,0.8590048167716348,0.6641986955168127,0.532104363076365,1.1616393434268049,0.8513682980083109,0.9632408371114711,0.5760912014404134,1,22,train
-1.9154006031320523,-1.5603688500723742,-1.0909579917904273,-2.5837930639535642,-2.112404369877094,-2.2065426851291092,-0.7519468136668443,-0.25147177686585426,-0.6693161751732767,0.40776860279834487,-1.105816302656509,-1.5428765669716753,2.3434959929900496,1.5153964934104318,2.135584941264561,1.8656226062631296,-2.304818231098108,-0.9676104861804696,0.3332768423784419,-0.20309058372632338,3.528634327171195,1.799064290474143,-3.4031068091476384,-0.8744482928470106,0.16758923407539322,-2.278688980961158,-0.7051066748358303,2.766721898913444,-1.5459144056363525,-5.118490076794808,0.009598278532434407,1.7985527672705717,-2.8698407728375974,-3.236176591301697,-1.364987429645594,-0.8668240708307391,-2.695323262246105,0.046587138138509766,-3.1593814236869955,-0.9520389417844669,-0.5588088336170699,2.577362736563953,-0.10652621050888404,-2.4966585263495484,0.2986528110809756,1.3543529526287048,1.87670235694197,3.4171386522549767,1.677564843554078,0.5370540137215344,-2.2372468442506674,2.8331888073653295,-0.4996177583211866,2.188167549975016,-2.5116126611757643,1,22,train
-1.5634849781823896,-1.2438289080362253,-0.6848156934768275,-1.4797006569555402,-0.3285681151312182,1.2925317769978515,0.04510978100602726,-0.9048598705929176,-0.06865526040207454,-0.08098141374872392,0.390302393667694,-0.5317501222108469,0.8853084850880143,0.9020623619534743,0.7254901075817443,-0.2877794173621648,0.18574152731613439,-0.9440814993261454,-0.029633772620886744,-0.22267017517720614,-1.7144597168822315,-0.7053470881765341,0.1463096393651984,0.22277350578473126,0.48128969184568887,-0.4809119709543445,-0.20295008858084965,1.155440578653012,-0.04403836995849232,0.4158111769829,-0.42976241182697944,0.8729945121326114,-1.0087364108101085,0.18399284064859503,-0.13687664030686006,-0.9935983337701115,-0.22525301716872034,-0.6674545904868008,0.010170745003844921,-1.2709498982116882,-0.3797898271208885,-2.5012880699939064,-0.515805866041235,-0.46723200036601886,-0.5858189755819138,1.0357326154002238,-0.022237043564909822,0.09896932285375784,0.16943000633066743,-0.04677360676698813,-0.49508452893106875,-0.9132388298749513,0.06432596244020915,-1.8670822494292962,-0.27302736077903544,1,22,train
-1.9353203554876937,-2.216896137258461,2.340098299171338,-1.6302587124552708,-1.58132226762382,-0.2729864899543909,-1.5568950577919225,-1.8471527744194474,-1.662323687465243,-1.7114835181311583,1.4625207927000397,2.1411406535047335,-3.023360104558105,-3.600016325673855,1.8985740948560739,1.7038864027719594,1.5520579555303027,1.8117510859865833,-2.9571127336154714,-0.12232476899143208,0.0058984774708482025,-0.464294321234473,1.2616015320636547,2.123972969783607,-3.057471612475366,1.2535795380483175,1.2245780234365846,1.686768007879995,1.513571346730851,0.9930082402603297,1.7984239464243337,-4.423764611330171,1.6341399870109041,1.2852590145877762,1.3886338001086753,1.5107913510888102,-0.07137978878685047,1.9944152550007517,1.2230095850641156,-0.021291409693169016,-0.18256549793018015,-0.21533711354764384,2.3830019197593257,1.6677716281253248,1.4322715799024253,2.5794357996467405,2.1515789891021937,1.4530919229866284,-3.0725637967137365,-2.657131767706782,1.5405603269620824,-0.23167801619163023,-2.8669419487701227,-0.041291864914883146,1.5617812806601932,1,22,train
-0.9282662086191623,-1.5525530490344446,2.125745419505827,-1.4515475246263223,-0.756860133077407,-0.24910202263611814,-0.22207892187582642,-1.1035581155136476,-0.5172339435609937,-0.5683960477369209,0.6197072604374051,0.030963725308222632,-2.381999623904098,-1.4146913530877219,0.9648950029438523,0.32219712151881985,0.3184162060353978,0.07060605876658824,-0.42883544912014826,-0.45517782365643866,-0.09662584877188599,-0.25622772240027286,0.07381566633979873,0.672414510123797,-1.38990602117011,-0.3027750051648819,-0.2489993825168959,0.5697447613190819,0.017562014317357415,0.5091812901601313,0.17906597338535118,-2.810910622178874,0.07600610252277397,0.12154991326029095,0.25466390751367707,-0.21620898555697915,-0.2333516081361872,-0.32257729298750115,0.09564700611285447,-0.26224635454929185,-0.30393431589369296,-0.24212560131849847,0.08118851872023933,0.11930745801072382,-0.33168905378018215,0.6034957238111992,0.4885753645328395,0.5700674375218321,-1.232043978918061,-0.00525697597669319,-0.11418165712284103,-0.31363786087506756,-0.4128571858963565,-0.2315266953217216,0.07137037774353822,1,22,train
-1.0997974094594065,-1.140920861036819,2.0679265506486826,-1.4552196723214377,-0.7536479429428106,-0.1883051967350602,-0.6008780955817457,-1.3412646048359935,-0.6757061849048853,-0.7339834850370207,0.8092156286384709,0.32404385422440474,-2.3275444887542296,-1.6775488379978463,0.7422484502570917,0.22053436503865576,0.5372130446250601,0.09707616897770302,-0.9157405242442476,-0.2495921134221699,-0.19709968848976547,-0.2587651199470314,0.29687404487949,0.7188448312240266,-1.791662747788208,0.10272098275060525,0.18298685107363333,0.7723905715358848,0.26103019978857306,0.48796080989257873,0.40188460921048247,-1.9403360257619806,0.12199269286356948,0.3826748823386535,0.3102926192258845,-0.06073111591435268,-0.1145722739466736,0.15345052609603924,0.3012520666183099,-0.15121809564499994,-0.134017970744775,-0.3068644467647305,0.21658930701665619,0.3568559386533046,0.20397695786072265,0.625725049664349,0.39465918187809634,0.6064808183657412,-1.3411853158223868,-0.7188240676848875,0.1012470162768943,-0.2381485302455858,-0.8311670886589302,-0.1990475779351882,0.20497294872212282,1,22,train
-2.1500110197651607,-2.156974995967667,2.6926523775685602,-2.5274867992951284,-1.9228851519359056,-1.4726381438949094,-1.8917264702641188,-2.3591359821906535,-1.6559336777336344,-1.8383448612239766,3.225447323202059,2.378535557926841,-5.591827312460238,-4.5535189670145035,3.1793902850433526,2.343899665158447,2.3527612797307693,1.7029295217853335,-3.3774841959896933,1.7524211124305904,2.191717112965941,-3.131099142877696,1.5571538836287455,2.8717455096083575,-4.587449283705931,2.0622276064346936,1.9175102559980426,3.2955780377719295,1.4901045336733845,0.91237041524363,2.6206560955255225,-5.0713499251560705,1.734228448340871,1.279582384825203,2.3621362550723055,2.1350947968845873,1.5159440408366494,2.545733188327097,1.3569993997755359,2.045724048631414,1.4741188672717698,1.8540735667508774,2.3491517226852214,2.6003693669443457,2.912204653924274,2.826428309126183,2.662391397199943,3.078039043146073,-4.275598987590963,-3.770296430771565,1.9183410440833575,1.6490847354914584,-3.5827166712749707,2.011852341305264,1.6122533630298808,1,22,train
-1.6475905992395419,-1.6932374677171775,-0.7581469417834497,-2.1162062574422063,-0.2846681832917339,0.5455993444991394,-0.453191512976164,-1.9458923930610372,-0.6961542160460326,-0.6845743303587651,2.0460070842664786,0.4207602967667448,1.3088484251425474,0.9072164302850454,1.9440610249748744,-0.2900899345548958,1.382141261731948,0.21766222660611484,0.46331981275320133,-0.48209976190140247,-1.263352681414201,-0.3450366365368217,0.2912975854159977,1.7598615043133854,1.0701659897653668,-0.2840237456080964,-0.03848832452354156,1.911655431413276,0.1847630573518067,0.6301380276851809,0.4646504221189702,1.053218726829442,0.100351944467901,0.2946871210187705,-0.17752839117347322,-0.19468128052953856,-0.4682107461927254,-0.023845549378952845,0.28970122052249775,-1.4693833822108482,-0.6619723288860557,-1.469931290816003,0.5489366964714976,0.28353850635621175,-0.03769561483308092,1.6458041138144472,0.037319560069805344,-0.10358010809048665,0.03796430505954778,0.19194702027720778,-0.15789182274017863,-0.5314785006915721,0.47334008958583684,-1.1966204690929996,0.06246353967829924,1,22,train
-0.7213221147022223,-0.9976311753414429,0.6830941307043943,-0.626538342457067,-0.7118894711930571,-1.2489926771874462,-0.7564563276395339,-0.8902317789423118,-0.8878545079942887,-0.9556569898097349,-0.2954186754808991,0.0544101356215172,-0.27337577948974406,-0.4044939600997919,-0.136367515721845,-0.24387959070027573,-0.1703852418776778,-0.13821369956553956,-0.18991929424559026,-0.10519262647190968,0.07356453279105277,-0.6571365347881218,-0.277501279860215,0.0737077380418888,-0.25618155975465534,-0.27699202327430184,-0.2665419706830088,-0.1839988010726847,0.017562014317357415,0.04657482032748539,-0.09082702212114589,-0.47410512653352893,-0.19179815887362342,-0.1566049451057909,-0.08980619193499222,-0.25687242838658914,0.11488780346488674,0.027157431237140768,0.040202944852956383,0.07792533230641097,0.09354856293681153,0.1686312111679394,0.03810644971683397,-0.07425056325360127,-0.12738852841016265,0.018123476344920106,0.1312357427245485,-0.03985669161364568,-0.34154988917594864,-0.25176197129406935,-0.13603673993150983,0.14145496091980825,-0.19905434670659655,0.5688515545607085,-0.02066694893059785,1,22,train
-0.5542175254965649,-0.8387098875702076,0.6619408860005609,-0.49556507466461847,-0.4656215608739986,-0.9037535586778671,-0.29986803790472055,-0.6939715492966826,-0.47378187738605565,-0.51498074538205,-0.390172859581432,-0.20936198040304668,-0.18866779147883744,-0.15194461185280947,-0.3302854809651526,-0.3894421738423289,-0.3891820804673402,-0.4823251323100318,-0.12640993662070774,-0.5530757809108524,-0.07202001047362978,-0.5378788500904705,-0.4252774556427604,-0.12911945413279846,-0.2286639757397171,-0.595763435739656,-0.48801714628018367,-0.5942330022432856,-0.2933732586940746,-0.22504732709718742,-0.3136456579462772,-0.40995752469228414,-0.4650126073689379,-0.4830111564537441,-0.2887858145978881,-0.5726121021223844,-0.38182577587307914,-0.2764317390967498,-0.20467499237826015,-0.24571023088269517,-0.4162004725099423,-0.19524574771950284,-0.15884015144159055,-0.3704529897338563,-0.4562625448594623,-0.15230135519589533,-0.09782811740897138,-0.25150946776886746,-0.3192255248091547,-0.13240165777197144,-0.3639540320790559,-0.1993254459218523,-0.022434609984620962,0.24870025460773645,-0.30271682099649866,1,22,train
-0.6836959158082332,-0.8139598509500972,0.5392520667183276,-0.4759802869573364,-0.6058871967513754,-0.8896400098079786,-0.40809637324926884,-0.7646739922746111,-0.7255482608114319,-0.7273065722426618,-0.3153669247652219,-0.010067492740042861,-0.15538965333169558,-0.18802309017380697,-0.25606996340289906,-0.41716838015510094,-0.2937494168271683,-0.39997367831989694,-0.22923461087051752,-0.4625201704505197,-0.13558509274412497,-0.5328040549969535,-0.5786300908887982,-0.06313952414826163,-0.12134539808145808,-0.5113827677341211,-0.4288109112195527,-0.3792307401839947,-0.4107073239814074,-0.11894492575942461,-0.12848650986623852,-0.1350392310869494,-0.378449613786264,-0.4347598034718727,-0.32943756546450126,-0.44583783918301206,-0.21985395652374246,-0.16228221105120694,-0.2554987151998334,-0.1535803990259423,-0.25842100915737565,-0.13273927625417536,0.04426103100303473,-0.15050069284257783,-0.34165493306652456,-0.013985549887407439,0.012122535455118159,-0.24923363146612312,-0.22496709748269156,-0.09347981640606992,-0.5106953023658322,-0.32010837492902317,-0.18356138734501976,0.17910214592230775,-0.3413131192792009,1,22,train
-0.6991890565292875,-1.2959342482890894,0.6887349959587498,-0.6706041147984516,-0.4591971806048058,-0.9743213030273095,-0.14203504886058754,-0.7317607860607478,-0.3625957080560671,-0.41482705346666704,-0.2605092392333344,-0.20936198040304668,-0.21892064433987554,-0.26533411514737304,0.057550449521462564,-0.2993320033258198,-0.2728007833451794,-0.4235026651742212,0.036899840128990176,-0.7660038379392022,0.09611988456445429,-0.5226544648099194,-0.277501279860215,-0.06558322525880003,-0.17913232451282832,-0.4809119709543445,-0.34329079390975253,-0.35204654613052117,-0.34324023644119106,0.07203939664854847,-0.45800702763579887,-0.733750181605234,-0.378449613786264,-0.3041973189326915,-0.3936245405170483,-0.5750040693476556,-0.3602295332931676,-0.5120169352758489,-0.23470719222737163,-0.08507360097861329,-0.4768848814916987,-0.09255654459789339,-0.27577719587940513,-0.26487588722604266,-0.45875401468104793,0.11445055504190274,0.06480722328582773,-0.1217867985124412,-0.27705728100521065,0.08815544330147043,-0.5387946945484063,-0.28344212862327484,0.01474849248316337,0.541012311086537,-0.4867914743447708,1,22,train
-1.5811914247207375,-1.006749609885694,2.1849745046765605,-0.654691474786285,-1.5748978873546273,-1.5974887685131534,-1.4340108020361333,-1.3156654444474332,-1.5460255103499676,-1.589963705273827,0.088585123242313,0.8340032785385616,-0.9449891130047894,-2.6362055476700657,-0.007088872226306624,1.320340548778613,0.7699756388693818,1.2441142781260106,-2.4944016994913274,1.0451083712674514,0.22530053563029936,-2.74287731822364,0.8991316669366564,0.6308715912446442,-1.901733083847961,0.6886978439001532,0.9943315537563532,0.196579915675945,1.3053033808458352,0.8529530704944829,0.21672546113044378,-1.7937129358391355,1.1066467448664852,0.9219547097830979,0.8794171313584686,1.0539256110620154,1.2000989931054427,0.6974823193343711,0.9619604632987621,0.9519775832550917,1.4286055605354526,1.4142958925126803,0.8382020169229336,0.34219245219388605,0.26626370340036276,0.7393416040248927,0.8252992389291137,0.31289793531172394,-2.789788514734347,-2.145958251101276,0.8380755223977282,1.3945778493692056,-2.4052517597951337,0.8890028545136806,0.8165758292018657,1,22,train
-2.120131391231699,-0.7149597044696555,0.901677659310672,-1.245907253699861,-1.5524125564124525,-1.0600882538520162,-1.8511408445099133,-1.9983097214757082,-1.949874125387627,-2.060018365996691,0.9688016229130525,0.646431996032205,-0.8149018457023257,-1.4894253438955023,0.17246479929527447,1.6807812308446493,1.7173193974437713,2.258801836218744,-1.3935728339933637,0.778336437749174,0.5369744874082112,-0.7865438096728072,1.4121659375779463,0.46958731794910974,-1.2248005170804808,1.4950020048419312,1.338604846516318,1.056588963913108,1.6015718956963505,0.9930082402603297,1.343371802837798,-0.41912146781246196,2.045314206528605,1.43852801817725,1.4078898926244394,1.8839382382311138,0.8464605208593908,0.5469020908487614,1.3616197382138608,0.8598477513983389,0.8369325729633276,1.0571160555679517,0.6904920660541152,1.3011844666398604,1.0809743350588552,0.36638291471093426,0.43818131530346516,0.918270391841713,-1.1154611872248041,-1.2741090045050822,1.7934548566052502,0.6698802753261807,-1.2959558695062343,0.18606195679085064,1.7785143402476749,1,22,train
-1.5679115898169766,-1.0575523166322365,0.9538556629134609,-1.8787407064914117,-1.656273370764403,-1.7874788494539595,-2.123966439857629,-2.0933923172046467,-2.0355002557911814,-2.1080921381160747,1.9986299922162123,1.2765542732019965,-1.347352056056596,-1.1389486973486695,0.8523747021236615,1.343445720705923,1.4729186734872335,1.605872451011246,-1.448009426243263,2.1880670222127314,1.9538606760827977,-1.4285053890027173,1.685412451289068,1.0536318833677876,-1.3101050275267891,1.9637834937615697,1.6960350804008677,1.5607321990866176,1.6719723348687503,1.0333271527686796,2.460603272608879,-0.7368048293119599,1.5015904030874347,1.6741081533240334,1.6753356220100522,1.6806210240830637,2.012657620174615,1.297374519914139,1.3546892305563736,2.192186858249842,2.2781872862800423,1.630836168660422,1.299795613387991,2.2601764810858347,2.3939789310344683,0.7665107800676313,0.9467030847998793,1.8513632759668843,-1.328782891174168,-1.4739077901833766,2.012005684691938,1.655555249545414,-1.4353925037604256,1.0096395762350903,1.8943032350957816,1,22,train
-1.6387373759703678,-1.71147433680568,2.342918731798516,-1.6963573709673476,-0.47418740123292236,0.749702974309834,-0.44079034955126783,-1.6655206364244242,-0.6437561362468427,-0.5577129872659466,1.3353507035124823,0.20095020007960823,-3.114118663141219,-2.976374057553756,1.4341285978535843,0.13273471171487766,1.1819654306818312,0.20883885653574324,-0.933886054994214,-0.5726553723617351,-1.2407973296407995,1.4793521995825671,0.3526386395144128,1.5008291865963148,-2.6859842282737003,-0.05197690859287542,0.22465049796815137,1.55826090871812,0.44876470424830556,0.6810671803273071,0.4207143530830288,-3.4523866405913215,-0.05924857495015401,0.38551319721994004,0.25680347334876197,-0.12053029654613209,-0.438515912645347,0.06115941831453651,0.4375520505488927,-1.4741079889727329,-0.7014171947241974,-1.719957176677313,0.4166131988181811,0.14276903634579352,0.07691199695985686,1.6309845632456805,0.332811939642046,0.2696570455595818,-0.8847760887679337,-0.4567503358211506,-0.19847983367056357,-0.5681447469973204,-0.5677867795121245,-1.4610932820976288,0.18419032656989856,1,22,train
-0.5154846736939291,-0.5951174218880683,-0.5818699025848386,-1.253251549090092,-0.6894041402508823,-0.6551379670467552,-0.8162073877776699,-0.8158723130517317,-0.9453645955787654,-0.9129247479258382,-0.03858496594524427,-0.06575271723411746,0.7219430796384086,0.36088518713851203,-0.02384721490165419,-0.44489458646787294,-0.39616495829466986,-0.2882109907618567,0.3483981180034139,-0.27651405166713366,0.25195686045341026,0.2106534262032981,-0.2301013744205306,-0.12178835080118325,0.4427650742247754,-0.5395096570692993,-0.24022808843383947,-0.2531949313906174,-0.1291055672918086,-0.08287010930458524,0.4395440969555751,0.35675904969592714,-0.28918152665413155,-0.41205328442158035,-0.24385493206110517,-0.41235029802921563,-0.24414972942614296,-0.20114162485394493,-0.11457839283092577,-0.24334792750175277,-0.3433791817318346,-0.2979349508411123,-0.16499473272779133,0.27767311177244436,0.13919874249949696,-0.31531641145232747,-0.12073450342232338,0.15358939411962153,0.31329813225000597,0.27757507128219105,-0.2578007727226646,-0.24246220628155618,0.423762619628791,-0.1456890279430262,-0.17505214206140673,1,22,train
-1.5336053496489277,-1.5473425150091582,-1.2192876763270162,-2.4883172238805646,-2.1359604308641345,-2.2781960870839275,-0.9819320262740096,-0.4733311669000437,-0.5773000350381139,0.37972556906203764,-0.8016055010705879,-1.5985617914657497,2.521987824870174,1.4277773317737235,1.9775777103255696,1.1470517593237877,-2.209385567457936,-1.3705443860607724,0.14879727975378318,0.3157685897220693,3.504028488872939,2.055341442696755,-3.6233769579555837,-0.5909789640245562,0.263900778127677,-1.988044457830982,-0.24022808843383947,1.7312512345129518,-1.7219155035673517,-5.235202718266347,-0.26029471697406265,1.8688096645252683,-2.4640767404188133,-3.2475298508268433,-0.9670281843198022,-0.7448337423419091,-2.6872246712786385,0.21173964680014623,-3.09700685476961,-0.48902747911976036,-0.7287251787659879,1.9366714040443458,-0.3219365555259109,-2.4409372778037577,0.717219741107357,0.7492213044040703,1.853795970928618,3.307898509723249,1.933054791307386,0.6745778532143863,-2.352766567667917,3.0014221727681747,-0.5120121258104481,2.22064666736155,-2.4581716327843304,1,22,train
-0.7047223210725212,-0.20041946947262337,-0.576229037330483,-1.070868213566028,-0.49881419226482826,0.09396578066270889,-0.494904517223542,-0.78661612975052,-0.8661284749068197,-0.8408140897467625,-0.07100087103226867,-0.2972860190779013,0.3498329894476403,0.32738374298330003,-0.29676879561445746,-0.3501633815659019,-0.2774560352300658,-0.179389426560607,0.46936832300319015,-0.650973738165266,-0.44315807147232755,-0.2054797714651021,-0.5340184151808599,-0.22686749855433447,0.25564550292319554,-0.44809726672996986,-0.5011740874047683,0.033474751355103693,-0.4635076533607072,-0.12106697378617987,0.16651281080365363,0.24373708454706733,-0.17827269112633062,-0.42056822906544,-0.32087930212416166,-0.4649735769851815,-0.68687270231433,-0.27400302573407864,-0.35021565318549264,-0.5268243332148385,-0.7803069264004808,-0.7689658608119732,-0.19269034851569478,0.12224015530260753,-0.24448761002468603,-0.34001566240027176,-0.37041411096786003,-0.053511709430111604,0.248805524079268,0.1867574414284209,-0.35770972270515056,-0.6608887817706837,0.4547485383519447,-0.47280013876454113,-0.32943733519221563,1,22,train
-1.0632778634740643,-1.2268946724540446,-0.739814129706794,-1.9081178880523346,-0.9153281797174968,-0.21544663686946106,-1.0112438670964914,-1.40709101726372,-1.331321183367921,-1.3349056365293184,1.163297053435199,0.7402176372853833,1.1364071638346303,0.7345551411774146,1.0917795974857696,0.20667126188226975,0.42781462533022896,0.555891412637026,0.7234057535027202,-0.53594363839133,-0.06791903742392041,0.04064779057047606,0.2634152880985363,0.6748582112343354,0.8802946600622931,0.2292919847589076,0.15448014530369994,0.8885412188552717,0.40183107813337243,0.4518859934377394,1.4406588128459537,0.8363387396519001,0.44389882524913804,0.24927408291818567,0.4450852668362334,0.16650577048640908,-0.43041732167788016,0.41089414253917844,0.34976562022072066,-0.318941635691909,-0.5527403927188942,-0.4050889019245309,0.8597430514246363,1.1897419695482792,0.8118955943276099,0.5343378211569553,0.5114817505461915,0.8135819219154743,0.4199589842246879,0.5448383819947147,0.5820588380676079,-0.4365776279002236,0.7274246231156964,-0.20136751489136917,0.7898553150061488,1,22,train
-0.7877212892210266,-0.2785774798519194,-0.526871466354872,-1.1051415920537715,-0.4806117815021152,0.11459327516485354,-0.569311497772919,-0.784178114475419,-0.846958445711994,-0.8074295257749682,-0.20066449138036627,-0.24160079458382672,0.6493362327719172,0.28099712799916043,-0.4404117328317223,-0.3917526910350599,-0.37754395075512415,-0.26762312726432297,0.4330772615032573,-0.8443222037427331,-0.4944202345936946,-0.01771235300497031,-0.5200772665221293,-0.3490525540812545,0.14832692526493646,-0.5184144900679156,-0.5209094990916453,-0.06784815375329772,-0.3227067750159078,-0.17199612642830603,0.00018340659616125336,0.23457314142688948,-0.29729680730250724,-0.5255858796730423,-0.40860150136264267,-0.47693341311153736,-0.6922717629593078,-0.43915553439571514,-0.2670495612956455,-0.6945478732617475,-0.8227860126877102,-0.724318381193882,-0.3496321713138143,-0.12703911450750813,-0.3690611011039662,-0.35730513806383274,-0.30856686873180966,-0.2241994321359356,0.1049373981599295,0.18935223085281433,-0.44825220862677845,-0.7212802462742691,0.29362176099154585,-0.4890396974578078,-0.4927293663882635,1,22,train
-1.1341036496274555,-0.8230782854943484,-0.6932769913583609,-0.6412269332375286,-1.3329128972150306,-0.5834845650919368,-1.6944352339589526,-1.5253347581061176,-1.8949200416957936,-1.871729425195771,0.026246844228804536,0.6816016115021469,0.6100075240525678,0.6134345353854945,-0.02145316594803311,0.45620711869721803,0.34169246545982995,0.6941242104061811,0.9109095712523734,-0.05869109677606317,-0.059717091324501675,0.22334041393709078,1.1333429644033322,0.3449585613116513,0.7096856391696761,0.8223005682422502,0.9307396716541941,-0.08761847670127848,1.1263689312826526,0.7341183809961884,0.2732146927480827,0.4056334130035422,0.6062044382166516,1.160373159811168,0.738205786242865,0.5635723298814244,0.17697700088213247,0.5566169442994459,0.8441418331214786,0.12989600668714332,0.08444590158954807,0.021294528428238847,0.7705016227747251,0.30113469010751404,0.22141724661182186,0.2231272592128575,0.3465557712500572,0.09214181394552487,0.6903318415558586,0.7913433773120908,0.9473509364410722,0.0616519542543561,0.9164387273269335,-0.055211486651968886,0.9798678603979135,1,22,train
-1.7106698150324058,-1.8495534884757694,-0.7623775907242163,-1.4380829830775659,-1.7365781241293134,-1.523664051347583,-1.7654600790288124,-1.912979186847174,-1.911534066997976,-2.0092738287595635,1.1608035222746587,2.202687480577132,1.0456486052515162,0.9793733869270405,1.2641511221464874,1.5976026119063333,1.414728024926153,1.7117528918557052,1.0681708377520824,1.3926461195206201,1.1357165526657789,0.9464987147632741,1.3564013429430235,1.8307288365189989,1.0261378553414657,1.3590553730552362,1.4438603755129953,1.1233138038625432,1.7365060707767834,0.9802759520997982,1.704275227061602,1.1967871690455611,1.6124992386152357,1.3079655336380687,1.5790551594312316,1.5251431544404372,1.5672351169639391,1.899695433856578,1.4170637994737587,1.5945241028714194,1.7077538418515321,1.5504707053478581,2.3245333975404185,1.5797907093688133,1.2628516320346042,1.7915296944073182,1.8927368271513163,1.2710250187670828,0.9830290632538231,0.9522203216244837,1.487483697283887,1.4398714477468948,1.0589739534534401,1.772898834818625,1.540998658507969,1,22,train
-1.3609674959000366,-1.4743950386551485,-0.6960974239855386,-1.176136447492669,-1.0031280433964656,-0.5802275922758088,-0.8680667984635992,-1.2315539174564492,-1.121728864171161,-1.0891952456969123,0.390302393667694,0.5878159702489686,0.8490050616547685,0.7294010728458435,0.5890293172253426,0.426170395191715,0.34169246545982995,0.4353053550086142,0.5631202318780167,-0.14190436044231483,0.15353350726038542,0.28170055751253714,0.1546743285604368,0.6992952223397194,0.52531782626959,0.02537203707886491,-0.0055959717120799436,0.5005486310011492,0.33143063896097275,0.35427178420699756,0.8004475211793793,0.8516119781855297,0.31675942842458576,0.15560969183572954,0.3552235017626675,0.027771671420680846,-0.10107462233422887,0.3793208688244538,0.30818257427579715,-0.0590882637882471,-0.11581264805024809,0.04361826823728439,0.8043518198488294,0.6442602732579086,0.22141724661182186,0.9813942633147464,0.7634519966930634,0.6087566546684855,0.4571662581693444,0.38915101653110873,0.27608767874624474,-0.08285619295065186,0.526016151415198,0.2904591198189937,0.38014076400515595,0,22,train
-1.4129801826064334,-2.0397379803987232,-1.195313998996005,-1.253251549090092,-1.846863318750457,-2.261911223003287,-0.7936598179142224,0.3214618127828766,-1.042492743499215,0.6868635576025454,-2.320165977839654,-2.184722049298114,1.1848117284122912,1.2525390085003072,0.8451925552627982,0.37302849975890195,-3.5384599805930126,-0.7087916307829027,0.7627210701276474,-0.1296671157855131,1.465844883167383,1.9944439015745503,-3.330612836122239,-1.6662074526614525,-0.3167202445875194,-2.759190007103787,-0.9792096149313438,-0.3396900942880332,-1.229112429360554,-3.1471074599391753,-0.36385830827306737,2.097908242529714,-2.9807496083653984,-3.4831099859736265,-2.1994181053287063,-1.0462216127260773,-3.375604903513319,0.3356040282963736,-3.799298297394986,-2.0363361936370192,0.33021775796566155,1.6777160222594176,0.8720522139970378,-2.326562083420293,-0.5285151696854449,1.2851950499744609,2.1515789891021937,0.6337908539986731,1.528735747775452,0.4825634358092723,-1.1039046928868426,2.386723337642395,-0.6886318625324236,3.0627837824552366,-3.2122839223078965,0,22,train
