q1_z_0,q1_z_4,q1_z_6,q1_z_5,q1_z_8,q1_z_2,q1_z_1,q1_z_7,q1_z_3,q1_z_9,q2_z_1_4,q2_z_2_6,q2_z_5_9,q2_z_0_9,q2_z_0_6,q2_z_1_8,q2_z_4_7,q2_z_2_9,q2_z_1_6,q2_z_6_8,q2_z_1_2,q2_z_0_1,q2_z_2_5,q2_z_0_5,q2_z_3_6,q2_z_1_7,q2_z_3_8,q2_z_5_7,q2_z_5_8,q2_z_3_7,q2_z_1_9,q2_z_5_6,q2_z_6_7,q2_z_6_9,q2_z_0_7,q2_z_1_5,q2_z_0_2,q2_z_4_9,q2_z_7_9,q2_z_7_8,q2_z_3_4,q2_z_0_4,q2_z_3_5,q2_z_1_3,q2_z_4_6,q2_z_0_8,q2_z_4_8,q2_z_3_9,q2_z_2_8,q2_z_0_3,q2_z_2_4,q2_z_2_3,q2_z_2_7,q2_z_8_9,q2_z_4_5,y,split,set
1.71602367600728,-0.8646799703101329,1.975942720463741,2.0088875801693833,2.175403889734339,-1.8706893843881116,1.763168325461484,-0.26298396947198577,2.010747183634716,1.0962442773517744,-1.277738328029986,-5.592189336397048,-0.29603148566664345,0.9878875484985457,1.8289621191727978,2.319161010015549,-0.03643455646845608,-4.055165902531886,2.020143052364142,2.1798362119217107,-3.925179260407656,1.6164928295220644,-5.328531086650499,2.386717855563698,2.815382604767616,-1.4817149901173101,3.2032798467258234,-3.311454219429056,2.52349765171557,-1.9892298271908828,0.9976540676924934,2.5863304900711874,-2.362291750894796,0.675337024673382,-1.062473414057954,2.6267335651188977,-3.6281243568036574,-1.0140094319551771,-4.562737224721317,-2.760195854770863,-1.5524032456439638,-1.5503368639397206,2.932132273329883,2.3243113237806052,-1.471960643717914,2.2722857698173065,-1.6040905822095672,0.9849531753906464,-4.981872511138421,2.221325243899152,1.274083075950659,-4.699511955576441,-2.0983401211184916,0.8590438306193322,-1.597094639255293,1,19,train
0.33869343810558994,-0.5105481969899693,0.6442137094472054,0.6783391261903595,0.7554592161111614,0.49228885393716115,1.1454285718050086,0.849612506824594,-0.6433320794379852,0.7088555326725351,-0.34497137316804444,-0.310179495776225,0.018908164092401532,-0.03790049790548151,-0.3478518933475973,0.2987937451939141,-0.45390457716976623,-0.04139995216277164,0.03519758447063915,-0.04742535688499668,-0.056375365256011695,-0.2900906571333764,-0.13962477101713852,-0.18605006943101662,-0.9151712705663041,0.6200899116319322,-0.9144196846656483,0.06696708904334452,-0.03613718601488973,-1.3630344023000251,0.5616870895753558,-0.09162238040877037,0.06869747829455046,-0.011779821972455513,-0.13511866780550436,0.39520797395233603,-0.1760924348074401,-0.30621722591414735,0.233161389163029,0.24268643267245493,0.21655435009339516,0.08368771524071253,-1.330337732486429,-0.9052256985801707,-0.3399199275258641,-0.08971737154156705,-0.3779952933569851,-1.1186595355324487,-0.08033616456949332,-0.6017353241314924,-0.21842510980542273,-0.9214871673584074,-0.049532762826130686,0.09061475350863761,-0.29823678788621477,1,19,train
0.43291224825908087,2.452975590268242,0.2772532215383153,1.3709381118743273,0.808904524613659,1.0318832564977551,-0.8766946753458247,1.4141946820816214,1.4788611377689367,1.317228922082887,-1.726068251495887,-0.0510791851777853,1.177245519985838,0.21138318934912845,-0.19376281156244576,-1.0861754609123175,3.1350914216952286,0.8113578860135363,-0.7163142212823097,0.08693909358493761,-1.101346745769791,-0.8226027531568411,0.8237164858936964,0.1960676758864641,-0.03841515326851259,-1.7306129390086677,0.8429347022358973,1.2040409274936024,0.6083918029082134,1.6870466624793683,-1.4454595824054917,-0.11515447944637984,-0.0753184713019748,0.009041900653175923,0.18704677975622325,-1.6220320472015424,-0.02373002454805502,3.0478251198298314,0.8258252829113386,0.6861622917253773,2.9384248696659157,0.7931983877795848,1.4089648823938346,-1.240126141772222,0.6815493698753344,0.03957122145912919,1.9244647536818502,1.4538780511754958,0.4449815978580601,0.08687003795284519,2.027977995718236,0.7618538605578354,0.9054198194287834,0.6899894336549794,3.034078847183633,1,19,train
0.5184530101089608,2.5504693578219713,0.7803266500662298,1.6475315876386174,1.175733687517166,1.3276530763688863,-0.5707776654088704,1.5518354832729508,1.713233459790276,1.500939048425619,-1.0310064238406982,0.5193960600872003,1.4334676079254,0.3689763249698589,0.11196949356682322,-1.1234058159151732,3.5712541298906273,1.0591487761642435,-0.7139284695180146,0.5196381713694718,-1.0224809812027131,-0.6989838737228226,1.2418941678708997,0.31236438098308866,0.7450228624357021,-1.487860618484998,1.5022358807663836,1.3625752607390709,1.1073819878809383,2.1874037723203887,-1.2727713638006515,0.6284598501420795,0.6505219146645125,0.6284881487657111,0.32253692125414607,-1.5111946834018786,0.14909897813423253,3.5706986414096913,0.9505966289636143,1.1441308259107483,3.581447411766065,1.0419878443841244,2.130970212585568,-1.0286100723877685,1.8504472256643345,0.2459357064410097,2.7719960593403172,1.922802926960345,0.9702993602856134,0.31271488339529674,2.6978238197009143,1.2976541376138826,1.2382063253661018,1.237110936557794,3.6462454574600427,1,19,train
0.46390527791483444,-0.527752979499451,1.4521801249617348,1.4757759615591792,0.9583084552001867,1.5916196898022612,0.47808065437497305,1.5735011649419564,0.6762161993396925,1.4636645300372386,-0.08921269199622173,1.2330583191039552,1.1985973606474682,0.151211264839395,-0.1252787752134895,-0.008977189496359573,-0.7966038478947224,1.1194222359306318,-0.07693274845122941,0.6790536210795632,-0.0037981888779599067,-0.3994458197096236,1.27035652318872,0.11299860081744655,0.28928329651358275,0.11922119966537294,0.3150245059036573,1.2778413929699413,0.6522844580678512,0.3357828508727805,0.15402965549179867,1.3744273896342998,1.6010271820015793,1.380672878616647,0.11478537095733109,0.11441998565985476,0.010380962823449105,-0.7493844179848822,0.7770864758596684,0.726741782096233,-0.25602848205249784,0.1543316350173102,0.2719863890022015,-0.08266320652951827,-0.6874301008685398,0.019680668689791306,-0.4994747805013654,0.374564929257295,0.7130008644027301,-0.1899006059717278,-0.7405482805904001,0.247148082598483,1.5217983043387733,0.6930631499634222,-0.6469055963479959,1,19,train
2.1313302733943784,-0.570764935773155,1.7668732436729193,1.6798751795626674,1.7308360962817444,1.2820684804747693,1.987586209199018,1.5913434910223139,1.5409323463407982,1.5195763076198092,-0.829408404564085,1.2171486509093141,1.4788402693313643,2.486455001764764,2.4673311722827114,2.4531902880258296,-0.7903729520633594,1.0122694185681638,2.397091831122764,1.8564505853669535,1.5910428279229443,2.6648760185682607,1.1849694572352596,2.6193112657569473,1.9711793136071185,2.7556957694034576,2.0371848797163867,1.4937760882525621,1.8651078243210022,1.9716809465206673,2.503721810278969,2.1133352994152372,1.9956308838960586,1.7580666012062167,2.6770544912847156,2.7277187188030356,1.64543429083088,-0.7812669497885322,0.9759408086304827,1.8571704424272117,-0.8293256882622697,-0.9851855057269391,1.8815065769047032,2.0481653443064576,-0.8532872290548169,2.4786502547991867,-0.8610881375823113,1.7420441759594814,1.3390938710510794,2.221325243899152,-0.6030133965787475,1.2428084399624764,1.1861180026976519,1.9286971059574192,-0.8624947069236012,1,19,train
2.395390886061399,-0.5750661314005254,2.026032282611542,1.9676216180593882,2.1328905761528065,1.9276735711612165,2.3501982634486125,1.655066084166448,2.1220472817635714,1.767185608342622,-1.1303009706485825,2.3285526147920947,1.6176272336319604,3.280151339345534,3.301368900675357,3.495640228105789,-0.9181063166062978,1.603842264423456,3.267891225090467,2.4736161121017366,2.9887194333061537,3.6871090600418763,2.325653081895589,3.5995263515713543,3.153931996595476,3.1705256842223872,3.3980200524839383,1.280574743543139,2.662106036430216,2.603868672128184,3.2029675479084037,2.79105975169839,2.1166042815571395,2.148473900436806,3.1738516767770997,3.7351072031155343,3.055355102186384,-0.9502443683478772,0.6562142343715263,1.9064455378775365,-1.103062192128197,-1.2247605380127922,3.13122344411365,3.434770688048986,-0.9980831346142651,3.57263065711277,-1.0418948161227843,2.5410502492241687,2.514090335582913,3.576394316553862,-1.0207119332067296,2.6012941817896196,1.7156826164935588,2.3682385380647366,-1.030175126260183,1,19,train
0.3709261889475737,2.1848677294954864,0.07907277999701563,-0.5049902197205742,0.1882101463232881,-0.18299922942452515,1.1560588926136286,-0.3432744368335946,-0.4967156040182433,-0.32284988700585154,2.3660706472532764,-0.3465444516496902,-0.0024436765692286357,-0.378874736793971,-0.2915971492038118,-0.10825813617064141,-0.2545159105661554,-0.06818815650338864,-0.41332374721683507,-0.19317662519136608,-0.5208070899288024,-0.14032163012677693,-0.22282242502307428,-0.425763686058753,-0.3856452987329845,-0.6612736030309831,-0.5484019485419619,0.004100025859796603,-0.42424066321589804,-0.2155088150598407,-0.4008374075663764,-0.3928332480901716,-0.2394966538420136,-0.2199970482287699,-0.3458811101356065,-0.7722789247374544,-0.3102623184686897,-0.0033331737794725026,0.24290915057336304,-0.33412203759899317,-0.880974085218105,0.6365531743619117,-0.15498021822081678,-0.6858757006999967,0.28928409845064734,-0.27619130375410966,0.7605217605775555,-0.13365532717991602,-0.3247697356582324,-0.5065262226214393,-0.4451029741949983,-0.2717765951802084,-0.17396597808964978,-0.33355809705646583,-0.5883505292780785,1,19,train
0.37340563132003396,0.936087265682278,-1.2287003534705716,-1.9615671525760685,-1.7467529546875946,-1.3385157299963273,-0.3959679454448965,-1.9095757763164085,-1.6493137356026384,-1.9815659552887805,-0.11027517162213654,0.7239489368754422,1.4975231299102907,-1.0092472792768927,-0.8614821659647691,-0.04620754449921526,-1.4134625351996435,1.0167341192916,-0.0673897413940491,0.8544106157606639,-0.02570534570214815,-0.6300425755769276,1.200295340867932,-0.9621525707901234,1.046679051307962,0.011672703230835689,1.5726239069440158,1.5211095939845396,1.4123204342531592,1.9417194429373728,0.10307247623135403,1.1532256586807708,1.125774548333046,1.0527307472629517,-1.1919417714893024,-0.01365874584197879,-0.8105567999174168,-1.307328724548757,0.9427984198353471,1.4513755387186553,-1.309655779951538,0.38776371775737206,1.8479249336399715,0.036804203030219355,-0.8901443686517674,-0.8753942059304134,-1.0927466944622923,1.6555943385242857,1.0753629127711242,-0.9471450877493596,-1.0792916060265074,1.1478831940273497,1.2411001210699046,1.4276813476812462,-1.4107830622146467,1,19,train
-0.5055566897171382,-0.5134156607415495,-0.3760888934330023,-0.47710781288949655,-0.609825482907189,-0.47982915617691474,-0.04162391849089533,-0.536991119991762,0.20854174854825278,-0.5491594629353042,0.0191086317941973,-0.6738290545108772,-0.7577650399743958,-0.24420423908171043,-0.6413549062716956,-0.6319651298774781,0.2065703809546946,-0.5191229295704415,-0.8332160577327684,-0.6372625208123354,-0.6303428740497437,-0.7037384460087464,-0.6672730503705732,-0.2833595573690086,-0.7003226180601622,-0.630545461192544,-0.6469451851906466,-0.774904887501558,-0.6136721223259141,-0.9375810514172414,-0.6329756686417354,-0.597562509717374,-0.8501242801312807,-0.6676640846798458,-0.23447810490398108,-0.6909981912843678,-0.18518869810650787,0.13694996615658744,-0.5213153439968256,-0.7138301260691424,0.05127947983472218,0.4123355159405365,-0.8266130835154524,-0.4097297212258491,0.21030451360003924,-0.3706714294084646,0.23787745542150088,-0.749282957400249,-0.4169683633495989,-0.5685228468605437,0.2527592150493129,-0.9531289160034495,-0.8800521298175256,-0.7792469617806687,0.180850124504019,1,19,train
-0.5278716710692807,-0.549258957636303,-0.6820707839445692,-0.4168818141343689,-0.6438361337724148,-0.36321739923847596,-0.5317998224439302,-0.39807586693754987,1.025099199243604,-0.4226923469747277,0.34407260316545435,-0.2806329691290345,-0.42414252963642446,-0.09807242241521495,-0.30627229985001675,-0.3415683608552037,0.19410858929196892,-0.2534732365259896,-0.3131221731164419,-0.2159502608642363,-0.26887478645063767,-0.3447682384215,-0.4176800883527659,-0.25013192734140155,-1.1213391694358343,-0.28024464423433687,-0.930843557440429,-0.3567022498023044,-0.3965189862729689,-1.0454424643171019,-0.20833250813802995,-0.4681359650105219,-0.4929647251318981,-0.4230088438286764,-0.18329294033809912,-0.24025957849906893,-0.2625069361485839,0.2708565997319174,-0.037826378044257265,-0.39788980818176634,-0.46003965002804725,0.4829794357171342,-1.0065147438622297,-0.6800002543282063,0.35246776633113386,-0.31099977110045096,0.4384598644273381,-0.8016767982700646,-0.36122035590830753,-0.8054385180599781,0.21964896519465585,-1.035397462480559,-0.4025758386900686,-0.5302759407968036,0.16221896679995432,1,19,train
0.1527352601710683,-0.3786448644172768,0.10629536812082052,0.004700177151524505,-0.03285908430067966,0.5262122741374343,-0.21879593196789593,0.19964205675442712,-0.11572680657716194,0.1763624128385291,0.17557276615813588,-0.8420169754256538,-0.8351654623728052,-0.35308676914694237,-0.519061984219988,-0.6642314375466196,-0.017741868974367563,-0.5369817324641862,-0.72585722833949,-0.7875685162532787,-0.7026364915695649,-0.6490608647206227,-0.7482812924289842,-0.42339028391392386,-0.6135150816940441,-0.6059629477217925,-0.45924378205029465,-0.9061057150150492,-0.8192745596526386,-0.8327157888757101,-0.6414685318518095,-0.778759672306967,-0.9394141688811264,-0.7405401138695558,-0.41814251893449866,-0.48410177885832895,-0.4216915438822698,0.06362014300819246,-0.4959711643299571,-0.9486114632148073,-0.1837207263143284,0.05297296751175702,-0.7714432410091073,-0.31376409715327297,0.03918207975705494,-0.5795222334865123,0.1559494292078491,-0.6916497324434518,-0.6228071600559055,-0.47552791050188714,-0.21333122521239856,-0.6578059286497228,-0.9408218395973837,-0.9636699402872354,-0.06401651960654495,1,19,train
-0.40761871600495675,-0.7413790289921812,-0.9303407876336699,-1.858959895437703,-1.0191679593922283,-1.4116631048031663,1.3946505374293228,-1.835657568269213,-1.837667747820701,-1.9309791089045498,-0.7902923709731005,0.49439515292419295,1.3907639266021399,0.24576714621183327,-0.02499857913108928,-1.6967532829591507,1.1661283389845716,1.1841603964204563,-1.866246571672536,0.39666053873597257,-2.38948756703206,-1.167309243886316,1.386395356407525,0.18657406730714782,0.7558738044814669,-3.196345304702218,0.7350063954301949,1.3789753641782574,0.4859543964102762,2.2113729751870244,-2.7731771975804107,0.6778772581210594,0.641880957688721,0.6415017254067308,0.1930685638227976,-2.9299129400375734,0.019477226122516872,1.173132249775212,0.9311011061429462,0.503554585056527,1.0765001594080528,0.33247717184525216,1.9966436395266407,-2.3525439881645327,0.5156922416890574,0.10172919886331007,0.7407460301121913,1.9437604633082712,0.5221711466229251,0.20864912127965732,0.797804866502899,1.4410967314714072,1.4523472074475068,0.5639670650088255,1.0964384459609102,1,19,train
-0.7051518007001913,-0.48330729134995676,-0.8867846466355821,-1.1752832799396797,-0.9256386695128572,-1.0681884752754014,-0.6310161499910506,-1.1805893107475154,-0.9665304413121609,-1.2254257251244918,0.3621261571305242,0.14438245264209024,0.3258408736033352,0.4692628658194146,0.01902687280752545,-0.11818623083806959,0.5492696516796508,0.3314025582441483,-0.22246360607322901,-0.08386317396158903,0.07068614432428012,-0.275826940275605,0.23695408395709694,0.25065592521753277,0.13519991946372337,0.039328030885430985,0.10386042737076133,0.37583570381468856,-0.07771970142928349,0.40169815875602866,0.08325579540784778,0.07780873266201782,0.10038098720578602,0.1730129663300235,0.4218963583526228,0.10949388060209193,0.16501743890760115,0.5737406518665922,0.28774885306089965,0.23399082759298587,0.4360600371556952,0.5536233554937319,0.25279687856521194,0.04267964940200973,0.3682636833012555,0.08929760338247389,0.4554104905405074,0.3771846213007858,0.06975462469552193,0.1953641303712778,0.3953879836539897,0.2387102829598051,0.43373111970893186,0.0629513067326526,0.35385373175604784,1,19,train
0.838301076156338,0.6651119411579423,1.7352950414493056,1.046386896360584,1.384656257117839,1.337194038300213,2.2238155605016856,0.8203001139782924,2.015027956639672,0.792723199046391,1.3430359225659854,1.496704249186578,1.1425487789106892,0.37470698444697637,0.5497781545119363,2.088332808997844,0.24707120385855305,1.0078047178447276,2.6428242628451573,1.5603933216196406,1.8758358666373913,0.7511606734839341,1.3207129979817862,0.5283439761625343,2.470322647712297,1.4497497412697908,1.844790941497526,1.0865068528460997,1.3776683380744976,0.5515056766725018,1.3996495929693347,1.3438356608854074,0.9241522188979105,0.8757461049450845,0.32253692125414607,1.880428648867829,0.5879936823142523,0.29636262517483736,0.9817894654766832,1.03398649490414,0.9654561059530069,0.1911893322920568,1.0971353377927537,3.0607006023783323,0.8658350678600867,0.6039656562890916,0.6729435256595139,0.5343661439102325,1.4441574235365902,0.7909745560969589,0.5227350984795939,1.3588281849942976,1.2063745726242714,1.0772776885187696,0.3511921377983243,1,19,train
1.388737282842522,-0.5005120738594384,0.5418567781016989,-0.32319692718194815,0.5271019888732167,-0.09395025139880829,1.6155249808973169,-0.1852424058361423,0.38726402150516454,-0.17641427905149992,-0.5886943516964872,-0.3760909782968807,0.01090122384429022,-0.3187028122842376,0.06060646630510603,0.3682904078659114,0.06637522474903075,0.07468226664656871,0.18311419385693384,-0.08841790109616307,-0.588719276083786,1.1576766039304183,-0.014828290008234914,-0.6203826619347369,-0.11437174758886581,-0.4922688229195674,-0.13311259409393306,0.0888338936289264,-0.4427217811778508,-0.43722394157622096,-0.3017540034488451,-0.3269433707848651,-0.2654195247693882,-0.03520425992629088,-0.5355673082326985,-0.6540524033511466,-0.5899724149150235,0.11463219389403245,0.3559831829332379,-0.34281764267846226,-0.21212734464003782,-0.7271816248037128,-0.550763870983727,0.1660640232096076,-0.2372464672200735,0.2459357064410097,-0.20001371916870705,-0.30131561796332584,-0.36122035590830753,0.04037256977351693,0.005705812287640703,-0.4320947883150887,-0.011913418676694681,-0.3366318133649086,0.19415809429263658,1,19,train
-0.030743475390992987,-0.42739174819414144,0.9295064329846807,0.9270501951235718,0.7736792076461038,0.8198618802460482,-0.14084024603801568,0.845789151235946,0.8035691962371326,0.7474612838605005,0.21167987408827557,0.06483411166888509,0.20039880971625795,-0.2241469309117993,-0.6951637919744469,-0.6394112008780491,-0.31994031679546525,0.10147047098718572,-0.7163142212823097,0.14615054633440017,-0.4375598939968871,-0.49215997928513755,0.21943878837689995,-0.5729146190381554,0.03537125264268769,-0.5414338498610701,0.15313204569510372,0.25830162916718596,0.019306167870968602,0.11406772435640022,-0.3838516811462282,0.18370317833126046,0.2962426786570604,0.25629985683254924,-0.336848434035745,-0.5604564072536528,-0.42396560970703673,-0.2520169218479424,0.22536318003476177,0.0687743310830736,-0.330918657638459,0.20040375661074347,0.07289521821843456,-0.41364668547370936,-0.23987912004842712,-0.4651515550628196,-0.2113141365774866,0.06806096016887393,0.05688969990137777,-0.42017378171697256,-0.17003320617169312,0.0003424431671541671,-0.0032320315652863726,-0.08151335976415798,-0.31154475767483236,1,19,train
1.2213749227014525,-0.8575113109311823,-1.174255177222962,1.7010658087542863,0.34368740742146325,-0.26886788680646645,0.00916539203917817,1.7328076478022914,1.850218195948867,1.7245861587559015,-0.02000740179678735,-1.7920514476199327,1.4174537274291776,1.0022141971913394,-2.3632392487597382,-0.16534468050835346,-1.4041161914525992,-3.4278754508891045,-0.33697969075939266,-0.8422252418681673,-1.2349804023973392,-0.893921337445698,-2.6070920358773906,1.0884668823421955,-2.694725766071722,-0.8087686838554914,0.17190218600913892,1.3461751572998846,-0.03613718601488973,2.34919589167018,-0.6471304406585255,-3.082552168088934,-3.8226134798035627,-3.3458581574016892,1.0541836853429294,-0.4742495687428033,-1.4768580865741308,-1.418917585861532,0.7673387144493343,-0.5747004447976374,-1.3690514364507484,-1.0650438498222234,2.2700941632537424,-0.34118284688829476,0.6868146755320416,-0.6043854244481848,-0.3582195628916209,2.0852238336567734,-2.1365799775002023,1.1784534575913612,0.005705812287640703,-1.8074561294195879,-4.422058071272116,-0.5794554017318881,-1.291011334117088,1,19,train
0.6176307050073723,-0.5062470013625989,0.6670806834712015,1.079845784557877,0.7809672042600807,0.4742670369557661,-0.11131157712518223,1.0841116495950072,0.6976200643644723,0.9285089446040625,0.13344780690630625,-0.310179495776225,0.25110943128762964,0.1340192864080426,-0.16196665182900177,-0.6468572718786203,-0.5816379417127044,-0.24677618544083532,-0.6829136965821786,-0.1339651724419035,-0.48794635469252007,-0.5920059972895372,-0.2906941953963377,0.18657406730714782,-0.13390344327124235,-0.744239585994769,-0.008760414513449867,0.1981679165568358,0.1925666487642759,0.12605232578971806,-0.6244828054316612,0.18370317833126046,0.12918417712509106,0.21725912690949029,0.11478537095733109,-0.6639046134666722,-0.16244803985883846,-0.4656298849323974,0.18832168667549243,0.23399082759298587,-0.3412483370296261,-0.22960271159463366,0.08248997343692935,-0.3431413290122249,-0.4241648180331794,0.04454385965146366,-0.3327936237218669,0.09163818856029093,-0.28617496127579994,0.03594423947072376,-0.16748626387518104,-0.33084119265095374,-0.43440759143189905,0.17053137752814984,-0.5031795226309258,1,19,train
-0.25141384653995863,-0.6725598989542547,1.742917366123971,1.9029344342112882,1.7964280658075371,2.023083190474485,0.41311758276673954,1.9227009753718107,1.6500920579671756,2.0001513482699997,-0.27576608296861005,2.0421785872885563,2.0366571066164525,-1.115264479603566,-1.2405902243250626,-0.031315402498072985,-1.0863405040530945,1.9632506726600674,-0.12464778373713092,1.7608013155408986,-0.02570534570214815,-0.641929006291737,2.3606836730559833,-1.0262344287005083,2.0102427049718714,0.05469210180465059,2.1826534671501596,1.8327115593290815,2.119223196297853,2.397134297403451,0.18233919952537903,2.2639407332559376,2.226056403250499,2.2031309223290885,-1.255170504188333,0.1538288261219574,-1.199422055952564,-1.189363356875252,0.9622939426560151,2.0484737541755313,-0.9300400623261486,0.381620768211581,2.2988784289092266,0.19348277294462934,-1.0349402742112157,-1.0568954999506215,-1.0786211727013177,2.2843204289620727,2.1345750541556603,-0.8475076559365132,-1.1480590480323338,2.03385215608853,2.329167305699746,2.429712864233592,-1.141962072484571,1,19,train
-0.14975670926908682,0.7425334624506096,-0.3815334110577632,-0.5897527364870502,-0.24178165390135248,-0.6907904255473631,-0.06524685362116207,-0.6950231509892143,-0.8391774444147209,-0.7728065732655868,0.27787623862686495,-0.4692761777226353,-0.6216470557565035,-0.21268561195756436,-0.39676906216828034,-0.5401302542037674,-0.2545159105661554,-0.33830255027127676,-0.5874836260103756,-0.4869565253713919,-0.5273792369760589,-0.572987708145842,-0.43957420782801215,-0.26911914450003416,-0.3704539798689138,-0.5014872654710992,-0.49209152759985625,-0.4988364796085866,-0.636773519778355,-0.43123164085956206,-0.4631184044402532,-0.4751955947218048,-0.5188875960592726,-0.4152006978440646,-0.3699682464019039,-0.4570082010406334,-0.4034990172841343,-0.2392639091264824,-0.18599235148133464,-0.6181784701949827,-0.41613851261558726,0.04068706842017482,-0.4284307419479184,-0.34901677538401527,-0.13457300691428295,-0.4651515550628196,0.29720464681759357,-0.23844300891954714,-0.5456176112910406,-0.29396636808736726,-0.4782132240496554,-0.21904034743847148,-0.5993539465486569,-0.7208463519202559,-0.13587955646508001,1,19,train
1.7098250700761293,-0.5162831244931299,0.7912156853157518,-0.7336259557354107,-0.2187029979570921,1.170757257942623,0.9280975686065546,-0.20690808750514783,0.10045223017311454,-0.12050250146892928,-0.25470360334269526,0.40120995349843835,-0.23464494376445671,-0.22987759038891675,0.7160965285022587,-0.4607054968643419,-0.014626421058686143,-0.3784848567822023,0.30478753383598267,-0.4231903454873553,0.6884679667663886,0.6798420891950773,-1.2824978076249927,-1.3300299032386298,-0.23373211009227804,-0.1450408201452043,-0.28796625168472345,-0.0013666752865988676,-0.17936585022002374,-0.32037407760137193,-0.012996654306325456,-0.8470027595160344,-0.3863929224304694,-0.22520247888517775,-0.511480171966401,-0.8215399753150827,1.1337694802583183,0.06043188982782747,0.26435422567609795,-0.02687732479108615,0.028037701204596296,-0.6288944320710552,-0.5555612485929744,-0.14337615237135212,-0.32675666338409604,-0.512391617889997,0.25482808153467024,-0.2698793134414365,-0.500590374511536,-0.18325811051753804,-0.5342459545729212,-0.38779634021202963,-0.7064243875893594,-0.20138829579342635,0.2979602586438539,1,19,train
0.06347533476249795,-0.4345604075730921,-0.074462617021244,-0.5607550333827294,-0.4009029133065161,-0.2911301313128956,0.2961840538719191,-0.5484611867577062,-0.1938509139176084,-0.539840833338209,0.028135408776732217,-0.8170160682626465,-0.8004687212976561,-0.4161240233952345,-0.7000555088565151,-0.845419165227184,-0.03643455646845608,-0.5749316886133936,-0.8737738377257847,-0.808064788358862,-0.801218697278412,-0.6918520152939368,-0.8533730659101663,-0.5064593589829415,-0.6677697919228679,-0.8732977817162138,-0.590634764248541,-0.8787722092830719,-0.8839584725194733,-0.8087465860090743,-0.7490447991794149,-0.9081862170138191,-0.8213210902119756,-0.7197183912439243,-0.3970662747014885,-0.8757271309504738,-0.5058319793986467,0.1943385234031574,-0.5564072850740281,-0.8152788519962816,0.151993853898601,0.04375854319307037,-0.805024884273839,-0.46065025644803237,0.031284121271994134,-0.4825557887359902,0.18985068143418776,-0.594721126834293,-0.5756357691440436,-0.353748827175075,0.07702019658997908,-0.6746815279270786,-0.9350342481897782,-0.9175641956605938,0.21278925199670123,1,19,train
0.28910459065638416,-0.527752979499451,0.05511690244806732,1.04861748890707,0.5708299685570785,1.0128013326351015,-0.12784763171636895,1.2217524507863367,1.2819455795409622,1.050982362165884,0.23274235371419036,-0.6192816207006794,0.5340213200542293,-0.12099506032368483,-0.38943148684517787,-0.7039438162163324,-0.5099826396520317,0.4273936237980259,-0.5779406189531953,-0.4368545268910774,-0.5974821388134613,-0.5088009822858708,0.40991762781154234,-0.2287713080379399,-0.4116875596428199,-0.5721619916995094,0.3924513346990525,0.6245706059756825,0.07012924226633874,1.0548589368718515,-0.522568446910772,-0.5081405333744581,-0.5736136569059522,-0.5219120263004258,-0.13511866780550436,-0.496417041502736,-0.20110715887987646,-0.5007006699164124,0.47295631985724634,0.17891866208968177,-0.6640508180035968,0.08368771524071253,0.7253385730760805,-0.3431413290122249,-0.13194035408592933,-0.2637597082732735,-0.2423902844516304,0.8565882652595983,0.04188062097487624,-0.07697818325050203,-0.5164173584973366,0.5551277694102267,0.5784209048990703,0.03221414364822482,-0.5058411165886494,1,19,train
0.17381052033698077,2.1619280194828443,-0.7713608729906494,0.07607913863908318,-0.5563801744046912,-0.488310011226983,-0.6888923410602041,0.3920842880497118,0.05122334061612087,0.28019857120616026,-1.1303009706485825,-0.053351994919876876,-0.06649919855411913,-0.3387601204541487,-0.6193421803023882,-0.06606373383407163,0.9636242244652794,-0.3650907546118938,-0.07693274845122941,0.05733336721020632,-0.10457111026922583,-0.6704564400072798,-0.4045436166676181,-0.39728286032080407,-0.39215586396044333,-0.5414338498610701,-0.34427667262682904,-0.012300077579389808,-0.40575954525394525,-0.37430478405130224,-0.40366836196973443,-0.5246130027007847,-0.8328423661796978,-0.58437719417732,-0.31577218980273475,-0.47917567380056614,-0.4489803337794731,0.8351774126565221,0.2507073597016303,-0.45586050871156014,0.07452125846484807,0.1604745845631013,-0.5795481366392115,-0.298096240161832,-1.2508178061362112,-0.33586296206212335,-0.5418513457842887,-0.157232555571333,-0.09963355176070955,-0.26518222111921164,-0.8780831646020527,-0.41521918903773286,-0.6340794949942902,-0.5487182386474603,0.34586894988287725,1,19,train
1.3862578404700616,-0.5320541751268214,0.9022838448608758,0.4273974647106611,0.3121060887608964,1.2725275185434424,0.9174672477979345,0.7604008764228064,0.8388855735280194,0.7834045694492959,-0.45329269695846347,0.40120995349843835,0.03225306450592039,0.8245637534006978,0.5913577480095169,-0.07350980483464277,-0.3947110667718193,0.4006054194574089,0.2260577256142452,-0.12941044530732948,0.5898857610575415,0.4135860411833449,0.06836936399770083,0.28863035953479793,0.21332670219322952,0.42035698968207724,-0.03222308990599387,0.06423373847014678,-0.20246724767246474,0.06612931862312882,0.5022370471048371,0.03545095439432078,0.23863629881845028,0.29273787142740426,0.632658800682725,0.07993725025551496,1.0132439915456704,-0.36041752998035237,0.2955470621891669,-0.07905095526790056,-0.4342154515501296,-0.46303479433469547,-0.12619595256533242,0.42262518144445393,-0.43469542934659383,0.11913343253648072,-0.20283882352090193,0.23572125095228375,-0.1296517096137126,0.5363455636863518,-0.5673562044275784,0.2872276308822031,0.3498110442986515,-0.2075357284103119,-0.27162084830897953,1,19,train
0.28042654235277314,-0.5635962763942044,1.0547303383541833,0.6604943858184699,0.6303486075712236,1.0732274248668379,0.4272913438448996,0.8649059291791862,0.24385812583913952,0.794054431845976,-0.1614269078565011,0.16029212083673128,0.09363960640810712,-0.1267257198008023,-0.2891512907627777,-0.2447694378477789,-0.6564086916890585,0.19076448545590904,-0.17236281902303244,-0.07930844682701499,-0.07828252208019994,-0.3923139612807379,0.03552818478483146,-0.2738659487896923,-0.4116875596428199,-0.019055438607603524,-0.35600801032310103,0.15443430738567204,-0.19091654894624424,-0.20352421362652287,0.12572011145821832,0.09428120198834446,0.23863629881845028,0.3135595940530357,-0.2706088093034272,0.0011195693313096958,-0.3784842932116979,-0.4943241635556823,0.21756497090649454,-0.07905095526790056,-0.20179766524887077,-0.0268853765835273,-0.4212346755340473,-0.12770829537991113,-0.6716341838984182,-0.08971737154156705,-0.3610446672438158,-0.1467537873973699,0.0333040044454468,-0.27846721202759117,-0.6947033192531826,-0.34982624183797906,0.1414577536248521,-0.05999734560505854,-0.5777041534471844,1,19,train
0.8767324329294724,-0.5005120738594384,0.2663641862887933,0.5255435367560543,0.1675608225836867,0.4159611584865467,0.351697951428046,0.6227600752314769,0.9780106961890884,0.5065081471356129,-0.07717698935284184,-0.4397296510754448,-0.22396902343364164,0.08244335111398536,-0.31605573361415334,-0.3366043135214896,-0.24516956681911117,-0.10837046301431415,-0.38708047780958926,-0.3093221671230042,-0.26230263940338117,-0.2663177957037574,-0.30820949097653466,0.07739756864501046,-0.21203022600074853,-0.2464436882120537,-0.18003794487902106,-0.26376833031358143,-0.33876549264186645,-0.029747492843414002,-0.1177419672305728,-0.29870485193973373,-0.27982111972904067,-0.20177804093134238,0.09973091079089522,-0.14420052987269377,-0.2625069361485839,-0.15636932643699245,-0.03197772119805684,-0.32542643251952413,-0.48069900881038136,-0.40467677364968,-0.04943791081737406,-0.01411633219196389,-0.07665464469050365,-0.2836502610426114,0.07119629864200239,0.11521541695170795,-0.4019592844230974,0.2507182591561924,-0.2719108980321765,-0.18528914888375983,-0.33312474179880214,-0.41347472107597805,-0.2929135999707677,1,19,train
0.062235613576267806,2.306734938937648,-0.8388728915376855,-1.5567146053888214,-1.3301224815885784,-1.012002810568699,-0.8554340337285846,-1.5935117143215038,-1.6610858613662671,-1.598170909008296,-1.4011042801246298,0.26938698845712694,0.9183544519635723,-0.37600940705541225,-0.46769895695827074,0.36084433686534023,-2.8341067847503707,0.7711755795026107,0.059055102113589907,0.4194341744088428,0.3357627418969579,-0.40657767813850926,0.7032988287798421,-0.4305104903484111,0.5106425142471835,0.7092015229634059,1.0846002587791004,0.9771728299181903,0.8209246594706703,1.5672006481461898,0.6324609496593068,0.3790196003434191,0.5151469220437788,0.52177682030935,-0.5084692799331139,0.5922521762628492,-0.40804714893366817,-2.5953830094162162,0.7673387144493343,0.9093494887650835,-3.1715804902094002,0.016115270237010412,1.2962265085765208,0.6635184826878594,-1.4482667682627317,-0.35326719573529397,-2.0335064437431907,1.286217760392086,0.6229463908437209,-0.4954553968644564,-1.9350642176545678,0.7871672594738692,0.8475439053527279,0.9143707241713023,-2.6164851250634014,1,19,train
0.3808439584374148,-0.5377891026299819,0.303386906137168,0.3013689858341903,1.0627697400005232,0.24210362996014706,1.4773308103852563,0.6444257569004824,-1.1698671590475698,0.45592130075138226,-0.5796675747139524,-0.3215435444866829,-0.1252167603736021,-0.10666841163089115,-0.21822139597278728,1.003688466581315,-0.2171305355779784,0.10147047098718572,-0.14134804608719645,-0.12030099103818138,-0.1111432573164823,-0.04523018440830107,-0.1702765382824833,-0.2050372865896492,-0.8782780676107039,0.6876918236764984,-1.7144969155513985,-0.06150038789694904,-0.10775151811745674,-1.6896147913579365,0.5475323175585657,-0.31517732126606035,-0.09260038525355785,-0.11328571977240877,-0.02973744664045326,0.16121798370860163,-0.24886254119998225,-0.060721731026042475,0.34428586924083704,0.48036630484460946,0.4515545562424458,0.08061624046781699,-1.1816190265997597,-1.67882613753257,-0.05559342206367481,-0.06734049967606193,-0.457098215218442,-1.2758410581418955,-0.061038777378277065,-0.7301569029124944,-0.0936249372763306,-0.8708603695263399,-0.000338235861483603,0.24122685262233376,-0.04006217398703325,1,19,train
0.8444996820874887,0.9332198019306978,1.5131587223590577,1.0452716000873408,1.2255349977126753,1.410341413107052,0.5643043676004467,1.2650838141243477,0.2556302516027684,1.1854368749239705,0.500536737529393,1.1035081638047355,0.6888221648510481,0.5982027040545577,0.44460624154746786,0.17717458551791887,0.9760860161280052,0.7890343823963555,0.0399690879992293,0.8931257964045433,0.21527337936392252,-0.1474534885556626,0.7076776526748914,0.3669526303141573,-0.22071097963736033,0.4664492024397361,-0.15657526948647707,0.8077050943799308,0.6291830606154103,-0.2244972661348291,0.4031536429873059,0.8143634325391943,1.2208250750667526,1.04492260127834,0.7621271581140735,0.33363166073030065,0.4560978644777697,0.965895793051487,0.638668263832925,0.894856813632635,0.22946644933235397,0.9283432777869891,-0.3300845009583468,-0.15708552723886302,1.263365644941481,0.45478651051905744,1.1645116829414248,-0.14937347944086068,0.8781007325942469,-0.14118897264100297,1.1136257112703976,-0.33927899228963165,0.9806585077276553,0.862117546927775,0.8728645535121344,1,19,train
-0.3270368388999974,-0.4775723638467962,0.892483713136306,0.9504714168616769,0.9813871111444471,1.2958498699311303,0.5111527635573465,1.1210707536186049,0.9908530152039563,1.049651129366299,-0.15240013087396617,0.41257400220889623,0.45128293749041243,-0.7341756243752542,-0.7758771205285738,-0.011459213163216618,-0.4725972646638547,0.6506286599698342,-0.1771343225516226,0.3260622681500749,0.13421689911442602,-0.8368664700146125,0.517198813240249,-0.5871550319071299,0.31966593424172407,0.15302215568765606,0.5519975273683517,0.4633029221570161,0.37506768863855955,0.5724787291808081,0.22480351557574957,0.3790196003434191,0.5554713879308059,0.4983523823555147,-0.8095584832618312,0.04791756738005657,-0.8469418531136879,-0.42418259358765237,0.4807545289855136,0.5644238206128104,-0.4342154515501296,0.4031210916218499,0.35114311955478356,0.12493589860707498,-0.3478178860109249,-0.6541118063715294,-0.3864706064135698,0.6129569052149558,0.6143697743142915,-0.6991585907929422,-0.5622623198345542,0.4686403231137781,0.7173230986816033,0.5762619302425966,-0.4073621401528791,1,19,train
0.9994648303662567,2.759794211687331,2.043454739010777,1.9620451366931728,2.123173247334171,2.023083190474485,0.9741622921105747,1.6639872472066266,1.9636586805802003,1.7378984867517517,2.5676686665298893,2.401282526539025,1.4174537274291776,0.9477729321587234,0.7234341038253611,0.9714221589121735,4.08218758806238,1.3270308195704137,0.69366507141608,2.355193206602811,0.7432358588268592,0.2614397280337835,2.2665389593124243,1.1240679145146315,2.8891690106788164,0.8413325328686945,3.1211604828519195,1.1493739160296477,2.525807791460814,2.3611804931034976,0.9070635267850363,2.6945781456441913,2.0445963067588773,2.0235435646830173,0.8524539191126886,1.0947148921546577,0.758548619171773,4.316749885615101,0.6659619957818603,1.909344072904026,4.443975640928515,2.098575166260194,2.8121978330986983,1.1218032996875085,4.7516306425100066,1.0166946262528527,5.02077912368745,2.2581235085271647,2.496937102524054,1.0699593651729284,4.470495658073325,2.445194888474078,1.5160107129311677,2.3436488075971944,4.641681597648639,1,19,train
0.4651449991010646,-0.42452428444256113,-0.19641981181588994,-0.26185563215357743,-0.2988709607108387,-0.2900700244316371,0.9221918348239878,-0.3738612815427789,0.6901287116057994,-0.35746193979506197,-0.3118731908987497,-0.6920115324476098,-0.5148878524483527,-0.40179737470244087,-0.6707052075641053,-0.577360609206623,0.16295411013515473,-0.31597904665409593,-0.7401717389252604,-0.3207089849594393,-0.7201622170289155,-0.24492222041710035,-0.5402871574141449,-0.48747214182430887,-0.6807909223777856,-0.6797104881340467,-0.6094049045625762,-0.4496361692910274,-0.6252228210521346,-1.0094886600171484,-0.5593708541544264,-0.7293422643279871,-0.43247802630135745,-0.3527355299671703,-0.44825143926737043,-0.47671262127168473,-0.5581354933682863,0.07956140891001746,-0.15479951496826572,-0.39499127315527666,-0.3670725355075437,-0.008456527946153994,-0.9105671916772818,0.13864527347458586,0.06550860804059098,-0.4029935776586387,-0.010731727571649419,-0.8121555664440276,-0.5306085323645391,-0.2341839089996595,0.08720796577602742,-0.8160146718749335,-0.5125400754345738,-0.594823983274102,0.018492893082884203,1,19,train
-0.048099571998215004,-0.37721113254148664,0.010471857925027287,0.1753405069577195,0.060670205578691315,-0.047305548623432774,0.2040546068638788,0.03141441085391334,-0.250571156233275,-0.11118387187183416,0.08831392199363168,-0.9033828384621263,-0.8271585221246939,-0.5364678724147014,-0.7587561114413348,-0.5575044198717667,-0.15793702518003144,-0.5972551922305744,-0.72585722833949,-0.8399478783008802,-0.5208070899288024,-0.6728337261502416,-0.83147894643492,-0.5966486404864462,-0.6959822412418563,-0.6182542044571682,-0.6305213124158658,-0.9143057667346424,-0.9070598699719143,-0.9166079989089351,-0.4376398148100309,-0.9505439952815161,-1.0431056525906246,-0.8498541576541209,-0.5084692799331139,-0.48656483138721035,-0.5240245059967822,-0.14361631371553243,-0.6207425103822328,-0.8877422276585238,0.020290441661221,0.03761559364727927,-0.8601947267801842,-0.43127302458908046,0.047080038242115756,-0.5024463415053281,0.014694211598104589,-0.6078195870517469,-0.755744716262062,-0.5286678741354052,-0.08598411038679435,-0.6683531781980702,-1.0421046892304806,-1.0036282522969915,-0.30888316371710883,1,19,train
-0.6419260202024539,2.5633729447040823,1.7712288577727282,1.858322583281564,1.8255800522634449,1.8375644862542413,1.030857336423215,1.8156470188896656,1.5409323463407982,1.8177724547268526,2.4743919710436955,1.9808127242520839,1.8631734012407073,-1.7112530652237827,-1.8545006930246346,1.053328939918456,4.100880275556468,1.6998333299773336,0.8606676949167353,1.9566545823275825,1.02145675049405,-1.079349656596726,2.065113060140159,-1.564996715576708,1.8713506467860828,1.3790750150413806,1.9996445990883165,1.7780445478651266,2.1099826373168766,2.0495808558372333,1.3713400489357541,2.2780599926785037,2.254859593169804,2.143268469780398,-1.878425155078778,1.279443831820764,-1.658783352555486,4.179654998859406,0.9681425995022155,2.0368796140695724,3.240567991857552,-1.4489781964341673,1.9534672410434142,0.892660891187684,3.8223041941011844,-1.7257153368196079,4.026342391714849,1.8625500099600572,2.0595296595231525,-1.3501231453035378,3.7471640458638933,1.6857929209930664,2.013743573985244,2.279100765119896,4.104039618188488,1,19,train
-0.17951001773861028,0.7095576293074365,-0.7898722329148367,-0.6031362917659674,-0.6851347812516175,-0.5879600580652853,-0.7904709621203511,-0.6019881649987787,0.027679089088863035,-0.6197148013133099,-0.2366500493776254,-0.45563931927008583,-0.581612354515947,-0.27858819594441525,-0.4970492582506806,-0.4284391891952003,-0.5162135354833945,-0.43206126546343626,-0.25586413077336007,-0.49606597964053994,-0.17905544347146585,-0.458877973283671,-0.498688330411177,-0.28810636165866677,-0.7719388355622094,-0.2587349449474294,-0.5038228652961283,-0.4906364278889934,-0.4496522004135831,-0.9255964499839234,-0.29609209464212904,-0.4681359650105219,-0.46128121622066254,-0.4204061285004725,-0.2525434571037041,-0.14666358240157518,-0.3602917666135624,-0.3221584918159724,-0.3263601157901448,-0.3109337573870757,0.05644431953030571,0.05604444228465257,-0.8697894819986789,-0.407771239101919,-0.43469542934659383,-0.2985681756196148,-0.10961037989847056,-0.6602134279215625,-0.33549050632001925,-0.32053634990412627,-0.2897394941077611,-0.8244524715136115,-0.5935663551410514,-0.5794554017318881,-0.47922517701141415,1,19,train
-0.03570236013591356,-0.539222834505772,-0.7125600826432308,-1.3927660532220851,-1.1309172408065415,-0.8498064577361433,-0.006189515795495213,-1.3832271569458616,-0.544874300323998,-1.3998172218701288,0.13344780690630625,-0.17835653073491356,0.23509555079140698,-0.324433471761355,-0.4407945141068951,-0.624519058876907,0.5617314433423765,0.20415858762621755,-0.6495131718820476,-0.0497027204522837,-0.501090648787033,-0.41608682271035685,0.2084917286392768,-0.3498148174242226,-0.16862645781768953,-0.6489823462956075,0.07805148443896293,0.3649023015218976,0.27804181933830746,-0.05671284606837917,-0.5169065381040558,0.02368490487551604,0.1493464100686046,0.12356137509414883,-0.42416430300107305,-0.6589785084089094,-0.3534695691392616,0.5609876391451322,0.2721524348043652,0.46007655965918165,0.14941143405080926,0.20040375661074347,-0.1285946413699561,-0.3627261502515261,0.23926369471192888,-0.4203978113318093,0.4554104905405074,-0.0131494931793402,0.17910648544574734,-0.39360379990021355,0.433592118101671,-0.10723950222598917,0.2745723559997795,0.3027011787911893,0.6572754429365292,1,19,train
2.120172782718307,-0.6281142108047605,1.7004501286508353,1.6062656255286225,1.71747476915612,1.2354237776993937,1.9793181819034247,1.5518354832729508,1.4810015242714147,1.4849642548305988,-0.946756505337039,1.1421459294202922,1.4681643490005492,2.5179736288889103,2.44287258787237,2.324125057349263,-0.9118754207749349,0.9899459149509829,2.2539467252650596,1.7471371341371764,1.4705534653899088,2.641103157138642,1.1149082749144716,2.588457037874169,1.782372922010812,2.675802600623516,1.8846774896648508,1.4746426342401782,1.7288095793516005,1.8608233832624772,2.4159622237748697,1.8803675189429034,1.8977000381704214,1.7242313019395656,2.695119843484439,2.5331375690214037,1.5658419869640372,-0.8896675579209422,0.9661930472201488,1.7006495509967685,-0.8654795661313545,-1.2339749623314789,1.6896114725348073,1.9639506129774622,-0.8769811045099993,2.4985408075685247,-0.9260655376827938,1.605820189697961,1.2254537020361393,2.1438294636002717,-0.6081072811717717,1.0909280464662738,1.2005869812166658,1.7289055459086384,-0.8731410827544952,1,19,train
0.2085227135514248,-0.5220180519962904,0.4209884868320051,1.0062362305238322,0.732380560166901,0.6470644586009071,0.10838171958629848,1.0344080269425826,0.18499749702099494,0.8699347014223219,-0.06815021237030691,-0.3579085003601481,0.20306778979896173,-0.00924720051989416,-0.3576353271117339,-0.2944099111849198,-0.5816379417127044,-0.030238200354181222,-0.43479551309549075,-0.22961444226795844,-0.24039548257919294,-0.3970685335666617,-0.09583653206664604,-0.14570223296892237,-0.3574328494139961,-0.22493398892514627,-0.461590049589549,0.3102352900579429,0.01237574863523631,-0.4252393401429031,-0.13755864805407905,-0.24458102415323194,-0.20781314493077804,-0.2043807562595463,-0.18329294033809912,-0.29937283919222285,-0.18291463228174093,-0.39230006178400234,0.14738108875208947,0.11515089150690862,0.004795922574470412,0.025329694555697065,-0.5627573150068456,-0.3372658826404345,-0.2846342181304384,-0.30851345200428376,-0.4147216499355187,-0.2882171577458719,-0.11678678481956845,-0.2585397256650219,-0.3101150324798578,-0.491159385785834,0.034387312584149635,0.02914042733978204,-0.5537498078276727,1,19,train
0.6858153702500303,-0.39298218317517813,-0.074462617021244,-0.6042515880392105,-0.1324617046916981,-0.2847694900253444,0.028063740143391566,-0.6313005578450803,-0.7396494720494946,-0.63036466370999,0.14247458388884118,-0.7988335903259138,-0.5095498922829451,-0.7714249109765177,-0.665813490682037,-0.5376482305369104,0.29380292259377433,-0.40973776184625543,-0.6471274201177525,-0.7420212449075383,-0.45727633513865656,-0.6229107171480418,-0.6234848114200806,-0.7746538013486266,-0.620025646921503,-0.5229969647580066,-0.6070586370233219,-0.5070365313281798,-0.6344633800331109,-0.39827398691793797,-0.5140755837006978,-0.7128697950016605,-0.7550737533975741,-0.6676640846798458,-0.8998852442604465,-0.4422298858673449,-0.6695647187818664,0.2357858147479024,-0.21523563571233678,-0.7109315910426528,0.33534566309181635,-0.27874630796096245,-0.48599927325888714,-0.407771239101919,-0.050328116406967605,-0.55465904252484,0.05989588123322283,-0.22796424074558402,-0.5649149984822568,-0.8187235089683577,0.07447325429346699,-0.5523334331662488,-0.6138229250676708,-0.6931829051442709,0.2074660640812542,1,19,train
0.9027665778403055,-0.5320541751268214,0.35783208238477776,-0.30981337190303093,-0.08266039449618888,0.34281378367970783,1.2387391655695623,-0.1839679539732596,0.8303240275181074,-0.10186524227473906,-0.5555961694271926,-0.3374532126813239,-0.25599678442608687,-0.1754363253563008,-0.2157755375317531,-0.4929718045334835,-0.12366709810753583,-0.08158225867369714,-0.18906308137309796,-0.4732923439676698,-0.016942482972472854,0.3327583123226404,-0.48336244677850465,-0.39253605603114594,-0.12088231281632467,-0.4922688229195674,-0.4897452600606019,-0.20910131884962674,-0.41037982474443346,-0.6559429177342718,-0.1970086905245978,-0.6822780662527681,-0.5534514239624387,-0.37615996792100564,-0.37599003046847823,-0.5038061990893803,-0.1760924348074401,-0.06390998420640748,-0.06706966227525939,-0.4906429290294364,-0.47036932941921433,-0.22960271159463366,-0.8386065275385708,0.5440510731281217,-0.21355259176489108,-0.33586296206212335,0.17290005532101843,-0.43753960422484633,-0.44269821293788725,0.3503556909690387,-0.18276791765425354,-0.309746693554259,-0.4199386129128852,-0.5026124940208186,0.1462494030536132,1,19,train
-0.42125564905348833,2.094542621320708,0.6747030081458668,-0.05775641415008934,0.09103685813692865,0.6809878788011802,0.3174446954891592,0.013572084773555817,0.32412261968206396,0.02193940808666734,0.942848809673604,0.00801386811659568,-0.11454084004278701,-0.281453525682974,-0.8345777231133935,-0.31178407685291915,0.37792001631717265,-0.0860469593971333,-0.2153063507803438,-0.1726803530857829,-0.045421786843917566,-0.689474729150975,-0.3892177330349458,-0.2928531659483249,-0.26845512463872523,-0.13274956340982863,-0.25042597105665304,-0.22823477286201088,-0.20015710792722063,-0.26045107043478266,-0.10358719521378261,-0.29399843213221183,-0.17324931702761198,-0.15753188035187557,-0.3067395137028732,-0.35109694229873256,-0.6240834022865276,0.44939877783235727,0.22536318003476177,-0.05006560500300366,0.4463897165468622,-0.8254688175363705,-0.5291756717421138,-0.17471186635423414,1.368671758075625,-0.512391617889997,0.49778705582343075,-0.13889471126689756,-0.2497243410257248,-0.5330962044381983,1.1543767880145908,-0.20427419807078512,-0.2289480964619024,-0.2505677567285108,0.11431027556093094,1,19,train
-0.40389955244626635,-0.4618013132131047,0.33823181893563825,0.45081868644876627,0.5817619634780439,-0.09607046516132535,0.5595797805743934,0.2761091685273879,-0.49029444451080934,0.18035611123728412,-0.22461434673424552,-0.7101940103843424,-0.3147143462455698,-0.43331600182658697,-0.7049472257385835,-0.3142661005197762,-0.17351426475843854,-0.3628584042501757,-0.5827121224817855,-0.4391318904583644,-0.575574981989273,-0.7679251718687174,-0.5884542202596866,-0.5539274018795228,-0.6981524296510092,-0.4861231945518796,-0.801798842781437,-0.3539688992291067,-0.2509801823225908,-0.8806541946089815,-0.34704927390257373,-0.2539938637682757,-0.5217679150512031,-0.46985771973634716,-0.5897633648318675,-0.21070294815249194,-0.46262472872807475,-0.13723980735480246,-0.1781941423530674,-0.29354254722813755,0.151993853898601,0.2710476763873411,-0.9153645692865292,-0.629079719106023,-0.25304238419019515,-0.7112971455833759,-0.25651580621260484,-0.7099875767478873,-0.5391851488939685,-0.2607538908164185,-0.12928212942749978,-0.495378285605173,-0.6138229250676708,-0.48109647986171916,-0.22371215706995617,1,19,train
-0.32579711771376724,-0.47470490009521593,-0.1572192849176109,-0.02764341477252552,0.047308878453066895,-0.05790661743601812,0.035150620682471594,0.03268886271679602,-0.43892516845133767,-0.057934559888433566,-0.029034178779322267,-0.8988372189779432,-0.8164826017938788,-0.5880438077087586,-0.46036138163516827,-0.6369291772111921,-0.09251261895072162,-0.7044080095930425,-0.7186999730466047,-0.8923272403484818,-0.5054720801518707,-0.6324198617198894,-0.8095848269596737,-0.3877892517414878,-0.6438977194221854,-0.6059629477217925,-0.590634764248541,-0.9170391173078402,-0.7291791095881189,-0.9016272471172877,-0.6103280334148711,-0.8046449812483374,-0.95957640182464,-0.8238270043720816,-0.5175019560329754,-0.5776977749558228,-0.41486934640796896,-0.060721731026042475,-0.5408108668174937,-0.7254242661751013,0.23721370887572926,0.08675919001360809,-0.7930314402507206,-0.3392243647643646,0.11552901177930947,-0.6491391681791949,-0.022032144980428978,-0.6968891165304334,-0.7107174794825574,-0.2983946983901604,-0.08089022579377017,-0.672572078017409,-0.9466094310049893,-0.8530161531832954,-0.18644984166182688,1,19,train
-0.8997880269383239,-0.49907834198364825,-0.8051168822641674,-0.822849657594859,-0.8029573931775784,-0.6812494636160363,-0.6357407370171039,-0.8989354490504431,-0.3308356500761994,-0.9019361548253332,0.3049565695744697,-0.37836378803897225,-0.2533278043433831,0.1655379135321887,0.05816060786407187,-0.16534468050835346,0.4744989017032967,-0.11060281337603223,-0.28687890370919605,-0.184067170922218,-0.07171037503294346,-0.02145732297868211,-0.29945184318643614,0.029929525748429008,-0.3574328494139961,0.042400845069274905,-0.22227076058560025,-0.2227680717156154,-0.26022074130356715,-0.4522046933678683,-0.03281333512983171,-0.3481222599187136,-0.26829984376131866,-0.1601345956800795,0.2051121319559463,-0.07769811159289557,0.0012846995243813377,0.46534004373418225,-0.0007848846849879183,-0.3109337573870757,0.14424659435522572,0.4246214150321187,-0.5195809165236189,-0.15316856299100276,0.4419779624951564,-0.04993626600289128,0.4497602818361176,-0.3746669951810676,-0.16181402159907302,-0.24525473475664242,0.31897971475862713,-0.4299853384054192,-0.12187765542119992,-0.47187533093639084,0.3884544532064536,1,19,train
2.5317602165467146,-0.6424515295626618,1.570870609181524,1.8304401764504865,2.060010610013037,2.047465648743431,2.317126154266239,1.5684033574904257,1.3172619568318489,1.6952990371650312,-1.3198632872818157,1.4398840056342888,1.4441435282562152,3.285881998822651,2.5040190488982237,3.227581672085228,-0.8589128062083508,1.5614276075508124,2.1847599241005025,1.175518878748134,3.12673452129854,3.8630282346210563,2.2993801385252937,3.5022168636333624,0.9750628338059147,2.814079238896492,1.657089538357174,1.053706645967727,2.0591595629215065,1.2076626051466541,2.902886381152452,1.4426704768433671,0.676444785591887,0.8523216669912491,3.11965562017793,3.323777430792338,3.4715091481187343,-0.8769145451994822,0.547039306575785,1.3267385325795986,-0.8628971462835626,-1.5841230864415716,1.6224481860053437,1.9228224883749296,-0.9691239535023756,3.622357039036115,-1.174674720675944,1.2731193001746322,2.404738474832688,2.1593286196600476,-1.158246817218382,1.4938329792131442,1.6433377238984896,1.8518541982463497,-0.9822664350211596,1,19,train
1.7011470217725182,1.1353759964171068,1.8028070599963417,1.2828297062881222,1.4053055808574402,1.4538057952386518,0.8206132137638409,1.3364531184457777,0.5681266809645542,1.2892730332916016,0.9217863300476892,1.4421568153763802,1.097176117504725,1.7471999292166105,1.9243505983731297,0.4675713545401932,1.377978797250908,1.0859369805048606,0.5672202279084411,1.3167154199199294,0.5263550062673956,0.5181866314736683,1.1455600421798162,1.5726409198873261,0.365239890833936,0.7214927796987816,0.36898865930650854,1.154840617176043,1.0611791929760563,0.15900997973134218,0.723051490566764,1.5273860333787612,1.6874367517594944,1.5082059296986394,1.7527106370655534,0.6932373299469872,1.4748793539733596,1.4154394914829518,0.8609172239885411,1.2658692970233152,0.5264447318284069,1.60406772782401,0.13765981594327442,0.040721167278079604,1.70828397293324,1.5462805937364736,1.5006991008526167,0.20690463847388518,1.206156314844923,0.49870475611260984,1.3428505179564851,0.11003383846996699,1.284507056626946,1.2739955322591072,1.2667804592552154,1,19,train
-0.06049678386051645,-0.38151232816885705,0.06709484122254147,-0.015375155766851374,-0.25028431661765893,-0.06850768624860347,-0.0817829082123488,-0.11132419778894684,0.11757532219293841,-0.19638277104527513,0.10335855029785654,-0.8397441656835622,-1.2301745146129632,-0.45050798025793937,-0.6120046049792857,-0.7113898872169035,0.007181714351083791,-0.7490550168274042,-0.8022012847969324,-0.7351891542056772,-0.6741571876981202,-0.5824968527176896,-1.070124848715104,-0.4661115225208472,-0.7263648789699976,-0.5752348058833533,-0.6727541281224451,-1.113840358578077,-0.8862686122647175,-1.1143539225586796,-0.4376398148100309,-0.9576036249927989,-0.8990897029940993,-0.7665672671515951,-0.49040392773339087,-0.5284367243781944,-0.4467062679547062,-0.019274439681297495,-0.7533120655627757,-0.9341187880823588,-0.07009425301149078,0.13283131160704134,-0.9441488349420135,-0.39210338211047796,0.044447385413762155,-0.6118443817366864,0.18137536837760307,-0.8959857118357325,-0.785762874115065,-0.3958179650516101,0.08466102347951533,-0.9257060671777464,-1.1462813345673804,-1.095839741550275,0.0690631782796311,1,19,train
0.18620773219928222,-0.37721113254148664,-0.05486235357210447,-0.4559171836978776,-0.1713310199662419,0.5060702433935221,0.12255548066445854,-0.1329898794579524,0.23422638657798858,-0.12582743266726934,0.06123359104602692,-0.8215616877468296,-0.8458413827036203,-0.47343061816640924,-0.6682593491230712,-0.5475763252043385,0.06949067266471218,-0.693246257784452,-0.7043854624608343,-0.7420212449075383,-0.4090805901254424,-0.5301965575725279,-1.0022530783418409,-0.43763069678289834,-0.6330467773764207,-0.5752348058833533,-0.6305213124158658,-0.8077050943799308,-0.8446860968503237,-0.922600299625594,-0.42065408838988266,-0.823470660478425,-0.7809966243249487,-0.7014993839464969,-0.4000771667347756,-0.5727716698980598,-0.5490392300692185,0.2230328020264424,-0.5310631054071596,-0.8065832469168125,-0.20438008509666253,0.10825951342387694,-0.8098222618830865,-0.30984713290541277,0.04181473258540855,-0.44277468319731444,0.011869107245909699,-0.7178466528783596,-0.7664654869238487,-0.45781458929071445,-0.19804957143332605,-0.6578059286497228,-0.8077072372224563,-0.788468110705997,0.12761824534954855,1,19,train
-0.3022424151753945,-0.48474102322574686,0.36218769648458654,0.37386324359499207,0.35947806675174665,0.42338190665535647,-0.2565926281763227,0.5169805706122145,0.2609812178589634,0.5011832159372728,0.17557276615813588,-0.6238272401848625,-0.5335707130272791,-0.5450638616303777,-0.5728708699227393,-0.7262820292180459,-0.16416792101139427,-0.4275965647400001,-0.7807295189182767,-0.4869565253713919,-0.6697757563332826,-0.46125525942663287,-0.638810695052753,-0.5040859568381123,-0.620025646921503,-0.7934046129362717,-0.5132079354531458,-0.5179699336209708,-0.4819941568470005,-0.55407380555107,-0.7037495287256863,-0.5010809036631751,-0.45552057823680153,-0.399584405874841,-0.6409485293977495,-0.7525745045064032,-0.6672906529570996,-0.15955757961735745,-0.2210842925585372,-0.5486136295592302,-0.21470976448782958,0.08675919001360809,-0.7066786432842674,-0.43910695308480097,-0.13194035408592933,-0.5347684897555022,-0.022032144980428978,-0.43491991218135556,-0.524176069967467,-0.5485953604979744,-0.0936249372763306,-0.6008507810886469,-0.6572298606247123,-0.622487430050087,0.007846517251990119,1,19,train
-0.6208507600365415,-0.5793673270278958,-0.935785305258431,-0.8418096942399917,-0.8661200304987121,-0.6420255090094705,-0.8814192623718781,-0.831389500317661,-0.8809149812130416,-0.8260558852489873,0.5456706224420675,-0.2624504911923019,-0.17325840186226998,-0.05795780607539266,-0.07636160639280647,-0.12066825450492663,0.29691837050945574,-0.0882793097588514,-0.09601876256559001,-0.10208208249988521,-0.02570534570214815,-0.18073549455712914,-0.1899812458102049,-0.02703212572746874,0.12000860059965271,0.002454260679303925,-0.015799217131213066,-0.10250064649491507,-0.27639171952027586,-0.023755192126755077,0.037960524954119196,-0.05397102194859522,0.05141556434296742,0.019452761965991643,-0.14415134390536585,0.0873264078421592,-0.07603353851769468,0.36650419514286736,0.057701683777016316,-0.10513777050630775,0.4231479379167363,0.6304102248161206,-0.16697366224393528,0.16018857683781723,0.5420187699725934,-0.10214896702240323,0.4102088209053892,-0.09435994652755433,-0.20684125837857759,-0.012767393860001084,0.38265327217142925,-0.018642606019871128,-0.20869152653528303,-0.35814782752400803,0.39643923507962414,1,19,train
-0.06049678386051645,-0.41162069756044994,0.21627462414099233,0.04931202808124868,0.21614746667686646,0.1562349725782058,-0.16210088765525574,0.188171989988483,0.18499749702099494,0.11911940245637344,0.13645673256715124,-0.846562594909837,-0.8805381237787693,-0.3731440773168535,-0.6584759153589346,-0.6369291772111921,-0.12366709810753583,-0.612881644762601,-0.8379875612613585,-0.7966779705224268,-0.6040542858607177,-0.6728337261502416,-0.7986377672220506,-0.3521882195690517,-0.6091747048757382,-0.8855890384515894,-0.6094049045625762,-0.9088390655882469,-0.7060777121356779,-0.8327157888757101,-0.68393284790218,-0.6916909058678119,-0.7665950293652961,-0.6051989168029515,-0.6078287170315906,-0.656515455880028,-0.47854318950144337,0.03811411756527248,-0.6285407195105001,-0.867452482473096,0.04353222029134689,-0.10367224590591607,-0.6826917552380304,-0.48415204193519384,-0.1766954521679406,-0.6317349345060244,-0.08700954508091145,-0.5763832825298576,-0.7128616336149147,-0.5485953604979744,-0.1267351871309877,-0.632492529733689,-0.911883882559356,-0.9267853445859221,-0.10926361688784479,1,19,train
-0.3295162812724577,-0.4187893569394006,-0.13217450384371038,0.372747947321749,0.2610901124630577,0.09898920099024494,0.32453157602823923,0.39590764363835984,0.03410024859629699,0.31614185679495566,0.043180037080957086,-0.7011027714159761,-0.7364131993127656,-0.6453504024799334,-0.6071128880972174,-0.5599864435386237,-0.1361288897702615,-0.5503758346344947,-0.8045870365612274,-0.7488533356093994,-0.5690028349420166,-0.641929006291737,-0.7110612893210656,-0.7105719434382417,-0.5853026323750559,-0.45232223852959647,-0.7407958867608226,-0.5343700370601572,-0.6991472928999456,-0.7668004809924619,-0.3385564106924996,-0.9223054764363847,-0.8731668320667247,-0.7405401138695558,-0.752351534629375,-0.3855796777030724,-0.5899724149150235,-0.06709823738677248,-0.34195653404667925,-0.8268729921022403,-0.039105214837989594,0.1297598368341458,-0.6850904440426542,-0.454774810076242,0.04181473258540855,-0.7112971455833759,-0.05310829285457277,-0.678551272225998,-0.6678343968354101,-0.6238769756454583,-0.03759220675306474,-0.7021043767527818,-0.7585127102578093,-0.831500139024196,-0.13854115042280352,1,19,train
-0.4733239388751544,-0.46896997259205536,0.21518572061604013,0.5556565361336181,0.5635419719431015,0.057645032621162114,0.4343782243839796,0.3946331917754772,-0.15211337711928768,0.28685473520408533,-0.23364112371678045,-0.7374677272894413,-0.4054596690574981,-0.5593905103231713,-0.7073930841796177,-0.30682002951920506,-0.21089963974661557,-0.4409906669103086,-0.5946408813032609,-0.6486493386487704,-0.463848482185913,-0.710870304437632,-0.65632599063295,-0.753293182045165,-0.5267075453279262,-0.1696233336159557,-0.6258287773373571,-0.45510287043742287,-0.2994931169727168,-0.799758134934086,-0.2507968241884005,-0.5810900403910474,-0.7406721584379216,-0.5453364642542611,-0.5987960409317291,-0.21562905321025477,-0.5012838477491127,-0.10854552873151746,-0.21133653114820317,-0.3109337573870757,-0.052017314076948415,0.19426080706495236,-0.7954301290553443,-0.34705829326008514,0.031284121271994134,-0.808263590333898,-0.1774128843511479,-0.5161303655295697,-0.6249513141882629,-0.300608863541557,-0.01721666838096806,-0.6831193275657564,-0.7816630758882314,-0.5763816854234454,-0.38606938849109096,1,19,train
-0.19066750841468155,-0.5162831244931299,-0.7484938989666532,-0.7392024371016261,-0.6899934456609356,-0.4172828501826612,-0.863702061024178,-0.6567895951027338,0.03945121485249196,-0.7315383564784512,0.47646533224263315,-0.44882089004381115,-0.5282327528618715,-0.1668403361406246,-0.5288454179841245,-0.4036189525266298,0.3623427767387656,-0.29588789339863314,-0.21769210254463886,-0.39130725554533696,-0.18562759051872232,-0.42797325342516634,-0.45708950340820914,-0.3806690453070006,-0.6525784730587972,-0.08973016483601372,-0.6657153255046818,-0.5753702956581233,-0.41268996448967754,-0.7578120299174735,-0.0639538335667701,-0.3363562103999089,-0.3374274995676508,-0.290270362090276,-0.3609355703020424,-0.1663680026326265,-0.31481045011822356,0.42070449920907227,-0.26202489048194016,-0.3833971330493179,-0.16564378737978605,0.11133098819677249,-0.8721881708033026,-0.40581275697798885,0.22083512491345364,-0.2712186655617752,0.33393100339612714,-0.47945467692069876,-0.500590374511536,-0.4135312862627828,0.15342846548534161,-0.5924129814499689,-0.6630174520323179,-0.48724391247860477,0.2633595371934481,1,19,train
-0.7572200905218573,2.2149760988870795,0.7106368244692893,0.512159981477137,0.2829541023049886,1.18029821987395,0.39776267493206613,0.7157950612219126,0.6965498711132333,0.7274927918667252,1.0030273228905033,0.2989335151043174,0.41124823624985585,-0.8860381005188671,-1.098730434745082,-0.23732336684720778,1.6147528388426962,0.590355200203446,-0.2654071378305404,-0.04742535688499668,-0.056375365256011695,-0.7013611598657844,0.2676058512224417,-0.7295591605968743,-0.005862327131218347,-0.04978358044604274,-0.06272456791630106,0.3949691578270727,-0.04999802448635431,0.12605232578971806,-0.012996654306325456,0.08722157227706162,0.30488363563285187,0.30835416339662786,-0.9872011132257745,-0.07769811159289557,-1.2153405167259324,1.6991940245354369,0.5041491563703153,0.12674503161286738,1.3347421441872294,-1.541122439621034,-0.06622873244973995,-0.08853865290130863,1.3555084939338569,-0.659084444563864,0.7972481171560891,0.22786217482181143,0.0826195494896661,-0.7877251968488055,2.0228841111252116,0.2492575325081525,0.5060760123040011,0.1059833350508515,1.1603167009462747,1,19,train
-0.32207795415507684,-0.5363553707541918,0.42207739035695735,0.5623483137730767,0.559897973636113,0.48168778512457583,0.3528790981845593,0.6138389121912982,0.7564806931826169,0.5291391047285581,0.025126483115887246,-0.4192743633966206,-0.23998290392986427,-0.616697105094346,-0.6291256140665248,-0.3366043135214896,-0.2327077751563855,-0.2356144336322449,-0.42525250603831044,-0.2819938043155599,-0.20753474734291058,-0.5325738437154898,-0.31915655071415777,-0.5729146190381554,-0.35960303782314906,-0.03134669534297921,-0.015799217131213066,-0.14896760623927657,-0.3249046541704019,-0.08967050001000326,-0.07244669677684422,-0.43519102635786866,-0.475682811180315,-0.4204061285004725,-0.6710574497306213,-0.1983876855080849,-0.5285726376463161,-0.13723980735480246,-0.020280407505655997,-0.12832605071822525,-0.49619352789713195,0.43690731412370093,-0.23173825996877515,-0.17079490210637388,-0.07138933903379643,-0.5571453616210073,-0.1774128843511479,-0.06816302609264654,-0.292607423672872,-0.5818078377689232,-0.21842510980542273,-0.35193569174764855,-0.4575579570623212,-0.21675687733564022,-0.2396817208162973,1,19,train
0.9114446261439164,-0.47470490009521593,1.4173352121632645,0.7129133106608957,1.1502256993682467,1.4697073984575297,1.1560588926136286,0.9961744710561022,0.6997604508669504,0.9205215478065525,-0.33895352184635447,0.9944132961843397,0.25377841137033336,0.583876055361764,0.5033068441322874,0.8646951412373205,-0.49752084798930607,0.5412434922456482,0.882139460795391,0.8749068878662472,0.9141116820555275,0.3589084598952213,0.31796232601550806,0.2387889144933874,0.36306970242478304,0.8843519314425093,0.4041826723953245,0.3457688475095135,0.33810545271465403,0.18297918259797788,0.8164729858775791,0.470794786590096,0.9414341328494936,0.8028700757553745,0.5784627440835558,0.4740256548765413,0.5970899456133201,-0.4146178340465574,0.5138969177806493,0.7064520369108052,-0.3980615736810449,-0.220388287275947,-0.025451022771137078,0.42262518144445393,-0.4952464443987267,0.5393213597887435,-0.3214932063130873,0.26977724751766385,0.9166955069766793,0.18872163491708807,-0.648858357915965,0.2576953321468304,0.6362968189751257,0.6315888237945666,-0.28759041205532065,1,19,train
-0.4336528609157898,-0.49190968260469753,-0.026550861923347376,0.5210823516630818,0.1396235022301084,-0.03140394540455476,-0.20934675791578922,0.27356026480162254,0.013766576822756135,0.20165583603064438,0.28088516428770993,-0.878381931299119,-0.7657719802225071,-0.5135452345062316,-0.6095587465382516,-0.7784045262220438,-0.13301344185458008,-0.5124258784852873,-0.6351986612962771,-0.6418172479469094,-0.5449049624354095,-0.6799655845791274,-0.8073954150121492,-0.7414261713210196,-0.46377208146249066,-0.7841861703847399,-0.578903426552269,-0.7393713300499873,-0.7615210660215362,-0.5780430084177057,-0.4631184044402532,-0.823470660478425,-0.8184407712200452,-0.5921853401619318,-0.4994366038332524,-0.6146435628890439,-0.4012249514593673,-0.14042806053516743,-0.41993862532935156,-0.8094817819433022,0.053861899682513946,0.24340440343128117,-0.7090773320888911,-0.3313904362686441,-0.12667504842922214,-0.4626652359666523,0.09097202910736663,-0.40348360765946617,-0.691420092291341,-0.43567293777674865,-0.12928212942749978,-0.583975181811291,-0.7903444629996397,-0.8253527064073104,-0.1598339020845917,1,19,train
-0.28612603975440265,-0.42882548006993154,0.20429668536651815,0.19764643242258156,0.07767553101130423,0.13079240742800097,-0.46801789759221,0.3398317616715219,0.2042609755432968,0.21496816402649452,0.40425111638235384,-0.6806474837371519,-0.7284062590646544,-0.6023704564015523,-0.6804886413282419,-0.7436561948860452,-0.12678254602321726,-0.5414464331876223,-0.7855010224468669,-0.7670722441476956,-0.5668121192595977,-0.6038924280043466,-0.7044930534784918,-0.6203826619347369,-0.43338944373434934,-0.7626764710978325,-0.6234825097981026,-0.6573708128540553,-0.9116801494624025,-0.7817812327841093,-0.7377209815659828,-0.7575807831731184,-0.6744248216235199,-0.5557473255670768,-0.6590138815974725,-0.6663676659955536,-0.6058908756883921,-0.08941600964932747,-0.41993862532935156,-0.8355685971817094,-0.24569880266133076,0.11133098819677249,-0.7042799544796438,-0.43910695308480097,-0.17406279933958702,-0.596926467159683,0.08249671605078195,-0.6811709642694888,-0.6614019344383381,-0.6061636544342855,-0.13692295631703605,-0.5987413311789774,-0.8221762157414702,-1.0067019686054344,-0.0586933316910979,1,19,train
-0.15099643045531697,-0.33419917626778256,-0.6189143794973418,-0.11129063526575834,-0.40819090992049306,-0.17557848125571543,0.00916539203917817,-0.1648511760300194,-0.027970959975564574,-0.2443071518303357,0.12141210426292637,-0.9465662235618663,-0.941924665680956,-0.3559520988855011,-0.5802084452458417,-0.6791235795477619,-0.08316627520367736,-0.5994875425922925,-0.7998155330326373,-0.6896418828599368,-0.6960643445223084,-0.6823428707220892,-0.8227212986448215,-0.3640552302931971,-0.7307052557883034,-0.6151813902733243,-0.719679478907533,-0.8623721058438855,-0.9370916866600876,-0.8746618938923226,-0.5763565805745746,-0.8917137476874925,-0.9797386347681535,-0.771772697808003,-0.5716980126321446,-0.6146435628890439,-0.53312076929585,0.0030433325812574945,-0.5544577327919613,-0.9573070682942764,-0.18630314616212018,0.2618332520686545,-0.9537435901605084,-0.35880918600366585,0.1945085966299176,-0.6491391681791949,0.13899880309467974,-0.7021285006174149,-0.7021408629531279,-0.561880351406354,-0.06306162971818559,-0.7295272255784849,-1.050786076341889,-0.942153926128136,-0.07200130147971551,1,19,train
-0.3605093109282113,-0.4976446101078581,-0.22799801403950362,0.10842273056313322,-0.1859070131941958,-0.016562449066935284,0.1910619925422321,0.19581870116577907,-0.13927105810441978,0.10447584166093828,-0.047087732744392104,-0.862472263104478,-0.9018899644403995,-0.5937744671858761,-0.6291256140665248,-0.6418932245449063,-0.14859068143298718,-0.7155697614016329,-0.7497147459824407,-0.8854951496466207,-0.45946705082107536,-0.6276652894339656,-0.8862142451230356,-0.5491805975898647,-0.7024928064693151,-0.7288755150755494,-0.5484019485419619,-0.9717061287717949,-0.7106979916261661,-0.7757889320674503,-0.6159899422215872,-0.9481907853777551,-1.1179939463808177,-0.8888948875771798,-0.7463297505628006,-0.4939539889738546,-0.38530649068599876,-0.028839199222392493,-0.5876001215870971,-0.9457129281883176,0.015125601965637472,0.2710476763873411,-0.908168502872658,-0.31963954352506335,0.0023249401601044815,-0.45023364048581616,0.11922307262931552,-0.6130589711387284,-0.738591483203203,-0.45781458929071445,-0.07324939890423392,-0.7168705261204681,-1.099980603306536,-1.0067019686054344,0.005184923294266597,1,19,train
2.3123295665839794,-0.6166443557984393,1.080864022953036,-1.005758246406728,0.2088594700628895,-0.2031412601684373,1.1206244899182285,-0.7141399289324545,-0.525610821801696,-0.706244933286336,-0.6669264188784565,-0.7306492980631666,0.3258408736033352,-1.439046740060703,1.4547457776945727,0.16724649085049068,0.23460941219582737,0.2822908502863505,0.6841220643588998,-0.14535199027833862,-0.4178434528551177,1.3858960736547603,0.08807407152542246,-2.141733436770173,-0.8869588212473157,-0.8364240115100866,-0.26215730875292503,0.4961031290353889,-0.5767098864020085,0.18597533295630733,-0.5933423069947229,-1.5200207919916653,-1.204403516138733,-0.9383464788130544,-1.8182073144130346,-1.198387012233939,-1.0220449216207423,0.2198445488460774,0.5528879634219854,-0.33412203759899317,0.2578730676580634,-1.280047083924912,0.06569915180456345,-0.660415433088905,-0.5110423613688484,0.0544891360361326,-0.14068652777261434,0.2304818668653022,-0.07175954804006388,-1.3324098240923652,-0.02995137986352848,-0.04817490475524381,0.28325374311118784,-0.2935997850467097,0.5108877752617356,1,19,train
0.1837282898268219,-0.6252467470531802,-0.3347105594848188,-0.502759627174088,-0.2648603098456129,-0.6748888223284851,1.7360019500616772,-0.3585678591881868,-1.9061601158999966,-0.45863563256352313,-0.8625065868333798,0.053470062958427204,0.35519965451307667,0.08817401059110283,-0.25001755570623124,-0.7635123842209015,0.46826800587193385,0.2979173028183771,-1.2173220917842755,0.05050127650834525,-1.561397039077744,-0.3114862324200334,0.2413329078521462,-0.0388991364516141,-0.1838177766817602,-0.8425696398777744,-0.40762589618669787,0.37583570381468856,0.10940161793548839,-0.5360969034010933,-0.7150733463391185,0.13428577035228056,0.22711502285072824,0.191231973627451,0.03650217809186456,-0.9964167048656631,-0.32163264759252436,0.44302227147162726,0.5821312476529876,0.2774688529903312,0.9499615868662563,0.24033292865838563,-0.23413694877339883,-2.945964071715361,0.22610043057016085,-0.07728577606073087,0.38478288173563513,-0.3982442235724846,-0.048173852584132905,-0.6260911407968549,0.43613906039818306,0.3125410297982368,0.21959023762752689,0.2043422569210204,0.375146483417836,1,19,train
-0.34935182025214,-0.48330729134995676,0.37525453878401294,0.09392387901097285,0.2805247701003296,0.03750300187724997,0.6304485859651936,0.0785691297805725,-0.06328733726645132,-0.004685247905032963,-0.20956971843002065,-0.7147396298685256,-0.8511793428690279,-0.5049492452905553,-0.6951637919744469,-0.3639065738569171,-0.20466874391525272,-0.4588494698040533,-0.4634245342670317,-0.6213209758413262,-0.5186163742463836,-0.7964526055842602,-0.7504707043765089,-0.5017125546932832,-0.6742803571503267,-0.4769047520003478,-0.45220497943253146,-0.8596387552706877,-0.5928808646187171,-0.6829082709592369,-0.4857660396671175,-0.5787368304872864,-0.6571429076719368,-0.5245147416286297,-0.5144910639996882,-0.5506041971381271,-0.571779888316888,-0.13723980735480246,-0.5408108668174937,-0.8703510174995857,-0.20954492479224607,0.29869094934340107,-0.7210707761120096,-0.43910695308480097,-0.2346138143917199,-0.5571453616210073,-0.06158360591115744,-0.6104392790952377,-0.6421045472471218,-0.3471063317208853,-0.16748626387518104,-0.6409303293723669,-0.8077072372224563,-1.0005545359885488,-0.08797086522605663,1,19,train
-0.050579014370675295,-0.6553551164447731,0.7585485795671859,0.45081868644876627,0.919439139925643,-0.010201807779384077,1.9852239156859914,0.3283616949055778,-1.0714093799335822,0.23759912161943977,-1.067113531770838,-0.3669997393285144,0.141681247896775,-0.28431885542153273,-0.6193421803023882,1.0334727505835997,-0.3729029313620494,-0.05925875505651631,0.5886919937870967,0.3716095394958153,-0.6456778838266755,-0.848752900729422,-0.33667184629435476,-0.3521882195690517,-1.3340176335328233,0.2390609528352859,-1.4611000213119234,0.23916817515480182,0.1879463692737877,-1.1443154261419743,0.22480351557574957,0.12722614064099771,0.13206449611702156,0.15219124370439205,-0.3428702181023193,0.46663649728989703,-0.32618077924205824,-0.2775229472908624,0.4807545289855136,0.09775968134797049,0.5651810295452834,0.1236168872883547,-1.243984935519976,-2.0509377410792937,-0.46628726328683706,-0.4452610022934817,-0.4966496761491705,-0.9352810924880942,-0.38266189723188115,-0.3714621483862477,-0.07324939890423392,-0.5164727847018677,-0.17396597808964978,0.08754103720019484,-0.3647766368293028,1,19,train
0.43291224825908087,-0.5621625445184142,1.3814013958398421,1.1456482646792203,1.0044657670887074,1.4241228025634127,0.23003983550717222,1.3211596960911858,0.4140188527861393,1.2000804357194057,0.11539425294123642,0.9944132961843397,0.6968291050991594,0.17699923248642363,-0.14973735962383103,-0.24725146151463598,-0.5598298063029344,0.8649342946947702,-0.3894662295738843,0.5902364419553694,-0.17905544347146585,-0.44936882871182343,0.9069141398996322,0.04891674290706159,0.046222194688452435,-0.10202142157138941,-0.08149470823033626,0.7202378760376031,0.4305110425244179,-0.05671284606837917,-0.015827608709683492,0.8826065197482618,1.217944756074822,1.0136900173398928,0.11177447892404391,-0.24518568355683176,-0.014633761248987255,-0.6218542907702823,0.5938285613453884,0.7209447120432536,-0.1501492682930355,-0.15588731704514044,-0.17177103985318268,-0.1551270451149329,-0.5900219462194565,-0.042477308714389574,-0.4034212325267391,0.15189110556057883,0.6958476313438713,-0.11904732112703711,-0.6335767041368925,-0.06294105412293015,1.0935165401759632,0.7176528804309644,-0.48720995888458474,1,19,train
-0.26009189484356965,-0.4575001175857343,-0.7517606095415098,-0.608712773132183,-0.6717734541259932,-0.5911403787090609,-0.44321381570542995,-0.5892436463699519,-0.2355884507159291,-0.631695896509575,0.2628316103226401,-0.38290940752315544,-0.6776956374932827,-0.324433471761355,-0.5312912764251587,-0.37631669219120234,0.22526306844878313,-0.34276725099471295,-0.4777390448528021,-0.5188396153134102,-0.2732562178154753,-0.5230646991436422,-0.6256742233676053,-0.45899131608635996,-0.49198453078147897,-0.3877931406688741,-0.48739899252134744,-0.6027038013901006,-0.4496522004135831,-0.7278505263341789,-0.2762754138186228,-0.510493743278219,-0.5160072770673422,-0.436022420469696,-0.37599003046847823,-0.3116881018366299,-0.36483989826309626,0.2995508783552024,-0.3673007137135478,-0.4993385341089055,0.14424659435522572,0.23726145388549008,-0.6131297799039432,-0.26676052617895,0.3945902115847915,-0.4129388540433076,0.3734824643268556,-0.6051998950082561,-0.369796972437737,-0.406888790808593,0.18653871533999875,-0.6198358302756721,-0.5212214625459821,-0.5548656712643458,0.3272377921788126,1,19,train
-0.08405148639888918,-0.47613863197100603,0.6943032715950064,0.8355959007176372,1.2061003400754033,0.16471582762827408,0.9717999985975481,0.7578519726970411,-0.15746434337548265,0.5917070463090538,-0.39612310940240897,-0.5215508017907415,-0.01578857698274749,-0.41898935313379326,-0.8345777231133935,0.48246349654133547,-0.4352118896756777,-0.3695554553353299,0.008954315063393316,0.06416545791206739,-0.34993126670013414,-0.7037384460087464,-0.5643706888369158,-0.5420603911553775,-0.5853026323750559,0.42035698968207724,-0.6633690579654274,-0.0505669856041581,0.171775391057079,-0.7638043306341324,0.27576069483619425,-0.023379293199702902,0.0917400302299945,0.04547991524803094,-0.6078287170315906,0.3213163980858936,-0.5262985718215492,-0.36360578316071734,0.11618825223902055,0.16442598695723334,-0.041687634685781357,0.0007578963725326588,-0.8002275066645916,-0.4332315067130106,-0.27673625964537757,-0.6864339546217035,-0.4655735282750267,-0.5528060541384405,-0.5220319158351097,-0.3692479832348511,-0.24644147506705566,-0.5860846317209605,-0.5906725594372486,0.05065644149888149,-0.5457650259545022,1,19,train
0.039920632224125216,0.8758705268990923,0.6213467354232093,1.1032670062959822,0.7469565533948549,0.6661463824635607,0.1686202041684787,1.1554809539164372,0.8506576992916483,0.9884144205853882,0.3591172314696792,-0.18972057944537143,0.2884751524454824,-0.39033605574820596,-0.4946033998096464,-0.2571795561820642,1.0072404952848193,0.05235876302938787,-0.5850978742460805,-0.12485571817275543,-0.43098774694963066,-0.551592132859185,-0.09364712011912141,-0.4803519353898216,-0.07530835622411272,-0.18191459035133137,0.10151415983150693,0.4250360141322478,0.20873762698098458,0.26687139263120285,-0.10358719521378261,0.0966344118921054,0.10614162518964702,0.04287719991982701,-0.48137125163352934,-0.2550378936723574,-0.3557436349640285,0.914883742165647,0.22536318003476177,0.23978789764596525,0.8492472128023775,0.07140181614913033,0.19762703605886686,-0.17079490210637388,0.5393861171442398,-0.4179114922356421,0.8311493693824278,0.25929847934370076,-0.11249847655485372,-0.3692479832348511,0.4565145987702797,-0.14942850041937872,-0.10740867690218608,0.09368846981708039,0.8515718018503462,1,19,train
-0.22413998044289546,-0.6940658770911068,-0.24215375986388216,-1.1797444650326523,-0.26728964205027184,-0.9356751151180845,0.8643156437548344,-1.2315673852628226,-1.0500055149088023,-1.2879936667049876,-0.284792859951145,-0.4351840315912617,0.33918577401685407,-0.10093775215377368,-0.37720219464000715,-0.44084930752948553,0.6583103287285005,0.35372606186132916,-0.632812909531982,-0.24327862367168054,-1.1101096084994662,-0.6134015725761942,0.24790114369472008,-0.133835222244777,-0.42470869009773754,-1.3434383518443336,-0.49678406267836506,0.46876962330341154,-0.44734206066833904,0.44364426377264116,-1.1368855524394659,-0.4022460877052154,-0.29710303368062374,-0.2668459241364406,-0.09597707137277109,-1.294446060860314,-0.21475155382847813,0.7650358426884921,0.3286894509843026,-0.40368687823474575,0.5832579684798258,0.3601204448013121,0.11847030550628483,-1.0423194472552795,0.13922288723449192,-0.36321247211996294,0.10792265522053596,0.5107889155188154,-0.4169683633495989,-0.19875726657731413,0.6348005595261257,0.24503863268881354,0.419262141189918,-0.5671605364981169,0.6812297885560409,1,19,train
2.3730759047092564,-0.5937046457857972,1.069974987703514,1.7546000298699553,1.360362935071249,1.6138819343086905,0.8347869748420009,1.535267609055476,2.000045251122326,1.4836330220310139,-0.3118731908987497,0.9830492474738819,1.4414745481735114,2.7787186350977553,1.4620833530176751,0.6835074135567561,-0.7529875770751825,1.3337278706555677,0.49803342674388384,0.966001430557728,0.7038029765433204,0.9080615589194193,1.7498377396966127,3.188927780515925,1.352675616998528,0.9058616307294168,1.9292565729106845,1.4418424273618053,1.4539029496675528,2.3282228391618736,0.9098944811883943,1.1885238072371849,1.0912107204298798,1.0995796231706225,2.9450238822472743,0.9666361606528242,2.4413573294993096,-0.7972082156903572,1.0090831974256185,1.3383326726855573,-1.0539962150201532,-1.2401179118772698,2.6059105959010602,0.9063702660551949,-0.5794913349060421,2.1902372396437877,-0.5927032241237967,2.0092527643955407,1.3390938710510794,3.3328361499002375,-0.794034068817154,1.930489110514726,1.6172935625642646,1.4369024966065747,-0.9343577437821362,1,19,train
-0.8935894210071732,-0.48474102322574686,-0.9270740770588133,-0.4826842942557121,-0.7361507575494562,-0.5762988823714414,-0.5849514264870305,-0.45670065263015314,0.44505445707207014,-0.49990384935065857,0.25982268466179514,-0.2124486768662872,-0.45350131054616594,-0.06082313581395139,-0.03233615445419174,-0.2596615798489212,0.12868418306265914,-0.184270375312729,-0.23677811665899948,-0.33665052993044847,-0.2206790414374235,-0.14507620241270072,-0.3651342016121749,-0.06025975575507576,-0.9368731546578336,-0.3877931406688741,-0.8182227155562178,-0.2938351866187565,-0.47737387735651227,-0.8417042399506984,-0.3753588179361541,-0.3222369509773432,-0.42671738831749645,-0.4099952671876568,-0.19232561643796064,-0.29937283919222285,0.005832831173915221,0.36969244832323234,-0.14310220127586487,-0.5196282792943333,-0.20438008509666253,0.4338358393508054,-0.6922865104565252,-0.5252801665377265,0.3682636833012555,-0.00020988407954657562,0.3452314208049067,-0.5868620507038207,-0.2561568034227969,-0.812081013514168,0.2400245035667525,-0.9025021181713822,-0.3707440859482381,-0.6101925648163159,0.03446245682922532,1,19,train
-1.5357649954743877,0.8400272300043389,-1.3735245222892136,-0.9388404700121419,-1.6447210020919172,-1.1996417285514593,-1.8346046948781412,-1.2149995110453478,-1.0114785578641987,-1.3039684603000077,-1.1543723759353421,0.8012244681065558,0.49932457897908034,1.028002164838368,1.1465676141242693,1.542287602289294,-0.7779111604006338,0.6550933606932704,1.3712185724758814,0.966001430557728,1.2251933089590006,1.5380423868043218,0.43837998312936244,0.7300831584730054,0.6104711810682193,1.366783758306005,0.7655078734405021,0.5644368933653323,0.5321571913151582,0.5545018270308313,1.2835804624316551,0.5413910837029244,0.9644766847849376,0.8653352436322688,1.1234342021085344,0.8213160614488207,1.1110288220106488,-0.7589491775259772,0.6308700547046577,0.9557260491889185,-0.6563035584602214,-0.9728996066353569,0.17603883681725357,0.9651247297730986,-0.879613757338353,1.3473750660430948,-0.9260655376827938,0.5160282996057971,0.837361804079457,0.8419003545790803,-0.9366628374218307,0.48762537230080344,0.8706942709831501,0.8651912632362178,-0.5377802440813316,1,19,train
-0.331995723644918,-0.5148493926173398,1.2387550340711044,1.2984438541135257,1.377368260503862,1.5545159489582125,0.8336058280854876,1.4269392007104482,1.1235569783575912,1.3385286468762472,-0.22160542107340056,0.9807764377317902,0.9824099739484629,-0.7886168894078701,-0.971545795811306,0.5469961118796187,-0.7280639937497311,1.12165458629235,0.4216893702864414,0.9090673413755525,0.570169319915772,-0.777434316440565,1.1565071019174393,-0.7770272034934557,0.7710651233455376,0.8935703739940412,1.0447137106117756,1.020906439089354,1.0357676557783713,1.057855087230181,0.9268802076085425,0.9908541753212653,1.177620290187795,1.0683470392321752,-0.8878416761272978,0.7351092229379712,-0.9424526177538994,-0.6696780884757573,0.790733341834136,1.277463437129274,-0.6717980775469721,0.23726145388549008,0.8788546565719972,0.4010818780812226,-0.52683827833897,-0.9972238416426079,-0.6746312503374485,0.9613759469992293,1.206156314844923,-0.7213002423069079,-0.7201727422183035,0.8441224070349451,1.3655333363334237,1.249405801791565,-0.6256128446862078,1,19,train
0.09446836441825154,-0.3714762050383261,0.02789431432426242,-0.10459885762629972,-0.20048300642214972,-0.014442235304418214,0.18988084578571876,0.02376769967661726,0.174295564508605,0.017945709687912294,0.052206814063492,-0.969294320982782,-1.094056530395071,-0.47343061816640924,-0.8296860062313252,-0.8578292835614693,0.01652805809812805,-0.7624491189977126,-0.9596609012404074,-0.9970859644436848,-0.6719664720157014,-0.5706104220028801,-0.9847377827616437,-0.4969657504036251,-0.6677697919228679,-0.741166771810925,-0.8182227155562178,-1.1903741746276135,-0.8377556776145915,-0.883650344967311,-0.7348900271626246,-0.91053942691758,-1.0200631006551806,-0.9045111795464034,-0.5716980126321446,-0.7107026115154191,-0.39667681980983344,0.08274966209038247,-0.8020508726144459,-0.9660026733737455,0.017708021813429238,-0.0330283261293184,-0.9657370341836269,-0.30005472228576213,-0.09508321448897887,-0.5273095324670004,0.1531243248556542,-0.7283254210523228,-0.8801056559387889,-0.35153466202367845,-0.052873860532137246,-0.7442933749461713,-1.2302014099776608,-1.108134606784046,0.055755208491013494,1,19,train
-1.0845064836866154,-0.7872584490174656,-1.8177971604697096,-1.891303487361753,-2.0589221429862743,-1.7371159173495363,-1.5381368589932936,-1.9363392654369447,-1.557277115996085,-2.052121293666786,1.0963040183766977,1.776259847463842,1.4761712892486605,1.1712686517663047,0.9606823726056739,1.6316404542961476,1.2564763285393328,1.4654365419969348,1.4881204089263402,1.583166957292511,1.5275120731327982,0.6988603783387725,1.6753977334807755,1.1145743059353153,1.6695231247348585,2.039730064567824,1.8377521388797629,1.5320429962773305,1.7496008370587974,1.7649465717959343,1.9035594767670652,1.849775790194011,2.0993223676055566,1.8855996522882092,1.219782747173724,1.7301824446060627,1.0177921231952043,1.233709060202147,0.9272020015788126,1.87456165258615,0.9163901288449634,0.866913782329078,1.6296442524192147,1.2726064232301282,1.1712227959491048,1.0266399026375215,1.2718656483248305,1.5743838851760716,1.7636363892578368,0.9481802818461164,1.1569237303111028,1.4853951795744662,1.8343282403494723,1.9317708222658618,1.1683014828194451,1,19,train
0.028763141548053924,0.703822701804276,0.14658479854405176,0.599153090790099,0.4906620058033319,0.4127808378427711,0.25602506415046566,0.6431513050375998,0.3744217024902966,0.47988349114391254,0.17858169181898084,-0.5647341868904815,-0.42681150971912823,-0.5192758939833491,-0.47748239072240733,-0.3837627631917735,0.5149997246071552,-0.32490844810096825,-0.4610387825027366,-0.5370585238517064,-0.5032813644694518,-0.6110242864332324,-0.516203625991374,-0.45899131608635996,-0.42470869009773754,-0.28024464423433687,-0.2738886464491971,-0.3731023532414908,-0.39882912601821296,-0.29340872437640675,-0.3583730915160059,-0.595209299813613,-0.4872040871480371,-0.34232466865435457,-0.4843821436668165,-0.35848609988537683,-0.5240245059967822,0.4621517905538173,-0.0943633942241947,-0.40078834320825607,0.17523563252872693,0.19733228183784793,-0.39484909868318663,-0.1649194557345835,-0.029266893780138768,-0.4328294068126455,0.3932581947922198,-0.21486578052813016,-0.2668775740845837,-0.43567293777674865,0.08211408118300324,-0.3899057901216991,-0.5038586883231655,-0.4626541820110625,0.5108877752617356,0,19,train
1.1668271905073262,-0.4144881613120302,0.2511195369394626,0.4630869454544404,0.5513953109198065,-0.0727481137736376,0.3812266203408794,0.33218505049422586,-0.04188347224167147,0.22428679362358964,-0.12231087426551644,-0.7783783026470896,-0.32005230641097737,0.07098203215975042,-0.2720302816755386,-0.35397847918948894,-0.2576313584818368,-0.6061845936774468,-0.441952768388376,-0.4596281625639476,-0.42003416853753656,-0.16409449155639588,-0.8008271791695752,0.11537200296227562,-0.6395573426038795,-0.1450408201452043,-0.520246738070909,-0.31296864063114066,-0.35724661060381924,-0.6559429177342718,-0.2055015537346719,-0.35988830943751837,-0.5275285530350642,-0.363146391279986,0.11177447892404391,-0.15651579251710082,-0.5467651642444517,-0.016086186500932496,-0.13335443986553083,-0.39499127315527666,-0.08042393240265783,-0.33096137910018686,-0.6802930664334067,-0.38622793573868763,-0.02400158812343156,0.08929760338247389,-0.18871330175992748,-0.5528060541384405,-0.6571136261736233,-0.2430405696052458,0.000611927694616534,-0.6535870288303838,-0.7411499360349927,-0.5364233734136892,-0.3514686670406852,0,19,train
1.5449421523075202,0.8170875199916967,0.20211887831661376,-0.7927366582172952,-0.10209505213346078,-0.33565462032575405,0.3847700606104194,-0.5038553715568123,-0.7450004383056895,-0.5132161773465087,0.40124219072150885,-0.46700336798054376,-0.1705894217795662,-0.6654077106498445,-0.2573551310293337,-0.5351662068700532,-0.3292866605425095,-0.11060281337603223,-0.4992108107314578,-0.3024900764211431,-0.44851347240898126,-0.04998475669422486,-0.24471654449832053,-1.2161066002868344,-0.661259226695409,-0.4185212825073133,-0.42404976896147867,-0.14896760623927657,-0.6252228210521346,-0.3593240322596549,-0.27061350501190673,-0.6540395474076367,-0.5649726999301607,-0.41780341317226855,-0.9510704088263284,-0.6072544053023997,-0.8946972354337936,-0.17231059233881743,0.131784670495555,-0.5109326742148642,-0.49877594774492373,1.2170619064391708,-0.24133301518726993,-0.6486645403453243,0.22873308339851445,-0.3408356002544578,0.00621889854151992,-0.1834294760062408,-0.4169683633495989,-1.248271548339295,-0.22606593669495897,-0.27599549499954734,-0.347593720317816,-0.5917502669656592,-0.4552708313919025,0,19,train
0.7911916710795924,-0.39298218317517813,-0.32055481366044025,-0.17597781911385837,-0.48107087606026266,0.6894687338512485,-0.24596230736770267,0.04415892948274014,0.41722943253985634,0.07785118566923797,0.19061739446236076,-0.9738399404669652,-0.6963784980722091,-0.10953374136944989,-0.7758771205285738,-0.6344471535443351,-0.12366709810753583,-0.3048172948455055,-0.6423559165891624,-0.7033060642636589,-0.5952914231310424,-0.7869434610124126,-0.6650836384230485,-0.5681678147484973,-0.6482380962404913,-0.6582007888471392,-0.7478346893785859,-0.7147711748912077,-0.6598749172307959,-0.7128697745425315,-0.519737492507414,-0.7128697950016605,-0.8472439611393502,-0.6832803766490694,-0.2766305933700015,-0.5111953566760246,-0.010085629599453371,-0.012897933320567498,-0.2425293676612721,-0.7312213362280806,-0.05976457362032371,-0.16510174136382708,-0.7762406186183547,-0.43714847096087084,0.0760392193540054,-0.7088108264872086,0.17007495096882355,-0.4663562167032449,-0.7664654869238487,-0.05705069688793277,-0.1725801484682052,-0.40467193948938546,-0.6340794949942902,-0.9483013587450215,0.01050811120971364,0,19,train
0.48374081689451676,2.4013612427397972,0.5919463402495,1.3731687044208136,1.0615550738981936,1.1092710588296282,-0.345178634914823,1.3912545485497332,1.4660188187540688,1.3065790596862068,-0.5104622845145179,0.19892988645228807,1.097176117504725,0.2543631354275095,-0.06657817262866986,-0.793296668223186,2.960626338417069,0.7332256233534034,-0.5850978742460805,0.2850697239389085,-0.7223529327113343,-0.5206874130006803,0.8040117783659748,0.2031878823209513,0.36306970242478304,-0.8579337107969941,1.040021175533267,1.1111070080048793,0.8301652184516467,1.471323836679647,-0.7547067079861309,0.2684187348666546,0.23863629881845028,0.3291758860222593,0.22016659212238215,-0.9175990239414579,0.03084755524635158,2.939424511697421,0.8297243874754722,0.9992040745862638,2.8764467933189133,0.8515564084646003,1.2362592884609283,-0.6329966833538833,1.3054880901951387,0.11664711344031348,2.342580197806694,1.2600208399571782,0.700135939608586,0.1555091576461393,2.14259039906128,0.7428688113708102,0.9256763893554026,0.9973610644992572,2.879706397635669,0,19,train
-0.31959851178261656,-0.5879697182826367,-0.6232699935971506,-1.251123426520211,-0.6778467846376406,-0.9091724430866212,-0.1514705668466357,-1.2812710079152472,-1.1473931007715508,-1.2826687355066475,0.19061739446236076,-0.29654263732367553,0.14701920806218255,-0.04076582764404024,-0.2867054323217435,-0.3614245501900601,0.6365021933187305,0.20415858762621755,-0.4514957754455563,-0.15673880811477373,-0.30173552168692,-0.36854109985111894,0.21068114058680146,0.02518272145877086,-0.03624496485935964,-0.3877931406688741,-0.025184287288230665,0.23096812343520862,-0.21632808614392932,0.6294055859890678,-0.21399441694474602,-0.10574163983133605,-0.09836102323741885,-0.141915588382652,-0.08995528730619673,-0.27474231390340875,-0.16017397403407152,0.6438822218346222,0.2526569119836971,-0.19209382130099842,0.4618842356336128,0.3754778186657899,0.4470906717397315,-0.20996454458497638,0.32877389087595144,-0.2612733891771063,0.4017335078488045,0.5553236802581587,-0.0974893976283522,-0.03933737567676009,0.5405636945551785,0.19863073467608502,0.25142199036935736,-0.19831457948498357,0.6067051577397823,0,19,train
0.13166000000515587,-0.46323504508889485,-0.35539972645891055,-0.24512618805493086,-0.5053641981068525,0.02054129177711342,-0.3428163414017963,-0.11897090896624292,0.2652619908639194,-0.07657181908262378,0.17557276615813588,-0.8852003605253937,-1.059359789319922,-0.2871841851600915,-0.7122848010616859,-0.6394112008780491,-0.0893971710350402,-0.6463669001883723,-0.7521004977467358,-0.8399478783008802,-0.6544407465563508,-0.62053343100508,-1.017578961974513,-0.492218946113967,-0.7437263862432211,-0.6090357619056365,-0.7759898998496386,-1.0099730367965631,-0.8123441404169064,-0.8986310967589582,-0.5310613101208461,-0.863475228842361,-0.7781163053330181,-0.7405401138695558,-0.4693276835003806,-0.5407519870226015,-0.5262985718215492,-0.022462692861662494,-0.6129443012539656,-0.8239744570757507,-0.07267667285928253,0.09597361433229473,-1.0017173662529824,-0.4488993637044516,0.24716165319698968,-0.48006946963982294,0.08249671605078195,-0.7859586460091199,-0.8415108815563563,-0.4467437635337316,-0.08089022579377017,-0.8075768722362556,-1.036317097822875,-1.151166635102245,-0.06667811356426846,0,19,train
0.984588176131495,-0.45319892195836387,0.5353233569519857,0.4095527243387714,0.45300735663111763,0.2622456607040592,0.40721184898417284,0.38316312500953303,1.3996668371772514,0.3267917191916358,-0.029034178779322267,-0.3215435444866829,-0.10386491971197194,0.05952071320551548,0.0019058637202863864,-0.15293456217406823,-0.04266545229981892,-0.032470550715899306,-0.20099184019457333,-0.1954539887586531,-0.06513822798568698,-0.19499921141490054,-0.3279141985042563,0.08926457936915583,0.12000860059965271,0.05776491598849451,0.14609324307734053,-0.06150038789694904,-0.17936585022002374,0.06612931862312882,0.08042484100448974,-0.29635164203597275,-0.18477059299533402,-0.18095631830571093,0.04854574622501326,-0.05799369136184425,-0.29889198934485495,-0.19462836460137242,0.17272526841895797,-0.11383337558577682,-0.5400946653095919,-0.3248184295543957,-0.030248400380384476,0.19544125506855947,-0.19775667479476944,-0.03501835142588787,-0.18306309305553772,0.05496249995142004,-0.3204814273935177,0.6426254909533878,-0.16493932157866895,-0.4320947883150887,-0.2492046663885218,-0.2782312035044958,-0.268959254351256,0,19,train
2.3172884513289,-0.6840297539605757,2.004254212112498,1.6129574031680811,1.791569401398219,1.4824286810326321,1.8907321751649244,1.7111419661332858,1.3547187206252136,1.7858228675368122,-1.1032206397009776,1.1512371683886584,1.2332941017226173,3.2830166690840925,3.1472798188902056,2.3290891046829776,-1.2047275248489884,0.1438851278598293,2.454349873465846,1.9748734908658787,1.4267391517415324,2.798004042574127,0.5390929327154952,2.76646219873635,1.7194374581453764,2.589763803475886,1.680552213749718,0.9252391690274333,1.8697281038114903,1.348481671988139,2.5433551719259815,2.0992160399926716,2.2202957652666377,2.1953227763444767,3.219015057276407,2.313925893950958,1.9888182303706883,-1.218057635498537,0.6055258750377893,1.6658671306788924,-0.9042158638482309,-1.3936916505220474,1.3633897951059843,1.61338231279397,-1.198164749569139,2.8366802046472688,-1.050370129179369,1.3857660580447355,0.8437942664765291,2.0619053529985982,-0.9341158951253186,0.5614561191392351,-0.02059480578810299,2.0577931909120157,-1.0035591866829479,0,19,train
0.3448920440367406,0.5590157823494722,0.04531677072349755,-0.08898470980089626,-0.02192708937971422,-0.015502342185676747,-0.09595666929050885,-0.032308182290220665,0.0469425676111649,-0.06325949108677363,0.28991194127024483,-0.8215616877468296,-0.9846283470042164,-0.48775726685920295,-0.6780427828872078,-0.7461382185529022,-0.017741868974367563,-0.7758432211680212,-0.854687823611424,-0.8581667868391765,-0.5076627958342895,-0.779811602583527,-0.8818354212279864,-0.5586742061691811,-0.6352169657855736,-0.8149143122231792,-0.7243720139860418,-1.0701067494069132,-0.8539266558313001,-0.8686695931756636,-0.6641161670786738,-0.9528972051852771,-1.0373450146067635,-0.8134161430592658,-0.5897633648318675,-0.6121805103601625,-0.5535873617187524,0.2166562956657124,-0.6363389286387673,-1.0558572591949258,0.028037701204596296,0.25261882774996786,-0.8625934155848078,-0.41168820334977924,0.08130452501071261,-0.5596316807171745,0.22092682930833155,-0.6340165074866547,-0.7128616336149147,-0.4821704059560769,-0.01721666838096806,-0.7189799760301376,-1.0015915493772418,-1.2126409612711004,0.04244723870239589,0,19,train
-0.7324256667972545,0.8242561793706474,0.5385900675268424,1.1166505615748996,0.42992870068685723,0.6089006108755999,-0.34163519464528297,1.0739160346919459,0.8378153802767804,0.9378275742011577,-0.0922216176570667,-0.25335925222393557,0.43260007691148605,-1.0694192037866261,-0.8786031750520082,-0.6220370352100498,0.8701607869948369,0.0880763688168772,-0.6852994483464737,-0.29110325858470804,-0.5405235310705718,-0.3495228107074238,0.05085406841750383,-1.180505568114398,-0.0015219503129124483,-0.8333511973262427,0.05224254150716453,0.5507701404993436,0.0077554691447481155,0.43465581269765274,-0.7037495287256863,-0.011613243680898166,-0.06091687634232228,0.03246633860701129,-1.2190397997888869,-0.7673528196796916,-0.7855420758449805,0.831989159476157,0.3774282580359728,-0.035572929870555214,0.4877084341115305,-0.4353915213786355,0.355940497164031,-0.5899100766274206,0.4024881700698523,-0.6367075726983588,0.6531677951941497,0.3326498565614426,-0.2218503373050791,-0.9471450877493596,0.4412329449912072,-0.0777072034906165,-0.014807214380497452,-0.04462876406284464,0.8089862985267698,0,19,train
0.14529693305368746,-0.36574127753516555,-0.1550414778677065,-0.5038749234473311,-0.03042975209602067,-0.015502342185676747,0.3387053371063993,-0.09985413102300271,-0.6251387941669224,-0.1045277078739091,-0.0922216176570667,-0.7215580590948003,-0.8111446416284712,-0.2699922067287391,-0.5288454179841245,-0.5947347748746223,0.14426142264106623,-0.4432230172720267,-0.7210857248108998,-0.6782550650235017,-0.5558585408475036,-0.42084139499628065,-0.6410001070002777,-0.42813708820358204,-0.5050056612363967,-0.47997756618419174,-0.5577870186989794,-0.7667048357819647,-0.7915528827097095,-0.7278505263341789,-0.3895135899529443,-0.7975853515370546,-0.8155604522281147,-0.7275265372285362,-0.3248048659025963,-0.4939539889738546,-0.45580253125377396,0.07637315572965246,-0.476475641509289,-0.8181773870227713,0.09776303709497394,-0.13438699363487158,-0.5315743605467375,-0.5644498090163289,0.06287595521223738,-0.41542517313947486,-0.02768235368481876,-0.6628331199650532,-0.6120863893941187,-0.4533862589879213,0.0566446582178824,-0.6936665771141038,-0.8540079684833006,-0.9360064935112504,0.09834071181458982,0,19,train
2.324726778446281,-0.633849138307921,2.01514324736202,1.8739367311069675,2.079445267650309,1.7750181802599876,2.3395679426399925,1.6486938248520344,2.024659695900823,1.755204513146357,-1.2566758484040712,2.1012716405829375,1.7430692975190376,3.1769994687574195,3.215763855239162,3.4038053524320784,-0.9305681082690235,1.55249820610394,3.2559624662689917,2.4508424764288663,2.6623027966257493,3.544471891464162,2.080438943772831,3.307597887757378,2.9955082427273108,3.1643800558546995,3.165739566097753,1.3871754158978506,2.4911556952821527,2.5739071685448893,3.1859818214882556,2.649867157472733,2.1540484284522363,2.22395264495472,3.0895466998450587,3.5208216331028512,2.7256155575951775,-1.116033533726857,0.7731873712955347,1.8861557926921086,-1.201194146344284,-1.3169047811996586,2.8697663644096667,3.2350055114081133,-1.137613734517006,3.3762114485155585,-1.1181726336320463,2.5200927128762425,2.162449057876306,3.315122828689065,-1.002883337131145,2.2785483456101896,1.6549129067137007,2.3344276586718657,-1.1446236664422944,0,19,train
-0.27744799145079163,-0.6840297539605757,1.3781346852649854,1.6408398099991588,1.475756214792551,1.8460453413043094,0.17688823146407204,1.8130981151639003,1.5345111868333643,1.763191909943867,-0.1373555025697413,1.3876093815661823,1.6176272336319604,-1.0436312361395976,-0.9421954945188962,-0.2993739585186339,-1.1984966290176255,1.6663480745515622,-0.39423773310247445,1.1800736058827082,-0.2995448060045012,-0.458877973283671,1.8571189251253193,-0.917057930038371,1.3787178779083633,-0.3877931406688741,1.6664746085141917,1.5402430479969238,1.479314486865238,2.1274807651537992,-0.21399441694474602,1.4591429461696939,1.6240697339370234,1.5498493749499023,-1.1979635555558767,-0.22794431585466185,-1.1221038179104879,-1.119221786907222,0.9505966289636143,1.6368817804139955,-0.914545543239398,0.22497555479390788,1.73038918221341,-0.11204043838847014,-0.75324642157738,-0.8505310149687411,-0.7848103200730493,1.9018453906124189,1.6264105247869658,-0.8585784816934962,-1.1302304519567492,1.7026685202704224,2.0889822622841163,1.8518541982463497,-1.0221903443870124,0,19,train
1.5449421523075202,-0.48474102322574686,0.5135452864529418,-0.6577858091548795,0.1396235022301084,-0.3208131239881346,0.4190233165493062,-0.43758387468691295,-0.7503514045618845,-0.4759416589581283,0.001055077829127462,-0.6442825278636867,-0.17325840186226998,-0.7227143054210192,0.173115954592677,-0.2819997928506346,0.29380292259377433,-0.05702640469479822,-0.3250509319379173,-0.26377489577726376,-0.5032813644694518,-0.047607470551262965,-0.30383066708148543,-1.1093035037695258,-0.7545773282889858,-0.40930283995578154,-0.602366101944813,-0.06423373847014678,-0.6067417030901817,-0.2904125740180773,-0.4319779060033148,-0.863475228842361,-0.6456216317042148,-0.43341970514149214,-1.0112882494920719,-0.6072544053023997,-0.8583121822375226,0.2102797893049824,0.11618825223902055,-0.4616575787645395,0.21138951039781162,-0.7302530995766084,-0.18856186148554857,-0.4488993637044516,-0.3504505388392785,-0.19414277358059093,-0.05875850155896255,-0.19128855213671314,-0.4534189835996741,-1.3700506316661072,0.12031821563068451,-0.2907616443672337,-0.14502802105162207,-0.5640868201896742,0.25005156740483053,0,19,train
0.46018611435614404,-0.5320541751268214,1.275777753919479,0.8645936038219579,1.1623723603915417,1.0541455010041842,0.7225780329732339,1.0484269974342921,0.06299546637974979,0.9151966166082124,-0.39612310940240897,0.5171232503451088,0.4459449773250049,0.03946340503560434,-0.08369918171590893,0.2764555321922007,-0.3635565876150051,0.4787376821175418,0.09722713034231112,0.5333023527731938,0.2021290852694096,-0.36616381370815704,0.38802350833629606,-0.008044908568836157,-0.3943260523695963,0.2574978379383494,-0.37712441817639064,0.5179699336209708,0.4397516015053943,-0.47018159551784505,0.27576069483619425,0.41431774889983325,0.6908463805515396,0.5478039735913893,-0.02070477054059174,0.13166135336202467,-0.1260629866625674,-0.37635879588217735,0.37157960118977235,0.5644238206128104,-0.01844585605565547,-0.005385053173258443,-0.45961369640802646,-0.28634534741825124,-0.5057770557121412,-0.01761411775271722,-0.5531517631930682,-0.24106270096303792,0.5564776127406428,-0.4157454514141794,-0.4451029741949983,-0.491159385785834,0.6160402490485063,0.4348709800542288,-0.335499103294344,0,19,train
1.7271811666833514,-0.47613863197100603,1.392290431089364,1.5293101826748483,1.4004469164481224,1.690209629759305,1.1560588926136286,1.4460559786536884,1.3450869813640627,1.3505097420725123,-0.4924087305494481,1.3648812841452667,1.131872858579874,1.8876010864059884,1.4253954764021628,0.9937603719138869,-0.5847533896283859,1.1685339438884297,0.9560977654885383,1.2096793322574393,1.1288018189325724,0.9960211462090094,1.5703059599995934,1.928651241611687,1.2051028051761274,1.520424467498201,1.1901822980455485,1.228641082652382,1.2806424687742457,1.4413623330963523,1.3175519152719515,1.4332576372283234,1.4138064475260965,1.333824002708976,2.0026146758283887,1.3557984602160877,1.8296336226370025,-0.5485244676218873,0.8141279692189377,1.3354341376590677,-0.5788309630264684,-0.6473232807084285,1.358592417496737,0.9690416940209589,-0.6058178631895781,1.5388216364479719,-0.5446764501364836,1.2233451513483073,1.4227158822130166,1.4308682848505716,-0.6870624923636464,1.2976541376138826,1.5536300570806036,1.3293224258110774,-0.6309360326016549,0,19,train
0.9288007227511385,2.202072512004968,-0.0733737134962918,-0.9912593948545677,-0.5503068438930437,-0.33141419280071993,0.4024872619581195,-0.795704848156946,-1.0681988001798652,-0.7834564356622669,1.0722326130899378,-0.44654808030171955,0.22175065037788813,-0.8144048570548987,-0.4187817881375877,-0.6344471535443351,-1.2358820040058025,0.1550468796684197,-0.39900923663106463,-0.17040298951849586,-0.37621985488916004,-0.08326676269569142,-0.10459417985674453,-0.9906333965280723,-0.5115162264638555,-0.6704920455825149,-0.004067879434941067,0.2856351348991633,-0.03613718601488973,0.12305617543138861,-0.48010413086040143,-0.4022460877052154,-0.43823866428521846,-0.2980785080748878,-1.0052664654254975,-0.8067616601417943,-0.5467651642444517,-0.9916916596926221,0.3306390032663694,0.06297726103009421,-1.877788146465726,1.6132821521426968,0.2863785218299437,-0.6937096291957171,0.09973309480918785,-0.639193891794526,-0.5955283284759917,0.07592003629934627,-0.11464263068721109,-1.157490777132035,-0.6081072811717717,-0.1705229995160735,0.019918334065135785,-0.13069282069924243,-1.5092620386504167,0,19,train
0.47506276859090574,-0.45176519008257376,0.5255232252274159,-0.06444819178954797,0.3691953955703826,0.42656222729913207,0.5324134051745866,0.19836760489154442,-0.6775782634776331,0.18168734403686915,-0.20054294144748575,-0.4988227043698258,-0.6163090955910959,-0.3874707260096472,-0.3502977517886315,-0.3688706211906312,-0.12989799393889867,-0.3316054991861225,-0.39423773310247445,-0.4459639811602255,-0.352121982382553,-0.45412340099774723,-0.5994012799973097,-0.45187110965187277,-0.9347029662486807,-0.30789997188893214,-0.8393391234095074,-0.5480367899261459,-0.6875965941737251,-1.0244694118087958,-0.24513491538168442,-0.7011037454828557,-0.5592120619462997,-0.48287129637736675,-0.3910444906349141,-0.4939539889738546,-0.35801770078879547,-0.12448679463334245,-0.10411115563452873,-0.5254253493473127,0.14682901420301747,-0.2511030350049025,-0.8601947267801842,-0.5899100766274206,-0.3399199275258641,-0.29359553742728034,-0.1548120495335888,-0.8776478675312971,-0.48772544971739185,-0.66816027867339,-0.12418824483447562,-0.9425816664551022,-0.5154338711383766,-0.6101925648163159,0.04510883266011941,0,19,train
0.6758976007601891,-0.37721113254148664,-0.13326340736866257,-0.4057288514019379,-0.4713535472416267,-0.015502342185676747,0.21822836794203884,-0.4974831122423989,0.4075976932787054,-0.3774304317888372,0.04017111142011211,-0.7806511123891813,-0.7177303387338393,-0.5192758939833491,-0.5533040023944661,-0.5674325145391949,-0.04889634813118175,-0.4901023748681064,-0.7878867742111619,-0.6714229743216407,-0.551477109482666,-0.36378652756519514,-0.7942589433270014,-0.5183263697070868,-0.5766218787384441,-0.6459095321117635,-0.6094049045625762,-0.6737709162932417,-0.6644951967212842,-0.9525618032088886,-0.4885969940704755,-0.8493559694197954,-0.9192519359376129,-0.735334683213148,-0.7403079664962263,-0.5924760901291112,-0.4648987945528417,0.15607948523877743,-0.4316359390217524,-0.7399169413075497,-0.3593252759641684,-0.25724598455069364,-0.9225606357004003,-0.27263597255074035,-0.031899546608492375,-0.6068717435443519,0.2915544381132038,-0.6471149677041086,-0.5799240774087584,-0.1633306241549688,-0.075796341200746,-0.6789004277464176,-0.8250700114452729,-0.7946155433228825,0.07172477223735461,0,19,train
0.6176307050073723,2.348313163335562,0.08778400819663319,-0.705743548904333,-0.13974970130567507,-0.7766590829293044,1.1418851315354686,-0.7880581369796499,-1.139901748012878,-0.8420306788440075,2.4743919710436955,-0.36472692958642283,0.29114413252818616,-0.43331600182658697,-0.15707493494693348,-0.3465324081889178,-1.2296511081744397,0.42292892307458974,-0.2892646554734911,-0.029206448346700508,-1.1955475201138004,0.12355713174199355,0.2676058512224417,-0.37592224101734245,-0.4876441539631731,-1.0822491462176003,-0.34896920770533785,0.340302146363118,-0.09158053990074806,0.2279214379729198,-0.9613663794312676,-0.2186957152118615,-0.20205250694691704,-0.09506671247498126,-0.5325564161994113,-0.8658749208349482,-0.6172612048122268,-1.1957398632359821,0.506098708652382,0.022397770659238567,-2.2470741846999487,1.2109189568933798,0.06330046299993976,-1.2988806054901256,0.3735289889579627,-0.2488417936962701,0.11639796827712064,0.3247907804309702,-0.07175954804006388,-0.9050759498728245,-1.5199126233230982,0.3336355288949316,0.3903241841518903,0.016845562106010927,-1.1100229449918886,0,19,train
-0.4596870058266228,-0.5291867113752411,0.08996181524653758,0.8277888268049355,0.1007541869555646,0.34599410432348343,0.8241566540333809,0.630406786408773,0.4397034908158752,0.5717385543152785,-0.2396589750384704,-0.6124631914744046,-0.0424783778097852,-0.6081011158786698,-0.6535841984768663,-0.43836728386262847,-0.3822492751090936,-0.40973776184625543,-0.6829136965821786,-0.5985473401684559,-0.22286975711984233,-0.8844121928738504,-0.31477772681910854,-0.8648430828521314,-0.4702826466899495,0.1407308989522804,-0.29735132184174107,-0.03143353159177395,-0.47737387735651227,-0.19453576255153446,0.21914160676903352,-0.5316726324120675,-0.4872040871480371,-0.3969816905466371,-0.7372970744629391,0.28190755762379094,-0.5081060452234136,-0.2934642131926874,-0.0690192145573262,-0.3051366873340963,-0.23020428357458017,0.4983368095816119,-0.33728056737221784,0.04267964940200973,0.1286922759210775,-0.5994127862558503,0.0005686898371301402,-0.2201051646151117,-0.44698652120260196,-0.5530236908007676,-0.1598454369856448,-0.5122538848825288,-0.6225043121790791,-0.511833642946147,-0.3807462005756439,0,19,train
-0.6555629532509856,2.157626823855474,0.7748821324414689,0.6772238299171164,0.30238875994226044,0.9619162023346918,0.3162635487326459,0.6750126016096669,0.7810951379611137,0.6436251254928694,0.7833757496488204,0.3284800417515079,0.3338478138514465,-0.659677051172727,-1.0424756906012964,-0.0809558758352139,1.4340568597331738,0.47650533175582377,-0.18906308137309796,0.06416545791206739,0.02906254635832246,-0.7227567351524414,0.3726976247036237,-0.7390527691761906,0.1851142528742412,0.027036774150055298,0.05693507658567333,0.3731023532414908,0.051648124304385964,0.18297918259797788,0.07193197779441562,0.2590058952516108,0.3826522484149755,0.412462776524785,-0.7945040230953954,-0.03090011354414869,-0.9515488810529672,1.5238400996153618,0.5255942314730502,0.11515089150690862,1.4457861976422752,-1.252403810968852,0.11367292789703742,-0.03761811767912539,1.54769215040367,-0.6740023591408673,0.7915979084516993,0.29597416795257164,0.1040610908132397,-0.8032243529085816,1.6510305358344475,0.1290188876569923,0.48292564667357896,0.08446732089175205,1.4637384121267558,0,19,train
-0.23033858637404617,-0.42022308881519077,-0.6537592922958122,-0.4826842942557121,-0.6657001236143457,-0.4395450946890904,-0.6014874810782171,-0.5153254383227565,-0.3115721715538976,-0.6157211029145548,0.27486731296602,-0.6033719525060383,-0.7924617810495449,-0.24993489855882792,-0.3600811855527681,-0.3787987158580594,0.3187265059192257,-0.4923347252298245,-0.5779406189531953,-0.6395398843796224,-0.2842097962275694,-0.42797325342516634,-0.638810695052753,-0.2287713080379399,-0.47245283509910246,-0.4861231945518796,-0.5484019485419619,-0.7147711748912077,-0.7268689698428747,-0.7727927817091208,-0.4121612251798086,-0.5222597927970237,-0.6427413127122844,-0.6130070627875632,-0.41212073486792433,-0.4373037808095821,-0.3489214374897277,0.30592738471593234,-0.5076684780223579,-0.7109315910426528,0.04353222029134689,0.16968900888178795,-0.7474563529628703,-0.3039716865336224,0.22610043057016085,-0.3756440676007991,0.35935694256588113,-0.6392558915736363,-0.5756357691440436,-0.3471063317208853,0.09230185036905159,-0.6451492291917059,-0.7382561403311899,-0.8468687205664098,0.2979602586438539,0,19,train
0.03124258392051421,-0.507680733238389,0.8249716945892699,0.7452569025849457,0.5198139922592397,0.7424740779141752,-0.21525249169835592,0.7616753282856891,0.5552843619496863,0.6729122470837398,0.20867094842743059,-0.06926166311451791,-0.23998290392986427,-0.42472001261091075,-0.6902720750923785,-0.5897707275409083,-0.28878583763865107,-0.12399691554634074,-0.823673050675588,-0.2523880779408286,-0.5602399722123413,-0.48502812085625185,-0.07832123648644904,-0.5183263697070868,-0.19900909554583085,-0.6059629477217925,-0.22461702812485465,-0.04510028445776263,-0.19322668869148835,-0.269439521509771,-0.4999208116839077,0.10604725150714919,-0.10700198021321036,-0.1236965810852245,-0.5716980126321446,-0.55553030219589,-0.4762691236766764,-0.3157819854552424,-0.024179512069789612,-0.07325388521492117,-0.28443510037820724,0.22497555479390788,-0.4188359867294236,-0.5409480235291674,-0.31885870489903523,-0.5322821706593349,-0.07853423202432677,-0.08912056244057277,-0.16610232986378773,-0.5175970483784222,-0.5036826470147763,-0.2338064968061578,-0.1913287523124664,-0.2813049198129386,-0.3940541703642615,0,19,train
0.2258788101586468,-0.37577740066569654,0.3327873013108773,0.23779709825933334,0.19185414463027659,0.720211833407746,-0.07705832118629545,0.4672769479597899,-0.12749893234079088,0.43462157595802203,0.07326929368940681,-0.6715562447687856,-0.6883715578240978,-0.2585308877745041,-0.5704250114817051,-0.6468572718786203,-0.10497441061344731,-0.3025849444837874,-0.7497147459824407,-0.6850871557253628,-0.5164256585639648,-0.5420829882873374,-0.551234217151768,-0.40914987104494943,-0.6243660237398089,-0.587526062618729,-0.5718646239345059,-0.7284379277571964,-0.6113619825806699,-0.8357119392340395,-0.5395541733309202,-0.555204731449677,-0.5649726999301607,-0.48026858104916287,-0.336848434035745,-0.4914909364449732,-0.41259528058320205,0.006231585761622493,-0.30881414525154355,-0.7544096164399982,0.04611464013913865,0.019186745009905963,-0.6515088007779224,-0.3627261502515261,-0.09245056166062528,-0.5049326606014953,-0.16893757129456324,-0.5685242063993853,-0.5413293030263259,-0.4135312862627828,-0.07324939890423392,-0.7885918230492304,-0.46334554846992676,-0.7577309476215692,-0.10926361688784479,0,19,train
0.3944808914859464,0.8041839331095855,0.6997477892197673,1.1534553385919222,0.9437324619722328,0.6820479856824387,0.5265076713920199,1.192440057940035,0.8228326747594344,1.0909193461534343,0.608858061319812,-0.1556284333139978,0.4165861964152634,-0.043631157382598984,-0.2011003868855482,-0.036279449831787075,0.8732762349105183,0.09700577026374954,-0.23916386842329457,0.04822391294105823,-0.1549575709648588,-0.36854109985111894,-0.06737417674882591,-0.02703212572746874,0.015839556960311148,0.1683862266068757,0.2563678174222973,0.4797030255962025,0.3496561514408745,0.44963656448930006,0.12855106586157636,0.09898762179586636,0.27608044571354684,0.23287541887871388,-0.07490082713976087,0.02575009462012384,-0.20338122470464343,0.8925659699030921,0.38912557172837364,0.4687721647386507,0.5341919913717822,0.3355486466181477,0.21921523530048015,-0.05132749254663626,0.44461061532351004,-0.10960792431090492,0.9046020825394949,0.3667058531268227,-0.0374530819223461,-0.16997311960915856,0.4896248486249368,-0.1431001506903703,0.014130742657530245,0.4164286822035721,0.8595565837235167,0,19,train
-0.051818735556905436,-0.3428015675225234,0.28705335326288506,0.18983935850987985,0.20157147344891252,0.13609294183429366,-0.250686894393756,0.22258219028631535,0.1325580277102843,0.1244443336547135,0.037162185759267136,-0.7738326831629065,-0.9819593669215126,-0.37027874757829476,-0.6046670296561832,-0.8876135675637538,-0.0893971710350402,-0.6776198052524255,-0.7807295189182767,-0.8308384240317321,-0.6653943249684449,-0.7251340212954034,-0.8095848269596737,-0.4162700774794367,-0.6959822412418563,-0.8241327547747109,-0.6727541281224451,-0.8787722092830719,-0.7984833019454418,-0.7967619845757565,-0.833973431280156,-0.6987505355790947,-0.8011588572684621,-0.7119102452593126,-0.475349467566955,-0.8067616601417943,-0.48763945280051113,-0.10216902237078745,-0.7747571406655106,-0.8877422276585238,-0.07784151255486606,-0.014599477491945095,-0.8002275066645916,-0.5233216844137963,-0.07402199186215004,-0.5844948716788468,0.13899880309467974,-0.5737635904863668,-0.7536005621297046,-0.4556004241393179,-0.18531485995076563,-0.6999949268431123,-0.9581846138202004,-0.9821122381378921,-0.05603173773337438,0,19,train
0.4391108541902316,0.6536420861516212,-0.2867988043869222,-0.32877340854816367,-0.22720566067339856,-0.5614573860338219,-0.48455395218339675,-0.38533134830872307,-0.8284755119023309,-0.4772728917577133,-0.08620376633537676,-0.5806438550851225,-0.49887397195213007,-0.46769995868929176,-0.6560300569179004,-0.45822347319748485,-0.10808985852912872,-0.31151434593065974,-0.472967541324212,-0.5438906145535675,-0.24915834530886824,-0.7251340212954034,-0.5753177485745389,-0.5468071954450356,-0.47679321191740837,-0.29253590096971255,-0.6047123694840675,-0.4195693129858523,-0.6552546377403078,-0.6619352184509307,-0.17153010089437548,-0.8587688090348392,-0.5822546138817437,-0.5062957343312021,-0.6770792337971956,-0.34617083724096975,-0.6877572453800019,0.022172851663447485,-0.2503275767895393,-0.5747004447976374,-0.4419627110935049,0.45533616276107425,-0.6587048671917934,-0.09245561714916889,-0.04243015792190679,-0.4974737033129936,0.025994629006884148,-0.49517282918164346,-0.601365618732332,-0.7213002423069079,-0.38142941678219616,-0.3076372436445895,-0.6427608821056985,-0.7085514866864848,0.0025233293365430768,0,19,train
-0.38406401346658403,-0.34853649502568396,0.10738427164577272,0.03481317652908832,0.09103685813692865,0.017360971133337816,-0.23533198655908263,0.09003919654651663,0.08011855839957367,0.019276942487497308,0.13645673256715124,-0.7761054929049981,-0.9018899644403995,-0.550794521107495,-0.7685395452054714,-0.7734404788883297,-0.11432075436049156,-0.6798521556141436,-0.7950440295040472,-0.8672762411083246,-0.5711935506244354,-0.5611012774310326,-0.7154401132161149,-0.4566179139415309,-0.6655996035137149,-0.8272055689585549,-0.6164437071803395,-0.6901710197324281,-0.7569007865310481,-0.9076195478339467,-0.522568446910772,-0.8446495496122735,-0.8789274700505858,-0.7119102452593126,-0.5957851488984419,-0.757500609564166,-0.5058319793986467,-0.2265108964050224,-0.7221192290497068,-0.7573081514664878,-0.028775535446822532,-0.020742427037736197,-0.900972436458787,-0.4724011491916131,0.0760392193540054,-0.681461316429369,0.0966222378117564,-0.7152269608348688,-0.6957084005560559,-0.4666712498963008,-0.12928212942749978,-0.8202335716942725,-0.9408218395973837,-0.9575225076703499,-0.08530927126833311,0,19,train
-0.6270493659676922,-0.36000635003200504,0.07798387647206344,-0.12021300545170319,0.027874220815795003,0.1318525143092595,0.05523011554319832,0.026316603402382618,0.1336282209615233,-0.017997575900883113,0.1845995431406708,-0.910201267688401,-0.9365867055155485,-0.648215732218492,-0.761201969882369,-0.6691954848803338,0.09129880807448211,-0.5726993382516755,-0.916717369483096,-0.8832177860793337,-0.6325335897321624,-0.7417750242961366,-0.8752671853854125,-0.5349401847208903,-0.6677697919228679,-0.7473124001786129,-0.5835959616307779,-0.8951723127222583,-0.8654773545575206,-1.05742706575042,-0.5565398997510684,-0.863475228842361,-0.9624567208165704,-0.8342378656848973,-0.7764386708956723,-0.5826238800135856,-0.6650165871323326,0.14970297887804743,-0.46477832781688816,-0.9022349027909723,-0.05976457362032371,0.15126016024441466,-0.845802593952442,-0.4175636497215696,0.05234534389882296,-0.6267622963136898,0.040120150767858596,-0.7466632653567582,-0.7814745658503502,-0.5862361680717163,-0.03759220675306474,-0.8582036700683231,-0.8771583341137228,-0.9759648055210065,0.08769433598369573,0,19,train
0.8506982880186393,0.9618944394465004,-0.5122018340520268,-1.7083948985498838,-1.0337439526201821,-1.1943411941451667,-0.24241886709816265,-1.659783211191403,-1.3667827172755442,-1.6540826865908667,-0.06815021237030691,-0.116990667698441,0.9717340536176478,-1.2814536044399725,-0.9373037776368279,-0.11818623083806959,-1.2639210352469352,0.8381460903541533,-0.4204810025097203,-0.06792162899057988,-0.17029258074179054,-0.6324198617198894,0.8872094323719105,-1.4843010426525196,0.07009426718913488,-0.14811363432904823,0.570767667682387,1.091973553992495,0.4189603437981974,1.3784431755714337,-0.0781086055835603,0.06368947323945215,0.025492693415592876,0.1469858130479842,-1.6405646844490913,-0.27720536643229016,-1.3586066636862497,-1.0969040146446671,0.7010539368590629,0.5847135657982383,-1.1185567112149475,0.8822711561935558,1.2266645332424335,-0.07287079590986764,-0.2846342181304384,-1.0544091808544542,-0.6209542676457457,1.1630922343480194,0.3399180453725494,-1.3213389983353823,-0.9570383757939274,0.7259932120934544,1.009596464765683,0.5024927388399699,-1.1366388845691238,0,19,train
1.3490662048831574,-0.46896997259205536,0.05729470949797171,-0.7971978433102676,-0.24178165390135248,-0.301731200125481,0.05995470256925167,-0.5573823497978849,0.19783981603586284,-0.5797778173257595,-0.007971699153407457,-0.6647378155425109,-0.27734862508771707,-0.7341756243752542,-0.6364631893896272,-0.45574144953062784,0.23460941219582737,-0.2266850321853726,-0.5135253213172283,-0.4163582547854942,-0.4813742076452636,-0.5611012774310326,-0.33667184629435476,-1.2540810346040994,-0.5310479221462321,-0.43388535342653295,-0.555440751159725,-0.26376833031358143,-0.4658231786302918,-0.5480815048344111,-0.29609209464212904,-0.6940441157715729,-0.6542625886800064,-0.5817744788491162,-0.9691357610260515,-0.4225254656362936,-0.7582532859477772,0.2198445488460774,-0.04367503489045769,-0.3631073878638901,-0.22503944387899666,-0.5736078861589353,-0.6946851992611489,-0.24521722281571862,-0.2293485087350127,-0.6516254872753622,0.0966222378117564,-0.5056515973556066,-0.32905804392294713,-0.22311308324267656,0.19417954222953498,-0.5987413311789774,-0.3707440859482381,-0.551791954955903,0.24472837948938347,0,19,train
1.4841958141822431,-0.5005120738594384,-0.27264305856254367,-0.0979070799868411,-0.49686153539054606,0.3205515391732786,0.3162635487326459,-0.11642200524047755,0.9683789569279374,-0.14712715746062957,-0.07115913803115188,-0.6738290545108772,-0.22930698359904916,-0.30437616359144387,-0.7685395452054714,-0.5078639465346257,-0.0395500043841375,-0.2266850321853726,-0.5516973495459495,-0.41863561835278124,-0.23601405121435529,-0.1522080608415864,-0.42862714809038904,-0.31421378525178656,-0.6764505455594797,-0.4185212825073133,-0.7947600401636739,-0.14076755451968337,-0.542057790223347,-0.6020122112843415,-0.290430185835413,-0.4022460877052154,-0.5016056821076896,-0.4932821576901825,-0.2736197013367143,-0.29937283919222285,-0.0714854068681608,-0.05753347784567748,0.06744944518735035,-0.5486136295592302,-0.5969079019610108,-0.7179672004850262,-0.6970838880657726,-0.07091231378593751,0.08393717783906622,-0.8231815049109015,0.0966222378117564,-0.6078195870517469,-0.477004679055605,0.7577620788260101,-0.20059651372983814,-0.3266222928316148,-0.4373013871357018,-0.6962566214527137,-0.08264767731060958,0,19,train
0.33993315929182005,-0.48043982759837645,1.0492858207294222,0.5456188696744302,0.6267046092642351,1.0530853941229257,0.46154459978378637,0.870003736630717,0.24278793258790055,0.8366538814326965,-0.14036442823058629,0.31484318329895844,-0.11187185996008325,-0.1668403361406246,-0.44324037254792925,-0.21994920117920846,-0.31994031679546525,0.33586725896758446,-0.2630213860662453,-0.04742535688499668,-0.034468208431823445,-0.551592132859185,-0.05642711701120279,-0.31421378525178656,-0.3335607769133137,0.0700561727238702,-0.21053942288932825,-0.07243379018973999,-0.2232585053796616,-0.3383509797513487,0.12288915705486028,0.014272065260472252,0.28760172168126885,0.32657317069405534,-0.2224345367708324,-0.2008507380369663,-0.29889198934485495,-0.2647699345694024,0.24485870285542985,-0.0645582801354521,-0.1424020087496602,-0.08831487204143831,-0.5171822277189952,-0.3313904362686441,-0.36887910863775375,-0.3060271329081165,-0.329968519369672,-0.25940054526747336,-0.03959723605470346,-0.31167968929853995,-0.3661477630031236,-0.4342042382247582,0.25431578607316013,-0.09995565761481466,-0.21306578123906209,0,19,train
0.25811156100063054,-0.42165682069098087,0.8456608615633616,-0.026528118499282417,0.4347873650961752,0.7053703370701265,0.6776944562257271,0.24169896822955556,-0.10288448756229404,0.22961172482192968,-0.08620376633537676,-0.12380909692471574,-0.5042119321175376,-0.184032314571977,-0.2793678569986411,-0.21746717751235142,0.004066266435402372,-0.1552498206103939,-0.0864757555084097,-0.19089926162407905,-0.09799896322196935,-0.320995376991881,-0.47460479898840613,-0.25487873163105973,-0.7024928064693151,-0.2986815293374004,-0.5460556810027074,-0.5699035945117278,-0.636773519778355,-0.8177350370840628,-0.20267059933131387,-0.6305074483700273,-0.5246482340431337,-0.27985950077746025,-0.32179397386930914,-0.35355999482761397,-0.38985462233553264,-0.10854552873151746,-0.283469965584675,-0.4732517188704983,0.038367380595763355,0.1727604836546835,-0.6275219127316853,-0.28830382954218137,-0.1635321880261726,-0.2811639419464442,-0.05593339720676766,-0.6497346597475994,-0.2111295666432923,-0.39360379990021355,-0.14965766779959647,-0.6346019796433585,-0.44308897854330737,-0.5241285081799181,0.12229505743410152,0,19,train
-0.10264730419234135,-0.44746399445520335,0.13460685976957762,0.16307224795204533,0.42749936848219827,-0.0759284344174132,0.4178421697927929,0.12572384870723166,-0.3768539598794761,0.020608175287082326,0.016099706133352328,-0.8965644092358517,-0.7150613586511355,-0.5393332021532602,-0.778322978969608,-0.43092121286205737,-0.06758903562527027,-0.6419021994649361,-0.723471476575195,-0.7215249728019552,-0.5558585408475036,-0.689474729150975,-0.8752671853854125,-0.4471243053622146,-0.6569188498771031,-0.5168513363903188,-0.7149869438290243,-0.8405053012583036,-0.6229126813068904,-0.8626772924590047,-0.4999208116839077,-0.8493559694197954,-0.7435524774298521,-0.7431428291977598,-0.5084692799331139,-0.41759936057853075,-0.5217504401720152,0.0030433325812574945,-0.47452608922722217,-0.6094828651155136,0.064191579073681,0.06525886660333922,-0.9777304782067453,-0.4410654352087311,0.0023249401601044815,-0.6068717435443519,-0.03898277109359832,-0.6366361995301455,-0.8179251861004254,-0.40910295595998963,0.010799696880664874,-0.7168705261204681,-0.9813349794506225,-0.6378560115923009,-0.10660202293012128,0,19,train
-0.10636646775103177,-0.44316279882783294,-0.3564886299838627,0.13853572994069702,-0.21384433354777416,-0.16073698491809593,-0.4739236313747767,0.07984358164345519,-0.4346443954463817,-0.011341411902958037,0.3109744208961597,-0.6761018642529687,-0.9445936457636598,-0.45050798025793937,-0.5092785504558514,-0.572396561872909,-0.008395525227323305,-0.6419021994649361,-0.6757564412892934,-0.7739043348495567,-0.5711935506244354,-0.7227567351524414,-0.8533730659101663,-0.5017125546932832,-0.5505796178286086,-0.741166771810925,-0.5038228652961283,-0.9061057150150492,-0.8169644199073945,-0.9585541039255475,-0.6669471214820318,-0.8611220189386001,-0.8443636421474198,-0.8134161430592658,-0.493414819766678,-0.7353331368042333,-0.3330029767163591,0.13376171297622244,-0.5330126576892265,-0.7602066864929775,0.14424659435522572,-0.051457174766691705,-0.9345540797235188,-0.27851141892253073,0.21820247208510005,-0.45023364048581616,0.1276983856859002,-0.7885783380526107,-0.6806993216295543,-0.47331374535049053,0.06428548510741865,-0.725308325759146,-0.9697597966354115,-0.8345738553326387,0.01316970516743716,0,19,train
0.6114320990762215,-0.40015084255412886,0.9545512140585812,0.8355959007176372,0.9546644568931982,0.8219820940085653,0.37650203331482607,0.810104499075231,0.5681266809645542,0.7274927918667252,-0.16443583351734606,-0.023805468272686387,-0.09052001929845307,-0.0035165410427766886,-0.1252787752134895,-0.26462562718263527,-0.3791338271934122,-0.007914696737000387,-0.1461195496157866,0.10515800212323377,-0.07390109071536229,-0.37329567213704273,-0.11335182764684304,0.04891674290706159,-0.04058534167766554,0.11000275711384118,-0.04160816006301146,-0.004100025859796603,0.20642748723574048,-0.1436012064599336,0.14553679228172456,0.04015737420184267,0.08597939224613349,0.07410978385827416,-0.005650310374155869,0.0011195693313096958,-0.1101445258891988,-0.2647699345694024,0.10644049082868651,0.2745703179638415,-0.29734719961716605,-0.048385699993796154,-0.296502857693615,-0.14729311661921238,-0.31359339924232804,-0.02010043684888446,-0.2508655975082151,-0.007910109092358644,0.10620524494559706,-0.21204225748569364,-0.376335532189172,-0.16419464978706505,-0.009019622972891913,0.10905705135929428,-0.39937735827970855,0,19,train
-0.03694208132214371,0.6464734267726705,0.02027198964959705,0.3147525411131075,0.116544846285848,0.08626791841514253,-0.16328203441176908,0.3933587399125945,-0.16174511638043862,0.2815298040057453,0.05521573972433697,-0.787469541615456,-0.7737789204706185,-0.4103933639181171,-0.6413549062716956,-0.7138719108837606,0.35922732882308417,-0.6441345498266542,-0.7974297812683423,-0.6691456107543536,-0.5931007074486236,-0.5444602744302992,-0.7460918804814596,-0.38304244745182964,-0.7350456326066093,-0.7872589845685839,-0.5014765977568738,-0.8405053012583036,-0.6644951967212842,-0.8057504356507449,-0.7377209815659828,-0.6728652266377243,-0.8731668320667247,-0.735334683213148,-0.7041772620967802,-0.6343479831200952,-0.48991351862527804,0.1975267765835224,-0.4823242983554894,-0.8471627372876682,-0.01844585605565547,0.10211656387808583,-0.8793842372171737,-0.4900274883069842,0.00759024581681169,-0.395534620370137,0.2068013075473571,-0.7073678847043965,-0.6699785509677675,-0.5596661862549573,-0.16748626387518104,-0.7210894259398071,-0.9321404524859754,-0.8837533162677231,0.44967111423409456,0,19,train
-0.048099571998215004,-0.5005120738594384,0.7890378782658475,0.716259199480625,0.48215934308702546,0.7265724746952972,-0.20934675791578922,0.7718709431887506,0.5328103036736676,0.6848933422800048,0.14247458388884118,-0.16471967228236412,-0.023795517230858803,-0.5307372129375839,-0.648692481594798,-0.6890516742151901,-0.3604411396993237,0.018873507603616616,-0.8666165824328994,-0.1977313523259401,-0.6171985799552308,-0.6300425755769276,-0.11554123959436766,-0.5800348254726427,-0.08181892145157157,-0.7995502413039596,-0.15892153702573145,0.009566727006192073,-0.16781515149380327,-0.16457425896823985,-0.5508779909443523,-0.1033884299275751,-0.017712091463364703,-0.003971675987843724,-0.511480171966401,-0.7353331368042333,-0.5149282426977144,-0.2583934282086724,0.09864228170041928,-0.11093484055928714,-0.21729218433562136,0.10518803865098139,-0.2629212144288832,-0.39210338211047796,-0.38730767843622893,-0.5049326606014953,-0.33844383242625664,-0.0995993306145359,-0.08033616456949332,-0.5375245347409915,-0.376335532189172,-0.20849309789012407,0.008343151249924706,-0.1952408631765408,-0.396715764321985,0,19,train
-0.35802986855575103,-0.43312667569730195,-0.025461958398395178,-0.10571415389954283,-0.034073750403009154,0.23998341619763,-0.18218038251598245,0.13464501174741042,0.12934744795656733,0.06853255607214287,0.034153260098422164,-0.7897423513575476,-1.1340912316356275,-0.476295947904968,-0.7025013672975493,-0.5996988222083365,-0.18909150433684563,-0.717802111763351,-0.8308303059684733,-0.824006333329871,-0.6434871681442567,-0.6371744340058132,-0.8643201256477894,-0.48747214182430887,-0.6699399803320208,-0.6059629477217925,-0.6704078605831907,-0.9662394276253994,-0.8793381930289852,-0.8327157888757101,-0.5508779909443523,-0.9293651061476675,-0.8299620471877672,-0.7873889897772266,-0.6258940692313136,-0.5038061990893803,-0.7127719694524384,-0.14999282007626244,-0.5427604190995605,-0.8906407626850135,0.030620121052388063,0.29869094934340107,-1.0065147438622297,-0.42735606034122026,-0.1056138258023933,-0.6864339546217035,-0.14633673647700413,-0.7230860369653411,-0.6806993216295543,-0.46002875444211105,-0.1114535333519152,-0.8919548686230347,-1.0073791407848474,-1.080471160008061,-0.050708549817927336,0,19,train
-0.772096744756619,-0.5865359864068466,-1.3963914963132098,-1.047024208516723,-1.2815358374953987,-0.9409756495243772,-0.944020040467085,-1.2404885483030013,-0.49992618377196024,-1.2613690107132873,0.5095635145119278,0.24893170077830276,0.20840574996436928,0.29447775176733176,0.2195872649723259,0.239225177189345,0.46515255795625243,0.3023820035418132,0.28093001619303193,0.33289435885193597,0.2481341146002049,-0.06424847355199624,0.16032466579373508,0.1438528287002245,-0.09049967508818337,0.45108513152051644,-0.0017216118956866666,0.26650168088677917,0.171775391057079,-0.014766741051766688,0.30973214767649065,0.33901503197948296,0.6159580867613464,0.5139686743247383,0.2743626487215513,0.2868336626815538,0.055862279318787934,0.47490480327527723,0.31114348044570134,0.32094687838767655,0.21913676994118692,0.47990796094423865,-0.272515969647378,-0.04936901042270614,0.5946718265396654,0.17134613355599265,0.5881903950936672,0.0235261954295307,0.27773757553418593,-0.1500456332465893,0.36991856068886886,-0.21271199770946303,0.3729614099290737,0.2781114483236471,0.3724848894601125,0,19,train
-0.32579711771376724,-0.32846424876462205,-0.06575138882162643,0.3281360963920248,0.23436745821180885,-0.09395025139880829,0.49107326869661977,0.188171989988483,0.1464705399763912,0.07785118566923797,-0.07717698935284184,-0.6897387227055182,-0.8565173030344354,-0.45050798025793937,-0.5728708699227393,-0.468151567864913,0.06949067266471218,-0.5258199806555958,-0.661441930703523,-0.6008247037357429,-0.6106264329079742,-0.779811602583527,-0.8117742389071984,-0.6085156512105916,-0.5636007482835264,-0.4584678668972843,-0.47566765482507545,-0.7995050426603375,-0.6021214235996936,-0.7068774738258726,-0.26495159620519065,-0.774053252499445,-0.6715445026315894,-0.6051989168029515,-0.4994366038332524,-0.4225254656362936,-0.43306187300610455,-0.060721731026042475,-0.4628287755348213,-0.5457150945327405,0.05902673937809748,0.1911893322920568,-0.6491101119732987,-0.4351899888369407,0.026018815615286923,-0.55465904252484,-0.14633673647700413,-0.6104392790952377,-0.5949331563352599,-0.5795936726175266,-0.004481956898407635,-0.7379650252171629,-0.8771583341137228,-0.6562983094429575,0.06107839640646053,0,19,train
-0.17579085417991983,-0.36574127753516555,-0.11257424039457085,-0.22058967004358257,-0.1846923470918663,-0.3367147272070126,0.050505528517144974,-0.36494011850260016,-0.7021927082561298,-0.42535481257389773,0.14247458388884118,-0.7079212006422508,-0.9045589445231033,-0.42472001261091075,-0.6364631893896272,-0.7312460765517599,0.1691850059665176,-0.5280523310173139,-0.8761595894900798,-0.8695536046756115,-0.6106264329079742,-0.5753649942888039,-0.65632599063295,-0.5017125546932832,-0.5939833860116676,-0.4553950527134404,-0.5882884967092866,-0.9252391690274333,-0.7984833019454418,-0.6679275191675896,-0.3357254562891416,-0.7528743633655965,-0.8299620471877672,-0.5401310335978532,-0.7312752903963647,-0.6466632457645023,-0.5240245059967822,0.28360961245337735,-0.5759028078946962,-0.7283228012015909,0.17523563252872693,0.15126016024441466,-0.8482012827570656,-0.4626087385719625,0.09710044198083424,-0.5297958515631677,0.1276983856859002,-0.6392558915736363,-0.6463928555118366,-0.25189723021083216,0.105036561851612,-0.5776468320822826,-0.8453265813718923,-0.9974808196801059,0.11963346347637799,0,19,train
0.43539169063154115,-0.4775723638467962,0.7792377465412776,0.5902307206041543,0.8076898585113296,1.079588066154389,0.19696772632479878,0.9643131744840353,1.030450165499799,0.8779220982198319,-0.056114509726927025,0.09438063831607557,-0.013119596900043719,-0.05222714659827519,-0.3625270439938022,-0.5351662068700532,-0.42586554592863346,0.3314025582441483,-0.5445400942530643,0.01861818656632695,-0.3083076687341765,-0.48265083471328996,-0.04548005727357966,-0.23589151447242715,0.20898632537492365,-0.25566213076358546,0.2892155629718589,0.009566727006192073,-0.12392249633416542,0.3267943997977921,-0.16303723768430137,-0.1928104062704911,0.16086768603632662,0.28232701011458855,-0.13511866780550436,-0.34370778471208835,-0.27615133109718554,-0.4146178340465574,0.17662437298309158,0.11804942653339831,-0.4419627110935049,-0.08524339726854277,-0.06143135484049255,-0.13162525962777138,-0.40573624823470417,-0.25132811279243733,-0.2762915366779691,0.3143120122570071,0.2948908085930448,-0.10133399991586445,-0.4705723971601191,0.31043157988856734,0.3729614099290737,0.09676218612552316,-0.34614547912523813,0,19,train
0.09818752797694198,-0.3628738137835853,0.08996181524653758,-0.04214226632468588,0.12869150730914294,0.20393978223483983,-0.01681983660411525,0.028865507128147977,-0.13284989859698582,-0.019328808700468127,0.10335855029785654,-1.0352058035034377,-0.9979732474177352,-0.6654077106498445,-0.7122848010616859,-0.6493392955454774,-0.07693537937231452,-0.7847726226148934,-0.7163142212823097,-0.9242103302905,-0.4988999331046142,-0.551592132859185,-0.8884036570705602,-0.4708583268105053,-0.7155139369242328,-0.6704920455825149,-0.6352138474943746,-0.9990396345037722,-0.9370916866600876,-1.0364540132421136,-0.5508779909443523,-0.8375899199009906,-0.971097677792362,-0.808210712402858,-0.7252535063297904,-0.6294218780623324,-0.6581943896580318,-0.06390998420640748,-0.72016967676764,-0.7775978966519156,0.030620121052388063,0.11133098819677249,-0.8434039051478183,-0.24521722281571862,-0.03979750509355318,-0.6565981254676967,-0.10396017119408078,-0.5842423586603299,-0.7407356373355604,-0.5950928286773027,-0.08853105268330642,-0.725308325759146,-1.178113087309211,-0.9636699402872354,-0.21572737519678561,0,19,train
-0.5873782880083276,0.809918860612746,-0.49804608822764823,-0.9321486923726832,-0.4992908675952051,-0.9547570389807382,-0.059341119838595385,-1.0136361167098842,-1.1730777388012867,-1.0789901171701402,0.0191086317941973,-0.460184938754269,-0.16525146161415866,-0.00924720051989416,-0.22066725441382143,-0.5177920412020539,-0.5442525667245274,0.1550468796684197,-0.7210857248108998,-0.27516171361369884,-0.5624306878947601,-0.40657767813850926,-0.014828290008234914,0.01568911287945457,-0.034074776450206685,-0.6028901335379486,-0.09322604592660827,-0.09156724420212413,-0.41268996448967754,0.4076904594726876,-0.44330172361674697,-0.5504983116421551,-0.30862430964834575,-0.3136948000441114,0.08467645062445935,-0.6047913527735183,0.04676601601972017,-0.5867835057862673,0.14933064103415628,-0.11383337558577682,-0.7750948714586426,-0.24803156023200695,0.19762703605886686,-0.3901448999865479,-0.2925321766154992,-0.22397860273459774,-0.005081518867259639,0.4007618496922028,-0.21327372077564968,0.14222416673775978,-0.6819686077706222,0.2851181809725336,0.09226322666020503,-0.27208377088761027,-0.4712403951382436,0,19,train
-1.7489970395059724,-0.9406677597270101,-2.2108913329774524,-2.3407678854787237,-2.5180659296668226,-2.1070932189087648,-1.6751498827488407,-2.161917245167179,-0.9451265762873812,-2.4222040119514205,1.4724197259823193,2.689929363784655,1.8364836004136695,2.621125499477025,2.3915095606106527,2.1826497083384115,1.6116373909270145,1.8784213589147802,1.9581135064924702,2.628476834677254,1.9459387684747937,1.6640385523813022,2.6168448709163643,2.6976335365363067,0.8687236017574202,2.2271717297823033,0.9555555441201085,1.6140435134732625,2.7822333031829087,0.3597520537394162,2.2319501875565972,3.0169679024594407,2.6062585101853255,2.5753192142622505,2.52349899758707,2.3927435748751633,2.3208318407866617,1.651370226829962,0.34428586924083704,2.294849231427155,0.5264447318284069,1.5825674044137412,0.6965543074205961,0.6028055368460254,1.6819574446497039,2.6228567623768866,1.851012040524783,0.4112406178661659,2.764956369068724,0.9127536394237711,1.5593406131600123,0.5045009715781592,2.152645767767777,2.7247896298440986,1.6952970864487023,1,19,train
-2.4717544910781464,-1.267558627407161,-1.0980319304763082,-0.8563085457921521,0.4967353363149794,-1.8399462848316142,-0.4349457884098366,-0.8823675748329682,-2.120198766147795,0.519820475131463,0.5697420277288273,-0.16471967228236412,-3.0130532098590823,-2.3502215969223808,1.1514593310063377,-2.0119702886499957,0.7206192870421289,-3.3229549838883545,-1.424882495277947,-3.7117033366498147,-0.5602399722123413,-0.05949390126607245,-0.7395236446388858,0.8653670807282626,1.0206367903981266,-1.1467782440783227,-2.324526475757543,-2.969785397779339,-2.6165632814525464,-0.06570129714336756,-1.4086571751618373,-1.2399888134441126,-1.1611987312597754,-2.28655301882269,0.8765410553789861,-0.8313921854306084,3.014421917340579,-0.7143136330008673,-3.8355542235103988,-2.980484516784079,2.0913911595902164,2.507081311055302,-0.015856267552642286,0.10143411311991347,0.9816717923076453,-2.232924432437724,-0.5672772849540427,-2.87385320467127,-2.3981667816478,3.660532592306932,1.7783776506600517,2.208936498591097,-1.2620331627194912,-1.2956313015990555,0.6333210973170175,1,19,train
-1.8209008683073207,-0.844607724049071,-1.9190651882902638,-1.8366539699728408,-2.009120832790765,-1.7773999788373607,-1.694048230853054,-1.8484020868980398,-1.4759424289019216,-1.945622669699985,1.3069288146358458,1.9239924806997943,1.446812508338919,2.174134060261862,2.078439680158281,1.8277203239778541,1.2284372972982,1.4832953448906794,1.8674549394492572,1.7289182255988802,1.7860165236582195,1.6355111186657596,1.7345118560639403,2.1327638260669874,1.6586721826890938,2.110404790796234,1.6477044682001565,1.4117755710566302,1.6710560857204981,1.6001583020878138,1.9431928384140777,1.9344913467294051,2.0301947117992247,1.8517643530215582,2.336823691523265,1.8902808589833549,2.0274773493917264,1.176320502955577,0.98373901775875,1.7296349012616654,0.9577088464096316,1.413636291904486,1.4833242353371692,1.347028743939473,1.2844268675683097,2.0982434330856,1.336843048425313,1.4172023625666248,1.8258168590962003,1.6832831121097822,1.2282381146134413,1.3503903853556196,1.9182483157597527,1.7934535883859368,1.1762862646926158,1,19,train
-1.4911350327701025,-1.0625349691691717,-1.8657089155676063,-0.7012823638113606,-0.21141500134311517,-2.0763501193522673,-2.4523444485346166,-0.628751654119315,-2.145883404177531,0.43462157595802203,2.3299635393231366,1.8217160423056735,-3.2452544770543104,-1.5106799835246714,1.2933191205863186,-1.110995697580888,0.34676553716035846,-3.0349817872267217,2.6189667452022065,-2.2496359264515466,3.2406517367843186,2.068177196684825,-0.7001142295834425,0.04416993861740344,2.481173589758062,-0.012909810239915682,-0.9519599652937186,-3.1119196275856216,-2.2377003632325145,-0.55407380555107,-2.416476942757298,-0.8446495496122735,-0.9422944878730569,-2.7472336319147854,-0.1170533156057813,0.28437061015267234,1.8228114251627017,-0.5070771762771423,-4.679710361645326,-2.4529511419629557,1.8150722358764977,1.8129280123809075,-0.21015006072716186,3.3329296176046195,1.5450594975753165,-0.9002573968920857,0.17855026402540822,-2.606644616235211,-1.3646844898515524,2.0552628575444083,1.7223449201367858,2.746846225556814,-1.516687184654135,-2.2023776125896752,0.5534732785853119,1,19,train
-1.5444430437779986,-1.1227517079523575,-1.920154091815216,-0.7503553998340572,-0.17861901658021884,-2.083770867521077,-2.458250182317183,-0.6529662395140858,-2.141602631172575,0.49053335354059263,2.4653651940611603,1.942174958636527,-3.2879581583775708,-1.6625424596682843,1.3984910335507872,-1.1854564075865992,0.31249561008786286,-3.1086493491634184,2.7454115887098456,-2.2245849272113896,3.2713217563381822,2.1632686424033003,-0.5928330441547359,0.03230292789325808,2.5679811261241796,0.060837730172338435,-0.9871539783825346,-2.9342518403277684,-2.5033664339355854,-0.4731777458761745,-2.521222255681545,-0.6705120167339634,-0.8299620471877672,-2.799287938478864,0.021447717925428694,0.39520797395233603,1.9183221898029132,-0.7302548989026922,-4.759642005210065,-2.4587482120159354,1.8925448313102506,1.7975706385164298,-0.12379726376070871,3.3427220282242702,1.7240798899033616,-0.7162697837757103,-0.10113506684188589,-2.727150450235787,-1.3432429485279787,2.132758637843289,1.8726145156309988,2.744736775647144,-1.4240857221324463,-2.1132398396448346,0.49491821151539445,1,19,train
-1.1898827845161777,-0.6496201889416126,-1.5194375946328078,0.08723210137151423,-0.8624760321917236,-0.31021205517554923,-1.3869500741595864,-0.029759278564455306,1.3033494445657419,-0.05260962869009351,0.8796613707958596,-0.29654263732367553,0.15235716822759007,-0.5221412237219077,0.9778033816929129,0.37821850253333955,-0.02708821272141182,0.02780290905048895,1.0634565948818167,0.18714309054556655,0.046588271817673055,0.6679556584802677,-0.19873889360030342,-0.653610291962344,-2.456005041064898,-0.4431037959780647,-1.2687060830930625,0.1817678131176494,-0.4658231786302918,-0.3773009344096317,-0.45745649563353713,-0.9693696745116037,-0.9192519359376129,-0.956565486110482,-0.5175019560329754,-0.5900130376002298,-0.06238914356909303,0.07318490254928746,0.4047219899849081,-0.2674557319897303,-0.7337761538939744,0.8822711561935558,-0.22933957116415143,-1.6749091732847097,0.9184881244271588,0.2160998772870029,0.5006121601756256,-0.20962639644114858,-0.13394001787842733,-1.8150978270968205,0.1738040038574383,-0.9172682675390684,-0.03506378430711684,-0.48724391247860477,-0.0453853619024803,1,19,train
-0.45596784226793236,0.8357260343769685,-1.2003888618218146,-1.5433310501099042,-1.5354010528822628,-1.4402859905971468,-1.5440425927758603,-1.7693860713993137,-1.27581629092023,-1.8337991145348438,-0.8083459249381703,0.6421277861601454,0.9316993523770912,0.2228445083033634,-0.012769286925918524,1.0756671529201693,-1.282613722741024,0.9519959588017756,0.8153384113951289,0.6585573489739801,1.2711983382897958,-0.06662575969495814,0.9572706146926986,0.09638478580364304,0.7233209783441726,1.646409849035802,0.8992451231780029,0.9607727264790039,0.8093739607444498,1.2795702137465614,1.5100568147002982,0.6849368878323422,0.9068703049463275,0.857527097647657,0.18403588772293608,1.2843699368785269,0.06041041096832182,-1.182986850514522,0.780985580423802,1.109348405592872,-0.8525674668923956,-0.21117386295726034,0.8596651461350077,1.0650073180935349,-0.8954096743084746,0.09178392247864113,-0.8667383462867011,1.1106983934782038,0.968155206153256,0.06694255159027594,-0.9977894525381207,0.7787294598351913,1.223737346847088,1.1295308657622967,-1.051467877921971,1,19,train
-2.115954510630095,2.4257346846282295,-1.8853091790167458,-1.497603902906937,-1.801412929292422,-1.5505371062480342,-1.5322311252107268,-1.6190007515791573,-0.23986922372088507,-1.678044876983397,-3.0078705830158454,1.6626193603592632,1.2199492013090985,2.0910394978436586,2.5064649073392578,1.445488679281869,-3.0428417951010256,1.1997868489524828,1.576393224205258,1.5239555045430484,1.3500641028568736,1.8328258685315968,1.2265682842382275,1.9476384587703197,-0.23373211009227804,1.7385942745511196,-0.027530554827485065,1.2423078355183705,1.24368023285034,-0.18255116111821662,1.6034783100111134,1.494441094726108,1.7796069595012707,1.5862873895447573,2.318758339323542,1.405059510793716,2.095699324134735,-2.942902606076001,0.9350002107070798,1.5238389143808975,-0.48844626835375665,-4.443666100007329,-0.13099333017457981,-0.03174267130733501,-3.6807563667065883,2.1504561341051116,-3.1324720367470023,-0.06030394996217421,1.3948418784923708,-0.07254985294770885,-3.1550495776838563,-0.2506820960835136,1.5015417344121538,1.5168191206260868,-2.722948883372342,1,19,train
-1.4836967056527215,2.207807439508129,-0.8944069713102475,-0.17709311538710149,-1.060466606871431,-0.734254807678963,-1.3597836987597796,-0.47709188243627604,-0.21632497219362726,-0.5385096005386241,-2.369978342916711,0.30347913458850057,0.08296368607729204,0.028002086081369396,0.5497781545119363,0.6065646798841878,-0.4383273375913591,0.11039987243405805,0.49803342674388384,0.3169528138809268,0.5000664180783697,0.9056842727764574,-0.24471654449832053,-0.3165871873966156,-0.2597743710021134,0.15302215568765606,-0.26684984383143384,0.12163410050729921,-0.29025255799174043,-0.30239717545139516,0.10873438503807009,-0.20457645578929584,0.07445811627841147,0.08712336049929381,0.0666110984247363,-0.3387816796543255,0.44472753535393494,-0.41780608722692236,0.49050229039584764,0.0687743310830736,-0.27668784083483194,-2.8219274199184787,-0.4572150076034028,-0.12966677750384126,-1.4482667682627317,0.6735825909817742,-1.4204587993168996,-0.21748547257162093,0.25844018834296967,-0.25411139536222876,-1.2652183936718897,-0.33084119265095374,0.025705925472741323,-0.11225052284858576,-0.002799858578903965,1,19,train
-1.0919448108039962,2.1490244326007333,-1.0631870176778377,-0.5518326631967846,-1.2973264968256821,-0.7310744870351874,-1.3633271390293196,-0.6351239134337283,-0.15639415012424365,-0.7035824676871659,-2.3158176810215014,0.20347550593647123,0.2964820926935937,0.3145350599372429,0.5717908804812437,0.7951984785653232,-0.9399144520160677,0.3090790546269675,0.69366507141608,0.5310249892059068,0.5351178689970709,0.6845966614810011,0.18659760916403056,0.14859963298988263,-0.32270983486754895,0.3711919627405745,-0.15657526948647707,0.3731023532414908,0.10940161793548839,-0.13461275538494522,0.33804169171007104,-0.05161781204483427,0.10038098720578602,0.13136952107876063,0.19909034788937194,0.19077461405517862,0.35149083653849034,-0.8482202665761972,0.47100676757517956,0.1992084072751096,-0.2792702606826237,-1.9465571096432468,-0.2557251480150121,-0.22563240157641737,-1.7167973567547994,0.7208226538089516,-1.8329240347373534,-0.10221902265802667,0.31418819578426105,-0.22311308324267656,-1.3772838547184214,-0.2570104458125221,0.2658909688883712,0.09983590243396595,-0.7347381969528721,1,19,train
-2.0589273360635083,2.7841676535757633,-2.0965564628574715,-1.828846896060139,-2.311572692270809,-1.8887112013695067,-2.398011697735003,-1.612628492264744,-1.4224327663399718,-1.8045119929439735,-5.562448469073228,2.2921876589186296,1.5028610900756982,2.323131206666916,2.751050751442673,3.2002794117498006,-3.475889055380743,1.3292631699321316,3.1295176227613526,2.307368571689784,2.9142351001039137,3.1046739550162115,1.9184224596560089,2.4864007456465194,1.778032545192506,2.543671590718227,2.0254535420201147,1.2368411343719752,2.0406784449595534,1.4533469345296701,2.503721810278969,2.108628879607715,1.6730351567998418,1.6825878566883028,2.285638526957383,2.8681127129492765,2.6028160030577627,-3.6793890907403157,0.8609172239885411,1.5731140098312222,-3.2025695283829014,-5.094818751861186,1.7064022941671733,2.055999272802178,-4.654837913197421,2.9112697775322856,-4.703230056567361,1.4800749716104036,2.3704320087149697,1.886986306038268,-4.390316591492217,1.5887582251482706,1.4783913687817316,1.888738793947663,-3.8647726912357325,1,19,train
-1.6175865937655771,-0.7241742464826996,-1.6021942625291747,-0.4057288514019379,-1.8998008835811109,-0.26674767304394936,-2.001146387546522,-0.6555151432398512,0.5670564877133153,-0.6543268541025203,1.3009109633141558,-0.2988154470657671,0.29114413252818616,0.40909094130968116,1.5819304166283485,2.026282217326418,0.48072979753465955,0.2979173028183771,1.7934966347561099,1.3577079641310958,-0.14838542391760232,1.877994305247873,-0.03453299753595654,-0.024658723582639666,-1.4533779960362356,0.4326482464174529,-1.4657925563904322,0.28836848547236105,-0.27177144002978765,-0.6559429177342718,0.2672678316261201,-0.18339756665544732,0.21847406587493673,0.11054779845312918,0.5242666874843868,-0.0481414812463186,-0.0032634321251525456,0.49403432235746725,0.6016267704736556,0.060078726003604525,-0.3670725355075437,1.0634881677943933,-0.48360058445426346,-1.2440431060200823,0.923753430083866,1.7799945887761937,1.1051844915453322,-0.44539868035531865,-0.17467894639321718,-1.1752040983432077,0.038816062142297804,-0.543895633527571,0.1906522805894992,-0.15528255116678466,0.19948128220808364,1,19,train
-0.9555754803186804,0.7410997305748195,-0.6907820121441868,-0.705743548904333,-0.8479000389637696,-0.6897303186661046,-0.5636907848697904,-0.8466829226722532,-1.2019729565847395,-0.9245671124182785,-0.27275715730776506,-0.25335925222393557,-0.2533278043433831,0.05092472398983928,-0.029890296013157586,-0.30433800585234805,-0.19220695225252704,0.05682346375282404,-0.22962086136611426,-0.16129353524934778,-0.08704538480987523,-0.18786735298601484,-0.2622318400785175,0.02518272145877086,0.13954029628202927,-0.11123986412292117,0.07101268182119973,-0.14623425566607884,-0.26484102079405536,0.09009852148976452,-0.0781086055835603,-0.24458102415323194,-0.1300445321486544,-0.17054545699289522,0.02445860995871587,-0.1368113722860495,0.08997326669029206,-0.19781661778173742,0.06549989290528355,-0.02108025473810677,-0.6847101767859308,-0.47224921865338215,-0.11420250854221392,0.03288723878235911,-0.4162668595481186,0.06443441242080154,-0.25651580621260484,0.12045480103868951,-0.0867686269665654,0.5097755818695927,-0.35086610922405115,0.11425273828930593,0.025705925472741323,-0.1337665370076852,-0.2556512845626384,1,19,train
-0.8043294955986028,0.7195937524379674,-0.5263575798764053,-0.2540485582408757,-0.6523387964887213,-0.4459057359766416,-0.43730808192286325,-0.4337605190982649,-0.8616515026907398,-0.4852602885552234,-0.18850723880410583,-0.39654626597570486,-0.394783748726683,-0.20695495248044687,-0.19865452844451406,-0.39865490519291574,-0.12678254602321726,-0.1798056745892928,-0.6256556542390969,-0.3753657105743278,-0.29078194327482587,-0.38042753056592843,-0.48336244677850465,-0.2714925466448632,-0.21420041440990148,-0.3294096711758396,-0.25042597105665304,-0.46056957158381834,-0.5790200261472526,-0.4132547387095853,-0.36403500032272196,-0.555204731449677,-0.46704185420452354,-0.43341970514149214,-0.16823848017166326,-0.46193430609839625,-0.1374333157864021,-0.016086186500932496,-0.18404279919926783,-0.29644108225462723,-0.5633364439397178,-0.40774824842257557,-0.5531625597883507,-0.10616499201667975,-0.15826688236946537,-0.14193007256107898,-0.22826476269065596,-0.36156853496361374,-0.28617496127579994,0.20422079097686416,-0.3279436285554424,-0.21904034743847148,-0.28103641913035227,-0.35814782752400803,-0.13321796250735649,1,19,train
-0.7807747930602301,0.5948590792442257,-0.6537592922958122,-0.36111700047221373,-0.7227894304238319,-0.5847797374215097,-0.4184097338186499,-0.6848275360861528,-0.8477389904246329,-0.6969263036892409,-0.15540905653481113,-0.4238199828808038,-0.5415776532753904,-0.012112530258452894,-0.06168645574660156,-0.3241941951872044,-0.2327077751563855,-0.22891738254709065,-0.41809525074542525,-0.2819938043155599,-0.2885912275924071,-0.30673166013410963,-0.42424832419533975,-0.1599426458378968,-0.1534351389536189,-0.14811363432904823,-0.15892153702573145,-0.41410261183945685,-0.49585499531846505,-0.2574549200764532,-0.15171342007086921,-0.43048460655034676,-0.3863929224304694,-0.3501328146389664,0.030480394025290215,-0.34863388976985116,-0.028278156197588906,-0.18187535187991244,-0.08656518509592746,-0.33412203759899317,-0.5581716042441344,-0.13131551886197604,-0.4644110740172739,-0.16687793785851363,-0.19512402196641584,-0.07479945696456364,-0.11808569295505522,-0.20438701235416704,-0.3269138897905898,0.13779583643496662,-0.23115982128798315,-0.3371695423799622,-0.39678824728246304,-0.5026124940208186,-0.09329405314150367,1,19,train
-1.2394716319653833,0.74683465807798,-0.6690039416451429,-0.0979070799868411,-0.6899934456609356,-0.4395450946890904,-0.6062120681042705,-0.32288320702747175,-0.9312140640212743,-0.38541782858634727,-0.21859649541255557,-0.3079066860341334,-0.2533278043433831,-0.20695495248044687,0.06549818318717433,-0.26958967451634935,0.041451641423579405,-0.20882622929162792,-0.3918519813381794,-0.26149753220997674,-0.16591114937695292,0.004692824593898749,-0.3388612582418794,-0.5017125546932832,-0.11437174758886581,-0.47075912363266,-0.09087977838735387,-0.28836848547236105,-0.4658231786302918,-0.4731777458761745,-0.26212064180183264,-0.557557941353438,-0.40943547436591343,-0.3501328146389664,-0.28265237743657584,-0.46439735862727766,0.024025357772050754,0.022172851663447485,0.08889452029008524,-0.47615025389698795,-0.5478419248529672,-0.7333245743495039,-0.7618484857906125,0.05443054214559048,-0.27410360681702395,-0.07728577606073087,-0.1774128843511479,-0.3406109986156875,-0.39123851376131064,0.48320560005283375,-0.28464560951473694,-0.3013088939155811,-0.33023094609499937,-0.5302759407968036,0.09301752389914278,1,19,train
-0.6865559829067391,0.9633281713222905,-2.0671560676837624,-1.7886962302233873,-1.952031525981279,-1.521914220454054,-1.161351043665539,-1.9057524207277603,-1.0157593308691546,-2.025496637675086,-0.8113548505990152,1.6398912629383473,1.3640741257751021,0.6297213311787038,0.3149757441726578,0.9540479932441742,-1.432155222693732,1.3337278706555677,0.9680265243100137,1.685648317820427,0.8352459174884498,0.11880255945606977,1.340417705509508,0.5330907804521924,1.003275283124903,1.293036217893751,0.8476272373144061,1.3899087664710483,1.481624626610482,0.824155359280483,1.2496090095913586,1.8615418397128158,2.2174154462747073,1.9819001194317547,0.6627677210155967,1.0577691042214366,0.39469808720906224,-1.3264582436309469,0.9350002107070798,1.7354319713146449,-0.8164135890233108,-0.4169626727412622,0.7517241499269413,0.4755041987905673,-1.5246137002849862,0.46721810599989366,-1.250952538185206,0.8303913448246905,1.4141392656835872,0.1444383318891564,-1.1455121057358217,0.6310679661583278,1.588355605526237,1.765790141609952,-1.3043193039057055,1,19,train
-1.0126026548852671,1.0163762507265257,-1.5237932087326167,-2.0585979283482185,-2.0467754819629795,-1.6247445879361317,-1.7720039167829342,-1.9911406955409,-1.7327888091992798,-2.0734210184601465,-1.3409257669077306,1.3080610405929773,1.6256341738800717,1.2457672249688319,0.7112048116201903,1.979123767656134,-1.4882332851759974,1.3270308195704137,1.4547198842262092,1.4465251432552897,1.733439347280168,0.7939518240572483,1.6972918529560217,1.2664720432043757,1.561013704277211,2.386958067342187,2.1709221294538876,1.6167768640464604,1.9436525756593015,2.247326779486978,2.1753310994894366,1.6615189978931353,1.5779846300661353,1.4587543384627648,1.2589243436064572,2.355797786941942,0.8995407003073232,-1.469929636747372,0.9720417040663492,1.8484748373477426,-1.4697658105146272,-0.7363960491223995,2.1333689013901913,1.8288153464262837,-1.1665729156288958,1.0614483699838628,-1.3385307731032476,1.9620983076127068,1.682158532228257,0.9304669606349437,-1.364549143235861,1.595086574877279,1.6578067024175034,1.9809502832009465,-1.5092620386504167,1,19,train
-1.6349426903727993,2.4286021483798095,-1.5934830343295572,-0.39346059239626374,-1.6204276800453274,-0.4543865910267099,-1.596013050062447,-0.6032626168616614,0.7682528189462459,-0.5278597381419439,-3.098138352841195,0.11710873573699133,0.3498616943476691,0.19419121091777602,1.5672552659821437,1.3189054722721598,-0.9586071395101562,0.44078772596833443,1.4523341324619141,1.161854697344412,0.2108919479990849,1.371632356796989,0.22819643616699845,0.05841035148637788,-1.696439097861366,0.38962884784363805,-1.470485091468941,0.37583570381468856,-0.043067605250622025,-0.6948928723925548,0.1313820202649344,-0.11044805963885795,0.20983310889914522,-0.04301240591090267,0.39479833005303827,0.06515893508222648,0.2900910592697829,-0.5772187462451723,0.648416025243259,0.17891866208968177,1.4896873350547353,-3.466937122226544,-0.5723520702253403,-1.2224998026568508,-3.0436543822450157,1.5164447645824668,-2.7510829492006925,-0.4165820678769201,0.260584342475327,-1.4276189256024183,-0.9086464721601978,-0.5797562819919521,0.4510938939317485,-0.1952408631765408,-0.46591720722279656,1,19,train
-1.572956631061292,-0.72847544211007,-1.230878160520476,-1.3626530538445214,-1.49410240540306,-1.2070624767202691,-1.5830204357408004,-1.4316563277354033,-1.087462278702167,-1.4437479042564343,1.051170133464023,0.7103120784228927,0.7315258461743084,1.2600938736616254,1.0316122673956643,1.0781491765870266,0.7922745891028015,0.7533167766088661,0.8940682196168663,0.6767762575122762,1.0674617798248451,1.3122002032229416,0.77336001110063,1.237991217466427,0.5063021374288776,1.5296429100497329,0.7678541409797565,0.7831049392211511,0.7308292094061505,0.8091746074888356,1.3232138240786675,0.7931845434053457,0.9731176417607291,0.7664320611605194,1.4425887576369747,1.1981630983676772,1.1178510194849498,0.8128596403939671,0.6211222932943238,0.8861612085531659,0.6168294265011187,1.134132087570991,0.6245936432818852,0.9024533018073346,0.6025697850247262,1.1633874529267194,0.8028983258604788,0.6889279744761885,0.7923345672999524,0.9371094560891334,0.7315843667935847,0.5466899697715488,0.9314639807630082,0.8313803838433472,0.7397848556259583,1,19,train
-0.5725016337735659,-0.5449577620089325,-0.48824595650307845,-0.7648542513862175,-0.7738054067216706,-0.6674680741596754,-1.168437924204619,-0.9040332565019737,-0.6165772481570104,-0.881967662831558,0.717179385110231,-0.4510936997859027,-0.207955142937419,-0.06655379529106886,-0.3600811855527681,-0.048689568166072304,0.3623427767387656,-0.09274401048228756,-0.29642191076637636,-0.3821978012761889,0.09916544819572484,-0.07613490426680572,-0.23595889670822204,-0.19791708015516196,-0.31402908123093715,0.40806573294670156,-0.24807970351739866,-0.39223580725387497,-0.5235766722613943,-0.34134713010967815,0.26160592281940404,-0.3975396678976935,-0.2769408007371102,-0.2642432088082367,-0.1742602642382376,0.12673524830426183,-0.16017397403407152,0.44302227147162726,-0.053422796300791726,-0.1718040761155706,0.1984774111588528,0.36319191957420766,-0.2821107248658728,0.20327518356427995,0.3656310304729019,-0.13447111527257727,0.4610606992448972,-0.22796424074558402,-0.24114772449629537,-0.17218728476055514,0.3215266570551392,-0.261229345631861,-0.11898385971739715,-0.25364147303695356,0.28731388281295983,1,19,train
-1.478737820907801,-1.193004569866074,-1.4900371994590986,-0.9288028035529539,-0.4324842319670829,-2.099672470739955,-2.3602150015265764,-0.536991119991762,-2.2165161587593043,0.4066656871667367,2.50749015331299,1.1148722125151933,-3.456103903587908,-1.5651212485572874,0.6940838025329513,-0.8081888102243283,0.1567232143037919,-2.9747083274603336,1.6193367559625693,-2.1562640201927787,3.135497384028215,1.9112763112493394,-0.23595889670822204,0.2055612844657804,1.858329516331165,-0.27717183005049295,-0.49209152759985625,-3.1228530298784123,-1.9512430348222463,-0.72185822561752,-2.362688809093495,-0.7246358445204651,-1.336898189767536,-2.356826332684196,-0.32781575793588347,0.69816343500475,1.8000707669150322,-0.5198301889986023,-4.786935737159,-2.4007775114861416,2.075896640503466,1.8835719321575053,0.2983719658530622,3.309427832117458,1.455549301411294,-0.6118443817366864,0.2774289163522293,-2.5987855401047386,-0.9658718212330832,2.0862611696639606,1.9846799766775305,2.911383318511033,-1.690314926882301,-2.316105116002058,0.6945377583446585,1,19,train
-0.1968661143458323,-0.539222834505772,-0.6744484592699039,-0.44699481351193276,-0.7446534202657628,-0.47876904929565617,-0.9924470574841318,-0.8250172410032476,0.12185609519789438,-0.8100810916539671,0.34708152882629933,-0.3579085003601481,-0.49887397195213007,-0.29291484463720896,-0.38453976996310957,-0.0809558758352139,0.4869606933660224,-0.32044374737753206,-0.01967470610814759,-0.2660522593445508,-0.10018967890438818,-0.3471455245644619,-0.4964989184636524,-0.26911914450003416,-0.7719388355622094,0.1407308989522804,-0.5296318082279267,-0.4004358589734682,-0.43348122219687446,-0.7727927817091208,0.11156533944142813,-0.44931028578043436,-0.17036899803568148,-0.15753188035187557,-0.20135829253782217,-0.252574841143476,-0.40804714893366817,0.47490480327527723,-0.08851473737799427,-0.32252789749303445,-0.22503944387899666,0.24954735297707228,-0.6491101119732987,-0.46065025644803237,0.331406543704305,-0.2413828364077684,0.26895360329564466,-0.6575937358780717,-0.31833727326116035,-0.48438457110747346,0.255306157345825,-0.6704626281077396,-0.4488765699509129,-0.3520003949071225,0.19415809429263658,1,19,train
-1.1737664090951858,-0.7055357320974278,-1.0272532013544153,-0.9578005066572746,-1.3629184663514748,-0.8911506261052261,-1.8003514389392543,-1.2889177190925432,-0.1831489814052185,-1.3026372275004228,1.1294022006459923,0.18983864748392176,0.26445433170114846,0.7214118828125833,0.4812941181629801,1.1476458392590239,0.7486583182832616,0.35595841222304725,0.8057954043379486,0.42398890154341684,0.7344729960971839,1.031680438353438,0.15813525384621047,0.40018026034176435,-0.41819812487027874,1.3882934575929124,-0.32316026477353943,0.2446348763011973,0.23414916417866963,-0.5480815048344111,1.1420327422637533,0.1719371288124557,0.5497107499469448,0.44109264513502827,0.8283667828463913,0.7917594311022438,0.46746819360160435,0.7554710831473971,0.4378643787800438,0.7702198074935783,0.025455281356804534,0.8454134589188091,-0.5363717381559848,-0.10224802776881951,0.7473656905841745,0.6760689100779413,0.9102522912438846,-0.4087229917464478,0.4492699061227748,-0.22532724839407314,0.4310451758051589,-0.45107983750211395,0.40479316267090415,0.5731882139341539,0.5614580604584825,1,19,train
-0.7894528413638411,-0.6582225801963534,-1.0969430269513558,-1.6336700482425957,-1.4807410782774357,-1.3045923097960543,-0.5778645459479504,-1.850950990623805,-0.5459444935752369,-1.8377928129335988,0.605849135658967,0.435302099629812,1.097176117504725,0.6641052880414086,0.173115954592677,0.015843047172210883,0.9418160890555095,0.8336813896307171,-0.1365765425586063,0.339726449553797,0.04001612477041658,-0.07375761812384382,0.9331870832699277,0.5425843890315087,-0.0036921387220653977,0.24520658120297373,0.12263056768479653,1.1220404102976702,0.8186145197254262,0.08111007041477612,0.28425355804626834,0.5625699728367729,0.6850857425676786,0.597255564827264,0.7410509138810633,0.2080159817573485,0.3037354542183846,0.949954527149662,0.6971548322949292,0.9557260491889185,0.21138951039781162,0.4123355159405365,-0.06862742125436365,-0.094414099273099,0.6236310076515551,0.34041583209536463,0.7350958214078015,0.18070771803897742,0.7430190222557331,-0.08583484385608836,0.708661886124976,0.03620309163153528,1.1195607015101883,0.9328130220219589,0.8143094864422169,1,19,train
-1.7663531361131943,-0.72847544211007,-1.66426176345145,-1.7039337134569112,-1.8670048988182144,-1.7042526040305217,-1.346791084438133,-1.86751886484128,-1.4727318491482047,-1.9749097912908553,1.0391344308206432,1.5580701122230507,1.3106945241210266,2.1512114223533922,1.7262360646493635,1.1451638155921666,1.1038193806709433,1.3873042793368018,1.0324418219459808,1.389591054073114,1.1748068482633676,1.2028450406466944,1.44550947899069,1.8550757751219857,1.482886921547705,1.646409849035802,1.5773164420225245,1.2641746401039524,1.3476365213863244,1.6840505121210387,1.5185496779103722,1.5085603541486736,1.6816761137756335,1.5654656669191258,2.261551390691086,1.2375719388297797,1.8387298859360701,1.096614173446452,0.9233028970146789,1.5035491691954697,0.9473791670184646,1.207847482120484,1.3537950398874894,1.0473809789781638,0.997467709277767,1.8520978425650434,1.0599828219102139,1.5298491204367284,1.585671596272176,1.6589272954444199,1.0092010771134021,1.3841415839103313,1.7214702079011643,1.4645659433825595,0.9793283118210752,1,19,train
-1.4093134344789129,-0.6610900439479336,-1.320168249566556,-0.8161578799554003,-1.1880065476160278,-0.9780793903684258,-1.0940256785442788,-1.0799076135797836,-0.5427339138215199,-1.05769039237678,0.8435542628657199,0.4057555729826215,0.1603641084757014,0.572414736407529,0.9239944959901616,0.37821850253333955,0.5835395787521463,0.3157761057121217,0.4312323773436217,0.339726449553797,0.5373085846794897,0.5324503483314397,-0.001691818323087165,0.36932603245898643,0.018009745369464095,0.7614393640887526,-0.06507083545555546,0.15443430738567204,0.033167006342433185,-0.11663585323496843,0.6154752232391586,0.03545095439432078,0.4316176712777941,0.31876502470944357,0.7741707262472222,0.2080159817573485,0.717615434325968,0.5482346264236723,0.34818497380497065,0.37022197383800126,0.2707851668970222,0.8607708327832869,-0.1501828406115694,0.10926804161563397,0.7421003849274673,0.7009321010396138,0.5458138298107439,-0.08912056244057277,0.35921543256376565,0.24407576370200265,0.4692493102528401,-0.1051300523163197,0.33534206577963765,0.27196401570676154,0.4017624229950712,0,19,train
-1.9473524293027955,-1.1686311279776418,-1.3713467152393093,-0.7425483259213554,0.35947806675174665,-1.8134436128001508,-1.168437924204619,-1.0008915980810575,-2.2004632599907192,0.7128492310712901,1.1775450112195118,0.35348094891451526,-3.175860994904012,-2.138187196269034,1.2248350842373623,-2.3197412233402694,0.78915914118712,-3.6533428374226307,-0.379923222516704,-3.4566386171136685,0.5614064571860968,0.7868199656283625,-0.9737907230240206,0.3266047938520631,1.606587660869423,-0.37857469811734235,-2.028896765811488,-3.3497211274538246,-2.711279011007554,0.3237982494394626,-2.252281587362532,-1.0211402923943445,-0.6888264165831725,-2.8539449603711464,0.84041035097954,-0.5333628294359573,2.095699324134735,-0.7015606202794072,-2.868576291605262,-3.1370054082145225,2.0139185641564636,2.1139325401246714,-0.1381893965884509,1.3626966009309138,1.276528909083249,-1.70582478405027,-0.3186681019608924,-3.2668070111948873,-2.200904601470923,2.890003119620921,1.5695283823460606,2.3101900942552316,-1.2041572486434358,-1.0866185926249465,0.497579805473118,0,19,train
