q1_z_4,q1_z_0,q1_z_2,q1_z_3,q1_z_5,q1_z_7,q1_z_6,q1_z_8,q1_z_9,q1_z_1,q2_z_1_4,q2_z_1_6,q2_z_1_8,q2_z_5_9,q2_z_0_7,q2_z_3_9,q2_z_2_6,q2_z_3_4,q2_z_5_8,q2_z_1_7,q2_z_7_9,q2_z_6_9,q2_z_0_6,q2_z_2_9,q2_z_4_9,q2_z_5_6,q2_z_4_8,q2_z_0_1,q2_z_4_7,q2_z_2_5,q2_z_3_8,q2_z_1_3,q2_z_4_6,q2_z_3_7,q2_z_3_6,q2_z_0_9,q2_z_0_8,q2_z_4_5,q2_z_1_5,q2_z_6_8,q2_z_0_2,q2_z_0_4,q2_z_3_5,q2_z_6_7,q2_z_2_7,q2_z_1_9,q2_z_7_8,q2_z_5_7,q2_z_0_5,q2_z_1_2,q2_z_8_9,q2_z_2_4,q2_z_2_3,q2_z_0_3,q2_z_2_8,y,split,set
-0.8716599950663114,1.7684332507351903,-1.915172135802538,2.0130115999958984,2.0837049446546585,-0.25929573985739407,2.038020471664066,2.2592924919612236,1.132267924865978,1.7996871560305918,-1.4587066003526494,2.1642764261254186,2.5324638650813998,-0.2633541547723995,-1.070924849609429,0.980229621116585,-5.8093151758402914,-1.563715468030516,2.673347611717092,-1.4998822493095063,-4.737237571802087,0.7213709917505481,1.9369976351920928,-4.062399527663746,-1.0440219045406,2.724479341958216,-1.7438464476251723,1.7368465357709242,-0.02317352610566124,-5.5170050633522525,3.2371720826654116,2.4127217388630013,-1.5716238546623484,-1.95880405405439,2.8462115283948126,1.0860146903737382,2.5002793204454794,-1.6780813346660817,2.84762008848227,2.2799164627178663,-3.8347260741201854,-1.7675263584705443,2.953999539044837,-2.3711771952509664,-2.103022065504547,1.0887396002189502,-2.761976759374252,-3.3086090580501994,2.5911594067318395,-4.179497367807811,0.9442448292956311,1.376685888199392,-4.746850742470032,2.2601308551657695,-5.201930116614502,1,4,train
-0.5034132226776272,0.3512447927035992,0.5341709379534195,-0.6302894268852424,0.7088218824443325,0.8760319871547465,0.6678604419861355,0.776938000202248,0.7345421644748169,1.1662872437711325,-0.4097579326390902,0.08426975095835583,0.37136091354975553,0.05725090321139114,-0.10345365757311867,-1.0977193873092166,-0.2730865400460245,0.2392831626672557,0.017463907800380762,0.6846152427161859,0.24625426897738256,0.020865604676951175,-0.3303018265983492,-0.00882764343566985,-0.30120654435175837,-0.05031785946013462,-0.41127852055259373,-0.2617972911180659,-0.4567264587588121,-0.09408173196973571,-0.8960420386980782,-0.8993010657690862,-0.3581151718454748,-1.3427287398041863,-0.8980547566187299,0.008288397809749859,-0.04447669954278877,-0.3041716662618397,0.47119971856917625,-0.006588739661066016,-0.13772885042338448,0.044069306717105086,-1.3184258394020316,0.10121562597513466,-0.015603184278006811,0.6340564213996112,0.2917992203456745,0.10337554753720926,-0.15267832390804809,0.00416883683670883,0.14567210939839675,-0.22509902315753447,-0.9149655113605778,-0.5911165084278315,-0.028245960584160724,1,4,train
2.5782308199434674,0.44819017777146686,1.0934870548407154,1.483285547431412,1.4244986482721718,1.4521490353407467,0.29031021303972293,0.8327323523300452,1.359149286463685,-0.9070983198774218,-1.962878701931102,-0.7032327762984047,-1.110083124478079,1.2364254385077058,0.2326483474524826,1.4434336964692855,-0.0015159443142919434,3.0135321506314185,0.6862288476855455,-1.7585727417862331,0.8621004151550081,0.04209304064887835,-0.16980759503340784,0.8523872952601727,3.2188013787052756,-0.07470096316328356,2.0911243839731015,-0.8200220008725969,3.2705345741996186,0.9127057219578201,0.8679336746359696,-1.2427552195544636,0.7368647559055646,1.65805915448628,-0.01807594385231262,0.2701939493546297,0.09481520891972696,3.2206949420211743,-1.677021344299283,0.1313497132431845,0.02544559884386563,0.8306832139696371,1.427274657044971,-0.04525314305484762,0.9573462942597872,-1.459257694073839,0.7427912327946599,1.2517457707769843,0.25484739069806067,-1.1258474596612733,0.7685588309182396,2.1857786079291706,0.7923736368389446,0.10436422104480371,0.5262389992703597,1,4,train
2.679610498171931,0.5362063826357151,1.4000670088909226,1.7167060816600288,1.710308371179264,1.5926019500226611,0.8079013280938553,1.215684496479926,1.5477615027316582,-0.5934260879936745,-1.1812427592155144,-0.7007327682753675,-1.149906888941193,1.4972566721216372,0.3739996579772682,1.906637771821986,0.5964158059371543,3.6689287331770317,1.2039823495321247,-1.506269668876833,0.9917522354029293,0.6736092608137119,0.14863334061131714,1.1026356151429961,3.7675478610069426,0.6958051138562231,3.012254287479492,-0.6904341218224379,3.7235003247327616,1.3497430030945545,1.5297189556064201,-1.025836806637383,1.9898830237443828,2.1503298601311798,0.7682417576543127,0.4357664244692089,0.3171465243502809,3.8682343349166164,-1.558987219965851,0.5755582903924659,0.2105390039828359,1.1065088697594858,2.150966294024435,0.6929494528562631,1.2964044458714428,-1.2791559154505945,1.2085215463040695,1.4118550807479144,0.37887695601296334,-1.0405632108689726,1.3371426074850705,2.904668423094481,1.3358124133335294,0.33246401013229177,1.08072395912488,1,4,train
-0.521303754129709,0.4800801070701075,1.6736813764841185,0.6839001562375183,1.5328297529224406,1.614710279185555,1.4991431419215602,0.9887029275963873,1.5094923574019243,0.4820215641791739,-0.1221429753627917,-0.033230626124398935,0.04215112732134782,1.2581613746422,0.15726098183926362,0.37728800347871233,1.3444260433035053,-0.24239384378193002,0.7317719797924205,0.16404054797906917,0.8114551728706639,1.4404503852995811,-0.09847682544898945,1.1635068280874665,-0.7663026482537808,1.4687495012460448,-0.5433071400551764,-0.37643272258551425,-0.8126281198919956,1.379488996051505,0.33803442830731706,-0.0557294599804404,-0.7306341163380965,0.32863347636741913,0.31082702824602654,0.2069753679472449,0.07338568454087839,-0.6729875813457654,0.17217993692448236,0.73921408197378,0.061977191963399236,0.12239017194138316,0.2876406506387721,1.659643328454146,1.5853409576796362,0.2088981243217877,0.784058475763848,1.3262794150737967,0.16625484404455879,0.06102500269824252,0.7717531217978285,-0.7854503999974148,0.27033008776540635,-0.1751698342094709,0.8091394889920537,1,4,train
-0.5660300827599136,2.195758303336975,1.3528163349692062,1.5451046843504064,1.7437296694224318,1.6329171384961736,1.8229176706026082,1.7951849265345468,1.566896075396525,2.0297941987252326,-0.9545344987741967,2.559277693765318,2.6758294171486097,1.5434455364074375,2.8303713208746535,1.7280842455687104,1.3277506558462937,-0.8267233270153683,1.990200630113967,2.9042435423621744,1.0180877613907884,1.8251976622907613,2.6019023088182784,1.0552913384084077,-0.7997627996136386,2.2343789575249215,-0.9363225655512365,2.835851433100157,-0.806157180598665,1.2902510171806536,2.0666835252194544,2.129522699776813,-0.9084272489368478,1.9380933882363727,1.998905196300416,2.660458408281464,2.722610635876033,-0.9010340631915514,2.95516229065273,1.9479289997957718,1.81305822215971,-1.1409594366763198,1.9009200141378428,2.0609677555962977,1.2433344743148358,2.6594633088675756,1.9336459584769479,1.5443593372755808,2.839218537361645,1.785662033831431,2.0558580553925814,-0.637845647073739,1.2801848220388081,2.2601308551657695,1.469995032981931,1,4,train
-0.570502715622934,2.4674605009613937,2.0220177400465404,2.123859707574785,2.0410639779306163,1.6979416360340969,2.0895555177517067,2.2149106209504756,1.8211125408011846,2.4015987361318367,-1.2929050367463126,3.471780622173945,3.790894822115797,1.6847291212816502,3.3486594594655337,2.5173425862534793,2.4926455796429363,-1.1057274946853886,2.817168028896697,3.3353943631567193,0.6858549720054903,2.223212086764396,3.4706091812570885,1.6527310210115447,-0.9771016018208846,2.936612344175612,-1.1328302782992665,3.907443509861087,-0.9388114361119425,2.482378888763055,3.4326460268666477,3.5515434066776734,-1.0636434758087734,2.56006416003921,3.186005327383825,3.4943416011312536,3.9012344767127045,-1.0784035490716073,4.027961331816588,2.5815107072034307,3.323030737767099,-1.406569327436915,3.1535557047235594,2.1840015215814828,1.7828791851403398,3.3887278878830087,1.9837561820823908,1.3290399204181231,3.8846105878729675,3.2970884429838683,2.5126416511737997,-1.0861267485456434,2.6580374679542116,3.6287295896906984,2.710230779921838,1,4,train
2.2994367048151925,0.3844103191741855,-0.16579834781712557,-0.4842683620938244,-0.5139366498315735,-0.3412266067551774,0.08641068286688289,0.18475703557312773,-0.3246931080445983,1.1771870510566682,2.638960614489674,-0.3857317573726632,-0.0640455779136224,0.03551496707689686,-0.32333347394500733,-0.12473205584209153,-0.311201711376794,-0.8793656228021646,-0.3852332603025141,-0.6471617370714072,0.2563833174342514,-0.1914087550423206,-0.27170869443971984,-0.03588151585543454,0.016664893566890188,-0.3624215868604411,0.8261059831576579,-0.10479659149960406,-0.24965640137223255,-0.18103155753620645,-0.5286452279102124,-0.6743486375587806,0.31636988674343863,-0.2137486184748655,-0.366582404353864,-0.3499502301654306,-0.24537849059449415,-0.611049030720984,-0.7720930577429722,-0.15621689196398184,-0.28141978336021667,0.6570152084723248,-0.14032317455174145,-0.21222753974902742,-0.14238144966323452,-0.36978955781191647,-0.2947851618592149,0.03988392461770247,-0.40833110139386786,-0.4980606282735054,-0.2951400319848766,-0.46837352334655574,-0.2559925067923411,-0.4949567934203611,-0.2862512072103457,1,4,train
1.0008822969182531,0.3869615135180768,-1.363547989088545,-1.6321857838482552,-2.0190475293342436,-1.9395287562373316,-1.259102150856089,-1.835252122144621,-2.027670075217748,-0.41418481263153306,-0.1458289130208398,-0.023230594032249592,0.0023273628582339864,1.56246448052512,-1.2059938796664462,1.642689080838883,0.8108136446727326,-1.3162966778325735,1.5203872673272563,0.052260705550853916,0.9836489966374342,1.1061182687417281,-0.8652825984814873,1.0598003171450352,-1.3518552970512914,1.2395483264364446,-1.18809807250965,-0.618163958506003,-1.453251109931726,1.306268090311319,1.6003721884502404,0.06678927324124387,-0.9479368339587925,1.908616100473205,1.0710067452150356,-1.0122401306237474,-0.8909429125073074,-1.4810041281326864,0.03578494880585003,0.9192354527132256,-0.8172164824467095,0.38118955268247595,1.8672599379992632,1.1762963906552046,1.2993527776245877,0.15575333718705975,1.5209735287850659,1.5719643907188448,-0.980385831213623,0.03733493358927015,1.5351886420195846,-1.1489954396057276,1.1839062986440982,-0.9399750093851662,1.191620951095784,1,4,train
-0.5063949779196408,-0.5174368813913723,-0.4734771547492333,0.21812493496854324,-0.4851251858288424,-0.5389010792704642,-0.3818860402773321,-0.6483540859714805,-0.5570414904036958,-0.050857903113678854,-0.0003295816928299889,-0.8257331694272342,-0.6242331980280904,-0.7333937736808382,-0.20711128529129477,-0.7328491380090447,-0.6542382533537193,0.07082781614950769,-0.5817878304479747,-0.6152246392347742,-0.5377340815842657,-0.6477986284387549,-0.6360051248172852,-0.49128836825480676,0.16388955955026424,-0.574554589077837,0.25807587599538356,-0.6954182710166747,0.2291931063342325,-0.6455266783255106,-0.6275597538915609,-0.3911495984725924,0.2317064902678428,-0.9241512535672057,-0.682416384183395,-0.20846102415842654,-0.3471687313940249,0.20259829339546268,-0.6855346998984555,-0.6121151685119285,-0.14747060858859343,0.4084315927604857,-0.8135246973233358,-0.8332551204361522,-0.8617743974305732,-0.6118935880923437,-0.680928649642333,-0.7468600985153165,-0.25645816427357887,-0.6165109738183673,-0.7583122095252726,0.2805839266735771,-0.9470583524921478,-0.5575724217973186,-0.38356897567460846,1,4,train
-0.5436669184448113,-0.5403976304863936,-0.352603337740191,1.0313663396097974,-0.4228924235829433,-0.39714767463779144,-0.6966979522474861,-0.6838595827800786,-0.4271997473206707,-0.5534601279467105,0.3651105993170551,-0.28073142040509513,-0.31360783521580243,-0.39376977157936516,-0.15371190131526466,-0.7846037832998491,-0.2421179633397743,-0.4503309121397752,-0.3564691768665931,-0.2511417238971589,-0.035333278123571225,-0.3983762557686106,-0.2869938593506666,-0.22300413342547362,0.3044221952616667,-0.4404475187105178,0.4760766198252294,-0.31911500685179006,0.2162512277475713,-0.3846772016260984,-0.9125277930283029,-0.6683231260888617,0.3841006039239152,-1.0302694895146094,-1.104980467541526,-0.05493018359763493,-0.28288015825747914,0.18289057274212314,-0.20552926094249946,-0.17959629076131242,-0.23027555299286961,0.48675245798476374,-0.9938465337800129,-0.47001257324179624,-0.37529965816167615,-0.16902036196961095,-0.3596336865250821,-0.32450278083338,-0.22102114561217812,-0.22562483352032317,-0.4995746482785686,0.24504944911787738,-1.0304997394342297,-0.7968535730949776,-0.3247256738124961,1,4,train
-0.36625248154499984,0.1599052169117553,0.5693342301742319,-0.10482676307378969,0.012736912138350187,0.21278211226792895,0.11441886008842685,-0.046028693682760684,0.18784008833576388,-0.23252135787260592,0.17562309805267026,-0.7132328083905541,-0.6587471272294557,-0.81218654216838,-0.39872083955822635,-0.6759190281891597,-0.8305209207585281,-0.16869462968041526,-0.7951214492643892,-0.5896749609654679,-0.5113985555964068,-0.7220946543405,-0.5086287505593953,-0.5093242832013165,0.08693121142259144,-0.7623044875920839,0.1690333186564325,-0.6381005552829506,-0.0037607082256694143,-0.7301883505876006,-0.43915113297470665,-0.29273291113058375,0.04826913123738515,-0.820980746396119,-0.5952897690580071,-0.3228565524194085,-0.5721787373719349,-0.05641746376271412,-0.4652043344760495,-0.7664192005743103,-0.4007563208840264,0.010016756619592877,-0.7582260008099548,-0.9240657572347413,-0.9236893642466146,-0.6207510526147983,-0.9196891268212076,-0.8793643550429828,-0.4057998857751964,-0.6946882018779761,-0.9499696623006089,-0.21963218045665758,-0.6475251685974948,-0.4636489792318823,-0.6008365517808695,1,4,train
-0.743444519659725,-0.4166647048076679,-1.4393688379396714,-1.8197748889817555,-1.9130213418041933,-1.8641003390933406,-0.952132528507967,-1.075688101132109,-1.9757333779845383,1.4218271701320235,-0.9105463288378216,-1.9082366434024003,-1.7631928616731458,1.4537847998526485,0.23893062792025085,1.9273396299383077,0.5702116256472503,1.1157773875174133,0.5591874791768942,-3.281972308593623,0.9714941384891916,0.6868764082961664,0.005971801442480348,1.2288870197685646,1.2513444787456407,0.747009631632836,0.8046129520758422,-1.1813728174547709,1.2257177575071463,1.500761121183688,0.7595987176087784,-2.3835853911924416,0.5590716233068133,2.173911690341714,0.7791325845449862,0.30631885301599243,0.16178247260362877,1.1710919940738629,-3.0698240114337785,0.44930953688688063,0.0717189501286082,0.31989496250695393,2.016325989470116,0.6841613267144642,1.5145809956041603,-2.843974647750917,0.557088639433313,1.4284181128138729,0.24472252822337476,-2.5188235232688485,0.6375929048550931,0.8655360956674035,1.4812999597966465,0.22735920535668452,0.6077143403102075,1,4,train
-0.47508654787849763,-0.7228080260746181,-1.0833405042039468,-0.9521752777393167,-1.206564244457228,-1.1956485044034892,-0.9073194449534967,-0.9780479849084639,-1.2513531271002931,-0.6551916626117096,0.38541283159538203,-0.1857311155296764,-0.07466524843711943,0.36970498514474637,0.4776572856954443,0.37987573574325256,0.20335310158859402,0.46301291976113973,-0.025682217353500833,0.08100409360382355,0.3029769403358481,0.20925909892780487,0.051827296175320746,0.36767208107272203,0.6222936331803153,0.1252404872025378,0.4944992178953572,-0.24684484353535524,0.585094767467416,0.2994806363837634,0.12607472977585604,0.07281478471116276,0.4010332832190344,0.393483509446388,0.1561772863984631,0.5411307268148502,0.1483890198668484,0.38559855660504405,0.1669339758429965,-0.04399577773679497,0.22758708077195158,0.5650733232090418,0.26840632141672655,0.13343875516173076,0.4767682184971799,0.1350859199679989,0.2829562397094199,0.4153126514460905,0.3130653499275048,0.14157123766874857,0.11692349148209633,0.4336555222981298,0.2617719967969877,0.21394157070447936,0.13017831365998794,1,4,train
0.7191064265479643,0.8653104529976867,1.4099566848280263,2.0172749887489325,1.0891332072803823,0.8461207182873018,1.7904281850256172,1.4337896911613148,0.8206477414667177,2.2720121384038023,1.4885007853844798,2.8167785201381634,2.2855565254100942,1.2011045422891526,0.3739996579772682,0.5351396716156661,1.6207610354515842,1.0025964515758015,1.484432163032355,1.546916884305275,1.0241651904649096,0.9256850629803471,0.6046407604545634,1.0507823596717805,0.3311903163495529,1.4370514664319511,0.7309225597953308,0.8297313824198116,0.2712542117408815,1.4321165220522636,1.873564688779679,3.16791917642617,0.9344126810152881,0.5408699482622262,2.499883233271396,0.4417872417461027,0.7028779631695552,0.3827831679402813,2.0528569846371623,1.643996815430474,0.6805788354541683,0.1632532320583978,1.1147168071867308,0.9712401140132294,1.2639727965868497,1.5079929209484706,1.0965104582448444,1.13304404097095,0.6092175773120683,2.093632932248072,1.1710394817464458,0.5703265898200519,1.3978585728545647,0.8154988576116783,1.580892024952835,1,4,train
-0.49297707933057944,1.431675597341545,-0.07349470573749327,0.39612141540771684,-0.326085904533767,-0.17996585286112768,0.5625496956331302,0.53854395020166,-0.1743500371063587,1.648300943731486,-0.6838380683965041,0.2392702483866706,0.4456986072142347,0.049099927160955785,-0.5212253086797072,-0.290346920772666,-0.34217028808304417,-0.1976478923631532,-0.4044093159264615,-0.4715076989699261,0.37388027953393,-0.003015260791466901,0.09513526342300335,0.1084058037166438,0.14046745359836382,-0.29414889649162407,-0.21784124081625167,1.2558761385270651,0.08359697223429381,0.03634300637997038,-0.11179115413167243,0.19935052557945962,-0.24805275642720023,-0.43188054792230607,-0.09431173208702699,-0.2867316487580458,0.3171465243502809,0.21667523671927663,-0.6461899917873115,-0.04867165749626109,-0.5809788469403923,-0.8549180158572172,-0.537031214756431,-0.23859191817442424,0.022725128512875985,-0.2664524717166122,-0.30362814249546954,0.12545959029182033,-0.6158907821249294,-0.5714998425113198,-0.29833432286446554,0.015442055681048332,-0.4185962351922956,0.05740249976208557,-0.3247256738124961,1,4,train
-0.4169423206592317,-0.0288831645361974,0.8737164784606384,0.8107359716402828,0.9658201413486934,0.8721305173024712,0.9613861392679162,0.795958802063997,0.7741780649948982,-0.152589437778678,0.21622756260932416,-0.7032327762984047,-0.6321979509207132,0.2420063603545925,-0.31391005324335497,0.07452332852750587,0.11997616430253578,-0.3187251726727846,0.07499207467222288,-0.5226070555085388,0.2381510302118875,0.2941688428155136,-0.6920507294907569,0.13545967613640847,-0.2443242870400002,0.23496445386670806,-0.23012297286300354,-0.47362363187313344,-0.31760126395220395,0.2811754099487169,0.17553199276653028,-0.395166606119205,-0.25087486964305344,0.11050154691997859,0.05598167900426705,-0.18738816368929828,-0.44895897219355557,-0.31824860958565365,-0.5465167312390803,0.19213615011624405,-0.40319176042532867,0.17346899708765146,0.0880844849600495,0.33263628104250664,0.03157012377231048,-0.3520746287670072,0.11493960762058222,0.29661092164005604,-0.5652664697514999,-0.40803836565941043,-0.033208179858583736,-0.1731640174992041,0.020005926939160618,-0.4077421681810274,0.11659909015334663,1,4,train
-0.8642056069612774,1.2594699791288853,-0.25480543125105676,1.8531345217571198,1.7656263820645075,1.7772715230303633,-1.2030857964130008,0.3470678781267196,1.7773763747100604,0.001218953917213579,-0.04431775162920505,-0.3057315006354685,-0.1251086834237303,1.4809547200207664,1.1372967348111103,2.0670771722234798,-1.8262797717748809,-1.3768353179873893,0.017463907800380762,-0.8004598066872453,0.8013261244137951,-3.378177580327888,-2.4294644743683764,-3.428888015167589,-1.4689658268107935,-3.1494103401303657,-0.38978548947077796,-0.8947842387861501,-1.44354470099173,-2.672830506006907,0.1943728548582157,-0.32085196465687194,0.7425089823372709,2.3095072140522848,-2.684150366689181,1.1010667335659725,-0.5989656428454956,-1.3543116382183609,-0.45471241231307774,-0.8225297576879038,-1.5308002680482662,-1.2294960669298516,2.290415180884265,-3.8563705132149866,-4.470532463279846,-0.6266560289631015,-0.5394409594622592,1.3952920486819562,1.2065844633185383,-1.2703568812260047,-0.5506833023519916,0.015442055681048332,-1.813565063044537,1.2068465349676627,-2.1986585177289975,1,4,train
-0.4989405898146067,0.6382541563913652,0.5154904389611129,0.7052171000026889,1.1237069640836597,1.1153221380943041,0.6913873108522324,0.8035671228086967,0.9600567708821762,-0.12231219531885683,0.12825122273657402,-0.6682326639758821,-0.6401627038133358,0.29362920867401643,0.15726098183926362,0.09781291890836791,-0.2730865400460245,-0.32925363183014383,0.2547675961467295,-0.7333919012303161,0.1996606460757859,0.25436740036815014,-0.13668973772635645,-0.21624066532053246,-0.468507301151047,0.23496445386670806,-0.36215159236558625,-0.578290764952108,-0.5893807142720896,-0.2519643099720115,0.013029557225743497,-0.32286046848017824,-0.4484227947527771,0.12229246202524564,-0.11391522049023925,0.18891291611656352,0.10017259001443911,-0.5209565934485747,-0.6566819139502833,-0.09543045509092228,-0.12311621317557103,-0.3032667042775194,0.09770164957107227,0.1627325089677272,-0.4077313074462693,-0.6030361235698891,0.2829562397094199,0.2358798040648756,0.24472252822337476,-0.46252552461004687,0.22872367226770915,-0.17043059614876566,-0.31589914357127175,0.052929954878017174,-0.24551353669042175,1,4,train
-0.6718823938513977,-0.25593946114251886,2.1209144994175753,1.6538210975527758,1.9742213814442804,1.9710445256933746,1.7982704746476497,1.8636598132368434,2.06029469911202,0.4154116307675673,-0.3319327089055035,-0.08323078658514564,0.018256868643479522,2.1112968679211006,-1.2719578245780128,2.263744824328537,2.1924886054131263,-0.929375803799621,2.253871394943243,0.09697264252214001,1.003907093551172,2.2789341061907047,-1.2601493586809462,2.0157038093100543,-1.2280527370198175,2.390430821225075,-1.17274590745121,-0.6306243314915952,-1.113526797031869,2.518989341633148,2.2127002064300165,0.22746957910574783,-1.103153060830718,2.356670874473353,2.038112173106841,-1.1236252502462825,-1.0864873224643006,-1.1966498729916444,0.2141476255763692,1.8497355248469833,-1.2336766440093927,0.3743790426629735,2.319266674717334,2.295317786044269,2.407925516807044,0.23842300606330322,2.1281915324745495,1.8866619999720522,-1.048728652917753,0.03733493358927015,2.5765274687655784,-1.2227978160675654,2.082505850328057,-0.8393427494936274,2.309643686475919,1,4,train
0.7996138180823326,-0.15134049304297753,-0.6921488782474098,-0.8253394623365523,-0.6015235003998758,-0.7001618331645139,-0.38748767572164083,-0.26413388836414975,-0.786656362382098,-0.07507969708153579,0.2906690809631896,-0.5682323430543886,-0.5260012456857429,-0.5948271808234372,-0.34846259581608036,-0.2282413464237006,-0.439840414618141,-0.4055849607209984,-0.605757899977909,-0.481088828320916,-0.18929481466797762,-0.3904159672791379,-0.38125237630150527,-0.3086747294213951,-0.23094022649605708,-0.44776244982146246,0.32255496924083094,-0.5583541681751605,-0.24965640137223255,-0.4075587346699065,-0.47212264163515616,-0.3288859799500971,-0.13799034100892565,-0.4259850903696726,-0.3513352467069211,-0.17534652913551071,-0.44895897219355557,-0.13243295771130947,-0.4363515485278772,-0.4578111364495465,-0.3812728045536085,-0.003604263419412005,-0.4144123659658906,-0.49637695166719303,-0.5757862173755246,-0.4347442976432506,-0.5836558626435323,-0.4680490587383519,-0.24127087056154997,-0.5051676490061972,-0.6976206828130828,-0.5039080009022554,-0.2025044382397245,-0.28027463898507815,-0.5193612107410216,1,4,train
-0.5093767331616544,1.7620552648754622,1.2374367823696657,0.11047436895443226,-0.7501906546539681,-0.20207418202402158,0.8191045989824728,-0.24004087267260094,-0.11694631911175814,0.9434467392668486,-0.3082467712474554,0.36677065756157473,-0.44104388149776674,-0.20086333838572842,-0.4960961868086342,-0.2592941335981833,0.4725414991121535,0.04713878304544937,-0.1311505232852114,-0.11061849341597402,0.2786672240393629,-0.1967156140353024,0.7778726294452938,-0.34925553805104215,0.08358519628660567,-0.8330154883312159,0.2764984740655114,0.7549691445062583,-0.0005252385790041097,-1.288497756856518,-0.2672282663880772,-0.11799307850293568,-0.34400460576620884,-0.31691912564595226,-0.21411082788443528,-0.19340898096619208,-0.499854092593321,0.3264753946450255,-0.8245526685578307,-0.39234881981702086,1.265084325366706,-0.7459498555451781,-0.5418397970619424,-0.36162568415960933,-0.6848744922418833,0.03470132204684613,0.01766682062178147,0.0343629139290497,-1.3727242521077028,0.8096311865417694,-0.15778552416255232,-0.5640432706119012,-0.3736662576080977,-0.16846101688336831,-0.471833928467777,1,4,train
-0.4243967087642658,0.06806222053167021,-0.2778813417709648,-0.18263360781666196,-0.5715595778370356,-0.5506054888272903,-0.07155543666262504,-0.4302488912900914,-0.5474742040712623,0.29551375062667545,0.009821534446333487,-0.8682333058188689,-0.8525561142832764,-0.7768656459498268,-0.37673285792103745,-0.5801729344011713,-0.8043167404686241,0.17348029293376035,-0.8622376439482051,-0.8675277121441743,-0.5741986560289936,-0.7008672183685729,-0.6971457844610724,-0.5476506024626498,0.22411783199800814,-0.8964115579594031,0.20587851479668812,-0.6829578980310825,-0.02317352610566124,-0.8400197091978794,-0.5710371676165046,-0.4433706978785562,0.039802791589825574,-0.7973989161855849,-0.6497439035113746,-0.38908554246524024,-0.4677098060250481,0.2363829573726162,-0.8822582404541752,-0.7874606594919079,-0.4908675839122093,-0.00019900840966078436,-0.7918860769485345,-0.8039613666301558,-0.9177927007403249,-0.7329456032325573,-0.7840967570653036,-0.851759301599719,-0.4943924324286983,-0.8012935128683517,-0.9020552991067747,0.09197785349332468,-0.664641350534332,-0.3406539949200015,-0.5510460655898514,1,4,train
-0.37519774727104077,-0.07480466272623994,-0.16909490646282674,0.2874050022053473,-0.020684386104817834,-0.03170999847466259,-0.3101851065901795,-0.0536370144274603,-0.06637637706889574,0.5716422018602446,-0.2033519044760995,-1.0057337470859224,-0.579099598303228,-0.7931675980506975,-0.543213290316896,-0.541356950433068,-0.6899712264763157,-0.031824660634745004,-0.7016381780976458,-0.5960623805327945,-0.5235534137446494,-0.698213788872082,-0.47551089325234386,-0.5859769217239832,0.006626848158932866,-0.7671811083327137,0.1567515866096806,-0.6480688536714244,-0.0037607082256694143,-0.8011211030234056,-0.5145145813414483,-0.12803559761946717,0.14704309379224695,-0.708967052896082,-0.6453875727551052,-0.4131688115728154,-0.44360159109884345,0.008336475526830082,-0.48356519826124994,-0.8435712166055014,-0.5176574188665339,0.010016756619592877,-0.7029273042965739,-0.7688088620629601,-0.7585827860705041,-0.35502711694115874,-0.7664107957927944,-0.9097299138305731,-0.18558412695077736,-0.6378320360164424,-0.8669180994312965,0.03184258378367898,-0.7416641692500999,-0.41445098550713,-0.5917837361097753,1,4,train
-0.521303754129709,0.3002209058257742,1.0737077029665085,1.2871696647918434,1.0914381244006008,1.2557750527762184,0.0617634869119242,0.5841938746698577,1.0857982483941584,-0.1392674510963567,0.23991350026737224,-0.5582323109622394,-0.7012258093234438,0.5816303624560656,-0.10345365757311867,0.8534307401541139,-0.5970654963575651,-0.6582679804976204,0.12772622763807817,-0.5545441533451717,0.4954288610163561,-0.4992065766352647,-0.3736097938460318,0.46461512391021215,-0.5053134676468904,-0.481898795005871,-0.26389773599157124,-0.49106815405296256,-0.5149649123987876,0.48024474742984724,0.4157529844355194,-0.32286046848017824,-0.13516822779307247,1.0360883826834426,-0.39272038889148037,-0.07901345270521008,-0.2319850378577138,-0.5237719821133374,-0.4783192371797641,-0.4063764590954192,-0.1645186853777091,0.044069306717105086,0.7420516785095983,-0.5520350838985864,0.6241848061544214,-0.4967465493004332,0.22695069567980736,0.6665186377797913,-0.19824020504413478,-0.5809758701549087,0.08498058268620695,-0.5449093211588321,0.5827004081126874,-0.06111993966572687,0.10075666272893176,1,4,train
2.275582662879083,0.18159036883483096,-0.48226797780443637,0.061445398294540134,0.08649425998534169,0.40915609483245724,-0.7885647735341503,-0.5925597338436832,0.2944469931828792,-0.7145350578329591,-1.2929050367463126,-0.033230626124398935,-0.01891197818876006,-0.029692841326585978,-0.2919220716061661,-0.14802164622295358,-0.003898142522465036,0.09451684925356599,-0.3660572046785667,-0.5226070555085388,0.2644865561997465,-0.5628888845510462,-0.613077377450865,-0.3357286018411598,0.8966668743311488,-0.49896696759807524,-0.589363635230496,-0.6605292266570166,1.0154122304739015,-0.37094828179981354,-0.3237508526631334,-0.27666488054413335,-1.3345663445306801,-0.36997824361965403,-0.3731169004882681,-0.30780450922717406,-0.30966706373103986,0.3771523906107557,-0.4599583733945636,0.10095649480665472,-0.4299815953796533,0.1292006819608856,-0.5658827085894993,-0.8156788681525544,-0.6111661984132626,-0.372742045986068,-0.4185868907667795,0.02332089255174417,-0.37795651396981006,-0.047949315203030383,-0.5187403935561022,-0.9330551529210908,-0.4014800532554583,-0.2512030972386336,-0.0486147958441227,1,4,train
-0.5257763869927294,1.4291244029976535,1.3429266590321027,0.8459089288528141,0.44951870641975294,0.7849976906016539,0.9333779620463721,0.3140984882330212,0.8110804551342843,0.932546931981313,-0.5315713263090519,0.28427039280134264,-0.026876731081382825,0.07083586329545007,0.697537102067333,0.24013819345808035,0.4725414991121535,-0.4240097642463771,-0.15512059281514562,0.47702410677807183,0.31108017910134317,0.33131685576638614,0.647948727702246,0.4375612514904475,-0.3580888016635165,0.08135090053686969,-0.22091167382793964,0.47585678962899286,-0.39525253547217126,0.12329283194644111,-0.010521520388863281,0.46246452643258484,-0.45971124761618987,0.06333788649891035,0.23459124001131215,0.9144213979822651,0.18053330643512125,-0.2760177796142118,0.13545820935408134,-0.09075457533145616,1.1360060296776873,-0.5620660850186122,-0.11147168071867311,0.27404877343051376,0.3912665976559798,0.5720541697424285,-0.03539106319574622,0.10061504219288288,0.3535647998262485,0.7030258755513937,-0.16417410592173018,-0.5995777481676009,0.310981019865395,0.5583275267777457,-0.08029965069295243,1,4,train
-0.5585756946548794,0.29129172562215483,1.1363423172348304,0.2532978921810745,0.6903825454825846,0.8916378665638481,1.0902237544870184,0.6463284940849046,0.8220144966570653,0.4299447071482815,-0.2033519044760995,-0.13323094704589233,-0.21006604761170647,0.1333266796821211,-0.24480496809790425,-0.13767071716479268,0.22002848904580566,-0.18711943320579397,-0.1431355580501785,0.02032360771422099,0.23004779144639242,0.3525442917383133,-0.26916116695456205,0.22563925086895742,-0.49862143737491893,0.14230865979474205,-0.3928559224824659,-0.36895649879415887,-0.6670319857920569,0.08897053238072898,-0.33552639147043684,-0.10192504791648528,-0.7137014370429773,-0.20195770336959845,-0.39272038889148037,-0.08503426998210388,-0.04447669954278877,-0.5997874760619328,0.0515228320503076,-0.03931989797732885,-0.3544829695992839,-0.07851987363393886,-0.4071994925076235,0.27404877343051376,0.178986711429552,0.17937324258027218,-0.03539106319574622,0.1917117185556535,-0.24633330179889296,-0.01952123227226354,-0.010848143701461175,-0.7362488156895229,-0.3351548482502137,-0.2646207318908388,0.09170384705783756,1,4,train
-0.49297707933057944,0.9048539653280011,0.4550535304565918,0.9844690633264223,0.5509350597093663,0.6445447759197396,0.2791069421511053,0.16320012679647883,0.5267953755419768,0.35243496645113925,-0.10860815384390705,-0.3582316691192525,-0.30829799995405394,-0.1899953703184813,0.14155528066984302,0.12110250928922994,-0.4088718379118908,-0.47138783045449373,-0.2965440030417575,-0.21601091627686267,-0.02925584904944992,-0.17283474856688433,-0.29718396929129787,-0.07646232448508157,-0.14394383296042695,-0.26488917204784534,0.07692032830579341,-0.23687654514688147,-0.23994999243223664,-0.270269536407058,-0.158893309360886,0.014568173835280085,-0.07590385026015539,-0.030989434343226114,-0.1923291741030883,0.13472556062451943,-0.25341456223656234,-0.2985408889323141,-0.10323301985352522,-0.27545182583036787,-0.23027555299286961,-0.497366239833339,-0.034534363830490904,-0.2532387950774225,-0.3045396960862002,-0.07454074039676128,-0.2859421812229603,-0.23064559912628302,0.12828660976448653,-0.21851781278763144,-0.378191594854189,-0.28250087151674175,-0.16827207436604988,0.26984838175533427,-0.3677265482501936,1,4,train
2.426161302600772,0.06678662335972459,-1.0251013014632264,-1.643910102919099,-1.6007050720145888,-1.6170072484492322,-0.8580250530435793,-1.4003097862392928,-1.6340445803976302,-0.8852987053063506,-1.5974385209212167,0.10926983118872918,0.43773385432161194,0.9728772128769626,-0.4929550465747501,1.277818831538711,0.3343740030381141,-3.2140514409465784,0.9067534873609403,0.7772328264424214,0.8013261244137951,0.5648186514575851,-0.45513067337108143,0.8118064866305257,-2.703645411989544,0.43734421460284434,-2.2105522654017435,-0.38390894637686956,-2.9286252688111047,0.7868572902168756,1.1105097740664194,0.7095104966992597,-1.5462248357196697,1.5401500034336093,0.5329998968157655,-0.3469398215269837,-0.32841789756253237,-2.7563751932702307,0.6810381618286107,0.4726889356842112,-0.386143683636213,-0.03084630349742177,1.3142729728654534,0.5552688099680797,0.8983796591968907,0.7078686257533999,0.969761069125195,1.0226238271978947,-0.4133935326312108,0.42822107388731423,1.001742065128232,-2.067425013353044,0.8180479097442005,-0.48377543121019007,0.7140849244455645,1,4,train
-0.5317398974767568,0.3946150965497505,0.2748416578249287,-1.1546862435084362,0.3192908891274086,0.6666531050826335,0.3171980631724051,1.0977555249370818,0.4748586783087667,1.5066034490195228,-0.6736869522573405,-0.10073084274640698,1.1253575207180442,-0.08946666569644525,0.006486250612825677,-1.25298332318163,-0.28499753108688997,0.4788056084971786,-0.05684330774241532,0.7548768579567783,0.36172542138568736,-0.08261814568619381,-0.19528286988498586,0.13545967613640847,-0.043563378880853744,-0.2819573446400496,-0.4972506448798569,-0.0051136076148663966,-0.2108307656122489,-0.12611587823106704,-1.6991337853561692,-1.6926600759750745,-0.05332694453332984,-1.6640311764227136,-0.8610259451904401,-0.06396140951297562,-0.02036848461658412,-0.031078965779848994,0.222016567198598,-0.08140281581252393,-0.21566291574505617,0.04066405170735386,-1.1693597879311786,-0.0628293953384455,0.03451845552545531,0.6192939805288534,0.5335073577366339,-0.026368203646130715,-0.17292804885741994,-0.055056335935722095,0.3021923624982547,-0.09116137698605085,-0.8636169655500658,-0.7208203100658149,-0.007877125324198752,1,4,train
0.9979005416762394,0.8716884388574149,1.4857775336791528,0.2650222112519183,1.087980748720273,1.2999917111020063,1.5618814588978185,1.2676746882353733,1.2238405226192692,0.5704311121618517,0.5410632790625554,0.0892697670044305,0.241269949636917,0.7392158994311492,0.8326061321243503,-0.14025844942933288,1.208640745437639,0.25244373661395475,0.7078019102624863,0.5249297535330213,0.6676226847831264,1.0981579802522554,0.49509707859277796,0.8298424015770355,1.0338534949065654,0.8884316331110998,1.2651779038290376,-0.1122728152909594,1.0283541090605628,0.7914335968256372,-0.1353422317462792,-0.1320526052660798,1.3605517766091204,-0.2225918048038158,-0.2010418356156271,0.6765991155449604,0.542156530328191,0.9345993462337885,0.40562520505060307,0.9589804306686877,0.5393233420586383,0.9805144343986907,-0.3158364287029071,1.2729657782149928,1.0340029198415528,0.4687170836471242,0.9550227680647706,0.8514724958496589,0.43709491524240746,0.29792569378796624,0.9474391201752201,1.20448034312177,-0.3244572345396904,-0.12597184048471857,0.9834061906606172,1,4,train
-0.46912303739447037,-0.3337508886312021,1.367101422433911,0.9972592295855246,0.9900217711109875,1.1530363466662996,0.9232950182466163,1.012795943287936,1.0844314932038108,0.5159320757341737,-0.19320078833693602,-0.138230963091967,0.039496209690473565,0.4974036099349003,-0.8070690699631625,0.6127716395518729,0.48445249015301894,-0.4240097642463771,0.44413114543320986,0.19917135559936539,0.5035320997818512,0.5409377859891671,-0.7761191365009642,0.6900640607415846,-0.425009104383232,0.43734421460284434,-0.42048981958765763,-0.8349744484553075,-0.47613927663880395,0.5923642593445069,0.5759003122148455,0.15717194529002734,-0.3665815114930344,0.5615040496964435,0.3413213435399123,-0.7232409013328456,-0.652539453792617,-0.4196026015171142,0.10135946232442325,0.37683340061515574,-0.8561835151075454,0.39821582773123204,0.36698225867971,0.5962800652964747,0.7657047303053732,0.2827103286755765,0.6189895038870953,0.5036488224645347,-0.5804537634635287,0.21027243808476845,0.6503700683734489,-0.594110905466724,0.4949799756863962,-0.6895124958773362,0.7050321087744703,1,4,train
2.897278630838927,1.0311380853506182,2.1209144994175753,1.9661143237125234,2.03530168513007,1.707045065689406,2.1074807511734948,2.2047661932908764,1.7910439266135367,0.9906792375041698,2.865668874930991,0.7742719653166603,1.0908435915166788,1.4809547200207664,0.926840339140874,2.237867501683135,2.5688759223044753,4.548055072816529,2.6757446186700853,0.914562347139943,0.6959840204623592,2.0958474709328327,0.7855152119007671,1.3731743393406428,4.550515402827614,2.836641618992701,5.456318964783116,0.3163640154134126,4.254117346785871,2.420598749544773,3.154743311014288,1.1795003913529336,5.099851787614603,2.321298129157552,2.9202691512513925,1.0438689694354817,1.147540594030663,4.9211896955379,1.2161261921401683,2.4599378334573117,0.8632368010518363,2.277916593113906,2.8337849814070517,2.1107671370664916,1.5794442941733464,0.9942599786461005,1.9867038422944756,1.1965356638904567,1.2445526975986105,0.8688563593142004,2.487087324137088,4.807129682999635,2.499712785038467,1.0972691853079872,2.6921251485796494,1,4,train
-0.41396056541721804,0.48135570424205315,-0.2767824888890644,0.6977561696848792,-0.2627006837277587,-0.37243836557338056,-0.19703207061514194,-0.3237324008642967,-0.3602287429936367,0.9373912907748845,-0.3725371734621574,-0.7282328565287781,-0.5658250101488568,-0.48614750015096586,-0.43013224189706756,-0.7949547123580101,-0.6732958390191041,-0.35557477972354196,-0.5937728652129418,-0.666323995773387,-0.15688185960599732,-0.32673365936335635,-0.6665754546391789,-0.2861298357382579,0.10366128710252032,-0.7110999698154711,-0.012122229033157699,-0.21444787377281552,0.18389653128091826,-0.5128137866714237,-0.58987802970819,0.17123147205317144,0.0764902633959171,-0.9948967441988081,-0.6628128957801828,-0.3740334992730058,-0.3819917085096538,0.03085958484493241,-0.4573353928538207,-0.2871415252290332,-0.5468826933621609,-0.058088343575431536,-0.8976748876697851,-0.4084956902492037,-0.4873362647811797,-0.5351288955644034,-0.35668602631299723,-0.418359962540477,-0.4741427074793264,-0.713640257165154,-0.5666547567499363,0.10291153889507845,-0.8079893742553446,-0.21989528305015485,-0.5035187833166067,1,4,train
-0.36476160392399304,-0.04674152494343616,-0.025145178933876338,-0.23912350879436378,0.18906307183506424,0.04111743876781149,0.015830076268592116,0.05161142254088442,-0.10737903277932472,0.20104875415203338,0.07749564204075665,-0.7132328083905541,-0.5445856691018627,-0.8040355661179447,-0.4929550465747501,-0.5931115957238725,-0.8948402723792017,0.039242438677429936,-0.8862077134781393,-0.6024498001001211,-0.641050375844328,-0.8335386931931177,-0.7582864441048597,-0.5701954961457871,-0.13055977241648387,-0.9403011446250712,0.015511668072034026,-0.663021301254135,-0.1493568423256081,-0.8171381761540712,-0.6110739995613361,-0.4132431405289617,0.05673547088494474,-0.9035171521329884,-0.6780600534271256,-0.5155227052800098,-0.4891393304038967,-0.3154332209208909,-0.46782731501679237,-0.8201918178081707,-0.5103511002426272,-0.007009518429163226,-0.8471847734619156,-1.0295232709363284,-1.0268809756066837,-0.40817190407588666,-0.8577882623674253,-0.887645871075962,-0.5905786259382146,-0.4980606282735054,-0.991495443735265,-0.08296111293473554,-0.658222782308018,-0.5173195178407031,-0.7411551946828298,1,4,train
2.6930283967609925,-0.6577525703053911,1.9286152450850078,1.5451046843504064,1.9281230390399107,1.8618033698296634,1.8273989789580554,1.8940930962156417,1.8730492380343946,1.0488115430270264,2.7607740081596353,0.9492725269292739,1.1784558733355293,1.9346923868283346,-1.9221738529920265,1.8471199297375607,2.128169253792453,3.3214895809841765,2.2442833671312696,1.4734615592810192,1.0099845226252933,2.217905227771414,-1.8995787574555538,1.7496740638490347,4.406636751980225,2.4050606834469646,4.375526544668951,-1.0891660573613886,4.273530164665863,2.2100886455417386,2.0290018010360837,0.9445054440260967,4.103645822418426,2.0147343364206085,1.89870958890622,-1.7497902470432367,-1.807055079703084,4.352481185255817,1.4128497326958878,2.0507983545040265,-1.7256354313524453,-1.6551529431487542,1.9730487487205137,2.324611539850266,2.086557355714257,1.478468039206955,2.11640089162621,1.8314518930855246,-1.6233145983561796,1.1697202369981494,2.4200072156657204,4.0308380194751185,1.7294845978807876,-1.3469765938353901,2.2304315493538445,1,4,train
0.7653236327991757,-0.18195482516967257,-0.5855601487030725,0.037996760152852596,-0.6153530031211867,-0.6052260667591459,-0.8076103340448002,-0.7269734003333765,-0.6294795154921203,-0.818688771894744,-0.28794453896912847,-0.2207312278521991,-0.4065299522964014,-0.5540723005712604,-0.2259581266945995,-0.6448662410146769,-0.42554722536910244,0.07609204572818731,-0.4116003367854418,-0.22878575541151586,-0.33515311244688895,-0.3957228262721197,-0.48570100319297504,-0.40336328289057155,-0.3179366200316872,-0.4404475187105178,-0.11958738444223663,-0.43873458751347527,-0.5214358516921181,-0.46933887388818835,-0.4838981804424595,-0.3891410946492861,-0.45971124761618987,-0.9123603384619388,-0.7542958416618399,-0.24458592781978927,-0.2694867055206988,-0.49561809546570956,-0.10585600039426815,-0.46716289596847876,-0.33499945326886593,0.013422011629344099,-0.8568019380729383,-0.43778944405520015,-0.5698895538692349,-0.26054749536830907,-0.27120388016253594,-0.45976754270537273,-0.2615205955109218,-0.12849555017353645,-0.5506833023519916,-0.3016348209698108,-0.8165474652237632,-0.30710990828948853,-0.29756722679921344,1,4,train
-0.5332307750977635,-0.0339855532239799,-0.8569768105324675,-0.532231485565458,-1.43129366367853,-1.4024264065740852,-0.7280671107356154,-1.1923490192175032,-1.4303980570358328,-0.014525212161893435,0.12825122273657402,-0.6332325516533595,-0.6162684451354676,0.2773272565731457,-0.4050031200259946,-0.005696371673241136,-0.13491904397198512,0.17084817814442055,0.34345685340748616,-0.6343868979367541,0.28677046280485796,0.15884393849447784,-0.42710787103434567,0.23916618707883977,0.6089095726363721,0.06915934868529522,0.4944992178953572,-0.3938772447653433,0.5980366460540771,0.26973464342681286,0.10016854439978858,-0.3429455067132412,0.2627497356422279,-0.057518993330077,-0.1487658665403944,-0.2927524660349396,-0.4007425423411463,0.7065528643880022,-0.6514359528687974,-0.008926679540799076,-0.3276931346449592,0.17346899708765146,-0.11387597187142881,0.18323813663192473,0.3146099720742142,-0.4908415729521301,0.5128737362520399,0.40427063006878494,-0.3273322015963804,-0.4767395660754303,0.36607818009003346,0.4746568425547064,-0.08910973290817728,-0.380906898876617,0.2456017134664391,1,4,train
-0.6256651876001863,2.1842779287894643,1.3044668081655892,1.485417241807929,1.667667404455222,1.5926019500226611,1.754577718182041,1.7812363385025975,1.5313604404474865,2.0213165708364826,-1.086499008583322,2.4092772123830777,2.5377737003431484,1.5325775683401903,2.849218162277958,1.5935221678126186,1.2491381149765817,-0.8635729340661257,1.848777219887355,2.8212070879869287,1.0079587129339194,1.7907030788363796,2.576427033966701,1.0327464447252706,-0.9135273142371549,1.9929862308637472,-1.0069425248200599,2.8109306871289728,-0.9323404968186119,1.2170301114404676,1.9136015207245105,2.043157035374642,-0.9338262678795265,1.8290274235126522,1.8094048084026975,2.69357290330438,2.7440401602548814,-0.9122956178506025,2.747946827934039,1.8357078855685849,1.7278178382141316,-1.4167850924661687,1.7085767219173873,1.9613689926559097,1.2580761330805599,2.5679361754688776,1.7744723070243649,1.5250357998652961,2.8063127343189156,1.655366653732083,1.8482291482193005,-0.643312489774616,1.1261391846072721,2.1818613196945726,1.3500452253399327,1,4,train
-0.38116125775506804,0.7084120008483747,-0.2712882244795625,-0.7262156738285095,-0.6165054616812959,-0.6351373356265907,-0.07155543666262504,-0.15000907719365547,-0.6404135570149013,0.020596389091499134,0.1384023388757375,-0.630732543630322,-0.5233463280548687,-0.48071351611734225,-0.9013032769796862,-0.21789041736553968,-0.7852591548032394,0.3603604429768871,-0.6033608930249155,-0.5034447968065591,-0.21968196003858415,-0.6477986284387549,-0.6614803996688633,-0.38081838920743427,0.2676160287658232,-0.6940317972232668,0.06463859625904154,-0.6106877347146478,0.31978625644086106,-0.5997636122378944,-0.5875229219467294,-0.3891410946492861,-0.04768271810162345,-0.39356007383018815,-0.6018242651924112,-0.7623762136326552,-0.5453918318983741,0.2307521800430906,-0.42061366528341965,-0.7196604029796492,-0.6662192308859707,-0.35775078443353897,-0.4721153536320272,-0.736585732876364,-0.5905278761412488,-0.48788908477797854,-0.6779809894302482,-0.47633057477133106,-0.7804197973385759,-0.42935942785748554,-0.6688720648967823,0.08924443214288626,-0.5405490314922615,-0.8102712077471829,-0.5397300460009836,1,4,train
-0.5257763869927294,0.9316415059388593,0.37923268160546525,0.8373821513467459,-0.31225640181245606,-0.1786653629103692,0.373214417615493,-0.09801888543820807,-0.09781174644689129,1.2619633299441677,-0.6466173092195713,-0.15073100320715369,-0.47555781069913206,-0.2225992745202227,-0.3547448762838486,-0.42490899852875774,-0.3016729185441016,-0.46085937129713445,-0.3708512185845536,-0.4715076989699261,-0.06572042349417775,-0.35061452483177447,-0.19273534239982804,-0.04940845206531688,-0.046909394016839516,-0.6623337624091732,0.1874559167265603,0.3911262533269658,-0.11376667621228977,-0.45332180075752265,-0.46976753387369546,0.5869917634775754,-0.2226537374845215,-0.6470647485934299,-0.10084622822143108,-0.1362112168357011,-0.30966706373103986,0.16599824075354638,-0.4861881788019929,-0.4437834971711482,-0.13772885042338448,-0.3032667042775194,-0.8255461530871143,-0.5315294562343887,-0.3929896486805451,-0.15721040927300475,-0.45395881331179794,-0.17543549223975535,-0.3728940827324671,0.0468109612328591,-0.47082603036226817,-0.1868311242513963,-0.2945039161502251,0.3704806416468731,-0.4107274226878911,1,4,train
2.2055114146917627,-0.43069627369906976,0.7297667509316881,0.3332364313004639,-0.05180076722776737,0.022910579457192968,0.6992296004742646,0.08331275897713282,0.029296486255438528,0.31731336519774667,1.0384679698815658,-0.17823109146056437,-0.2817488236453114,-0.0785986976291981,-0.28249865090451376,-0.12990752037117198,0.060421209098208466,0.473541378918499,-0.15272358586215218,-0.09784365428132084,0.2381510302118875,-0.12772644712653908,-0.8372597961447514,-0.053917430801944326,0.4917990428768701,-0.26001255130721557,0.5405557130706767,-0.6804658234339641,0.4071439369008243,-0.3549312086691479,-0.22954654220470633,-0.15012913967583646,1.4734363052432482,-0.257964550119617,-0.24896147393459042,-0.24759633645823617,-0.499854092593321,0.1322135767763929,-0.32356338527593126,-0.1351754330463843,-0.6175104400599258,-0.9638861761692563,-0.5153925943816298,-0.14485190599523556,-0.19839975297298632,-0.05977829952600353,-0.005914461074897502,-0.19475902965004005,-0.2665830267482648,0.016013871391195016,-0.2088941782359753,1.2482150847287852,-0.18752777904499185,-0.5217920627247714,-0.20703907008827135,1,4,train
-0.4527233835633953,-0.41283791329183095,-0.07569241150129404,-0.47787327896427323,0.473720336182047,0.2908115093134369,0.35304853001598135,0.5956063557869071,0.19194035390680678,0.5655867533682803,-0.27440971745024384,-0.563232327008314,-0.2844037412761856,-0.282373098890082,-0.5777658328896215,-0.6940331540409412,-0.6923534246844888,0.17348029293376035,-0.20545773882800747,-0.46512027940259953,-0.18119157590248255,-0.44613798670544674,-0.702240839431388,-0.3334741124728461,-0.12386774214451231,-0.21856127501186234,-0.2792499010500111,-0.7627042851388727,-0.16553419055893465,-0.5631531593678015,-0.7829968661479656,-0.6161020266828979,-0.2649854357223194,-0.8681444068171872,-0.6802382188052603,-0.4071479942959216,-0.7141493363818067,-0.22534078364848156,-0.1740534944535843,-0.40871439897515227,-0.4445942326274668,0.25178986231192957,-0.9024834699752965,-0.4993063270477927,-0.5905278761412488,-0.313692282503037,-0.2535179188900267,-0.32174227548905365,-0.5450167448021279,-0.5572858010459364,-0.4484659942051456,-0.12942927589218903,-0.4827819174554356,-0.2467305523545652,-0.512571598987701,1,4,train
-0.4661412821524567,-0.33247529145925653,-0.03613370775288018,-0.4267126139278641,-0.020684386104817834,0.042417928718569954,-0.15670029541611866,0.037662834508935115,-0.052708825165419415,0.027862927281856218,-0.054468867768368526,-0.7057327843214422,-0.6295430332898388,-0.7931675980506975,-0.5023784672764025,-0.6810944927182402,-0.8900758759628555,0.2603400809819742,-0.7016381780976458,-0.5896749609654679,-0.5579921784980034,-0.8070043982282088,-0.44748809091560804,-0.6784109858248458,-0.043563378880853744,-0.7891259016655477,-0.024403961079909577,-0.6206560331031216,-0.08141197974563673,-0.7942566431102631,-0.5710371676165046,-0.31884346083356563,0.1301104144971278,-0.8887785082514046,-0.6257840843518929,-0.5697100607720539,-0.647182072697905,-0.1859253423418025,-0.5648775950242808,-0.8739644350420311,-0.3934500022601197,0.0474745617268563,-0.7798646211847561,-0.9445713848989388,-0.9295860277529042,-0.5882736826991313,-0.6927192904906726,-0.8904063764202884,-0.36783165149512415,-0.48147757989722473,-0.834975190635407,-0.07749427023385866,-0.6625018277922274,-0.28474718386914655,-0.6936279124095851,1,4,train
-0.49148620170957263,-0.9230767820700815,-0.6822592023103063,-0.3190620479137531,-0.8423873394627074,-0.9082402252858683,-0.8232949132888648,-0.8499745857060204,-0.9192316158458184,-0.6600360214052811,0.32112242938068003,-0.2532313321516844,-0.1251086834237303,-0.2198822825034109,0.25149518885578737,-0.36280342417979233,-0.34455248629121726,0.16558394856574093,-0.21504576663998115,0.08419780338748684,0.0031571060125303745,-0.13037987662302997,0.09258773593784554,-0.0787168138533953,0.5085291185567989,-0.3160936898244581,0.4883583518719813,0.019807138356318022,0.5074434959474486,-0.2611169231895347,-0.20128524906717818,-0.12803559761946717,0.48005245326292384,-0.4466191918038899,-0.338266254438113,0.22202741113947938,-0.0016176507850916182,0.42219860924696034,-0.03241254525346613,-0.1468651324450496,0.052235433798190276,0.4220526127994906,-0.505775429770607,-0.24152129355502389,-0.08931147810662757,0.014033904827785266,-0.27120388016253594,-0.18923801896138728,0.07766229739105687,-0.01241421153957183,-0.4388831215663788,0.3516528817849766,-0.41645671245019095,-0.23107664526032584,-0.11424770945955572,1,4,train
1.2081142862382008,1.7531260846718426,1.5308305018370685,0.5762495902234074,1.3334544220235418,1.3728191483444803,1.8598884645350462,1.4553465999379638,1.3304474274663847,0.8332375767130996,1.0147820322235175,0.6417715400956816,0.5518953124492049,1.1549156780033523,1.8660412690722272,0.21167313854813785,1.5635882784554298,0.5551369373880332,1.156042210472256,0.7900076655770746,0.898564989599736,1.570468430627635,2.0363512071132472,1.1296894875627608,1.5056416290805597,1.627239675316513,1.6305594322199062,0.5855080719022043,1.445729693480387,1.249064257701799,0.39220190682091266,0.07080628088785647,1.8374889100883103,0.15471747856473006,0.38706281648074087,1.883772979562165,1.7181016806175065,1.3512768686186816,0.7885803639990707,1.3938372482990367,1.630400256562042,1.729670536543959,0.15300034608445323,1.7475245898721354,1.3435777539217602,0.8023482473262497,1.332323275211634,1.2020566745791095,1.722952449527521,0.6343246751353738,1.3754740980401376,1.4504882646612298,0.13126110952860318,0.5203108952631643,1.3296763900799706,1,4,train
-0.3692342367870135,-0.059497496662892425,-0.04712223657188403,0.12752792396656865,-0.00800734194361617,-0.10453743571713667,0.07408708488940355,-0.2730102625662993,-0.19485136496157318,-0.09203495285903565,0.09441416893936246,-0.7932330651277488,-0.7091905622160666,-1.2143013606565243,-0.4741082051714453,-0.8777621448232973,-0.828138722550355,-0.052881578949463506,-0.8646346509011985,-0.557737863128835,-0.7788054348577442,-0.748628949305409,-0.6054347949953917,-0.7235007731911203,-6.518211303868151e-05,-0.9476160757360159,0.19666721576162421,-0.5683224665636343,0.02212304894765302,-1.0665468863315795,-0.6534659392676283,-0.3730730640628357,0.05391335766909155,-1.0980672513698948,-0.7085543687210113,-0.42521044612660297,-0.6070017144875638,0.08435196947542543,-0.5124179842094222,-0.7126465833404501,-0.4275461558383511,0.09855338687312461,-0.9313349638083648,-0.8830545019063463,-1.1330209187198976,-0.40817190407588666,-0.9049508257607833,-1.089162761211788,-0.45136176691128305,-0.663891112036312,-1.087324170122933,0.10017811754464001,-0.9192445568447871,-0.3831431713186512,-0.7728400495316595,1,4,train
-0.4974497121935999,-0.2036399770927482,-0.5646819439469651,-0.2572429109947587,-0.6706710140064304,-0.566211368236392,-0.7560752879571593,-0.6217249633650318,-0.6076114324465581,-0.47352820785278255,0.3143550186212377,-0.4832320702711193,-0.5605151748871082,-0.7062238535127204,-0.3547448762838486,-0.6629803668664586,-0.3612278737484289,0.007657061205352185,-0.5961698721659352,-0.48747624788824256,-0.3756693062743643,-0.3161199413773928,-0.5137238055297109,-0.27936636763331674,0.3345363314855387,-0.3331618624166624,0.1690333186564325,-0.5683224665636343,0.39420205831416305,-0.49450856023637724,-0.5074492580570663,-0.3329029875967097,0.30508143388002584,-0.6971761377908149,-0.4428181925885784,-0.21147143279687344,-0.29091622989954735,0.27861378734405806,-0.32880934635741715,-0.46950083584821184,-0.4226752767557466,0.2449793522924271,-0.7149487600603524,-0.3850606872044065,-0.5256645775720625,-0.4229343449466444,-0.6573473679456541,-0.6916499916287889,-0.3754252983511386,-0.25168390954019276,-0.8030322818395177,0.16851365130560103,-0.5940371000448781,-0.3160549980576253,-0.4243066461945324,1,4,train
-0.36476160392399304,0.19434634055428723,0.5484560254181244,0.2437052674867478,-0.4632284731867668,-0.12664576488003057,-0.05138954906311338,-0.19058678783205343,-0.12241333987314867,0.11748356496292692,0.04704229362326623,-0.6907327361832181,-0.5339659985783657,-0.8230545102356271,-0.3798739981549216,-0.7017963508345619,-0.8090811368849703,-0.18975154799513377,-0.8214885257473169,-0.557737863128835,-0.5478631300411346,-0.6822932118931366,-0.664027927154021,-0.6671385389832772,0.2542319682218801,-0.8086323846280669,0.012441235060346056,-0.5134968254270286,0.08683244188095911,-0.9956141338957744,-0.6110739995613361,-0.28871590348397114,0.05109124445323835,-0.909412609685622,-0.6148932574612194,-0.4492937152341781,-0.42485075726735094,0.14629052010020685,-0.5596316339427949,-0.7196604029796492,-0.5371409351969519,0.07131134679511485,-0.7966946592540459,-0.7629501113017608,-0.7880661036019524,-0.3904569750309773,-0.7752537764290489,-0.7799861626472331,-0.42098717948722525,-0.3772412758177463,-0.7678950821640393,-0.20323165235402693,-0.6475251685974948,-0.4457587996956087,-0.7524712142716975,1,4,train
-0.47657742549950444,-0.30823894519228956,0.4627455006298945,0.2703514471932109,0.3942006955345093,0.5366041100067869,0.37769572597094003,0.36355257307356875,0.5213283547805861,-0.27127622822117703,0.17562309805267026,-0.7707329929204129,-0.7251200680013121,-0.5051664442686483,-0.6311652168656515,-0.4223212662642175,-0.6018298927739113,-0.20028000715249303,-0.4451584341273497,-0.7844912577689288,-0.22575938911270543,-0.3744953903001925,-0.5646743552328668,-0.3988543041539441,-0.1472898480964127,-0.4745838638949263,-0.024403961079909577,-0.4412266621105937,-0.15582778161893873,-0.6157806853685601,-0.49331861148830225,-0.4212771558221869,-0.13516822779307247,-0.5468419701986599,-0.6018242651924112,-0.5245539311953504,-0.5239623075195257,0.019598030185881247,-0.7511092134170287,-0.4578111364495465,-0.6637837913446684,0.0474745617268563,-0.6933101396855511,-0.43193069329400086,-0.6347528524384212,-0.6857057924461325,-0.5129120175534954,-0.4873725961486366,-0.4918612168100268,-0.6591530982145175,-0.5954033746662367,-0.09116137698605085,-0.5897580545606688,-0.5374459698190108,-0.49672917156328605,1,4,train
-0.5749753484859544,-0.6360674183823156,-0.6416016456799921,-0.8669075026786347,-0.8619791349845645,-0.8393142578956697,-0.9577341639522758,-0.9159133654934171,-0.8413265699960033,-0.9119426786709932,0.5918188597583727,-0.05323069030869761,-0.07732016606799369,-0.13837252199905736,-0.11287707827477104,-0.08591607187398814,-0.22306037767438955,0.44985234581444067,-0.2318248153109351,0.04267957619986404,0.06393139675374343,0.05270675863484194,-0.04752627574583345,-0.05617192017025805,0.40480264934123994,-0.011304893535096306,0.44537228970834974,-0.14716185965061757,0.32302172608752633,-0.1467092579704943,0.005964233941361464,0.19332501410954073,0.5872927554653452,-0.025093976790592585,0.1409301287515202,-0.012784462659378404,-0.057870152279569126,0.4306447752412487,0.14332715097631013,-0.06269929677465945,-0.030569510606085898,0.6502046984528224,-0.15234463031551992,0.08363937369153678,-0.1777614307009725,0.08784610918157407,-0.06192000510451006,-0.06777578381102645,0.016913122542941285,0.03733493358927015,-0.3206943590215881,0.41998841554593763,0.0007502222602186356,0.0037319611532648446,-0.16177499173280033,1,4,train
-0.4005426668281567,-0.059497496662892425,0.18583457439099754,0.1946762968268557,0.05883525454271987,0.20107770271110276,0.22757189606346445,0.21392226509447626,0.1290696151508157,-0.17438905234974925,0.13163492811629518,-0.8307331854733089,-0.6295430332898388,-0.8583754064541803,-0.5966126742929262,-0.5620588085493897,-0.8352853171748743,0.06293147178148825,-0.6776681085677115,-0.8803025512788276,-0.649153614609823,-0.5841163205229734,-0.6538378172133898,-0.5859769217239832,0.06016309033470525,-0.6720870038904327,-0.09502392034873287,-0.663021301254135,-0.11376667621228977,-0.7828158765883592,-0.58987802970819,-0.4674727437582318,-0.1831441524625768,-0.820980746396119,-0.5909334383017377,-0.3439294128885368,-0.6284312388664124,-0.10427907106368157,-0.6488129723280545,-0.7757709600932426,-0.46164230941658246,-0.16365124887771937,-0.6692672281579941,-0.7483032343987626,-0.8942060467151663,-0.6650383752270717,-0.8371546408828312,-0.8821248603873093,-0.3298634172150519,-0.5880828908876005,-0.9116381717455416,-0.12669585454175059,-0.6218508956922387,-0.5374459698190108,-0.6958911163273587,1,4,train
-0.4079970549331908,-0.3363020829750934,0.12649651876837675,0.04439184328240374,0.39304823697440006,0.41305756468473265,-0.13093277237229822,0.26084024302012393,0.33134938332226527,0.3245799033881038,0.026740061344939278,-0.7957330731507862,-0.5472405867327369,-0.7116578375463439,-0.7473874055193641,-0.6629803668664586,-0.6828246318517964,-0.021296201477385753,-0.6704770877087313,-0.4299894717823033,-0.3513595899778791,-0.7220946543405,-0.6003397400250761,-0.5228512194111989,-0.05025540915282529,-0.9110414201812924,-0.05817872420847724,-0.6306243314915952,-0.126708554798951,-0.6912897444131267,-0.721764064349988,-0.4373451864086373,0.05109124445323835,-0.7561307133171502,-0.5669736191422561,-0.6299182335409917,-0.7141493363818067,-0.13524834637607228,-0.3602851128463323,-0.7266742226188484,-0.5809788469403923,0.0951481318633734,-0.6716715193107499,-0.8566901234809494,-0.7379444637984903,-0.3048348179805823,-0.795887397913643,-0.5039356282145949,-0.7120769756344458,-0.5501787803132446,-0.8126151544782845,-0.031026107276405167,-0.6924551461816927,-0.6134792328481735,-0.6483638340541141,1,4,train
-0.46017777166842944,-0.48427135492078605,0.08364125637426174,-0.14106556747457952,0.5820514408323157,0.4117570747339742,0.2264515689746027,0.5765855539251581,0.3012807691346174,0.43721124533863853,-0.2845608335894073,-0.5757323671235007,-0.27643898838356284,-0.37475082746168265,-0.5871892535912738,-0.5025409664649645,-0.7209398031825659,-0.03445677542408482,-0.2557948848408693,-0.13616817168528036,-0.2156303406558366,-0.5230874421036827,-0.7047883669165459,-0.41238124036382645,-0.09375360592064035,-0.5574864164856327,-0.1932777767227479,-0.7028944948080301,-0.2043598263189183,-0.6340859118036065,-0.6063637840384147,-0.3268774761267908,0.039802791589825574,-0.7885557298566346,-0.5081631539326192,-0.539605974387585,-0.8186182677286935,-0.3970794921990119,-0.17929945553507018,-0.6238048679105938,-0.48599670482960483,0.16665848706814904,-0.7822689123375117,-0.7219388559733657,-0.7615311178236489,-0.21330768458188423,-0.27120388016253594,-0.42388097322912976,-0.7576388567705326,-0.43646644859017725,-0.5474890114724027,-0.009158736472897637,-0.6731994415027507,-0.2869834563111808,-0.603099755698643,1,4,train
-0.3886156458601021,-0.09138742596153308,-0.13722817288771558,-0.139999720286321,-0.1543695790774899,-0.1071384156186536,0.10097493502208574,0.06429195711538378,-0.1319806262055821,0.2349592657070331,0.13163492811629518,-1.0532338995236317,-0.6720217153838269,-1.0703007837654996,-0.4709670649375612,-0.828595231797033,-1.0282433720368949,0.04713878304544937,-0.9101777830080735,-0.7238107718793262,-0.8071667705369769,-0.7910838212492634,-0.7149784768571771,-0.6739020070882183,-0.09040759078465457,-1.0183270764751478,-0.05817872420847724,-0.6754816742397273,-0.09758932797896325,-0.9727326008519662,-0.7311844953958307,-0.5478128966904837,-0.05614905774918303,-0.9005694233566717,-0.7804338261994563,-0.45230412387262503,-0.6632542159820414,0.011151864191592873,-0.6356980696243398,-0.8716264951622981,-0.6102041214360191,0.20071103716566124,-0.9265263815028534,-0.918207006473542,-1.0445709661255527,-0.7447555559291635,-0.9756946708508202,-1.075360234490156,-0.5171733729967416,-0.7823414575811739,-1.0617698430862217,0.19584786480998545,-0.7459432147343094,-0.392088261086788,-0.8090513122160363,1,4,train
-0.5093767331616544,-0.1934351997171832,-0.4086448347171106,0.04972107922369637,-0.7559529474545142,-0.66114713464176,-0.7650379046680534,-0.7320456141631763,-0.7442869514813214,-0.8937763331951005,0.5139936360247861,-0.18073109948360172,-0.37998077598765884,-0.49973246023502477,-0.339039175114428,-0.4663127147614014,-0.41840063074458317,-0.1502698261550366,-0.373248225537547,-0.05313171731003474,-0.26830139263155456,-0.26305135144757485,-0.5188188605000265,-0.26583943142343436,0.4616849066529981,-0.3039021379728837,0.36247059839277457,-0.4063376177509355,0.3909665886674977,-0.42586396110495295,-0.6464006159832463,-0.3871325908259798,0.24299494313125555,-0.7472875269881999,-0.6344967458644316,-0.1271799909203604,-0.240021109499782,0.2898753420031092,-0.1268398447202116,-0.359617661500758,-0.28629066244282114,0.07471660180486607,-0.859206229225694,-0.31182630268941536,-0.6406495159447109,-0.018443465087881805,-0.3448953854646577,-0.5453432083794906,-0.36023800463910965,-0.13560257090622815,-0.4548545759643235,0.17398049400647791,-0.5811999635922501,-0.4010333508549248,-0.471833928467777,1,4,train
-0.5302490198557499,-0.3286484999434196,0.5231824091344156,0.7638386953569077,0.5889661921929712,0.6354413462644303,0.4393137158583368,0.5727813935528082,0.5500302137778865,0.3536460561495321,0.0064378290666123284,-0.39823179748784987,-0.30829799995405394,-0.206297322419352,-0.6625766192044927,-0.06003874922858588,-0.387432054038333,-0.48718051919053257,-0.28216196132379695,0.007548768579567816,-0.01710099090120731,-0.3957228262721197,-0.6232674873914963,-0.20496821847896382,-0.12386774214451231,-0.40631117352610924,-0.1932777767227479,-0.515988900024147,-0.22700811384557543,-0.28171030292896204,0.005964233941361464,-0.14611213202922388,-0.070259623828449,-0.0899440098695614,-0.3404444198162477,-0.5998141471565228,-0.5480705224457303,-0.24223311563705832,-0.16093859174986966,-0.24739654727357116,-0.5152219793252317,0.4356736328384955,-0.21726049143992365,-0.45243632095819836,-0.4313179614714279,-0.02730092961033646,-0.08550128680118903,-0.11470437466457495,-0.5652664697514999,-0.15929264001520052,-0.173756978560497,-0.22509902315753447,-0.33729437099231835,-0.5709900564495237,-0.2523031484437424,1,4,train
-0.4661412821524567,0.9405706861424787,1.5473132950655744,0.707348794379206,0.744548097807719,1.02558833149197,1.4632926750779838,1.1890553738734773,0.9518562397400904,1.1771870510566682,-0.4029905218796479,0.9717725991366098,0.9766821333890858,0.2963462006908282,0.6409965778574187,0.27377871289710326,1.0942952314453307,-0.3871601571956197,0.4057790341853151,0.9592742841112291,0.5379708645352053,0.851389037078602,0.5562377382365652,0.5795940816942121,-0.41497105897527464,0.5324383190451252,-0.3498698603188344,0.41853907389526873,-0.5020230338121263,0.3841423086458533,0.4275285232428228,0.46246452643258484,-0.5246198515808134,0.17829930877526418,0.38488465110260617,0.661547072352726,0.6332320089382973,-0.29291011160278857,0.55513509587295,0.9402769116308232,0.6903205936193773,-0.29305093924826575,-0.010491452302933963,0.9888163662968272,0.683151441217318,0.8997803570732508,0.763424854279254,0.38494709265850025,0.3004092718341474,1.053638898364185,0.7078673042060498,-0.687047231381631,0.2810277014759297,0.20723275337837677,1.0241438611805411,1,4,train
-0.4840318136045385,-0.443452245418526,-0.008662385705370566,0.024140746705491774,0.5463252254689293,0.28821052941191994,-0.022261044752707668,0.1340348972751303,0.2138084369523689,-0.22283264028546315,0.29405278634291077,-0.6182325035151354,-0.7808733382496714,-0.7415447497312736,-0.48353162587309767,-0.39126847908973483,-0.8686360920892977,0.07345993093884749,-0.7351962754395537,-0.7749101284179389,-0.4323919776328298,-0.5708491730405189,-0.6028872675102338,-0.4845249001498656,-0.12721375728049808,-0.8086323846280669,0.0984133593876092,-0.6704975250454903,-0.12347308515228568,-0.7919684898058823,-0.5592616288092013,-0.3108094455403404,-0.12952400136136608,-0.570423800409194,-0.4449963579667131,-0.49143943617243463,-0.44628028164619954,-0.1577714556941746,-0.6042223031354247,-0.6167910482713945,-0.37883736501230625,0.22114256722416856,-0.6957144308383068,-0.8010319912495562,-0.7703761130830834,-0.4347442976432506,-0.7782014366411338,-0.7109735290390735,-0.7449827786771751,-0.5241197042933751,-0.8062265727191066,-0.12942927589218903,-0.5726418726238315,-0.42339607527526674,-0.6732590771496232,1,4,train
-0.4184331982802385,-0.29165618195699644,0.15946210522538828,0.21386154621550912,0.21211224303724907,0.3558360068513602,0.2152482980859851,0.06936417094518353,0.22747598885584522,-0.4880612842334967,0.4327847069114783,-0.7757330089664876,-0.7437044914174319,-0.7035068614959086,-0.6500120582689562,-0.6655680991309988,-0.6613848479782386,-0.23186538462457076,-0.8910017273841261,-0.7525541599322959,-0.4323919776328298,-0.5337011600896463,-0.6767655645798101,-0.513833261937944,-0.0736775151047257,-0.7403596942592499,0.0892020603525453,-0.5907511379377002,-0.11700214585895508,-0.6844252844999843,-0.6040086762769541,-0.4212771558221869,-0.18032203924672358,-0.7708693571987341,-0.41450204267282736,-0.5847621039642884,-0.5909295712034274,-0.05078668643318854,-0.6593048944910262,-0.7453777416567129,-0.5980269237295079,0.07471660180486607,-0.6909058485327954,-0.6545632222195739,-0.8028077623676766,-0.7211356505359512,-0.8047303785498977,-0.6281583687092821,-0.6158907821249294,-0.5478097734023474,-0.994689734614854,-0.13762953994350435,-0.5876185318185642,-0.5955890533118999,-0.6415742223007934,1,4,train
-0.32003527529378845,-0.15261609021492314,-0.15810637764382288,-0.01742729363659068,-0.10711877811301099,-0.1591580136489922,-0.6317189810935041,-0.437857212034791,-0.24405455181408794,0.001218953917213579,0.1147164012176894,-0.7907330571047115,-0.6746766330147013,-0.9208662228408514,-0.5589189914863166,-0.6862699572473206,-0.9401020383344905,-0.17132674446975507,-0.9173688038670538,-0.5992560903164578,-0.5721728463376198,-0.7539358082983908,-0.5723169376883402,-0.5724499855141009,0.023356923838861735,-0.8793433853671988,0.15061072058630467,-0.6729895996426088,-0.07170557080564081,-0.807985562936548,-0.7005680944968419,-0.3389284990666286,0.2147738109727236,-0.8622489492645538,-0.7129106994772807,-0.32586696105785545,-0.647182072697905,-0.0648636297570025,-0.6042223031354247,-0.6658877857457888,-0.5200928584078363,0.24157409728267587,-0.9409521284193876,-0.9650770125631364,-1.0357259708661182,-0.5528438246093127,-0.9285321074574623,-0.8351962695337608,-0.3425194953084093,-0.6875811811452843,-0.9276096261434863,-0.05836032078078958,-0.7202689418290533,-0.550863604471216,-0.6845750967384909,1,4,train
-0.43930548497433397,0.707136403676429,0.5088973216697107,0.8682917198062431,0.6823153355618199,0.7797957307986201,0.5177366120786598,0.7832782674894977,0.6238349940566587,0.3972452852916746,0.08426305280019897,-0.24823131610560978,-0.18086195367208965,-0.0785986976291981,0.3457293958723111,0.09004972211474722,-0.2421179633397743,-0.5266622410306298,0.03663996342432814,0.13210345014243624,0.11052501965534009,-0.04547013273532126,-0.23604330964751064,0.07684295256025166,-0.33466669571161606,-0.13565872242115593,-0.3498698603188344,-0.1970033515929864,-0.39525253547217126,-0.25425246327639234,0.09074811335394586,-0.0014998567511703108,-0.2819181150174386,0.0839719879331277,-0.17490385107801074,0.24310027160860764,0.04124139797260553,-0.2985408889323141,0.004309182316934876,-0.17725835088157937,-0.1572123667538024,-0.31007721429702184,-0.1571532126210313,-0.02767689077124975,-0.17186476719468283,-0.02730092961033646,0.12378258825683684,-0.13678841741918601,0.12575539414581505,-0.10480548106456407,-0.06515108865447311,-0.17043059614876566,-0.2452948930818178,0.19381511872617158,-0.06898363110408466,1,4,train
-0.48999532408856583,-0.36819201227373405,0.00672155464123482,-0.12827540121547723,0.1199155582285097,0.20888064241565354,-0.22952155619213294,-0.20580342932145265,0.11403530805699173,0.18772676746971206,-0.07477110004669547,-0.7382328886209275,-0.6348528685515874,-0.8801113425886746,-0.7411051250515959,-0.5982870602529529,-0.8519607046320861,0.03397820909875031,-0.6824621224736984,-0.7174233523119996,-0.606611611090974,-0.8733401356404812,-0.6232674873914963,-0.6896834326664144,-0.010103227520996003,-0.9378628342547563,0.1291176895044889,-0.6156718839088846,-0.1396504333856122,-0.8743420087635915,-0.5286452279102124,-0.2987584226005026,0.008759546215440435,-0.7649738996461005,-0.6845945495615297,-0.5757308780489477,-0.43288682890941915,0.016782641521118455,-0.47569625663902115,-0.8669506154028319,-0.36178928822319056,0.25178986231192957,-0.8952705965170294,-1.1056870308319193,-1.0858476106695802,-0.5941786590474344,-0.9167414666091228,-0.945616483306816,-0.539954313564785,-0.4317284347683828,-0.994689734614854,-0.06929400618254335,-0.7074318053764254,-0.4457587996956087,-0.7230495633406413,1,4,train
-0.6137381666321318,2.3819954904410365,-0.1866765525732329,-0.5130462361768046,-1.0313905433206232,-0.7196691824258908,1.1171116046197005,0.20631394434977665,-0.7183186028647164,1.1408543601048828,-0.7718144082692542,0.764271933224511,0.23065027911341998,0.36970498514474637,-1.859351048314344,0.2349627289289999,-0.7137932085580466,0.2813969992966927,-0.5434357192000799,-0.8292031947402149,0.5784870583626806,-0.9237552960738082,1.5472259299629494,0.3180733149698201,0.25088595308589434,-1.5303722542412757,-0.1533621475708043,1.4951152998504353,0.25831233315422025,0.14388621168586838,-0.24132208101200972,-0.6482380878557987,-0.5415525308759325,0.18124703755158092,-0.8697386067029789,-1.4638014263907817,0.11088735220386339,0.5517064878260487,-1.225868691291499,-0.10712015448958757,-1.043712359787818,-1.467863917612437,0.08087161150178242,-1.1935682922499087,0.3234549673336487,-0.570558753654222,-0.2947851618592149,0.5367748865964513,-2.23839999369335,-0.38671730346133526,-0.2536142505502204,-0.02282584322508984,-0.02920309612924667,-1.3290864142991166,-0.019193144913066514,1,4,train
-0.6226834323581727,0.19179514621039598,-0.675666085018904,-1.8879891090303011,-0.511631732711355,-0.356832486164279,-0.33931361090058526,-0.2882269040556985,-0.4641021374600568,1.7718320929675564,-0.9917552579511294,-1.2282344611362452,-0.7649438324644259,0.39959189732967604,0.07559133575827641,-0.38609301456065437,0.10806517326167031,0.9868037628397626,0.16847534583896634,-0.8355906143075414,0.6088742037332872,0.22783310540324117,-0.22840072719203725,0.33385474054801617,0.4851070126048985,0.18375993609009528,0.417738392603158,-0.2842259624921319,0.5009725566541181,0.304056942992525,-0.38733876222257174,-2.9921620496542505,0.24863916956296195,-0.5291555975407594,-0.16401302418733726,0.14074637790141323,-0.031083246806008408,0.4081216659231464,-1.0107842869505788,0.09394267516745555,-0.2935969810667279,0.21773731221441733,-0.21966478259267935,0.26233127190811517,0.25859166876446243,-0.6975157451427387,0.327171142890693,0.4153126514460905,0.004257044449583871,-1.623338910949693,0.26386087194318747,0.4773902639051449,0.336655292770651,-0.6157155052902077,0.005702098182442564,1,4,train
-0.47508654787849763,-0.3567116377262234,0.06276305161815444,-0.05260025084912198,0.10493359694708955,0.08923556694587471,0.39113965103728116,0.2811290983393229,0.00196138244848588,0.6382521352718512,-0.25749119055163805,-0.43823192585644727,-0.33750209389367075,-0.8284884942692508,-0.49923732704251833,-0.5956993279884126,-0.697117821100835,-0.1950157775738134,-0.5602147678710339,-0.4555391500516096,-0.5579921784980034,-0.5018600061317556,-0.6920507294907569,-0.4304171553103362,-0.12386774214451231,-0.5550481061153179,-0.06739002324354114,-0.792609180304294,-0.19788888702558768,-0.7324765038919814,-0.4320858096903246,-0.4212771558221869,-0.24523064321134705,-0.6735943075802808,-0.6562783996457786,-0.48240821025709396,-0.5480705224457303,-0.08175596174557924,-0.5360248090761085,-0.5957495893537971,-0.5614953306099743,0.28243715739969055,-0.7077358866020853,-0.636986969935976,-0.7880661036019524,-0.458364203036463,-0.8401023010949161,-0.8324357641894343,-0.48933000119135533,-0.4956916213626082,-0.9883011528556761,-0.17043059614876566,-0.6304089866606574,-0.3339451775938989,-0.6212053870408315,1,4,train
-0.6539918623993158,-0.04929271928732742,0.013314671932637129,-1.056628302188652,0.473720336182047,0.34413159729453396,0.7854947863166201,0.9481252169579895,0.25071082709175496,2.027372019328447,-1.2218472237721683,0.6642716123030176,1.1572165322885353,0.18223253598473324,-0.3201923337111232,-0.9165781287914008,-0.3326414952503518,0.5946186592281304,0.24997358224074268,0.28859522954193756,0.5035320997818512,0.1880316629558777,-0.613077377450865,-0.02686355838217964,-0.2710924081278864,0.17644500497915058,-0.5402367070434885,-0.8474348214408998,-0.3726042479455141,-0.3000155293640085,-1.4447821471184161,-2.0742758024032715,-0.4935766062064282,-1.1275445391330625,-1.3184406745987263,-0.25060674509668307,-0.42752944781470703,-0.37455638288090953,0.5472661542507212,0.423592198209817,-0.29846786014933235,0.08833762184387095,-1.2318713579028266,0.16566188434832685,-0.14238144966323452,0.2827103286755765,0.14441620974143093,0.27728738422977134,-0.3298634172150519,-0.6330940221946479,0.14247781851880784,-0.06929400618254335,-0.5041771448764822,-0.35854417445627507,-0.3473577129902316,1,4,train
-0.4676321597734635,-0.08373384292985933,0.1946253974462006,-0.14639480341587213,0.8713185394197356,0.7823967107001369,0.7193954880737763,1.2473858329161744,0.6142677077242252,0.9882570581073841,-0.4672809240943499,0.056769662704945136,0.5678248182344504,0.021930006992837935,-0.5966126742929262,-0.5387692181685277,-0.4946309734061221,-0.023928316266725567,0.23319453356978873,0.47702410677807183,0.12470568749495647,0.07924105359975091,-0.8372597961447514,-0.34023758057778725,-0.3614348167995023,0.020393141278997325,-0.5064619439149208,-0.6954182710166747,-0.4373136408788203,-0.5379834730196126,-0.6440455082217856,-0.41525164435226797,-0.2903844546649982,-0.7531829845408334,-0.5669736191422561,-0.3920959511036871,-0.687362430908246,-0.5660028120847793,0.3925103023468884,0.10797031444585391,-0.5127865397839295,-0.04787257854617787,-0.7870774946430231,0.12465062901993182,-0.5669412221160901,0.3358551158103044,0.212212394619383,-0.015326182268825183,-0.5323606667087706,-0.3132780892235209,0.10414632796374058,-0.25516665801235733,-0.5747813953659361,-0.35630790201424084,-0.49446596764551254,1,4,train
0.9382654368359666,0.04382587426470331,0.7143828105850827,0.8576332479236578,1.1479085938459537,1.1881495753367783,0.6443335731200386,0.7680616260000984,1.0215607544478196,0.16471606320024795,0.3820291262156609,-0.5657323350313513,-0.22334063576607774,0.3316670969093814,-0.46468478446979294,0.2634277838389424,-0.1468300350128506,0.8841512860555099,0.2715466448176835,-0.14894301081993352,0.2381510302118875,0.07658762410326002,-0.48315347570781725,0.08586091003350656,0.9803172527307931,0.14474697016505697,0.9028668084498571,-0.5359254968010945,1.0607088055272158,-0.046030512577738734,0.12371962201439536,-0.14611213202922388,0.5844706422494921,0.26083571451213355,-0.055104755280602456,-0.3619918647192182,-0.3980638517937902,0.9120762369156861,-0.22126714418695703,-0.08607869557199005,-0.33012857418626146,0.030448286678100202,0.2131076249033456,0.13929750592293005,-0.07456981934090343,-0.05977829952600353,0.28885156013358965,0.46500174764396535,-0.466549060623312,-0.40093134492671867,0.1488664002779857,0.4992576347086524,-0.13190018775027057,-0.35630790201424084,-0.06219401935076401,1,4,train
-0.6942455581665,-0.2278763233597151,-0.9459838939663987,-1.0353113584234817,-1.2111740786976648,-1.2476681024338279,-0.2440858083473358,-0.2907630109705984,-1.3155906210466317,0.8780478955536349,-0.342083825044667,-0.6157324954920981,-0.41980454045077265,0.38328994522880533,-0.06261883453262505,0.5118500812348041,-0.4041074414955446,0.6130434627535091,-0.40920332983244834,-1.3561653090446582,0.3455189438546972,-0.23917048597915674,-0.36087215642024284,0.39021697475585926,0.8230545413394617,-0.37217482834170074,0.11683595745773702,-0.600719436326174,0.6983362051007016,0.3109214029056674,-0.4768328571580775,-1.0398963334005271,0.15550943343980653,0.4347517123148227,-0.40578938116028856,-0.05794059223608182,-0.33913265975195667,0.7318913623708675,-1.3281649323804732,-0.20765156931810913,-0.17913132262552256,0.3505422575947149,0.1337660168624077,-0.27081504736102036,0.46202655973145573,-1.13743648309132,-0.36552900694925183,0.5091698331531874,-0.09699158029727545,-1.135323487304862,-0.5379061388336359,0.6905971292393432,0.2681905650233017,-0.1841149239776077,-0.38356897567460846,1,4,train
-0.5898841246960227,2.4444997518663723,1.6967572870040266,2.002353128113313,1.820944392949751,1.575695580662801,1.1059083337310829,1.4084286220123161,1.529993685257139,0.8477706530938137,-0.3725371734621574,0.5692713074275989,0.7828731463352652,1.5054076481720724,3.1099328016903405,1.9920329365518135,1.0823842404044652,-1.055717313687932,1.5635333924811379,0.9816302525968721,1.0525265261441423,1.1538799996785642,1.554868512418423,1.3799378074455841,-0.8164928752935675,1.2761229819911681,-0.6446314294408794,0.9942083058296287,-0.7673315448386814,1.880594569710902,1.9583485681922634,0.9585649707892409,-0.6149274744881156,2.2888731126180675,1.3781280635320277,2.967520089403047,2.411882532382729,-0.9770495571401467,1.0797312040215359,1.0337945068201455,2.6654620616154943,-1.423595602485671,2.627015942270062,1.1411438860880088,1.6826359055334155,0.997212466820252,1.406014780513756,1.4919097357333797,3.446710285842801,0.82621423491805,1.5447715146583514,-0.8428522483566222,1.9776692359649286,3.3827396210669365,1.469995032981931,1,4,train
-0.47657742549950444,-0.9166987962103533,-0.5734727670021682,0.45367716357367716,-0.4908874786293886,-0.4569702123726809,-0.9487715472413818,-0.7802316455462739,-0.5064715483608334,-0.6079591643743886,0.27036684868486266,-0.2007311636679004,-0.22599555339695201,-0.4236566837642948,-0.16313532201691702,-0.5724097376075507,-0.17065201709458153,-0.18975154799513377,-0.4403644202213628,-0.36292156632537415,-0.14472700145775472,-0.3851091082861561,-0.0016707810129930518,-0.15311496300774818,0.4081486644772257,-0.2892722757509943,0.37475233043952644,-0.10978074069384094,0.1483063651675999,-0.329761522320959,-0.7994826204781904,-0.5096513240476641,0.4010332832190344,-0.8298239327250693,-0.9198364104000769,-0.015794871297825298,0.051956160162029814,0.047751916833509156,-0.26848079392032975,-0.3035071043871646,0.057106312880794756,0.4322683778287442,-0.6788843927690169,-0.4026369394880044,-0.342868008877083,-0.3432171642445525,-0.4834354154326467,-0.2610111579138732,-0.018523896118459476,-0.17350668148058396,-0.582626211147881,0.26691681992138494,-0.8957098066816358,-0.8035623904210802,-0.213828681841592,1,4,train
0.9009934963107962,-1.5774581312781877,-1.2195982615595944,-0.9969408596461747,-0.9622430297140686,-1.2307617330739677,-1.4081056536747028,-1.7287356317188263,-1.3319916833308034,-1.8892920652740208,-1.319974679784082,1.4842742438592635,1.7014746466177577,0.5463094662375124,1.2095429601904453,0.5170255457638845,0.8918083837506178,-0.6503716361296009,0.6071276182367625,1.460686720146366,0.6595194460176314,0.9150713449943836,1.2262374668330664,0.694573039478212,-0.7763406936617382,0.6055876301545721,-1.0069425248200599,1.6546080740660156,-0.7932153020120037,0.5099907403867978,0.7902151185077672,1.0188200854884297,-0.9366483810953797,0.543817677038543,0.6331955042099615,1.1281604113119947,1.5038064368290207,-0.5575566460904909,0.924975352117703,1.0337945068201455,1.2407299299536836,-1.1273384166373148,0.19146900452854435,1.0122513693416244,0.9219663132220492,1.386940905808257,1.016923632518553,0.6057875202046109,0.8243709048991443,1.3900378797115924,0.950633411054809,-0.9959238439811748,0.5142356803653382,0.8669331237784649,0.9404053162229197,1,4,train
-0.41097881017520443,-0.035261150395925527,0.10232175536656829,-0.060061181166931654,0.3423400603295934,0.33762914754074164,0.29031021303972293,0.4066663906268666,0.20150764023924023,0.19862657475524767,-0.04770145700892621,-0.6357325596763967,-0.5445856691018627,-0.6111291329243079,-0.5526367110185484,-0.7949547123580101,-0.6732958390191041,0.06819570136016788,-0.6441100112258037,-0.557737863128835,-0.4587275036206888,-0.5496217370685917,-0.6665754546391789,-0.4574710277301009,-0.026833303200924873,-0.6379506587060243,-0.2454751379214434,-0.7053865694051485,-0.07494104045230611,-0.7141712774569349,-0.6628863703134711,-0.3811070793560609,-0.2762738885857322,-1.0567990485014602,-0.6236059189737582,-0.5064914793646691,-0.47038849657240417,-0.17466378768275134,-0.5334018285353657,-0.630818687549793,-0.5322700561143474,0.02023252164884654,-0.859206229225694,-0.6047638407493799,-0.7379444637984903,-0.3314072115479463,-0.592498843279787,-0.641960895430914,-0.4842675699540123,-0.5738688494222169,-0.7295635916089721,-0.009158736472897637,-0.77375701038167,-0.3451265398040699,-0.6370478144652463,1,4,train
-0.5078858555406476,-0.3388532773189846,1.635221525617605,1.1294242809295818,1.349588841865071,1.4651539348483313,1.2795590325046555,1.4261813704166153,1.381017369509247,0.8465595633954209,-0.2710260120705227,0.48927105069040416,0.6368526766371811,1.0380850212804456,-0.8887387160441497,0.956940030735723,1.0800020421962921,-0.6661643248656398,1.1296751339893285,0.9688554134622189,0.8256358407102803,1.1220388457206736,-0.9799213353135883,1.1657613174557804,-0.6826522698541365,1.071304910884717,-0.7336739867798305,-0.7726725835273465,-0.7414477876653589,1.260505024223703,1.070472942121588,0.4403709843762156,-0.5584852101710517,1.0390361114597595,0.7943797421919291,-0.7804386654633365,-1.022198749327755,-0.6504644720276631,0.8331710331917005,0.9753460098268191,-0.9584719758422394,0.2143320572046661,0.8959263122859628,1.2290251475059981,1.4261310430098153,1.0149273958651612,1.3441139160599735,1.0667919127071168,-0.7829510129572473,0.6817048133533186,1.3499197710034263,-0.7635830291939073,0.8758150237810265,-0.7118752202976781,1.3296763900799706,1,4,train
-0.7911526035319433,-1.1131407606899797,-1.7767166726830894,-1.5405229256580222,-1.9464426400473613,-1.9668390452032594,-1.8651991059303001,-2.1611418607092547,-2.100108100306173,-1.585308550977416,1.2110369442473448,1.606774636988093,1.797051681329231,1.5407285443906256,1.3100594476747371,1.5624693806381358,1.9137714150568745,0.952586270578345,1.870350282464296,2.1601091627686273,0.9674425191064441,1.9552157076188152,1.0326253779610737,1.5129526801760937,1.3149187663293704,1.9612881960496535,1.3818543582731804,0.7749057412832059,1.31954637726044,1.8027973573619547,1.866499365495297,1.3341551857475187,1.2617778140542586,1.7347001026705158,1.6961402087396933,1.2786808432343393,1.1582553562200875,1.2471074880224582,1.8928551716518438,1.6673762142278046,1.1408769087602917,0.9124093342036662,1.648469443098495,2.1664252692978847,1.9037607870192779,2.0335358159474466,1.9513319197494572,1.5830064120961502,1.2344278351239246,1.7169608334154112,2.0590523462721704,1.2509485060792236,1.5262299373808446,0.9742742009961063,1.9181094087010944,1,4,train
0.7593601223151484,0.03234549971719267,0.45175697181089064,0.38333124914861455,0.6269973246765763,0.6653526151318749,0.15587096237631193,0.5005023464781619,0.49946027173502405,0.25433670088131866,0.17900680343239142,-0.4357319178334099,-0.3587414349406648,-0.39648676359617696,-0.46782592470367707,-0.20495175604283855,-0.5398927393614109,0.19716932603781867,-0.35886618381958646,-0.2511417238971589,-0.09408175917341051,-0.3161199413773928,-0.46532078331171267,-0.2951477932115128,0.5051831034208132,-0.5721162787075221,0.4269496916382219,-0.5982273617290556,0.5495046013540976,-0.4876441003232348,-0.2530976198193131,-0.14008662055930496,-0.025105812374797896,-0.2903895666591014,-0.40578938116028856,-0.4974602534493284,-0.41413599507792664,0.5517064878260487,-0.33143232689816005,-0.5092458138036738,-0.5103511002426272,0.17006374207790026,-0.38075228982731085,-0.46415382248059694,-0.4784912695217452,-0.3255022351996432,-0.36258134673716697,-0.3410658128993383,-0.4437681200552686,-0.47910857298632753,-0.429300248927612,0.09744469619420157,-0.37580578035020235,-0.42339607527526674,-0.22514470143045978,0,4,train
-0.4035244220701703,1.2033437035632777,-0.05151764809948557,-0.0312833070839515,0.4863973803432487,0.34803306714680937,0.2634223629070407,0.5639050193506587,0.23704327518827867,0.3827122089109604,-0.15936373453972444,-0.41573185364911125,-0.3268824233701737,-0.28780708292370555,0.1541198416053795,-0.5387692181685277,-0.7638193709296816,-0.06341003810682276,-0.3157200586657049,-0.11061849341597402,-0.13459795300088587,-0.33734737734931997,-0.25132847455845747,-0.579213453619042,0.0032808330229470925,-0.3282852416760326,-0.2055595087694998,-0.12971733747078848,-0.2528918710188979,-0.78510402989274,-0.5003839347726843,-0.3670475525929168,-0.019461585943091508,-0.6470647485934299,-0.6214277535956235,0.12268392607073185,0.1483890198668484,-0.3604794395570956,-0.11634792255723987,-0.4297558578927498,-0.5347054956556496,-0.4156401195993097,-0.6668629370052385,-0.505165077808992,-0.7202544732796213,-0.1660678737954594,-0.35668602631299723,-0.2803346953241579,0.16878605966323026,-0.3890863103722325,-0.5059632300377465,0.00997521298017145,-0.6432461231132854,-0.22884037281829164,-0.6370478144652463,0,4,train
0.8771394543746871,1.5924008410066939,-0.324033162810781,-0.7315449097698021,-0.8112709583397578,-0.505088340550744,0.2130076439082616,-0.11830774075740706,-0.5201391002643097,0.38634547800613894,0.42940100153175714,-0.47573204620200726,-0.5206914104239944,-0.1356555299822456,-0.9547026609557163,-0.17389896886835582,-0.4374582164099679,-0.4898126339798724,-0.5937728652129418,-0.39485866416200704,0.1409121650259466,-0.3930693967756288,-0.23604330964751064,-0.0787168138533953,-0.16067390864035583,-0.6330740379653944,0.006300369036970118,-0.01009775680910328,-0.32730767289219986,-0.20391309058001453,-0.4038245165527965,-0.6361870649159609,0.25146128277881513,-0.35523959973807023,-0.6432094073769704,-0.65099109401012,-0.31502444482575204,-0.4702795974828444,-0.596353361513196,-0.2684380061911687,-0.9073277454748925,1.3006084053153053,-0.22687765605094642,-0.5432469577567873,-0.3192813548519243,-0.23397510180094508,-0.47459243479639207,-0.11470437466457495,-1.2512259024114718,-0.4198834002138966,-0.5634604658703474,-0.2332992872088498,-0.26027155227655047,-1.244108061501817,-0.38356897567460846,0,4,train
-0.38116125775506804,0.8168377604637529,0.7385575739868911,0.4259651366789555,-0.17396137459934705,0.05412233827539614,-0.3247493587453824,-0.5139404194817871,0.08670020425003909,-0.2603764209356414,0.19254162495127605,-0.6257325275842474,-0.6268881156589646,-0.6709029572941672,-0.2510872485656725,-0.45337405343870024,-0.9686884168325676,-0.04235311979210425,-0.6297279695078432,-0.6439680272877439,-0.2480432957178169,-0.6637192054177004,-0.7761191365009642,-0.27485738889668926,0.006626848158932866,-0.6940317972232668,0.18438548371487234,-0.7826408819158203,-0.11376667621228977,-0.6432385250211298,-0.72882938763437,-0.4192686519988806,0.08777871625932987,-0.7030715953434484,-0.6301404151081622,-0.0669718181514225,-0.7114706458344506,0.02241341885064404,-0.4940571204242217,-0.6799154250241872,0.04005823609167907,-0.23175634907274378,-0.7630345831154662,-0.8303257450555527,-0.6111661984132626,-0.49379406112628166,-0.6986146109148423,-0.6861289809401361,-0.5602040385141568,-0.5786068632440114,-0.9339982079026641,-0.17589743884964254,-0.39078243954493497,-0.040993487687419096,-0.7524712142716975,0,4,train
2.524559225587222,0.5004896618212376,1.1737033152194434,1.4704953811723096,1.4268035653923903,1.4287402162270944,0.6140847417207711,1.096487471479632,1.3482152449409037,-0.36210795560064063,-0.5958617285237539,-0.5657323350313513,-0.796802844034917,1.1549156780033523,0.26720089002520797,1.2519415088933088,0.26052585858474825,2.950361395687263,0.916341515172914,-0.8515591632258579,0.8661520345377557,0.3684648687172587,-0.03733616580520225,0.7734801673691923,3.105036864081759,0.3227436271980443,2.545548469702921,-0.5035285270385548,3.089348273986362,0.8921123422183929,1.0657627265986664,-0.6201190343295105,1.4057055880627716,1.4458226825914728,0.38488465110260617,0.3153500789313331,0.1778546158877652,3.057402399464933,-0.926848909646805,0.33475048277996067,0.0838961478351194,0.8953830591549101,1.254165694046561,0.27404877343051376,0.977984616531801,-0.7388505795808604,1.061138535699826,1.1578885890698873,0.26244103755407516,-0.7160092640760513,1.0879879188771333,2.3087825686989003,0.7731179321600026,0.17368866674786382,0.7955602654854124,0,4,train
-0.5839206142119954,-0.3260973055995283,-0.918512571918889,-1.1323034525550073,-1.2849314265446563,-1.298387210513408,-0.6362002894489512,-0.7193650795886769,-1.3101236002852412,-0.16348924506421364,0.19254162495127605,-0.4257318857412606,-0.3348471762627965,0.18766652001835682,-0.056336554064856804,0.555841529731988,-0.25879335079698595,0.48933406765453785,-0.16950263453310616,-0.36292156632537415,0.26651236589112026,-0.11180587014759369,-0.26661363946940425,0.23916618707883977,0.6959059661720023,-0.06494772168202399,0.43616099067328584,-0.3440357528229745,0.6756879175740444,0.2720227967311937,-0.0034561971044812477,-0.18628220849534985,0.3587015849812365,0.6175108964464621,-0.015897778474177924,0.005277989171302963,-0.2293063473103577,0.6530604797575092,-0.24225098851290047,-0.11880985388825288,-0.1206807736342688,0.36756853264347106,0.4631539047899378,-0.06868814609964478,0.29102331804905557,-0.17492533831791404,-0.1503498114670562,0.26900586819679223,0.07259986615371392,-0.2611599371837817,-0.15459123328296337,0.5894605392731209,0.22112106469699908,-0.02310330815114552,-0.04635159192634914,0,4,train
-0.45421426118440217,0.13822006498867967,0.04518140550774828,0.27461483594624503,-0.24541380532612003,-0.11234037542168746,-0.36059982558895864,-0.539301488630786,-0.07184339783028627,-0.3596857762038549,0.17562309805267026,-0.7407328966439648,-0.6321979509207132,-1.04041387158057,-0.45212022353425646,-0.7690773897126079,-0.875782686713817,-0.05551369373880332,-0.787930428405409,-0.5928686707491312,-0.6329471370788329,-0.7220946543405,-0.7098834218868615,-0.619794262248689,-0.0034111972490244555,-0.8500836609234201,0.0892020603525453,-0.6081956601175293,-0.07817651009897142,-1.01163120702644,-0.7570906807718981,-0.43131967493871837,0.27121607528978753,-0.8858307794750878,-0.7259796917460889,-0.25361715373513,-0.46503111547769205,-0.05923285242747691,-0.5255328869131368,-0.8201918178081707,-0.5127865397839295,0.057690326756109966,-0.9890379514745015,-0.7600207359211612,-1.020984312100394,-0.5056040138228879,-0.7929397377015582,-0.9842635581273854,-0.47920513871666937,-0.6425700498382368,-1.144821405955534,-0.07749427023385866,-0.7994312832869259,-0.43457743748543776,-0.8316833513937718,0,4,train
-0.44377811783735444,1.0158309192872708,0.295719862581036,1.404412855500281,0.43107936945800507,0.400052665177148,0.5558277330999596,0.46119268929721385,0.34228342484504637,0.40935618227560305,-0.054468867768368526,-0.16323104332234037,-0.11183409526935902,-0.06773072956195096,0.08815589669381291,0.061584667204804745,-0.28499753108688997,-0.5319264706093094,-0.1311505232852114,0.1001663523058033,0.18345416854479576,-0.15160731259495713,0.03399460377921615,0.00019031403758504458,-0.18409601459225625,-0.26245086167753046,-0.19941864274612386,-0.16211430723332823,-0.029644465398991852,-0.29086291614648524,0.16846666948214822,0.2294780829290541,-0.20572105818940234,0.06333788649891035,0.1409301287515202,0.11064229151694427,0.014454492499044812,-0.27320239094944904,-0.0114287009275227,-0.15855483184371488,-0.26924258565370546,-0.40882960957980724,-0.015300034608445352,-0.15656940751763415,-0.21903807524500013,0.13213343179384734,-0.07076298574076467,-0.026368203646130715,0.14094268785784395,-0.005307190806880118,-0.23764279615227574,-0.16769717479832721,-0.4185962351922956,0.6656686039953871,-0.2817247993747986,0,4,train
-0.6838094148194522,2.387097879128819,1.5604995296483788,1.359647273593423,1.6745821558158773,1.7551631938674692,2.0671489759744714,1.8585875994070435,1.8402471134660514,1.9304848434570192,-1.2624516883288222,2.619277886318214,2.5430835356048966,1.2934822708607532,3.3957765629737957,1.3761526575912395,1.258666907809274,-0.9030546559062229,1.9949946440199537,2.7317832140443565,0.6331839200297723,2.270973817701232,3.310114949692147,0.17829497413436923,-1.2581668732436897,2.2197490953030323,-1.1420415773343304,2.97540761053879,-1.2364746436051506,0.615245792388315,1.7087071454774316,1.6836348510028147,-1.2781240802136162,1.3249658027624855,1.7462380124367913,3.4973520097697004,3.108342074695307,-1.0502496624239794,2.514501559807918,2.069501873541891,2.180809592896348,-1.5938583529732322,1.381593125142613,2.2894590352830697,0.013880133253441495,2.7007981433056973,1.7391003844793465,0.9701742256556933,2.996153905719277,1.6079865155141382,2.1900182723353168,-0.9931904226307364,0.5891189763390013,2.0991192393393074,0.9471949279762404,0,4,train
0.6087814825934597,0.35762277856332736,0.007820407523135205,0.05718200954150603,-0.08406960691082616,-0.023907058770111796,0.05168054311216838,-0.034616212565711256,-0.058175845926809945,-0.10656802923974981,0.30420390248207424,-0.8482332416345703,-0.7463594090483061,-0.9643380951098399,-0.5777658328896215,-0.6189889183692747,-0.8090811368849703,0.04713878304544937,-0.8310765535592906,-0.8068472262545718,-0.6572568533753181,-0.7963906802422451,-0.6742180370946522,-0.750554645610885,0.24753993794990856,-0.9427394549953861,0.2396532779252558,-0.7751646581244649,-0.0037607082256694143,-0.8697657021548298,-0.7052783100197633,-0.3931581022958987,0.09342294269103626,-0.8563534917119202,-0.6170714228393541,-0.46434575842641257,-0.5507492129930863,0.05619808282779753,-0.6015993225946817,-0.8388953368460352,-0.5420118142795564,0.23135833225342223,-0.8495890646146712,-1.0236645201751293,-0.9856043310626561,-0.6443709580080108,-1.0287525546683478,-1.0449946757025659,-0.5500791760394709,-0.483846586808122,-1.2087072235473129,-0.009158736472897637,-0.70957132811853,-0.4703577965579849,-0.6958911163273587,0,4,train
0.8845938424797212,-0.7508711638574219,0.6550447549624618,0.8448430816645556,1.1617380965672646,1.1049182184882365,0.5591887143665449,0.4370996736056651,0.9696240572146096,-0.35847468650546205,-0.12552668074251286,-0.6707326719989194,-0.6136135275045933,0.4783846658172178,-1.2342641417714033,0.3358842872460687,-0.21353158484169718,0.515655215547936,0.06300703990725577,-0.8260094849565516,0.3961641861390414,0.06597390611729642,-0.8831152908775919,0.12193273992652613,0.8933208591951629,0.0325846931305718,0.7094295287135151,-0.32409915604602696,0.9183481410739424,0.10498760551139463,0.07426235902372112,-0.5759319502167719,0.4377207550251259,0.42590852598587237,0.01895286757597722,-1.075458712031132,-0.6337886199611246,0.8670300182794815,-0.7668470966614863,-0.2567483067925034,-0.7904266474923849,-0.5314187899308512,0.3717908409852214,-0.030606266151849398,0.019776796759731156,-0.6857057924461325,0.008823839985526856,0.591984993482979,-1.2132576681313993,-0.5193816904715806,0.005123310696483513,0.48285710660602177,-0.059156414518711974,-0.9399750093851662,-0.17761741915721518,0,4,train
1.0277180940963757,-0.2572150583144645,1.712141227350632,1.2285480694376245,1.378400305867802,1.6550254676590674,1.2896419763044114,1.1472096097776294,1.6188327726297351,0.0024300436156064263,0.19254162495127605,-0.5657323350313513,-0.5127266575313716,1.2092555183395879,-0.9264323988507592,1.254529241157849,1.0871486368208114,0.9683789593143838,0.8971654595489665,-0.6120309294511109,0.9026166089824835,1.262670609034691,-0.9315183130955901,1.3912102542871527,1.5391017804404172,1.046921807181568,1.0348954279524398,-0.5409096459953314,1.4651425113603789,1.3634719229208394,0.8985500755349584,-0.28670739966066483,1.16582596471525,1.4133976660519885,0.8858626880735864,-0.7443137618019738,-0.7757592189709963,1.2949690953234256,-0.5255328869131368,0.7672693605305767,-0.9487302176770305,-0.17386701390697304,0.8718834007584058,1.4018582949613774,1.7209642183242984,-0.4288393212949475,1.0316619335789772,1.2241407173337204,-0.7449827786771751,-0.61414196690747,1.0177135195261766,1.3575519387463229,1.1090230026704349,-0.7498918518122595,1.0943031826315213,0,4,train
-0.35283458295593845,0.15225163388008156,0.007820407523135205,-0.6121700246848474,-0.5127841912714642,-0.09283302616031047,-0.15445964123839512,-0.04349258676786081,-0.10054525682758655,0.33911297976881793,-0.12552668074251286,-0.7082327923444794,-0.5844094335649765,-0.787733614017074,-0.3013454923078185,-0.6474539732792172,-0.7042644157253543,0.1182058823576243,-0.7663573658284681,-0.4587328598352729,-0.4911404586826691,-0.7088275068580455,-0.5188188605000265,-0.41463572973214013,0.10031527196653454,-0.781810970554603,-0.030544827103285512,-0.3988613939595802,0.16448371340092643,-0.6180688386729409,-0.5380656589560551,-0.54982140051379,0.07366815018006391,-0.7178102392250323,-0.4863815001512723,-0.2355547019044486,-0.3953851612464342,0.11532124478781614,-0.47569625663902115,-0.6541980863471235,-0.43728791400356004,-0.19770379897523158,-0.5177968855343854,-0.7981026158689566,-0.8352394116522697,-0.35797960511531024,-0.7870444172773884,-0.7385785824823374,-0.41086231701253934,-0.5359647388478612,-0.9212210443843084,0.07011048268981715,-0.683897055213274,-0.4412862548115403,-0.5895205321920017,0,4,train
-0.6316286980842136,2.394751462160493,1.863782925052885,2.0268676134432595,1.94425745888144,1.6914391862803044,2.0783522468630893,2.1591162688226784,1.808811744088056,2.390698928846301,-1.4350206626946012,3.4592805820587587,3.6926628697734496,1.8124277460718041,3.2607075329167783,2.4966407281371574,2.2544257588256267,-1.2057478566803013,2.639789514375184,3.3290069435893925,0.8074035534879164,2.300161542162632,3.3814457192765652,1.600877765540329,-1.1510943888921448,2.7903137219567182,-1.2157319696148416,3.7579190340339808,-0.9517533146986037,2.2261057186724043,3.1994903584820404,3.346676016700431,-1.2132154762489926,2.530586872276042,3.0269992547799927,3.3859668901471656,3.689617923471575,-1.1994652616564072,3.7997620247719532,2.5581313084061,2.969892004278274,-1.5087269777294516,2.8914879690731885,2.222083401529278,1.7209642183242984,3.3710129588380995,1.9631225605977967,1.4366996288468519,3.573271066776375,2.94410641326018,2.477504451498321,-1.0669927990925743,2.330690488412198,3.364849441530663,2.339065337406975,0,4,train
-0.6838094148194522,-0.28272700175337706,1.9374060681402108,1.5387096012208552,1.7033936198186084,1.8592023899281465,1.4229608998789605,1.5288937004700602,1.8170122752301416,0.1731936910889979,-0.17628226143833023,-0.3657316931883645,-0.26847423549094007,1.6847291212816502,-1.2122761601342145,1.8859359137056642,1.5064155214592756,-0.9135831150635821,1.5899004689640654,-0.36292156632537415,0.9917522354029293,1.6129233025714895,-0.9493510054916946,1.715856723324329,-1.1544404040281306,1.556528674577381,-0.8534208742356614,-0.43873458751347527,-1.23000370431182,1.9927140816255617,1.6945764989086676,-0.08585701733003488,-0.8011869467344264,2.0913752846048443,1.404266048069644,-1.04836503428511,-0.8641560070337467,-1.0699573830773188,-0.1924143582387848,1.253560855515053,-1.1508716996051165,0.20071103716566124,1.749449671514234,1.6830783314989433,2.163213981296023,-0.17492533831791404,1.7096237823584977,1.5912879281291294,-0.9322927344588648,-0.25879093027288447,1.976000783402858,-1.2036638666144963,1.7466007798176248,-0.8505241117037984,1.773264357963587,0,4,train
-0.47657742549950444,1.5924008410066939,-0.3086492224641756,-0.7368741457110948,-0.6718234725665395,-0.4374628631113039,0.5334211913227245,0.1340348972751303,-0.481869954934576,0.42146707925953153,-0.02063181397115694,-0.2932314605202818,-0.2498898120748203,-0.13837252199905736,-1.0175254656333987,-0.18166216566197652,-0.6232696766474691,0.23401893308857605,-0.5745968095889944,-0.3852775348110172,0.12470568749495647,-0.4089899737545742,0.21232152774026214,-0.02460906901386592,0.240847907677937,-0.8500836609234201,-0.06431959023185317,-0.007605682211984838,0.31978625644086106,-0.26569322979829635,-0.582812706423808,-0.43131967493871837,-0.36940362470888766,-0.2874418378827846,-0.7368705186367623,-0.711199266779058,-0.1569817025317438,0.27579839867929523,-0.596353361513196,-0.22869302823570667,-0.8683607128140566,-0.8583232708669684,-0.17398325069032117,-0.6252694684135774,-0.11289813213178622,-0.40226692772758355,-0.42448221119094925,-0.029128708990457094,-1.1373211995712549,-0.47910857298632753,-0.5347118479540469,0.1384460164507782,-0.2752482114712831,-1.367103045813698,-0.42204344227675883,0,4,train
-0.5257763869927294,0.47625331555427064,1.1165629653606235,0.0731697173653839,0.9012824619825759,1.0789084194730671,1.3176501535259553,1.2017359084479766,0.9463892189786999,0.7327171317464932,-0.4672809240943499,0.14926995955732655,0.3474666548718872,0.4919696259012767,0.01590967131447805,-0.23082907868824082,0.5940336077289812,-0.00023928316266725314,0.5112473401170257,0.30775748824391735,0.39008675706492013,0.591352946422494,-0.055168858201306854,0.5164683793814279,-0.3748188773434454,0.47391887015756773,-0.6016453672772478,-0.341543678225856,-0.3628978390055182,0.45736321438603916,-0.3567223613235829,-0.2646138576042955,-0.5359083044442261,-0.4643055644617905,-0.3752950658664028,0.089569431047816,0.03320532633053731,-0.3435871075685188,0.19054080070968285,0.5895859296708642,-0.08414918051473519,-0.05468308856568031,-0.4456681509517146,0.7339607081846581,0.6625131189453042,0.3358551158103044,0.6189895038870953,0.5588589293510624,0.03716284749231315,0.2837116523225828,0.5034326879123577,-0.46837352334655574,-0.4785028719712262,-0.403269623296959,0.6439256029945843,0,4,train
-0.4676321597734635,1.7799136252827008,1.7758746945008543,1.3500546488990963,1.5881477638076842,1.4846612841097084,1.4375251520341634,1.4502743861081642,1.3933181662223757,1.1771870510566682,-0.5755594962454269,1.0492728478507674,1.114737850194547,1.1902365742219054,2.1267559084846095,1.2157132571897455,1.4825935393775447,-0.5714081924494065,1.3837578710066312,1.6203722093295307,0.8499455570067656,1.392688654362745,1.5166556001410558,1.2131055941903686,-0.5555036946866772,1.5297072605039173,-0.5924340682421839,1.0864150659230112,-0.5926161839187549,1.6929659987516759,1.2164896233321498,1.0228370931350423,-0.6431486066466475,1.4163453948283053,1.2300128178188683,2.0312830028460627,1.7100656089754382,-0.6560952493571887,1.4941621294589185,1.283954073951583,2.010328825005191,-0.7663813856036854,1.3767845428371015,1.4692339287151692,1.6177726069642293,1.4223707638980756,1.4030671203016711,1.2765903188759218,2.1026347923282436,1.285801575632114,1.4329713338727386,-0.7280485516382076,1.3358124133335294,1.4617815933595613,1.5582599857750996,0,4,train
2.3173272362672743,0.9584290465497175,-0.31963775128317945,-1.0534307606238766,-1.016408582039203,-0.8029005392744326,-0.07043510957376327,-0.5862194665564335,-0.7975904039048791,0.4045118234820317,1.1839673012095755,-0.3707317092344392,-0.6268881156589646,0.26374229648908676,-1.0112431851656305,0.08228652532112656,-0.4160184325364101,-1.8953619314873325,0.017463907800380762,-0.6567428664223971,0.347544753546071,-0.2710116399370475,-0.40418012366792544,0.18956742097593784,-1.0205997985886996,-0.37217482834170074,-0.6477018624525673,-0.04498680116876146,-1.2688293400718036,-0.05747127909964277,0.017739772748664853,-0.6823826528520058,0.11317773520200862,0.11934473324892887,-0.4929159962856764,-0.8075323432093586,-0.6364673105084806,-1.5851735087289096,-0.8088147853133731,-0.13283749316665122,-0.5347054956556496,1.739886301573213,0.3020663975553063,-0.414354441010403,0.05515677779746912,-0.4524592266881599,0.10904428719641249,0.32421597508331984,-1.0107604186376808,-0.3417061721542878,-0.08431683393200674,-0.643312489774616,-0.1532954151713172,-1.1524208913784149,-0.06445722326853756,0,4,train
-0.4422872402163476,0.4915604816176181,0.4660420592755956,-0.6643965369095151,-0.058715518588422826,0.2114816223171705,0.5457447893002038,0.37369700073316825,0.19330710909715443,0.5377316903052448,-0.24734007441247458,-0.3657316931883645,-0.34281192915541925,-0.5893931967898136,-0.3704505774532692,-0.8596480189715158,-0.4708089913243912,0.16821606335508074,-0.6584920529437642,-0.27988511195012855,-0.10421080763027935,-0.45940513418790124,-0.332849354083507,-0.30191126131645396,-0.1104836816005692,-0.6818402453716924,-0.16871431262924413,-0.4337504383192384,-0.12023761550562038,-0.5745939258897055,-0.8206785903313365,-0.5759319502167719,-0.3581151718454748,-1.0096353880803919,-0.9176582450219422,-0.35898145608077126,-0.26412932442598663,0.05901347149256032,-0.47569625663902115,-0.41572821861435144,-0.3325640137275637,-0.327103489345778,-0.8471847734619156,-0.5373882069955881,-0.49028459653432455,-0.20740270823358112,-0.4893307358568164,-0.5177381549362268,-0.4361744731992542,-0.31564709613441816,-0.582626211147881,-0.12396243319131216,-0.9363607387816244,-0.6582046816888575,-0.4582547049611357,0,4,train
-0.36476160392399304,0.6982072234728097,0.007820407523135205,0.41637251198462877,-0.4113678379818509,-0.49858589079695176,-0.13205309946115998,-0.5037959918221877,-0.3807300708488512,0.21558183053274754,0.02335635596521812,-0.7782330169895249,-0.5552053396253597,-0.6926388934286615,-0.7348228445838276,-0.6319275796919759,-0.7662015691378546,-0.3476784353555225,-0.63452198341383,-0.6311931881530908,-0.4445468357810724,-0.7167877953475182,-0.5442941353516044,-0.4619800064667284,0.18396565036617887,-0.8354537987015307,0.316414103217455,-0.3390516036287376,-0.03611540469232246,-0.7782395699795975,-0.58987802970819,-0.2505543308411514,-0.02792792559065109,-0.9388898974487896,-0.5582609576297173,-0.4974602534493284,-0.6016443333928517,0.08716735814018824,-0.5806154782687384,-0.6471842667079244,-0.447029672168769,-0.3339139993652804,-0.9096963434335635,-0.9035601295705438,-0.8057560941208214,-0.4613166912106146,-0.7074575915510969,-0.6447214007752404,-0.5070485105220557,-0.5312267250260667,-0.7742836639232172,-0.07202742753298177,-0.6689203960185414,-0.14833456490506056,-0.5555724734253984,0,4,train
2.4693967536099697,0.6382541563913652,-0.7811559616813409,-1.1248425222371976,-0.721379190651237,-0.7950975995698818,0.09537329957777695,-0.15761739793835508,-0.8577276322801749,1.162653974675954,2.7607740081596353,-0.25573134017472177,-0.31891767047755093,0.3343840889261932,-0.5180841684458231,0.328121090452448,-0.3302592970421787,-2.2717543463629255,-0.04006425907146136,-1.0846999774332784,0.5298676257697101,-0.06404413921075754,-0.13159468275604086,0.4601061451735847,-1.2347447672917893,-0.18198661945713893,0.12604725649280094,0.17182368878054297,-1.262358400778473,0.3315147826450947,-0.3284610681860548,-1.3030103342536525,0.4066775096507408,0.22251524042001564,-0.46895617712619475,-0.4071479942959216,-0.21591289457357735,-1.162865209014491,-0.8717663182912034,0.012114779376798461,-0.6102041214360191,1.293797895295803,0.07846732034902672,-0.17414565980123203,0.43254324220000745,-0.9543822162939237,0.06777704422722429,0.3794260819698475,-0.3551755734017667,-1.2277147568298543,0.06900912828826226,-1.621877333231578,0.35805052019169764,-0.8974858329865165,-0.019193144913066514,0,4,train
-0.5227946317507158,-0.47023978602938415,0.3825292402511664,0.4483479276323845,0.8632513294989709,0.6523477156242903,0.09761395375550047,0.09345718663673232,0.5937663798690107,0.8368708458082781,-0.29132824434884963,-0.6682326639758821,-0.4171496228198984,-0.005239913175279915,-0.7316817043499435,-0.210127220571919,-0.5899189017330458,-0.2160726958885319,-0.4403644202213628,0.1863965164647122,-0.06774623318555152,-0.37184196080370163,-0.6487427622430743,-0.38081838920743427,-0.2878224838078152,-0.50628189870902,0.00015950301359417892,-0.8848159403976763,-0.38231065688551,-0.2771339963202004,-0.2766486974339199,0.07281478471116276,0.14422098057639376,-0.19311451704064816,-0.45153085410111715,-0.5907829212411821,-0.5936082617507835,-0.3914487148694863,0.3505426136950015,-0.5723701905564664,-0.49330302345351157,0.5037787330335198,-0.3230493021611742,-0.46415382248059694,-0.5993728714006833,0.2768053523272734,-0.2653085597383662,0.003997355141459493,-0.8766059908480922,-0.17587568839148118,-0.480408903001035,-0.16223033209745033,-0.49989809939227287,-0.5419185147030792,-0.41525383052343817,0,4,train
-0.4094879325541976,-0.23425430921944324,-0.4317207452370187,-0.2998767985250997,-0.4908874786293886,-0.5167927501075703,-0.6675694479370804,-0.7066845450141775,-0.6253792499210774,-0.6249144201518885,0.28728537558346845,-0.5582323109622394,-0.3534315996789163,-0.7687146698993914,-0.3924385590904581,-0.6241643828983552,-0.5803901089003535,0.06293147178148825,-0.6992411711446523,-0.46512027940259953,-0.5235534137446494,-0.5920766090124461,-0.34303946402413826,-0.46423449583504206,0.3412283617575102,-0.49652865722776035,0.3901044954979663,-0.4063376177509355,0.3456700136141835,-0.6157806853685601,-0.5286452279102124,-0.2826903920140522,0.24863916956296195,-0.7620261708697837,-0.45370901947925185,-0.21448184143532034,-0.352526112488737,0.3264753946450255,-0.4153677042019338,-0.6144531083916616,-0.3228222555623547,0.13941644699013925,-0.734183089282398,-0.6223400930329778,-0.7173061415264764,-0.3815995105085227,-0.6779809894302482,-0.6861289809401361,-0.19824020504413478,-0.2422078818966038,-0.8285866088762291,0.10837838159595534,-0.6346880321448668,-0.3339451775938989,-0.5510460655898514,0,4,train
-0.5004314674356135,0.03489669406108392,0.7935002180819103,0.5634594239643052,0.777969396050887,0.7862981805524124,0.8538347387371873,0.5309356294569604,0.6976397743354308,-0.2288880887774274,0.212843857229603,-0.8157331373350849,-0.579099598303228,-0.206297322419352,-0.5589189914863166,-0.08074060734490769,-0.020573529979676684,-0.271347106464668,-0.14553256500317194,-0.5896749609654679,-0.021152610283954845,-0.09323186367215741,-0.6869556745204413,-0.09224375006327763,-0.31124458975971564,0.15450021164631653,-0.08581262131366896,-0.4661474080817781,-0.28524656748555094,-0.030013439447073072,-0.20364035682863887,-0.5257193546341145,-0.3355382661186493,-0.26680773644856726,-0.17926018183428014,-0.3981167683805809,-0.5212836169721695,-0.4055256581933002,-0.5412707701575944,-0.21700332883704138,-0.4592068698752802,0.20071103716566124,-0.4047952013548678,-0.07747627224144372,-0.1600714401821035,-0.4731266439072208,-0.029495742771576475,-0.009805171580172418,-0.5070485105220557,-0.5407027526696557,-0.24083708703186468,-0.5312422144066399,-0.21748109743445715,-0.506138155630532,-0.11877411729510282,0,4,train
0.8055773285663598,-0.433247468042961,-0.5547922680098618,-0.6217626493791741,-0.16013187187803612,-0.20467516192553853,-0.018900063486122394,0.40539833716941664,-0.29462449385695033,0.6927511716995293,0.35834318855761277,-0.525732206662754,-0.2445799768130718,-0.3312789551926941,-0.36102715675161684,-0.48960230514226344,-0.6065942891902575,-0.35557477972354196,-0.6225369486488629,-0.40763350329666026,-0.13459795300088587,-0.4885928586493011,-0.5850545751141293,-0.27936636763331674,-0.17740398432028467,-0.5355416231527986,0.36554103140446254,-0.9595781783112296,-0.23994999243223664,-0.3846772016260984,-0.860715422276168,-0.6924251719685373,-0.044860604885770254,-0.5851624442907778,-0.5691517845203907,-0.4071479942959216,-0.7087919552870946,-0.07894057308081645,-0.48094221772050705,-0.6051013488727293,-0.37640192547100404,-0.19089328895572913,-0.7221616335186194,-0.6252694684135774,-0.49912959179375904,-0.3048348179805823,-0.5335456390380895,-0.39075490909721317,-0.393143807681839,-0.7823414575811739,-0.7615065004048615,-0.46290668064567886,-0.2880853479239111,-0.26238445944880456,-0.729839175093962,0,4,train
-0.48552269122554537,0.4226782343325543,-0.8328020471306591,-0.7358082985228362,-1.0924708470064128,-0.9862696223313763,-0.6933369709809009,-0.7497983625674753,-1.03950607259641,-0.42992897871064006,0.36849430469677624,-0.35323165307317783,-0.2817488236453114,0.05996789522820292,-0.74424626528548,0.0175932187076209,-0.1420656385965044,0.220858359141877,-0.25339787788787593,-0.15213672060359681,0.007208725395277911,-0.257744492454593,-0.765929026560333,0.013717250247467387,0.35461242230145334,-0.27464241352910496,0.3686114644161505,-0.7053865694051485,0.2809606206808774,-0.01857267292516903,-0.15418309383796464,-0.06175497145035929,0.3445910189019706,-0.10173492497482846,-0.2533178046908598,-0.539605974387585,-0.6927198120029582,0.36307544728694174,-0.15044666958689795,-0.4063764590954192,-0.6881381867576908,-0.10576191371194862,-0.07300302227458201,-0.21222753974902742,0.05515677779746912,-0.13359050387979232,-0.23877961782960236,0.02332089255174417,-0.6665150944983591,-0.23746986807480935,-0.35902584957665534,0.22318207831436987,-0.16827207436604988,-0.584407691101729,-0.12782693296619704,0,4,train
-0.3632707263029862,0.23516545005654726,0.7704243075620023,-0.11655108214463346,0.2536007512011818,0.48588500192720674,0.3474468945716726,0.18856119594547754,0.45299059526320457,-0.08719059406546426,0.06057711514215086,-0.7382328886209275,-0.6401627038133358,-0.6627519812437318,-0.31391005324335497,-0.554295611755769,-0.6518560551455462,0.06556358657082806,-0.5793908234949813,-0.5705127022634882,-0.316920825224525,-0.45675170469141035,-0.5621268277477091,-0.2726028995283755,0.026702938974847507,-0.5306650024121689,-0.18406647768768397,-0.5259571984126207,-0.09435385833229794,-0.5242545531933277,-0.5521963055248192,-0.3429455067132412,-0.09283652955527456,-0.8239284751724357,-0.6061805959486806,-0.22351306735066104,-0.49181802095125277,-0.10427907106368157,-0.47307327609827826,-0.6612119059863227,-0.39101456271881746,-0.02744104848767055,-0.6380114431721702,-0.5432469577567873,-0.43721462497771757,-0.5144614783453425,-0.7221958926115213,-0.699931507661768,-0.39061259206316745,-0.49332261445171094,-0.73595217336815,-0.06929400618254335,-0.7801755786079839,-0.4010333508549248,-0.5148348029054745,0,4,train
-0.3289805410198294,-0.05056831645927304,0.16495636963489022,0.142449784602188,0.20404503311648436,0.23619093138158134,0.30039315683947876,0.19870562360507704,0.13453663591220621,-0.2652207797292128,0.01997265058549696,-0.7707329929204129,-0.8976897140081387,-0.9616211030930282,-0.4584025040020247,-0.5594710762848495,-0.7590549745133354,-0.06077792331748294,-0.7735483866874484,-0.8164283556055617,-0.8010893414628556,-0.6929069298791002,-0.5977922125399182,-0.6513571134050812,-0.0870615756486688,-0.6794019350013775,0.15061072058630467,-0.7178469423907408,-0.07817651009897142,-0.7942566431102631,-0.6534659392676283,-0.5076428202243578,-0.0730817370443022,-0.7856080010803178,-0.6780600534271256,-0.3409190042500899,-0.5775361184666471,-0.04797129776842575,-0.8088147853133731,-0.8108400582892386,-0.4713840675817914,-0.06489885359493397,-0.7870774946430231,-0.7834557389659583,-0.9413793547654836,-0.8215202484571039,-0.8577882623674253,-0.851759301599719,-0.39820623891918194,-0.654415084392723,-0.9691354075781424,-0.18956454560183475,-0.6903156234395881,-0.44352252725357455,-0.7388919907650562,0,4,train
0.7071794055799098,0.45456816363119495,-0.5580888266555629,-0.814680990453967,-0.3318481973343132,-0.3841427751302068,-0.2900192189906679,-0.2489172468747505,-0.48323671012492364,-0.5050165400109966,-0.11875926998307054,-0.4482319579485966,-0.43838896386689247,-0.46984554805009515,-0.668858899672261,-0.48183910834864274,-0.5565681268186226,-0.43190610861439654,-0.6249339556018563,-0.26391656303181205,-0.256146534483312,-0.4832859996563193,-0.651290289728232,-0.2816208570016304,0.04343301465477638,-0.8452070401827904,0.027793400118785908,-0.7178469423907408,-0.09758932797896325,-0.5494242395415166,-0.5851678141852686,-0.0657719790969719,-0.039216378454063866,-0.6529602061460634,-0.45806535023552125,-0.4432728979572843,-0.48378194930918456,0.013967252856355665,-0.3183174241944454,-0.516259633442873,-0.6857027472163886,0.45610516289700276,-0.6452243166304372,-0.5608232100403853,-0.6200111936726971,-0.13063801570564076,-0.5394409594622592,-0.3879944037528868,-0.5374230979461135,-0.20430377132224803,-0.684843519294727,-0.4000379895855947,-0.2923643934081204,-0.7118752202976781,-0.578204512603134,0,4,train
-0.4810500583625249,0.20199992358596097,0.3451682422665533,1.2381406941319513,0.36769414865199673,0.6718550648856674,-0.2810566022797738,-0.37191843224739435,0.5185948443998909,0.19499330566006914,-0.07477110004669547,-0.6132324874690607,-0.5844094335649765,-0.16010845813355165,-0.33589803488054387,0.21943633534175852,-0.48033778415708356,-0.5714081924494065,-0.63452198341383,-0.06590655644468792,0.14698959410006793,-0.4222571212370287,-0.5799595201438137,-0.03588151585543454,-0.3580888016635165,-0.5696779683372072,0.16289245263305657,-0.6081956601175293,-0.39201706582550594,-0.28171030292896204,-0.8701358533220107,-0.08585701733003488,0.11599984841786182,0.25494025695950007,-0.8501351182997666,-0.1813673464124045,-0.5078901642353891,-0.20000228566561645,-0.2894646382462732,-0.2707759460709018,-0.4226752767557466,0.11898491693163193,-0.2821763525643274,-0.6428457206971753,-0.21903807524500013,-0.19854524371112647,-0.7133529119752666,-0.10366235328726942,-0.3121449078843515,-0.3559202136196712,-0.6912321010539049,-0.1348961185930659,-0.3137596208291671,-0.3495990846881383,-0.46278111279668277,0,4,train
-0.33494405150385664,-0.39242835854070096,0.04188484686204713,0.0902232723775203,0.043853293261299726,0.10093997650270091,0.1155391871772886,0.08331275897713282,0.026562975874743263,-0.2494766136501058,0.13163492811629518,-0.7857330410586368,-0.775563502987923,-0.8801113425886746,-0.5840481133573897,-0.6992086185700217,-0.7614371727215085,-0.010767742320026504,-0.7304022615335669,-0.819622065389225,-0.746392479795764,-0.6929069298791002,-0.7684765540454909,-0.6536116027733949,-0.217556165952114,-0.8305771779609009,0.10455422541098514,-0.5458937951895683,-0.10406026727229385,-0.6958660510218884,-0.5969433529925721,-0.455421720818394,0.08777871625932987,-0.8946739658040381,-0.6475657381332398,-0.5305747484722443,-0.6820050498135338,-0.07894057308081645,-0.7563551744985146,-0.8482470963649674,-0.4908675839122093,-0.07170936361443642,-0.8880577230587623,-0.8625488742421488,-0.9236893642466146,-0.4967465493004332,-0.7251435528236061,-0.6612844328411986,-0.44123690443659713,-0.5525477872241419,-0.943581080541431,-0.12942927589218903,-0.8122684197395539,-0.4547038894637455,-0.6777854849851702,0,4,train
-0.4079970549331908,-0.3656408179298428,0.5627411128828296,0.20213722714466537,0.635064534597341,0.8435197383857849,0.5827155832326418,0.5753175004677081,0.7687110442335077,-0.11746783652528543,0.17900680343239142,-0.7657329768743382,-0.5658250101488568,-0.10305162578050417,-0.998678624230094,-0.4300844630578382,-0.4446048110344872,-0.11078810431493939,-0.19107569711004693,-0.819622065389225,-0.004946132752964699,-0.3055062233914292,-0.7124309493720192,-0.23202209089872852,-0.4116250438392889,-0.23562944760406662,-0.2055595087694998,-0.5508779443838051,-0.31113032465887336,-0.31832075579905494,-0.34023660699335817,-0.375081567886142,-0.1267018881455129,-0.5645283428565605,-0.39489855426961507,-0.7774282568248896,-0.6632542159820414,-0.39989488086377467,-0.6356980696243398,-0.41572821861435144,-0.649171154096855,0.1598479770486466,-0.5466483793674538,-0.33526130573421253,-0.2367280657638691,-0.7329456032325573,-0.33900006504048796,-0.14783043879649155,-0.7044833287784313,-0.5501787803132446,-0.3079171955032324,-0.17043059614876566,-0.5662233043975174,-0.5039018831884978,-0.4107274226878911,0,4,train
-0.3468710724719112,-0.6424454042420438,0.16056095810728868,0.14351563179044652,-0.11633844659388493,0.035915478964777627,0.08529035577802113,0.017373979189736134,-0.011706169454990444,0.04845145215453462,0.18577421419183374,-0.913233450233541,-0.6640569624912042,-0.9154322388072278,-0.7725165273904371,-0.7302614057445045,-0.901986867003721,-0.04235311979210425,-0.8430615883242577,-0.7365856110139793,-0.4789856005344265,-0.8176181162141724,-0.7608339715900174,-0.5453961130943361,0.17727362009420733,-0.8500836609234201,0.04314556517722575,-0.7352914645705698,0.10948072940761625,-0.8629012422416874,-0.5639718443321226,-0.39918361376581757,0.06237969731665113,-1.0420604046198763,-0.6497439035113746,-0.6329286421794387,-0.6230738577717002,0.10405969012876498,-0.5701235561057666,-0.8646126755230988,-0.6613483518033662,0.11898491693163193,-0.8327590265453814,-0.9475007602795384,-0.8588260656774284,-0.5321764073902518,-0.8725265634278497,-0.8683223336656773,-0.5247670198527561,-0.6188799807292645,-0.9627468258189645,-0.031026107276405167,-0.8507798290974379,-0.5754626013335922,-0.7683136416961124,0,4,train
1.0277180940963757,0.878066424717143,-1.2141039971500924,-1.3508021261480048,-1.7574394361894456,-1.6846327258886724,-0.5219269263850519,-1.0909047426215082,-1.6914482983922308,-0.25674315184046287,-0.09845703770474358,-0.39323178144177523,-0.07466524843711943,1.0272170532131983,-1.6740237745151807,1.1561954151053204,-0.07059969235131162,-1.1215201834214272,0.48967427754008486,-0.11381220319963731,0.732448594907087,0.1827248039628959,-0.944255950521379,0.8794411676799374,-1.1310182980762302,0.11061062498064843,-0.6753357595577592,-0.6206560331031216,-1.2979485668917914,0.9790621677848635,0.594741174306531,-0.0456869408639089,-0.29885079431255773,1.3544430905256533,0.0908323250544222,-1.2982289512762024,-1.0838086319169447,-1.191019095662119,-0.2448739690536434,-0.027630198578663553,-1.4041574119005495,0.9294356092524223,1.2445485294355383,0.05727499526613997,1.0634862373730012,-0.033205905958639564,0.6396231253716893,1.1385650516596026,-1.537253267321349,-0.11901952252994749,0.5737070872633144,-1.0177912147846824,0.7560017502231652,-1.3179050520889455,0.41534200729945553,0,4,train
-0.46017777166842944,1.3908564878392848,-0.28886987058996866,0.20746646308595798,-0.8158807925801949,-0.5597089184825996,0.06400414108964772,-0.26413388836414975,-0.5884768597816913,0.05329581094810601,-0.030782930110320416,-0.4907320943402313,-0.4357340462360182,-0.24433521065471697,-0.973549502359021,-0.4921900374068036,-0.644709460521027,-0.21080846630985225,-0.4283793854563957,-0.41082721308032355,-0.04141070719769253,-0.5602354550545553,-0.6309100698469696,-0.19595026100570892,0.25088595308589434,-0.6745253142607477,0.10455422541098514,-0.5458937951895683,0.25831233315422025,-0.3000155293640085,-0.5357105511945944,-0.22243527731486323,-0.23958641677964065,-0.5409465126460263,-0.5125194846888886,-0.7232409013328456,-0.649860763245261,0.2701676213497697,-0.39962982095747623,-0.3853350001778217,-0.761201372996758,-0.6846552653696562,-0.6812886839217727,-0.6340575945553764,-0.342868008877083,-0.26054749536830907,-0.3242617639800636,-0.23064559912628302,-1.2917253523102155,-0.45541850387735516,-0.5219346844356911,0.21771523561349299,-0.5876185318185642,-0.20871392083998386,-0.2907776150458928,0,4,train
-0.47210479263648397,0.35252038987554485,1.115464112478723,0.25223204499281604,0.5716793137913326,0.896839826366882,1.0846221190427094,0.6425243337125548,0.8657506627481896,0.465066308401674,-0.1796659668180514,-0.22823125192131108,-0.1835168713029639,-0.07588170561238632,-0.19454672435575826,-0.2489432045400224,0.382017967201576,-0.12658079305097827,-0.17669365539208642,0.11294119144045647,0.2584091271256252,0.3658114392207678,-0.42965539851950346,0.37218105980934946,-0.2577083475839433,0.05940610720403564,-0.3590811593538983,-0.5359254968010945,-0.31760126395220395,-0.007131906403264987,-0.1895097102598748,-0.3108094455403404,-0.38915841721986,-0.33460549830385283,-0.31430643527863134,-0.1271799909203604,-0.277522777162767,-0.2140792289894304,-0.1635615722906126,-0.006588739661066016,-0.26924258565370546,-0.14662497382896328,-0.5033711386178512,0.32384815490070773,0.2939716498022004,0.17642075440612062,-0.02065276213532186,-0.037410225023436244,-0.28936396731630815,0.0278589059456812,-0.05237392513611736,-0.38363746148296407,-0.42073575793440027,-0.29816481852135174,0.014754913853536774,0,4,train
-0.41097881017520443,0.26833097652713356,0.7550403672153969,-0.09203659681468739,-0.019531927544708592,0.2556982806429583,0.8751209534255607,0.4421718874354648,0.2425102959496692,0.6866957232075651,-0.11875926998307054,-0.04323065821654827,-0.18086195367208965,-0.4752795320837187,-0.29820435207393436,-0.6345153119565161,-0.07774628697583091,0.057667242202808625,-0.605757899977909,-0.2703039825991386,-0.29058529923666604,-0.25243763346161124,-0.25897105701393086,-0.12380660121966977,-0.09375360592064035,-0.6086909342622455,-0.061249157220165204,-0.29419426088060563,0.01888757930098772,-0.44416918753999945,-0.5262901201487518,-0.2666223614276018,-0.1690335863833108,-0.8062421025145352,-0.6845945495615297,-0.14524244275104176,-0.2507358716892063,0.14065974277068127,-0.3261863658166742,-0.15387895208424876,-0.3666601673057951,0.14282170199989047,-0.6139685316446132,-0.5022357024283923,-0.4165763027057038,-0.16311538562130784,-0.4362728520392887,-0.5398221976908378,-0.22608357684952107,-0.04084229447033867,-0.49318606651939073,-0.15129664669569656,-0.6239904184343434,-0.380906898876617,-0.1663013995683474,0,4,train
-0.43781460735332717,-0.10286780050904372,-0.05481420674518672,-0.36489347700886965,0.17638602767386258,0.13735369512393794,0.1435473643988326,0.4345635666907652,0.027929731065090897,0.4202559895611387,-0.0037132870725511474,-0.7107328003675167,-0.40918486992727565,-0.6899219014118497,-0.4929550465747501,-0.621576650633815,-0.8876936777546824,0.08398839009620675,-0.5913758582599484,-0.49705737723923243,-0.4891146489912953,-0.724748083836991,-0.778666663986122,-0.6152852835120616,0.023356923838861735,-0.8354537987015307,-0.04282655915003739,-0.6804658234339641,-0.05552822257231429,-0.8629012422416874,-0.6958578789739206,-0.4232856596454932,0.008759546215440435,-0.8504580341592867,-0.638853076620701,-0.5185331139184567,-0.6016443333928517,-0.10146368239891877,-0.39438385987599034,-0.6986189440620516,-0.507915660701325,0.02363777665859776,-0.9649950399469446,-0.7248682313539654,-0.9649660087906422,-0.4731266439072208,-0.5748128820072776,-0.8131122267791497,-0.4311120419619112,-0.5359647388478612,-0.6113748290641814,0.020908898381925216,-0.7074318053764254,-0.3965608059708564,-0.8067881082982628,0,4,train
0.6997250174748757,-0.035261150395925527,0.11331028418557214,-0.15065819216890625,0.3331203918487195,0.4104565847832157,0.02591302006834794,0.1099418815835815,0.2958137483732268,-0.17560014204814212,0.04027488286382391,-0.7882330490816741,-0.7118454798469408,-0.749695725781709,-0.6971291617772182,-0.691445421776401,-0.7733481637623739,-0.00023928316266725314,-0.63452198341383,-0.7781038382016022,-0.4972178877567904,-0.7167877953475182,-0.6360051248172852,-0.6175397728803753,0.22746384713399392,-0.6525805209279136,0.22430111286681592,-0.5284492730097392,0.38773111902083246,-0.7279001972832198,-0.48154307268099883,-0.4734982552281507,0.014403772647146823,-0.7944511874092681,-0.7172670302335501,-0.38306472518834644,-0.3739556368675856,0.48695254853650455,-0.6252061474613682,-0.6448463268281913,-0.4738195071230936,0.06450083677561241,-0.866419102683961,-0.8566901234809494,-0.9148443689871801,-0.7211356505359512,-0.8165210193982372,-0.8131122267791497,-0.3627692202577812,-0.5762378563331142,-0.8669180994312965,-0.17043059614876566,-0.7117108508606347,-0.5486273320291818,-0.6506270379718876,0,4,train
-0.49297707933057944,-0.04674152494343616,0.7770174248534045,0.5410766330108762,0.7480054734880467,0.7967021001584801,0.8168639448047493,0.49162597227601235,0.7099405710485595,-0.22283264028546315,0.1384023388757375,-0.8607332817497569,-0.6852963035381983,0.013779030942402579,-0.4960961868086342,-0.0910915364030686,-0.12062585472294657,-0.20291212194183283,-0.11916548852024429,-0.7908786773362554,0.10647340027259256,0.028825893166423866,-0.6436477072727587,0.052043569508800694,-0.2510163173119717,-0.06250941131170909,-0.3682924583889622,-0.618163958506003,-0.35966236935885293,-0.06891204562154682,-0.13769733950773988,-0.3730730640628357,-0.40891320973083234,-0.1636372292774805,-0.06163925141500654,-0.509501888003116,-0.49181802095125277,-0.40834104685806305,-0.7327483496318282,-0.16089277172344796,-0.5006093420774183,0.06790609178536362,-0.24851627642574767,0.013334364557145288,0.0433634507848898,-0.5262714310419487,-0.0678153255286798,0.045404935306355226,-0.5728601166075142,-0.6022969323529839,-0.15139694240337442,-0.39457114688471784,-0.19180682452920117,-0.5262646076088399,-0.028245960584160724,0,4,train
-0.42290583114325897,-0.3656408179298428,0.2726439520611279,0.13925224303741243,-0.10135648531246479,0.14645712477924722,-0.02114071766384591,-0.04729674714021062,0.07713291791760567,-0.19497757722242767,0.016588945205775803,-0.8232331614041969,-0.589719268826725,-1.1164896480513,-0.6154595156962309,-0.7069718153636424,-0.775730361970547,0.049770897834789184,-0.8574436300422182,-0.5896749609654679,-0.5600179881893772,-0.7698563852773362,-0.6996933119462302,-0.6919379220347281,-0.1372518026884554,-0.9183563512922371,-0.15950301359418023,-0.6256401822973584,-0.18171153879226118,-0.8514604757197833,-0.6511108315061677,-0.4092261328823491,-0.10694709563454052,-0.820980746396119,-0.6519220688895092,-0.45230412387262503,-0.687362430908246,-0.04234052043890016,-0.4861881788019929,-0.8038262386500393,-0.7124925821707132,0.28243715739969055,-0.9938465337800129,-0.8127494927719547,-0.9915009945689457,-0.5262714310419487,-0.8607359225795103,-0.9400954726181633,-0.4741427074793264,-0.6307250152837507,-1.0713527157249885,-0.11029532643911995,-0.8850121929711126,-0.44799507213764295,-0.6619430575607554,0,4,train
-0.5824297365909886,-0.7916902733596819,-0.9514781583759006,-0.4874659036586,-1.0740315100446651,-1.256771532089137,-1.4316325225407995,-1.3495876479412954,-1.288255517239679,-0.9761304326858141,0.5512143952017188,0.34177057733120136,0.3076428904087734,0.25015733640502785,0.3237414142351222,0.03053188003032203,0.31293421916455627,0.2419152774565955,0.23319453356978873,0.5089612046147047,0.3272866566323333,0.5568583629681124,0.26072454995826033,0.33836371928464365,0.5185671639647563,0.3958929383074911,0.6388095694446918,-0.02505020439181393,0.4977370870074527,0.21939527073043508,0.02009488051012553,-0.021584894984233306,0.6437350197824091,-0.01625079046164229,-0.07035191292754533,0.3574957998695896,0.23678580792959877,0.4053062772583836,0.3557885747764874,0.3838472202543549,0.11068598278944404,0.48334720297501255,-0.25813344103677044,0.6577969482890673,0.41485325168113846,0.37128497390012305,0.37138604607196607,0.3048924376730352,0.19916064708728806,0.33346079745142476,0.34052385305332195,0.4063213087937454,-0.19608587001341052,-0.13491693025285537,0.34970909368402253,0,4,train
-0.3140717648097612,-0.33247529145925653,-0.07349470573749327,0.1563057980495488,0.3469498945700304,0.20107770271110276,-0.06259281995173097,0.23294306695622533,0.08670020425003909,0.49534355086149523,-0.10860815384390705,-0.645732591768546,-0.44900863439038946,-0.8339224783028742,-0.48353162587309767,-0.5956993279884126,-0.670913640810931,0.07872416051752712,-0.5698027956830076,-0.43637689134962987,-0.47695979084305273,-0.5841163205229734,-0.5646743552328668,-0.4980518363597479,-0.043563378880853744,-0.7574278668514541,-0.15950301359418023,-0.7751646581244649,0.08683244188095911,-0.7965447964146439,-0.4556368873049314,-0.4172601481755743,0.034158565158119186,-0.6971761377908149,-0.5451919653609091,-0.42521044612660297,-0.5453918318983741,0.07590580348113707,-0.39962982095747623,-0.5747081304361995,-0.4129335185905376,0.1632532320583978,-0.6356071520194144,-0.6516338468389743,-0.8588260656774284,-0.228070125452642,-0.5099643573414105,-0.771704646614254,-0.6032347040315721,-0.5951899116202921,-0.6305405743417151,0.004508370279294568,-0.728827032797472,-0.5687537840074895,-0.5714149008498133,0,4,train
-0.35283458295593845,-0.17812803365383567,-0.32513201569268135,-0.6889110222394612,-0.2200597170037167,-0.3633349359180713,-0.11076688477278657,-0.20453537586400272,-0.429933257701366,0.04360709336096323,0.1384023388757375,-0.8707333138419062,-0.7304299032630606,-0.8828283346054864,-0.7253994238821753,-0.6241643828983552,-0.6899712264763157,0.19716932603781867,-0.7735483866874484,-0.4331831815659666,-0.5944567529427313,-0.517780583110701,-0.6309100698469696,-0.5003063257280617,0.31780625580560984,-0.7354830735186201,0.1383289885395528,-0.5608462427722789,0.19036747057424885,-0.6340859118036065,-0.5686820598550439,-0.44537920170186246,0.11035562198615544,-0.658855663698697,-0.5756862806547949,-0.3981167683805809,-0.5186049264248135,0.13784435410591847,-0.6383210501650828,-0.8505850362447005,-0.5103511002426272,0.11898491693163193,-0.835163317698137,-0.8127494927719547,-0.8263944163928352,-0.30188232980643076,-0.6956669507027574,-0.8986878924532675,-0.48933000119135533,-0.5951899116202921,-0.9851068619760871,0.12204548834814755,-0.5662233043975174,-0.2377854625864284,-0.6257317948763785,0,4,train
-0.46912303739447037,0.4507413721153581,1.1429354345262326,1.03669557555109,0.6177776561957024,0.9930760827230084,0.8067810010049935,0.8314642988725953,0.9081200736489662,0.1937822159616763,-0.08492221618585895,-0.5232321986397166,-0.5206914104239944,0.024646999009649718,-0.10345365757311867,0.3177701613942871,0.150944741008786,-0.43190610861439654,-0.07362235641336927,-0.22559204562785257,0.1875057879275433,0.3207031377804226,-0.34558699150929606,0.36767208107272203,-0.41497105897527464,-0.1551652053836751,-0.30074293213182685,-0.4636553334846597,-0.4276072319388244,0.004308860118639056,0.3121282429312496,-0.10594205556309788,-0.42866800224180474,0.31979029003846887,0.23023490925504275,-0.006763645382484615,-0.21859158512093343,-0.35484866222756994,-0.3156944436537025,0.061211516851192714,-0.24488819024068303,-0.14321971881921206,-0.046555819594269375,0.19495563815432332,0.41485325168113846,-0.12178055118318612,0.16504983122602504,0.045404935306355226,-0.20583385190014922,-0.2682669579164734,0.15206069115757465,-0.49570773685094016,0.3345157700285463,-0.08571893652810303,0.36781472502621093,0,4,train
-0.34985282771392484,0.10377894134614775,0.23528295407651484,-0.12188031808592607,-0.03566634738623798,0.03851645886629455,0.09761395375550047,0.12262241615808085,-0.013072924645338076,-0.02542501944742906,0.09441416893936246,-0.7032327762984047,-0.6428176214442102,-0.9779230551938989,-0.719117143414407,-0.5698220053430104,-1.033007768453241,0.049770897834789184,-0.9173688038670538,-0.6567428664223971,-0.7443666701043902,-0.7910838212492634,-0.7098834218868615,-0.7595726030841399,-0.046909394016839516,-0.8232622468499563,-0.11344651841886069,-0.5359254968010945,-0.0652346315123102,-0.8766301620679723,-0.6157842150842575,-0.22243527731486323,-0.03639426523821067,-1.021426303185659,-0.6976635418303379,-0.65099109401012,-0.6552181443399732,-0.21689461765419318,-0.6199601863798823,-0.906695593358294,-0.6540420331794594,0.07471660180486607,-0.8303547353926256,-0.9562888864213374,-1.1654525680044907,-0.5262714310419487,-0.7457771743082002,-0.9732215367500798,-0.45642419814862606,-0.474370559164533,-0.9499696623006089,-0.08569453428517398,-0.715989896344844,-0.584407691101729,-0.7253127672584149,0,4,train
0.869685066269653,-0.6016262947397837,-0.9657632458406056,-1.1578837850732118,-0.9553282783534132,-1.0252843208541302,-0.507362674229849,-0.5329612213435363,-1.1010100561620535,-0.06902424858957155,-0.0003295816928299889,-0.7082327923444794,-0.5021069870078746,-0.130221545948622,0.1258495795004224,0.4031653261241146,-0.43031162178544863,-0.7714489164392323,-0.373248225537547,-0.5864812511818046,0.15914445224831053,-0.2869322169159929,-0.19783039737014366,0.18956742097593784,-0.5956558763185064,-0.5257883816715391,-0.0059813630097817596,-0.38390894637686956,-0.5505550785121059,0.03634300637997038,-0.0717543221868409,-0.3710645602395294,-0.30731713396011734,0.3993789669990215,-0.013719613096043226,0.038392484194218805,-0.18912598910001663,-0.4871719294714212,-0.593730380972453,-0.240382727634372,0.10094422462423508,-0.32369823433602674,0.2131076249033456,-0.28253254888341894,0.12886507162608987,-0.4140768804241898,-0.07076298574076467,-0.05673376243372092,0.06247500367902798,-0.5430717595805529,-0.23125421439309787,-0.7225817089373308,0.30884149712329034,0.16027103209565863,-0.16856460348612098,0,4,train
-0.6629371281253568,2.1625927768663886,1.1198595240063245,1.3063549141804969,1.5950625151683397,1.5041686333710853,1.6996816908278147,1.7241739329173504,1.4124527388872425,1.9910393283766616,-1.391032492758226,2.2892768272772854,2.4634360066786694,1.3152182069952476,2.619914925204417,1.301108421919573,0.9418345461222527,-0.8240912122260285,1.7193388444257103,2.4794801411349563,0.9573134706495753,1.5890424371030714,2.3726248351540766,0.8411148484186041,-0.8800671628772971,1.8466876086448536,-1.0376468549369395,2.7361684492154192,-0.9420469057586078,0.8852478823052504,1.6192130505419258,1.6836348510028147,-1.1257299665575438,1.4517181401441064,1.4587201825230114,2.368448770352115,2.669036824928912,-0.974234168475384,2.5590922290005476,1.7608938094171271,1.3259703138992618,-1.3759220323491541,1.3551459224623004,1.776818343678132,0.927862976728339,2.2313525236156004,1.6713041996013944,1.3566449738613868,2.613940347299883,1.326074693117367,1.7779547488683438,-0.711648023535577,0.7709784094178979,1.8352390911792722,1.0354598807694089,0,4,train
-1.2905966065692276,-2.540533996097136,-1.883305402227427,-2.101158546682006,-0.8769610962659846,-0.8913338559260083,-1.1246629001926778,0.5068426137654116,0.5404629274454531,-0.454150772678497,0.6188885027961419,-1.4457351591404934,-2.1003674007941764,-3.029252027886797,0.951969461011947,-2.8315000045511676,-0.12062585472294657,2.1501984997279595,-2.659992858693272,-1.1517678828902074,-3.981610556919672,-2.298231775256093,1.2313325218033822,-3.322927014856844,-0.7294964817579374,-1.2402133201738033,-0.6169975323356877,-0.020066055197577048,0.7630455980340077,-0.7210357373700773,-2.3114618033359458,0.13306989941035174,1.0585856625128287,-0.06636217965902728,1.0448687606774192,-2.421111373416894,-2.3535079513637225,0.6812143664051371,-0.8350445907208025,-3.768334006151559,3.2791928260236585,2.730815509410818,-0.0008742876919111864,-1.149627661540914,-1.2509541888456908,-1.420875347809869,-2.9859989354927023,-2.9635458900094016,0.9686501951634189,-0.5407027526696557,-1.2949530772962141,1.917903315586203,2.260086237922744,3.7137079424879977,-2.474769395697371,1,4,train
-0.850787708372216,-1.8708454808256818,-1.8184730821953041,-1.4595185393503742,-1.8899721706020085,-1.8771052386009253,-1.9693895251944435,-2.1091516689538072,-1.9907676850783622,-1.745172391165272,1.447896320827826,2.0042759126510292,2.006790174168297,1.5108416322056961,2.475422474445747,1.4072054447657223,2.0686142985881255,0.9947001072077819,1.7888520460625195,2.233564487792883,1.0261910001562833,1.9207211241644335,2.1968454386781886,1.5309885951226037,1.2546904938816266,2.0490673693809898,1.4524743175420036,1.7567831325478718,1.2904271504404523,1.8645774965802364,1.675735636816982,1.4104783310331581,1.383128682335946,1.5725750199730937,1.68524938184902,2.332323866690752,2.312770982130554,1.2555536540167467,2.063348906800134,1.8170043665307205,2.2222120650984865,1.5185447259393836,1.5018076827803977,2.0961202601634934,1.989262407860478,2.0748706503855683,1.8039489091452137,1.4615441769457893,2.320319335533991,1.996503648901285,1.9153092566906682,1.3274843038915,1.3893004818861459,1.7167166517514596,1.9837423223165274,1,4,train
-0.7285357434496569,-1.2394248807125967,-1.6624359729654494,-1.3710532227249168,-1.26418717246269,-1.5389778514037242,-1.2232516840125125,-1.2506794782602002,-1.6217437836845014,-1.2946470233631329,1.0418516752612867,0.6242714839344202,0.6076485826975643,0.5082715780021474,1.1404378750449946,0.9336504403548609,0.8775151945015792,0.7499134317991794,0.4417341384802164,1.1732528396166697,0.6169774424987822,0.6258475298768758,0.6912566949499286,0.8997315719947608,0.9468571013709354,0.4763571805278826,0.7002182296784512,0.7126038763552448,0.9345254893072689,0.8280440496957302,0.6913005925264187,0.8782248178569888,0.7566195484165369,1.0920952294334612,0.737747442360427,1.0408585607970346,0.6626976049592141,0.7347067510356302,0.7912033445398137,0.4399577773679484,1.1871502600450343,0.8204674489403834,0.6795401085379502,0.701737578998062,1.1283495359421873,1.0710246711740408,0.6160418436750104,0.4926068010872292,0.7864026706190721,1.195779313018019,0.596067123420437,0.9557390002318721,1.1475344120283189,0.9116585726191487,0.8181923046631479,1,4,train
-1.1400179668475388,-1.5863873114818072,-2.1360415650645153,-2.1224754904471763,-0.7674775330556066,-0.6572456647894845,-1.9705098522833053,-0.19819510857675304,0.5103943132578052,-2.5287474260254443,2.750622892020472,2.924278865128769,-1.2162798297130495,-3.3091022056184105,0.05988563458885579,-2.686586997736915,2.0876718842535102,1.9475256609487939,-2.542539517996594,0.1033600620894666,-4.941844350630838,-2.8209573860647996,1.4886327978043201,-3.1064960354987265,-0.7462265574378663,-0.6501422105575987,-0.11037608540717271,2.3100236931081657,0.3391990743208529,-0.5677294659765632,-0.9690503793033591,3.4571437269822773,1.8544215893834295,-0.46725329323810727,2.597900675287457,-1.6986133001896395,-0.7195067174765188,0.534814155837472,0.47119971856917625,-2.241659264685871,2.1053109671159786,1.9442016021582862,-0.10906738956591742,-0.8127494927719547,-1.4160607670218013,-2.581203200251429,-2.455420097317426,-2.9276593205331585,0.08019351300972836,3.602690334489612,-2.1446344512668714,2.0190399055524253,2.803525014417329,2.170679957484402,-1.3612730681527831,1,4,train
-0.6480283519152886,-1.221566520305358,-0.2976606936451717,1.308486608557014,0.0980188455864341,-0.021306078868594862,-1.5582294835821782,-0.9121092051210672,-0.047241804404028885,-1.4302890695831316,0.9674101569074213,1.1617732088874473,0.4563182777377317,0.19310050405198037,-0.5023784672764025,-0.1997762915137581,-0.25879335079698595,-0.7293350798097953,-0.4283793854563957,-0.4204083424313134,0.4245255218182742,-0.9423293025492445,1.0504580703571784,0.06106152698205559,0.09696925683054876,-0.9598076275875903,0.5436261460823647,0.7425087715206662,-0.013467117165665328,-0.15586187118801756,-1.2516633106786406,-1.688643068328462,0.990854945332352,-0.3729259723959708,-2.4445521750943646,-0.5004706620877754,0.28500223778200806,-0.036709743109374575,-0.5779924977279954,0.23421906795143912,-0.015956873358272453,0.9294356092524223,-0.21485620028716795,-0.9035601295705438,-0.0008615255122826587,-0.4288393212949475,-0.22698897698126286,0.21931677199891733,-0.6513278007863302,0.11551216164887897,-0.4548545759643235,0.19584786480998545,-0.9106864658763685,-1.8165938066625713,-0.08482605852849953,1,4,train
0.8965208634477757,-0.4664129945135473,-1.4690378657509817,-1.26020511514603,-1.5868755692932779,-1.7964748616539004,-1.229973646545683,-1.614610820548332,-1.8759602490891611,-1.5913639994693805,-0.9308485611161486,0.9017723744915644,1.2023501320133976,0.9864621729610216,0.2295072072185985,1.1044407698145158,0.7250545091785013,-0.8504123601194267,0.8947684525959732,1.7513143104597257,0.8155067922534115,0.9071110565049109,0.018709438868269347,0.9944201254639373,-1.221360706747846,0.7543245627437807,-0.9424634315746124,-0.027542278988932373,-1.317361384771783,1.0522830735250495,0.9244562609110258,1.121253780477051,-0.9535810603904988,1.2571680409072,0.7464601038729658,0.28223558390841724,0.15106771041420447,-1.1009266583897095,1.4180956937773737,0.7181726230561825,0.11555686187204853,-0.2828351742190121,0.8766919830639172,0.9536638617296315,1.2816627871057187,1.6231399597403808,1.173149623759051,1.0060607951319362,0.1485363347138584,1.4397870248404345,1.2253424266994577,-1.0615259563916974,0.8094898187757819,0.08423776906649594,1.0784607552071064,1,4,train
2.549904145144338,-2.174437607748741,-1.5833185654686217,-0.22846503691177852,-1.539624768328799,-1.6430170474644015,-1.9346593854397292,-1.892314527729868,-1.716049891818488,-1.579253102485452,-3.4043371936923155,1.6992749338404745,1.5979328590136619,1.2798973107766942,2.4565756330424424,-0.052275552434965206,1.79466150464822,-0.4792841748225131,1.3454057597587366,1.8471256039696244,0.9755457578719392,1.650071315522362,2.6426627485808036,1.2446684453467607,-3.0683610618119936,1.5931033301321045,-3.4049507069483638,1.9636253241087025,-3.14540173513768,1.3337259299638888,-0.005811304865941926,-0.0035083605744766102,-3.939376842763178,-0.1813236019353811,-0.21411082788443528,2.2450220161757923,2.369023483625032,-2.8689907398607426,1.5466217402737772,1.606589777354745,2.2952752513375536,-4.975276577656194,-0.11628026302418451,1.8412646020513241,1.5647026354076223,1.720572069487382,1.5946650340871877,1.2903928455975537,2.1228845172776154,1.525071273632735,1.6278230775276639,-3.3767338402130567,-0.23459727937129446,-0.05664739478165847,1.5288383348440433,1,4,train
2.3232907467513013,-1.5238830500564715,-0.7372018464053256,-0.20501639877009098,-0.17511383315945628,-0.4777780515848163,-0.915161734575529,-1.1188019186854068,-0.5461074488809147,-1.4024340065200962,-2.6869916531914297,0.5692713074275989,0.7005706997781632,0.12245871161487397,0.10700273809711765,-0.20753948830737878,0.37010697616071053,-0.2634507620966485,-0.24620685702889564,0.19917135559936539,0.51366114823872,0.12169592554360527,0.6046407604545634,0.14447763360966337,-0.4183170741112604,-0.16735675723524956,-1.5442683018654544,0.9917162312325103,-0.44054911052548557,-0.20391309058001453,-0.24603229653493106,-0.10393355173979157,-1.5462248357196697,-0.2992327529880517,-0.24024881242205165,0.07752779649402844,0.7778812984955252,0.008336475526830082,-0.31044848257221663,0.3674816410962235,0.5271461443521271,-3.1773019325075498,-0.4432638597989589,0.10707437673633395,0.06105344130375878,0.16165831353536286,0.11493960762058222,0.1585856544237369,-0.2918951829349796,0.605896592204607,-0.06515108865447311,-1.3485351981877338,-0.31589914357127175,-0.2400217350284626,0.32934025842406056,1,4,train
2.262164764290022,-1.1207943437216534,-0.7339052877596244,-0.1453289562276136,-0.5623399093561616,-0.639038805478866,-1.0888124333491016,-1.3660723428881445,-0.7155850924840211,-1.4060672756152748,-2.626084956356449,0.7742719653166603,0.9023444397246067,0.33981807295981675,0.24521290838801912,-0.09367926866760883,0.26529025500109443,-0.2660828768859883,0.16847534583896634,0.42592475023945914,0.4934030513249823,0.16680422698395053,0.6275685078209835,0.3451271873895848,-0.8700291174693399,-0.00886658316478141,-1.9925515215718979,0.7599532937004952,-0.9614597236385997,0.24685311038300478,-0.1353422317462792,-0.20235023908180025,-1.8340803837366955,-0.13415994151431287,-0.30341560838795784,0.3785686603387179,0.8287764188952906,-0.7658954072829375,0.25349233368751317,0.5872479897911311,0.4272931231587353,-2.2068042547284517,-0.2413034029674806,0.13343875516173076,0.3057649768147797,0.40080985564163857,0.24758431716440144,0.4125521461017641,0.20422307832463102,0.6438007027789628,0.1552549820371636,-1.4688057376070254,-0.24101584759760847,-0.20871392083998386,0.3881835602861729,1,4,train
-0.7255539882076432,-1.661647544626599,-0.25260772548725596,0.5751837430351489,-0.4113678379818509,-0.6598466446910015,-1.643374342335672,-1.995026857783313,-0.6650151504411588,-2.0600557127474124,1.4411289100683835,1.9267756639368718,2.2191835846382375,0.3343840889261932,0.5844560536475045,-0.43267219532237844,-0.26117554900515905,-0.35557477972354196,-0.22703080140494827,0.489798945912725,0.6291323006470247,0.14557679101202334,1.679697359191155,0.33385474054801617,0.5386432547806709,-0.1454119639024155,1.2006988105835903,2.010974741453953,0.5139144352407793,0.0157496266405431,-1.4494923626413374,-1.2467722272010762,0.9964991717640584,-0.6470647485934299,-1.4382397703961345,0.4779121454074654,1.969898592068977,0.22230601404880224,-0.0009367787645509823,1.4359201661342318,0.047364554715585795,1.1303456548277444,-0.4697110624792715,0.2535431457663162,0.22910835123301412,0.32699765128784974,0.10609662698432762,0.3269764804276462,0.01944433816161277,-0.09532945342097512,-0.10987116096871824,0.05097653323674806,-0.5319909405238429,-1.1703110709146884,-0.12782693296619704,1,4,train
0.7981229404613257,-0.9804786548076346,-0.6910500253655094,-1.186661659156192,-0.721379190651237,-0.8549201373047712,-0.7056605689583803,-0.896892563631668,-0.9424664540817281,-0.5861595498033173,-0.32854900352578237,-0.19323113959878838,-0.2737840707526886,-0.2198822825034109,0.06302677482273991,0.1262779738183104,-0.21353158484169718,-0.6793248988123388,-0.219839780545968,-0.0754876857956778,0.0720346355192385,-0.14099359460899355,0.0008767464721647481,0.090369888770134,-0.187442029728242,-0.2088080335306028,-0.2792499010500111,-0.1546380834419729,-0.18494700843892647,-0.222218317015061,0.09310322111540655,0.06277226559463127,-0.43995645510521747,0.08691971670944447,0.16053361715473247,0.10161106560160359,0.12160211439328768,-0.25912544762563505,-0.09536407823129643,-0.12348573364771899,0.14721757590897766,-0.5722818500478658,-0.09945022495489464,-0.10091127528624089,0.06105344130375878,-0.033205905958639564,0.023562141045951213,-0.11194386932024857,0.07259986615371392,-0.02899725991585249,-0.08751112481159568,-0.3672369333803334,0.1355401550128125,0.5314922574733353,-0.03503557233748138,1,4,train
0.7757597761462234,-0.8248557998302682,-0.43831386252842097,-0.8477222532899813,-0.25463347380699397,-0.4335613932590285,-0.5364911785402547,-0.6927359569822282,-0.49143724126700944,-0.4565729520752827,-0.23380525289358994,-0.6082324714229861,-0.37467094072591034,-0.36388285939443554,-0.13800620014584403,-0.3498647628570912,-0.363610071956602,-0.5556155037133678,-0.5458327261530734,-0.3022410804357716,-0.18726900497660384,-0.4089899737545742,-0.17490265000372346,-0.14860598427112073,0.0032808330229470925,-0.5306650024121689,-0.24854557093313137,-0.3564961258085667,-0.11700214585895508,-0.45332180075752265,-0.22954654220470633,-0.07983150586011599,-0.16338935995160442,-0.40829871771177195,-0.194507339481223,-0.16932571185861692,-0.10072920103726628,-0.1296175690465467,-0.4415975096093631,-0.3432520823426266,-0.09632637822124639,-0.5007714948430902,-0.5394355059091867,-0.44364819481639944,-0.25146972452959326,-0.3314072115479463,-0.2564655791021116,-0.42940198391778256,-0.24380208618022145,-0.24931490262929554,-0.3206943590215881,-0.3426361412263874,-0.2025044382397245,0.22288666047261613,-0.24551353669042175,1,4,train
0.6460534231186302,-0.8006194535633013,-0.5822635900573713,-0.8338662398426205,-0.36526949557748123,-0.6897579135584462,-0.6675694479370804,-0.7662830575143246,-0.708751316532283,-0.4371955169009971,-0.19658449371665718,-0.3907317734187379,-0.29502341179968267,-0.5133174203190837,0.06930905529050817,-0.19460082698467765,-0.39219645045467916,-0.5503512741346881,-0.4595404758453102,-0.11381220319963731,-0.08597852040791543,-0.32408022986686547,-0.03224111083488665,-0.19820475037402266,-0.17071195404831313,-0.40143455278547946,-0.12879868347730053,-0.279241813297895,-0.22700811384557543,-0.39154166153924086,-0.13769733950773988,-0.14209512438261127,-0.20289894497354913,-0.2550168213433002,-0.13351870889345152,0.03538207555577191,-0.028404556258652337,-0.08738673907510482,-0.32094040473518837,-0.24739654727357116,0.02057471976126115,-0.19429854396548035,-0.450476733257226,-0.36162568415960933,-0.36940299465538645,-0.10997059848657992,-0.2947851618592149,-0.38247339306423406,-0.12483495210266177,-0.24694589571839828,-0.47082603036226817,-0.23876612990972668,-0.3223177117975857,0.15579848721159023,-0.28851441112811926,1,4,train
0.804086450945353,-1.272590407183183,-0.4317207452370187,-0.9170023205267854,-0.09328927539170008,-0.32041876754304194,-0.683254027181145,-0.7320456141631763,-0.388930601990937,-0.6297587789454598,-0.2676423066908015,-0.36323168516532717,-0.23661522392044904,-0.2198822825034109,-0.25736952903344074,-0.3291629047407694,-0.2707043418378514,-0.5398228149773289,-0.4283793854563957,-0.44915173048428303,0.09634435181572372,-0.32408022986686547,0.10023031839331895,-0.17791434605919915,0.04343301465477638,-0.5331033127824838,-0.1932777767227479,0.04721995892462088,0.05771321506097137,-0.3023036826683893,-0.06939921442538023,0.08486580765100056,-0.28756234144914494,-0.46725329323810727,-0.09431173208702699,-0.16932571185861692,-0.031083246806008408,0.10969046745829056,-0.444220490150106,-0.22635508835597362,0.07658982921121268,-0.8617285258767196,-0.748608836198932,-0.3850606872044065,-0.3015913643330554,-0.22511763727849043,-0.4392205122513736,-0.25549014722522045,-0.48933000119135533,-0.11428150870815303,-0.4995746482785686,-0.29616797826893393,-0.28594582518180645,0.5046569881689249,-0.35641052866132583,1,4,train
2.385907606833588,-0.9894078350112541,-1.5767254481772195,-1.5287986065871784,-1.4140067852768914,-1.524672461945381,-1.5761547170039665,-1.339443220281696,-1.5916751694968536,-0.6140146128663528,-1.0797315978238795,0.19177009594896124,0.13507324440194676,0.9266883485911623,0.8797232356326122,1.1665463441634814,1.3992166020914865,-2.8429232556496644,0.7677270840873218,0.2374958730033249,0.8418423182412704,1.1326525637066371,0.7447547721382424,0.9899111467273098,-2.5698048065501133,1.1273860494019596,-2.1153688420394166,-0.020066055197577048,-2.6503748791978885,1.0934698330039039,0.9644930928558574,0.21140154851929743,-2.8839065000340836,1.3839203782888208,1.375949898153893,0.9023797634284776,0.732343559190472,-2.3143591729024724,0.31906684720608636,0.8210419777644371,0.8851557569235565,-2.0433520142603934,1.0305666168402816,1.2758951535955925,1.3553710809343393,0.3860474147708808,0.854802320853885,0.9370481615237768,0.7712153769070432,0.33819881127321927,0.9091076296201529,-3.065123806263075,1.3786028681756226,0.8400978544740545,0.9901958024139379,1,4,train
1.0292089717173827,-0.7036740684954337,-1.5536495376573114,-1.0012042483992087,-1.840416452517311,-1.935627286385056,-2.1217540092796425,-2.04955315645366,-2.07277299649922,-1.198970937190098,-0.9342322664958698,1.0617728879659538,1.072259168100559,1.4266148796845306,0.7289485044061742,0.8275534175087117,1.770839522566489,-0.8135627530686693,1.592297475917059,1.384037685338447,0.9755457578719392,2.0533925989889785,0.36007812187941457,1.3799378074455841,-1.371931387867206,1.973479747901228,-1.3600423211641763,0.1668395395863061,-1.4726639278117177,1.452709901791691,0.8726438901588909,0.5166941296618549,-1.6280661189794123,0.8091132669070518,1.0274434376523416,0.7097136105678763,0.5555499830649713,-1.3683885815421748,1.1767814840290243,1.7725835088157924,0.4735664744434779,-0.5109872598723438,0.7684988811899109,2.2865296599024703,1.6531525880019673,1.3515110477184382,1.8098442295693833,1.4394601341911784,0.6142800085494112,0.9683546495718843,1.8865606387743676,-1.220064394717127,0.6597232268284553,0.16250730453769283,1.5492071701040053,1,4,train
1.084371443694635,-1.0391561247171335,-1.6602382672016487,-1.7153218645324202,-2.119311424063748,-2.0227601130858734,-1.5627107919376253,-2.1484613261347554,-2.1219761833517348,-1.8251043112591998,-1.5297644133267936,1.5717745246655703,2.1687401496516268,1.6928800973320857,1.3508942707152307,1.9454537557900893,1.4230385841732174,-1.479487794771642,2.071698866515743,2.520998368322579,1.0140361420080408,1.5200532701943081,0.7727775744749782,1.3731743393406428,-1.5225020689865658,1.766223366424462,-1.4552257445265033,0.8745887251679435,-1.5309023814516933,1.8256788904057628,2.200924667622713,1.9045702715665078,-1.2442587216233778,2.2092844356575148,1.5872319398329586,1.3569514678339587,1.1957570238830724,-1.5851735087289096,2.5590922290005476,1.5270998214438212,1.0142340526125753,-0.8651337808864709,2.153370585177191,1.636208325409349,1.7239125500774433,2.3169746806659957,1.9248029778406932,1.668582077770268,1.3964256347188997,1.9396474830397514,2.1101610003455935,-1.455138630854833,1.6374851199702871,0.9563840214598327,1.8321076598256993,1,4,train
2.5528859003863515,-1.679505905033838,-0.4471046855836241,0.7755630144277514,-0.39869079382064926,-0.6065265567099044,-1.6344117256247779,-1.7033745625698276,-0.5351734073581337,-1.6446519461986657,-3.50584835508395,1.569274516642533,1.4625320598390747,0.39415791329605243,0.4493870235904872,-0.40420714041243594,0.1747667230905169,1.5369157538117832,0.010272886941400496,0.44508700894143893,0.6777517332399953,-0.010975549280939592,1.6644121942802084,0.4781420601200945,-0.5856178309105491,-0.06982434242265378,-2.9904422503704877,1.4801628522677248,-0.9808725415185915,0.2903280231662401,-1.454202578164259,-1.2246786851447067,-3.256425444526705,-0.6853852226855478,-1.6821942927472207,0.2521314975239483,1.6859573940492336,-0.4815411521418956,0.11972032610962376,1.2348573364771886,0.3615362555435748,-3.8924054845553058,-0.5586698351312323,0.2447550196245173,0.49445820901604887,0.18527821892857527,0.22695069567980736,0.4153126514460905,0.10803688481511467,0.29318767996617173,-0.15139694240337442,-0.965856209126352,-0.5683628271396222,-1.425246129306587,0.33160346234183413,1,4,train
-0.7300266210706636,-1.6157260464365566,-1.227290231732897,-1.07261601001253,-1.4001772825555805,-1.4518450247029069,-1.2613428050338122,-1.5714970029950344,-1.4755009783173048,-1.6313299595163444,1.1602813635515274,0.9842726392517965,1.205005049644272,0.7826877717001377,1.5425038249821623,0.6878158752235395,0.7965204554236941,0.6472609550149266,0.8132702161941968,1.6299533386805205,0.6493903975607624,0.8142410241277295,1.1065036750306498,0.7937705716840159,0.8732447683792484,0.8664868397782658,0.8721624783329774,1.4178609873397636,0.8374613999073097,0.8600781959570615,0.7925702262692279,0.9545479631426282,0.6522013594299687,0.7943746230254679,0.5286435660594961,1.372003511026193,1.3055833363246714,0.7938299129956489,1.3262913748513712,0.736876142094047,1.2480362485775902,1.2086665200520224,0.6410714500938591,1.0210394954834234,0.9838812800380907,1.4282757402463786,0.9461797874285159,0.8266279477507215,1.366051047294842,1.2194693821269915,0.9154962113793307,0.7944671405560041,0.5741423171442688,0.9630928387859353,0.8928780339496751,1,4,train
-0.5391942855817908,-0.5863191286764362,-0.6679741148456013,-0.6036432471787792,-0.7824594943370268,-0.9134421850889022,-0.49727973043009316,-0.8195413027272218,-0.8987302879906038,-1.206237475380455,0.7846900664024787,-0.26323136424383375,-0.0003275547726402695,-0.17369341821761058,-0.14428848061361227,-0.21789041736553968,-0.42078282895275626,0.220858359141877,-0.48830455928123123,0.4642492676434187,-0.05153975565456137,-0.23651705648266586,-0.34303946402413826,-0.0606808989068855,0.4851070126048985,-0.36729820760107096,0.5006400839187332,-0.03751057737740614,0.3909665886674977,-0.1947604773624913,-0.22719143444324563,0.2375120982222793,0.3982111700031812,-0.3375532270801696,-0.29470294687541904,-0.021815688574719088,-0.09269312939519805,0.31521383998597435,0.18529483962819698,-0.3502659019818258,-0.1206807736342688,0.35394751260446616,-0.26775060564779324,-0.2503094196968228,-0.08636314635348274,0.32109267493954663,-0.1297161899824621,-0.360389350309623,-0.16533440200140548,0.17236832751041264,-0.21208846911556425,0.354386303135415,-0.2452948930818178,-0.15727965467319732,-0.19798625441717715,1,4,train
-1.213070970276873,-1.518780661368689,-2.152524358293021,-2.1970847936252733,-0.9518709026730854,-0.5389010792704642,-1.5279806521829107,-0.46321828118378977,0.4242887362659043,-2.4282269810588377,2.797994767336568,1.7442750782551464,-0.8127323498201625,-3.480272702677553,-0.3044866325417026,-2.559788116774444,1.2205517364785046,2.134405810991921,-1.969654856231166,-0.2479480141134956,-4.97020568631007,-2.3698743716613473,0.7549448820788736,-2.971226673399903,-0.5253895584628051,-0.7062233490748413,0.30106193815901516,2.045863785813611,0.17742559198758764,-0.1947604773624913,-0.47212264163515616,3.4229991619860702,1.5665660413664035,-0.7119147816723987,1.885640596637412,-1.5962594064824451,-0.6070017144875638,0.7459683056946814,0.7938263250805566,-2.1715210682938793,1.9786681109682622,2.0395487424313203,0.31408785331908473,-1.3283195597574924,-1.6873072883111258,-2.415863862498942,-2.3964668930757282,-3.118134189291679,0.26497225317274664,3.455811906013983,-2.3554576493197414,2.139310444971717,2.9725473110435976,2.1237182362016833,-0.9629491786246379,1,4,train
-0.5332307750977635,-0.19981318557691133,-0.47237830186733293,0.13179131271960276,-0.4540088047058929,-0.8328118081418774,-0.6888556626254538,-0.7891080197484234,-0.8249255077118317,-1.025785110319921,0.36849430469677624,0.026769566428497114,-0.03484148397400559,-0.46984554805009515,-0.1725587427185694,-0.6422785087501367,-0.32311270241765944,-0.21080846630985225,-0.3948212881144878,0.1863965164647122,-0.0880043300992892,-0.12772644712653908,-0.36851473887571623,-0.2906388144748853,0.5185671639647563,-0.4209410357479986,0.29185063912395126,-0.3216070814489085,0.5203853745341099,-0.46705072058380753,-0.509804365818527,-0.4433706978785562,0.3615236981970897,-0.7620261708697837,-0.7542958416618399,-0.25963797101202374,-0.20787682293150914,0.21667523671927663,-0.2186441636462141,-0.23103096811543974,-0.386143683636213,0.227953077243671,-0.6356071520194144,-0.14192253061463592,-0.42247296621199343,0.16461080170951442,-0.2829945210108754,-0.36867086634260215,-0.24127087056154997,-0.04321130138123591,-0.31430577726241027,0.2833173480240156,-0.6603623050501227,-0.4725940690000191,-0.27946159545702504,1,4,train
-0.7061725791345546,-1.2049837570700648,-0.8998320729265825,-0.17197513593407673,-0.9818348252359257,-1.306190150217959,-1.0518416394166634,-1.4345472295904411,-1.3306249281404556,-1.8541704640206282,1.2482577034242774,0.8917723423994152,1.279342743308751,0.30721416875807533,0.9017112172698011,-0.3964439436188153,0.2509970657520559,0.04450666825610956,0.2979137213006111,1.4830426886320092,0.45896428657162824,0.4825623370663673,0.533309990870145,0.392471464124173,0.8130164959315044,0.22277290201513358,0.9888389327771203,1.1237961848797877,0.7921648248539954,0.21710711742605426,-0.3025548828099873,-0.07581449821350339,0.8074175863018944,-0.5409465126460263,-0.39925488502588447,0.8060466869981769,0.7805599890428814,0.6051988724565418,0.8934995856287878,0.4773648154436773,0.5515005397651496,0.8885725491354077,-0.5226054678398968,0.5904213145352755,0.4472849009657316,1.2393164971006794,0.8282733789451211,0.28280839491842413,0.4725319339038082,0.8593803316706113,0.64717577749386,0.471923421204268,-0.4378519398712376,-0.21095019328201806,0.5307654071059067,1,4,train
-0.4810500583625249,-0.2763490158936489,-0.45369780287502637,0.15204240929651472,-0.5300710696731028,-0.8133044588805004,-0.7728801942900857,-0.7865719128335236,-0.790756627953141,-1.0596956218749205,0.7034811372891709,-0.07573076251603363,-0.17289720077946688,-0.4562605879660362,-0.33275689464665975,-0.6474539732792172,-0.3659922701647751,-0.01603197189870613,-0.4667314967042905,0.017129897930557695,-0.13662376269225965,-0.24447734497213855,-0.38634743127182086,-0.20947719721559127,0.344574376893496,-0.43313258759957307,0.17210375166812047,-0.471131557276015,0.4815597387741262,-0.4876441003232348,-0.6770170168822351,-0.49358329346121366,0.3107256603117322,-0.8032943737382184,-0.710732534099146,-0.20244020688153277,-0.34181135029931276,0.21949062538403943,-0.34979319068336057,-0.3315623829439613,-0.3203868160210525,0.21773731221441733,-0.8255461530871143,-0.2298037920326253,-0.28095304206104155,-0.0863506930933675,-0.44511583267554333,-0.47080956408267827,-0.4133935326312108,-0.2208868196985287,-0.4069402127704894,0.12477890969858599,-0.7202689418290533,-0.48824797609425846,-0.3722529560857407,1,4,train
-1.2249979912449276,-2.08131901419671,-1.7800132313287906,-1.820840736170014,-0.8066611240993209,-0.8081024990774665,-1.7229175656448568,-0.2070714827789026,0.6265685044373539,-2.4815149277881234,2.858901464171549,2.3192769235537334,-1.1791109828808097,-3.3009512295679753,0.5373389501392427,-2.8315000045511676,0.898954978375137,1.7264280186442498,-2.520966455419653,0.47702410677807183,-3.3556353622851773,-2.8687191170016355,1.9548303275881975,-3.4333969939042164,-0.6056939217264637,-0.8622752127749945,-0.07353088926691709,3.2395675178333447,0.7177490229806934,-0.9567155277213005,-1.1056466294680785,2.8184395111708738,1.8374889100883103,-0.5055737673302252,1.7092092010085016,-2.177268273702696,-0.8775494597705271,0.5657834311498627,0.5525121153322071,-2.5409155692917027,2.329371404915785,2.4447740885917155,-0.4432638597989589,-0.8215376189137537,-1.6460306437670982,-2.752447514352219,-2.499635000498699,-3.0712055984381306,0.49531287447185157,2.756954867299298,-1.806039618030444,1.7484311918590199,1.5390670738334724,2.4591591025068134,-1.5219605463147052,1,4,train
-0.7300266210706636,-1.8147192052600742,-1.7426522333441776,-1.4563209977855986,-1.7528296019490086,-1.8966125878623021,-1.707232986400792,-1.9607894144321647,-2.0208362992660103,-1.3891120198377749,1.1467465420326428,1.129273104587962,1.2766878256778766,1.372275039348295,2.3968939685986443,1.518477932140952,1.6850803870722577,0.9841716480504227,1.4532710726434406,1.7513143104597257,0.9633908997236965,1.628843879550435,1.8300014808154652,1.4340455522851134,1.1710401154819823,1.6077331923539937,1.1515718823965826,1.3032255558723154,1.1610083645738403,1.5625412604019697,1.6050824039731617,1.1031772460672942,1.075518341807948,1.6551114257099633,1.5088179862201094,2.3082405975831772,2.047580617942303,1.0472148928243001,1.3682590635032579,1.4686513244504946,2.0200705831704004,1.2903926402860517,1.3719759605315902,1.741665839110936,1.7887758486466294,1.6319974242628354,1.5740314126025936,1.3124768883521647,2.0241671081494275,1.335550720760956,1.573520132574652,1.092410067753794,1.4235328457598206,1.6921176548890835,1.7302634835258894,1,4,train
-0.6599553728833432,-1.447347219739734,-0.989938009242414,-0.5300997911889409,-0.8354725881020519,-1.0929097982935705,-1.3532096263204765,-1.25194753171765,-1.0791419731164913,-1.1299388243817057,0.9268056923507674,0.4992710827825535,0.4563182777377317,0.20125148010241573,0.8451706930598868,-0.08074060734490769,0.47730589552849967,0.29455757324339177,0.08937411639018342,0.8315258927646973,0.3657770407684349,0.35785115073129514,0.9944124656837068,0.351890655494526,0.5955255120924291,0.08135090053686969,0.5927530742693723,0.600460519484915,0.6206849335807343,0.05007192620625523,-0.04349302904931277,0.14110391470357694,0.8017733598701879,-0.11647356885641229,0.03855635597918949,0.6495054377989384,0.807346894516442,0.4362755525707743,0.27185319747271364,0.39086103989355414,0.819398889308396,0.9055988241841638,-0.13551459224623005,0.47031692393069,0.3765249388902556,0.6901536967084906,0.4214962696774089,0.1917117185556535,0.43962613086107893,0.6461697096898601,0.3341352712941441,0.5129247414608447,-0.0869702101660726,0.2631395644292317,0.4357108425594175,0,4,train
-1.1877260507197571,-2.000956392364136,-1.8558340801799171,-2.181097085801395,-0.7594103231348419,-1.0122794213465456,-1.4058649994969792,0.36355257307356875,0.7386424300458597,-1.206237475380455,1.302396989499816,-0.35073164505014054,-2.429577187022584,-3.1949885409123158,0.9142757782053376,-3.2196598442322015,0.42251533674051855,2.0712350560477653,-2.758270143766002,-0.3533404369743843,-2.976808949998283,-2.8766794054911085,1.3077583463581164,-3.656591441367275,-0.7161124212139942,-1.013450455734518,-0.34679942730714636,0.8671125013765882,0.8342259302606444,-0.9658681409388238,-2.0147182253919,1.4265463616196086,1.3746623426883864,0.3168425612621521,1.6329734127737872,-2.198341134171824,-1.7856255553242355,0.5376295445022348,-0.517663945290908,-3.5064847396214565,2.2952752513375536,2.294942868162662,-0.12349313648245158,-0.6692100991225721,-1.1919875537827942,-2.3007168237070315,-3.1451725869452853,-3.347256132870769,0.39406424972499227,0.6722287857097297,-1.0777412974841662,1.693762764850251,2.362783329543768,2.935485132660097,-2.266554635262204,0,4,train
