q1_z_0,q1_z_4,q1_z_6,q1_z_2,q1_z_8,q1_z_5,q1_z_7,q1_z_1,q1_z_3,q1_z_9,q2_z_0_9,q2_z_2_6,q2_z_1_4,q2_z_2_5,q2_z_6_7,q2_z_0_7,q2_z_7_8,q2_z_1_6,q2_z_1_7,q2_z_1_3,q2_z_3_5,q2_z_0_1,q2_z_4_6,q2_z_3_7,q2_z_1_9,q2_z_4_7,q2_z_5_8,q2_z_6_8,q2_z_5_7,q2_z_1_8,q2_z_5_9,q2_z_0_4,q2_z_2_7,q2_z_3_6,q2_z_3_9,q2_z_0_2,q2_z_2_8,q2_z_3_8,q2_z_0_8,q2_z_7_9,q2_z_6_9,q2_z_2_9,q2_z_4_8,q2_z_8_9,q2_z_5_6,q2_z_1_5,q2_z_1_2,q2_z_0_3,q2_z_4_9,q2_z_2_3,q2_z_3_4,q2_z_4_5,q2_z_0_6,q2_z_0_5,q2_z_2_4,y,split,set
1.7529176284468022,-0.8604727076079564,1.9886193342111298,-1.8731773276397474,2.2006190471893956,2.0257198466864286,-0.2841876691552475,1.7932041842834694,2.0249342959076837,1.0954157501172377,1.045726918659591,-5.651434044986407,-1.2899067840304437,-5.395681640642808,-2.3653162535492775,-1.070925948141812,-2.6843938144213286,2.087666447338941,-1.5926379578218337,2.384765731833863,3.056930354939596,1.6713467646825722,-1.4348354024533856,-2.0144126340788873,1.078293814948135,-0.0330352763797684,2.525995156352106,2.201019399528009,-3.1956552263874602,2.4774833151140587,-0.251009314567766,-1.53231106335828,-2.0941689219990685,2.864514428707228,1.0298040639881272,-3.6783732339365063,-4.991902139838718,3.299926535654373,2.3639989342790995,-4.397902657087665,0.7040450089617811,-3.933127112130879,-1.5798926254703451,0.8901790327024404,2.6369778700498223,2.831671819845422,-4.0755362265837825,2.2629260743972424,-0.982557144519491,-4.739518975232138,-1.5179292240864926,-1.568075071431751,1.86748216809456,2.4599274320114257,1.2141884461158123,1,21,train
0.35079659655583834,-0.5134702389680402,0.6559624832675451,0.5035875587874636,0.7537553429349505,0.6757591965592055,0.8443200877141341,1.1668049224114951,-0.6553559486469577,0.6995864235214703,-0.001824074863567876,-0.3027375148399976,-0.380370562634485,-0.11462687236102864,0.0904257815279721,-0.11843842569173839,0.2734152875430658,0.04463081248406889,0.6775775032269326,-0.9405967763273211,-1.3381638830583864,-0.2776556827262928,-0.3412783236321348,-1.371193107690103,0.6211220661001459,-0.4407601348563836,-0.00375091281529455,-0.010779088587074548,0.10453085945197066,0.34512450808712375,0.05783632591740186,0.056430499308671375,-0.020408185398528674,-0.9129716688491228,-1.0709833155611854,-0.1669550384267204,-0.04973834611908918,-0.8962255488044822,-0.05529822068489124,0.2578586857105708,0.02440653701880985,-0.0011502323189719445,-0.3792274045855296,0.12347002243300075,-0.0730659686500401,0.42665721642122945,-0.05344761890598592,-0.6083027687630508,-0.28968837555714705,-0.918204907990151,0.20199165591355148,-0.2970678368551474,-0.33286088469708064,-0.17882420360965454,-0.2252348836435951,1,21,train
0.4467112666041851,2.3903925249133624,0.28874632728390803,1.0463301909953822,0.808213857038625,1.3784629381593776,1.4169763721278064,-0.883664554309001,1.4877954848013706,1.3212152972474693,0.25274837328312155,-0.04036599830097412,-1.7270709678626945,0.8658221141554199,-0.055056566521627985,0.212458213600982,0.7102345854200468,-0.728874265616033,-1.8614792624197138,-1.2854342468522224,1.4863705118733503,-0.8220154685362501,0.6454662033042495,1.7618091787394778,-1.4836491672324794,3.064456558912726,0.633251933121262,0.12265251754665749,1.2152731019351448,-1.1166153129460823,1.193760122278104,0.7462788094140582,0.9461752087796891,-0.02518552375734522,1.4980991336510499,-0.011971494883139614,0.47993362652365323,0.8946108678677016,0.0771264656920851,0.8332048028693773,0.045001642229202915,0.8342308400326124,1.875478021730426,0.7215030504431637,-0.09688006213597913,-1.7474122760781232,-1.1398214953852095,0.09205187454898933,2.993635700786933,0.7844241403957262,2.848410061052305,2.9637949862799093,-0.1771062641062117,0.21309370537096717,1.9412691724106668,1,21,train
0.5337916907270263,2.4859235689113963,0.7921702562585083,1.343825661301884,1.1819972947502098,1.6590918075906864,1.5565855791631937,-0.5734591837070101,1.7244824055906716,1.5089281737774212,0.4136849784333275,0.5373116389910864,-1.049319783532158,1.2914261060296055,0.6781744676483564,0.35162035162128497,1.161329023750524,-0.7264186939395247,-1.5992760147254852,-1.0676421602049164,2.230840610712626,-0.6956462325446529,1.7746274660871222,2.2757692787726214,-1.302561656325159,3.4904377543360554,1.126415426749564,0.5523475203502013,1.3701362030505875,-1.1559093941566523,1.445024372164342,0.988173671399064,1.283014876447856,0.76810853163407,1.9663942033139725,0.1638307336140565,1.0096055991663957,1.5664733953508574,0.28849663817841276,0.9543303012185996,0.6577060222383967,1.07697246053268,2.705430939392741,1.2673998657550047,0.6556452920196943,-1.6279579083583786,-1.0578310141414946,0.32175018200181277,3.505484701281638,1.326363712187722,3.4736075780158244,3.562835281264784,0.13193068151059176,0.33237306897376506,2.587290223138865,1,21,train
0.4782621449095623,-0.530328658497105,1.4644918237419031,1.6093323713603744,0.9604501578284426,1.4848303322180187,1.578561102492838,0.49010208692838747,0.6772238382626685,1.4708415031771411,0.1912998513166793,1.259984061738923,-0.13098159870333503,1.3203939169948642,1.638357964775717,0.1382384066568204,0.7502049786898359,-0.07078105631181933,0.1365758655793464,-0.09362755047668589,0.3140156053955542,-0.38944385302655193,-0.6769749152702862,0.37380914811104865,0.1936367944500781,-0.7754596455461423,0.6766320552459738,0.7106562055936122,1.2873645455578508,0.020293436746411316,1.2146988097686238,0.1251166946871298,1.5700608541129024,0.30663553542299743,0.42023562135426684,0.022726313372885935,0.7501744288923994,0.3566426519114381,0.05675343701870413,0.7858901550767122,1.4017041979638465,1.136017719573237,-0.49818732278379474,0.7245698864842414,1.4105520555239617,0.12403948486454298,0.0012127019231574073,-0.1894411492902551,-0.7235116137813173,0.26382077221758826,-0.25749085655361353,-0.6382603526943587,-0.10788198828804772,0.12789415994039724,-0.7287874136788828,1,21,train
2.175699397738857,-0.5724747073197669,1.7794041948970103,1.2979751049464014,1.7476232253270116,1.691907280225799,1.5966585922937215,2.0207679696671694,1.550479692133697,1.5279715090775612,2.5760877276333676,1.2438735300216146,-0.8527426001981926,1.2334904840990881,2.0369795984316212,2.76994906121855,1.8636659340625328,2.4756467722272464,2.9843022772457815,2.1004260631554352,1.9736150616120125,2.7430550929959256,-0.8371937430975858,2.0541816907343797,2.657614401877552,-0.7693741998972377,1.8752933244814298,1.8798789237485183,1.4982987694909538,2.618942007472111,1.489519083081697,-0.9828215003306126,1.2302921458563167,2.00969064048767,1.7858782267399966,1.6859079224450442,1.3814569432257904,2.1116145208532044,2.5753691067654274,0.9789339180707854,1.7749904799022207,1.0310483701678024,-0.8523005676530492,1.9574379749975004,2.1583145909824473,2.9405080215456336,1.659242433740505,2.2629260743972424,-0.7547219186895311,1.270889582791691,-0.8148958716777153,-0.8492267174499015,2.5127513105424457,2.6984861592170217,-0.5961443082061728,1,21,train
2.444512880900671,-0.5766893122020331,2.0387437946718046,1.947346937981023,2.157299774606927,1.9838518298761123,1.6612924844397343,2.3884631386818844,2.1373335642277174,1.7809758209222786,3.3866229935716783,2.3693092457021625,-1.1461413812936632,2.3944312158606103,2.1591847707932854,3.2802102339596604,1.9122014116044195,3.371930434152761,3.4323711182422483,3.5281741867322203,3.2622161297025856,3.788031467541826,-0.9770673229468154,2.703556427902004,3.39087038866621,-0.894125835699784,2.662985015693301,2.492759690905152,1.2900345990253586,3.7191762813680724,1.625620551770076,-1.2157572933532106,1.7663065735369647,3.2073229401783108,2.5838111666684402,3.1200839970274337,2.566192620810374,3.498377033096017,3.695885683801381,0.6685498285509031,2.161148702597091,1.6105666533436396,-1.0293571900876763,2.39599552887162,2.844160483377492,4.026215497042868,3.112295962448565,3.641115919114183,-0.9201365347030637,2.6449410955241537,-1.0810442122324666,-1.0133116678153238,3.3558040981850854,3.7038407952977472,-0.9989863322344029,1,21,train
0.38360950999343063,2.1276821539187702,0.09042780980906549,-0.17564045047863483,0.17575247733458615,-0.5248344746771598,-0.3656263732592235,1.177584259613881,-0.5072915278792215,-0.3545982091648522,-0.3500323660067408,-0.33956158733670266,2.2631524550357045,-0.19930201210563103,-0.22090644329817208,-0.33491286261220965,-0.2947353025060795,-0.417016662699484,-0.7064573611843767,-0.714738316100485,-0.12623581518049584,-0.12455449296724234,0.2665359597126999,-0.1924702435422351,-0.3882181586291808,-0.24602587409143306,-0.38732251897064046,-0.1555184579524788,0.043119629699295156,-0.08449077981510883,0.036897638426882005,0.5939746370531287,-0.14635693070053887,-0.37678399706101956,-0.08730205191169407,-0.30343308423375426,-0.29619795787938563,-0.5232342524081396,-0.2462953644978379,0.2673216152691038,-0.18154451508512084,-0.027392569670330612,0.7356760148075134,-0.29975335123572994,-0.37788636527005975,-0.8315954568934142,-0.536280452896752,-0.5114691685623507,0.006809521070882987,-0.2610498366833212,-0.8651125397069137,-0.5809608462175445,-0.2759980867035888,-0.4246857489950135,-0.44385037229306146,1,21,train
0.3861335802578608,0.9040418697674872,-1.2182564730881098,-1.3378987394896982,-1.795893271918905,-2.0026623112791326,-1.9543274422082155,-0.3961989719344438,-1.6712724123087976,-2.0494550508773135,-0.9937787866075648,0.7444470467850524,-0.15151951338001798,1.2490885361573043,1.1582662162120367,-1.2039031022501014,1.4639620013646415,-0.06095876960578629,0.020409869765447543,0.02938464661114445,1.93898854538693,-0.6251710817031852,-0.8727979270592079,2.0234056368401796,0.14020113549381963,-1.377918764787708,1.427793117300193,0.8847957593613641,1.5249993041660301,-0.019000644464158736,1.5078404346359018,0.3520797750681228,1.2859439170362748,1.073559705316637,1.6995444988133126,-0.8123342719887957,1.1155399936949442,1.6382024908116926,-0.8600328532834398,0.9467599575717732,1.0773312909001556,1.0354220930596956,-1.0791543651474154,1.4575437003018257,1.1866995767561348,-0.013996673389384167,-0.02156243175565231,-0.9596060625144278,-1.269691949675057,1.1748766665293295,-1.2819108843492601,-1.3857584599146153,-0.8520429533333105,-0.9748313852038365,-1.0554824697505572,1,21,train
-0.5086493284826373,-0.5162799755562177,-0.3650509830727157,-0.4742022127934034,-0.6374121537134638,-0.4965452741296489,-0.5621134053831021,-0.03688773185491759,0.20493075887945142,-0.585838709237981,-0.2125047216056557,-0.6709782398070482,-0.025358037508965665,-0.6516455217939016,-0.8377515990284764,-0.22049066023996056,-0.6687439823876776,-0.8491972777649377,-0.67326707666612,-0.43039864742205747,-0.8187661396821476,-0.700506587775099,0.19024127979493818,-0.93417314239246,-0.6316472716521361,0.20429710392751507,-0.5745419934036069,-0.5965212239876948,-0.7178456085403795,-0.6372275221771275,-0.7038084315502579,0.37597062563454314,-0.8610428342747363,-0.6954201134924743,-0.702102841692626,-0.1762077872949939,-0.3891607938942343,-0.6236549860533087,-0.34306725069639754,-0.47457206211988345,-0.6243392771085718,-0.4691385817515349,0.22387171558241922,-0.744444577192005,-0.5850689785977293,-0.7439955872322681,-0.6501561212908006,-0.5745236059023415,0.14413486266702322,-0.9502092134109381,0.0412983182201167,0.17174630704605878,-0.6295363524892119,-0.27862938539975074,0.22919057029068887,1,21,train
-0.5313659608625089,-0.5514016829084359,-0.6712460567564011,-0.35691009188403006,-0.6720675717794385,-0.4354406009470252,-0.4212115205047944,-0.5339349472982622,1.0295523139581577,-0.4566160768441737,-0.06327259683001016,-0.27281795593642477,0.2915126460741425,-0.3976201025600945,-0.4769553758654682,-0.1679182969878461,-0.35754592050146233,-0.3138826522861371,-0.29489783315799223,-0.7086885359158376,-1.00426533374509,-0.3335497678764224,0.32757170364690924,-1.0449669364115808,-0.18635011368331544,0.19212621262970567,-0.35992454710240146,-0.1781339844158232,-0.30932742801171204,-0.3307336887346812,-0.37664143951088513,0.44465682101300164,-0.37775113718562736,-1.1217332623731795,-0.7544263131633437,-0.25485615267531847,-0.3329507070015351,-0.9129623377453437,-0.2819481646762546,-0.005210756016646614,-0.3823467908864533,-0.20890206968389474,0.4202939060958338,-0.49603085786470646,-0.45409146442506465,-0.2582144918386399,-0.27436641559044017,-0.8154816343087347,0.2752181432815208,-1.0334204075049849,-0.45584669526894706,0.1535146458943452,-0.29083186009319534,-0.24454956722752277,0.1972579708250365,1,21,train
0.16149132672357497,-0.3842223559118772,0.11766936440725816,0.5377089030520087,-0.049507740094249617,-0.007707888668659468,0.1850543878248046,-0.21654335189468069,-0.12254018632218422,0.15549112923175548,-0.32369728516397983,-0.841289575104309,0.12720932866067902,-0.7340923683873303,-0.9279506548192284,-0.40913266955637123,-0.9000012577343146,-0.7386965523220661,-0.6467148490515144,-0.3315855710728167,-0.7618797201695119,-0.6446125026249694,0.02493613997312124,-0.8264569537627593,-0.6405532148115124,-0.014778939433054285,-0.7777436180930462,-0.7457836986457679,-0.8460081749807458,-0.6712823925596216,-0.7797111737033923,0.02656693610064597,-0.9225526866315319,-0.6075204951665558,-0.6445470230748367,-0.4167792578701044,-0.5967057301134313,-0.4323773981577484,-0.5569840517668978,-0.44996844526769764,-0.6964221453449476,-0.48663347331910733,0.1436429335417288,-0.9284547396566705,-0.7684374984394599,-0.5210141008220781,-0.7253140624308726,-0.47994194989235534,0.07235116137813173,-0.6515023628169246,-0.1871875213127358,-0.06786981094789107,-0.5059215742424905,-0.4222514762684258,-0.22032217603349472,1,21,train
-0.7118369847692666,-0.4867777413803544,-0.87610254733481,-1.0659942773816053,-0.9592124643260864,-1.2049068558393234,-1.21491571605783,-0.6345420945205295,-0.9817461316532083,-1.2768397329859187,0.5160991817107313,0.15756339136881553,0.3091165729398707,0.2686395496408558,0.12243189809888412,0.4536725861695072,0.26485020327096814,-0.22057092857882318,0.05028112583187868,0.03543442679579185,0.294229024695507,-0.2630746170349547,0.34283063963046156,0.4415164666782891,0.11942060145527467,0.5389966146172738,-0.044847870617653045,-0.04696393092842561,0.4062469012803329,-0.09496920147126084,0.35882995859362476,0.5133430163914601,0.4687415928674179,0.15061371289449194,0.4228517949278027,0.1800230441335351,0.10159650320740866,0.1414553655289327,0.12805903737553756,0.3108510912383556,0.20718809576104835,0.3640556291541029,0.4368929644490801,0.09586849806330092,0.09839550444872094,0.11873040185477655,0.07864815643111045,0.20239713989397315,0.5717160399095508,0.255286290772045,0.4154124950376445,0.34104030345482766,0.037983450043083504,0.2690819780824846,0.36674638337349913,1,21,train
0.8593967548385192,0.6385217621847175,1.7478039915631067,1.353422289376287,1.394880577155483,1.0491766437863501,0.8145884973269683,2.2603087963868536,2.0292573446892237,0.7852814323721004,0.4195372186206078,1.5269585873400346,1.2655965993111045,1.3716446594718603,0.9545909289425966,0.35162035162128497,1.0528379563039536,2.728570654907597,1.5737151852198665,3.1430048483096695,1.1648385754975834,0.7867621127413915,0.82348712311236,0.5953967361492901,1.4998417911586184,0.24385250064539565,1.3935456524648941,1.585877079725041,1.1004608028323168,2.2338600116085243,1.159734755106009,0.16095297053676028,1.2507954299752486,2.515113445861702,0.5798222093399555,0.6102758665082519,1.4873913377543388,1.9155549932602551,0.6552111542992703,0.9846116758059053,0.9022728966118144,1.0266746472759092,0.649914213315741,1.1079243916189612,1.379593733992241,2.0273457438658076,1.9553191715650313,0.8081701271960272,0.3001863872080917,1.3882387026679106,0.9301333423369277,0.3384357804331543,0.5744715876338543,0.5538918870932469,0.4895640736260083,1,21,train
1.4197403535420186,-0.5036361609094192,0.5535342379783407,-0.08607192178420427,0.5210689644919773,-0.34038888710738835,-0.20533432073711202,1.6434911675836668,0.38541804550873576,-0.20497200323518056,-0.2885838440402985,-0.36948114624027556,-0.6180235753218161,0.012385837255874914,-0.2470932659471001,-0.5297398558406338,-0.3033003867781771,0.196876256427581,-0.5239107963339642,0.16247981067338713,-0.5343340421189692,1.2023224849445286,-0.24209523973904462,-0.4202130423593166,-0.284315488436456,0.06737457682715922,-0.4055878335494665,-0.05148703622109449,0.12589128719203171,0.41847345968018784,0.04998431810845692,-0.7319675693831992,0.017669342250916268,-0.10209768979252398,-0.25473716061799045,-0.5879551119331637,-0.3329507070015351,-0.10003258918921225,0.28849663817841276,0.3770915981480866,0.0012370436571176439,0.11256656287024895,-0.2049372918764435,-0.3028201872768077,-0.3112069035094304,-0.70417746465902,-0.6068833673010621,0.04476104654399627,0.12228764923127364,-0.4232049841486428,-0.2148066887287949,0.1847689221544256,0.08001247464696877,-0.6242961125752059,-0.009075748799178933,1,21,train
-0.02528987284425821,-0.431987877910894,0.9414539754566041,0.8330717893419761,0.7723207454702941,0.9280988654430032,0.8404420541853733,-0.13749487907718494,0.805834539513476,0.7390333323574746,-0.19202188095017494,0.07701073278227323,0.16241718239213548,0.2508132044314658,0.32028789144634023,-0.32563538674418946,0.10211360210111245,-0.728874265616033,-0.5770152515631751,-0.4344318342118224,0.10872983063256457,-0.4842207800202498,-0.24463839573630336,0.14606634929396714,-0.37040627231042794,-0.3099230534049325,0.05104503092118344,0.18145288635135295,0.2914346021775048,-0.6450863384192416,0.2358151695868206,0.1699120394991679,0.02645646401617279,0.04952915181968558,0.11414331325056876,-0.41909244508717275,0.08862494469370885,0.1916657323515173,-0.4398391368949572,0.2502883420637444,0.2895685166026206,0.13880890022160763,-0.2160033307786077,-0.04827279586735374,0.2055589251354466,-0.6033048874734578,-0.449734944917275,-0.42364334512450647,-0.2366308572131838,0.014187189935448393,-0.3303050251959511,-0.31009045196351426,-0.6839268549177694,-0.5756106580434517,-0.1785641613476416,1,21,train
1.2493656106929818,-0.8534483661375126,-1.1637733638917245,-0.2620101031482643,0.33417724563618495,1.7134070726419075,1.7401458328578698,0.014613545889814498,1.8628199665999434,1.7374481973791014,1.0603575191277914,-1.8033184690807285,-0.06349987905137683,-2.6259132537338408,-3.8405072627722223,1.103095896930921,-0.5317026340341149,-0.33843836905121966,-0.8657707268720094,-0.3598178786011712,2.374293320787968,-0.8949207969929408,0.650552515298767,2.441959969801302,-0.6464905102510967,-1.368790596314351,-0.00375091281529455,-0.8000609621577945,1.3541158822455417,-0.1447417043379829,1.4293203565464523,-1.0604667646714787,-4.446188514499398,-2.7149138445304537,2.1285969648731973,-1.4900981265898279,-2.1230257818921094,0.21079349114107335,-0.5824503376086241,0.7764272255181792,-3.2733846847953805,-3.3186190458198968,-0.35986183650674225,-0.5451002345219507,-3.099837250712891,-0.5103959348025453,-1.2787498108259487,1.2022603605709694,-1.378928016853805,-1.8143254597721916,-1.3396600525828384,-1.2685549239393137,-2.370032430203049,1.128380250567947,-0.009075748799178933,1,21,train
0.6347545013042334,-0.5092556340857741,0.6788453891300269,0.48546059464692415,0.7797469064844315,1.0831236844433634,1.0821728108114608,-0.10755227573722441,0.6988390821703673,0.9240257324159776,0.17374313075483863,-0.3027375148399976,0.08613349930731314,-0.2683790997920172,0.15152836770880412,0.1382384066568204,0.26485020327096814,-0.6944962621449173,-0.7960711293836701,-0.3618344719960537,0.11862312098258818,-0.5862882398596169,-0.4226593155444139,0.1583767708516472,-0.6227413284927596,-0.5655117706589301,0.22228235509767716,-0.0967180891477833,0.2326934258923369,-0.6529451546613556,0.28554455237680526,-0.24817784541318771,-0.40997058365823463,-0.12187510391585565,0.1376888754123917,-0.15307591512431018,-0.25728328233828623,0.026688812791596486,0.08221972286043035,0.214329209741319,0.2509526943331336,-0.20234148534605506,-0.33496324897687285,0.20320775950102246,0.2055589251354466,-0.7147956306785528,-0.5021177523785374,0.040257158162568356,-0.4457399000982155,-0.3207912068021239,-0.3403483588017908,-0.49761610952399676,-0.14496642176206415,0.2033566144646163,-0.17610780754259142,1,21,train
2.585860815708761,1.3676484068167678,1.6867829092631552,2.1008929871714757,2.1981436601846833,1.9895096699856145,1.634146249738409,1.8423100537610044,1.5072492043182995,1.7048024797217185,3.3924752337589585,1.777822581223838,2.2338125769261574,2.574922961105684,1.0244224560064046,3.388447452419896,1.8151304565206459,1.6358412588614213,2.4134293835317644,1.771721339789594,2.0552347069997072,2.9374693022137675,1.8839831739692474,1.792585232633678,2.351843686738962,1.9508200051631652,2.626454386535649,1.6288465800053953,1.1511918187149617,2.736824251103821,1.4083816690559325,2.6426150731236713,1.763377532948546,1.4185657072458675,1.6864636309456331,3.624358810348338,2.780223336286421,2.322019867538321,3.988747970981233,0.6704424144626097,1.0927776198079504,1.4924761352625255,2.531140826683655,2.2763889232695873,1.9487505683061839,2.9405080215456336,2.4153768718769877,2.58045020528791,2.0635686145221652,1.823497256390616,1.5427766922931476,2.3074551848182203,2.7945930049449705,3.925359613417229,2.169710076280334,1,21,train
-0.24993212637854406,-0.6722203562000666,1.7554316268506007,2.043313218725056,1.8144586744542486,1.9182208846058868,1.9327548314529877,0.42422835958047433,1.6607174360629604,2.019017512174029,-1.1020452300722487,2.0793196747906104,-0.3128888429825268,2.4300839062793904,2.2697513553109814,-1.2688454333262429,2.0520977880486813,-0.11989248984198453,0.06687626809100708,0.19071211820174164,2.403973191838039,-0.6373219697793003,-1.0126715069084375,2.4912016560320227,0.22332327164799948,-1.058432868220211,2.1264413999402874,1.7848937126024718,1.8293853994618998,-0.0032830119799307157,2.036542293771528,0.3461070624265178,2.387263178281759,2.049245468734333,2.327426156461924,-1.2078892861074868,2.1835316446562287,2.2598546514722635,-1.0459367399280413,0.9656858166888392,2.2152108537743724,1.962651346141035,-1.06532181651971,2.457332249693175,2.310724789292457,0.1665121489426744,-0.02156243175565231,-0.8582685739322998,-1.1542138215146662,2.07099721831137,-0.9128183743346521,-1.1227016347256051,-1.2352487658981468,-1.0405567488217047,-1.1218040224869121,1,21,train
-0.14644524553690674,0.7143846500655088,-0.37049929399235426,-0.6863943224385426,-0.262391022499523,-0.6108336443415932,-0.7224054579052135,-0.060841814526886,-0.8531354304024009,-0.8143587328396612,-0.1803174005756145,-0.46384283201308224,0.226964914233139,-0.41990303407183194,-0.5031421985143962,-0.35965279826026353,-0.5745280553946033,-0.596273395084587,-0.5338678816894413,-0.3678842521807011,-0.4081945901561683,-0.5668468189378326,-0.14291215584595446,-0.4140578315804766,-0.4535284084646078,-0.24602587409143306,-0.5973736366271395,-0.4472587493296217,-0.44817020832210885,-0.5403021218577214,-0.5703242987981938,0.01462151081743581,-0.5769258971981086,-0.3614015638539838,-0.1919489948531293,-0.3982737601335574,-0.5188763790312325,-0.46585097603947145,-0.4398391368949572,-0.14904728530634823,-0.37462362643255587,-0.29200280462986383,0.2819684198187813,-0.6861746924115275,-0.46123569247084634,-0.4918141442683628,-0.5431129930003948,-0.295282526253811,-0.2241467352498983,-0.20770932764867595,-0.41316252744412846,-0.138191932533072,-0.38230679599576917,-0.26402374904022446,-0.4757829717587138,1,21,train
1.7466074527857267,-0.5190897121443951,0.8030668780977854,1.1860144440783633,-0.23887484595475442,-0.7568059191667498,-0.22730984406675633,0.9464273618293858,0.09577377714557288,-0.1478419973347605,-0.19787412113745514,0.417633403376795,-0.2923509283058438,-1.2777958972737244,-0.3692984383087642,-0.50499992019258,0.007897675108038113,0.32211041192950224,-0.14886058127766222,-0.1561419457180423,-0.539280687293981,0.7138567842847008,-0.32856254364584114,-0.3001864321719358,0.018486578982342006,-0.011736216608601932,-0.14530710080119602,-0.38393527523225734,0.0377795227642799,-0.4564747486085053,-0.1908105880325214,-0.6364041671175179,-0.6853003989696057,-0.22295966499066203,-0.2233430777355599,1.1654407986046607,-0.4734759242332831,-0.2578365992030496,-0.48822507999423703,0.2881400602978764,-0.18669329138771912,-0.33136631065690186,0.24047077393566552,-0.16787940146938632,-0.8374983695486831,-0.8846862869910785,0.7209069261735445,-0.18268531671811322,0.06923013088731036,-0.3783989565595408,0.01870081760697744,0.28634531999968693,0.7425876860493954,-1.352143657824932,-0.5298227554698178,1,21,train
0.07062479720408855,-0.4390122193813376,-0.06321455812474108,-0.284402235321872,-0.4245288713081905,-0.5814128757721818,-0.5737475059693843,0.3056556503542307,-0.20143582658528456,-0.576317041587911,-0.3880719272240622,-0.8159730252628243,-0.01655607407610155,-0.8410504396436701,-0.8086551294185564,-0.3874852258643241,-0.7686699655621504,-0.8909419962655781,-0.9354703243603487,-0.48283007568900155,-0.7965062363945945,-0.6883556996989838,0.017306671981345074,-0.8018361106473991,-0.7533618281636136,-0.0330352763797684,-0.8416722191189372,-0.7661376724627779,-0.8193076403056695,-0.8625135877843958,-0.7456858065312976,0.01760786713823835,-0.9166946054546942,-0.662457756620255,-0.5477486008540091,-0.5023671849016341,-0.549143348896532,-0.5662717096846407,-0.45766553698416557,-0.5086386085306023,-0.6758270401345545,-0.5238101179001987,0.1768410502482214,-0.8824521990405041,-0.8994150126121245,-0.9430862000985092,-0.8278021639855163,-0.3560850194030878,0.2003134115018079,-0.6685713257080111,0.1392208208770535,0.20300058330613918,-0.6888714460476382,-0.5074510216989957,0.0597021577422262,1,21,train
-0.07072313760400141,-0.3926515656764096,-0.29531260330134257,-0.17883932650343592,-0.056933901108387065,-0.04052336130377218,-0.057969046644203076,0.5787321928146706,0.27518030157947226,-0.0975131826129619,-0.4114808879731831,-0.7055008077727092,-0.20139730616624796,-0.8031694560737164,-0.7737393658866524,-0.551387299532681,-0.751539797017955,-1.0259984384735326,-0.6533529059551658,-0.16622491269245462,-0.7049933006568763,-0.6543332130858615,0.11394659987717652,-0.7095079489647985,-0.3733749200302201,-0.014778939433054285,-0.6887002095212694,-0.8204149359748045,-0.8753787631233297,-0.5926942301384815,-0.7613898221491874,0.02656693610064597,-0.7585264136800768,-0.658062775703959,-0.5085059972509709,-0.5278122442893861,-0.5880580244376314,-0.5088884333159726,-0.43474587972661194,-0.46132396073793724,-0.6732526519832553,-0.5609867624812902,0.1325768946395646,-0.8487170025886487,-0.7732003171366477,-0.5395958913562606,-0.6706537416017293,-0.4303991776966483,-0.0025535704015811206,-0.7453816587179003,-0.0566241844368201,-0.007965781449403611,-0.473781731898343,-0.21046974905529478,0.005662374031122168,1,21,train
0.30031519126723477,-0.530328658497105,0.06645524176265596,1.0271369348465758,0.5656259305768019,1.051439779830151,1.2217820178468481,-0.1243201336076023,1.2889352408505423,1.049167650102612,-0.08668155757913103,-0.6157421310619906,0.1829550970688184,0.44467470858358177,-0.5584254907732443,-0.11843842569173839,0.2106046695476829,-0.586451108378554,-0.610205536081432,-0.3618344719960537,0.7814735744341691,-0.501232023326811,-0.14036899984869572,1.1124344415718534,-0.5158700105802427,-0.49552914569652595,0.10127464601295492,-0.397504591110264,0.6492217668235273,-0.7131960791842297,0.5629821616261933,0.056430499308671375,0.6151936222883599,-0.40315388255879514,0.9016115588848689,-0.19240009781447248,0.07349145976105906,0.43554465691835675,-0.2335622215769748,0.4906467528504826,-0.48017354063582035,0.45809067132980474,-0.24643493775955924,0.06520013765252333,-0.494575423351161,-0.5342868083464942,-0.615993420772586,-0.07459199556384337,-0.48007123549725056,0.5753293449799167,-0.6542025339842805,-0.5002206325456702,-0.3748899093009659,-0.22264111268823336,-0.5126282788344666,1,21,train
0.18294592397123147,2.1052042612133506,-0.760598355838473,-0.48273254885953965,-0.5829536396097893,0.0647124647329686,0.3802487421057629,-0.6932295970668522,0.04605871615786582,0.2615897116182499,-0.3090666846957793,-0.042667502832018186,-1.1461413812936632,-0.384250343653052,-0.8202937172625244,-0.30398794305214233,-0.4146464823154468,-0.07078105631181933,-0.5770152515631751,-0.315452823913757,-0.56401391316904,-0.6664841011619766,-1.2212102986836528,-0.3555833291814962,-0.3911868063489729,0.9436787502694367,-0.3690572043918145,0.09325233314430975,0.027099308894249375,-0.03995748777646276,-0.025918424044677556,0.13108940732873486,-0.6120743842591347,-0.3833764684354634,-0.11084761407351701,-0.4445375044749248,-0.0691956838896389,-0.31521987557171766,-0.30741445051798083,0.2748919589159302,-0.5419588562669996,-0.3182451419812225,-0.5396849686669105,-0.5144318741111731,-0.5112452887913184,-0.5157050178123117,-0.1035529129993673,-0.2660072517745296,0.8276405401569031,-0.4061360212575564,0.06389581883325596,0.3332267343898076,-0.6072856924048021,-0.39547447627596094,-0.8614305191515926,1,21,train
1.4172162832775885,-0.5345432633793712,0.9142124208584115,1.2883784768719984,0.3019972145749227,0.4211563916316068,0.7538326387097163,0.9356480246269999,0.8414996919611788,0.7757597647220303,0.8789380733221047,0.417633403376795,-0.4859941238288544,0.09706097700047729,0.2620949522265002,0.6701470230899784,-0.04349283052454789,0.24107654660472969,0.4618406538582632,0.42665354540299,-0.09655594413042505,0.44167689137972216,-0.4328319395334488,0.0968246630632468,0.558780463984511,-0.3829484011917889,-0.16813874402472853,-0.09219498385511443,0.10186080598446302,-0.047816304018576776,0.07092300559897677,-0.4751409257941807,0.3837994158032715,0.22972336938781868,0.28157842195686517,1.042841876100037,-0.09946265375493847,0.00277911430465144,0.15861858038560903,0.318421434885182,0.3256099507208085,0.4318483339784461,-0.20770380160198454,-0.17401307355154183,0.055530136174030686,0.08687590379617799,0.6184188246189007,0.5491965452639223,-0.3427458939011103,0.3043595590839187,-0.43073836125434783,-0.27102260663841377,0.6165006122377396,0.30803034170788796,-0.5617553549354702,1,21,train
0.29148094534172914,-0.5654503658493233,1.0667651266082905,1.0879155793177964,0.6262729121922577,0.6576541082087984,0.8598322218291772,0.4386008091836554,0.2405959113271543,0.7866416706078246,-0.09253379776641124,0.173673923086124,-0.20139730616624796,0.06363657973287108,0.2620949522265002,-0.2576005637120414,-0.04349283052454789,-0.16900392337214973,-0.012780414752809274,-0.14000919855898258,-0.40077462239365064,-0.3821533201808828,-0.6617159792867339,-0.18015982198455502,0.16395031725215672,-0.6385371184457865,-0.15672292241296226,-0.042440825635756727,0.18997257041221483,-0.22856907758719902,0.13112173213422135,-0.05107832824022007,0.17290849343711487,-0.40315388255879514,-0.10038291977937348,-0.3728287007458054,0.06484375408525919,-0.32717472481519017,-0.05529822068489124,0.242717998416918,0.34620505593120154,0.22628335805946986,-0.3626283462322833,-0.026804943579809427,0.11506536988887828,0.00193057563991512,-0.07622275258479563,-0.2795189169188133,-0.47382917451560785,-0.33999379005459623,-0.20476335512295524,-0.5705427541308511,-0.2735257911386544,-0.2688922944933999,-0.6845730451879795,1,21,train
0.898519843937187,-0.5036361609094192,0.27784970544463095,0.42681453419223747,0.15471168779453007,0.5207343775588453,0.6142234316743289,0.3619477446333565,0.9819987773612205,0.49283021169137864,0.12107296906931668,-0.4339232731095094,-0.11924564745951623,-0.28620544500140715,-0.2616415007520601,0.12277594687678677,-0.2861702182339818,-0.3900053742578931,-0.2583885201879097,-0.02304678165579963,-0.017409621330236283,-0.2533539065740626,-0.08696272390626256,-0.001658709398193848,-0.09135338664996706,-0.23689770561807602,-0.30284543904357025,-0.27085764291553527,-0.21854561011645263,-0.32549447790660513,-0.18034124428726148,-0.41840015569893246,-0.30745416306357515,-0.20098476040918237,0.16123443757421463,-0.25485615267531847,-0.37402730896158454,-0.14785198616310236,-0.2539352502503558,0.0004670017184731857,-0.16352379802602693,-0.06675607569736862,0.0606476417754973,-0.37949108830375167,-0.2826299913263036,-0.15468737314819453,-0.26753387548679725,0.25869574466182205,-0.14299994248854273,-0.17357140186650297,-0.4759333624806264,-0.2918587908118007,-0.30072104235293307,0.09138006904158155,-0.2768183135496489,1,21,train
0.06936276207187347,2.2470959589163124,-0.8281574112419908,-1.0094808009434528,-1.3713644006107144,-1.5919031193292734,-1.6337433371639924,-0.8621058799042294,-1.6831607964580317,-1.6577064389887188,-0.3471062459131007,0.28414614057623916,-1.4102002842795867,0.7432659908408639,0.5414210604817323,-0.5019074282365732,0.930071748403887,0.06918652924915149,0.7738293283298773,0.6746945329735331,1.370124350260573,-0.396734385872221,-1.411946998478057,1.638704963162677,0.6953382590949493,-2.765400372737981,0.843303050777761,0.4528392039114859,0.9936586641320115,0.41061464343807386,0.9398785364555508,-0.009269339748984511,0.8875943970113123,0.5307795621540898,1.3306640249447534,-0.40290013456769413,0.6593735192965007,1.1408807622832355,-0.3252408506071892,0.7764272255181792,0.5521561080351323,0.7948673340055743,-2.0004021037525845,0.94538208144184,0.4032159010687406,0.6390205368118866,0.35422727394470804,-0.5002094476087809,-2.5305882679668903,0.8100275847323559,-3.092221766801861,-2.565607388732651,-0.4540033673788676,-0.42955429444818893,-1.8808173482474189,1,21,train
0.3937057910511514,-0.5401627365557261,0.314898219698173,0.25194264483644446,1.0668917990310793,0.2932892051568572,0.6361989550039732,1.5033597839526516,-1.1870909487763461,0.44114115873385573,-0.07205095711093049,-0.314245037495218,-0.609221611888952,-0.1458229764774611,-0.07251444828758,-0.010201207231502743,0.507527590980402,-0.13708149157754235,0.7505961291670975,-1.7371511673058946,-1.1848178826330207,-0.0273473883583214,-0.06661747592819277,-1.706652095136885,0.6062788275011851,-0.20951320019800485,-0.07452900680824529,-0.08314877326977667,-0.020961653520887972,1.0890924456739168,-0.08349981464360716,0.053444142987868835,0.029385504604591633,-0.8756143310606075,-1.227953729973338,-0.24097702937290824,-0.030281008348539456,-1.7115462672093082,-0.032378563427337644,0.365736082677847,-0.07599460088185636,0.13880890022160763,-0.45668967690067896,0.2737449884458109,-0.2992998567664609,0.17447577345732407,-0.11038545310301022,-0.7389155318244602,-0.04936902776390166,-0.8669980193168916,0.430477495446404,-0.04442910375283076,-0.20182921975555598,-0.19829838542235623,-0.10487354719613609,1,21,train
0.8657069304995947,0.9012321331793097,1.5255129060418546,1.4269964379467122,1.2327427283468155,1.0480450757644497,1.2657330645061369,0.5775344886810722,0.2524842954763886,1.186551711910765,0.6477745859245363,1.1287983034694113,0.4440800122437872,0.7477225771432113,1.2542845659247728,0.8031241771982679,0.9157966079503909,0.04954195583708541,0.5116260806356484,-0.17025809948221954,-0.30678836406842647,-0.1318450258129114,1.2075036786984272,-0.20170305971049518,0.45487779379178617,0.9558496415672462,0.6538004120224413,0.9232421543490497,0.8281153491465385,0.21676384279926159,0.7147876459324622,0.8776784875293699,1.022330264078579,-0.20977472224177424,-0.10299909335290935,0.4761110079182865,0.916642763151547,-0.1239422876761573,0.502413439248913,0.6515165553455436,1.0696081264462582,0.8123622255731467,1.1312869055598835,0.8932458687435181,0.8437766305586127,0.3602936787991491,0.2289640387112546,-0.13989837709454808,0.9556027902805793,-0.32932568824766717,0.21454582292085106,0.8489222926811343,0.4681628783416739,0.38836134168528247,1.059438156397651,1,21,train
-0.3269162694436645,-0.4811582682039995,0.9044054612030621,1.3118369010538729,0.9839663343732112,0.9518617939029125,1.1196604682561482,0.5236378026691433,0.9949679237058398,1.0478074118668876,-0.7128712576181143,0.4291409260320153,-0.19259534273338386,0.5538610729910953,0.5821561179356204,-0.8111566238372465,0.5903234056106795,-0.17391506672516624,0.1730851785494289,0.12013134938085536,0.39563525078324885,-0.8365965342275883,-0.34890779162391095,0.6169399738752303,0.2678529874448815,-0.45901647180309774,0.4026523365635839,0.3601155454117738,0.4916886122405771,0.01767383133237331,0.4818447476004289,0.36701155667213553,0.7557875705324644,0.33740040183706893,0.658307416546032,-0.8493452674618895,0.6507258136207008,0.5981306066295831,-0.6333829092920765,0.498217096497309,0.5289866146734401,0.6767768159244604,-0.38752693376215275,0.6080301169232866,0.4032159010687406,0.052366864232696195,0.14469604409965864,-0.7073883131544648,-0.4051665037175377,0.48785091016309845,-0.43073836125434783,-0.40385328074375554,-0.7655126085606054,-0.590216294402978,-0.5568426473253699,1,21,train
1.0234613220264808,2.6910343398483505,2.0561783896146477,2.043313218725056,2.147398226588077,1.97819398976661,1.670341229340176,0.9931378230397242,1.9773807593107466,1.7510505797363443,1.0047612373486294,2.4429573906955726,2.45972963836967,2.334267300778919,2.0864435967684853,0.8958989358784699,1.9150564396951186,0.7223685952003487,0.9165475517583815,1.1465773873760299,2.933264225564301,0.2861455240054486,4.577185375066234,2.4542703913589823,0.9832970879147865,3.989444297546241,2.5282783206744592,2.3751589532957613,1.1618720325849923,1.0550375752914227,1.4293203565464523,2.0154802457551377,1.5642027729360646,2.939229104284259,2.3012644207265653,0.7837649077883797,2.548897209458774,3.2162425909500656,1.0779514992719257,0.6780127581094361,2.0375780713347322,1.3393958340462668,4.907572680923416,2.3714608405429978,2.746522700085142,1.1805470038080623,0.7778447603705688,1.0919150952259855,4.235805836133839,2.4870531887816036,4.312225934103437,4.536926891370624,0.7500045727441986,1.1648943414667627,4.296912471453793,1,21,train
0.47952418004177744,-0.42917814132271653,-0.18525672272464422,-0.2833359433136049,-0.3205626171102663,-0.27815264590286426,-0.39665064148930956,0.9404388411613936,0.6912737468026727,-0.38996440329368365,-0.37344132675586167,-0.6893902760554007,-0.34809669671398324,-0.5224045190258243,-0.4158527896846362,-0.44005758911643855,-0.3546908924107631,-0.7534299823811156,-0.7263715318953308,0.13424750314503262,-0.9053324302448541,-0.23148230803705538,0.050367699945708465,-1.0080356717385406,-0.5544624309375404,0.16169898438518213,-0.5859578150153731,-0.2821654061472075,-0.4001092459069715,-0.5795962030682915,-0.4656308613455945,-0.03316019031540483,-0.4890546795455433,-0.6756426993691427,-0.7648910074574873,-0.5555704908942066,-0.5037428940985826,-0.5853994684741967,-0.37617342229064166,-0.11876591071904262,-0.3128383108013767,-0.2701341901703983,-0.019581140265193146,-0.5604344147273395,-0.7184279021189879,-0.5130504763074285,-0.7435341693739204,-0.23448003310453422,0.08795631383223858,-0.8115238899208604,-0.36545669281639,0.012870402723983331,-0.659203899268425,-0.48797683988629403,0.06952757296242694,1,21,train
-0.04295836469526945,-0.3828174876177885,0.02177909222162,-0.039155073420454926,0.045794659587180896,0.16542201868210762,0.014420912559331135,0.21223472793355388,-0.25871622294068614,-0.1383203296846905,-0.5109689711569467,-0.9034301974424989,0.04212368214299256,-0.8187675081319326,-1.0326979454149405,-0.5019074282365732,-0.840045667829631,-0.7386965523220661,-0.6599909628588172,-0.4525811747657646,-0.8533926559072302,-0.6689142787771997,0.03256560796489741,-0.9126299046665198,-0.42681057898647856,-0.15170146653341016,-0.8645038623424697,-0.7977994095114601,-0.8540183353832687,-0.5586393597559874,-0.7718591658944474,0.011635154496633271,-1.0250691072261913,-0.6910251325761785,-0.5608294687216885,-0.520872682638181,-0.7307451680883295,-0.6069181971124472,-0.47803856565754654,-0.57109394361692,-0.8045464476995112,-0.5456787323596644,0.005317447264676304,-0.9683236081906813,-0.9422803808868149,-0.5236686423269613,-0.536280452896752,-0.5339886104694903,-0.13051582052525726,-0.6621704646238536,0.011168317402597687,-0.3074859289418409,-0.7482065396060644,-0.5999533853093287,-0.09750448578098554,1,21,train
-0.6474731930262971,2.4985673835581945,1.783762843632721,1.8567121172783256,1.8441633185107984,1.8729581637298693,1.8241698926476864,1.0506276214524484,1.550479692133697,1.8326648738798015,-1.7106782095493913,2.0171790524524207,2.3687760162300737,2.1292643308709343,2.2988478249209012,-1.9089912682196366,2.0406776756858847,0.8942586125559269,1.4973775308278758,0.9106359601747815,2.0478147392371895,-1.0844746509803367,3.6794513080339053,2.1341994308593004,1.470155313960697,4.007700634492955,2.117308742650874,1.9793872401872337,1.7759843301117473,1.1414845539546767,1.8664154579110543,-1.433761304771796,2.0679977541441055,1.9086060794128636,1.9062222111226472,-1.6751531039552976,2.10786421999298,2.0733590032740925,-1.7309798290704768,0.971363574423959,2.1559999262944927,1.7046016955193415,3.933761257532967,2.307057283680365,2.3250132453840204,1.3796376166743034,1.0670889580914522,-1.3694599052243677,4.10160152502852,1.7189498586827114,3.142177569023115,4.010813240992603,-1.855794952696688,-1.5931366577571155,3.5993079908195407,1,21,train
-0.1767340887100689,0.6820726793014681,-0.7791226129652441,-0.5829639976366405,-0.7141491508595508,-0.6244124606043985,-0.628039975372035,-0.7962321525563163,0.02228194785939722,-0.6579313357313682,-0.247618162729337,-0.4500338048268178,-0.2747470014401156,-0.4800669491535231,-0.4449492592945562,-0.23904561197600097,-0.27189507778048566,-0.25494893204993885,-0.27166463399521246,-0.428382054027175,-0.8632859462572537,-0.4501982934071275,-0.4328319395334488,-0.9218627208347799,-0.2783781929968717,-0.5016145913454306,-0.4124373265165262,-0.45630495991495945,-0.44016004791958596,-0.4224198782260113,-0.531064259753469,0.02955329242144851,-0.5710678160212709,-0.7679372986113572,-0.6131529401924062,-0.3543232030092584,-0.3070075899741355,-0.47780582528294396,-0.2692150217553915,-0.28531347094922344,-0.37977240273515417,-0.3838509853596192,-0.11640898065912988,-0.5451002345219507,-0.45409146442506465,-0.15734191465307776,-0.18098836750732034,-0.3223058565423785,-0.3052935280112539,-0.8200583713664037,0.04631998502303654,-0.47417540232893646,-0.4836709141580807,-0.2834979308529262,-0.2940127901850002,1,21,train
-0.030338013373118568,-0.5415676048498148,-0.7017565979063769,-0.8463381236785972,-1.168382666224291,-1.425562620109909,-1.4204514930821506,-0.0009566078469649691,-0.5559258266715436,-1.4550309418658,-0.2944360842275787,-0.1692502520394418,0.08613349930731314,0.23967173867559707,0.17189589643574815,-0.41531765346838473,0.4875423943455075,-0.6601182586738017,-0.693181247377074,-0.38200040594487833,-0.09902926671793096,-0.4064550963331131,0.21821599576478415,-0.02935715790297403,-0.5099327151406584,0.5511675059150832,0.3067594350247474,-0.013040641233408989,0.3955666874103024,-0.6293687059350136,0.2698405367589154,0.1699120394991679,0.3076443605043816,-0.1570349512462231,0.03304193247095645,-0.3473836413580533,0.21185475057385708,0.11515469719329316,-0.39399982237985,0.29571040394470277,0.1582747208863648,0.2394045267351492,0.4368929644490801,0.3350817092673661,0.04362308943106117,-0.7094865476687864,-0.5157828325858232,-0.396620014835939,0.5592319179462654,-0.09462744849522797,0.1367099874755936,0.6379559279255916,-0.42680811616458886,-0.34678902174420667,0.40359169044925186,1,21,train
2.1643410815489212,-0.6286694390833161,1.7129348016774202,1.2510582565826522,1.734008596801093,1.6172237907803702,1.5565855791631937,2.0123840407319804,1.4899570091921406,1.4926053149487297,2.6082750486634088,1.1679238804971606,-0.9671681248254261,1.1621851032615282,1.9380516017578933,2.7885040129545904,1.7094944171647746,2.3283124716367505,2.8980075374983136,2.0137125471754898,1.7757492546115405,2.7187533168436953,-0.8600821470729142,1.940310291325839,2.5655863225639957,-0.8880403900508793,1.740586629462588,1.7713243967244652,1.4796083952184003,2.4827225259421346,1.479049739336437,-1.2247163623156183,1.244937348798411,1.818508970628797,1.6498372009161308,1.6049463698476512,1.266874843021442,1.9562014806880617,2.595742135438808,0.9694709885122524,1.741523433935332,1.0091797557083368,-0.9159302913404933,1.758093632327446,1.922555065471651,2.7307992426598595,1.5339791985070514,2.184108027722254,-0.8608369553774576,1.1172689167719128,-0.8500475392981541,-0.859644809536595,2.488028354893101,2.6668406137713814,-0.6010570158162732,1,21,train
0.21828290767325395,-0.5247091853207501,0.43258173556236523,0.6592661919944501,0.7302391663901819,1.0084401949979342,1.031758374937571,0.11522069311208183,0.18115399058098283,0.864175250044109,0.02743712607283321,-0.35106910999192303,-0.11044368402665211,-0.07006100933755371,-0.18890032672726007,-0.1679182969878461,0.14779405155230002,-0.43911680778805834,-0.23515532102512995,-0.3557846918114063,-0.5467006550564987,-0.3870136754113289,-0.28787204768970165,-0.40790262080163653,-0.11213392068851202,-0.5655117706589301,0.04419553795412369,-0.19170330029382984,0.3421656180601498,-0.2809611858679591,0.2384325055231356,-0.00031027078657689007,0.06453399166561774,-0.348216621105096,-0.24165629275031106,-0.1738946000779255,-0.08649109524123866,-0.43476836800644286,-0.279401536092082,0.1745849055954804,-0.16609818617732605,0.009784074910760833,-0.41519203101756325,0.06213330161144557,-0.2278575763086438,-0.32192348795583703,-0.24475874180798754,-0.2592514192023877,-0.373956198809324,-0.48294635426744553,-0.003896683006161822,-0.5471020469357908,-0.34275006695681837,-0.13744156725766343,-0.3136636206254017,1,21,train
0.9250225817137039,-0.5345432633793712,0.36938132889455827,0.35324038562181237,-0.10025317369085548,-0.3268100708445831,-0.20404164289419177,1.2614235489657706,0.8328535943980994,-0.12879866203462048,-0.14227783935829308,-0.3303555692125264,-0.5857497094013143,-0.46446889709530687,-0.5380579620463003,-0.36583778217227697,-0.4489068194038375,-0.18619292510770755,-0.5239107963339642,0.5516823358857028,-0.8311327526196771,0.35905085246213936,-0.21920683576371613,-0.6448782357869781,-0.1744755228041469,-0.11823151546443428,-0.37362353303652096,-0.43368943345161504,-0.1651445407663,-0.49052961899099934,-0.21174927552304126,-0.24817784541318771,-0.39532538071614043,-0.10869016116696788,-0.39077818644185625,-0.1669550384267204,-0.41510391092163396,-0.46346000619077693,-0.30741445051798083,-0.03359954469224562,-0.33600780416306886,-0.04051373834600995,0.1602419918949751,-0.46842933349500665,-0.6707997151471099,-0.5422504328611438,-0.012452378284128424,0.36003323324395003,-0.052490058254723033,-0.29945500318826584,-0.4658900288747867,0.137887507764305,-0.19935692419062154,-0.3906059308227855,-0.19084593037289252,1,21,train
-0.4228309394920112,2.03917545139118,0.6864730244175209,0.6933875362589951,0.07673699714608691,-0.07107569789508403,-0.0036765772415524173,0.3272143247590023,0.3216530759810245,-0.0022965061122617986,-0.2505442828229771,0.019473119506171588,0.8753762204541288,-0.36865229159483576,-0.15398456319535606,-0.29471046718412214,-0.014942549617555666,-0.21320421354929842,-0.1355844674703595,-0.18840744003616172,-0.5120741388314161,-0.6859255220837608,1.3092299185887761,-0.2386343243835354,-0.07651014805100638,0.37164685927239444,-0.16585557970237527,-0.1351644841354688,-0.18383491503885344,-0.2992984237662251,-0.07303047089834723,-0.8275309716488805,-0.20200870188049685,-0.2581195123210295,-0.09253439905876584,-0.6226529201891893,-0.22053053321613675,-0.21958108162393747,-0.48822507999423703,0.2502883420637444,-0.11975919945394164,-0.04488746123790306,0.4783906103321959,-0.21694877812663046,-0.2778671726291158,-0.37766885955838453,-0.04206005206658106,-0.5384924988509182,0.4499958507675174,-0.19277398511897528,0.4254558286434842,0.10663323150422457,-0.8248477021190317,-0.28836647630610157,1.0987398172784537,1,21,train
-0.405162447641,-0.4657047169690235,0.3497674095838596,-0.08820450580073833,0.576765172098008,0.44491932009151597,0.26261505840001986,0.5727436721466785,-0.5008069547069118,0.15957184393892834,-0.40562864778590285,-0.7078023123037532,-0.2630110501962968,-0.5714269683516467,-0.5060518454753883,-0.585404711048755,-0.25476490923629036,-0.5913622517315704,-0.5172727394303129,-0.6562571076488936,-0.9102790754198659,-0.7661213833861206,-0.25735417572259695,-0.8756986399934796,-0.3318138519531302,-0.1669150806556719,-0.21608519479414676,-0.3997661437565984,-0.30665737454420444,-0.3019180291802631,-0.2693306661219709,0.23859823487762633,-0.5915711001402028,-0.6932226230343265,-0.6628602380895879,-0.45841662777733505,-0.5123905997743826,-0.7814589960671461,-0.6919553667280468,-0.14147694165952182,-0.42868577760983767,-0.31605828053527596,-0.2602674863872645,-0.4469614812074623,-0.23738321370301943,-0.22635999378004132,-0.5932182870937762,-0.26150336339310165,-0.12427375954361453,-0.48721359499021716,0.1392208208770535,-0.22414119224829315,-0.6938160371775071,-0.5561364762307499,-0.13926250046683866,1,21,train
-0.32565423431144935,-0.478348531615822,-0.14602888410324677,-0.04981799350312523,0.03218003106126225,-0.04052336130377218,0.015713590402251388,0.040963036828979754,-0.4489303693284349,-0.08391080025571902,-0.5636391328424687,-0.8988271883804106,-0.07230184248424094,-0.7964845766201951,-0.9483181835461725,-0.5111849041045934,-0.6801640947504745,-0.7313298372925413,-0.6467148490515144,-0.3578012852062888,-0.784139623457065,-0.6276012593184083,0.09868766389362418,-0.8972418777194198,-0.6078980898937989,-0.08780428721991074,-0.6887002095212694,-0.8498151203771522,-0.8566883888507763,-0.6424667330052035,-0.7613898221491874,0.059416855629473915,-0.9284107678083696,-0.6382853615806273,-0.6497793702219085,-0.40983969621889926,-0.68534471329038,-0.5662717096846407,-0.6282896521237312,-0.4934979212369494,-0.7788025661865199,-0.650648081765099,-0.030647179167357347,-0.8180486421778711,-0.7946330012739928,-0.6218866780076403,-0.5203378593215852,-0.2997864146352389,-0.04936902776390166,-0.6664377053466253,0.22207832312523082,-0.187677869944866,-0.4465864806840643,-0.3857373853696101,-0.09259177817088517,1,21,train
-0.9099765005270356,-0.5022312926153304,-0.794377883540232,-0.6767976943641393,-0.8342054205881061,-0.8473313609187848,-0.929233912772454,-0.6393329110549232,-0.3397733875945564,-0.946301841704917,0.20593045178487984,-0.3717826507713196,0.25337080453173133,-0.27729227239671217,-0.2500029129080921,0.2310131653370224,-0.27189507778048566,-0.2868713638445462,0.05360015428370436,-0.16622491269245462,-0.5021808484813925,-0.003045612206091165,0.4140390075537058,-0.43560106930641673,-0.0022939550562029536,0.46597126683041734,-0.22521785208355977,-0.146472247367141,-0.17849480810383817,-0.1447417043379829,-0.20913193958672627,0.3879160509177534,-0.09363420010899971,-0.348216621105096,-0.3279900206769951,0.013473564504612456,-0.131891550039188,-0.19088944343960343,-0.01455216333812929,0.030748376305778785,-0.12233358760524078,-0.06894293714331517,0.431359944997998,-0.43776097308422907,-0.3326395876467756,-0.08301475251634774,-0.06939021248115272,-0.24573975405810397,0.4656010032216243,-0.421071363787257,0.13168832067267375,0.37489910273658145,0.07754017908203434,0.0426946145098273,0.29305576922199367,1,21,train
1.737773206860221,1.0993185626458206,1.8153630469666246,1.4707144102856604,1.415921366695539,1.289069064429243,1.3381230237096708,0.8374362856719295,0.56806685652879,1.2926502942972593,1.8211487434742197,1.4717224785949772,0.8548383057774458,1.1933812073779606,1.7256473736054772,1.820554030724483,1.2812402035598913,0.5922232963454108,0.78710544213718,0.03341783340090938,0.17550954049522385,0.5486047064495352,1.6372970422351512,0.19223043013526744,0.7903349861282977,1.3483608859215996,1.080752140302499,1.3438909465672557,1.1672121395200075,0.5232576762417079,1.1152400441886545,1.5346768781059288,1.3298795258625573,0.3835477014581762,0.25280051264797043,1.5124188811649164,1.2474175052508922,0.41163495843141173,1.620383387700694,0.867271349280096,1.527849217377504,1.1032147978840388,1.4605015628992686,1.3042018982479378,1.5653436631825655,0.7478567385120984,0.5523709369503526,0.5109134940217851,1.3956680894863922,0.12513544872751056,0.5032916640887416,1.2343916998887927,1.9639016951270025,1.6249718867918403,1.2805099988521673,1,21,train
-0.05557871601742034,-0.38703209250005466,0.07844152578586072,-0.060480913585795534,-0.27105487701601666,-0.02807611306286736,-0.1303590058477373,-0.07760967239726389,0.11306597227173185,-0.22537557677104486,-0.4231853683477435,-0.838988070573265,0.056793621197766084,-1.061651461609871,-0.8872155973653405,-0.4833524765005328,-0.8857261172808185,-0.8172748459703304,-0.6135245645332577,-0.4122493068681153,-0.9399589464699366,-0.5765675293987247,0.030022451967638687,-1.1157518603682413,-0.42681057898647856,0.009562843162564534,-0.8439553834412904,-0.6937679877800758,-1.0489322385113258,-0.7210548954263437,-1.1670768922780097,0.10421220044151201,-1.1305145684092697,-0.72178999899025,-0.8486085618106355,-0.44222431725785644,-0.761012137953629,-0.6499556543889483,-0.5900902233611419,-0.6997897856129688,-0.722166026857939,-0.6943853106840301,0.16854152107159825,-1.060328689423014,-0.9494246089325965,-0.568795847909976,-0.6957063886484199,-0.39887195902665296,-0.008795631383223859,-0.9224721487129226,-0.07671085164849945,0.06235634013577732,-0.5998688057099988,-0.4660683853470046,0.06707121915737675,1,21,train
-0.19818868595772543,-0.5078507657916853,-0.7289981525045696,-0.562704449479567,-0.6114205901639828,-0.6787277256556195,-0.5892596400844274,-0.4548864744807664,-0.27708918026223006,-0.6361675239597796,-0.2154308416992958,-0.3878931824886281,0.24750282890982192,-0.5045781738164343,-0.39257561399670016,-0.36583778217227697,-0.6459037576620839,-0.5127839580833061,-0.5405059385930927,-0.37191743897046603,-0.7173599135944058,-0.5765675293987247,0.256363335723665,-0.6971975274071185,-0.44165381758543926,0.35947596797458503,-0.5882409793377265,-0.4585665125612939,-0.664444539190227,-0.5743569922402155,-0.6776350721871081,0.23262552223602123,-0.5271322071949883,-0.4536961630961983,-0.6314661552071573,-0.4375979428237197,-0.42807546943533376,-0.501715523769889,-0.2895880504287725,-0.3231651891833554,-0.30254075819618015,-0.2635736058325586,0.1436429335417288,-0.7873802817670935,-0.3493094530869329,-0.382977942568151,-0.29941906263713086,-0.3313136333052343,0.30330741769891306,-0.5981618537822794,-0.01896168341492133,0.2420684286312397,-0.5108661653723594,-0.39304020354937325,0.12848006428363135,1,21,train
-0.6260185957786406,-0.5809039170842992,-0.9251373456115567,-0.6373448900582591,-0.8985654827106306,-0.8665680172910922,-0.8607219870976806,-0.8884553708433947,-0.8952851560224134,-0.8687682622686327,-0.022306915519048637,-0.25440591968807225,0.48808982940810774,-0.16587761483802482,0.07296789976202009,-0.1277159015597586,-0.0691880833408409,-0.09042562972388542,0.010452784409970498,0.1564300304887397,-0.13860242811802534,-0.16586751242603376,0.5106789354495372,0.0044965013806461925,0.07192223793860048,0.2925360658366333,-0.2412000023400325,-0.06505635209910114,-0.06101245553350243,-0.09758880688529883,-0.13061186149727683,0.5880019244115235,-0.18150541776156495,0.13523127968745619,-0.04805944830865586,-0.06517480087571213,-0.17729200483713736,0.019515903245512972,-0.06803136360575436,0.08752595365697678,0.055299194834399455,-0.04707432268384962,0.3926288088404233,-0.324288039564352,-0.03496341907253764,0.09483952831082763,-0.02156243175565231,-0.009285614033138661,0.3688490580061618,-0.005015393317023906,0.4028583280303449,0.38271267180160157,-0.058436076989359174,-0.0157279309282778,0.3544646143482482,1,21,train
-0.05557871601742034,-0.416534326675918,0.22772524498395647,0.16557299216681498,0.20421942788877967,0.03755483220735807,0.17342028723852232,-0.15905355348195652,0.18115399058098283,0.09700088509561115,-0.34418012581946056,-0.8458925841663971,0.08906748711826784,-0.7853431108643264,-0.7533718371597083,-0.6039596627847954,-0.8200604711947364,-0.8541084211179543,-0.9487464381676515,-0.5070291964275911,-0.6703667844317936,-0.6689142787771997,-0.183602651802094,-0.8264569537627593,-0.6850829306083945,-0.11823151546443428,-0.6658685662977369,-0.7548299092311057,-0.8486782284482534,-0.6424667330052035,-0.824205884620747,-0.12573723626028357,-0.8932622807473435,-0.6031255142502598,-0.529435385839258,-0.4746089382968136,-0.68750663970933,-0.5853994684741967,-0.6104632520345229,-0.5786642872637464,-0.5625539614773927,-0.5609867624812902,-0.09427690285480149,-0.8916527071637373,-0.6803253525414854,-0.7068320061639032,-0.6228259608762289,-0.5542561081859159,0.047382917451560785,-0.6258989184802949,0.03376581801573695,-0.11214670231633833,-0.6468424214437529,-0.3492232944707944,-0.13680614666178847,1,21,train
-0.32944033970809466,-0.4235586681463616,-0.12096665387290952,0.1079932237203953,0.2500140874759606,0.36570955855848525,0.3841267756345237,0.3344005495605928,0.02876652103170684,0.29831614398280565,-0.6221615347152709,-0.6985962941795769,-0.0018861350213280233,-0.6962113848173765,-0.8610287747164125,-0.7523992766731186,-0.7800900779249472,-0.8197304176468386,-0.4807634264602304,-0.4767802955043542,-0.6728401070192995,-0.6373219697793003,0.02747929597037996,-0.7587496351955189,-0.32290790879375375,-0.13040240676224368,-0.6590190733306772,-0.7073373036580825,-0.482880903399708,-0.5612589651700255,-0.682869744059738,0.10122584412070948,-0.7380231295611449,-0.5789531192106323,-0.6314661552071573,-0.5879551119331637,-0.6421061849113807,-0.7192937800010889,-0.6919553667280468,-0.30045415824287625,-0.6964221453449476,-0.49975464199478664,-0.061078786148308896,-0.7965807898903268,-0.913703468703688,-0.41483244062674957,-0.5863857469901333,-0.6308222106701904,-0.0556110887455444,-0.6963083904060267,-0.04658085083098043,-0.14079645555474538,-0.59492421458013,-0.7167984761855389,-0.05083376348503205,1,21,train
-0.08712959432279757,-0.40529538032320817,0.10459341820012567,-0.14791685826369202,0.0581715946107433,-0.17178525184422305,-0.1329443615335778,0.24577044367430967,-0.1582053387698871,-0.16280461792772766,-0.4495204491905045,-1.0323144511809665,0.08906748711826784,-0.9702914424117474,-0.9221313608972445,-0.4802599845445261,-0.9542467914575998,-1.0726543003271893,-0.7861140440281931,-0.5876929322228898,-0.9350123012949249,-0.6810651668533148,-0.0691606319254515,-0.9095522992770999,-0.7652364190427822,-0.10301790134217251,-0.8873355055660022,-0.8475535677308178,-1.0355819711737875,-0.6843804196298117,-1.0283580876533156,0.1938028900655882,-1.0426433507567043,-0.7943071841091328,-0.7989012639134537,-0.6157133585379843,-0.7956029606568286,-0.728857659395867,-0.643569423628767,-0.7262859883768612,-0.763356237278725,-0.6462743588732058,-0.061078786148308896,-1.035794001094392,-1.0184854800418197,-0.6935592986394871,-0.8095820570424686,-0.40787973578950876,-0.09306345463540083,-0.7496488994406719,0.01870081760697744,-0.005361258427730243,-0.7061775150021792,-0.5293594762382852,0.15304360233413317,1,21,train
-0.1880924049000047,-0.5190897121443951,-0.7377154499759913,-0.4112909843056486,-0.7190999248689757,-0.7624637592762519,-0.6836251226176059,-0.8704898088394184,0.03417033200863152,-0.7721913475322083,-0.13349947907737275,-0.44312929123368566,0.42060810975614954,-0.4377293792812219,-0.31983443997190014,-0.35037532239224334,-0.34327078004796624,-0.21565978522580667,-0.08911806914479994,-0.4263654606322926,-0.8657592688447597,-0.4186059844092282,0.20041390378397309,-0.7495168190272588,-0.03494907997391646,0.3564332451501327,-0.3759066973588742,-0.35227353818357515,-0.5229317054123225,-0.3962238240856312,-0.4787175410271694,0.08330770619589424,-0.6413647901433231,-0.6470753234132192,-0.43263696361843035,-0.308059458667891,-0.4734759242332831,-0.6427827448428648,-0.24120210732949265,-0.22285813586290562,-0.25105299517019747,-0.2504524371568793,0.3179330462508149,-0.45309515328961786,-0.32073254090380604,-0.17857824669214348,-0.18782090761096326,-0.4168875125523646,0.4219065763501251,-0.5853601316139645,-0.1696116875025164,0.25248652071793315,-0.5158107565022283,-0.37843456718984697,0.13339277189373172,1,21,train
-0.7648424603223004,2.1571843880946338,0.7224318764871351,1.1956110721527666,0.2722925705183729,0.5071555612960401,0.7085889142075075,0.4086582058436949,0.6977583199749823,0.7186297588216103,-0.8679556225810401,0.314065699479812,0.9340559766732228,0.2998356537572882,0.3290168323293162,-0.9936136492416437,0.1592141639150969,-0.26477121875597187,-0.04597069927106609,-0.09967733066133329,-0.03472287944277758,-0.6980764101598759,1.2965141386024825,0.1583767708516472,0.018486578982342006,1.5796078205799782,-0.017449898749414047,-0.010779088587074548,0.4249372755528863,-0.220710261345085,0.4425847085557042,-1.5233519943958724,0.541967607577889,0.007776833114874248,0.2737299012362575,-1.2240815966269654,0.11456806172110848,-0.028303493728377118,-0.6384761664604217,0.5209281274377882,0.3410562796286033,0.6177315568839034,0.771640641239547,0.13880420263838952,0.10792114184309656,-0.08301475251634774,-0.05344761890598592,-0.7974660807830231,1.673439803169494,0.2659543925789741,1.2891825187456958,1.130210779021858,-1.0918556231319498,-0.7362726579982407,1.9363564648005664,1,21,train
-0.32186812891480415,-0.5387578682616374,0.433671397746293,0.49292463870479336,0.5544866890555957,0.5580761222815598,0.6051746867738871,0.3631454487669549,0.7582810029165388,0.5159542616986915,-0.5929003337788699,-0.41320973233011277,-0.019490061887056254,-0.2973469107572759,-0.45949749409951623,-0.6689019938609367,-0.09202830806643467,-0.4292945210820253,-0.026056528560112,-0.1843742532463968,-0.2053821379806846,-0.5255337994790412,-0.08187641191174512,-0.06321081718659426,-0.04385502313329288,-0.2247268143202666,-0.28914645310945075,-0.243719011159522,-0.10640336448113215,-0.32549447790660513,-0.19604525990515137,0.3998614762009635,-0.43340290836558537,-0.350414111563244,-0.021897712573297052,-0.5254990570723178,-0.26376906159513613,0.019515903245512972,-0.5340643945093442,0.011822517188712786,-0.37977240273515417,-0.1914071781163223,-0.18280521407211509,-0.1832135816747751,-0.42075173354475,-0.21308728625562526,-0.21059604128977297,-0.5880352710466252,-0.12427375954361453,-0.34212741041598205,-0.49099836288938586,-0.23976833037833334,-0.6171748746645398,-0.5756106580434517,-0.2252348836435951,1,21,train
0.9338568276392095,-0.478348531615822,1.4296226338562166,1.4867087904096659,1.1560057312007286,0.710837805238119,0.9929780396499632,1.177584259613881,0.7010006065611372,0.9158643030016319,0.6331439854563357,1.0183260859792962,-0.37450258701257555,0.3510863962342844,0.9720488107085486,0.6144821678818573,0.7302197820549414,0.9163587576445011,0.9630139500839411,0.42665354540299,0.00732360454482271,0.3857828062295926,-0.4913245274703994,0.21685127325062759,0.8883003608814382,-0.48335825439871655,0.36612170740593186,0.9051497331783741,0.37687631313774894,0.9423945424877885,0.28816188831312023,-0.2392187764507801,0.6737744340567368,0.3813502110000282,0.3155886784128316,0.6195286153765254,0.9555574386926464,0.44749950616182926,0.5889988111107821,0.5303910569963212,0.8301900283754388,0.5696206050730791,-0.3238972100747086,0.6632331656626862,0.4960908656639028,0.5116025445774923,0.9554908030652847,0.1956413073218313,-0.3958034122450736,0.2744888740245173,-0.395586693633909,-0.28664974476845395,0.5274979719001002,0.256910614449546,-0.6403586766970761,1,21,train
-0.4354512908141621,-0.4952069511448868,-0.015269422031922011,-0.023160693296449465,0.12624473724033652,0.5162081054712436,0.26002970271417936,-0.20696171882589334,0.008232039319393052,0.18133565571051694,-0.48756001040782593,-0.8781136476010141,0.2298989020440937,-0.7942562834690214,-0.8057454824575644,-0.492629952368553,-0.762959909380752,-0.6453848286147522,-0.839218499257404,-0.3497349116267589,-0.6975733328943585,-0.6762048116228687,-0.1352826878541783,-0.5648604956620575,-0.4535284084646078,-0.12735968393779132,-0.720664510034215,-0.6010443292803637,-0.6831349134627803,-0.7917842416053698,-0.7116604393592028,0.21172102799040346,-0.7702425760337521,-0.45589365355434625,-0.3567679299858898,-0.39596057291648906,-0.6658873755198303,-0.5543168604411681,-0.4372925083107846,-0.37615759471114024,-0.549682020720897,-0.4625779974136952,0.08001320985428464,-0.7904471178081713,-0.8136842760627441,-0.6617048005808885,-0.5613330999434426,-0.4394069544595042,-0.12739479003443588,-0.5768256501684212,0.04380915162157662,-0.16163263972813233,-0.5973965101450643,-0.7484440216311793,-0.13926250046683866,1,21,train
-0.14770728066912184,-0.34067143879512657,-0.6080456500885942,-0.16817640642076562,-0.4319550323223279,-0.12539096294630508,-0.18465147525038797,0.014613545889814498,-0.033917686300619455,-0.2743441532571192,-0.32662340525761996,-0.9471587835323361,0.07439754806349431,-0.8098543355272376,-0.9686857122731165,-0.5668497593127146,-0.9085663420064123,-0.8148192742938221,-0.6566719344069915,-0.3779672191551134,-0.9498522368199602,-0.6786349892380917,0.17498234381138586,-0.8695434292146396,-0.5722743172562933,-0.07867611874655368,-0.8941849985330619,-0.6485369348533869,-0.8032873195006237,-0.6870000250438496,-0.8844046111559916,0.2296391659152187,-1.033856228991448,-0.7261849799065458,-0.6550117173689802,-0.5301254315064545,-0.6766970076145802,-0.6977750513628383,-0.6282896521237312,-0.5067460226188957,-0.7273148031605372,-0.5478655938056108,0.1270438751884825,-0.9069868873691261,-0.8827451471719673,-0.6617048005808885,-0.7184815223272297,-0.5677677733301996,0.013051582052525726,-0.7240454551040422,-0.18969835471419574,-0.07568338001291118,-0.5677289633658512,-0.36139465810373295,-0.0753973015355339,1,21,train
0.7029043984438482,-0.4530609023222249,0.5099477506212324,0.47906284259732196,0.7599438104467316,0.6497331320554953,0.7486619273380353,0.406262797576498,0.8641956980642624,0.589407126427803,0.2264132924403606,-0.27281795593642477,0.04799165776490197,-0.2706073929431909,-0.03759868475567598,0.3237879240172244,0.11067868637321011,-0.2819602204915297,0.10338558106108958,-0.039179528814859345,-0.14354907329303715,-0.2144710647304942,-0.2726131117061493,0.11836790078918695,-0.04385502313329288,-0.3829484011917889,0.014514401763531446,-0.17587243176948875,-0.1277637922211932,-0.199753418032781,-0.07303047089834723,-0.2541505580547928,-0.17564733658472728,-0.18340483674399866,0.12984035469178404,-0.18546053616326738,-0.08865302166018862,0.10559081779851513,0.026193894008632666,0.1310554296262286,-0.039953166763668495,0.08195050262699717,-0.3238972100747086,-0.07894115627813132,-0.15641529585082672,-0.045851171447982744,-0.15821323382851063,0.18212964217754754,-0.32089868046536074,-0.25038173487639215,-0.5286608639112846,-0.2918587908118007,-0.2413859487945068,0.08894579631499383,-0.17610780754259142,1,21,train
-0.3609912180134719,-0.5008264243212417,-0.2168569260585477,-0.008232605180711035,-0.20545712139113592,0.09752793736808131,0.18117635429604384,0.19905998246397127,-0.1463169546206528,0.082038264502644,-0.569491373029749,-0.8620031158837056,-0.08990576934996918,-0.8744748369112763,-1.1083487664007325,-0.7462142927611051,-0.8971462296436153,-0.7632522690871486,-0.7794759871245417,-0.33763535125746413,-0.9028591076573481,-0.6227409040879622,-0.010668043988500875,-0.767982451363779,-0.6138353853333832,-0.1425732980600531,-0.6704348949424435,-0.8430304624381489,-0.9100894582009289,-0.6477059438332796,-0.8451445721112668,0.23859823487762633,-1.0836499189945683,-0.6976176039506223,-0.5660618158687603,-0.37976826239701045,-0.7134497567367297,-0.5232342524081396,-0.42455936538992145,-0.5389199831179078,-0.8431622699689982,-0.6615823889948318,0.10767830710969516,-0.971390444231759,-0.9398989715382209,-0.531632266841611,-0.47251007859608474,-0.46192639636664373,-0.018158722855687967,-0.7112437329357273,0.00614665059967785,-0.00015221238438350754,-0.6171748746645398,-0.5512679307775745,-0.08522271675573462,1,21,train
2.35995652704226,-0.6174304927306062,1.0929170190225552,-0.19589999863570842,0.19679326687464224,-1.0329085165104568,-0.7417956255490172,1.1416531356059283,-0.5364721071546147,-0.7463468210534469,-1.4326968006535812,-0.7285158530831498,-0.6943072584066384,0.11711561536104101,-1.1956381752304928,-1.8471414290995019,-0.2947353025060795,0.7125463084943156,-0.8956419829384406,-0.688522601967013,0.10130986287004688,1.435619536005939,-0.5065834634539518,0.21992887864004762,-0.5900862035750462,0.23168160934758625,-0.538011364245955,-0.10802585237945551,0.5237292538506686,0.20628542114310955,0.35882995859362476,-1.2695117071276565,0.31643148226963813,-0.8844042928931993,0.2763460748097934,-1.0274606831761541,-0.0410906404432893,-0.23153593086741,0.09240623719712084,0.5682427752304532,-0.8920756448436817,0.31594467734327863,-0.14684058764008143,-0.2598844827017191,-1.5185814432465394,-1.2908311372382104,-0.4292373246063463,-1.351444351698656,0.22528165542837886,-0.03488607837642526,0.24216499033691016,0.4947071617335564,1.4892209466595925,-2.1846649303179295,-0.043464702069881504,1,21,train
0.19304220502895217,-0.6258597024951386,-0.32364382008346293,-0.6703999423145371,-0.28590719904429157,-0.5225713386333589,-0.3811385073742665,1.7656569892107057,-1.9306553392011823,-0.49334250920872946,0.1269252092565969,0.0655032101270529,-0.8850164661186943,0.27309613594320326,0.2504563643825322,0.057833615800645374,0.3076756246314565,-1.2445443176827675,-0.9022800398420919,-3.0418870937948492,-0.20785546056819051,-0.2995272812633,0.20550021577849054,-0.5217740202101773,-0.717738055526108,0.45988582118151267,0.14008843949296018,0.08646767520530642,0.4062469012803329,-0.7760666091211418,0.3876206538930896,0.2087346716696009,0.2519925893244236,-0.17241738445325885,-0.35153558283881803,-0.3149990203190961,-0.01730944983483964,-0.3797760614864693,-0.04256507776402813,0.5966315639060522,0.22520881282014227,0.33125270746490454,0.3677302213105539,0.23694295595287782,0.15554932881497463,-1.0731587338377868,-1.6180993026402135,-0.6330741548609043,0.4437537897858747,0.3299630034205484,0.9150683419281682,0.3618764876282146,-0.23396906209970353,-0.02789929456121636,0.4060480442543021,1,21,train
-0.34963290182353607,-0.4867777413803544,0.3868159238374016,0.046148287240907526,0.2698171835136604,0.08281755308337561,0.06224999274738052,0.6446059201625838,-0.06958283874832234,-0.029501270826747538,-0.4787816501269056,-0.7124053213658413,-0.24834111114152324,-0.736320661538504,-0.6428052526420124,-0.5080924121485867,-0.8229154992854356,-0.46858366790615746,-0.5073156540748358,-0.4606475483452945,-0.709939945831888,-0.7952835147687969,-0.2395520837417859,-0.6725766842917583,-0.4772775902229449,-0.19734230890019544,-0.5539935145024277,-0.5806903554633537,-0.800617266033116,-0.3543101374610232,-0.7954151893212822,0.26547544176484916,-0.7878168195642652,-0.6690502279946988,-0.5634456422952244,-0.5694496141966168,-0.6161630678839811,-0.4252044886116649,-0.5340643945093442,-0.4934979212369494,-0.4827479287871195,-0.41009332271097787,-0.06937831532493205,-0.9652567721496035,-0.5660177038089781,-0.5926867214539249,-0.534002939528871,-0.34932918683094594,-0.12427375954361453,-0.6344333999258381,-0.212295855327335,-0.09131051814295138,-0.6839268549177694,-0.5025824762458203,-0.17610780754259142,1,21,train
-0.04548243495969963,-0.6553619366710018,0.7703770125799543,-0.0018348531311088516,0.920843965753043,0.44491932009151597,0.31561484995975025,2.0183725613999726,-1.087660826800932,0.21806208807507269,-0.2534704029166172,-0.3602751281160993,-1.0845276372636143,-0.31517325596666584,0.15443801466979615,-0.33182037065620296,0.13066388300810466,0.6143234414339852,0.266017975200548,-2.120303912333563,-1.2491242699081742,-0.8487474223037034,-0.46334981150055343,-1.1465279142624414,0.2678529874448815,-0.36164934142062244,0.21771602645297067,0.40534659833846265,0.2727442279049514,1.1205277106423728,0.17823377898789103,0.0952531314791044,-0.14635693070053887,-1.3370873272716801,-0.8878511654136736,-0.3196253947532328,-0.35456997119103484,-1.4533215235503019,-0.4194661082215762,0.498217096497309,0.18659299055065529,-0.01864512388654439,-0.4954208130582537,0.12040318639192298,0.14840510076919292,0.5036389200628426,-0.6660987148659674,-0.37410057292879945,-0.26159910113975476,-0.5085497986040753,0.5409541651106404,-0.36218091239698164,-0.6072856924048021,-0.3492232944707944,-0.08522271675573462,1,21,train
0.4467112666041851,-0.5640454975552345,1.3936637817866022,1.4408582340541836,1.0074825109179797,1.149886197735489,1.322610889594628,0.23858421887271916,0.4124371003933591,1.201514332503732,0.21763493215944027,1.0183260859792962,0.0685295724415849,0.9504972539000223,1.2513749189637808,0.1351459147008137,0.7444949225084375,-0.3924609459344014,-0.10239418295210267,-0.1682415060873371,-0.14354907329303715,-0.4404775829462354,-0.5828781433717134,-0.02935715790297403,0.01551793126254987,-0.5442127108877636,0.45744828030006185,0.622455652386569,0.7426736381862943,-0.23118868300123702,0.7226396537414073,-0.17650529371392676,1.1365628470269138,0.06051660411042539,0.19786086760371696,-0.0027187460148661345,0.7328790175407996,-0.047431252517933155,-0.006912277585611424,0.6079870793762918,1.0387154686306685,0.8867155147353297,-0.40412599211539907,0.7491045748128635,0.912837501667836,-0.26352357484840633,-0.18098836750732034,-0.11737893518740852,-0.5986703941484626,-0.049821420906125936,-0.1545466870937569,-0.4819889713939566,-0.132604943937392,0.062168796322528995,-0.6256205538667751,1,21,train
-0.2587663723040497,-0.4614901120867573,-0.7409844365277743,-0.5861628736614417,-0.7005345223336321,-0.6300703007139006,-0.6151131969428325,-0.44410713727838064,-0.24358555220529707,-0.6701734798528868,-0.2944360842275787,-0.3763856598334077,0.21229497517836546,-0.6093079519216004,-0.5002325515534043,-0.36583778217227697,-0.45747190367593515,-0.483317097965207,-0.4110638289718911,-0.2831873295956376,-0.5986404293941225,-0.5158130890181492,0.3682621996030488,-0.7187407651330586,-0.25759765895832676,0.22255344087422918,-0.4124373265165262,-0.47892048637830387,-0.5496322400873987,-0.3674081645312132,-0.6252883534608084,0.2057483153487984,-0.49784180131079986,-0.4844610295102698,-0.5582132951481527,-0.3589495774433951,-0.341598412677335,-0.46106903634208246,-0.38635993662733215,-0.325057775095062,-0.39521873164294896,-0.29637652752175697,0.35666418240838965,-0.5205655461933285,-0.4969568326997549,-0.33519619548025315,-0.27892144232620214,-0.4101316799802227,0.30330741769891306,-0.61309719631198,0.13168832067267375,0.314995073238094,-0.5182830520671627,-0.4587655671672415,0.1653253713593841,1,21,train
-0.07955738352950703,-0.4797533999099108,0.7060869437282196,0.17410332823295122,1.2129396323091157,0.8353102876471673,0.7512472830238758,0.9907424147725273,-0.16468991194219673,0.579885458777733,-0.3909980473177023,-0.5167774362270957,-0.430248355420715,-0.5469157436887355,0.1137029572159081,-0.6039596627847954,0.1963295290941868,0.017619524042478026,0.4618406538582632,-0.45459776816064706,-0.7915595912195827,-0.700506587775099,-0.2802425796979255,-0.7556720298060988,0.32128864640114,-0.4225037979096695,0.2017338761964979,0.10003699108331307,-0.01028143965085745,0.538975308725936,0.023810958745307097,-0.02420112135299721,-0.5681387754328521,-0.5789531192106323,-0.5058898236774351,-0.5231858698552494,-0.49509518842278283,-0.6403917749941703,-0.6664890808863205,0.14430353100817478,0.08104307634739079,-0.32261886487311564,-0.46498920607730215,0.08360115389898988,-0.0040050975408168965,0.347020971274733,-0.3586344102020361,-0.3718486287380855,-0.34586692439193173,-0.578959270529807,-0.04909168423244035,-0.5392884778707706,-0.8248477021190317,-0.5439651125978114,-0.2522547754991471,1,21,train
0.04664612969200187,0.8450374014157606,0.6330795774050633,0.6784594481432566,0.7450914884184567,1.1068866129032724,1.154562770014995,0.17630360392560127,0.8533880761104131,0.9852364530235705,-0.3617368463813012,-0.18075777469466214,0.30618258512891605,-0.06783271618637997,0.12825119202086813,-0.4740750006325126,0.27056025945236656,-0.5938178234080788,-0.1886889226995704,-0.1843742532463968,0.23734260518287134,-0.5449752204008255,0.5081357794522785,0.3030242241543882,-0.07651014805100638,0.9862768698117697,0.2382645053541499,-0.08767187856244554,0.45430786369547027,-0.24166710465738903,0.32218725548521504,0.04448507402546121,-0.07898899716690551,-0.06254286154586061,0.3051239841186881,-0.34969682857512163,-0.08216724240333871,0.1390643956802382,-0.3914531937956774,0.2502883420637444,0.07846868819609165,0.0906979484107834,0.8048387579460397,0.1265368584740785,0.11744677923747218,-0.2741417408679392,-0.4429024048136321,-0.3718486287380855,0.9056663024274373,-0.13729985572294418,0.8171458392712314,0.8280861085077474,-0.4811986185931463,-0.4806740217065309,0.4256988746947035,1,21,train
-0.22216735346981212,-0.6932933806113976,-0.23102253444960788,-0.9327077763482267,-0.288382586049004,-1.2094331279269253,-1.2666228297746402,0.881751338615071,-1.0660455828932334,-1.3407709300649602,-0.06619871692365027,-0.42932026404742124,-0.3216908064153909,0.2797810153967245,-0.27909938251801214,-0.07823603026365086,-0.3632559766828608,-0.6429292569382439,-1.443281677489678,-1.0817583139690936,0.15572295979517667,-0.608159838396624,0.12157606786895268,0.48460294213016936,-1.1600665657751363,0.6454919134731062,-0.410154162194173,-0.20527261617183648,0.4970287191755923,-0.43551790529620127,0.37191663827519966,0.3252025681809,0.4540963899253237,-0.4163388253076829,0.5562766471781326,-0.2062792211168827,-0.3891607938942343,-0.47063291573686045,-0.3354273649438797,0.3505953953841942,-0.22788350180850525,0.3859242436135684,0.09661226820753095,-0.5328328903576396,-0.3874120026644353,-1.3943582559286558,-1.1489315488567333,-0.19844892605311093,0.7589778693588329,0.26168715185620245,0.5585299989208599,0.6613966351206519,-0.36252843147629377,-0.12527020362472485,0.5976436410482163,1,21,train
2.421796248520799,-0.5949526000251866,1.0820203971832782,1.6317245035339822,1.3701267071083583,1.7677223376931284,1.5397807672052304,0.8518087352751105,2.0141266739538346,1.4912450767130054,2.874551977184659,1.0068185633240758,-0.34809669671398324,1.8083901171019148,1.1233504526801328,3.045180845303149,1.352615905827372,0.5210117177266713,0.9862471492467209,0.9247521139389587,2.720558483038794,0.9471538353461111,-0.5727055193826786,2.420416732075362,0.9862657356345788,-0.7328615260038094,1.4688900751025513,0.9956118390317518,1.4475677536083087,0.7511633472630143,1.4528763799732871,-1.2306890749572235,1.6667191935307242,1.3834058599155001,2.0527279312406566,2.495523448418974,1.3814569432257904,2.0016299078132573,2.279960191001403,1.0111078785697976,1.1236702776235399,1.3459564183841064,-0.5894821437266494,1.466744208425059,1.2224207169850434,1.0425108455541352,0.7368495197487113,3.3934020581356483,-0.770327071143638,1.9664498206034655,-1.0333383776047282,-0.9195488390350824,1.4966378333543957,3.2827116135980727,-0.7803708435849366,1,21,train
-0.9036663248659601,-0.48818260967444316,-0.9164200481401351,-0.5712347855457033,-0.7661322779585129,-0.5022031142391511,-0.4806747012791261,-0.5878316333101911,0.4437792040595223,-0.5355098945161824,-0.025233035612688744,-0.2037728200051028,0.20936098736741077,-0.34414106693192453,-0.4100334957626522,-0.1771957728558663,-0.4774571003108297,-0.23530435863787275,-0.4110638289718911,-0.5493776577201229,-0.6802600747818173,-0.1294148481976884,0.34283063963046156,-0.8356897699310194,-0.36150032915105157,0.12822903331620628,-0.4398352983847652,-0.2979962746715486,-0.24791619825903655,-0.24428671007142702,-0.4054321348103499,0.396875119880161,-0.3455316907130201,-0.9349465734306025,-0.5399000801334015,0.018099938938749196,-0.22701631247298665,-0.7981957850080076,0.036380408345323155,-0.10741039524880301,-0.3694748501299576,-0.1411093648595515,0.3289990851529791,-0.5757685949327283,-0.3064440848122426,-0.32192348795583703,-0.22426112149705882,-0.8222374668808766,0.3719700884969832,-0.8990023247376787,-0.20727418852441515,0.028497540854023538,-0.013934756820539476,-0.049807749100505776,0.21690880126543796,1,21,train
-0.031600048505333656,-0.4263684047345391,0.28874632728390803,0.08453479953852062,0.39234884024692823,0.315920565594866,0.309151460745149,0.20983931966635705,-0.0771481741160169,0.16909351158899835,-0.5021906108760265,-0.6893902760554007,-0.06643386686233153,-0.718494316329114,-0.6107991360711003,-0.5606647754007011,-0.583093139666701,-0.66257383035031,-0.6135245645332577,-0.42031568044764517,-0.8657592688447597,-0.7102272982359911,-0.26752679971163185,-1.072665384916361,-0.349625738271883,-0.08171884157100603,-0.6339042657847914,-0.6146136451583704,-0.6163835767750896,-0.5586393597559874,-0.5860283144160836,0.03552600506305359,-0.7380231295611449,-0.6360878711224793,-0.7648910074574873,-0.5416913675917964,-0.6312965528166309,-0.6595195337837263,-0.46021216556833816,-0.400761211563326,-0.5290869155105039,-0.43633566006233654,-0.22983587940631295,-0.7168430528223051,-0.6469856216611708,-0.5900321799490417,-0.609160880668943,-0.3605889077845157,-0.033763875309794814,-0.7773859641386874,0.038787484818656785,-0.1772597778581725,-0.659203899268425,-0.49771393079264487,-0.031182933044630587,1,21,train
-0.3319644099725248,-0.5176848438503064,1.2509180356920728,1.5720121510710283,1.3874544161413456,1.304911016735849,1.429903150557009,0.8506110311415122,1.1289824359335718,1.342979109019058,-0.7684675393972764,1.0045170587930319,-0.26007706238534206,1.2045226731338294,1.2106398615098928,-0.8915614146934215,1.2926603159226882,0.442433424078407,0.9729710354394182,0.40447101805928287,0.9397662200345467,-0.7758420938470126,-0.5218423994375041,1.1155120469612736,1.0040776219533316,-0.7085197434081906,1.0556373327566133,0.9390730228733908,1.0363795196121337,0.6070850494909241,1.0026945989271103,0.2057483153487984,1.4118926623382848,0.7944784171318455,1.0062585018263042,-0.9464991305787611,1.2474175052508922,1.100234274855429,-0.9848176539078983,0.7991382564586584,1.0927776198079504,1.1382045810191836,-0.6697109257673398,1.2796672099193156,1.0223823317031555,0.7929839440951131,0.597921204307972,-0.7299077550616044,-0.6454858515107832,0.8676353344897728,-0.6617350341886603,-0.6174241685209717,-0.9632962537553597,-0.7849581125299949,-0.7091365832384813,1,21,train
0.08324514852623945,-0.416534326675918,-0.5143347022708115,-0.41662244434698376,-0.36511958319509097,-0.5452026990713678,-0.6254546196861945,0.01581125002341292,-0.5040492412930666,-0.6402482386669525,-0.32662340525761996,-0.7239128440210617,0.024519755277264323,-0.7340923683873303,-0.7039078388228444,-0.5173698880166069,-0.7401196846551582,-0.8025414159112808,-0.6500338775033402,-0.41023271347323287,-0.5739072035190635,-0.6154503712422931,0.10886028788265907,-0.6110245765033578,-0.566337021816709,0.2529806691187527,-0.8279732331848176,-0.6937679877800758,-0.7178456085403795,-0.7367725279105717,-0.7430684705949826,0.04149871770465867,-0.7995329819179405,-0.4778685581358259,-0.49280895580975564,-0.5717628014136852,-0.6312965528166309,-0.3176108454204122,-0.5646239375194156,-0.4083315552101524,-0.5754259022338883,-0.5216232564542522,-0.055545766697226794,-1.0081924767246921,-0.6803253525414854,-0.5820685554343921,-0.5818307202543714,-0.49570555922735304,0.22216062493755748,-0.61309719631198,0.154285821285813,0.05193824804908385,-0.6839268549177694,-0.49771393079264487,0.025313204471523635,1,21,train
0.10217567550946578,-0.3771980144414336,0.0392136871644633,-0.006100021164176974,-0.2203094434194108,-0.11860155481490245,0.006664845501809613,0.19786227833037284,0.17034636862713345,-0.006377220819434659,-0.44659432909686436,-0.9701738288427767,0.006915828411536092,-0.9747480287140948,-1.0094207697270046,-0.5668497593127146,-0.91713142627851,-0.9793425766198756,-0.7927521009318445,-0.3174694173086395,-0.9622188497574897,-0.5644166413226096,-0.10476481588707362,-0.8787762453828997,-0.738518589564653,0.01869101163592159,-0.7960089326718721,-0.9538465421085365,-1.1236937356015393,-0.8756116148545858,-1.0335927595259455,-0.05705104088182515,-1.215456745473416,-0.662457756620255,-0.6811734531043391,-0.3913341984823523,-0.8561369003874276,-0.7981957850080076,-0.5035048514992727,-0.7471044334056338,-0.858608598876793,-0.7075064793597095,0.14087642381618776,-1.072596033587325,-0.9017964219607185,-0.7652319192713338,-0.693428875280539,-0.35383307521237384,0.09107734432305994,-0.7389807976337429,0.008657484001137769,0.04933372502741048,-0.8199031109891629,-0.49771393079264487,-0.06557188631533316,1,21,train
-1.098019735227084,-0.7846098197271649,-1.8077637145929988,-1.7388245345981017,-2.1139805020244586,-1.9313735258994051,-1.9814736769095407,-1.5543788691241165,-1.578326863505693,-2.121547677370701,1.2329986046525578,1.810043644658455,1.0250095988128187,1.7326281499620073,2.1417268890273333,1.2731829545112914,1.880796102606728,1.5400739634775993,2.2109686479703976,1.3018550787819796,1.713916189923893,0.733298205206485,1.118493218794372,1.8418269188643983,2.0282610852816187,1.229694695767958,1.7611351083637674,1.6084926061883853,1.5356795180360605,1.7518526154255318,1.4869017471453818,0.8179513611133191,1.8863972376621372,1.7042394668051029,1.6184431180337002,1.047468250534174,1.8095183741778842,1.9083820837141716,1.088138013608616,0.9316192702781204,1.9011354993158784,1.4749812436949532,1.2364142751304434,1.960504811038578,1.8915967439399302,1.8654187120679318,1.5931945460719568,0.968058164736718,1.2177693515095742,1.5162559243510594,0.8824275077091892,1.1380243480868781,0.9898172425428381,1.155157250560412,1.101196171083504,1,21,train
0.035287813502066064,0.6764532061251132,0.15798686521258326,0.4236156581674364,0.48393815942129004,0.5954178670042743,0.634906277161053,0.2649337098118844,0.3724488991641165,0.4656254469768929,-0.4934122505951061,-0.560506022316933,0.1301433164716337,-0.4978932943629131,-0.4711360819434842,-0.47716749258851937,-0.3604009485921616,-0.4661280962296492,-0.29489783315799223,-0.1783244730617494,-0.37356807393108576,-0.605729660781401,-0.04118591595560554,-0.27248798366715565,-0.3436884428322987,0.5055266635482979,-0.3622077114247547,-0.4970129075489794,-0.3253477488167578,-0.3752669807733272,-0.3792587754472001,0.16692568317836537,-0.4802675577802868,-0.4163388253076829,-0.1684034326913064,-0.520872682638181,-0.23782594456773648,-0.24349078011088252,-0.4067329653007131,-0.060095747456138014,-0.30254075819618015,-0.2788816359541845,0.376029750487177,-0.4285604649609958,-0.5826875692491355,-0.3856324840730342,-0.5180603459537042,-0.4394069544595042,0.4624799727308029,-0.3805325769209266,0.1618183214901928,0.4947071617335564,-0.4638925496386053,-0.4587655671672415,0.06461486535232658,0,21,train
1.1938360648755177,-0.41934406326409546,0.26259443486964307,-0.06474608161886365,0.5458228345391021,0.4573665683324208,0.319492883488511,0.391890347973317,-0.04796759484062362,0.20445970571782981,0.10936848869475625,-0.7768474482350752,-0.1632554646238368,-0.7875714040155002,-0.5118711393973723,0.1351459147008137,-0.3546908924107631,-0.44648352281758313,-0.14886058127766222,-0.4061995266834679,-0.6678934618442878,-0.14885626911947258,-0.0360996039610881,-0.6448782357869781,-0.1833814659635233,-0.24906859691588543,-0.3211107536223962,-0.4201201175736084,-0.26660657253159,-0.34383171580487115,-0.2745653379946008,-0.34672760399967156,-0.7204488860306318,-0.6338903806643313,-0.5058898236774351,-0.5440045548088648,-0.6312965528166309,-0.4945426142238055,0.12805903737553756,-0.09794746569027002,-0.3231358634065732,-0.5544261781434505,-0.1938712529742793,-0.502164529946862,-0.3445466343897451,-0.16796008067261062,-0.43151483797422724,-0.24348780986739002,-0.00567460089240249,-0.647235122094153,-0.08675418525433912,-0.3491582972886148,-0.2562197221841134,0.13032843266698493,-0.013988456409279301,0,21,train
0.8114394198143459,-0.3982710388527645,-0.30947821169240275,0.7019178723251314,-0.5062166424637023,-0.1910219082165305,0.027347690988533672,-0.24409054696744437,0.41567938697951395,0.054833499788158255,-0.07497707720457059,-0.9747768379048649,0.14187926771545253,-0.6494172286427279,-0.8348419520674845,-0.2637855476240548,-0.685874150931873,-0.6527515436442769,-0.703138332732551,-0.458630954950412,-0.7668263653445238,-0.7855628043079048,0.06054032393474335,-0.7033527381859584,-0.5129013628604505,-0.11823151546443428,-0.620205279850672,-0.6621062507313936,-0.6591044322552116,-0.6398471275911656,-0.6436097050150132,-0.18546436267633437,-0.6120743842591347,-0.6426803424969233,-0.419556095750751,0.0019076284192706056,-0.7415548001830793,-0.7264666895471724,-0.6894087381438742,-0.2039322767458396,-0.6397856060163667,-0.25919988294066554,0.15747548216943405,-0.9131205594512817,-0.7017580366788306,-0.5502140573757935,-0.6137159074047049,-0.05432449784741777,-0.0025535704015811206,-0.3954679194506273,-0.06666751804265977,0.005056833658963228,-0.7655126085606054,-0.5707421125902762,-0.18102051515269177,0,21,train
0.4984547070250038,2.3398172663261683,0.6036586984390152,1.1241695075988756,1.065654105528723,1.3807260742031784,1.3937081709552417,-0.3446976941897117,1.4748263384567513,1.310333391361675,0.2966401746877232,0.2127995001138731,-0.5417398922369938,0.8457674757948562,0.2620949522265002,0.24647562511705606,1.018577619215563,-0.5938178234080788,-0.9188751821012203,-0.6602902944386585,1.3082912855729256,-0.5133829114029261,1.2481941746545666,1.5402215907012364,-0.759299123603198,2.8940640807433944,0.8524357080671741,0.31940759777775385,1.1244912840398855,-0.8075018740895977,1.1152400441886545,0.8030195795093065,0.966678492898621,0.3813502110000282,1.3045022892093945,0.043544998326501265,0.7372028703786996,1.09545233515804,0.1560719518014364,0.8369899746927905,0.3616513848389964,0.7576906894244829,2.2849214611105015,1.0281866545509395,0.2912896616848271,-0.9882134056815239,-0.7458116827418013,0.16186214446112196,2.8875206640990068,0.7652215571432538,2.788150059417267,2.812732651022854,-0.04854689472962146,0.2203965235507303,2.051805093637925,0,21,train
-0.31934405865037396,-0.5893331268488317,-0.612404298824305,-0.9060504761415509,-0.7067229898454133,-1.2818534813285534,-1.31703726564853,-0.14827421627957071,-1.1643949426732625,-1.335329977122063,-0.004750194957207985,-0.28892848765373325,0.14187926771545253,0.24190003182677083,-0.078333742209564,-0.0720510463516374,-0.15483892606181757,-0.45630580952361616,-0.4110638289718911,-0.2247061211440461,0.49456815428348483,-0.3578515440286526,0.3046832996715807,0.6754144762742106,-0.19228740912289974,0.6241928537019397,-0.181837729958848,-0.11933361561112772,0.2647340675024285,-0.3516905320469852,0.183468450860521,0.3401343497849127,0.28421203579703086,-0.022988033299197255,0.6007515979282426,-0.15076272790724182,-0.06703375747068893,0.009952023850734954,-0.23101559299280217,0.2767845448276368,-0.10431287054614684,0.2394045267351492,0.38432927966380015,-0.16481256542830855,-0.08735442474160351,-0.2953780729070049,-0.30852911610865474,-0.03630894432170613,0.640378710707621,0.21474750390571462,0.44052082905224366,0.5884699905137977,-0.27105349557371994,0.037826069056651875,0.5067585502613595,0,21,train
0.14003672947591847,-0.4671095852631122,-0.34434740157808935,0.029087615108635036,-0.5309705125108272,-0.2611791255743577,-0.13811507290525882,-0.3423022859225149,0.26221115523485305,-0.10295413555585904,-0.25639652301025734,-0.8850181611941463,0.12720932866067902,-1.008172425981701,-0.7650104250036764,-0.4617050328084857,-0.7772350498342481,-0.7657078407636569,-0.6500338775033402,-0.4707305153197068,-0.9993186885700782,-0.6154503712422931,0.2258454637565603,-0.8941642723299997,-0.524775953739619,-0.08476156439545839,-0.7708941251259864,-0.7977994095114601,-0.9474702067460358,-0.6450863384192416,-0.9995673923538507,0.06837592459188153,-1.0192110260493537,-0.7393699226554337,-0.7387292717221284,-0.5231858698552494,-0.8172222248463282,-0.7551583277315065,-0.4551189083999929,-0.5635235999700936,-0.6964221453449476,-0.5937896841704885,0.0717136806776615,-1.1155317381624137,-0.8541682349888404,-0.5820685554343921,-0.6752087683374912,-0.4506666754130739,-0.011916661874045229,-0.8029894084753172,-0.07922168504995936,-0.07047433396956444,-0.7012329238723104,-0.4928453853394694,-0.09259177817088517,0,21,train
2.3650046675711205,-0.6834593025527764,2.01695055099325,1.4995042945088704,1.8095079004448236,1.6240131989117728,1.7181703095282255,1.9225562307120987,1.362427070136718,1.8000191562224186,3.389549113665318,1.1771298986213368,-1.1197354909950707,0.5761440045028329,2.2639320613889975,3.3265976132997612,1.675234080076384,2.5345804924634443,2.8050747408471945,1.6527423294915284,1.4393773827107383,2.879145039448415,-1.1703471787384785,1.4140397697350156,2.6991754699546417,-1.1740563355494005,1.8798596531261365,1.997479661357909,0.9429276482493666,2.487961736770211,1.2487241769407185,-1.3800068909973504,0.008882220485659743,1.754781747342506,1.430078620739117,2.0351991922223682,0.8820519404483476,1.7481871038516397,2.942083622886285,0.6193425948465314,2.2074876893204753,0.18035926769459218,-1.0376567192642996,2.0862450887227664,2.144026134890884,2.4945450487252536,1.488428931149432,2.100786092665838,-1.1823030959320586,0.5817302060640741,-0.887710040320053,-0.98726643759859,3.2000494775942165,2.84941106826546,-0.9154703028626967,0,21,train
0.3571067722169138,0.5345615084221516,0.0566482821073066,-0.007166313172444005,-0.038368498573043454,-0.1027596025082963,-0.050212979586681555,-0.09198212200044495,0.04173566737632607,-0.08935175319861617,-0.46122492956506494,-0.8205760343249124,0.23870086547695782,-0.8700182506089288,-1.0268786514929567,-0.585404711048755,-1.005637297090186,-0.8712974228535121,-0.8724087837756608,-0.43241524081693994,-0.8558659784947361,-0.7782722714622357,0.0656266359292608,-0.8633882184357996,-0.6643023965698496,-0.014778939433054285,-0.8119910829283449,-0.8158918306821356,-1.0062113830312036,-0.7577293712228758,-0.9262819861370313,0.22068009695281107,-0.9840625389883276,-0.6294953997480355,-0.5869912044570473,-0.5509441164600698,-0.68750663970933,-0.7025569910602274,-0.5366110230935168,-0.5862346309105728,-0.7685050135813234,-0.7206276480353888,0.20727265722917293,-1.1768684589839689,-0.9446617902354087,-0.6590502590760053,-0.5226153726894661,-0.48669778246449724,0.22216062493755748,-0.7133773532971132,0.01870081760697744,0.03631110991904364,-0.6666207859632284,-0.5610050216839254,-0.031182933044630587,0,21,train
-0.7396017576779986,0.7944621428285664,0.5502652514265576,0.620879679696837,0.422053484303478,1.1204654291660778,1.0718313880680987,-0.34110458178891645,0.8404189297657939,0.9335474000660476,-1.0552273085740072,-0.24519990156389598,-0.13391558651428975,0.07923463179108732,-0.04050833171666798,-1.2317355298541621,-0.0006674091640595542,-0.6969518338214257,-0.8923229544866149,-0.6159252397512442,0.40058189595826066,-0.3384101231068684,0.37589166759482495,0.4753701259619093,-0.7058634646469395,0.8523970655358661,0.03962920930941719,-0.25276522174485977,0.5771303232008212,-0.6267491005209755,0.46352339604622406,-0.4482637189069579,0.014740301662497426,0.012171814031170177,0.37837684417769274,-0.7868892126010436,-0.19242548976978713,0.0888540288576536,-0.6155565092028681,0.3979100431768592,0.06817113559089512,0.1256877315459283,0.6305486452369536,-0.011470763374420635,0.007901949202152621,-0.8262863738836478,-0.5567780732076807,-0.9596060625144278,0.8245195096660817,-0.0647567634358266,0.4656291630668429,0.7864137401609735,-0.8693490222878514,-1.198784476049906,0.4109607518644024,0,21,train
0.15391911593028443,-0.37157854126507867,-0.14384955973539137,-0.007166313172444005,-0.04703235308953714,-0.5237029066552594,-0.118724905261455,0.34877299916377386,-0.6369829913254137,-0.13151913850606906,-0.23883980244841668,-0.7193098349589736,-0.13391558651428975,-0.6249060039798167,-0.8028358354965724,-0.3132654189201625,-0.7715249936528497,-0.7337854089690495,-0.5106346825266616,-0.5897095256177722,-0.514547461418922,-0.41131545156355914,0.04782454394844974,-0.7187407651330586,-0.3763435677500122,0.14344264743846802,-0.7503456462248072,-0.6372291716217148,-0.7098354481378566,-0.5979334409665575,-0.7561551502765574,-0.155600799468309,-0.8346814689789667,-0.4976459722591576,-0.615769113765942,-0.4514770661261299,-0.5858960980186815,-0.5327981318029176,-0.38890656521150474,-0.4310425861506316,-0.683550204588452,-0.39478529258935197,-0.03618019861843945,-0.9008532152869706,-0.7874887732282111,-0.531632266841611,-0.5727206667828475,-0.4574225079852158,0.08483528334141721,-0.6877739089604834,0.08649331944639523,0.09100609337418436,-0.5158107565022283,-0.4271200217216012,0.040051327301824736,0,21,train
-0.27643486415506097,-0.6834593025527764,1.3903947952348192,1.8652424533444618,1.487707589832201,1.6523023994592838,1.8215845369618457,0.18468753286079023,1.5439951189613872,1.7768951062151057,-1.028892227731246,1.4164863698499195,-0.17792540367861032,1.9175764815094283,1.661635140463653,-1.210088086162115,1.646683799169392,-0.3973720892874179,-0.4110638289718911,-0.12387645139992286,1.8177957385991408,-0.4501982934071275,-0.7405538152017542,2.2142171709842207,-0.19228740912289974,-1.1679708899004957,1.4940048826484371,1.2081977877871892,1.5436896784385834,-0.2862003966960351,1.625620551770076,0.1938028900655882,2.1441528094429954,1.4097757454132755,1.9454648147256854,-1.1292409207271623,1.6711550833650863,1.7338412847594726,-0.8345665674417136,0.9543303012185996,1.56903942779829,1.6717987738301432,-0.7776048050634409,1.8807670739705564,1.4962827920733421,-0.24494178431422384,-0.3062516027407738,-0.8695282948858697,-1.0855511507165962,1.7360188215737977,-0.8977533739258926,-1.0054980987503035,-0.9336287069761465,-0.92858020339867,-1.1046095458515608,0,21,train
1.5787567802011198,-0.48818260967444316,0.5252030211962203,-0.3142584115533488,0.12624473724033652,-0.67985929367752,-0.4612845336353223,0.43021688024846644,-0.7634321681854512,-0.5110256062731452,-0.7011667772435538,-0.6410586809034753,-0.0429619643746939,-0.28174885869905963,-0.6311666647980443,-1.0183535848896976,-0.42035653849684523,-0.32616051066867835,-0.43429702813467086,-0.4707305153197068,-0.16086233140557843,-0.029777565973544425,-0.3514509476211697,-0.2694103782777356,-0.4208732835468943,0.28949334301218094,-0.5676925004365472,-0.22562658998884647,-0.023631706988395604,-0.26786315879776906,-0.13061186149727683,-0.7349539257040018,-0.11706652481635045,-0.7503573749461735,-0.14485787052948346,-0.8609112035472314,-0.4259135430163838,-0.5782265589281131,-0.16225662122014137,0.14430353100817478,-0.39264434349164984,-0.016458262440597834,-0.06661180559939099,-0.5297660543165619,-0.8541682349888404,-0.6537411760662388,-0.5180603459537042,-1.3897274029407933,0.21591856395591474,-0.28025241993579353,0.19696998911063163,0.23946390560956635,0.19373807063395243,-1.1257562942522747,0.10146017242807932,0,21,train
0.47447603951291706,-0.5345432633793712,1.2879665499456148,1.0687223231689897,1.168382666224291,0.8647310562165786,1.0459778312096937,0.7380268425832606,0.05794710030710011,0.9104233500587348,0.07718116766471506,0.5350101344600423,-0.430248355420715,0.42239177707184433,0.7189095251022445,-0.0009237313634825442,0.5903234056106795,0.10847567607328365,0.28593214591150207,-0.30335326354446224,-0.440347783793745,-0.3554213664134296,-0.5014971514594343,-0.45406670164293683,0.32128864640114,-0.35252117294726537,0.4665809375894749,0.565916836228208,0.5450896815907297,0.32154805936078174,0.47661007572779895,-0.03017383399460229,0.6532711499378049,-0.3855739588936114,-0.19456516842666519,-0.11606491965121626,0.5923538003090516,-0.3486934534534407,0.018554008256114796,0.3922322854417394,0.5778999895481236,0.5083884845865756,-0.5507510075690747,0.46695565903370967,0.43893704129764916,0.1426212753987255,0.21529895850396877,-0.41913945674307856,-0.3583510463552172,-0.48294635426744553,-0.026494183619301084,-0.33353115915857456,-0.06585296368416245,0.0037462508844239004,-0.44385037229306146,0,21,train
1.764275944636738,-0.4797533999099108,1.4045604036258794,1.7084975281292083,1.4109705926861142,1.5391455972692398,1.4492933182008128,1.177584259613881,1.3527002103782535,1.3552212531405765,1.964528628062585,1.393471324539479,-0.5241359653712655,1.6256700787056675,1.4492309123112368,2.0772308630730416,1.3497608777366727,0.9924814796162572,1.6500528396118572,0.9892831025751976,1.4344307375357266,1.037070407109363,-0.5981370793552657,1.509445536807036,1.4137510072846464,-0.5685544934833824,1.2976527509260578,1.237597972189537,1.2393035831427135,1.0786140240177646,1.1492654113607492,-0.6543223050423331,1.6022803005855095,1.2339765087614385,1.2678758591798922,1.8732760870275822,1.4657720735648392,1.2484744054744883,1.6127435019481762,0.8218492873991377,1.355365211240462,1.1841286713840613,-0.5424514783924516,1.3594049469873375,1.4700872892388093,1.4619284033256832,1.1786871131176198,1.4589819983123604,-0.5268866928595711,1.326363712187722,-0.5713450317361033,-0.6226332145643184,1.4595533998803794,1.9901127957799973,-0.6772039837728289,0,21,train
0.9515253194902207,2.144540573447835,-0.062124895940813385,-0.3249213316360191,-0.576765172098008,-1.018198132225751,-0.8245270074959135,0.41344902237808856,-1.0844185402147772,-0.8252406387254555,-0.7948026202400374,-0.44082778670264156,1.001537696325181,-0.0789741819422487,-0.4216720836066202,-1.012168600977684,0.096403545919714,-0.4022832326404344,-0.7164144465398538,-0.7228046896800149,0.3288555409205896,-0.06623023020188978,0.08342872791007185,0.1552991654622272,-0.47134029478336065,-1.204483563793924,-0.00375091281529455,-0.13290293148913437,0.3181351368525811,-0.6398471275911656,0.2567538570773405,1.5436359470683365,0.04988878872352353,-0.5042384436336015,0.1219918339711764,-0.5440045548088648,-0.08432916882228868,0.031470752488985496,-0.6181031377870407,0.3524879812959008,-0.25877615962409484,0.19129357492432497,-0.5922486534521905,-0.09734217252459787,-0.3874120026644353,-0.8687590379617792,-0.3859645706166078,-1.1735407606322534,-0.9607099310837415,-0.1586360593368023,-1.8342942326704421,-1.48212581171653,-0.404557456080179,-1.004042657922889,-0.6010570158162732,0,21,train
0.48962046109949814,-0.45587063891040236,0.5371893052194251,0.43747745427490775,0.36016880918566596,-0.07786510602648665,0.18376170998188435,0.5451964770739148,-0.6899403388992756,0.16093208217465263,-0.35881072628766114,-0.4937623909166551,-0.23953914770865914,-0.5825684341075155,-0.5438772559682843,-0.38130024195231066,-0.48316715649222813,-0.3973720892874179,-0.3247690892244233,-0.6159252397512442,-0.8533926559072302,-0.4453379381766815,-0.3412783236321348,-1.0234236986856406,-0.22494253404061323,-0.12431696111333898,-0.647603251718911,-0.40655080169560176,-0.4962311707372462,-0.3595493482890992,-0.5650896269255637,-0.2690823396588055,-0.4919837201339622,-0.9327490829724545,-0.8302953467958842,-0.35201001579219005,-0.4605043657195833,-0.8197145136462581,-0.2641217645870463,-0.06955867701467101,-0.44155771836633334,-0.2854422202920242,-0.16067313626778668,-0.5757685949327283,-0.689850989935861,-0.531632266841611,-0.36091192356991714,-0.6758610944844695,-0.11178963758032905,-0.9395411116040091,0.13419915407413366,0.03891563294071701,-0.3353331802620151,-0.45146274898747835,-0.1343497928567383,0,21,train
0.6940701525183426,-0.3828174876177885,-0.12205631605683723,-0.007166313172444005,-0.49631509444485244,-0.4241249207280208,-0.5220403922525741,0.22660717753673496,0.4059525272210495,-0.41036797682954795,-0.4934122505951061,-0.7791489527661193,-0.0048201228322827284,-0.7808865245619789,-0.9075831260922845,-0.7400293088490917,-0.6944392352039706,-0.8025414159112808,-0.6898622189252483,-0.28923710978028494,-0.9176990431823836,-0.35299118879820657,-0.04372907195286427,-0.9495611693395601,-0.480246237942737,-0.045206167677577805,-0.6247716084953784,-0.6304445136827115,-0.6190536302425972,-0.5691177814121394,-0.6645483925055331,-0.2750550523004106,-0.8053910630947783,-0.5701631573780405,-0.6000720723247267,-0.4607298149944034,-0.553467201734432,-0.5853994684741967,-0.5849969661927966,-0.38751311018137985,-0.6912733690423494,-0.4407093829542296,0.2764354003676992,-0.7597787573973938,-0.8398797788972769,-0.6378139270369396,-0.5681656400470856,-0.16241781900168764,0.16286104561195144,-0.6728385664307828,-0.35792419261201025,0.06496086315745069,-0.5405337121515725,-0.5196223853319343,-0.0876790705607848,0,21,train
0.6347545013042334,2.2878371394448855,0.09914510728048714,-0.7727639751081721,-0.1584247683015988,-0.7285167186192387,-0.8167709404383919,1.1632118100106998,-1.156829607305568,-0.8850911210973241,-0.40562864778590285,-0.3579736235850552,2.3687760162300737,0.2998356537572882,-0.18308103280527607,-0.5266473638846271,0.05643315264992489,-0.2893269355210545,-1.161164259084495,-1.3459320486986965,0.09883654028254098,0.14519522232251328,0.34791695162497904,0.2630153540919279,-0.9760104071480239,-1.1983981181450192,-0.05854685655177254,0.007313332583600981,0.3715362062027337,-0.33597289956275717,0.32480459142153,1.1524232690432037,0.42480598404113523,-0.4800660485939739,0.3705283234570851,-0.6157133585379843,-0.0410906404432893,-0.32000181526910665,-0.21828245007193905,0.5228207133494948,-0.05797388382276243,0.45371694843791166,0.1049117973841541,0.04986595744713453,-0.2016620734741109,-0.9324680340789764,-1.2377545702040913,-0.9168191228908628,-1.1604558824963092,0.35129920703440654,-2.1933434090792105,-1.0914473584655247,-0.14002183063219528,-0.3735660217366715,-1.4804316780242388,0,21,train
-0.46195402859067897,-0.5317335267911938,0.10132443164834257,0.35643926164661344,0.08663854516493684,0.8273893114938642,0.6219794987318504,0.8410293980727247,0.4383753930825976,0.5594818852418687,-0.5841219734979495,-0.6088376174688583,-0.2776809892510703,-0.2928903244549284,-0.4711360819434842,-0.7369368168930849,-0.26618502159908725,-0.6944962621449173,0.15980906474212617,0.03543442679579185,-0.31420833183094415,-0.8852000865320487,0.1114034438799178,-0.17092700581629497,0.26191569200529724,-0.3707775098939795,-0.4398352983847652,-0.5580748290000093,0.008408934621695964,-0.4328982998821633,-0.00236240061784272,0.45958860261701434,-0.6003582219054593,-0.46248612492879015,-0.17363577983837813,-0.5046803721187024,-0.4194277637595339,-0.26740047859782756,-0.5773570804402788,-0.03549213060395222,-0.35660290937346195,-0.3619823709001536,-0.008515101363028944,-0.4776298416182399,-0.5183895168371,0.3045483071966016,-0.22653863486493978,-0.5587599965673438,-0.2772042535938616,-0.5042825578813037,-0.23238252253901434,-0.3778080505270218,-0.641897830313884,-0.8750262034137403,-0.16873874612744086,0,21,train
-0.661355579480663,2.1009896563310844,0.7867219453388699,0.9759549184497582,0.2920956665560728,0.674627628537305,0.6672232232340594,0.3260166206254039,0.7831385334103923,0.6329347499709802,-0.6367921351834714,0.3439852583833849,0.7198748664735295,0.4067937250136281,0.4075773002761003,-0.7956941640572128,0.14779405155230002,-0.18619292510770755,0.03700501202457595,-0.0472459023943892,0.15077631462016486,-0.7199480086968831,1.4821645264023693,0.21685127325062759,0.10754601057610612,1.403129896761742,0.08300933143412893,0.10003699108331307,0.40357684781282527,-0.05567512026069078,0.3666819664025697,-1.2426345002404335,0.5185352828705382,0.20115599343189514,0.3417504141481904,-0.9557518794470347,0.13618732591060817,0.09363596855504261,-0.6537559379654575,0.5417465724665608,0.44403180568056866,0.506201623140629,0.7661076217884649,0.11733635035084522,0.2817640242904515,-0.03257846392356667,0.03537540244137199,-0.8132296901180207,1.5017831261743189,0.14433803197998285,1.3971483550084722,1.427126403492622,-1.0349928251384581,-0.7460097489045915,1.5777288092632396,0,21,train
-0.22847752913088756,-0.4249635364404504,-0.6429148399742808,-0.4336831164792562,-0.694346054821851,-0.5022031142391511,-0.5401378820534577,-0.604599491180569,-0.3203196680776275,-0.6538506210241953,-0.21835696179293593,-0.5996315993446821,0.22403092642218428,-0.6226777108286429,-0.6282570178370523,-0.4029476856443578,-0.6658889542969784,-0.586451108378554,-0.5172727394303129,-0.3215026040984044,-0.7371464942944529,-0.4186059844092282,0.20550021577849054,-0.7649048459743589,-0.40009274950834933,0.31383512560779975,-0.6864170451989162,-0.5987827766340292,-0.6591044322552116,-0.3700277699452512,-0.7378337987223526,0.1400484762911425,-0.717519845442213,-0.46468361538693814,-0.5922235516041191,-0.34275726692391656,-0.549143348896532,-0.5232342524081396,-0.3481605078647428,-0.46132396073793724,-0.5702771259312901,-0.4428962444001762,0.3428316337806844,-0.8119149700957156,-0.5088638794427244,-0.47057781222929707,-0.290309009165607,-0.34932918683094594,0.3095494786805558,-0.6387006406486098,0.03376581801573695,0.28634531999968693,-0.34522236252175276,-0.22264111268823336,0.0744402805725273,0,21,train
0.03781188376649624,-0.5106605023798628,0.8368464057995444,0.7552324727384828,0.5136428034778397,0.7436532778732318,0.7551253165526366,-0.21295023949388545,0.5550977101841708,0.6628599911569145,-0.3968502875049825,-0.05877803454932665,0.15948319458118076,-0.05223466412816374,-0.08706268309254,-0.5668497593127146,-0.037782774343149444,-0.8393749910589047,-0.6467148490515144,-0.5655104048791826,-0.39830129980614476,-0.47693024717458077,-0.32093307565406504,-0.24786714055179548,-0.4921208288219056,-0.27949582516040894,-0.15900608673531552,-0.21431882675717426,-0.004941332715842189,-0.5926942301384815,-0.19604525990515137,0.1938028900655882,-0.1639311742310519,-0.1877998176602946,-0.0428271011615841,-0.47229575107974525,-0.13621540287708794,-0.19328041328829793,-0.508598108667618,0.008037345365299585,-0.08629215348705291,-0.08206410581899451,-0.08597737367817834,-0.24761713853740805,0.1269724166318478,-0.5979958044636914,-0.5772756935186094,-0.5227288895159206,-0.29905146702961116,-0.22264467017837664,-0.2851100239696726,-0.3908306656353887,-0.6789822637879005,-0.5196223853319343,-0.5003465098092157,0,21,train
-0.4253550097564414,0.7200041232418637,-0.012000435480138894,-0.5531078214051637,0.391111146744572,-0.17744309195372523,-0.22989519975259684,0.6985026061745127,-0.6467098510838781,-0.3246729679789178,-0.40562864778590285,-0.6249481491861668,0.2856446704522331,-0.3976201025600945,-0.6311666647980443,-0.37202276608429047,-0.5259925778527165,-0.5545286765839466,-0.45753022729745063,-0.7328876566544272,-0.7247798813569234,-0.9581054149887395,-0.0589880079364166,-0.5802485226091577,-0.32290790879375375,-0.23689770561807602,-0.6133557868836121,-0.5897365660486915,-0.3734087112318952,-0.2626239479696931,-0.3164427129756405,-0.1496280868267039,-0.5007708418992187,-0.5811506096687803,-0.4561825257802533,-0.3936473856994207,-0.7199355359935796,-0.8603610010740647,-0.6868621095597015,-0.09794746569027002,-0.4698759880306238,-0.2635736058325586,0.32069955597635597,-0.7475114132330827,-0.5469664290202269,-0.5369413498513774,-0.8095820570424686,-0.27726697272809936,-0.17421024739675642,-0.2930541421041084,-0.36545669281639,-0.08870599512127801,-0.5800904411905234,-0.4100801126354872,-0.4389376646829611,0,21,train
0.4214705639598833,-0.49661181943897553,-0.667977070204618,-0.8228796994967225,-0.7364276339019631,-1.09288162167118,-1.0067945833476692,-0.41176912567122326,-0.7623514059900663,-1.0660028064486542,-0.5343779319060676,-0.176154765632574,0.29444663388509723,-0.041093198372295005,-0.22090644329817208,-0.7493067847171119,-0.24048976878279424,-0.3850942309048766,-0.19200795115139607,-0.09967733066133329,-0.05698278273033067,-0.7102272982359911,0.2919675196852871,-0.07552123874427434,-0.15072634104580981,0.2529806691187527,-0.26174848124121175,-0.397504591110264,0.027099308894249375,-0.2992984237662251,0.06045366185371684,-0.07496917880664039,0.04988878872352353,-0.2625144932373254,0.05658749463277938,-0.689735349484172,-0.1448631085528878,-0.14307004646571334,-0.6715823380546658,0.03453354812919199,-0.2459042188675992,0.020718382140493614,0.323466065701897,-0.3610900720572851,-0.2921556287206792,-0.2024691202360924,-0.28575398242984507,-0.6015469361909089,0.3220336006438413,-0.17357140186650297,0.18441582210333204,0.3202041192814407,-0.7556234263008678,-0.6729815671069601,0.17760714038463501,0,21,train
0.2359513995242652,-0.38141261932369974,0.34431909866422106,0.7328403405648752,0.17946555784165488,0.2287898279085322,0.4565167348380579,-0.07281885586287021,-0.1344285704714185,0.41937734696226714,-0.22713532207385623,-0.6686767352760041,0.02745374308821903,-0.533545984781693,-0.5496965498902683,-0.32563538674418946,-0.7087143756574668,-0.7632522690871486,-0.6268006783405604,-0.38200040594487833,-0.6382135907942169,-0.5352545099399333,-0.1022216598898149,-0.8295345591521793,-0.5336818968989955,-0.09997517851772016,-0.5722588290812537,-0.6440138295607181,-0.6724546995927498,-0.6529451546613556,-0.6357576972060683,-0.006282983428181971,-0.43926098954242304,-0.6185079474572956,-0.5215868651186503,-0.4075265090018309,-0.5145525261933326,-0.5471439508950846,-0.48058519424171914,-0.268280197743864,-0.4389833302150342,-0.25701302149471894,-0.17450568489549192,-0.7229767249044606,-0.5422036103230391,-0.5289777253367278,-0.5317254261609901,-0.4168875125523646,0.016172612543347096,-0.7837868252228449,0.03627665141719687,-0.11214670231633833,-0.5578397811061135,-0.4076458399088995,-0.08522271675573462,0,21,train
0.40758817750551735,0.7747939867113242,0.7115352546478582,0.6944538282672621,0.9455978358001678,1.1578071738887923,1.1920504274596824,0.5392079564059228,0.8252882590304048,1.0899747971743405,-0.0076763150508480935,-0.14623520672900114,0.5497035734381566,-0.041093198372295005,0.2999203627193962,-0.05658858657160373,0.4961074786176051,-0.237759930314381,0.18968032080855732,-0.06136205615856646,0.25960250847042443,-0.3578515440286526,0.41658216355096456,0.4907581529090094,0.16691896497194886,0.8554397883603185,0.3775375290176981,0.08420612255897199,0.5077089330456228,-0.008522222808006722,0.44781938042833414,0.30131171761447967,0.044030707546685845,0.02975173769635389,0.4123871006336592,-0.19471328503154084,-0.006499817740089795,0.2968684056940755,-0.07567124935827223,0.4092655586470988,0.2663990232409284,0.13443517732971452,0.8767680108101069,0.44855464278724316,0.11982818858606609,0.028475990688747264,-0.15593572046062965,-0.1691736515738295,0.8838190889916877,-0.13089899463878676,0.5108241642931214,0.8358996775727675,-0.18452315080101497,-0.0157279309282778,0.4576314741603559,0,21,train
0.45302144226526053,0.6272828158320076,-0.27569868399064384,-0.5563066974299649,-0.2475387004712481,-0.34604672721689056,-0.40828474207559184,-0.48602678195432536,-0.8423278084485516,-0.5123858445088695,-0.44074208890958416,-0.5766165540342415,-0.12804761089238034,-0.5580572094446042,-0.5671544316562203,-0.6750869777729502,-0.5317026340341149,-0.4784059546121905,-0.30817394696529493,-0.10371051745109822,-0.6456335585567347,-0.7223781863121062,-0.053901695941899155,-0.6510334465658182,-0.14775769332601768,-0.10301790134217251,-0.6156389512059655,-0.5037975654879827,-0.3707386577643876,-0.4538551431944673,-0.4499268457277046,0.4177796141257788,-0.6208615060243912,-0.46907859630323406,-0.44833400505964566,-0.6874221622671037,-0.5750864659239316,-0.5806175287768076,-0.4729453084892013,-0.211502620392666,-0.46472721172802556,-0.26576046727850516,0.016383486166840502,-0.6739073482472164,-0.8494054162916526,-0.3723597765486181,-0.25386879527951145,-0.7299077550616044,0.03177776499745394,-0.29732138282688003,-0.4382708614587276,-0.0027567354060568754,-0.6443701258788185,-0.5488336580509868,-0.38244152716680685,0,21,train
0.2031384860866729,-0.4923972145567093,-0.26698138651922215,0.3201853333655344,-0.3675949701998034,0.3408150620766756,0.6413696663756542,0.20624620726556178,1.2392201798628353,0.4846687822770329,-0.18616964076289472,-0.5029684090408314,-0.08990576934996918,-0.2973469107572759,-0.6486245465639964,-0.3472828304362366,-0.7001492913853691,-0.6404736852617356,-0.10239418295210267,-0.12387645139992286,-0.2721618478433439,-0.6154503712422931,0.08597188390733057,0.2968690133755481,-0.21603659088123683,-0.3799056783673366,-0.6247716084953784,-0.2663345376228664,-0.09572315061110162,-0.5979334409665575,-0.15155054898779668,0.12213033836632725,-0.22251198599942876,-0.8646268787698677,0.2606490333685781,-0.4375979428237197,-0.46482821855748324,-0.8699248804688428,-0.49586496574675487,0.1651219760369474,-0.4055162842481455,-0.027392569670330612,0.1381099140906467,-0.680041020329372,-0.5803061599005416,-0.34315981999490275,-0.3996296508238936,-0.36509279616594364,-0.3427458939011103,-0.3186575864407381,-0.5713450317361033,-0.20070048505323282,-0.5751458500606546,-0.3321833853846804,-0.14417520807693904,0,21,train
-0.38496988552555855,-0.35472012173601386,0.11875902659118585,0.025888739083833944,0.07673699714608691,0.02284444792265237,0.0738840933336628,-0.2333112097650586,0.07523929543325909,-0.005016982583710373,-0.5255995716251474,-0.7745459437040312,0.08906748711826784,-0.700667971119724,-0.8668480686383965,-0.5915896949607685,-0.7115694037481659,-0.8099081309408056,-0.8856848975829635,-0.4949296360582964,-0.8954391398948305,-0.5546959308617175,0.06054032393474335,-0.9033970884982598,-0.5158700105802427,-0.10910334699107721,-0.7160981813895084,-0.8249380412674734,-0.635073951047643,-0.7865450307772938,-0.8451445721112668,-0.04510561559861499,-0.9225526866315319,-0.660260266162107,-0.6680925852366596,-0.5023671849016341,-0.6702112283577303,-0.5925723780202802,-0.6613958237179753,-0.6695084110256633,-0.6681038756806571,-0.6265926058596869,0.08554622930536675,-0.9223210675745149,-0.8351169602000892,-0.815668207864115,-0.5886632603580143,-0.47093417312949953,-0.21166261328661284,-0.8157911306436321,-0.03653751722514076,-0.08870599512127801,-0.7580957218658022,-0.45633129444065373,-0.13926250046683866,0,21,train
-0.3584671477490417,-0.4235586681463616,0.5731481572890395,0.5313111510024064,0.5569620760603082,0.6033388431575774,0.8120031416411277,-0.10276145920283074,0.18871932594867738,0.7335923794145774,-0.7655414193036363,-0.4684458410751704,0.1301433164716337,-0.3329996011760558,-0.34311161565983617,-0.9997986331536571,-0.3375607238665678,-0.7902635575287396,-0.8856848975829635,-0.41426590026299775,-0.5442273324689928,-0.5595562860921636,-0.13273953185691956,-0.5587052848832176,-0.7533618281636136,-0.30383760775602775,-0.20238620886002726,-0.40655080169560176,-0.1384440060912237,-0.5795962030682915,-0.09658649432518206,0.15796661421595773,-0.2400862295299418,-0.4053513730169431,-0.396010533588928,-0.6527243540110781,-0.41510391092163396,-0.3319566645125792,-0.643569423628767,0.023178032658952387,-0.2922432055909836,-0.21764951546768097,-0.1938712529742793,-0.31202069540004096,-0.25405307914317676,-0.6935592986394871,-0.5863857469901333,-0.5204769453252065,-0.39268238175425224,-0.5704247890842639,-0.13194918648061763,-0.38562161959204194,-0.7037052194372447,-0.7094956580057759,-0.17610780754259142,0,21,train
-0.632328771439716,-0.36595906808872375,0.0893381476251378,0.14104827597667327,0.012376935023562404,-0.13444350712150857,0.00925020118765012,0.06132400710015291,0.12927740520250589,-0.043103653183990405,-0.625087654808911,-0.910334711035631,0.13601129209354312,-0.8633333711554075,-0.9512278305071645,-0.7771392123211724,-0.8543208082831271,-0.9351422864427269,-0.7993901578354958,-0.43846502100158735,-0.8385527203821947,-0.7393894296186673,0.03765191995941485,-1.057277357969261,-0.5514937832177483,0.09171635942277805,-0.8234069045401111,-0.8407689097918145,-0.8353279611107153,-0.6765216033876976,-0.8791699392833616,0.12213033836632725,-0.8581137936863173,-0.662457756620255,-0.6994866681190902,-0.6642902900964199,-0.756688285115729,-0.5590988001385572,-0.6053699948661776,-0.419687070680392,-0.7891001187917164,-0.5216232564542522,0.03021603479454575,-0.9407220838209814,-0.8541682349888404,-0.6271957610174067,-0.6524336346586815,-0.5925391594280531,0.1566189846303087,-0.8541962971485767,-0.06666751804265977,0.0805880012874909,-0.7506788351709989,-0.5366622944180482,-0.05083376348503205,0,21,train
0.8720171061606701,0.9293294990610843,-0.501258756063679,-1.192883026365382,-1.0693671860357918,-1.745796370307733,-1.7009625849958456,-0.2404974345666491,-1.3859511927271744,-1.7148364448891389,-1.271760195503375,-0.10710962970125204,-0.11044368402665211,0.9304426155394585,0.046781077113092075,-1.6646844036951047,0.610308602245574,-0.42438337772900875,-0.1521796097294879,-0.08354458350227356,1.2983979952229021,-0.6276012593184083,-0.28787204768970165,1.4448158236292157,-0.04979231857287715,-1.2318680692139952,0.4460324586882956,-0.03113306240408452,1.105800909767332,-0.09496920147126084,0.9922252551818503,0.8328831427173319,1.0516206699627673,0.08468899915005301,1.207703866988567,-1.3698123913022726,0.37399923199510476,0.6172583654191391,-1.0433901113438686,0.7120793045201548,0.181444214248057,0.860473177383971,-0.6171472409820599,0.5344260519374204,0.08410704835715753,-0.2980326144118881,-0.17187831403579645,-1.3401846307450862,-1.0637039372808466,0.7481525942521674,-1.0961092126412262,-1.1174925886822584,-0.9286841158462776,-1.5103713850531333,-0.9375774871081484,0,21,train
1.3793552293111357,-0.4727290584394671,0.06863456613051137,-0.29506515540454226,-0.262391022499523,-0.8213052964150748,-0.5827962508698261,0.06611482363454659,0.19412313692560207,-0.6171241886596396,-0.7128712576181143,-0.6617722216828719,-0.051763927807558015,-0.31517325596666584,-0.6398956056810203,-0.9750586975056034,-0.3232855834130717,-0.5201506731128309,-0.46084925574927627,-0.26100480225193046,-0.6827333973693231,-0.5546959308617175,-0.23446577174726846,-0.5340844417678574,-0.2783781929968717,0.23168160934758625,-0.42841947677299896,-0.377150617293254,-0.21854561011645263,-0.4512355377804293,-0.23268796301356112,-0.5826497533430722,-0.3455316907130201,-0.5240158577569332,-0.4587986993537892,-0.7591309659962232,-0.3005218107172856,-0.5304071619542231,-0.6308362807079039,-0.010888513751766415,-0.5393844681157004,-0.18265973233253607,0.08554622930536675,-0.5174987101522508,-0.6827067618900794,-0.45465056319999775,-0.49528521227489447,-0.22322031215096444,0.22528165542837886,-0.5917609926981219,-0.2273608557360945,0.2342548595662196,-0.6245917613593431,-1.274246930574125,0.17269443277453464,0,21,train
1.5169170587225804,-0.5036361609094192,-0.26153307559958366,0.33084825344820473,-0.5223066579943335,-0.11181214668349981,-0.1355297172194183,0.3260166206254039,0.9722719176027561,-0.17504676204924624,-0.273953243572098,-0.6709782398070482,-0.11337767183760682,-0.4087615683159632,-0.48568431674844426,-0.26069305566804807,-0.506007381217822,-0.5594398199369631,-0.4442541134901479,-0.0815279901073911,-0.685206719956829,-0.13670538104335747,0.06816979192651952,-0.5894813387774177,-0.27244089755728745,-0.03607799920422075,-0.5037638994106562,-0.3794121699395885,-0.09839320407860926,-0.5062472514752274,-0.18557591615989144,-0.7230085004207916,-0.41289962424665344,-0.6712477184528468,-0.5608294687216885,-0.06054842644157539,-0.4496947336248335,-0.7742860865210626,-0.8065536530158148,0.09698888321550979,-0.4518552709715299,-0.18265973233253607,0.08554622930536675,-0.6616400040829055,-0.3874120026644353,-0.32192348795583703,-0.2402037150722256,0.7743909643353178,-0.04624799727308029,-0.3165239660793523,-0.5889208655463227,-0.08610147209960464,-0.7580957218658022,-0.310274930845391,-0.2080404070082438,0,21,train
0.35205863168805346,-0.48396800479217694,1.0613168156886519,1.0676560311607228,0.6225598316851889,0.5411026019530533,0.8650029332008582,0.4733342290580096,0.23951514913176938,0.8301692941510018,-0.13349947907737275,0.3301762311971205,-0.18085939148956504,-0.029951732616426273,0.31155895056336425,-0.20812069241593362,-0.02921769007105178,-0.2623156470794636,0.0834714103501355,-0.3497349116267589,-0.4997075258938866,-0.5449752204008255,-0.3692530396019807,-0.31865206450845596,0.1609816695323646,-0.3099230534049325,-0.18868722292590775,-0.010779088587074548,-0.031641867390918496,-0.20237302344681898,-0.07041313496203225,-0.11080545465627088,0.2871410763854497,-0.3240442260654684,-0.21287838344141635,-0.2918671481484124,-0.008661744159039763,-0.1789345941961309,-0.27685490750790936,0.2692142011808104,0.3590769966876972,0.368429352045996,-0.3321967392513318,-0.06667381211382029,0.03409745203668556,-0.21574182776050846,-0.030672485227176197,-0.3132980797795226,-0.24911497917646927,-0.42533860451002864,-0.14701418688937715,-0.21372310016159968,-0.4292804117295233,-0.310274930845391,-0.3677034043365058,0,21,train
0.26876431296185754,-0.4263684047345391,0.8575499872941708,0.7179122524491368,0.42700425831290295,-0.03939179328187174,0.227712756641173,0.6925140855065206,-0.10957103997756498,0.20990065866072696,-0.1510561996392134,-0.11401414329438424,-0.12804761089238034,-0.4555557244906119,-0.5089614924363802,-0.3101729269641558,-0.4317766508596421,-0.08060334301785237,-0.3148120038689463,-0.30536985693934465,-0.6134803649191579,-0.30924799172419215,-0.1708868718158004,-0.8110689268156592,-0.18041281824373118,0.006520120338112182,-0.5973736366271395,-0.15325690530614433,-0.5175915984773072,-0.199753418032781,-0.4551615176003346,0.14303483261194505,-0.41875770542349117,-0.6976176039506223,-0.6026882458982626,-0.3843946368311472,-0.1816158576750373,-0.520843282559445,-0.25138862166618314,-0.24367658089167823,-0.24075544256500092,-0.11268016606224629,-0.06384529587384995,-0.489897185782551,-0.6184087094780439,-0.3803234010632678,-0.09672037289572438,-0.396620014835939,-0.0961844851262222,-0.6280325388416808,0.02874415121281711,0.11444680056924468,-0.26363660887891666,-0.2494181126806982,-0.15891333090724014,0,21,train
-0.09848791051273337,-0.4516560340281362,0.1460005811893785,-0.06794495764366475,0.41957809729876555,0.1529747704412028,0.11007907293542991,0.42901917611486806,-0.3862461619961086,-0.0036567443479860857,-0.5138950912505869,-0.8965256838493666,-0.02829202531992037,-0.8633333711554075,-0.7300946614717724,-0.5019074282365732,-0.5659629711225056,-0.7362409806455578,-0.5504630239485697,-0.46266414174017695,-0.9745854626950192,-0.6859255220837608,-0.010668043988500875,-0.8572330076569595,-0.4921208288219056,-0.06346250462429193,-0.5836746506930199,-0.6801986719020692,-0.7819268917605626,-0.4250394836400493,-0.6619310565692181,0.03851236138385613,-0.9635592548693956,-0.6514703043295151,-0.5896073780305833,-0.5185594954211127,-0.7934410342378786,-0.6929931116654494,-0.5849969661927966,-0.429150000238925,-0.6989965334962467,-0.5894159612785954,-0.04724623752060365,-0.603370119302428,-0.8398797788972769,-0.44934148019023135,-0.5727206667828475,-0.4123836241709367,0.013051582052525726,-0.7112437329357273,0.05385248522741629,-0.10954217929466496,-0.7679849041255399,-0.4465942035343029,-0.004163041189078566,0,21,train
-0.10227401590937864,-0.44744142914587,-0.34543706376201705,-0.1532483183050272,-0.23392407194532946,0.12808027395939314,0.06354267059030078,-0.47524744475193953,-0.44460732054689517,-0.03630246200536897,-0.4231853683477435,-0.6732797443380922,0.25923878015364077,-0.8410504396436701,-0.8319323051064924,-0.48644496845653956,-0.7144244318388652,-0.6871295471153925,-0.7927521009318445,-0.29528688996493235,-0.9300656561199131,-0.7199480086968831,0.19787074778671437,-0.9557163801184002,-0.6672710442896417,-0.005650770959697227,-0.775460453770693,-0.7322143827677613,-0.8460081749807458,-0.5743569922402155,-0.8870219470923065,-0.07496917880664039,-0.9518430925157203,-0.5437932718802648,-0.7413454452956643,-0.32656495640443794,-0.6550777434250805,-0.47780582528294396,-0.42455936538992145,-0.485927577590123,-0.7685050135813234,-0.5894159612785954,0.1159778362863183,-0.7996476259314046,-0.8517868256402465,-0.7917773343201661,-0.5886632603580143,-0.4776900057016414,0.14101383217620186,-0.7197782143812705,0.13168832067267375,0.007661356680636596,-0.49603239198275284,-0.5025824762458203,0.047420388716975286,0,21,train
0.6284443256431579,-0.40529538032320817,0.9665162056869414,0.8352043733585102,0.9567370773213739,0.8353102876471673,0.8042470745836062,0.38709953143892334,0.56806685652879,0.7186297588216103,0.033289366260113425,-0.012747943928445334,-0.20433129397720268,-0.08788735454694369,0.10788366329392411,0.014538728416551119,0.30482059654075727,-0.14199263493055886,0.12661878022386935,-0.16017513250780724,-0.2721618478433439,-0.36271189925909864,-0.31584676365954756,-0.11860771419615462,0.1847308512907017,-0.36773478706952717,0.23598134103179666,0.140744938717333,0.03510946929677227,-0.24952592089950304,-0.04947444747151239,-0.07198282248583786,0.02059838283933511,-0.027383014215493183,0.03827427961802821,-0.09987260913173768,0.13834925232955814,-0.006784765090126578,0.016007379671942174,0.1348406014496418,0.10936134601168127,0.03165268937022639,-0.2547344669361824,0.1418710386794673,0.060292954871218496,0.00193057563991512,-0.07166772584903369,-0.21196059119739466,-0.24911497917646927,-0.15223519825264487,-0.2976641909769722,-0.3960397116787354,-0.10788198828804772,0.062168796322528995,-0.3775288195567065,0,21,train
-0.031600048505333656,0.620258474361564,0.031586051876969355,0.09519771962119093,0.10272856069556796,0.30686802141966246,0.3815414199486832,-0.16025125761555492,-0.16901296072373648,0.2629499498539742,-0.382219687036782,-0.7860534663592514,0.009849816222490797,-0.7318640752361565,-0.8610287747164125,-0.7029194053770108,-0.8000752745598418,-0.8123637026173138,-0.8425375277092296,-0.5130789766122386,-0.8731792366072774,-0.5376846875551564,-0.00558173199398343,-0.7987585052579791,-0.7414872372844451,0.35339052232568036,-0.6247716084953784,-0.6281829610363769,-0.7819268917605626,-0.7236745008403817,-0.7195124471681478,0.07434863723348661,-0.9137655648662754,-0.7305799608228418,-0.660244064516052,-0.4861748743821555,-0.6442681113303307,-0.47541485543424944,-0.36853353653812376,-0.4367203438857514,-0.6912733690423494,-0.591602822724542,0.19344010860146768,-0.8487170025886487,-0.6612740777527343,-0.6829411326199543,-0.611438394036824,-0.5655158291394856,0.20343444199262925,-0.7155109736584989,-0.026494183619301084,0.43480313223506895,-0.6295363524892119,-0.38086883991643466,-0.17610780754259142,0,21,train
-0.04295836469526945,-0.5036361609094192,0.80088755372993,0.7392380926144774,0.47527430490479633,0.7142325093038203,0.7654667392959986,-0.20696171882589334,0.532401704081087,0.6751021352784331,-0.5051167309696666,-0.1554412248531774,0.09493546274017726,-0.09011564769811743,0.003136372698212046,-0.50499992019258,-0.07489813952223934,-0.8835752812360533,-0.8558136415165324,-0.4122493068681153,-0.2375353316182613,-0.6251710817031852,-0.38705513158279176,-0.14015095192209476,-0.545556487778164,-0.34947845012281303,-0.13389127918942978,-0.16004156324514768,0.04845973663431042,-0.6974784467000016,0.01595895093636215,0.07733499355428916,0.03817262636984816,-0.06913533292030451,-0.053291795455727625,-0.5116199337699076,-0.04973834611908918,-0.1263332575248518,-0.48058519424171914,0.1272702578028154,0.03212970147270725,0.05789502672158506,-0.34049626842795494,-0.1617457293872308,-0.08497301539300961,-0.7917773343201661,-0.6364910410835147,-0.5429963872323461,-0.24287291819482654,-0.19704122584174688,-0.21982835553171476,-0.39343518865706206,-0.6369532391840153,-0.5829134762232148,-0.3775288195567065,0,21,train
-0.3584671477490417,-0.4376073510872489,-0.014179759847994305,0.2498100608199104,-0.05074543359660586,-0.11973312283680287,0.11912781783587169,-0.17941452375312966,0.12495435642096615,0.045311832138088246,-0.4495204491905045,-0.7883549708902955,-0.010688098454192139,-0.8521919053995388,-0.8173840703015325,-0.6225146145208358,-0.8429006959203301,-0.8467417060884295,-0.6467148490515144,-0.44854798797599965,-1.00426533374509,-0.6324616145488543,-0.11493743987610851,-0.8264569537627593,-0.545556487778164,-0.18212869477793367,-0.8371058904742307,-0.781968540987119,-0.9047493512659136,-0.6031726517946335,-1.0728527985706702,0.26547544176484916,-0.9899206201651652,-0.6646552470784028,-0.6759411059572673,-0.7128672216548557,-0.6550777434250805,-0.6475646845402538,-0.6664890808863205,-0.495390507148656,-0.742761132068332,-0.6637692504407783,-0.15237360709116352,-1.0449945092176252,-0.9208476967494698,-0.5422504328611438,-0.6638212014980863,-0.4641783405573577,-0.1367578815069,-0.8883342229307496,0.021211651008437356,-0.05484719583952423,-0.6913437416125726,-0.48797683988629403,-0.12206802383148738,0,21,train
-0.7799868819088814,-0.587928258554743,-1.3860644494129766,-0.9380392363895618,-1.3218566605164648,-1.074776533320773,-1.275671574675082,-0.951933689924111,-0.5105338144653763,-1.3135661653504744,0.3376058559986847,0.2634325997968426,0.4528819756766513,0.19064928934977465,0.6432587041164525,0.30214048032517726,0.3505010459919448,0.2975546951644197,0.49503093837652,-0.05934546276368399,-0.2474286219682849,-0.04678880928010559,0.5615420553947117,0.013729317548906253,0.3569124190386456,0.45684309835706033,0.2017338761964979,0.3669002033507771,0.29944476258002767,0.28225397815021164,0.24366717739576557,0.4416704646921991,0.4072317405106222,-0.07792529475289636,0.06966836250045878,0.06899005771425334,0.3113033658455557,0.03386172233768,0.2120977806532341,0.3335621221788348,0.5444329435812348,0.3356264303567976,0.5669189215495094,0.31054702093874403,0.3627319421426442,0.309857390206368,0.26312673922946916,-0.1489061538574039,0.4749640946940884,-0.2013084665645185,0.2045024893150114,0.35927196460654126,0.24071168636770657,0.15953970538603748,0.34218284532299725,0,21,train
-0.32565423431144935,-0.33505196561877165,-0.05449726065331944,-0.08607192178420427,0.22278483042412328,0.32044683768246773,0.17342028723852232,0.5032768323979702,0.14224655154712512,0.054833499788158255,-0.4231853683477435,-0.6870887715243567,-0.11924564745951623,-0.7987128697713689,-0.6573534874469723,-0.492629952368553,-0.5031523531271227,-0.6723961170563431,-0.4874014833638817,-0.45661436155552954,-0.635740268206711,-0.7782722714622357,0.012220359986827628,-0.6971975274071185,-0.2457230680791582,0.07041729965161157,-0.5631261717918407,-0.5603363816463438,-0.7418760897479482,-0.46433356485061933,-0.8006498611939121,0.16095297053676028,-0.8581137936863173,-0.5569782146291526,-0.5634456422952244,-0.42834519395544624,-0.5686006866670817,-0.4491141870986099,-0.5315177659251716,-0.4177944847686854,-0.5625539614773927,-0.4756991660893745,-0.15237360709116352,-0.6217711355488946,-0.7636746797422721,-0.45465056319999775,-0.6296585009798717,-0.5857833268559113,-0.04936902776390166,-0.7325799365495854,0.04883081842449646,0.054542771070757216,-0.560312076671048,-0.6121247489422673,-0.018901164019379666,0,21,train
-0.17294798331342365,-0.37157854126507867,-0.1013527345622108,-0.3302527916773543,-0.20421942788877967,-0.23628462909254805,-0.3876018965888678,0.05653319056575922,-0.7147978693931292,-0.4593365533156223,-0.3968502875049825,-0.7055008077727092,0.09493546274017726,-0.6405040560380328,-0.8173840703015325,-0.7307518329810715,-0.6830191228411737,-0.8933975679420865,-0.48408245491205604,-0.484846669083884,-0.8410260429697007,-0.5692769965530556,0.08088557191281313,-0.6571886573446581,-0.31993926107396164,0.16778443003408683,-0.7571951391918669,-0.8271995939138078,-0.8646985492532991,-0.7420117387386477,-0.8477619080475818,0.12213033836632725,-0.8258943472137101,-0.5877430810432241,-0.5922235516041191,-0.520872682638181,-0.620486920721881,-0.5638807398359461,-0.5060514800834454,-0.5275644676476682,-0.4981942576949143,-0.4778860275353211,0.1159778362863183,-0.9621899361085258,-0.742241995604927,-0.6962138401443703,-0.6296585009798717,-0.25249558663024585,0.28770226524480624,-0.5704247890842639,0.1618183214901928,0.11184227754757131,-0.6245917613593431,-0.5025824762458203,0.08672204959777823,0,21,train
0.4492353368686153,-0.4811582682039995,0.7910805940745806,1.0943133313673987,0.8069761635362688,0.5863653228290708,0.960661093576957,0.20504850313196338,1.0349561249350825,0.8723366794584547,-0.01645467533176842,0.10693029168584609,-0.09870773278283329,-0.01881026686055754,0.18353448427971614,-0.11843842569173839,0.15064907964299923,-0.5520731049074383,-0.26834560554338677,-0.1440423853487475,-0.029776234267765777,-0.47450006955935775,-0.4048572235636028,0.3645763319427886,-0.13885175016664125,-0.41337562943631245,-0.09051115706471803,0.05480593815662425,0.04845973663431042,-0.5350629110296454,0.02642829468162208,-0.10781909833546834,0.4072317405106222,0.22532838847152273,0.36006362916294155,-0.26873527597772867,0.3285987771971554,0.3303419835757986,-0.22082907865611168,0.2029736942710794,0.31531239811561196,0.3640556291541029,-0.27963305446605186,0.12960369451515627,-0.17546657063957793,-0.3697052350437349,-0.31536165621229767,-0.09936338166169688,-0.3958034122450736,0.3278293830591626,-0.4382708614587276,-0.34394925124526804,-0.3476946580866872,-0.2299439308679965,-0.4684139103435633,0,21,train
0.10596178090611105,-0.3687688046769012,0.10132443164834257,0.21355613253883135,0.11510549571913037,-0.055233745588477885,0.011835556873490628,-0.011735945049350755,-0.1398323814483432,-0.04446389141971469,-0.6426443753707517,-1.0369174602430546,0.056793621197766084,-0.87670313006245,-0.9599567713901405,-0.724566849069058,-0.7315546003830605,-0.728874265616033,-0.7164144465398538,-0.26100480225193046,-0.8360793977946889,-0.5449752204008255,-0.05135853994464044,-1.0357341202433208,-0.545556487778164,-0.07259067309764898,-0.8941849985330619,-0.8814768574258344,-0.9367899928760052,-0.6555647600753935,-0.9393686658186062,0.08330770619589424,-1.162734014881877,-0.7108025466995102,-0.5372839065598656,-0.6573507284452149,-0.7156116831556797,-0.6117001368098363,-0.6359295378762491,-0.6676158251139567,-0.763356237278725,-0.729375093819175,-0.11087596120804778,-0.9284547396566705,-0.8279727321543074,-0.6776320496101877,-0.5135053192179422,-0.6015469361909089,-0.052490058254723033,-0.7197782143812705,0.021211651008437356,-0.21632762318327303,-0.7012329238723104,-0.47093693080018,-0.09996083958603573,0,21,train
-0.5919436472088332,0.7804134598876791,-0.48709314767261885,-0.9519010324970332,-0.524782044999046,-0.9582250270650278,-1.045574918635277,-0.0548532938588939,-1.190333235362501,-1.127213527056247,0.02743712607283321,-0.454636813888906,-0.025358037508965665,0.012385837255874914,-0.2907379703619801,0.10731348709675309,-0.07775316761293856,-0.7337854089690495,-0.6433958205996888,-0.41023271347323287,0.23734260518287134,-0.396734385872221,-0.2955015156814778,0.4476716774571291,-0.43274787442606283,-0.5289990967655018,-0.3759066973588742,-0.23693435322051867,-0.05033224166347191,-0.5167256731313794,-0.12275985368833188,-0.26609598333800294,0.12311480343399457,-0.02079054284104929,0.44639735708962563,0.05973730884597986,-0.18377778409398726,-0.05938610176140568,-0.19281616423021283,0.176477491507187,-0.2742224885318897,0.19129357492432497,-0.014048120814111045,-0.23841663041417477,-0.5374407916258512,-0.6510866345613556,-0.5795532068864904,0.14835047931683823,-0.5643390587494276,0.3022259387225329,-0.7621683702470571,-0.46636183326391634,-0.2043015153204904,0.028088978150301026,-0.6722912761627285,0,21,train
2.1428864843012647,-0.6637911464355343,1.6595413546649627,1.071921199193791,1.6783123891950622,1.5459350054006424,1.4686834858446165,1.9824414373920198,1.3083889603674712,1.3742645884407165,2.292254078550277,0.871029795992476,-1.2312270278113495,0.839082596341335,1.754743843215397,2.5627521001660987,1.6095684339903018,2.210445031164354,2.542871493152966,1.6527423294915284,1.4121708342481734,2.6458479883870045,-1.0330167548865075,1.5463768014800765,2.227160482507692,-0.8971685585242364,1.6172957560555126,1.698954712041763,1.316735133700435,2.4093735743490705,1.2696628644312384,-1.1888800864659879,0.9168848028955007,1.4647130068669747,1.3542095871065762,1.2232704790313702,0.9663670707873963,1.6573302496012485,2.524436535081975,0.9221563407195874,1.5458699344365978,0.8232965328028796,-0.9435953885959039,1.6906232394237353,1.7796705045560168,2.539672254308268,1.2174048403715965,1.835056678161591,-0.8296266504692439,0.763087936781868,-0.8123850382762554,-0.9169443160134091,2.290244709698347,2.4818358865507153,-0.6624658609425278,0,21,train
-1.7744705660943718,-0.934930727194659,-2.201131762990901,-2.1109604454832955,-2.5818286459151176,-2.3873954387252816,-2.2102776551064256,-1.6933125486215332,-0.9601308877455096,-2.4996939069020527,2.713615372034453,2.735248466138169,1.3917580751821568,2.6907942049667186,2.6538247541619255,2.6122319714622066,2.294775175758115,2.0238215837497266,2.4134293835317644,0.6121801377321767,0.7517937033840983,1.7199503169870327,1.611865482262564,0.3984299912264088,2.3726242207775066,1.576565097755526,2.78170956045567,2.646545270855894,1.6157811220612894,2.3334050173419687,1.8402420985479044,1.513772383860311,2.20859170238821,0.893365487748504,0.4568620513837692,2.37292452591435,2.81913801182752,1.0093774206050379,2.7230735646474393,0.365736082677847,2.5833483594101487,1.879550611195066,1.8035487688663587,2.7517485096366396,3.0727757808425067,2.5794903768815165,2.0281995993372224,0.9320270576852947,1.6266243458071734,0.5241224563066572,0.5032916640887416,1.653719906378205,2.4361101480294782,2.7788171591944164,1.489300072281433,1,21,train
-2.5102370481757688,-1.255240698246889,-1.087497011016785,-1.8422548594000037,0.49012662693307124,-0.881278401575798,-0.9124291008144908,-0.43572320834319167,-2.1468077782781694,0.5064325940486215,-2.3632029904311356,-0.1554412248531774,0.5115617318957454,-0.7251791957826352,-1.1519934708156125,0.9206388715265238,-2.9013759493144695,-1.4581790535389862,-1.2308638565728345,0.09593222864226579,0.017216894894846305,-0.041928454049659544,0.9353859869917438,-0.038589974071234094,-1.4450567468751816,0.7063463699621532,-2.5540454608838745,-3.64961729653919,-2.8618985429490063,-2.093728132382257,-2.9154572977364173,2.4126656364218757,-1.2476761919460233,1.0471898198188614,-2.8238196098302257,3.078446627120203,-2.3867808050040056,-2.3331984278698794,-2.2504920602416916,-3.6919681120211036,-2.225608707216633,-3.2158365578604085,-0.5645835561967799,-1.2596730320930682,-1.235193730763865,-0.8953044530106113,-0.5772756935186094,3.7266897983613134,-0.6891802783822824,2.2480877083063926,2.024856705373452,0.6145152207305313,1.1826562966077234,0.8995586142687021,1.7005464995157489,1,21,train
-1.847668603762847,-0.8408045514907141,-1.9091022976982754,-1.7793436309122488,-2.063235068427853,-1.8759266928262837,-1.8922789057480431,-1.712475814759108,-1.4961889366564378,-2.012728618512758,2.257140637426596,1.959641439176319,1.230388745579648,1.7927920650436986,2.0718953619635254,2.420497470189789,1.738044698071767,1.9305098600424127,2.287306302362388,1.3784856277875133,1.5630435120860333,1.6907881856043565,1.227848926676497,1.6725586224462972,2.0698221533587087,1.2023101903478868,1.683507521403757,1.7532319755537895,1.4181971654657248,1.958801443134534,1.458111051845917,1.3495227862161714,1.9713394147262837,1.693252014514363,1.4614727036215474,2.0745233749125305,1.8722142403274333,1.7147135259699167,2.185734933387016,0.9865042617176119,1.8676684533489896,1.4924761352625255,1.3000439988178876,1.822497189190079,1.9773274804893108,2.037963909885341,1.8619411234819114,1.7157036360537514,1.1615908026747896,1.3797042212223674,0.9226008421325479,1.1458379171518982,2.1196563157178714,2.1994602502665406,1.1699740776249092,1,21,train
-1.5119672585936332,-1.054344532192201,-1.855708850685818,-2.0800379772435513,-0.23144868494061696,-0.723990446531637,-0.6551862100733603,-2.4814018685292942,-2.172746070967408,0.41937734696226714,-1.5058498029945837,1.8560737352793362,2.227944601304248,-0.6850699190615078,-0.9308603017802205,-0.099883473955698,-2.381760836807211,2.7040149381425143,-0.00614235784915791,3.4233113301983322,-0.18312223469313152,2.133080511574947,1.4796213704051104,-0.5402396525466974,-2.5018953351211826,0.3412196310278709,-2.1796065120179415,-2.197700497592479,-3.0007413232594033,-1.1428113670864621,-3.1431655241958207,1.7377491079205016,-1.5054317637268815,2.5261008981524418,-2.5569699053295656,1.866336525376377,-1.3447322710701206,-0.9344810663835943,-0.8854991391251661,-4.511457811790061,-2.6812754099965797,-2.933731431333303,0.1657750113460572,-2.164389664211007,-0.8351169602000892,0.3072028487014848,3.3742099997548767,2.094030260093696,-0.4863132964788933,2.7921609004597743,1.7561975314172404,0.5363795300803302,1.3260494393739202,0.05730025086935357,1.6465067158046447,1,21,train
-1.566234769278882,-1.1133490005439275,-1.9101919598822032,-2.087502021301421,-0.19803096037699847,-0.7737794394952563,-0.6797470890888451,-2.4873903891972864,-2.168423022185868,0.4765073528626872,-1.6609341679575096,1.9780534754246717,2.35997405279721,-0.5758835546539942,-0.8173840703015325,0.042371156020611714,-2.3874708929886097,2.834160236997452,0.07351432499465844,3.4333942971727445,-0.09408262154291916,2.2302876161838676,1.6525559782187036,-0.45714430703235687,-2.6117353007534914,0.3077496799588951,-2.442170409088565,-2.1728234184828,-2.827187847871407,-1.2213995295076023,-3.1850428991768607,1.7228173263164888,-1.4117024648974785,2.6140005164783604,-2.677313889712216,1.9634903884932486,-1.323113006880621,-0.9703456141140119,-0.697048623896392,-4.5890538341700315,-2.7327631730225623,-3.005897859049539,-0.10810945148250674,-2.075451419019752,-0.6588926684041403,0.42665721642122945,3.4060951869052105,2.1728483067686843,-0.7047854308363891,2.7900272800983887,1.831522533461038,0.4790800236035162,1.4323581486661006,0.04512888723641501,1.7914315903026055,1,21,train
-1.2052927214653664,-0.6497424634946469,-1.5091962761968072,-0.3035954914706785,-0.8948524022035619,0.07602814495197298,-0.04762762390084105,-1.4010727400235186,1.310550484758241,-0.07846984731282187,-0.49633837068874626,-0.28892848765373325,0.81376247642408,-0.1747907874427198,-0.9075831260922845,-0.5111849041045934,-0.22906965641999735,1.102982205059129,-0.47080634110475333,-1.7331179805161296,-0.2029088153931787,0.7017058962085857,0.8743502430575345,-0.3586609345709162,-0.4475911130250235,-0.023907107906411342,-0.42841947677299896,0.2221608339853729,0.21667310508729112,0.4289518813363399,0.18870312273315096,0.8328831427173319,-0.005762982456434466,-2.4731898941341774,-0.16317108554423462,-0.051295677573301904,-0.1037865065928384,-1.2572619959573526,0.2579370951683413,0.4244062459407516,-0.9100963619027757,0.06664247250537128,0.4811571200577369,-0.45309515328961786,-0.9613316556755661,-0.6351593855320563,0.05359550938441976,-1.8423681852742984,0.08171425285059584,-0.9139376672673794,-0.7219950358236984,-0.0496381497961775,1.0071233114973792,-0.6583759307474338,0.15304360233413317,1,21,train
-0.4581679231940337,0.8057010891812763,-1.1899252563059894,-1.440262772283333,-1.580534602508919,-1.5783243030664682,-1.8121328794869875,-1.5603673897921084,-1.2940864061194548,-1.8984686067119176,0.264452853657682,0.6615928836674659,-0.8322046855215096,1.0017479963770184,0.9371330471766446,0.20936572164497527,1.1270686866621333,0.8476027507022699,1.7861330061367104,1.0880961789244383,0.9199796393344994,-0.049218986895328616,-0.8778842390537253,1.343254845778355,1.6156190522305118,-1.2501244061607093,0.8318872291659948,0.6903022317766022,0.9776383433269659,1.1650610026810189,0.9529652161371256,-0.2302597074883725,1.2683696735057617,0.7461336270525903,1.1553803955178494,0.07361643214839007,1.0074436727474456,0.9519941442363697,0.13060566595971018,0.7896753269001254,0.8842521795527205,0.9720031111272454,-0.8578335871041313,1.1600606043172832,0.7127991163859481,1.3849466996840698,1.326725482029883,0.07178437683256374,-1.1479717605330235,0.8014931032868127,-0.8374933722908545,-1.0341478519887106,0.005843607698935945,0.11085425085428324,-0.9768791479889513,1,21,train
-2.1480329652300383,2.3637000273256765,-1.8753227699965165,-1.5511571411431042,-1.8515894795249357,-1.5319300141685503,-1.6595968940223975,-1.5483903484561243,-0.24790860098683679,-1.739320733132176,2.1722831547110326,1.6949684181062514,-2.976949775329399,1.2758280539713893,1.818756076357221,2.401942518453749,1.535337703632122,1.6309301155084048,1.8857038596914808,-0.04119612220974181,-0.10150258930543685,1.8924929276678675,-3.5685432841534537,-0.15861658425861488,1.7135844269836522,-2.9692628019762886,1.2611221217684057,1.5496922373836899,1.2526538504802518,1.5553822093726815,1.2356374972591437,-4.345458717554273,1.5495575699939705,-0.22295966499066203,-0.014049191852689408,2.1439189914245813,1.4376670301184895,0.007561054002040449,2.239214133654641,0.9391896139249468,1.605080861916478,1.214744731627313,-3.076574386988053,1.5464819454930807,1.5320039323022507,1.5150192334233474,1.408715963273598,-0.07008810718241545,-2.8707805914664197,-0.2397136330694631,-0.48346586268500613,-2.669788309599585,2.552308039581397,2.009586977592699,-3.0574108208664565,1,21,train
-1.5043950478003427,2.15016004662419,-0.8837301826223039,-0.7301122947774908,-1.0965964430876292,-0.19215347623843096,-0.5013575467658501,-1.3735255449507549,-0.2241318326883682,-0.5749568033521867,0.06547668729015463,0.31866870854190016,-2.3549443594070016,-0.2215849436173685,0.0962450754499561,0.0887585353607127,0.10211360210111245,0.5210117177266713,0.1730851785494289,-0.14202579195386505,-0.43787446120623913,0.9447236577308881,-1.411946998478057,-0.2817207998354157,0.1461384309334039,-0.42554652073412186,-0.254898988274152,0.35106933482643604,0.15793192880212326,0.6699555794278361,0.12065238838896142,-2.7686625801705316,0.05574686990036121,-0.2493295504884376,-0.17101960626484228,0.46454507183294463,0.2918460280750059,-0.23631787056479903,0.7265167546561038,0.507680026055842,0.12223328676817694,0.14755634600539386,-1.4000694933101772,-0.07894115627813132,-0.18737361738254746,-0.36439615203396847,0.525040776535781,-0.2547475308209598,-0.398924442735895,-0.3207912068021239,-0.2775775237652929,-0.007965781449403611,0.5744715876338543,-0.31270920357197873,-1.2347962975192206,1,21,train
-1.1055919460203745,2.092560446566552,-1.0526278211310984,-0.7269134187526897,-1.337946676047096,-0.5723603315969783,-0.6616495992879616,-1.3771186573515501,-0.1636091497468118,-0.7436263445819983,0.3580886966541655,0.21740250917596124,-2.302132578809817,0.2173888071638596,0.12243189809888412,0.22482818142500893,0.23058986618257746,0.7223685952003487,0.4087361986290523,-0.2408388683031058,-0.2301153638557436,0.7187171395151468,-1.6713489101984467,-0.10937489802789456,0.386598896236567,-0.9154248954709505,0.14008843949296018,0.5636552835818736,0.40357684781282527,0.8690455908947244,0.33003926329415995,-1.9175510287418076,0.29885723873912506,-0.31305677377472857,-0.0559079690292635,0.36970439593314147,0.34805611496770517,-0.1239422876761573,0.7749026977553836,0.488754166938776,0.1659978853402622,0.3421870146946373,-1.8039799132391703,0.132670530556234,-0.03258200972394374,0.20633027151592265,0.5614809904218765,-0.22322031215096444,-0.8202635589967798,-0.24611449415362055,-0.2800883571667528,-0.7242096124095798,0.5967222477182641,0.16440825083921293,-1.3428758649414285,1,21,train
-2.089979349148144,2.7149171008478588,-2.086717233678492,-1.8913042917802871,-2.371420750514557,-1.8680057166729804,-1.6531335048077962,-2.426307478383767,-1.4421508268871912,-1.8685433655259833,2.4092988822958814,2.3324851732054577,-5.467905426829944,1.9799686897422932,1.711099138800517,2.3679251069376748,1.583873181174009,3.229507276915282,2.7552893140698096,2.108492436734965,1.7930625127240818,3.192637951812185,-4.509511003139181,1.5217559583647162,2.657614401877552,-3.3922012745751653,2.048813812980277,2.327666347722738,1.2473137435452364,3.40744323709755,1.5130751065085317,-4.978566257564411,1.5261252452866196,1.8141139897125012,1.5242608693864086,2.659759740830828,2.4213435507407257,2.0996596716097318,3.0184824804114636,0.867271349280096,1.7003332235145459,1.3415826954922132,-4.614753794388877,1.9175691064634894,2.1535517722852595,3.0918168873239766,3.034860507940612,1.9228825015994353,-3.5917386348461555,1.620803322058964,-3.12235176761938,-3.78712868589746,2.799537596074839,2.56216688652811,-4.248742416315796,1,21,train
-1.6406948420795724,-0.7227956147872608,-1.5920106021753129,-0.25987751913173024,-1.9518426532157913,-0.4241249207280208,-0.6823324447746856,-2.0238788894946973,0.5669860943334051,-0.6932975298601997,0.4546506597442891,-0.2912299921847773,1.2245207699577387,-0.007668801104688806,0.24172742349955617,0.558817312673736,0.09354851782901479,1.8543871380706565,0.47511676766556593,-1.2894674336419873,-0.465081009668804,1.938666302357105,0.879436555052052,-0.6448782357869781,0.3123827032417636,0.47205671247932207,-0.236633673695326,1.3845988942012757,0.32080519032008875,2.1683698762575743,0.32480459142153,1.0090781656446817,0.22270218344023518,-1.457949302469818,-0.3986267071624639,0.008847190070475715,-0.1448631085528878,-1.4581034632476908,1.8597664746129206,0.6155574230231182,0.14540278012986912,0.33125270746490454,1.0731902013235215,-0.12187686085321994,-0.16594093324520232,-0.05116025445774917,-0.14910318035698675,-1.191556314157965,0.4936902776390166,-0.5362868633020909,-0.36545669281639,0.18997796819777235,1.6177803160361828,-0.013293658201690086,0.02285685066647345,1,21,train
-0.9667680814767146,0.7129797817714201,-0.6799633542278228,-0.6853280304302756,-0.880000080175287,-0.7285167186192387,-0.8762341212127236,-0.5662729589054195,-1.2195138146378943,-0.9694258917122299,0.0888856480392755,-0.24519990156389598,-0.30995485517157206,-0.23941128882675847,-0.11033985878047602,0.04546364797661844,0.013607731289436558,-0.22793764360834798,-0.11235126830757972,0.025351459821379523,-0.08418933119289555,-0.1731580452717028,-0.4150298475526377,0.12144550617860697,-0.04979231857287715,-0.18517141760238603,-0.22978418072826626,-0.12385672090379661,-0.10373331101362451,-0.2914396075241111,-0.20913193958672627,-0.4840999947565884,0.05574686990036121,0.15500869381078786,0.16646678472128637,0.10368786597027889,-0.056224125375939085,0.10798178764720964,0.10259275153381132,0.09509629730380319,-0.13263114021043731,0.0950716713026765,-0.2602674863872645,-0.10040900856567563,-0.2278575763086438,-0.1467237486335449,-0.08533280605631953,0.5221732149753548,-0.18357333886922053,0.1294026894502822,-0.6742892011959599,-0.2553954685083736,-0.011462461255605048,0.037826069056651875,-0.35296528150620465,1,21,train
-0.8127997953464737,0.6919067573600891,-0.5154243644547392,-0.4400808685288584,-0.6807314262959323,-0.2702316697495612,-0.45740650010656153,-0.43811861661038853,-0.8758314365054846,-0.5205472739232152,-0.1744651603883343,-0.39019468701967214,-0.22780319646484032,-0.46446889709530687,-0.4507685532165402,-0.15245583720781244,-0.25761993732698957,-0.6355625419087191,-0.3480022883872031,-0.11782667121527547,-0.536807364706475,-0.37000243210476774,-0.16580055982128294,-0.39559219924395644,-0.349625738271883,-0.12127423828888663,-0.5402945285683082,-0.3364426696592341,-0.41078945977700204,-0.39098461325755524,-0.3478507442114203,-0.42138651201973504,-0.254731432472036,-0.20318225086733036,-0.3149091528093157,-0.1276308557365581,-0.25728328233828623,-0.21958108162393747,-0.10877742095251632,-0.14715469939464162,-0.39264434349164984,-0.1367356419676584,-0.232602389131854,-0.324288039564352,-0.5422036103230391,-0.4971232272781292,-0.2971415492692499,0.21140491665682898,-0.00567460089240249,-0.20770932764867595,-0.5562800313273437,-0.13558740951139864,-0.18205085523608056,-0.26645802176681216,-0.330858097260753,1,21,train
-1.25577412675397,0.718599254947775,-0.6581701105492687,-0.4336831164792562,-0.7190999248689757,-0.11181214668349981,-0.3449435277724994,-0.6093903077149627,-0.9460809792055055,-0.4185294062438937,-0.1744651603883343,-0.30043601030895356,-0.25714307457438734,-0.3174015491178396,-0.39257561399670016,-0.26997053153606826,-0.4346316789503414,-0.3949165176109096,-0.5006775971711844,0.04753398716508663,-0.7519864298194884,0.023686341561362095,-0.27769942370066675,-0.45714430703235687,-0.24275442035936606,0.04303279423154041,-0.42841947677299896,-0.223365037342512,-0.2425760913240213,-0.25476513172757903,-0.20913193958672627,-0.7379402820248042,-0.30452512247515634,-0.10209768979252398,-0.29397976422102867,0.03660543667529616,-0.3632176768668347,-0.056995131912711175,-0.04256507776402813,0.11780732824428239,-0.3102639226500775,-0.16516484076496363,-0.18280521407211509,-0.49603085786470646,-0.544585019671633,-0.49977776878301244,-0.1673232873000345,0.49514988468678733,0.03177776499745394,-0.2909205217427226,-0.5412150309185843,0.08579704733083764,0.08495706577683763,-0.5025824762458203,-0.28910008257489983,1,21,train
-0.9756023274022202,2.2091645149759165,-1.5266308711396506,-1.544759389093502,-1.311955112497615,-1.4085890997814023,-1.5419632103166545,-0.5938201539781832,-1.5664384793564587,-1.615539053681266,0.8672335929475443,1.3129186659529366,-0.9613001492035167,1.041857273098146,1.2571942128857647,0.849511556538369,0.8187256528666172,0.15022039457392405,0.2129135199713371,0.1745793710426819,1.078272284934877,-0.041928454049659544,-2.6174029411786917,1.475591877523416,0.3717556576376063,-2.5037262098350785,0.7108795200812725,0.7898105482153176,0.910887006639275,0.11197962623774144,0.8953838255381961,-1.7742059253432858,1.3415956882162328,1.381208369457352,1.2181685612827104,0.804583592741995,0.9231285424083969,0.9926406316641763,0.6832240687251692,0.8142789437523112,1.103075172413147,0.9676293882353523,-1.9146403022608123,0.8564438362505851,1.0771547467208153,0.272693809138003,0.26768176596523113,0.8329415132938807,-2.4057470483340357,1.3690361194154383,-2.7381942571960125,-2.156697274329932,0.7104478437052478,0.7096853415948605,-2.7773864870907357,1,21,train
-0.6929064577860403,0.9307343673551731,-2.0572963547124434,-1.5223672569198945,-2.00506347381711,-1.8272692678845648,-1.9504494086794546,-1.1723112505062203,-1.0314611926409154,-2.094342912656215,0.6799619069545775,1.671953372795811,-0.8351386733324644,1.391699297832424,2.2610224144280053,0.7010719426500458,1.7437547542531653,1.0047593379987985,1.4044447341767567,0.48110156706481655,0.8086801228967341,0.14033486709206722,-1.48569852239856,0.875458826586512,1.3425034620096352,-1.3961751017344222,1.4962880469707904,1.7102624752734352,1.3968367377256639,1.0367003373931567,1.3769736378201527,-0.43034558098214265,1.6374287876465357,1.0296098961536777,0.8754498231495101,0.4136549530574405,1.4571243678890393,0.8993928075650907,0.5151465821697762,0.9391896139249468,1.9963878609139463,1.3459564183841064,-1.234078909777714,1.794895664820379,1.9035037906828998,1.1407288812348142,0.8735003218215697,0.15060242350755218,-1.2884181326199853,0.6521396779898059,-0.8023417046704158,-1.2815775390476805,0.33713121340014923,0.5587604325464224,-1.119347668681862,1,21,train
-1.0248216975586086,0.9827144942364561,-1.5135549249325182,-1.6257975817217964,-2.1016035670008963,-2.101108729184471,-2.0370588241551117,-1.7915242875766038,-1.7555718635488227,-2.1433114891422895,1.3090777270872007,1.3359337112633773,-1.3515205280604925,1.7549110814737447,1.615080789087781,1.3133853499393788,1.855100849790435,1.5056959600064836,2.5860188630266996,1.8745676029285996,2.2333139333001317,0.8305053098154059,-1.1398293067713736,2.3373213865610216,2.313251266381664,-1.4509441125745646,1.9529209114414403,1.4727994474083188,1.6184511755287971,2.1185973733908523,1.633472559579021,-0.7409266383456068,1.707725761768588,1.5943649438977046,2.0056368069170105,0.9271825152466187,1.7273651702577855,2.2478998022287913,1.1237908137870327,0.9751487462473722,1.4789358425028205,1.3393958340462668,-1.3198407112694865,2.009574187695822,1.701083996052418,2.539672254308268,1.807280802652768,0.9500426112110064,-1.4288645047069468,1.6272041831431214,-1.4375825552397752,-1.48212581171653,0.7376430949195265,1.3109507050620255,-1.3305940959161777,1,21,train
-1.6583633339305834,2.366509763913854,-1.5832933047038913,-0.44861120459499465,-1.6671731476738558,-0.411677672487116,-0.6293326532149552,-1.613066371670439,0.7701693870657731,-0.5640748974663924,0.23519165272128092,0.12994533699628674,-3.06496940965804,0.2597263770361608,0.23299848261658018,0.42584015856544655,0.2106046695476829,1.5032403883299754,0.4286503693400064,-1.2672849062982803,-0.5565939454065223,1.4210384703146008,-2.953099532816843,-0.6848871058494383,0.169887612691741,-0.9336812324176645,-0.0106004057823543,1.1901053666165138,0.4062469012803329,1.4217823332567434,0.3823859820204596,-3.3957974075390656,0.4863158363979309,-1.70406823378239,-0.3698487978535692,0.3072483410722955,0.2940079544939559,-1.4628854029450797,1.5898238446906225,0.6609794849040767,-0.006486120796779757,0.4712118400054841,-2.7030955740400113,-0.1617457293872308,-0.09211724343879132,0.0709486547668787,0.22440901197549265,-1.448277951899356,-0.5549759672769634,-0.5725584094456496,1.4398325228332909,-0.4611527872205696,1.602946542646576,0.07190588722887985,-0.8909067648121949,1,21,train
-1.595261577319829,-0.7270102196695271,-1.2204357974559652,-1.2056785304645863,-1.538453023428807,-1.3950102835185971,-1.4695732511131203,-1.5998916262008565,-1.103872259731706,-1.4999188036447015,1.3237083275554014,0.7306380195987879,0.9809997816484981,0.8145713716784238,1.0040549272794606,1.5020273592557896,0.9072315236782932,0.9286366160270425,1.6600099249673343,0.9207189271491938,0.6775940257589214,1.3602840299340253,0.5691715233864879,0.8600707996394119,1.4196883027242306,0.7763289949245573,0.7542596422059843,0.7083946529472778,0.8040848679389698,1.1676806080950568,0.756665020913502,1.0777643610231402,0.9725365740754587,0.5263845812377939,0.7341764501785726,1.149248488085182,0.8301657063935483,0.8180998327094775,1.2282025857381103,0.6344832821401842,0.7941485942572508,0.7773724424380019,0.7771736606906292,0.8625775083327405,0.8223439464212676,1.2920377470131574,1.1149167388169527,0.9567984437831483,0.8057933267211536,0.5667948635343735,0.5911708331398388,0.718696141597466,1.0615138139259366,1.281739432342973,0.6909850856401233,1,21,train
-0.576799225622252,-0.5471870780261697,-0.47728618801726946,-0.6629358982566679,-0.8045007765315563,-0.788489823779962,-0.934404624144135,-1.179497475307811,-0.6283368937623343,-0.9258982681690527,-0.03108527579996896,-0.4454307957647297,0.6553271346325259,-0.2126717710126735,-0.2587318537910681,-0.15864082111982591,-0.134853729426923,-0.2966936505505792,0.44856454005096047,0.20079508517615394,-0.2573219123183085,-0.058939697356220705,0.3402874836332029,-0.321729669897876,0.3064454078021793,0.3564332451501327,-0.4854985848318302,-0.3432273275982374,-0.34403812308931125,-0.02162024987819674,-0.16463722866937158,0.3281889245017025,-0.09070515952058088,-0.30426681194213673,-0.1814843005589858,-0.15076272790724182,-0.21188282754033685,-0.21719011177524297,-0.10113753519999845,-0.020351443310299415,-0.22530911365720613,-0.05144804557574273,0.4424259839001622,-0.2200156141677082,-0.38264918396724756,0.13731219238895906,0.10825583021356308,-0.17142559576454344,0.4437537897858747,-0.25038173487639215,0.18441582210333204,0.2759272279129935,-0.34522236252175276,-0.1909955672425931,0.2955121230270438,1,21,train
-1.4993469072714822,-1.1821875469542753,-1.4797753972307592,-2.103496401425426,-0.4567089023694527,-0.9548303229993265,-0.5621134053831021,-2.387980946108617,-2.244076375862814,0.3908123440120571,-1.561446084773746,1.1403058261246317,2.4010498821505757,-0.2126717710126735,-1.3294819354361247,-0.31635791087616927,-2.330370331174625,1.6751304056855536,-0.29157880470616654,3.3991122094597426,0.3412221538581191,1.9726887889702271,1.393154066498314,-0.7125855543542186,-2.4454910284451317,0.15561353873627742,-1.8964941360461385,-2.104976839092767,-3.0114215371294337,-0.8232195065738258,-3.3499350631647045,1.80643530329896,-1.681174199032012,1.8954211366639757,-2.549121384608958,1.8432046532056934,-0.9426139571454264,-0.46585097603947145,-0.5900902233611419,-4.615550036933924,-2.2951171873017095,-2.874686172292746,0.2626028517399939,-2.277862597730884,-0.7136650834218001,0.7531658215218648,3.26488935809659,2.125557478763691,-0.4987974184421788,2.958583288647868,2.0097917049646923,0.6744192502290187,0.7203370259649855,0.22283079627731803,1.8995111577248136,1,21,train
-1.1888862647465703,-0.7045323269641074,-1.016668969061484,-0.8879235120010114,-1.4047821251743329,-0.9842510915687379,-1.324793332706052,-1.820269186782966,-0.19062820463143518,-1.3557335506579273,0.7735977499510608,0.20359348198969685,1.0572834647333205,0.1884209961986009,0.5763368240136364,0.871159000230416,0.7930304000503243,0.8377804639962368,1.507334616183353,-0.11379348442551054,-0.5194941065939338,1.0735230713377082,0.7090451032357176,-0.5340844417678574,1.2296948486575339,0.7337308753822244,0.26337931290003563,0.45736230920415477,0.27808433483996664,1.241029559688121,0.29863123205838016,0.7970468668677014,0.4394511869832295,-0.409746353933239,-0.36200027713296157,0.4876769440036283,0.48425747936155317,-0.2937011469334671,0.7290633832402764,0.4565802064397638,0.4723500753448591,0.38811110505951496,0.882301030261189,0.6049632808822089,0.19365187839247708,0.8540383987074269,0.7687347068990449,-0.2254722563416784,0.7496147778863689,-0.44240756740111514,0.01618998420551752,0.5441930991453504,0.5052473118156903,0.42244115985751046,0.4011353366442017,1,21,train
-0.2701246884939855,-0.4923972145567093,-0.7453430852634851,-0.45500895664459684,-0.7723207454702941,-0.540676426983766,-0.8348684302392755,-1.034575275142402,0.13792350276558538,-0.8184394475468341,-0.20665248141837547,-0.3924961915507162,0.584911427169613,-0.4978932943629131,-0.23836432506412408,-0.34419033848022984,-0.4403417351317398,-0.11252577481245975,-0.016099443204634956,-0.5332449105610632,-0.8311327526196771,-0.4817906024050268,0.2614496477181824,-0.8079913214262392,-0.10322797752913562,0.44162948423479853,-0.46495010593065095,-0.3251349064275619,-0.45084026178961645,-0.19189460179066697,-0.4368401660461297,0.2087346716696009,-0.2840218383562244,-0.723987489448398,-0.615769113765942,-0.34044407970684815,-0.37835116179948447,-0.6738653528758933,-0.3379739935280523,-0.09984005160197662,-0.23303227811110352,-0.1957809010082154,0.14640944326726985,-0.4070926126734515,-0.4469472363792829,-0.4042142746072167,-0.26981138885467826,-0.5047133359902088,0.3126705091713772,-0.7240454551040422,-0.041559184028060595,0.18737344517609897,-0.38725138712563806,-0.42955429444818893,0.08917840340282841,1,21,train
-2.0559044005783367,-1.1934264933069851,-1.6693766172341802,-1.7420234106229027,-0.20669481489349217,-0.8122527522398713,-0.8296977188675945,-2.4406799279869476,-1.8625673208919313,0.5921276028992516,-2.126187262846287,0.8296027144336827,2.4538616627477605,-0.9546933903535312,-0.8261130111845084,0.5124299333336351,-2.4302963143490977,2.2399118912824534,0.4618406538582632,2.7921175976001207,-0.43787446120623913,3.1367438666620555,1.6372970422351512,-0.4971531770948171,-2.7839168685014353,0.6637482504198202,-2.421621930187386,-2.4623021572136086,-2.966030628181804,-1.1847250537110703,-3.1771908913679154,2.161811705474462,-1.6401676307941482,1.7174244095539906,-2.8238196098302257,2.1763036124635384,-1.476609782626069,-1.1090218653382933,-0.8472997103625768,-3.107159065303764,-2.7791021597459467,-3.32299276871179,-0.07491133477601414,-1.7503667986655098,-0.8660752817318099,0.5089480030726091,2.593022914571703,2.4633491073707847,-0.5737021502218916,1.5290576465193741,1.620612527738405,0.5077297768419232,1.884788237049101,0.4443496143967999,1.5482525636026374,1,21,train
-0.7976553737598927,-0.6581716732591794,-1.0864073488328572,-1.3037773952251532,-1.5248383949028883,-1.6699813128404037,-1.8948642614338838,-0.5806454085086006,-0.5570065888669284,-1.9025493214190905,0.7150753480782588,0.45215597134245594,0.5467695856272019,0.9772367717141073,0.7130902311802605,0.7814767335062208,0.9757521978550745,-0.13217034822452584,0.27265603210419936,-0.10572711084598067,-0.037196202030283475,-0.05650951974099769,0.5895167713645577,0.11221269001034691,0.3301945895605164,0.9223796904982703,0.8410198864554078,0.37368486128978046,1.1351714979099161,0.04648949088679135,1.1152400441886545,0.37597062563454314,1.1629242123226833,0.009974323573022211,0.22663877691261164,0.3211274643747057,0.7804413987576989,0.16058312431848873,0.3852685243769724,0.7082941326967416,0.6268133644228071,0.8560994544920779,0.7107774272776439,0.9637830976883066,0.588965830259065,0.22491206205010514,0.04676296928077685,-0.08359977232669918,0.9399976378264724,0.05045873607900718,0.19696998911063163,0.7916227862043203,0.19373807063395243,0.5684975234527732,0.6688779013946717,1,21,train
-1.4286729398674374,-0.6609814098473568,-1.309788096538037,-0.9753594566789079,-1.2265542608350344,-0.8405419527873822,-1.1127941664671301,-1.1040421148911104,-0.5537643022807737,-1.1054497152846585,0.6214395050817753,0.4222364124388831,0.7785546226926234,0.025755596162917394,0.45704129861296433,0.8154941450222949,0.39903652353383157,0.45225571078444005,0.8302528120109138,0.10399860222179565,-0.12128917000548405,0.5631857721408733,0.7039587912412001,-0.09090926569137443,0.6775263727761964,0.5724665656862497,0.06474401685530294,0.37368486128978046,0.18997257041221483,0.4289518813363399,0.1965551305420959,0.8119786484717141,0.3691542128611773,0.03194922815450186,-0.0428271011615841,0.742127537881149,0.3934565697656545,-0.030694463577071625,0.7545296690820026,0.3695212545012602,0.35135383223379985,0.348747599032477,0.5254212756663937,0.3044133488565885,0.055530136174030686,0.22491206205010514,0.5637585037897574,0.2519399120896802,0.5467477959829798,-0.09249382813384216,0.25471915734420975,0.3879217178449483,0.9527328090688217,0.39079561441187016,0.43798064371995443,0,21,train
-1.976396187248786,-1.1583047859547668,-1.3610022191826392,-1.8155975591933278,0.35026726116681606,-0.7658584633419533,-1.0326481402060743,-1.179497475307811,-2.22786494293204,0.7036671382286431,-2.1466701035017675,0.3693018082248696,1.1042272697085957,-0.9636065629582261,-0.6748113692129244,0.883528968054443,-3.0555474662122277,-0.38263865922836837,-0.401106743616414,1.394618374946573,-0.10892255706795455,0.8232147769697369,1.2202194586847208,0.36149872655336857,-2.3297137673732387,0.7732862721001049,-2.6476551981003578,-3.3963234001497327,-3.2330359749325672,-2.4185592037229697,-3.0751147898516313,2.0304120273591506,-1.1890953801776465,1.640512243518812,-3.216245645860608,2.1439189914245813,-2.1878835744606087,-2.0319362269343717,-1.7106068003970958,-2.75324549981463,-2.786825324199844,-3.539492051860499,-0.3211307003491676,-1.0511281812997808,-1.013722661344632,-0.5741049309197425,0.5888111508364482,2.943013219992857,-0.6766961564189968,2.3505014856529116,1.9495317033296542,0.48168454662518956,1.2568251635557564,0.34697870533329134,1.4991254875016338,0,21,train
