q1_z_6,q1_z_0,q1_z_1,q1_z_8,q1_z_5,q1_z_4,q1_z_7,q1_z_2,q1_z_3,q1_z_9,q2_z_1_4,q2_z_2_6,q2_z_1_6,q2_z_2_7,q2_z_0_6,q2_z_7_9,q2_z_1_5,q2_z_3_5,q2_z_0_7,q2_z_1_7,q2_z_4_8,q2_z_5_9,q2_z_4_6,q2_z_5_7,q2_z_0_1,q2_z_0_2,q2_z_7_8,q2_z_6_8,q2_z_6_9,q2_z_4_7,q2_z_2_5,q2_z_1_8,q2_z_4_5,q2_z_1_9,q2_z_3_4,q2_z_5_6,q2_z_1_2,q2_z_5_8,q2_z_0_9,q2_z_0_4,q2_z_3_6,q2_z_3_7,q2_z_1_3,q2_z_3_9,q2_z_2_9,q2_z_2_8,q2_z_8_9,q2_z_3_8,q2_z_2_3,q2_z_6_7,q2_z_2_4,q2_z_0_8,q2_z_0_3,q2_z_0_5,q2_z_4_9,y,split,set
1.9992906585757773,1.7333737592267173,1.7786536249712572,2.1885445855674615,2.038411233603607,-0.8548432026111416,-0.22590195542613037,-1.7892108633308048,2.035564474851459,1.112888532201283,-1.3193866376647463,-5.584042326472129,1.9998967151532219,-2.054314180160094,1.8014580553835404,-4.381645268461264,2.6244923297220972,2.98461561023861,-1.0657224162672492,-1.523401095446946,-1.6214708049677289,-0.24827689965847693,-1.4532235993662315,-3.168662666433065,1.5517516278935444,-3.5342867383483503,-2.6555463317505525,2.165895838057612,0.6832969445604581,-0.04174358205761173,-5.238357291351575,2.322965862502614,-1.6446589673793197,0.9833284646828968,-1.6148551592149634,2.5886106290970834,-3.893324896125682,2.4700135860700536,0.9644565981558806,-1.5431437910846195,2.78951316357401,-1.9792156314637006,2.2876577622250176,0.9888680595747105,-3.869068629706544,-4.872520684441203,0.8669119890046914,3.2180783611104387,-4.658033854966124,-2.3516241880654825,1.2403853040397863,2.2140360946634456,2.163458054870384,2.3178288332491745,-1.0253142411586527,1,15,train
0.685987082900976,0.3684096359295936,1.1654670778299503,0.7746888812272712,0.7090406022869056,-0.4840605562159102,0.8784473661039892,0.5249995951670156,-0.6019216892190841,0.7288631937289123,-0.3827553408110386,-0.32067348500194837,0.02420883778308504,-0.04102941115210001,-0.3522525163117925,0.25877275684349144,0.3692053663239148,-1.3252114121487721,-0.15347695231741587,0.5976613299049739,-0.38453809192160465,0.05615547689981206,-0.34190436166766636,0.10320413718815312,-0.2894971117223217,-0.19490173738976016,0.2640247972277143,-0.02057089314338708,0.011321893689652127,-0.46692648400276265,-0.1262548399820401,0.29984633869063176,-0.31239550222215673,0.5527966303849002,0.20369716849161992,-0.08555713282058025,-0.08334043318251283,-0.014707489134255963,-0.03811563899492286,0.07356572958009541,-0.9208209204462153,-1.35374400399639,-0.9406740508018304,-1.0681465074944565,-0.0141726165486713,-0.06853018455205395,0.11373891555881394,-0.8970946141030358,-0.9246818764185296,0.07364861000479622,-0.23511468775825328,-0.0831248818145915,-0.6341538645840483,-0.2038016906376129,-0.3051169351771434,1,15,train
0.3241037591050577,0.4617825192514491,-0.8417516003840414,0.8279050069680483,1.4010264883285415,2.6188047478283942,1.43884455904539,1.0534577034556611,1.507003739551838,1.3319545328418791,-1.7695739384105607,-0.06248757797630267,-0.7237979907885413,0.8973660320295922,-0.19979884662998804,0.8322227892388758,-1.6695143058870252,1.4445254812481838,0.16343949132749377,-1.7745795405544103,1.9382733392594809,1.1758474381396207,0.6608674156045272,1.2044149707694045,-0.8037610988469526,-0.04751122680726638,0.6951969813335781,0.11133251906608016,0.03168477401907049,3.188377270033161,0.8228274716646247,-1.0870095510969435,3.105624699369581,-1.4293272041428893,3.0018784143350343,-0.1090559707987671,-1.112424571814388,0.610957835759248,0.20552621751937852,0.7755580214476689,-0.04881686579573765,1.692811578595583,-1.2754495147360883,1.4474055533547614,0.8048319869142361,0.44633318923309107,0.7012139128465984,0.8591814875692676,0.7387546835373497,-0.07002868845908285,1.9856890541630283,0.042614455845258956,0.048244023220130904,0.1707209240725096,3.107709938212711,1,15,train
1.4827746979056387,0.4924972835020594,0.5030380163866643,0.9766682675615841,1.5057715338807376,-0.5020742880245854,1.5969701778211802,1.6016421458454544,0.7093768754176013,1.4771187501338405,-0.12593708199631232,1.2171180138613273,-0.08739853028950682,1.503057636265048,-0.1320416601047416,0.7850640694695186,0.08542753649235539,0.2949148967734403,0.09235542920153274,0.0922034712319287,-0.5070913330759441,1.196486921296115,-0.6830535230076911,1.2758877892951108,-0.3951048947925584,-0.014513351303722997,0.7346506452386897,0.6926017932094951,1.373089515719505,-0.8159572244054983,1.2628565434280783,-0.008343859039940548,-0.6700318012704934,0.15022140870365666,-0.2821350592022556,1.3784204732204608,-0.031562614886569425,0.6535658686373003,0.14671611422282302,0.14346106599981054,0.2771054417592676,0.34310964563980717,-0.1184185253492675,0.3920008190677168,1.1007027598929828,0.7090185840214304,0.7042266051403818,0.3315952086957452,0.23013498350071493,1.6023750656604696,-0.7512878930800931,0.023269942359128114,-0.2260316551577546,0.08930296435291775,-0.7560512844178181,1,15,train
1.7931138094101502,2.1449516001848963,2.0014173801468753,1.7458831759964524,1.709690080008949,-0.5471086175462735,1.6146802471240689,1.2984795375541294,1.5686868837115524,1.5325450876453168,-0.869199336918932,1.2012644932544894,2.375087441865339,1.173197419873908,2.4330518297795876,0.9774716461284962,2.726552777293097,1.9223172220530877,2.612877798751235,2.752834408296179,-0.8719009811632802,1.4673801377251008,-0.8458747136472483,1.4850119620184734,2.5642088525451614,1.5671848144994565,1.8337169968810876,1.8484333883331319,1.7421667216902128,-0.8096112109436305,1.178733338532124,2.4571777228046376,-0.8911656961019079,2.4706202558941577,-0.8715053026341701,2.116283985735528,1.5390312067570473,1.8308930928992702,2.4291082183510486,-0.9839810997268985,1.949885497091248,1.977116863807997,2.011614835823086,1.7291883707614966,0.9977911866829839,1.322651666246991,1.9153289072413529,2.05269889177648,1.2140222720961724,1.9960508634514982,-0.6153203170440963,2.414735422082053,2.163458054870384,2.545799120464032,-0.7884926045070753,1,15,train
2.048687195355042,2.4066413916000964,2.361356710878006,2.1462135764554797,1.99718180077987,-0.5516120504984423,1.677930494634385,1.9307604569014478,2.14616873334474,1.778004582338997,-1.171338464936257,2.308746147075022,3.2418255130673823,1.6935803474564826,3.258237565676339,0.6681104444415126,3.7446679737940425,3.185918729460981,3.1015807258672172,3.1714651501419526,-1.0543058052069483,1.6015367782423129,-0.9880201975389252,1.2785349307219889,3.5514120421147655,2.9310970019792495,1.8816250173372946,2.454294824074922,2.123970727866807,-0.9397044869119229,2.3025330757319247,3.5010477473759307,-1.0631587254152302,3.1611485875279577,-1.1529163197683276,2.793050519507309,2.915458209790876,2.6045652688428502,3.2048414856437097,-1.2210174580198454,3.126227600518254,2.608573865700832,3.397702721585978,2.5104952735710806,1.565948830446519,2.4742644369990705,2.346143905252395,3.4126990773171157,2.55644475907811,2.1167397941611568,-1.0282588813015683,3.478683663819249,3.506311776208512,3.5065310451552154,-0.9604316009801382,1,15,train
0.12866528750014036,0.4003529907502284,1.1760190451803743,0.2098722739331147,-0.47324124165862674,2.338090760476539,-0.30559726728912867,-0.13635171127673124,-0.45622184870389687,-0.29388470082808826,2.3395182026250603,-0.35691010353186353,-0.4222206345072824,-0.1633051810212296,-0.2965948273803401,0.2682045007973629,-0.8107129787652007,-0.13679540710104143,-0.3608054668514689,-0.6954425171297491,0.7640422844783678,0.03551599374331789,0.275782377425257,0.04231988436995893,-0.14486036534351923,-0.32469338103703077,-0.2967808539949451,-0.16365256062484307,-0.19230690960453148,-0.26385405322298905,-0.20822103962425204,-0.10776005185625419,-0.6099707434150475,-0.3977281985847026,-0.9246017209613696,-0.386342258941372,-0.5407111614633463,-0.3914522008980863,-0.3713728910087374,0.6205727102561267,-0.39416500625137235,-0.20754480150844729,-0.721405910681147,-0.10496160435870708,-0.03990050985117101,-0.3080992645990194,-0.3020126209833104,-0.5313014607507269,-0.2826537304706464,-0.23382080870790498,-0.459209396410174,-0.26447969574706814,-0.5398030312220556,-0.4387506601141493,0.0030756056707997043,1,15,train
-1.1610138575410998,0.4028101718902772,-0.36456818798153295,-1.7167933693636546,-1.9285287894370104,1.0305940600301966,-1.8602883510926989,-1.2680203518162665,-1.6016140256006608,-1.9381993803352144,-0.14708682095752507,0.7098053544425147,-0.07790003087907348,1.2272262484207326,-0.8604314152511408,0.9454037166853333,-0.04401498237818048,1.888362479051724,-1.193081360909596,-0.016330424802160775,-1.1056071619692298,1.4854396854870333,-0.8820572004560387,1.5114833762872535,-0.6177995677884923,-0.808662221755667,1.4391803578299704,0.8647469243981218,1.052374150531166,-1.4442125571304227,1.1938323753083209,-0.04562493134605816,-1.4535556014756281,0.09989950599350123,-1.3653019930771255,1.1575313962255043,-0.053136705843212506,1.3913575958414681,-0.9874787350678903,0.37441956895191264,1.0303960731281208,1.9471899916803743,0.0010043009664618748,1.6446535255394759,1.0020791689000672,1.0641692377752652,1.4242600633546407,1.5884229663677807,1.1202194585648257,1.1282399807296686,-1.086170997020604,-0.8472331645167597,-0.9764499111996494,-0.9644780571606567,-1.3237743859798186,1,15,train
-0.6219473039934705,-0.49037517251747176,-0.4993988819036177,-0.6186060472585281,-0.38521083103497256,-0.5245914527854294,-0.35999248014800056,-0.3128504900764753,1.0560786856946163,-0.3928603035271529,0.30914326234863576,-0.29123123244639226,-0.3224863906977323,-0.38795136287381654,-0.3111142244928929,-0.003429725074134957,-0.273028669610667,-0.9977906760641932,-0.20086632706805657,-0.3109224283232608,0.43913369165058397,-0.3721137985974419,0.3378094976688979,-0.30710278397793817,-0.34230100325744,-0.27849635533207007,-0.3587794687029778,-0.18600907116882057,-0.3908449928163605,0.19305891603150144,-0.4001945072073274,-0.34138810497459127,0.15990281636839482,-0.20762323279078204,-0.49186591159469367,-0.46153854047156995,-0.2926091154619508,-0.36454186434352703,-0.09692574229147836,0.4686263267350069,-1.1258713788417485,-1.0365191594435912,-0.7155326569279145,-0.7581854083470477,-0.21785177186012733,-0.34382447829023355,-0.49482492778545506,-0.9135084094457676,-1.0372452526561455,-0.48669285400433215,0.19796722109714404,-0.2983325943477971,-0.836020763870172,-0.26660983099272656,0.2820709584384114,1,15,train
0.15551123140191472,0.18412105042593152,-0.18870206547446594,-0.01024897344919039,0.035997969164284015,-0.34595527901606693,0.23329484149876467,0.558222894705791,-0.07761496386151244,0.2009933126672346,0.13994535065893376,-0.8506340310019579,-0.7332964901989747,-0.9168651581216795,-0.5216454826249086,-0.44672169090609326,-0.5194673113064949,-0.7601074750546472,-0.43188952897743,-0.639625084883646,0.15412615408235264,-0.7694238493599547,0.03025835979417869,-0.8391782107804179,-0.6361661387572292,-0.4324864410152725,-0.894222050272351,-0.7471574858226557,-0.7013789178399905,-0.02270554167200796,-0.7259023005224328,-0.6644907316276106,-0.07215127080037327,-0.6353594058271034,-0.2078000735441763,-0.7717232017836364,-0.7197761164034838,-0.7749244968005565,-0.34616856102449933,0.043176452875871456,-0.6207997234253826,-0.8240383673374713,-0.34943317297641613,-0.6505956053372034,-0.4901386426449159,-0.6002054236036527,-0.9196145412089299,-0.44219800031875434,-0.6641185054981225,-0.9320924792423573,-0.23007885160877192,-0.5594835264105634,-0.5090841552437325,-0.43642443269358955,0.07120237785823977,1,15,train
-0.8667823123776527,-0.3712018872251036,1.4128520901565578,-0.9923283848471669,-1.8260123618752868,-0.725744791315636,-1.7869180639807323,-1.3396580914467509,-1.7887904630508284,-1.8880517416343552,-0.8299212502766797,0.4810616999724251,-1.86836716974576,1.4348106949427433,-0.032825779835630765,0.9340856239406875,-2.9913215658919206,2.038733483772049,0.16936316317132386,-3.2537414950761434,0.7440917568485916,1.3822422697045624,0.49804622496497003,1.3738320220895972,-1.1366551976553074,-0.005713917836111428,0.5176554937605753,0.41538106246417417,0.6502072640251532,1.1830370160828976,1.3771778218764266,-1.6984191369172725,1.1181496939711901,-2.740492335868606,1.087752533639492,0.6828548690661299,-2.3809811200650013,0.4921038493099444,0.23913199083169595,0.3197188708843095,0.7411670054965267,2.2165318408289774,-2.3874522253481256,1.9264363429462112,1.1628785020406904,0.5219865829321327,0.5776935288014744,0.7513194038884585,1.4099659270283187,0.6454842578910349,0.7695346240632788,0.10306606048941783,0.16892532170640054,0.16141601439027053,1.2001603169643893,1,15,train
-0.8238288021348137,-0.666063624030963,-0.5978839105075753,-0.899200164800807,-1.14294094779554,-0.45553881418550785,-1.1367055195746825,-1.0032721836166505,-0.9230994398438034,-1.1886241492276322,0.32727161002967525,0.13228424662199145,-0.23225064629861542,0.4338555555489382,0.010732411502027656,0.3115905229851716,0.08044897807425785,0.27551218648694675,0.39446269323686717,0.011578291320890801,0.45623414390467787,0.35284804727441577,0.35331627772980806,0.40233111842536806,-0.27572218349576905,0.13507701764567367,0.25557044067661894,-0.056341310013751075,0.19204245661324007,0.5547816833579731,0.2447500636616561,-0.11770167113788556,0.3564662784407632,0.08032987716177412,0.4293569463822179,0.0836345006223651,0.04178929436601707,-0.05507299396609493,0.45756951736175927,0.538521663154722,0.1238572044320797,0.4089487643205767,0.006877554719694467,0.39456248104414166,0.343873898577783,0.07857363652941605,0.08662468491476236,0.12056069714633623,0.2217969556312619,0.10525761566684963,0.3717035682542511,0.09097573956058605,0.15576008914426204,0.22422415474538424,0.5902634992863546,1,15,train
1.761972514484092,0.8635316356494325,2.2359055434896313,1.401187816084601,1.076762570714828,0.7468777840435622,0.8493522522492437,1.3524673993046392,2.0398184847935084,0.8120026999961266,1.312245167366155,1.4798334982032124,2.619673801683998,1.1931027777595802,0.5358506070726875,0.9831306925008191,1.870240729380321,1.1292314390926634,0.29672210781367075,1.4349228135965213,0.675689947832216,1.1423082780103178,0.8417798496484796,1.0905878894136503,0.7160726488160192,0.5442506738896116,1.0333712433773927,1.5577987512614244,0.8792896677311097,0.2470000304573788,1.312467664264154,2.091823214204685,0.3537362303564247,1.3803123638407897,0.9735952342360129,1.3478719838488178,1.8194943891934072,1.357719675148269,0.3651536407528863,0.17992819804487928,2.446323448996223,0.5585831249586893,3.0237722326301695,0.5482621996296336,0.9935032044659006,1.42562434100402,1.0808131418633207,1.8604230034759077,1.3286701553011515,0.9270917628802379,0.4975994719912852,0.5915150260142215,0.7460013490134717,0.496392762950877,0.30802401450981715,1,15,train
0.9673325749915712,0.0022896460623182302,-0.11132097157135647,0.7928307422752634,0.9575315082245622,-0.3969941858073134,0.8746523512533703,0.8458120813383151,0.8359336711935669,0.767133760105884,0.17620204602101278,0.053016643587801976,-0.7237979907885413,0.004468549729436584,-0.6958782479755423,0.2512273616803943,-0.5966349667870067,0.09361177755106961,-0.35191995908572377,-0.5745047472631923,-0.2163836447563481,0.2315910837300125,-0.24369475461523502,0.2885040370696137,-0.4846419282651504,-0.4346862993821754,0.09493766620580697,0.16945944648042166,0.2734939779309135,-0.3304871945726022,0.22749402163171675,-0.6396366834235322,-0.326045742643849,-0.3809542310146508,-0.3591248657766949,0.18937927152420594,-0.4587296158281025,0.03911318397486266,-0.22014691110330895,0.18904498105614648,0.024569614051084727,0.12165079189540048,-0.4492784867813702,0.09228636782600755,0.1230428143979938,0.06596473757957577,-0.054971852893062605,0.16980208317453166,-0.013752331680786184,0.30065874157772515,-0.18727424433818032,-0.4482525738653111,-0.45422901956815537,-0.5829767601888549,-0.24996669102540622,1,15,train
-1.107321969737551,1.2431661217869763,0.03757901215129363,0.364682821542648,1.7308619509184355,-0.8473374810241936,1.7550957965969707,-0.22044818823425635,1.8760391020246117,1.7357749918540626,-0.05644508255232754,-1.7973156900959921,-0.34623263922381564,-4.337743091902213,-2.3462497197690446,0.7756323255156471,-0.5095101944702999,2.3152221053545823,1.0164482368390264,-0.8442890031193576,-0.3645875642918284,1.40804162365018,0.6660363422914972,1.342066324967061,-0.8726357399797157,-1.4532207232582144,-0.5306847185752502,-0.8008131111282017,-3.249284319058463,-1.434693536937621,-2.557199760949747,-0.16492436272563454,-1.3307034376803981,-0.640950728350454,-1.4263628741534051,-3.0722594398481298,-1.2440265266499109,-0.014707489134255963,0.9784590037026795,-1.0629932191578808,-2.6907301402813433,2.354195452616041,-0.37684169049150157,2.064766089673154,-3.266607128206343,-2.083852533368193,-0.5430280044859912,0.188560706423368,-1.8001748027110978,-3.8085119944892165,-0.013537897181073281,-0.583664168268227,1.1299872987425115,1.045382434202982,-1.4373190062922188,1,15,train
1.7018376001441176,2.5442435354428308,1.8267236984565223,2.1861256707610623,2.0027533457560507,1.5259716847687648,1.6513653906800523,2.0802653048259367,1.5261467842910597,1.704102798990362,2.309304289823328,1.7266954619382595,1.5629657422732879,1.6907367249013865,2.708920374918091,0.6699967932322868,2.726552777293097,2.0023534019848737,3.2052449831342438,2.219467833500082,2.6137412032961893,1.387402140493686,1.9195010638817394,1.1408835765243324,2.74787456223253,3.41066612596408,1.7858089764248806,1.6002761212949816,1.0676463107782297,2.0270568065113315,2.4772505012850607,2.5690209397229906,2.4176525821162915,2.1826671459416014,1.621371537827847,1.9094942115274838,2.2552910265175976,2.568684820103438,3.210442447862429,2.7052770921658906,1.3692689359502122,1.7227384507232055,1.6925013818974484,1.6318452156573515,1.4501733105852703,2.6823112696714353,2.228648905794838,2.25904374751368,1.753909576643256,0.9960568661428999,2.219855435113912,3.75676104518238,2.472841020080639,3.7182177404261543,2.1409585995528473,1,15,train
1.7694893787765889,-0.21639947540202745,0.43855377146740643,1.811193875769224,1.9325518790561746,-0.6536898640809351,1.9435815341777127,2.0242009868542534,1.6771641372338086,2.008947655303481,-0.31326334136705386,2.0233827761519403,-0.13489102734167358,2.2964283291368424,-1.235515840658755,0.9642672045930761,0.12525600383713564,2.344326170784323,-1.255279915269812,0.027083133611475012,-1.0913567850908183,2.006586635188511,-1.0242026843477157,1.8132574989513466,-0.6292786746439528,-1.1848380024960616,2.0197128410051857,1.7545360440484263,2.1774232887315303,-1.1110468503823567,2.337045159791803,-0.030712502423611118,-1.177820744957445,0.1781780213204097,-0.9750433183722091,2.2666765487959237,-0.053136705843212506,2.0775711779827306,-1.0910965361142024,0.3683417136110678,1.988737162892507,2.402078448020237,0.15762440105266434,2.2594523998814435,1.9111313989217236,2.102301917978782,2.4063977511280648,2.198078221954962,1.9957123848573939,2.2259345409937046,-1.1541547850386022,-1.0237518500777036,-0.8777106669836107,-1.0272861975157703,-1.2037415016495672,1,15,train
-0.32556808331788173,-0.1156550486600255,-0.03628475930167452,-0.21827564679950068,-0.5579287252965724,0.8279395771826006,-0.6547386335460736,-0.6336629762477748,-0.7965426440678378,-0.7399347503252061,0.24267265418482425,-0.4792086910703273,-0.5955682487476911,-0.581317696620347,-0.40065050668696855,-0.14679223317298104,-0.49208524000695847,-0.41328402868357467,-0.3845001542267893,-0.5341921573076733,0.29662992286646833,-0.563029017795013,-0.14031622087583362,-0.4447541381755946,-0.5626998548822818,-0.4148875740800494,-0.5729565013307271,-0.4520515466421528,-0.38320891269282864,-0.26385405322298905,-0.4217645597447516,-0.5402204906072186,-0.14586256907751138,-0.45923274634155925,-0.4467339560165741,-0.468588191865026,-0.5471833887503391,-0.5977647811497077,-0.2089449866658698,0.03102074219418187,-0.3790560251064383,-0.42301828082732945,-0.3846726954958117,-0.20742808341570168,-0.29932343398470973,-0.5245520299046109,-0.6816118500000327,-0.47502559100421793,-0.23054105628656496,-0.5125547677278304,-0.4919423313818029,-0.4482525738653111,-0.32915931022783956,-0.2852196503572047,-0.23699016298970335,1,15,train
0.8309551799705576,1.7272308063765953,0.9497379675546147,-0.1952959561387106,-0.7016745856820331,-0.49006513348546865,-0.1702417376170522,1.1894655859425227,0.13721253821197532,-0.09329414602465073,-0.2921136024058411,0.3882053649895174,0.2925414461278272,-0.6865317311589004,0.7004037743482859,0.2889543374958801,-0.860498562946176,-0.5418269843315945,-0.5237064425567963,-0.1744798161661197,0.2538787922312336,-0.1889383855835562,-0.3289820449502412,0.03702560151620291,0.6471980076832561,1.0722166819463057,0.001939744143757924,-0.3894533171190158,-0.19739762968688607,-0.019532534941073997,-1.2522115824355833,-0.4606875363541676,0.2991352686696557,-0.014722605735186176,0.009895241597341725,-0.8398698319203782,0.6501786593433521,-0.15374422799947907,-0.22574787332202853,-0.6314654899579005,-0.24307519480203219,-0.3122888539551261,-0.17910881413267096,-0.23816802713280008,-0.33791527393845927,-0.48042088358016993,-0.17246685235061948,-0.2710255631731226,-0.39730161367562555,-0.38037165314106164,-0.5473365290260979,-0.49419579339487185,-0.21944903887668538,-1.3250433073474204,0.06795824584931405,1,15,train
-0.022745836105866998,0.0956625293841737,0.3224821306127422,-0.37671456661863234,-0.5289566914204331,-0.4044999073942614,-0.5092630642723466,-0.24225097855657768,-0.1552506453039115,-0.508991677360722,-0.008102822069555536,-0.8257213557626413,-0.8805232310606916,-0.9111779130114873,-0.7007180470130598,-0.5051985034200963,-0.9152627055452488,-0.7940622180560108,-0.4111566775240247,-0.9094093407398113,0.1883270585905404,-0.7358846892306516,0.022504969763723584,-0.8127067965116378,-0.677490923436887,-0.5138812005906795,-0.7645885831555554,-0.7672783453122355,-0.6810160375105722,-0.04174358205761173,-0.8294385527020689,-0.8459252835173829,0.21177372997082536,-0.7415945337707648,0.13732664558262056,-0.9009668106636641,-0.8168595257083777,-0.8377152820945283,-0.4077791454304146,0.034059669864604264,-0.6747603703715755,-0.8000968696353733,-0.49626451680723094,-0.5558141122094834,-0.5265864914901238,-0.5539727941209049,-0.8744241568021772,-0.5735083630606088,-0.6807945612370285,-0.8142770945019764,0.05696380891166582,-0.46517902316567555,-0.38840285675746283,-0.5178423924131814,0.20421179022419417,1,15,train
-0.2514732781489845,-0.041939614458560676,0.5897986368234841,-0.017505717868387262,0.003683008302436291,-0.35496214492040457,-0.004526089140023925,-0.13946639560849142,0.31375395080701973,-0.04446618202644553,-0.19845047272047034,-0.7170115001728957,-1.01112759795415,-0.7576222950363014,-0.49018678888104417,-0.458039783650739,-0.5368922657698363,-0.7043246829809781,-0.568133981385522,-0.6458270217998797,0.1427258525796234,-0.7513643015980223,0.12071457681615493,-0.8682967664760759,-0.6453494242415976,-0.5380796426266113,-0.7476798700533647,-0.8209339706177815,-0.6784706774693948,-0.02270554167200796,-0.7927694633884478,-0.5899285870153753,-0.009360164860588962,-0.3837498922763261,-0.06974938589345754,-0.7764229693792738,-0.6679982981075404,-0.6874659029982387,-0.4301829943052929,0.043176452875871456,-0.6704435186158801,-0.7103162532525057,-0.1888975703880586,-0.5173891825631104,-0.5630343403353317,-0.5917994909704258,-0.8412845415705587,-0.5172324933140997,-0.7558368120621058,-0.7797945428706454,0.0015696112673708109,-0.4434164454937784,-0.46081163584922463,-0.23404264710488984,-0.006656790355977447,1,15,train
0.10504085686657892,0.3192660131286171,-0.09842412258750488,0.5908513559409505,1.0789911887053003,-0.5020742880245854,1.2478288115642353,1.0347695974650999,1.3113192822175719,1.0680195923110403,0.1973517849822255,-0.6286847425062274,-0.5860697493372578,0.57603668330374,-0.39339080813069216,0.4907936581087292,-0.5319137073517387,0.7533039272918507,-0.15347695231741587,-0.6055144318443607,-0.24773447388885356,0.5540830080502339,-0.1377317575323486,0.6432209882712668,-0.500712677862795,-0.21910017942569196,0.20202618251968163,-0.4028672234454023,-0.48756867438109774,-0.524040605159574,0.4151534787073073,-0.704257208754136,-0.5253392528005557,-0.5179416328367407,-0.7015967639871317,-0.5014865650344875,-0.616220479811597,0.08844880099155474,-0.11932959116635666,0.07356572958009541,-0.42006611678554495,1.0613545767027477,-0.3787994417425791,0.863346622729892,0.4360655162450736,0.05125435547142877,0.056497761976927255,0.40897452959719516,0.5344730007357505,-0.5671521411441044,-0.5297111025029131,-0.25238937481823637,-0.11412717837957732,-0.24567378420768868,-0.5030089877216122,1,15,train
-0.7100019999912904,0.20500709011634655,-0.6553335105265504,-0.5315251142281656,0.10731374485939624,2.3140724513983053,0.42431058897991936,-0.4353614071257094,0.08829142387840881,0.3039279394742618,-1.171338464936257,-0.06475236663442238,-0.08739853028950682,-0.6154411672814996,-0.6208613628940195,0.27574989596046007,-0.5144887528883973,-0.5660803721897115,-0.3311871076323185,-0.5745047472631923,-0.5498424637111788,-0.026402455726164616,-1.2361286785134886,0.026437035808690876,-0.6568285310970581,-0.4588847414181072,-0.41514184571028023,0.08226905535890941,-0.5486573153693528,0.9767915785721901,-0.38725247568487287,-0.06550816990932089,0.3482761341877478,-0.4005238598463779,0.05768201809182129,-0.5179357516192183,-0.13080343328712762,-0.3735119765283801,-0.3321661554777004,0.14953892134065533,-0.4006402838849155,-0.36615722378484666,-0.3337711629677959,-0.12801656214653087,-0.3250513272872094,-0.08744353297681438,-0.5129010815481561,-0.32730143291963165,-0.4244002042513479,-0.8257712783790868,-0.88725546911609,-0.32251323620546063,-0.3006346396765395,-0.41083593106743216,0.8562823240182633,1,15,train
0.9404866310897969,1.4065686676002234,0.9391860002041906,0.33323692905946156,0.4583210783587767,-0.5065777209767542,0.7898970195895466,1.2891354845588487,0.8710292532154733,0.8027649770775472,-0.4915254268972757,0.3882053649895174,0.21417882599175206,0.35139050145115314,0.5769888988915871,0.31913591814826875,0.050577627565672655,-0.1076913416713011,0.6017912077709202,0.3960983801273792,-0.20783341862930116,0.06905515387262091,-0.4349450420331276,0.10055699576127511,0.3900660141209406,0.9556241885004525,-0.04878639516281428,-0.10105433110170607,0.30912901850739566,-0.4066393561150174,0.0786606591234898,-0.07296438437054442,-0.28509502137877224,0.4940877438897189,-0.46531770243109394,0.041336592261628766,0.5530952500384582,-0.17616950846161183,0.8048291749223727,-0.4673633957550911,0.2015605360345975,0.07376779649120445,0.38668129742873547,0.25623273431719895,0.41033762294257387,-0.11686429719310838,-0.1784922369381865,-0.015439321407727313,0.2697406158806168,0.24318782219217353,-0.5800694639977267,0.1199925097897823,0.493667724905817,0.2614437934743405,-0.3602671793288806,1,15,train
1.0908239169397334,0.3106658791384462,0.4526230612679718,0.6501147686977249,0.6912116583631276,-0.5396028959593254,0.893627425506465,1.0939485997685436,0.27972187127062564,0.8133223746987808,-0.19845047272047034,0.14813776722882935,-0.18238352439384034,0.14664967748423843,-0.2941749278615813,0.24368196651729712,-0.029079307123887878,-0.4060080123261396,-0.2867595688035928,-0.04734010938332919,-0.36743763966751075,0.12839366794754165,-0.6675467429467808,0.1879126628482494,-0.3882174306792821,-0.39068913204411754,-0.04878639516281428,-0.05187000790495558,0.329491898836814,-0.6731719215134702,0.0463055803173535,-0.24445731697868545,-0.5990505510776938,0.12226479608690365,-0.22638381995869614,0.1000836872070959,-0.10491452413915592,-0.16495686823054545,-0.12493055338507623,-0.03583566655511085,-0.42006611678554495,-0.19557405265739827,-0.16344680412405072,-0.11776991424083141,0.2088024587396595,0.042848422838201915,-0.033883006836578036,-0.33902557245015436,-0.3597804882630869,0.24318782219217353,-0.7059653677347609,-0.0831248818145915,-0.313799872238678,-0.28987210519832424,-0.4965207237037607,1,15,train
-0.7765799408676908,0.09443393881414928,-0.8206476656831934,-1.3019494800662335,-1.5240346241662959,2.465688027454655,-1.5465671234415308,-0.9482460937555539,-1.6133125529412964,-1.5581330659708066,-1.4432636801518497,0.25684762281857487,0.04795508630916842,0.8404935809276715,-0.4708275927309738,0.7756323255156471,0.5683477030478161,1.330534558315034,-0.5207446066348813,0.6875894151903623,-2.0546822620714407,0.9255937048671289,-1.4299634292748662,0.9847022323385299,-0.4019923589058347,-0.41928729081385513,0.9121921328116925,0.43773757300815164,0.5331207021309976,-2.8911036264363097,0.7041921827087916,0.36198145920082775,-2.690267383680945,0.6226881619267828,-3.279427873772668,0.38441962674315683,0.3028357949413984,0.8172704160108694,-0.3685724098993776,0.006709320830802699,0.49726488129973473,1.5731040900850928,0.6274847013112718,1.2834591868635699,0.7662401469604865,0.6207562913725484,0.9211404502927946,1.1006987618980355,0.7637687671457088,0.5190482352428214,-1.932191470133473,-0.3394396855058251,-0.5288320040869402,-0.44340311495526885,-2.6344037175858084,1,15,train
0.34987586525076103,0.4101817153104237,1.4949229473265224,1.0806816042367393,0.33240416189709415,-0.5125822982463126,0.6747815691207713,0.2799777610685474,-1.1251649120911433,0.4781250002246154,-0.6184238606645522,-0.33199742829254686,-0.15151340130993193,0.007312172284532621,-0.22399784181757607,0.366294637917626,0.13272384146428196,-1.174840407428447,-0.049812695050389356,0.6658826359835445,-0.46434020244070945,-0.08316103440652357,-0.06278232057128257,-0.021211509875113273,-0.05302751049983514,-0.2652972051306527,0.4951105429576544,-0.09211172688411508,-0.08794714791626239,-0.2257779724517815,-0.15645291353443397,1.0057013076864585,-0.04758083804132724,0.5388183240765237,0.4452858718803777,-0.30879609361335536,-0.13727566057412055,-0.08422585856686751,-0.10532718561955773,0.07052680190967302,-0.8841276805228041,-1.6799469101874756,-1.7139857949774553,-1.2218462260799483,0.1230428143979938,-0.04961683612729352,0.26136083795420595,-1.6966809300846855,-0.8746537092018115,-0.08726996427474833,-0.11173670209595989,-0.06136230414269431,-0.7614177793513872,-0.222411510002091,-0.05531877048986321,1,15,train
1.5429096122456134,0.8696745884995545,0.5886261960067704,1.2427488962654691,1.075648261719592,1.0275917713954175,1.2908389798712503,1.4241051389351236,0.2914203986112611,1.201306737279114,0.46625560891764484,1.0880250603485044,0.02895808748830172,0.9713002184620892,0.43179492776605904,0.6511333053245439,0.30697338609769564,-0.31384513846529516,0.7291501524132671,0.4426129069991318,1.1716030632009387,0.7037192609348166,1.23203381451472,0.8205794638720934,-0.15174782945679555,0.4166588886092439,0.8981015385598669,0.9027529923228836,1.044738070407634,0.989483605495926,0.7085061932162764,0.17806150249064753,0.8888256548867605,0.3962395997310833,0.21697127307341982,0.8191481293396137,0.18417829467986144,0.6311405881751675,0.5835911672829497,0.9092708389462543,-0.23012463953494586,-0.21652286314673402,-0.19281307289021368,-0.12033157621725628,0.7833920758288196,0.8708327872110474,0.8699246812984749,-0.13971520043126814,-0.34935795342627063,1.2230669977158288,1.0817564653311234,0.44643117486824024,-0.17775913576324676,0.3382092983528128,0.9892917363842177,1,15,train
2.0658685994521777,1.0232484097526062,0.9954631594064521,2.1365379172298837,1.9916102558036894,2.9400496317497686,1.6867855292858291,2.0242009868542534,1.988770365488917,1.7489717388806045,2.541951418396668,2.381219384134853,0.6796052971029862,1.4973703911548562,0.7076634729045624,0.6775421883953839,1.0761606616937645,2.8633486709480254,0.8180052300707183,0.8209310588893866,5.061955951007296,1.40804162365018,4.656447744632391,1.1514721422318444,0.24313344637104606,0.7092400514073285,1.8844431361876597,2.338040969246239,2.001793445890297,4.152971316237086,2.244293933880879,0.9733910450211567,4.754573742310003,0.8938673043092872,4.549639008572901,2.696705283796743,0.7041138867349598,2.472256114116267,0.9252498626248435,2.067102281377187,2.8628996434208323,2.36616620146709,1.0855984940634138,2.233835780117195,1.3000939329873555,2.4574525717326168,2.3220423669021266,3.13600938439678,2.402191243493229,2.044901144929217,4.400372487839342,0.9929136808514364,1.0224712328183803,1.0802758455113786,4.398874477765147,1,15,train
-0.14301566478581612,0.49372587407208385,0.9438757634710457,-0.27512014474987617,-0.2303218806971507,-0.3939918971725342,-0.33595738609408043,-0.24121275044599094,0.7232024077292614,-0.32819624309709733,-0.3495200367291329,-0.7011579795660579,-0.7475442393146247,-0.49600901996746594,-0.6716792527879543,-0.1166106525205924,-0.5119994736793486,-0.9007771246317254,-0.4615078881965804,-0.7140483278784502,-0.014028293082903856,-0.45983160201254214,0.05610299322902905,-0.39710559249179045,-0.24587650567157174,-0.564477943029446,-0.35596134985261263,-0.28884901967111704,-0.3221202717045735,0.16132884872216183,-0.5209868014169029,-0.5775015629133361,0.012480219814118626,-0.5542852292385195,-0.3962923586057346,-0.722375642029444,-0.7370353891687983,-0.5865521409186413,-0.39377673988361567,-0.01760210053257647,-0.6877109256386619,-1.0006069128904442,0.10280736602249348,-0.7684320562527472,-0.2778835228992933,-0.509841647796464,-0.5580914659549088,-0.5922669863094451,-0.8204565280503667,-0.4263483886495029,0.06703548121062855,-0.3878009692211522,-0.2699157636982163,-0.4992325730487033,0.08742303790286836,1,15,train
0.06101350886766899,-0.014910621918023566,0.23103174690906736,0.08287924659716946,0.20648724543541166,-0.34445413469867736,0.06631418807153013,-0.0034585131216298207,-0.21161627703606425,-0.08405642310607137,0.05232500353390948,-0.9117833247711898,-0.7332964901989747,-1.0163919475500407,-0.7587956354632711,-0.5674480135156479,-0.5219565905155437,-0.8498450101296798,-0.5207446066348813,-0.6520289587161133,0.011622385298236967,-0.7616840431762694,0.038011749824633796,-0.8471196350610519,-0.6591243524681502,-0.5314800675259027,-0.8350415544146834,-0.798577460073804,-0.808284039569437,-0.16549084456403626,-0.8078685001646447,-0.5576183243500734,-0.32331569455951054,-0.4340717949864815,0.0019307788482617989,-0.9432647190244005,-0.5407111614633463,-0.8601405625566609,-0.5253993520235256,0.02798181452375947,-0.7028199067835958,-0.9078336092948144,-0.466898248041068,-0.5686224220916077,-0.5480264025755403,-0.730497379418669,-0.9587795410281156,-0.613370437464386,-0.6745410403349388,-1.0355401341363502,-0.10418294787173783,-0.4845235366518064,-0.5617450854922865,-0.6062390343944526,-0.13966620272193186,1,15,train
1.7974091604344342,-0.6034055049597179,1.0517403186087135,1.8402208534460116,1.8879795192467295,2.7343928602673935,1.8373211183603815,1.8425110675015757,1.5686868837115524,1.8281522210398562,2.4482882887112973,1.9622334823827083,0.8458290367855699,1.9864734706313745,-1.842910619867214,0.9699262509653991,1.262856602372422,1.9950773856274386,-1.868379951106226,1.3636005390598338,4.058729418767122,1.8388908345419959,3.744132184382174,1.7603146704137864,-1.0517098069248996,-1.6292093926104458,2.0084403656037253,1.9468020347266328,2.1188800077844525,4.17200935662269,2.0458494505365765,1.0554094040946154,4.2031040292736375,1.3523557512240367,3.3124924615491516,2.280775851582836,0.978104841884327,2.0686010657978775,-1.6735966068610377,-1.4428591779606803,1.8505979067102531,2.0549267313398154,0.8565415976873428,1.8470248216770404,1.6581404481138098,2.028750007438047,2.258775828732673,2.0151816452788074,1.6517687352424564,2.2546700006864806,3.6852837546129886,-1.674211116048853,-1.3757952989178506,-1.5553398219828374,4.2593768013813404,1,15,train
-0.728257241844497,-0.14514122234061144,-0.7561634207639355,-0.6597275989673103,-0.571300433239406,0.7934132578826398,-0.5623932721810121,-0.532954849520862,0.06489436919713786,-0.5881721595199737,-0.2739852547248016,-0.4656199591216091,-0.26549539423513213,-0.575630451510155,-0.4998663869560794,-0.28260934610872995,-0.1784360596668139,-0.8595463652729266,-0.2689885532721026,-0.2892156491164429,-0.11378093123178484,-0.5243299868765865,-0.4349450420331276,-0.43681271389496057,-0.45250042906986093,-0.3730902651088944,-0.27423590319202407,-0.4609941508597438,-0.3882996327751832,-0.5303866186214419,-0.4800037015957969,-0.4283772736888657,-0.4980387719571712,-0.2942887319027164,0.039098271677301455,-0.46153854047156995,-0.2041553425397141,-0.41612000940643235,-0.2733560521811449,0.04621538054629385,-0.778364812508266,-0.9168116709331011,-0.4434052330281376,-0.619855661620105,-0.3893710605434587,-0.31860668039055295,-0.5430280044859912,-0.48674973053474063,-0.8287945559198198,-0.4550838483422788,-0.3056163938509924,-0.2862422734189653,-0.35548977535211657,-0.30382946972168284,-0.321337595221772,1,15,train
-0.6520147611634578,-0.002624716217779426,0.02233728153401449,-1.103598465941519,-1.360231201866585,-0.5140834425637022,-1.3378413066574877,-0.7893971928357842,-0.5040794605519511,-1.3615015352753315,0.09764587273650825,-0.18931574283100583,-0.6573084949155078,0.27745631501865614,-0.444208698024627,0.2964997326589773,-0.6962061351489574,-0.11011668045711279,-0.4378132008212601,-0.6830386432972818,0.45623414390467787,0.2651302438593155,0.22667757389904136,0.391742552717856,-0.4111756443902031,-0.36649069000818574,0.4753837110050985,-0.022806544197784828,0.14368061583087147,0.5674737102817089,0.21670899536300467,-0.6247242545010852,0.6676917600553463,-0.5123503103133901,0.13467182466626057,0.02958717327253534,-0.5212944796023675,0.2902763251507496,-0.31816374993090146,0.18904498105614648,-0.17832241846660066,-0.0489323792320479,-0.3983769542533544,0.012874846556836725,0.22166640539090937,0.18574927760305848,0.3216146838298761,0.09476759017918625,-0.12006218701631231,0.15410789714456852,0.4094723393753613,-0.4047274185215167,-0.42789855444387837,-0.3643113826562368,0.5772869712506516,1,15,train
1.7276097062898208,2.1338942850546765,1.993210294429879,1.732579144561258,1.6361456863233645,-0.6071543902418575,1.5754650936676728,1.2527975006883132,1.5091307445228628,1.4982335453763076,-0.9870335968456888,1.1265264675365394,2.232609950708839,1.187415532649388,2.4088528345919995,0.9680399021746248,2.529899719778244,1.7282901191881521,2.630648814282725,2.672209228385141,-0.9374527148039734,1.4570603961468538,-0.8691348837386136,1.4664819720303275,2.5412506388342404,1.4901897716578552,1.681538578961371,1.7411221377220398,1.7090770411549079,-0.933358473450055,1.1097091704123665,2.32793667214343,-0.9020858884392616,2.3839547567822232,-0.9086727954632098,1.8836454897514783,1.4203737064955102,1.6985839381726868,2.4599135105540064,-1.2301342410311127,1.7621024457184968,1.8663874369357936,1.927431532026752,1.5959819479874036,0.9763512755975675,1.211273058856735,1.7195039081454246,1.900285077879685,1.0639377704460178,1.8983503004960605,-0.6203561531935776,2.434079935568184,2.086660864924576,2.515558163996755,-0.8987930928105496,1,15,train
0.46585034290642624,0.23940762607703014,0.13606404075525116,0.7517091905664811,1.0366474468863274,-0.49606971075502704,1.0618730838839059,0.6765808993126782,0.22122923456744828,0.8885438327500699,-0.10478734303509955,-0.368234046822462,-0.4435922581807575,0.04143564294568507,-0.3619321143868277,0.17577341004942265,-0.3327713706278374,-0.5491030006890296,-0.20086632706805657,-0.2551049960771576,-0.4215890718054747,0.23417101912457428,-0.28763063145448065,0.33879972418029586,-0.39280907342146626,-0.20150131249046882,0.14002756781164893,-0.19942297749520707,-0.1770347493574677,-0.597019759971055,-0.08311473490719169,-0.29416541338684227,-0.5744801183186478,-0.1377317012488995,-0.013998146649898055,-0.2382995796787948,-0.26456279721831477,0.03238559983622283,-0.010110827901325002,0.015826103842069887,-0.36610546983935205,-0.41703290640180496,-0.3729261879893465,-0.25609966096777415,-0.003452661005963088,-0.10425539824326809,0.053485069683143746,-0.44454282822485885,-0.49944245507642515,-0.2022118030458516,-0.32575973844891787,-0.29591453016203073,-0.2940520233954702,-0.16425582448809684,-0.3927084994181378,1,15,train
-0.022745836105866998,0.7124149955364295,0.056338065218714116,-0.10942448051154763,-0.5724147422346422,-0.36096672218996295,-0.5914883860357576,-0.2360216098930573,-0.6976369129151925,-0.5987295571412072,0.106710046577028,-0.8076030464976837,-0.6549338700628995,-0.5955358093958273,-0.6668394537504366,-0.1750874650345954,-0.4771495647526659,-0.4714921595430554,-0.9057832764838369,-0.5558989365144913,0.057223591309153984,-0.45467173122341864,-0.0576133938843125,-0.45269556245622866,-0.610912103675216,-0.6722710030076877,-0.663136304542411,-0.7024444647347008,-0.6301088366870262,0.29459513142138827,-0.6029530010591149,-0.5377350857868107,0.20631363380214846,-0.5095546490517147,0.32581893064417883,-0.7059264554447132,-0.4781462976890813,-0.5955222531034944,-0.7550388029910281,-0.28502773552974736,-0.6272750010589258,-0.3900987214869447,-0.4434052330281376,-0.19718143551000222,-0.3679311494580423,-0.5434653783293714,-0.654497619355981,-0.5899221584033406,-0.5598931571299596,-0.748185537208592,0.05444589083692514,-0.5353028845528999,-0.8491859964323105,-0.7807060909364351,0.24638550634022852,1,15,train
0.40356775305430975,0.927418345290702,1.258089902350339,-0.05983672698036901,-0.27823716749230426,-0.5065777209767542,-0.14747164851333835,0.3786094315742867,0.8625212333313748,-0.07481870018749201,-0.5942527304231662,-0.3478509488993848,-0.1990058983620987,-0.40501309820439274,-0.22157794229881725,-0.03172495693574932,-0.539381544978885,-0.8280169610573745,-0.3904238260706194,-0.5248892519333228,0.1712266063364465,-0.20957786874005035,-0.2178501211803847,-0.16415714692652572,0.31200808750380915,-0.19490173738976016,-0.4489592719146617,-0.4386376403157663,-0.3450285120751692,-0.13058777052376266,-0.46490466481959997,-0.49299779901946955,0.14352252786236414,-0.19644058774408082,-0.5024851952601336,-0.6753779660730703,-0.04450706946055528,-0.37799703262080664,-0.17253873224419258,-0.236404892802989,-0.1308370491539509,-0.6474698217844984,0.5080618749955423,-0.4021143936239915,-0.05276445650242086,-0.42368083830588865,-0.46771069714140345,-0.47268076309811335,-0.320174855883185,-0.5470373193591613,-0.19986383471188374,-0.32251323620546063,0.30935446903587793,-0.4061834762263126,-0.05856290249878892,1,15,train
0.7160545400709633,-0.3847163834953722,0.34358606531359026,0.11311568167715641,-0.026403334568939178,2.243518668480994,0.04860411876864162,0.7098041988514535,0.3594845576840493,0.047911047159348075,0.9104001271031127,-0.0036030728651905005,-0.2251267717407904,-0.21733400956805432,-0.8338125205447939,0.2512273616803943,-0.38504623401786153,-0.5151482576876659,-0.32230159986657336,-0.16207594233365236,0.49898527453991254,-0.07284129282827649,1.3354123482541214,-0.18268713691467178,-0.6751951020657949,-0.6282738356696299,-0.020605206659163055,-0.1435317011352633,-0.1312182686162764,0.3802663131566052,-0.3721534389086759,-0.31156324712969713,0.11076195085030276,-0.10418376610879586,0.4399762300476578,-0.2876471394329872,-0.07255338770419129,-0.17392698041539856,-0.27615653329050466,-0.8259568608649339,-0.2776100088475956,-0.2524351096998811,-0.21043283414991146,-0.1100849283115568,-0.05705243871950415,-0.2345473540582844,-0.22066992905115565,-0.2335083166754499,-0.21594950751502215,-0.1677292514145206,1.1220431545269742,-0.49419579339487185,-0.5661334963463327,-0.3084819245628024,0.46374235093825156,1,15,train
0.3842386734450322,-0.3675161155150304,0.5839364327399151,0.6017364725697457,0.4817215672587354,-0.4330216494246638,0.309195138511144,-0.05121700620861939,-0.44984083379082296,0.2049523367751972,-0.2618996896041086,-0.7192762888310154,-0.5908189990424744,-0.5955358093958273,-0.7055578460505775,-0.13924683800988388,-0.24315731910208183,-0.9056278022033488,-0.6007141765265874,-0.5186873150170892,-0.26198485076726513,-0.26633644742040935,-0.2566170713326602,-0.30445564255106017,-0.7509572073118342,-0.4720838916195246,-0.25732719008983335,-0.40510287449980004,-0.4366614735575518,-0.18135587821870605,-0.5684409169992362,-0.314048651950105,-0.2359541558606802,-0.3446106346128719,0.13732664558262056,-0.24769911487006954,-0.5946463888549539,-0.22326259743209062,-0.42458203208657336,0.2589403174758616,-0.7049783326614436,-0.8719213627416673,-0.6646311243998986,-0.6685272391721775,-0.3229073361786678,-0.5182475804296908,-0.44662185108491886,-0.7845428746100177,-0.5036114690111516,-0.515428313697108,-0.14698755514232945,-0.6876409282561802,-0.2962462288224933,-0.5643669408243768,-0.13317793870408043,1,15,train
-0.10435750556726105,-0.2901149096034923,0.0633727101189968,0.06957521516197519,0.003683008302436291,-0.4465319482811702,0.06757919302173646,-0.013840794227497118,-0.3987927144862318,-0.03126943499990359,-0.0655092563928473,-0.9072537474549505,-0.7261726156411497,-0.9225524032318715,-0.46356789417469735,-0.49010771309390194,-0.614059921250348,-0.7819355241269523,-0.5296301144006264,-0.639625084883646,-0.025428594585633107,-0.7513643015980223,0.10520779675524472,-0.8497667764879299,-0.6200953891595844,-0.4258868659145638,-0.6772268987942366,-0.8499974343249522,-0.7828304391576639,-0.09885770321442305,-0.7862984476272206,-0.6371512786031244,-0.19773348267994192,-0.604607131948675,0.22493573582249973,-0.7975719235596419,-0.5256092977936961,-0.6874659029982387,-0.5758080119920018,0.07660465725051781,-0.6510176857152506,-0.892870173231003,-0.374883939240424,-0.6557189292900532,-0.650937975785539,-0.686366233094228,-0.8111576186327235,-0.5735083630606088,-0.6787100542696652,-0.9522073010273003,-0.09914711172225647,-0.6271893236120214,-0.33354772108188574,-0.4015310213851931,-0.05531877048986321,1,15,train
-0.7432909704294907,-0.858952343524796,-0.6025736737744303,-0.7770449670776597,-0.7908193053009234,-0.47205140167679344,-0.8571394255790852,-0.6243189232524942,-0.29137896344948794,-0.8679431964826628,0.2698651757063835,-0.3886171447455393,-0.29636551731904054,-0.11211997502950094,0.04945080380216847,0.03241090195057657,-0.10873624181344842,-0.5054469025444192,0.18121050685898404,0.014679259779007643,0.4505339931533132,-0.2069979333454886,0.42568125134738904,-0.17739285406091576,-0.030069296788914113,-0.023312784771334565,-0.27423590319202407,-0.15470995640725207,-0.1337636286574537,0.478629521815558,-0.28371622350523673,-0.16492436272563454,0.391956903537163,-0.03429223456691329,0.12936218283354062,-0.34169446678281695,-0.09844229685216299,-0.23223270961694373,0.16071851976962195,0.4108867009969814,-0.36610546983935205,-0.44396709131666523,-0.1888975703880586,-0.3406345061897947,-0.08063634091346221,-0.14838654456770908,-0.43758377420356837,-0.20537038180219538,-0.4389917530228907,-0.2625562684006808,0.2961660260120306,-0.04443585484232982,-0.28088679083333173,0.007885004633325914,0.47996301098288013,1,15,train
1.599823013317375,2.5417863543027823,2.32852836801002,2.073646132263511,1.8601217943658264,-0.6221658334157535,1.591910158020355,2.0480802333977484,1.3464148642394784,1.7067421483956704,-1.3616861155871718,1.42321378175022,2.1637458299831973,1.6224897835790817,2.4693503225609694,0.5624749121581523,3.3289583458828984,1.6603806331854247,3.0482676792727466,2.811752809000399,-1.1882593478640169,1.4338409775957979,-0.9595911007605898,1.058822192291114,3.721302823575581,3.333671083122479,1.3180012472642701,1.1799737230682046,0.8563814273605141,-0.8794173590241776,2.2766490126870154,3.232624026771884,-1.014017859897138,2.8648084937903757,-0.9060179745468498,1.4465671033572027,3.0513749828177277,2.0192654487811854,3.210442447862429,-1.5765719954592659,0.9591680191591462,1.2139816245536226,1.8863187557541239,1.2706508769814455,1.5252129993842278,2.367088795925428,1.840011599896765,1.6728367709875442,1.4620786012124,0.6799668095223659,-1.1642264573375651,3.527044947534576,2.1020203029137376,3.411155720912265,-0.8858165647748468,1,15,train
0.11685307218335964,-0.027196527618267706,-0.05269893073566744,-0.22674184862189703,0.015940407250033706,-0.3489575676508461,-0.07536636635157798,-0.024223075333364416,0.15422857798017237,-0.1685156040759398,0.06743195993477574,-0.8483692423438383,-0.8092844854824415,-1.1187623595334981,-0.613601664337743,-0.6957197312882997,-0.5642743370693727,-0.9347318676330891,-0.502973591103391,-0.6086154003024776,0.17977683246349346,-1.1512542877550969,0.03542728648114876,-1.0403609592231464,-0.5718831403666502,-0.4566848830512043,-0.8801314560205254,-0.6957375115715075,-0.7268325182517634,0.002678512175463735,-1.0429820728225685,-0.7117134232153596,0.06435113341654915,-0.4340717949864815,-0.09098795322433735,-0.9503143704178565,-0.6917297981598478,-0.8399578101407416,-0.44138491874273206,0.12218857230685376,-0.7330378690734639,-1.105350965337123,-0.4277432230195174,-0.8504052394983429,-0.6938177979563719,-0.759918143634963,-1.049160309841621,-0.6555773397742678,-0.9288508903532562,-0.8918628356724712,0.06451756313588786,-0.5909183608255261,-0.43009275987090145,-0.47829652626366537,-0.01314505437382888,1,15,train
-0.6788607050652322,-0.16602726203102647,-0.4220177880005082,-0.5593426345017536,-0.6247872650107402,-0.4780559789463518,-0.5244431236748225,-0.5132285154197141,-0.22969581928977362,-0.5670573642775065,0.263822393146037,-0.40447066535237725,-0.5148310037590076,-0.5329761131837144,-0.5264852816624263,-0.3203363219242158,-0.39002479243595906,-0.7164513769100366,-0.3904238260706194,-0.540394094223907,0.15412615408235264,-0.6688063689720456,0.2654445240513169,-0.6591725937527133,-0.5718831403666502,-0.4522851663173985,-0.6434094725898551,-0.46322980191414154,-0.31193883153986435,0.36757428623286936,-0.5037307593869635,-0.5725307532725205,0.2527244512359021,-0.44805010129485806,-0.02992707214805791,-0.3581436533675478,-0.3163406155142581,-0.5887946689648546,-0.24255075997818726,0.2528624621350168,-0.46970991197604245,-0.6983455044014567,-0.38858819799796673,-0.6377872954550791,-0.2714515495736684,-0.43628973725572895,-0.7810306956948885,-0.5101980095957861,-0.6120058313140411,-0.4033600208952823,0.12746551500440492,-0.30558678690509616,-0.3642665970602089,-0.4085097036468724,0.31126814651874285,1,15,train
-0.003416756496589463,0.2172929958165907,0.1501333305558165,-0.14812711741393095,-0.42421164586823706,-0.34445413469867736,-0.09687145050508546,0.5384965606046431,0.2701503489010148,-0.0985728448352675,0.025132482012350223,-0.8302509330788806,-0.7119248665254996,-0.7860585205872618,-0.6692593532691955,-0.4806759691400305,-0.6090813628322506,-0.7989128956276342,-0.4141185134459397,-0.6086154003024776,0.008772309922554653,-0.7797435909382018,0.03284282313766373,-0.7438811194128095,-0.521375070202624,-0.5556785095618345,-0.7561342266044601,-0.7024444647347008,-0.6631985172223311,0.06613864679414297,-0.9761149099565535,-0.547676705068442,0.124412191271995,-0.41729782741642973,-0.2290386408750561,-0.8163709939421915,-0.4306832975844665,-0.7995923053089026,-0.46378876761761034,0.09787715094347459,-0.6402255563260121,-0.9138189837203389,-0.3455176704742611,-0.6762122251014521,-0.6402180202428309,-0.7410047952102026,-0.7478910804632699,-0.613370437464386,-0.6641185054981225,-0.7740474509320903,-0.21497134316032784,-0.4264899961934139,-0.4915305118275478,-0.45038179721694815,0.23340897830452564,1,15,train
0.40786310407859366,-0.2667716887730284,-0.2262201716093069,0.3804057677842412,0.40483424658744255,-0.4570399585028974,0.5482810741001389,0.4575147679788782,0.2967379110388227,0.522993940114858,0.13994535065893376,-0.6332143198224668,-0.7879128618089665,-0.6381901477222678,-0.5748832720376023,-0.18074651140691828,-0.7907987450928105,-0.6946233278377313,-0.6510653871991432,-0.8287841608287734,-0.025428594585633107,-0.47789114977447456,-0.1377317575323486,-0.46328412816374065,-0.45479625044095306,-0.6700711446407849,-0.5053216489219641,-0.4520515466421528,-0.36793675244576485,-0.17183685802590418,-0.6180520378353118,-0.7266258521378066,0.001560027476764832,-0.69686395358396,-0.239657924540496,-0.49443691364103154,-0.6874149799685192,-0.4475154020534182,-0.533800795351605,0.07660465725051781,-0.6272750010589258,-0.5457184565505818,-0.4747292530453781,-0.3995527316475666,-0.38508307832637545,-0.5035371983215439,-0.5852056965989604,-0.4961290421591588,-0.6078368173793145,-0.4493367564037236,-0.11173670209595989,-0.515958371066769,-0.5814929343354942,-0.5155161649926217,-0.15588686276656044,1,15,train
-0.8721515011580075,-0.5825194652693029,-0.8464413636508965,-0.8399367520440326,-0.8097625582199375,-0.556115483450611,-0.7900941632181501,-0.5859044831607852,-0.8380192410028181,-0.7927217384313738,0.5115764781202435,-0.2731129231814347,-0.10639552911037353,-0.19742865168238205,-0.08364366972956559,0.08900136567380529,0.05804546519281895,-0.14892210103009992,-0.16236246008316102,-0.0256333301765113,0.4106329378937608,-0.12959987150863547,0.5238908583998204,-0.0609186312782834,-0.18388932865208496,-0.0981079692460329,-0.07414946481610038,-0.07422651844893308,0.04186621418377967,0.2977681381523222,-0.17586596081811573,-0.1201870759582934,0.40014704779017835,0.03559929697496927,0.416082841800418,-0.04795899205548128,-0.053136705843212506,-0.24793040594043667,-0.057719006760441366,0.6144948549152819,0.10874822328714569,-0.016012819891663123,0.12434262978434632,-0.0665366747123341,-0.059196429828045787,-0.1925176908921501,-0.3261141593335785,0.0009744739350044944,-0.0325128943870555,0.05640733418913074,0.35911397788054766,-0.09521520274342328,-0.050495220995907884,-0.04794445346010849,0.3793949187061829,1,15,train
0.2639688447650831,-0.027196527618267706,-0.1324249062722045,0.2376897942067027,0.08057032897372916,-0.38048159831602774,0.22190979694690777,0.1958812841110223,0.22122923456744828,0.14424730045310427,0.1006672640166815,-0.8551636083181974,-0.8449038582715666,-0.8884289325707191,-0.6595797551941602,-0.574993408678745,-0.6937168559399086,-0.6703699399796144,-0.6184851920580777,-0.9218132145722786,-0.09098032822632632,-0.8132827510675048,-0.1816676343715942,-0.8418253522072958,-0.6591243524681502,-0.4874829001878448,-0.8153147224621276,-0.7561000900402468,-0.5690201956987712,-0.13058777052376266,-0.7755134213585084,-0.6371512786031244,-0.11856208823412691,-0.6772943247522328,0.02582416709550158,-0.684777501264345,-0.6226927070985899,-0.665040622536106,-0.36577192879001785,-0.11180885831567075,-0.6164828716696872,-0.8240383673374713,-0.5197575318201613,-0.5378824783745093,-0.5630343403353317,-0.6884677162525347,-0.8834622336835278,-0.5922669863094451,-0.6391044218897634,-0.7596797210857024,-0.14446963706758875,-0.6102628743116568,-0.5814929343354942,-0.36663761007679657,0.04524932178683403,1,15,train
-0.07965923717762864,-0.2938006813135655,0.3506207102138729,0.2824397181250834,0.4037199375922064,-0.3879873199029758,0.4281056038305383,0.13981696613933886,0.07127538411021177,0.339559156445925,0.007004134331310718,-0.7102171341985366,-0.8116591103350498,-0.7377169371506291,-0.6087618653002255,-0.2977001364349243,-0.41989614294454425,-0.6727952787654261,-0.7606533163099998,-0.4845766619778039,-0.05677942371813856,-0.6739662397611692,0.03284282313766373,-0.47916697672500874,-0.6292786746439528,-0.5952759601660865,-0.7758610585570159,-0.709151417897894,-0.7013789178399905,-0.14327979744749852,-0.6892332112088116,-0.5601037291704812,-0.14859261716184985,-0.33622365082784594,-0.05913010222801764,-0.9150661134505762,-0.588174161567961,-0.6583130383974661,-0.6318176341791976,0.11914964463643135,-0.5927401870133623,-0.7581992486567017,-0.4903912630539984,-0.6377872954550791,-0.5030025892961657,-0.6443365699280936,-0.790068772576239,-0.7235773490512996,-0.7078931518127509,-0.8660009219489729,-0.056342504451664874,-0.6876409282561802,-0.6560959188542791,-0.7178979505813213,-0.06180703450771464,1,15,train
0.26289500700901214,-0.4363171874363976,0.45965770616825447,0.5835946115217536,0.5864666128109315,-0.4405273710116118,0.426840598880332,0.09932606982645642,-0.11377404836893118,0.31052631298753275,-0.27096386344462836,-0.7464537527284518,-0.6026921233055161,-0.7604659175913974,-0.7079777455693362,-0.17131476745304683,-0.24813587752017935,-0.7843608629127641,-0.6095996842923326,-0.19928756383105445,-0.18218274024816036,-0.35405425083550957,0.022504969763723584,-0.4023998753455465,-0.6958574944056238,-0.5094814838568738,-0.27423590319202407,-0.6107827715043931,-0.5104769147516934,-0.21943195898991358,-0.6353080798652512,-0.3065924374888815,-0.4024870890053255,-0.24955815171591159,-0.07240420680981752,-0.5743329627668669,-0.4846185249760742,-0.2703556864025694,-0.547803200898404,0.1829671257153017,-0.5344626883114739,-0.7911188079970864,-0.3827149442447342,-0.47896425291673744,-0.3979470249776253,-0.6023069067619594,-0.5400153121922077,-0.608680781652177,-0.6891325891064816,-0.7338178073622041,-0.03619915985373942,-0.7819454315010681,-0.33574192650890883,-0.7597700441513972,-0.10398075062374897,1,15,train
0.14262517832906302,-0.057911291868878056,0.2638600897770532,0.09497382062916424,-0.1255768351449546,-0.36847244377691096,-0.07789637625199063,-0.10935778040147626,-0.11271054588341886,-0.10781056775384687,0.1006672640166815,-1.038611489625893,-1.0562454701537085,-1.033453682880617,-0.7176573436443715,-0.7221286143591397,-0.6812704598946647,-0.9298811900614657,-0.500011755181476,-0.7698657601245533,-0.05677942371813856,-1.0145177118433228,-0.0653667839147676,-1.0271252520887564,-0.6706034593236107,-0.6216742605689213,-0.9477663084292883,-0.8477617832705545,-0.7675582789106002,-0.11472273686909286,-0.9545448574191293,-0.6769177557296497,-0.006630116776250514,-0.752777178817466,0.009895241597341725,-1.0184610005545984,-0.7996002529430632,-0.8825658430187937,-0.4665892487269701,0.21335640241952564,-0.8042659230424386,-0.904840922082052,-0.5980675818632626,-0.8017336619462705,-0.6466499935684558,-0.7935418741678704,-1.0250587714913528,-0.7329566606757177,-0.7600058259968323,-0.9263453873038021,0.15264469575181175,-0.6416977087266195,-0.4388695815789938,-0.5387784391982193,-0.10073661861482325,1,15,train
-0.6874514071137999,-0.15619853747083118,-0.8288547514001898,-0.6645654285801083,-0.7072461306582137,-0.49006513348546865,-0.616788485039884,-0.36580012371639853,0.07659289653777335,-0.699024834542926,0.44208447867625883,-0.45882559314725,-0.22750139659339874,-0.6438773928324599,-0.5313250806999438,-0.22035983601317838,-0.198350293339204,-0.8619717040587384,-0.37561464646104414,-0.11866238392001656,0.3336809027503384,-0.472731278985351,0.20858633049464612,-0.5188740981281789,-0.4226547512456636,-0.32909309777083656,-0.34468887445115215,-0.3581542023574473,-0.26103163071631846,0.3644012795019354,-0.43902060177469093,-0.40352322548478725,0.26364464357325584,-0.06504450844534163,-0.18921632712965647,-0.3299450477937235,-0.21062756982670702,-0.3802395606670199,-0.16413728891611323,0.10091607861389698,-0.6596513892266416,-0.749221187018415,-0.4414474817770601,-0.4431009852467893,-0.2585876029224185,-0.48042088358016993,-0.4526472356724859,-0.6485428560559542,-0.5994987895098615,-0.3315213716633428,0.13250135115388628,-0.2596435673755354,-0.4476464032870861,-0.3945523391235138,0.4345451628579201,1,15,train
0.7514911860213055,-0.7176644279719884,0.4233120408501273,0.30420995138267404,0.5430085619967224,2.3696147911417205,0.7456218463323253,1.1988096389378033,0.7295834226423352,0.747338639566071,0.9708279527065777,0.286289875374131,-0.2749938936455655,0.5049461194263392,-1.0951616685707444,0.5209752387611178,-0.10873624181344842,-0.04705787202600872,-0.9916765182193732,-0.07834979396449762,0.8010932643622378,0.4354059799003924,1.322490031536696,0.4208611084135141,-0.6866742089212554,-1.2002370110643819,0.15130004321310941,-0.02057089314338708,0.32440117875445945,1.639949985337388,0.27494813721405,-0.23700110251746193,1.1836708479953129,-0.014722605735186176,1.3532346252754894,0.09303403581363985,-0.08334043318251283,-0.02816265741153562,-0.8670580473654196,-1.5340270080733522,-0.016440477628021893,0.1336215407464495,-0.1242917791025001,0.24854774838792434,0.5925768671686135,0.09118253547925634,0.12880237702773148,-0.04592208418708638,0.2322194904680782,0.3092793794855579,1.980653218013547,-0.6368615803550868,-0.8184671204539874,-0.7365077699457995,1.7354420984371326,1,15,train
1.4484118897113676,0.9360184792808729,1.1760190451803743,1.1677625372671017,0.7435841811392256,-0.4465319482811702,1.0239229353777162,1.4822459131279806,0.7327739300988723,0.9386914714509292,-0.37671255825069216,0.9793152047587589,0.8672006604590449,0.6329091344056608,0.48987251621627026,0.5304069827149893,0.44886230101347535,-0.005827112667209896,0.5484781611764494,0.8643446173030224,-0.32753658440795835,0.2831897916212479,-0.49438769893328344,0.37321256272971,0.3372621225858223,0.5530501073572232,0.714923813286134,0.8848677838877016,0.8080195865781455,-0.5113485782358381,0.32455925805012564,0.8665186377436195,-0.301475309884803,0.8044061439356774,-0.4281502096020543,0.47606509485808557,0.8723917961967759,0.3485820543522947,0.5695887617361507,-0.22728810979172182,0.35049192160609,0.19048259778893228,0.38668129742873547,0.2895343400107222,0.5454090627806973,0.9086594840605682,0.6439727592647116,0.42069866912771786,0.24055751833753122,0.9443330386959035,-0.6606428423894286,0.5286453571842963,0.14917747286319277,0.2125930176425854,-0.4154174234806178,1,15,train
0.024503025161255867,-0.3970022891956163,-0.1793225389407557,0.16149397780513555,0.5519230339586115,-0.4645456800898454,0.30666512861073136,0.012114908537171126,0.05106883688547776,0.22606713201766432,0.2456940454649975,-0.8868706495318731,-0.6430607457998578,-0.7689967852566855,-0.6111817648189842,-0.37315408806589595,-0.6513991093860796,-0.697048666623543,-0.5118590988691362,-0.8194812554544229,0.08857442044165943,-0.7023455291013486,-0.1325628308453785,-0.6777025837408593,-0.6660118165814265,-0.4126877157131465,-0.7589523454548252,-0.6040758183411998,-0.5562933954928847,-0.14010679071656457,-0.7841414423734782,-0.7788193533663713,-0.17043300183655744,-0.45923274634155925,0.036443450760941486,-0.8163709939421915,-0.5644426615156536,-0.7188612956452246,-0.5029955031486474,0.23158996844206,-0.47186833785389015,-0.5696599542526798,-0.3670529342361139,-0.36881278793046823,-0.46655474045095785,-0.6674528846694675,-0.784043387988672,-0.5617842235300861,-0.5911607616404084,-0.8114035485326988,-0.14698755514232945,-0.44583450967954474,-0.469588457557317,-0.7481389070485983,-0.13642207071300613,1,15,train
-0.559664714141354,-0.11688363923004992,0.03757901215129363,-0.3839713110378292,-0.07989016634027335,-0.29941980517698935,-0.12849657426024352,-0.12908411450262414,0.009592239950497445,-0.2160238933714908,0.08556030761581525,-0.9548143092754641,-0.8069098606298332,-1.024922815215329,-0.5821429705938787,-0.503312154629322,-0.6513991093860796,-0.9444332227763359,-0.5829431609950972,-0.6489279902579965,0.13702570182825877,-0.8726212651424256,0.18274169705979576,-0.7968239479503697,-0.6683076379525186,-0.5402795009935142,-0.9026764068234464,-0.6510244904835525,-0.7319232383341181,-0.08933868302162117,-0.7992404791496751,-0.6794031605500577,-0.08034141505338863,-0.5710591968085713,-0.21045489446053628,-0.8845176240789333,-0.7133038891164909,-0.8892934271574335,-0.3489690421338591,0.2498235344645944,-0.7373547208291593,-0.8659359883161428,-0.39446145175119934,-0.6608422532429029,-0.5501703936840819,-0.6779603004610011,-0.8985256951524453,-0.7024738978963587,-0.7349917423884732,-0.9723221228122434,-0.0815216851990717,-0.6271893236120214,-0.5946581668976327,-0.3782687471795954,0.009563869688651139,1,15,train
0.5420928235874655,0.7111864049664051,0.42096715921669975,0.7807361682432685,0.6834114953964746,-0.4195113505681574,0.7848369997887213,0.5011203486235208,0.8933628054112319,0.6219695428139226,0.05836778609425598,-0.29123123244639226,-0.29161626761382387,-0.19174140657218997,-0.2627162341177169,0.13238738786161397,-0.07388633288676567,-0.1537727786017233,0.27006558451643536,0.06119378665076027,-0.32753658440795835,-0.07284129282827649,-0.2721238513935704,-0.1270971669502336,-0.229805756073927,-0.2125006043249833,0.10339202275690233,-0.18377342011442283,-0.05231210733978025,-0.4066393561150174,-0.27724520774400946,-0.2171178639541992,-0.30693540605347985,-0.07343149223036753,-0.5688557181691329,-0.16780306574423423,-0.18258125158307104,0.003232735235450244,0.18032188753514045,-0.24248274814383378,-0.20422352900077326,0.09471660698054021,-0.06555924157017418,0.10765633968455675,0.06729904557591111,-0.1063568814015748,-0.0850987758308977,0.08538827855476808,-0.2722311956338301,-0.05278741264341735,-0.18475632626343966,-0.0057468278700681455,0.13601224030105427,0.052083325623961486,-0.3375582552664006,1,15,train
-0.17415695971187437,-0.3245154455641759,0.21813489792521576,-0.16264060625232468,0.13962870572124397,-0.4705502573594038,0.2294998266481457,0.02665010208538534,-0.10101201854278338,0.12973087872390812,-0.0836376040738868,-0.8710171289250352,-0.757042738725058,-1.0732643986519614,-0.6305409609690547,-0.5353800840724849,-0.52942442814269,-0.8983517858459137,-0.7547296444661697,-0.7636638232083197,0.11707517419848255,-0.833922234223999,-0.005924127014611801,-0.90270960502549,-0.6155037464174002,-0.3972887071448262,-0.8914039314219859,-0.843290481161759,-0.8464644401870963,-0.15597182437123436,-0.8617936315082052,-0.64212208824394,-0.0011700206075736165,-0.6101984544720256,-0.0033788629844581524,-0.9409148352265817,-0.4803037067847456,-0.6695256786285325,-0.5814089742107214,0.2589403174758616,-0.709295184417139,-0.7671773102949885,-0.35530642672964874,-0.5737457460444574,-0.6616579313282472,-0.7136855141522153,-0.961792233321899,-0.5313014607507269,-0.7224847005842937,-1.1102523293375672,-0.09159335749803442,-0.43374418875071297,-0.4915305118275478,-0.5597144859832572,-0.022877450400606035,1,15,train
1.1165960230854366,2.3243258234084605,1.140845820678961,0.23043304978750584,-0.9735659805196484,-0.5951452357027407,-0.6737137077991684,-0.1560780453778791,-0.4849364158127294,-0.6739510151924963,-0.7060442077895764,-0.7396593867540927,0.6701067976925529,0.28598718268394424,1.431213429013444,0.5681339585304751,-1.2413582819306372,0.08633576119363452,-1.809143232667925,-0.8721977192424092,-0.1451317603642903,0.35284804727441577,-0.5098944789941936,0.5188053412080005,1.3290569548976106,-1.013249049877636,-0.2967808539949451,-0.11670388848249032,-0.8948262809694649,0.23430800353364298,0.09807370640717157,0.16811988320901616,0.5175391154167316,-0.5878331643786232,0.24617430315337954,-1.5119365980965223,-0.43931293396712373,-0.5394590519481626,-1.4075509014718584,-1.2757181560874487,-0.8927613840341949,0.19347528500169453,-0.6959551444171391,0.2511094103643492,0.2967060941898668,-0.06012425191882709,-0.2628476211641248,-0.24523245620597262,-0.0616959919301411,-1.1964587084158949,-0.048788750227442834,0.057122840959857084,-1.3582416555016659,-2.1206130851788605,0.23016484629559994,1,15,train
-0.2793930598068298,0.21483581467654186,1.7516874861868403,-0.2412553374602908,-0.47101262366815444,-0.6041521016070782,-0.3207773266916045,-0.6180895545889739,-1.8568546221236166,-0.4284915204988161,-0.9024346410008378,0.04169270029720348,-1.2224692098362921,0.22342748647183144,-0.2554565355614405,0.5964291903920895,-1.0372373867886384,-0.21683158703282737,0.015347695231741605,-0.8783996561586428,0.38498225951262,0.38122733661459524,0.2137552571816162,0.40233111842536806,-0.3101595040621506,-0.33569267287154525,0.29784222343209577,0.07556210219571617,0.20985997690148114,0.47228350835369004,0.24906407416914095,-0.7639069244439242,0.37830666311547073,-0.7080465986306612,0.9576663087378531,0.14003171177001356,-1.5654804819038928,0.12657177777718043,0.08510552981690772,0.22855104077163763,-0.1934313996115347,-0.5277623332740082,-2.9806508544246175,-0.3636894639776185,0.31171403194965835,-0.03700793717745323,0.22520853042880382,-0.3906117863844543,0.2947546994889759,0.2316936383150632,0.411990257450102,-0.07103456088575973,-0.6582901242813022,-0.05957559056290733,0.45725408692040015,1,15,train
0.42074915715144534,-0.31345813043395615,0.6542828817427421,0.30179103657627504,0.1251426887831743,-0.45553881418550785,0.11311937122916406,0.07959973572530855,-0.025503342071408974,0.021517553106264183,-0.24679273320324235,-0.7238058661472548,-0.4720877564120575,-0.7860585205872618,-0.6958782479755423,-0.49010771309390194,-0.5866778499508116,-0.7091753605526016,-0.5266682784787113,-0.5093844096427387,-0.0653296498451855,-0.7849034617273253,-0.23852582792826496,-0.7941768065234918,-0.7785070637649395,-0.5776770932308634,-0.8181328413124928,-0.5839549588516201,-0.490114034422275,-0.21308594552804566,-0.7280593057761752,-0.3637567483582618,-0.09672170355941932,-0.4815980364349617,-0.23434828270777605,-0.5719830789690481,-0.538553752367682,-0.5551567482716555,-0.494594059820568,0.28629066650966317,-0.6812356480051187,-0.6744040066993586,-0.4747292530453781,-0.5711840840680326,-0.4150989538459584,-0.6191187720284131,-0.955766848734332,-0.43516351660044067,-0.6474424497592164,-0.6504849742531543,-0.18475632626343966,-0.5377209487386663,-0.3818202404763936,-0.5131899375720619,-0.13317793870408043,1,15,train
0.7987400472884283,-0.017367803058072395,1.9990724985134478,0.9379656306592008,0.4817215672587354,-0.6356761322722598,0.36106034146960325,0.03287947074890572,-1.0273226834240103,0.2616983489893276,-1.1078892480526188,-0.37729320145494083,0.5751218035882194,-0.1633051810212296,-0.6208613628940195,0.49833905327182637,0.44139446338632904,-1.237899215859551,-0.3578436309295539,0.21314124109848553,-0.5042412577002618,0.17483250504965353,-0.46595860215494805,0.26997404708146766,-0.8290151339289658,-0.34009238960535104,0.12311885470945819,0.39078890086579887,0.17167957628382172,-0.3844283089984796,-0.32038531281885785,1.0355261655313526,-0.3806467043306179,0.22011294024553923,0.5620979922002166,0.1329820603765575,-0.6636834799162118,0.2028177313484318,-0.2789570143998645,0.11307178929558656,-1.3373971148708248,-1.1352778374647454,-2.085958532682186,-0.8888301691447159,-0.03132454541700444,-0.36483930987330065,0.11072622326503043,-1.4434395162253948,-0.5244565386847843,0.136866621328903,-0.09159335749803442,-0.4289080603791802,-0.40595650017364754,-0.36663761007679657,-0.27591974709681194,1,15,train
1.4129752437610255,0.4617825192514491,0.2568254448767705,1.0226276488831643,1.1759360712908435,-0.5381017516419359,1.3464991976803284,1.4376021043727512,0.44881876646708385,1.2158231590083102,0.07951752505546875,0.9793152047587589,-0.39847438598119905,1.0822014981108345,-0.1562406552923296,0.6077472831367352,-0.27800722802876454,-0.1537727786017233,0.0893935932796177,-0.13106625775248393,-0.4101887703027455,0.7114590671185019,-0.5874283792987447,0.7358709382119971,-0.4433171435854925,-0.03871179333965481,0.7290144075379595,0.6054114020879828,1.0141937499135065,-0.5748087128545174,0.9047936713068365,-0.2469427217990933,-0.5062289162101865,-0.017518266996861476,-0.1732874016314966,0.8872947594763555,-0.2041553425397141,0.4382831762008258,0.1719204442070611,-0.16347062871285148,0.035361743440323314,-0.0489323792320479,-0.19085532163913616,0.17425955107160324,0.8562877735192355,0.6922067187549766,0.7283281434906499,-0.06468070743592273,-0.0762875407016839,1.2201934517465511,-0.6455353339409845,-0.03718166228503076,-0.15581708149301593,0.02649482399780405,-0.6262860040607894,1,15,train
-0.6906729203820129,-0.22499960939219835,-0.4114658206500842,-0.646423567532116,-0.5768719782155867,-0.428518216472495,-0.5497432226789489,-0.5360695338526221,-0.19672724223889182,-0.6000492318438614,0.227565697783958,-0.39314672206177875,-0.48633550552770755,-0.504539887632754,-0.5337449802187026,-0.32222267071499006,-0.34521776667308124,-0.6000351151910752,-0.3904238260706194,-0.41945632435735025,0.37358195800989075,-0.6172076610808102,0.37916091116465844,-0.5453455123969589,-0.5144876060893477,-0.3774899818427002,-0.45741362846575706,-0.4833506614037213,-0.403571793022247,0.22478898334084108,-0.6051100063128573,-0.376183772460301,0.32916579759737863,-0.2747191030709893,0.12936218283354062,-0.5038364488323063,-0.2969239336532794,-0.41612000940643235,-0.31816374993090146,0.22551211310121522,-0.4999278742659105,-0.7192943148907924,-0.3024471429505554,-0.5660607601151828,-0.303611416201793,-0.35223041092346036,-0.5189264661357231,-0.47033593519200884,-0.6265973800855839,-0.5096812217585528,0.16523428612551516,-0.39747322596421764,-0.4410637870060169,-0.47131784400198606,0.31126814651874285,1,15,train
0.7353836196802408,-0.050539748448731575,0.9931182777730245,1.2233975778142776,0.8661581706151997,-0.44803309259855983,0.787367009689134,0.20418710899571613,-0.11909156079649276,0.6127318198953432,-0.4341189925739839,-0.5312988302070804,-0.0019120355956066713,-0.572786828955059,-0.8338125205447939,0.145591829397034,0.2945269900524518,-0.7892115404843875,-0.6184851920580777,0.3960983801273792,-0.47289042856775637,0.022616316770509036,-0.27987724142402554,-0.01062294416760124,-0.6889700302923475,-0.5336799258928056,0.187935588267856,0.08897600852210266,0.06731981459555263,-0.4478884436171589,-0.5447138592080695,0.48376629540081195,-0.5662899740656324,0.2704348429556947,-0.06178492314437762,-0.01741050268383837,-0.37243325200153016,0.18712003502493887,-0.4105796265397744,-0.008485317521309283,-0.5927401870133623,-0.7552065614439395,-0.4688559992921455,-0.5148275205866856,-0.32933930950429274,-0.5014357151632372,0.07457391573962832,-0.6461980281498496,-0.5932452686077717,0.09663697775901688,-0.2628117865804008,-0.6634602863985166,-0.40376229474662445,-0.5527358037215779,-0.36351131133780634,1,15,train
0.6634364900234856,0.07231930855370983,0.19585852240765395,0.7662226794048749,1.1335923294718706,0.9675459986998335,1.1820485541535066,0.6952690053032393,0.8827277805561087,1.005994881286293,0.32425021874950205,-0.20063968612160432,-0.5931936238950828,-0.09790186225402076,-0.49744648743732056,0.2512273616803943,-0.2879643448649596,0.21972939441327777,-0.49408808333764587,-0.21169143766352183,0.8352941688704256,0.31672895175055094,0.5213063950563354,0.44997966410917223,-0.5420374625424529,-0.36869054837508863,0.2612066783773492,-0.09658302899291057,0.06477445455437532,1.0212136728052656,-0.08095772965344927,-0.25688434108072467,0.866985270212053,-0.10418376610879586,0.8541282929998141,0.10243357100491458,-0.4522573885411096,0.22300048376435128,-0.38257481544617655,0.06141001889840583,-0.08551010571914884,0.27427783974627534,-0.2065173316477564,0.27928769210502274,0.07587501001007768,-0.10005243192665467,0.11675160785259746,0.1182158692402317,-0.16175232636357745,0.11100470760540479,0.4321336020480275,-0.4023093543357503,-0.40376229474662445,-0.492253890787024,0.9373856242414063,1,15,train
-0.18811685054079702,-0.18937048286149036,0.8864261634520705,-0.24367425226668973,-1.1473981837764844,-0.6762070288417791,-1.1873057175829353,-0.8734936697933093,-1.006052633713764,-1.2506488602523793,-0.32232751520757363,-0.44523686119853184,-0.6406861209472495,0.419637442773458,-0.38129131053689813,0.3512038475914317,-1.3384401710835392,0.13969321448149183,-0.1149730853325203,-1.383857514831688,0.1056748726957533,0.36574772424722457,0.12846796684661002,0.49233392693922035,-0.6017288181908476,-0.2322993296271093,-0.364415706403708,-0.21283688382159358,-0.2381233903457228,0.6658369189406618,0.2555350899303682,-0.4408042977909049,0.6922621928143923,-1.1246001266202812,0.5806817386147365,-0.3957417941326467,-1.1210542081970452,-0.41387748136021907,-0.09972622340083816,0.34706921991811107,-0.4330166720526313,0.45084638529924825,-1.0777166383772576,0.5252072418418098,0.3653138096631994,-0.3984630404062081,-0.5309772353108572,-0.479715246816427,0.22805047653335167,-0.2912917280934566,0.6083878672798753,-0.3491119422488905,-0.23480847686584697,-0.152624687385298,0.7849114198218976,1,15,train
1.1058576455247269,2.384526761339657,0.857115143034226,1.3769986680206114,1.7843487826897697,-0.571126926624507,1.5590200293149907,1.6234449361677759,2.024929449996336,1.4969138706736536,-0.3495200367291329,0.9679912614681604,0.48488605918910255,1.5968971805832173,1.4384731275697202,1.0095395755716592,0.9467181428232286,2.65476953536822,2.8764811958016736,0.8860513965098402,-0.6011438204734605,1.4312610422012362,-0.5770905259248046,1.4347162749077913,0.8675968593080979,2.3371352429154686,1.3292737226657305,0.9742938260636116,1.098190631272357,-0.771535130172423,1.7352406939976681,0.6850840858538471,-0.964876994379046,0.8966629655709625,-1.102474722357488,1.1927796531927846,0.6652805230130022,1.431723100673307,2.714757291505747,-1.2362120963719574,1.3347341219046487,2.333246642126705,0.8702458564448855,1.9904778923568327,1.3065259063129804,1.322651666246991,1.4332981402359912,1.9448368080956713,1.8935715434565943,1.0937574290983376,-0.8041641726496475,2.1342399765331557,3.2649491792359724,3.104093701398376,-0.8047132645517039,1,15,train
-0.8635607991094397,-0.8528093906746739,-0.5521587186557378,-0.7105248099016884,-0.45095506175390415,-0.4570399585028974,-0.4181827078574914,-0.5215343403044079,0.479660338546941,-0.46940143628109615,0.22454430650378476,-0.2232875727028013,-0.24649839541426544,-0.35667151476776016,-0.04008547839190717,-0.10529255977594665,-0.3327713706278374,-0.6800712951228611,-0.2097518348338017,-0.41945632435735025,0.34508120425306765,-0.40049308793762145,0.35331627772980806,-0.246218531159744,-0.14945200808570344,-0.01891306803752878,-0.47714046041831293,-0.3044985770519013,-0.378118192610474,0.12642577468188823,-0.34842638111750934,-0.2593697459011325,0.028860508320149317,-0.37256724722962486,-0.2290386408750561,-0.3158457450068114,-0.24514611535733596,-0.44303034596099167,-0.06051948786980115,0.4200034840082486,-0.9424051792246925,-0.833016428975758,-0.5608703080927895,-0.5481291262802088,-0.1513880474953364,-0.2408518035332045,-0.5731549274238263,-0.8009566699527495,-0.9059213137122604,-0.42060129671094776,0.21811056569506948,0.003925428872997274,-0.8426033801512413,-0.08051163734794523,0.3826390507151086,1,15,train
-1.3038342790985393,-1.4892193059473204,-1.7926011027389173,-1.6151989474948985,-0.9067074408054807,0.9300173907650935,-1.1708606532302532,-1.132012469329405,-0.9677665442353207,-1.2664849566842296,-1.195509595177643,0.7868081688185845,1.353998755243754,0.8632425613684398,1.126306089649835,0.6435879101614468,0.7998506694893515,0.1979013453409725,1.0845704630430724,1.3511966652273666,-0.9374527148039734,0.5205438479209309,-0.8717193470820986,0.5849838768799507,1.475989522647505,1.0502180982772769,0.9572820344175345,0.9742938260636116,0.8691082275664006,-0.7969191840198947,0.44319454700595873,1.54503415371496,-0.5580998298126171,1.2656902521121023,-0.6936323012380518,0.5465616087926461,1.1787438877811076,0.5369544102342099,1.0036633336869176,-0.971825389045209,0.5965524716807297,0.5615758121714516,0.9289783939772115,0.5303305657946595,0.6547526093163211,0.8309046072032198,0.8729373735922584,0.7818021666678177,0.46776877778012627,0.9673214064501241,-0.9451675848351258,1.3145162175583616,0.7964680738350026,0.6941220936984571,-0.7657836804445952,1,15,train
0.3241037591050577,-0.00385330678780384,0.22868686527563978,0.42152731949302347,0.35469034180181674,-0.390989608537755,0.3547353167185716,0.11697594770643081,-0.032947859469995185,0.21419005969377655,-0.05946647383250079,-0.7011579795660579,-0.6596831197681162,-0.7377169371506291,-0.6716792527879543,-0.3976766223459617,-0.5841885707417629,-0.8619717040587384,-0.5770194891512671,-0.6086154003024776,-0.23063402163475968,-0.5785086301623836,-0.26695492470660037,-0.6115240480689091,-0.6981533157767159,-0.5512787928280287,-0.5814108578818225,-0.6174897246675863,-0.5359305151634663,-0.09251168975255512,-0.7108032637462358,-0.5576183243500734,-0.18681329034258812,-0.3613846021829237,0.03113380892822153,-0.6518791280948835,-0.6097482525246041,-0.6336452298891201,-0.5169979086954463,0.05229323588713864,-0.648859259837403,-1.0634533443584515,-0.4355742280238275,-0.7684320562527472,-0.4408268471484581,-0.6338291541365602,-0.7117387729378677,-0.664956651398686,-0.7871044165725547,-0.618875968591101,-0.03619915985373942,-0.46759708735144195,-0.392791267611509,-0.5085374827309423,-0.03909811044523462,1,15,train
1.2723024977157278,-0.29625786245361435,0.8559427022175122,1.393931071665404,1.328596403638193,-0.488563989168079,1.4514946085474532,1.5653041619749188,1.1539209143617493,1.3530693280843462,-0.2588782983239354,0.9657264728100406,0.4088980639056357,1.349502018289862,-0.9693268935952868,0.7982685110049386,0.7127258971726446,0.9085256095837992,-0.8939359327961768,0.8736475226773729,-0.6837960063682476,0.9875121543366114,-0.5254012590551038,1.027056495168578,-0.7601404927962027,-0.9362540070360348,1.2700932268080631,0.9184025497036679,1.0676463107782297,-0.7461510763249513,1.1506922702334725,0.5483868207314159,-0.6481914165957858,0.9134369331410143,-0.7095612267362116,0.9953894141760151,0.5336785681774794,1.025825524308704,-0.7718416896471868,0.22551211310121522,0.7562759866414608,1.06434726391551,0.3651460336668826,0.9658131017868866,1.1028467510015243,1.1923597104319748,1.2495239103151972,1.0608366874942583,0.8200504552645168,1.179963808176665,-0.7311445484821677,-0.965718309619311,-0.7526409576432949,-0.7830323183569948,-0.6749479841946752,1,15,train
-0.4673146671192503,0.10794843508441784,0.03875145296800741,-0.31866061126505735,-0.49329880357287703,-0.38048159831602774,-0.5598632622805995,-0.37099126426933215,-0.45303134124735994,-0.5710163883854691,0.034196655852869975,-0.7351298094378533,-0.7950367363667914,-0.7974330108076458,-0.6958782479755423,-0.4052220175090589,-0.5767207331146166,-0.5757817273329583,-0.5355537862444565,-0.6427260533417628,-0.05107927296677393,-0.73330475383609,0.11554565012918486,-0.7121154222902735,-0.6086162823041239,-0.5798769515977663,-0.7364073946519042,-0.6957375115715075,-0.5817469959046576,0.2565190506501807,-0.7259023005224328,-0.7266258521378066,0.053430941079195354,-0.5654678742852207,0.15325557108078042,-0.684777501264345,-0.5838593433766324,-0.8242601138172486,-0.3489690421338591,0.05837109122798343,-0.49345259663236735,-0.6145502624441136,-0.42578547176843984,-0.5020192107045612,-0.5244425003815821,-0.6338291541365602,-0.9979445408473012,-0.3296462608257362,-0.6265973800855839,-0.7108294396079835,0.021712955865296268,-0.5667377189678625,-0.524443593232894,-0.5085374827309423,0.2269207142866742,1,15,train
0.07819491296480457,0.12637729363478406,0.21696245710850198,-0.17715409509071842,-0.07320431236885658,-0.3384495574291189,0.0587241583702922,0.028726558306558802,0.21059420971232512,0.043952023051385486,0.01606830817183047,-0.977462195856661,-0.9660097257545918,-1.201227413631283,-0.8289727215072763,-0.7428784510576569,-0.7484809985389814,-0.9565599167053944,-0.5829431609950972,-0.776067697040787,0.1512760787066703,-1.0196775826324465,-0.1015492707235581,-1.1144809191757308,-0.5604040335111897,-0.4082879989793407,-0.9111307633745418,-0.9528373828272487,-0.8617366004341601,0.012197532368265622,-0.9588588679266141,-0.8583523076194222,0.0507008929948569,-0.7276162274623883,-0.0007240420680981769,-0.9033166944614828,-0.6895723890641835,-0.7928647211702627,-0.46378876761761034,-0.04191352189595564,-0.6747603703715755,-0.8749140499544296,-0.3357289142188734,-0.6864588730071515,-0.7066817446076218,-0.8523834026004584,-1.0612110790167548,-0.8009566699527495,-0.749583291160016,-1.0125517663821295,-0.07145001290010897,-0.5087041785094699,-0.38620865133043975,-0.5085374827309423,0.09066716991179406,1,15,train
-1.7419600835754967,-1.0420123384584337,-1.4983184577437583,-2.0276239219859207,-1.8583273227371344,-0.7737814094721032,-1.8868534550470317,-1.658394121396877,-1.5101528118466017,-2.0081421395758867,1.0644910823919485,1.7584025031519355,1.4703553730215626,1.81016887221542,0.9423937262241661,0.930312926359139,1.7183946976283462,1.6676566495428597,1.1793492125443537,2.030308757554955,1.2799059274768665,1.464800202330539,1.1415775974927438,1.5220719419947657,0.6655645786519929,0.9600239052342582,1.8506257099832784,1.5801552618054018,1.8668893637079003,1.2750542112799825,1.6619025153704259,1.6345087272496421,1.1918609922483283,1.8779400684189935,0.9231536368251734,1.8530970003798353,1.4764663429827822,1.7187666905886063,1.1436873891549069,0.8484922855378063,1.6498643000704154,1.7706214461274015,1.2363453403963838,1.565242004270305,1.4330213817169373,1.7387453315917203,1.9183415995351363,1.853388519757594,1.453740573342947,2.099498518345491,1.124561072601715,1.0025859375945019,0.9017899343321106,1.0709709358291395,1.261798825133978,1,15,train
0.19524322837654076,0.061261993423490105,0.2826191428444737,0.5110271673297849,0.6299246636251404,0.7874086806130814,0.6735165641705649,0.4471324868730109,0.40946917450312814,0.5018791448723909,0.142966741939107,-0.5743298147113547,-0.46971313155944916,-0.48747815230217784,-0.48050719080600895,-0.05813384000658939,-0.3925140716450078,-0.37932928568221097,-0.49704991925956094,-0.3109224283232608,0.393532485639667,-0.37469373399200373,-0.03693768713643222,-0.3229856325392062,-0.5994329968197555,-0.5314800675259027,-0.36159758755334287,-0.5012358698389033,-0.31193883153986435,0.5198786093176995,-0.4972597436257363,-0.38363998692152457,0.5175391154167316,-0.3557932796595731,0.16122003382986033,-0.5884322655537789,-0.5234518886980318,-0.3667843923897403,-0.5085964653673669,0.18600605338572407,-0.4330166720526313,-0.28535466904026585,-0.2006440778945238,-0.18437312562787792,-0.2864594873334599,-0.2513592193247381,-0.4285456973222178,-0.2569565957364953,-0.3993861206429888,-0.480945762065777,0.061999645061147184,-0.4168177394503485,-0.469588457557317,-0.47131784400198606,0.47671887897395443,0,15,train
0.29833165295935427,1.1891081367059022,0.4068978694161344,0.5715000374897587,0.4939789662063328,-0.38348388695080693,0.3648553563202222,-0.028375987775711334,-0.004233292361162659,0.24850160196278562,-0.15917238607821807,-0.7872199485746064,-0.45071613273858246,-0.7206552018200528,-0.2772356312302697,-0.0958608158220752,-0.18839317650300894,-0.6679446011938027,0.0893935932796177,-0.1744798161661197,-0.19358304175088958,-0.27149631820953285,-0.031768760449462155,-0.26474852114789005,-0.16781857905444025,-0.5534786511949316,-0.35596134985261263,-0.4252237339893798,-0.3323017118692827,-0.267027059953923,-0.7776704266122508,-0.35381512907663043,-0.36699646390892565,-0.20482757152910674,-0.10160723688977726,-0.3534438857719104,-0.44147034306278804,-0.3264188875579013,0.06830264316074901,-0.3366895059269281,-0.6467008339595552,-0.6474698217844984,-0.4218699692662848,-0.5148275205866856,-0.5566023670097068,-0.6338291541365602,-0.500850312373022,-0.5031635258774725,-0.659949491563396,-0.5211754056356631,-0.018573733330554645,0.09097573956058605,-0.27869258540630865,0.09162919177347752,-0.009900922364903164,0,15,train
0.25000895393616046,1.5638282605633482,0.41041519186627573,-0.07918804543156066,-0.7607329624295479,0.9059990816868598,-0.46498789101512533,-0.28585655920122033,-0.7029544253427541,-0.4825981833076381,0.36654969667192755,-0.4769439024122076,-0.5077071292011825,-0.3339225343269918,-0.2627162341177169,0.16068261972322834,-0.6439312717589333,-0.22410760339026245,-0.9561344871563927,-0.4504660089385186,0.003072159171190026,-0.1270199361140737,0.21633972052510123,-0.10592003553520954,-0.05761915324201934,-0.890056981331074,-0.46868610386721754,-0.27096381123593505,-0.3857542727340059,-0.3400062147654041,-0.22979109216167623,-0.5352496809664028,-0.47346833919812514,-0.2691277805476387,-0.5316882253400933,-0.6471793604992461,-0.46951666130642405,-0.5865521409186413,-0.651421001944716,1.1949300399659595,-0.6682850927380324,-0.3511937877210354,-0.6842086369106739,-0.15363318191077951,-0.08063634091346221,-0.3984630404062081,-0.5550787736611252,-0.40702558172718617,-0.2868227444053729,-0.5585315032362717,-0.24266844198247534,-0.3273493645769933,-1.2748618492747887,-1.2133843911605515,-0.1688633908022633,0,15,train
-0.2654331689779072,0.8168451939885047,-0.2156682042588829,-0.4565387552297979,-0.14452008806396882,-0.36096672218996295,0.07896423757359336,0.7181100237361473,0.4520092739236208,0.10333738467082423,0.1550523070598,-0.9819917731729005,-0.6501846203576829,-0.6154411672814996,-0.7757349320945828,-0.20149634810543549,-0.5468493826060313,-0.7649581526262705,-0.2926832406474229,-0.6923415486716323,0.16837653096076421,-0.6352672088427426,0.06644084660296919,-0.6538783108989573,-0.7693237782805711,-0.03431207660584903,-0.6828631364949669,-0.664438396809939,-0.64538099693409,-0.13058777052376266,-0.6439361008802208,-0.6346658737827164,0.00429007556110328,-0.5151459715750654,-0.08036866955889745,-0.7059264554447132,-0.6140630707159327,-0.6201900616118404,-0.10812766672891752,-0.17258741172411868,-0.655334537470946,-0.7043308788269812,-0.4727715017943006,-0.430292675364665,-0.2671635673565851,-0.7410047952102026,-0.9045510797400124,-0.7306118327696132,-0.4139776694145316,-0.8401390082254747,-0.18979216241292102,-0.6852228640704139,-0.09437932953636957,-0.5783243053477354,-0.006656790355977447,0,15,train
0.6344428706095693,0.51215473262245,-0.3141532328628404,1.0794721468335398,1.4032551063190137,2.5647635524023684,1.4160744699416763,1.1292483555284925,1.4942417097256904,1.3213971352206457,-0.5489318612205675,0.18663917441686423,-0.5931936238950828,0.9172713899152645,-0.07396407165453038,0.8359954868204243,-0.9575804520990778,1.2699010886697417,0.19601968646855927,-0.893904498449227,2.3600844948604633,1.0984493763027676,1.2733852280104805,1.1144121622555523,-0.5121917847182555,0.005285373998403033,0.9995538171730113,0.3058341607986844,0.3447640590838778,3.0106888931008595,0.8034144243809428,-0.7937317822888184,2.947281910477951,-0.7471858562941154,2.938162712342395,0.2739750882456786,-0.7391927982644626,0.8262405281957225,0.24753343415977533,0.8332976471856943,0.35049192160609,1.477338099276701,-0.6685466269020537,1.2578425670993212,0.7297922981152786,0.6964096850715901,1.0024831422249494,1.0561470316820494,0.7199941208310804,0.24318782219217353,2.098995367526359,0.11757444560401595,0.1162643914578465,0.1776996063341889,2.9974094499092367,0,15,train
-0.5639600651656379,-0.2839719567533702,-0.12187293892178049,-0.6524708545481135,-1.2187139594715968,-0.5651223493549486,-1.236640910640982,-0.8475379670286411,-1.1028313598953847,-1.2453701614417625,0.1550523070598,-0.3070847530532302,-0.4602146321490158,0.25470733457788786,-0.29175502834282246,0.27763624475123433,-0.30787857853734973,0.4719646281376941,-0.10904941348869022,-0.41945632435735025,0.4020827117667139,0.17999237583877709,0.31454932757753257,0.2620326228008336,-0.36525921696836106,-0.17950272882143992,-0.15869303032705406,-0.12788214375447907,-0.11594610836921262,0.643625871824124,0.21886600061674708,-0.36127134353785395,0.6158208464529158,-0.21321455531413264,0.4559051555458176,-0.09965643560749236,-0.32497025189691536,-0.1896246767388915,-0.040916120104282645,0.36226385827022306,-0.046658439917889934,0.6363929924905078,-0.245672356669307,0.5687554954410325,0.22166640539090937,-0.08534204981850767,-0.16945416005683597,-0.00840483768941368,0.18219132325136,-0.0930170562133035,0.51522489851447,-0.24997131063247,-0.0768256861201849,0.0032325497922063794,0.6616344034827203,0,15,train
-0.2997959771721783,0.16323501073551647,-0.31180835122941286,-0.4807279032937875,-0.2136072457686088,-0.43452279374205344,-0.08295639605281592,0.06298808595592088,0.30099192098087196,-0.049744880837062314,0.13994535065893376,-0.8936650155062322,-0.7594173635776663,-1.0107047024398486,-0.7128175446068539,-0.5599026183525507,-0.5767207331146166,-0.9929399984925699,-0.4822407396499857,-0.6427260533417628,0.0800241943146125,-0.9861384225031434,0.23443096392949647,-0.9397695850017822,-0.6086162823041239,-0.5336799258928056,-0.7730429397066507,-0.798577460073804,-0.7013789178399905,-0.09568469648348908,-0.9912139467327504,-0.6396366834235322,-0.07488131888471172,-0.5263286166217666,-0.09364277414069733,-0.856319018505109,-0.672313116298869,-0.7681969126619167,-0.28175749550922424,0.085721440261785,-0.7503052760962456,-0.8898774860182408,-0.4845180093007658,-0.7428154364884986,-0.5951942069634564,-0.8145567057509375,-1.103388771129724,-0.7587497676428677,-0.8121185001809138,-0.7711739049628127,-0.09914711172225647,-0.4627609589799092,-0.48055948469243237,-0.5038850278898228,-0.0163891863827546,0,15,train
0.5786033072938787,1.0085053229123133,0.4326915673838375,0.473533987830601,0.44049213443499863,-0.42401478352032623,0.4154555543284751,0.29970409516969526,1.4283045556239267,0.3501165540671585,-0.0655092563928473,-0.33199742829254686,-0.21087902262514038,-0.23723936745372656,-0.006206885129283952,0.20029594432948844,-0.08882200814105828,-0.010677790238833286,0.027195038919401778,0.030184102069591854,-0.18788289099952496,-0.06252155125002941,-0.20234334111947447,-0.021211509875113273,-0.1976642568786376,-0.31369408920251635,-0.08260382136719575,-0.1658882116792408,-0.15412650898687205,-0.04808959551947965,-0.31175729180388817,-0.15249733862359532,-0.28236497329443383,0.0775342159000988,-0.5741653600018529,-0.2899970232308059,-0.09197006956517007,-0.15374422799947907,0.057100718723309865,-0.33061165058608327,0.10874822328714569,0.07376779649120445,0.15958215230374187,0.07947805794388323,-0.005596652114504731,-0.30389629828240594,-0.24778415969520723,0.16276759945621802,-0.44107625999025396,-0.17922343529163093,-0.18223840818869896,-0.029927469727731696,0.598989585402925,0.06604069014732009,-0.19157231486474333,0,15,train
2.0272104402336226,2.3292401856885583,1.9052772331763455,1.8063560461564263,1.6428315402947813,-0.6656990186200519,1.733590712443463,1.4947046504550212,1.3836374512324094,1.7964800281761557,-1.1441459434146979,1.1355856221690181,2.4320784383279395,-0.01259318560113964,3.1057838959945343,0.619065375881381,2.308353870172904,1.3984440443177617,3.1460082646959426,2.5853821115578697,-1.0628560313339952,1.230026081425418,-1.184439411643788,0.9344065452278477,2.692774849326319,1.8993634279017932,1.6477211527569895,1.9646872431618148,2.1697872086079983,-1.2316211061578475,0.54241678867811,2.3329074817842455,-1.0358582445718456,2.509759513557612,-0.9484951092086095,2.1021846829486157,1.377225524582224,1.8353781489916967,3.2076419667530693,-1.3881584798930773,1.699508095260913,1.3546379235534485,1.5769940580838742,1.380802341967715,0.163778645460285,0.8372090566781399,2.0418619835802603,1.6962850500485895,0.5407265216378403,2.2201874490551496,-0.942649666760385,2.762936664832408,2.005475264124722,2.6900252205387374,-1.2329386897298986,0,15,train
0.09537631706194015,0.3745525887797157,-0.06676822053623281,0.0006361431796049165,-0.05760398643555078,0.6357931045567318,0.0030639405612140095,0.027688330195972072,0.08403741393635955,-0.03654813381052037,0.2547582193055173,-0.8302509330788806,-0.8615262322398249,-0.9765812317786963,-0.6789389513442307,-0.5825388038418422,-0.6489098301770307,-0.8522703489154915,-0.6007141765265874,-0.8504909400355912,0.21967788772304586,-0.9139002314554139,0.07160977328993925,-0.9980066963930984,-0.7624363141672947,-0.5600782262956403,-0.9984924477358605,-0.8164626685089861,-0.7726489989929548,-0.02270554167200796,-0.8574796210007204,-0.7465090907010693,0.03705065257316466,-0.6577246959205058,0.009895241597341725,-0.9456146028222191,-0.5277667068893604,-0.8085624174937557,-0.4777911731644093,0.2407067514533272,-0.6423839822038598,-0.8599506138906183,-0.44732073553029267,-0.5942390418558564,-0.7195456912588716,-0.6884677162525347,-1.1636426170053942,-0.7071635537085678,-0.724569207551657,-1.029793042197795,-0.03619915985373942,-0.5401390129244326,-0.5156667715248018,-0.5690193956654963,0.2269207142866742,0,15,train
1.2819670375203667,-0.21762806597205187,0.03875145296800741,1.1278504429615188,1.3564541285190963,1.0576146577432095,1.6361853312775763,1.63798012971599,1.2528266455143946,1.582692726346176,0.1550523070598,0.9725208387843998,-0.5931936238950828,1.6338642737994657,-0.9233488027388695,0.8699497650543616,-0.5767207331146166,0.8842722217256822,-0.9294779638591573,-0.6613318640904639,0.9578474100247651,1.150048084194003,1.0537058438142526,1.1779435565006244,-0.5466291052846372,-0.9274545735684232,0.97137262866936,0.7194296058622681,1.2025503929606263,1.4178395141720108,1.2477575066518813,-0.5277934665051793,1.238271809682082,-0.45364142381820866,0.9390825623233333,0.9718905761978283,-0.6464242071508973,0.8083003038260163,-0.7382359163348694,-0.12092564132693794,0.8469298735110649,1.444418539936316,-0.3435599192231836,1.2604042290757462,1.3172458618556886,0.9738054619680764,0.9362039117617121,0.8896642503486266,1.0472617147071117,1.3495030203640423,1.2227598775166015,-0.7432564045288064,-0.7899424499026872,-0.7481389070485983,1.479155669732001,0,15,train
1.4097537304928125,-0.24219987737254015,0.2040656081246504,1.4918971213245618,1.6706892651756844,-0.6656990186200519,1.8347911084599688,1.8508168923862696,1.5623058687984785,1.7740455582310344,-0.17427934247908433,1.3711236426134668,-0.4032236356864157,2.0604076570638714,-0.9402880993701812,0.9529491118484305,-0.2605822735654232,1.769520878546951,-1.1990050327534263,-0.41945632435735025,-0.7949489460198577,1.6015367782423129,-0.747665106594817,1.5300133662753996,-0.45250042906986093,-1.1100428180213633,1.6195399642533383,1.184445025177,1.5385379183960293,-1.2252750926959795,1.8409339514310468,-0.29913622302765797,-1.0549685811622147,-0.21321455531413264,-0.9591143928740493,1.4630162899419334,-0.32281284280125105,1.4563909091816531,-1.0210845083802078,0.21335640241952564,1.3606352324388213,2.132736598871634,-0.14778479411543047,1.8854497513234132,1.6259805814856851,1.6042504094600907,1.840011599896765,1.6822160826119623,1.6684447909813624,1.6253634334146903,-1.1365293585154175,-0.8230525226590961,-0.888681694118726,-0.9202797361700211,-1.1323705974532012,0,15,train
0.5571265521724591,1.5638282605633482,0.44441597555097534,0.16149397780513555,-0.6259015740059763,-0.4570399585028974,-0.39920763360439654,-0.2713213656530061,-0.7082719377703156,-0.4456472916333207,-0.03529534359111479,-0.6535974177455441,-0.33435951496077393,-0.13486895547026923,0.16318608118383213,0.145591829397034,-0.6439312717589333,-0.17075015010240516,-1.0153712055946935,-0.4411631035641681,-0.06247957446950318,-0.12959987150863547,-0.3522422150416065,-0.023858651301991284,-0.055323331870927236,-0.8548592474606278,-0.4207780834110105,-0.2329577433111733,-0.4010264329810697,0.29459513142138827,-0.28803023401272154,-0.28173838928480305,0.24999440315156363,-0.4284804724631309,0.19838752665889997,-0.856319018505109,-0.5234518886980318,-0.5686119165489352,-0.7074306241319117,-0.7317501030818396,-0.7610974054854842,-0.2823619818275036,-0.4845180093007658,-0.16131816784005412,-0.029180554308462798,-0.43418825409742223,-0.5279645430170736,-0.5852325025911315,-0.3014142931769157,-0.638990790376044,0.09976841618225742,-0.1846835776167784,-1.3955431477610585,-1.1087041572353622,0.22043245026882277,0,15,train
1.308812981422141,0.4888115117919862,0.7457332654464169,1.1798571112990965,0.8951302044913391,-0.5065777209767542,1.0757881383361754,1.0752604937779824,0.09998995121904429,0.9334127726403124,-0.4341189925739839,0.5037095865536221,0.08594908395090183,0.6130037765199885,-0.09090336828584199,0.39270352098846606,0.10285249095569676,-0.4448134328991267,-0.04092718728464422,0.23174705184718658,-0.561242765213908,0.46894514002969545,-0.5047255523072236,0.5399824726230245,-0.362963395597269,-0.14650485331789653,0.5768359896182429,0.5495201257280391,0.5585743025427706,-0.3749092888056777,0.39358342616988307,0.27747769530696115,-0.35061617540289497,0.2704348429556947,-0.037891534897137834,0.4196678837104371,0.17123384010587558,0.4472532883856789,0.03749735095779136,-0.014563172862154075,-0.4027987097627632,-0.4619232145932387,-0.3220246554613307,-0.20998974539212656,0.48537731174153137,0.5556103134650402,0.45116045246256703,-0.3601290236050953,-0.49944245507642515,0.6943345393687538,-0.459209396410174,-0.01300102042736721,-0.4498406087141092,-0.029334634095630356,-0.3764878393735092,0,15,train
1.4237136213217352,1.7444310743569371,1.1760190451803743,1.416910762326194,1.5592583656520715,-0.44803309259855983,1.4704696828005481,1.6981973601300202,1.3740659288627985,1.3649464004082341,-0.5308035135395279,1.3484757560322698,0.9408140308899033,1.5343374843711046,1.4021746347883384,0.82090469649423,1.3400242578529336,1.3935933667461382,1.9494265522422651,1.5062450881332086,-0.5526925390868611,1.1319885364320705,-0.6029351593596549,1.2282392436113068,0.9525422500385057,1.7453733422185906,1.3264556038153654,1.213508488884171,1.3272730349783137,-0.6001927667019891,1.5583662631907897,0.9957596884048272,-0.6536515127644628,1.299238187252206,-0.6139876737472526,1.437167568165928,1.083817887571878,1.2635334972073113,1.8438076664948535,-0.6496990559804349,1.187961162211004,1.4474112271490782,0.9328938964793665,1.2219792994293732,1.1478705642808988,1.4046095094209528,1.3278539099535684,1.20621601767274,1.2682194532476172,1.4155945776574268,-0.6984116135105388,1.500707159862371,1.380126717423143,1.8688669410811396,-0.551670967855498,0,15,train
0.5689387674892399,0.5035545986322791,0.5569702939554982,0.390081427009837,-0.033089188540355946,-0.4225136392029366,0.23202983654855835,0.46062945231063834,-0.6359537687554782,0.2062720114778514,-0.2377285593627226,-0.5086509436258834,-0.4032236356864157,-0.498852642522562,-0.3546724158305513,-0.06756558396046083,-0.52942442814269,-0.8498450101296798,-0.4052330056801946,-0.33883114444631235,-0.15938213724270187,-0.5578691470058895,-0.34190436166766636,-0.4924026838593988,-0.4479087863276767,-0.37089040674199153,-0.48277669811904317,-0.4118098276629933,-0.4493882737634383,-0.13693378398563058,-0.5792259432679482,-0.36872755799907747,0.03978070065750311,-0.243966829192561,0.1320170037499006,-0.6941770364556198,-0.37459066109719447,-0.6471003981663997,-0.3797743343368168,-0.2576773864959458,-0.9402467533468447,-1.0155703489542554,-0.625476099378348,-0.8324736056633688,-0.2928914606590848,-0.4678119846303297,-0.5731549274238263,-0.8220601211076904,-0.9455269460921623,-0.5527844112977165,-0.14195171899284806,-0.2814061450474326,-0.6999800273947409,-0.46433916174030676,-0.12020141066837756,0,15,train
-0.0807330749336996,0.7025862709762342,0.2451010367096327,-0.4468630960042021,-0.37406774108261126,-0.34445413469867736,-0.4586628662640937,0.027688330195972072,0.44243775155400994,-0.3479913636369103,0.003982743051137467,-0.789484737232726,-0.7950367363667914,-0.803120255917838,-0.5555240758875318,-0.3844721808105417,-0.6289955965046407,-0.912903818560784,-0.7488059726223396,-0.679937674839165,0.2909297721151037,-0.6559066919992368,-0.03952215047991726,-0.6141711894957872,-0.36066757422617685,-0.47428374998642747,-0.6913174930460622,-0.6331392820483706,-0.696288197757636,-0.05443560898134758,-0.7711994108510236,-0.5675599436317048,0.0670811815008876,-0.484393697696637,-0.38832789585665467,-0.842219715718197,-0.5709148888026465,-0.624675117704267,-0.5085964653673669,-0.26375524183679055,-0.5841064835019715,-0.9437458558479613,-0.30832039670378797,-0.6070473517379806,-0.4451148293655414,-0.5581757604375184,-0.7539164650508369,-0.5922669863094451,-0.6849635751717551,-0.9119776574574142,-0.09411127557277511,-0.5860822324539933,-0.1997011900334776,-0.5294735295159803,0.16528220611708558,0,15,train
0.13940366506085008,-0.422802691166129,0.846563175683802,0.12279134090275225,0.8583580076485469,-0.503575432341975,0.6608665146685018,0.3817241159060469,0.47434282611937945,0.5929366993555303,-0.2770066460049749,-0.6218903765318683,-0.6905532428520246,-0.6040666770611154,-0.6547399561566427,-0.033611305726523606,0.2546985227076715,-0.3211211548227303,-0.7458441367004246,0.11391025043874659,-0.002627991580174601,-0.003183037175108675,0.11813011347266988,0.007907045820544818,-0.8634524544953472,-0.5160810589575824,-0.2685996654912938,-0.5615984483076425,-0.36539139240458757,-0.3939473291912815,-0.2988152602814337,-0.43831889297049703,-0.3970269928366486,0.21452161772218864,-0.25558685003865583,-0.5249854030126744,-0.24730352445300027,-0.44303034596099167,-0.5954113797575203,0.4838209650871189,-0.4783436154874333,-0.1865959910191115,0.006877554719694467,-0.18949644958072764,-0.3679311494580423,-0.4278838046225021,-0.47674877402275395,-0.2804048747975408,-0.5202875247500577,-0.480945762065777,-0.1772025720392176,-0.5788280398966943,-0.5858813451895404,-0.8691027329177062,-0.2921404071414405,0,15,train
0.8148476136294929,-0.6169200012299865,0.34241362449687646,0.3235612698338657,0.7079262932916695,2.3095690184461364,0.705141687925723,0.9849346481569369,0.8136001189978082,0.6641991332988568,0.7502663892539304,0.3157321279296871,-0.1990058983620987,0.4821971389855708,-1.039503979639292,0.541725075459635,-0.061439936841521846,0.13484253690986842,-0.8021190192168104,-0.0008255825115765664,0.7953931136108733,0.36058785345810107,1.5111558556111038,0.39968397699849006,-0.7073366012610843,-0.9450534405036464,0.14002756781164893,0.08897600852210266,0.4262155804015512,1.4559155949432183,0.37848438939368617,-0.08042059883176794,1.494896329609896,0.0691472321150729,1.4673919246789684,0.2645755530544039,0.0007985215483952056,0.07050857662184852,-0.6458200397259964,-1.248367807053647,0.1735009996225772,0.19048259778893228,-0.0733902465744843,0.3151509597749708,0.48323332063298974,0.11219736706232349,0.10771353097124692,0.07366413902424536,0.11340259332837252,0.3868651206560526,1.6130371791014075,-0.651369965469685,-0.8338265584431489,-0.7458126796280385,1.5570148379462183,0,15,train
-0.5940275223356252,-0.19551343571161242,-0.5685728900897308,-0.6403762805161186,-0.45095506175390415,-0.3894884642203654,-0.4763729355669822,-0.3876029140387198,-0.27223591871026626,-0.584213135412011,0.239651262904651,-0.6128312218993895,-0.5860697493372578,-0.7178115792649569,-0.3643520139055865,-0.458039783650739,-0.4721710063345683,-0.7358540871965301,-0.42596585713359986,-0.5186873150170892,0.3593315811314792,-0.7281448830469663,0.2137552571816162,-0.6538783108989573,-0.4226547512456636,-0.36209097327437995,-0.663136304542411,-0.601840167286802,-0.576656275822303,0.31997918526885993,-0.6180520378353118,-0.37866917728070887,0.2991352686696557,-0.40891084363140384,0.02582416709550158,-0.5155858678213997,-0.30771097913160095,-0.6852233749520255,-0.24535124108754702,0.1586557043519225,-0.480502041365281,-0.7641846230822262,-0.33964441672102846,-0.599362365808706,-0.44725882047408305,-0.5539727941209049,-0.8051322340451565,-0.5313014607507269,-0.651611463693943,-0.6361172444067664,0.07207131736010991,-0.3612022631777223,-0.3818202404763936,-0.24567378420768868,0.3177564105365943,0,15,train
0.8642441504087577,0.06371917456353893,-0.1851847430243246,0.5400541450065723,0.7758991420010733,-0.481058267581131,0.7911620245397529,0.7700214292654838,0.5892010945547096,0.6932319767572491,0.17318065474083952,-0.08060588724126026,-0.8306561091559165,-0.18036691635180582,-0.6910384489380247,0.009774716461285077,-0.5916564083689092,-0.4035826735403279,-0.5829431609950972,-0.639625084883646,-0.08243010209927938,-0.19409825637267974,-0.3212286549197861,-0.005328661313845224,-0.47775446415187406,-0.4852830418209419,-0.04315015746208404,-0.22177948803918457,-0.09812858808097157,-0.29875712726326265,-0.06585869287725234,-0.5899285870153753,-0.4106772332583408,-0.49557634274333817,-0.31133808928221535,0.11183310619618933,-0.5795445251853037,-0.16719939627675873,-0.416180588758494,0.21335640241952564,-0.2085403807564687,-0.2614131713381678,-0.5765323181014097,-0.06141335075948437,-0.09350028756471207,-0.15258951088432252,-0.25079685198899077,-0.2077152097082999,-0.24513260505810774,-0.10163769412113624,-0.5171215121292096,-0.5135403068810027,-0.5507740583571711,-0.5294735295159803,-0.31484933120392056,0,15,train
0.02772453842946879,-0.387173564635421,0.7070427184948621,0.42031786208982397,-0.13114838012113525,0.833944154452159,-0.17277174751746482,-0.5038844624244335,-0.5934136693349855,-0.264851857369696,0.30310047978828925,-0.6377438971387063,-0.5551996262533493,-0.5073835101878501,-0.5942424681876727,-0.0958608158220752,-0.5344029865607876,-0.7237273932674717,-0.39634749791444945,-0.462869882770986,0.33653097812602073,-0.31277528452252124,-0.05502893054082746,-0.37063417822301037,-0.9323270956281103,-0.4104878573462436,-0.5250484808745199,-0.592897563069211,-0.47738723421638857,-0.2543350330301872,-0.4001945072073274,-0.2767675796439874,-0.09399165547508087,-0.33622365082784594,-0.3962923586057346,-0.5531840085864986,-0.7996002529430632,-0.6134624774732006,-0.42458203208657336,-0.1361202796790499,-0.59489861289121,-0.584623390316491,-0.7390256719408448,-0.4661559430346131,-0.2714515495736684,-0.7199899636271354,-0.7418656958757028,-0.8619221955114676,-0.31392133498109526,-0.638990790376044,-0.4541735602606926,-0.6828047998846475,-0.3116056668116549,-0.4247932955907907,-0.1850840508468919,0,15,train
-0.6187257907252576,0.4372107078509608,-0.37980991859881214,-0.6814978322249009,-1.0326243572671632,-0.46604682440723505,-0.9330397225914645,-0.7665561744028762,-0.7072084352848034,-0.984074570316232,0.312164653628809,-0.19611010880536492,-0.391350511423374,0.02721753017020488,-0.7660553340195475,0.036183599532125146,-0.22075380622064292,-0.06888592109831397,-0.7576914803880848,-0.21479240612163866,0.33938105350170306,0.05873541229437383,0.3016270108601074,0.026437035808690876,-0.6981533157767159,-0.6920697283098138,-0.24323659583800775,-0.4028672234454023,-0.25594091063396385,0.2565190506501807,-0.05507366660854023,-0.31156324712969713,0.3346258937660555,-0.17407529765067842,0.1851134220771001,-0.3017464422198993,-0.30339616094027233,-0.26811315835635613,-0.547803200898404,-0.060147087918490015,-0.2819268606032911,-0.09382268742348168,-0.1242917791025001,0.03592980434466051,0.007267294536745124,-0.16099544351754938,-0.3622664668589806,-0.1584738236801045,-0.19718894480875282,-0.23382080870790498,0.17782387649921857,-0.6682964147700494,-0.6275712483029791,-0.6760258570112455,0.3307329385722972,0,15,train
0.37886948466467735,0.25660789405737194,-0.04800916746881232,0.21350064614271314,0.26888854916863486,-0.34295299038128774,0.49894588104209237,0.7482186389431625,-0.08931349120214792,0.4570102049821483,0.037218047133043226,-0.6807748816429805,-0.757042738725058,-0.4476674365308333,-0.5724633725188434,-0.2656322069917614,-0.5269351489336412,-0.6388405357640623,-0.35191995908572377,-0.621019274134945,-0.1736325141211134,-0.6275274026590573,-0.09896480738007306,-0.6671140180333474,-0.5328541770580846,-0.4236870075476609,-0.7054080872978878,-0.6465531883747571,-0.446842913722261,-0.1115497301381589,-0.531771827685615,-0.6470928978847557,-0.11856208823412691,-0.5347156004067924,0.028478988011861557,-0.5484842409908612,-0.5363963432720177,-0.5730969726413617,-0.2537526844156264,0.009748248501225095,-0.6315918528146213,-0.8270310545502335,-0.3983769542533544,-0.5301974924452347,-0.26501957624804345,-0.5203490635879975,-0.7177641575254348,-0.5547497398117724,-0.7933579374746444,-0.5585315032362717,-0.09159335749803442,-0.48694160083757276,-0.4476464032870861,-0.42246706817023094,0.012808001697576857,0,15,train
0.7407528084605957,0.42369621158069226,0.5511080898719294,0.9621547787231903,1.1837362342574964,0.8924887828303534,1.2187336977094898,0.7108424269620403,0.8550767159327886,1.107609833390666,0.5750256950038818,-0.16666785624980884,-0.24887302026687377,0.021530285060012807,-0.20705854518626446,0.4096806601054347,-0.0041865150334002114,0.241557443485583,-0.09424023387911501,0.14181896656179815,0.9093961286381658,0.440565850689516,0.4282657146908741,0.5029224926467324,-0.36525921696836106,-0.22130003779259486,0.48383806755619385,0.07332645114131842,0.2505857375603179,0.8847743833751052,-0.05507366660854023,-0.0356833120644268,0.8751754144650683,0.12506045734857896,0.530240141203897,0.10478345480273328,-0.18042384248740673,0.3597946945833611,-0.04371660121364244,0.3227577985547319,0.005143781150455275,0.45683175972477275,-0.087094505332027,0.3843158331384422,0.11875483218091053,-0.02650052138591966,0.433084298699866,0.2729745110431316,-0.15549880546148767,0.2805439197927821,0.46486653701965636,-0.10246939530072234,-0.20628380631454687,-0.04794445346010849,0.9146767001789262,0,15,train
0.33376829890969645,-0.018596393628096806,-0.22035796752573802,0.22317630536830896,0.22097326237348133,-0.30842667108132693,0.2560649306024785,0.1761549500098744,0.1691176127773448,0.14952599926372104,0.0009613517709642167,-0.7826903712583669,-0.7879128618089665,-0.9339268934522557,-0.6063419657814666,-0.7164695679868168,-0.8455628876918834,-0.7892115404843875,-0.4881644114938158,-0.8597938454099417,0.13702570182825877,-0.9113202960608521,-0.08087356397567781,-0.8127067965116378,-0.7096324226321764,-0.4962823336554564,-0.8350415544146834,-0.7896348558562131,-0.6733799573870403,-0.09568469648348908,-0.7862984476272206,-0.8881771654643162,-0.06396112654735793,-0.8254643716210239,-0.09895241597341728,-0.6918271526578011,-0.6831001617771906,-0.754741744384637,-0.36297144768065803,-0.023679955873421265,-0.7028199067835958,-0.7881261207843242,-0.5589125568417119,-0.5353208163980845,-0.6252100824830393,-0.7283958962603623,-0.9376906949716309,-0.6555773397742678,-0.7058086448453876,-0.7941622727170333,-0.20238175278662443,-0.5643196547820961,-0.4893363064005247,-0.42944575043191024,-0.09749248660589753,0,15,train
-0.23214419853970697,0.46792547210157115,-0.4525012492350665,-0.20376215796110694,-0.2971804204113184,0.7348686295044454,-0.34734243064593734,-0.5069991467561937,-0.7859076192127147,-0.4469669663359749,-0.12291569071613906,-0.5901833353181926,-0.48158625582249087,-0.6239720349467877,-0.6571598556754015,-0.20904174326853264,-0.38006767559976395,-0.6461165521214974,-0.6866074182621237,-0.3233263021557281,0.023022686800966224,-0.44435198964517153,-0.049860003853857394,-0.36798703679613237,-0.7096324226321764,-0.6898698699429109,-0.5306847185752502,-0.5079428230020966,-0.47229651413403395,-0.11472273686909286,-0.5554988854767816,-0.45820213153375977,-0.003900068691912065,-0.17127963638900312,-0.47328216518017385,-0.8516192509094717,-0.273192433600972,-0.6157050055194139,-0.45818780539889076,0.44127597770120536,-0.4848188931209765,-0.6534551962100229,-0.12820728160465517,-0.4584709571053385,-0.27359554068221004,-0.5791905920205855,-0.6695610808248986,-0.587577330497236,-0.3180903489158218,-0.5757727790519371,-0.39626144454165696,-0.4796874082802737,-0.7526409576432949,-0.5573882585626975,0.029028661742205444,0,15,train
-0.22355349649113918,0.22466453923673718,0.22516954282549845,-0.32107952607145634,0.3792051396970116,-0.46154339145506623,0.6798415889215965,0.34642436014609806,1.2623981678840055,0.5203545907095496,-0.0836376040738868,-0.5177100982583622,-0.6383114960946411,-0.23723936745372656,-0.589402669150155,0.1663416660955512,-0.35268560430022755,-0.27989039546393146,-0.3726528105391291,-0.13106625775248393,0.14842600333098802,-0.15023935466512964,0.09228548003781954,-0.09533146982769751,-0.6086162823041239,-0.4522851663173985,-0.6969537307467925,-0.2731994622903328,-0.41375323318695617,-0.4034663493840834,-0.3031292707889185,-0.5948993966561911,-0.21138372310163414,-0.23557984540753507,-0.6139876737472526,-0.5860823817559603,-0.4112666157234877,-0.624675117704267,-0.2145459488845894,0.14042213832938813,-0.8733355511335655,0.26829246532075085,-0.14778479411543047,0.2357394385058,-0.03990050985117101,-0.4720149509469431,-0.6755864654124656,-0.8713015071358858,-0.3389354185894543,-0.6562320661917095,-0.1520233912918108,-0.5014499859521709,-0.3971796784655552,-0.3503540181328782,-0.3602671793288806,0,15,train
0.15658506915798567,-0.34785866639463975,-0.20511623690845887,0.11311568167715641,0.06608431203565948,-0.3144312483508853,0.12450441578102096,0.059873401624160695,0.11700599098724133,0.045271697754039684,0.1006672640166815,-0.7849551599164867,-0.8021606109246164,-0.9168651581216795,-0.7684752335383063,-0.665538150635911,-0.795777303510908,-0.8910757694884787,-0.6066378483704176,-0.8628948138680587,0.09427457119302406,-0.833922234223999,0.06644084660296919,-0.6300540380570552,-0.5512207480268213,-0.5138812005906795,-0.7082262061482529,-0.825405272726577,-0.6733799573870403,-0.12106875033096079,-0.6935472217162965,-0.7738485437255556,-0.09399165547508087,-0.5179416328367407,-0.04851081856257774,-0.8375199481225596,-0.5903315706636253,-0.714376239552798,-0.5394017575703246,-0.029757811214266055,-0.6726019444937278,-0.8988555476565275,-0.5080110243136962,-0.6736505631250271,-0.627354073591581,-0.6716558509860809,-0.9135891566213629,-0.5993014700277588,-0.8246255419850933,-0.8717480138875281,-0.14698755514232945,-0.6586241580269839,-0.5003073335356402,-0.4689916165814263,-0.22401363495400048,0,15,train
0.604375413439582,-0.32205826442412705,-0.07732018788665683,0.5823851541185541,0.6377248265917934,-0.3879873199029758,0.8468222423488311,0.5519935260422706,0.22867375196603448,0.7618550612952671,0.142966741939107,-0.4837382683865667,-0.7831636121037497,-0.2543011027843028,-0.7152374441256127,0.024865506787479404,-0.6812704598946647,-0.5466776619032179,-0.9976001900632033,-0.8628948138680587,-0.19358304175088958,-0.09606071137933243,-0.12997836750189348,-0.13768573265774564,-0.5558123907690056,-0.6568719944393675,-0.3390526367504219,-0.4118098276629933,-0.30175739137515517,-0.3241411811107343,-0.3376413548487972,-0.5775015629133361,-0.40521713708966395,-0.7415945337707648,-0.1493940133842568,-0.26414830145480034,-0.588174161567961,-0.20980742915481096,-0.769041208537827,0.1768892703744569,-0.42222454266339265,-0.5636745798271553,-0.4297009742705949,-0.4072377175768412,-0.22642773629429389,-0.42368083830588865,-0.3140633901584444,-0.34371522826236345,-0.5849072407383187,-0.3545097394175634,-0.18475632626343966,-0.6416977087266195,-0.548579852930148,-0.710919268319642,-0.41217329147169207,0,15,train
0.12759144974406939,-0.5886624181194249,0.08330420400313104,0.05022389671078353,-0.08880463830216237,-0.32644040289000215,0.06125416827070484,0.1720020375675275,0.17018111526285712,0.00832080607972224,0.1490095244994535,-0.918577690745549,-0.9232664784076416,-0.8543054619095666,-0.7612155349820299,-0.41654011025370463,-0.6190384796684456,-0.8352929774148097,-0.7843480036853201,-0.7822696339570208,0.03727306367937779,-0.867461394353302,0.04318067651160387,-0.8285896450729058,-0.7257031722298212,-0.6678712862738819,-0.8491321486665091,-0.8410548301073613,-0.7930118793223732,0.0883496939106807,-0.8510086052394932,-0.6694615412684263,0.08346147000691828,-0.5514895679768442,-0.08036866955889745,-0.856319018505109,-0.6507390253422259,-0.8197750577248221,-0.6346181152885573,0.14042213832938813,-0.6747603703715755,-1.0484899082946402,-0.4531939892835253,-0.7043905068421256,-0.5244425003815821,-0.7557151773183496,-0.931665310384064,-0.5664738793422951,-0.8621466673976319,-0.9550808469965779,-0.056342504451664874,-0.6054267459401241,-0.6187944265948867,-0.5457571214598986,0.15879394209923414,0,15,train
-0.4544286140463986,0.8758175413496766,-0.21215088180874156,-1.0068418736855607,-1.6755806475184094,1.0576146577432095,-1.6123473808522597,-1.1268213287764712,-1.3208493694254095,-1.6135594034822827,-0.10478734303509955,-0.12816644906177393,-0.42934450906510746,0.9997364440130496,-0.9354483003326636,0.7114964666293212,-0.3103678577463985,1.260199733526495,-1.6343949132749376,-0.17758078462423657,-0.6296445742302836,0.9771924127583643,-0.28763063145448065,1.0958821722674064,-0.6200953891595844,-1.338828088179264,0.5965628215707988,-0.04069175263296683,0.16658885620146713,-1.2919082340455927,0.8853806240231548,-0.11770167113788556,-1.1723606487887681,-0.07902281475371813,-1.1688452452664875,0.06953519783545299,-0.19552570615705686,0.4270705359697594,-1.25352444045707,0.8636869238899183,0.0591044280966482,1.384564795681071,-0.10862976909387985,1.1630610739716012,0.8305598802167358,0.3433605144760621,0.5174396829258042,0.5871814504611405,0.7033180650921743,0.03054542046563251,-0.9653109294330512,-1.0213337858919371,-1.3472706283665505,-1.4762480896838053,-1.1096616733907212,0,15,train
0.10718853237872088,1.3697109504994909,0.08799396726998616,-0.21827564679950068,-0.7651901984104924,-0.4405273710116118,-0.5181180989237908,-0.252633259662445,0.23399126439359605,-0.5485819184403479,-0.04435951743163454,-0.6739805156686214,-0.5219548783168326,-0.35667151476776016,-0.637800659525331,-0.00908877144645783,-0.45723533108027575,-0.6824966339086729,-0.9739055026878829,-0.46597085122910287,0.09427457119302406,-0.23021735189654452,-0.23335690124129488,-0.21709997546408588,-0.5512207480268213,-0.7580654793169006,-0.3249620424985963,-0.38274636395582257,-0.5461119553281755,0.23430800353364298,-0.32038531281885785,-0.45571672671335195,0.24453430698288672,-0.2942887319027164,-0.2502772082059359,-0.6871273850621638,-0.5018777977413887,-0.4318177057299253,-0.7186325485693509,-0.5767647918902974,-0.5387795400671694,-0.5397330821250573,-0.2809118791887026,-0.468717605011038,-0.1921238785576276,-0.3123022309156328,-0.5159137738419396,-0.5383359444690407,-0.6057523104119513,-0.6476114282838767,0.17278804034973722,-0.6296073877977877,-0.2589447365631009,-1.2506040298895078,0.23016484629559994,0,15,train
-0.21818430771078431,1.503627322632152,0.34241362449687646,-0.4722617014713911,-0.0665184583974398,-0.473552545994183,-0.08042638615240327,0.3568066412519654,0.9997130539624635,-0.11968764007773462,-0.1078087343152728,-0.6830396703011002,-0.559948875958566,-0.422074833534969,-0.7684752335383063,0.09843310962767673,-0.3327713706278374,-0.6849219726944845,-0.2897214047255079,-0.4504660089385186,0.09427457119302406,-0.18377851479443266,0.0741942366334243,-0.09797861125457552,-0.15633947219897973,-0.09370825251222711,-0.5053216489219641,-0.3849820150102203,-0.4595697139281475,-0.044916588788545694,-0.4109795334760395,-0.5079102279419165,-0.09126160739074242,-0.28869740937936583,-0.6325714201617724,-0.3957417941326467,-0.26024797902698615,-0.5058211312549634,-0.29856038216538294,-0.71959439240015,-0.6833940738829665,-0.5936014519547779,-0.10667201784280232,-0.5686224220916077,-0.1921238785576276,-0.4573045688387961,-0.6575103116497646,-0.7775083908917041,-0.3368509116220911,-0.4953134919121649,-0.2174892612350685,-0.7964538166156662,0.7130882676081254,-0.3294179713478403,-0.05207463848093749,0,15,train
1.0854547281593785,0.36963822649961803,0.4866238449526714,0.6464863964881264,0.5764378318538064,-0.4525365255507286,0.8986874453072904,1.0742222656673956,0.2786583687851133,0.855551965183715,-0.17730073375925756,0.3021433959809689,-0.27261926879295717,0.25755095713298387,-0.44662859754338574,0.27009084958813717,-0.23320020226588675,-0.5030215637586074,-0.23937019405295215,0.04258797590205922,-0.3360868105350053,-0.07026135743371473,-0.37033345844600174,-0.031800075582625306,-0.5420374625424529,-0.31369408920251635,-0.034695800910988665,-0.02057089314338708,0.34221869904270047,-0.3304871945726022,-0.044288640339828135,-0.21960326877460704,-0.22503396352332639,0.11946913482522835,-0.16532293888241667,0.020187638081260596,-0.06176634222586974,-0.19635226087753133,-0.16413728891611323,-0.09661421996355878,-0.34236278518302715,-0.3302449772316996,-0.3670529342361139,-0.22792137922710062,0.34816188079486626,-0.028602004544226376,-0.07304800665576366,-0.19364624227167265,-0.4431607669576172,0.2920381036698924,-0.38115393609321285,-0.2934964659762644,-0.34671295364402427,-0.3294179713478403,-0.26294321906110907,0,15,train
0.8846470677741063,0.2885512488780067,0.7011805144112933,0.4553921267826089,0.004797317297672419,-0.390989608537755,0.27504000485557334,0.7336834453949482,-0.06485293403536466,0.2537803007734024,-0.12291569071613906,-0.13496081503613305,-0.09689702969994017,-0.4277620786451611,-0.28449532978654607,-0.2411096727116956,-0.38753551322691027,-0.6145871479059454,-0.3371107794761486,-0.3295282390719618,-0.05962949909382087,-0.4495118604342951,-0.168745317654169,-0.5135798152744229,-0.319342789546519,-0.401688423878632,-0.43205055881247095,-0.16141690957044533,-0.2508501905516093,-0.0004944945554702266,-0.4562766438046303,-0.2171178639541992,0.1189520951033181,-0.20203191026743145,0.02051452526278163,-0.6236805225210592,-0.1243312060001347,-0.5977647811497077,-0.18094017557227196,0.1616946320223449,-0.709295184417139,-0.80907493127366,-0.32398240671240824,-0.6096090137144056,-0.12351616308429506,-0.19672065720876353,-0.48879954319788804,-0.5289566328446225,-0.6411889288571266,-0.5183018596663855,-0.16713089974025488,-0.26931582411860083,-0.42789855444387837,-0.2712622858338461,-0.10398075062374897,0,15,train
-0.3008698149282493,-0.07265437870917102,-0.44194928188464244,-0.19045812652591268,0.16971504859261943,-0.41350677329859903,0.11438437617937038,-0.11454892095440991,-0.39453870454418255,0.014919179592993211,0.27590795826673004,-0.6853044589592199,-0.6834293682941995,-0.9453013836726398,-0.5119658845498734,-0.4825623179308048,-0.7733737906294691,-0.9250305124898424,-0.505935427025306,-0.776067697040787,0.1256254003255295,-0.8752012005369874,0.2060018671511611,-0.8391782107804179,-0.7073366012610843,-0.34669196470605973,-0.711044324998618,-0.7337435794962693,-0.7726489989929548,-0.013186521479206074,-0.8294385527020689,-0.5725307532725205,0.007020123645441728,-0.660520357182181,0.12936218283354062,-0.8539691347072904,-0.5903315706636253,-0.7726819687543433,-0.44138491874273206,-0.060147087918490015,-0.5582053729677988,-0.9497312302734858,-0.3141936504570206,-0.7453770984649234,-0.5909062247463731,-0.6569454688779339,-0.7930814648700225,-0.48674973053474063,-0.7308227284537467,-0.8372654622561971,0.044374218537962404,-0.43374418875071297,-0.5068899498167094,-0.5131899375720619,0.14257328205460554,0,15,train
0.9920308433812036,0.6386995613349646,0.40220810614927927,0.9730398953519857,0.8661581706151997,-0.36847244377691096,0.8392322126475932,0.8478885375594886,0.6019631243808574,0.747338639566071,-0.2014718640006436,-0.035310114078866285,-0.1562626510151486,-0.0012186953807554906,-0.1320416601047416,0.13616008544316255,-0.029079307123887878,-0.27989039546393146,-0.026118007675069006,0.08290056585757817,-0.2562847000159005,-0.049621874277220555,-0.31605972823281603,0.0343784600893249,-0.36985085971054527,-0.1311058447495763,0.2950241045817307,0.12921772750126218,0.09531877504850286,-0.39077432246034755,-0.10037077693713105,-0.2643405555419482,-0.41613732942701775,0.14183442491863077,-0.32461219386401524,0.04603635985726614,-0.1005997059478273,0.220757955718138,-0.00450986568260543,-0.05710816024806762,-0.05097529167358537,-0.1357203084021532,-0.18302431663482602,0.017998170509686457,0.017987250079453336,0.1142988502206302,0.131815069321515,-0.024818633032145487,-0.17634387513512026,0.09088988582046172,-0.3912256083921756,-0.015419084613133564,-0.24797370942798547,0.02649482399780405,-0.26294321906110907,0,15,train
0.07067804867230774,-0.00385330678780384,-0.1335973470889183,0.13851428714434547,0.3457758698399277,0.7273629079174974,0.4255755939301257,0.1273582288122981,-0.12334557073854202,0.305247614176916,0.01908969945200372,-0.7962791032070852,-0.8045352357772247,-0.9083342904563914,-0.6426404585628487,-0.4335172493706732,-0.6713133430584697,-0.8692477204161734,-0.7132639415593591,-0.8225822239125397,0.2054275108446343,-0.7100853352850339,-0.0007552003276417308,-0.7756468165353456,-0.5351499984291767,-0.49848219202235927,-0.7955878905095718,-0.6309036309939728,-0.696288197757636,0.36122827277100145,-0.7237452952686904,-0.7141988280357674,0.45474800947694727,-0.7304118887240636,-0.037891534897137834,-0.6659784308817955,-0.6119056616202684,-0.624675117704267,-0.4021781832116951,0.0917992956026298,-0.7416715725848548,-0.7971041824226109,-0.5256307855733939,-0.6659655771957526,-0.5930502158549147,-0.6464380530864003,-0.8412845415705587,-0.4844049026286361,-0.7266537145190202,-0.8660009219489729,-0.18475632626343966,-0.38054677666385317,-0.5924639614706096,-0.39687856654407355,0.2074559222331199,0,15,train
0.8288075044584156,-0.014910621918023566,-0.1793225389407557,0.5025609655073885,0.746927108124934,-0.473552545994183,0.8012820641414035,0.7544480076066828,0.566867542358951,0.7051090490811368,0.106710046577028,-0.17572701088228762,-0.8733993565028666,0.015843039949820732,-0.6499001571191251,0.1286146902800654,-0.7733737906294691,-0.2459356524625677,-0.5237064425567963,-0.8349860977450071,-0.3446370366620522,0.014876510586823722,-0.388424701850397,0.04761416722371494,-0.6177995677884923,-0.5226806340582911,-0.07978570251683063,-0.16812386273363858,0.018957973813184013,-0.37173628207474374,-0.10252778219087347,-0.689344779831689,-0.4134072813426793,-0.5458982454534936,-0.242312745456856,-0.09730655180967368,-0.6356371616725758,-0.14253158776841268,-0.5197983898048061,0.09483822327305219,-0.09198538335269199,-0.156669118891489,-0.4277432230195174,-0.07165999866518383,0.043715143381953044,-0.06853018455205395,-0.16644146776305246,-0.1420600283373727,-0.22011852144974867,-0.012557769073531214,-0.3912256083921756,-0.48694160083757276,-0.5705219072003789,-0.5899554424505342,-0.25645495504325766,0,15,train
0.025576862917326842,-0.32205826442412705,-0.15235640015633878,-0.011458430852389869,-0.0743186213640927,-0.4029987630768718,0.16877958903824222,0.2779013048473739,0.16592710532080784,0.09409966175224488,-0.002060039509209034,-0.7985438918652049,-0.8377799837137415,-0.9822684768888883,-0.7031379465318187,-0.49199406188467626,-0.539381544978885,-0.9977906760641932,-0.636256207589568,-0.639625084883646,-0.15083191111565492,-1.058376613550873,-0.11188712409749824,-0.897415322171734,-0.6246870319017687,-0.7140683119788427,-0.8378596732650486,-0.7829279026930198,-0.7471953985811818,-0.19722091187337587,-0.840223578970781,-0.5998702062970067,-0.05850103037868103,-0.5458982454534936,0.012550062513701702,-0.9221157648440322,-0.6615260708205475,-0.8332302260021017,-0.4665892487269701,0.28629066650966317,-0.6769187962494233,-0.8240383673374713,-0.46298274553891294,-0.6813355490543018,-0.6638019224367889,-0.6569454688779339,-1.0340968483727033,-0.6532325118681632,-0.895498778875444,-0.8228977324098092,-0.12936212861914465,-0.6634602863985166,-0.4937247172545709,-0.4992325730487033,-0.1461544667397833,0,15,train
-1.3263848719760298,-0.7324075148122813,-0.9085807269367269,-1.2535711839382544,-1.0147954133433852,-0.5636212050375591,-1.1961607522343796,-0.878684810346243,-0.4594123561604338,-1.2242553661992954,0.47531978275816456,0.2364645248954976,0.2687951976017438,0.3741394818919214,0.20916417204024934,0.33422670847446306,0.25967708112576904,-0.2556370076058145,0.24933273306303005,0.4271080647085476,0.5901876865617466,0.2393308899136978,0.5755801252695211,0.29644546135024774,-0.07139408146857196,0.029483816034334847,0.34011400618757265,0.3527828329410371,0.5254846220074657,0.4691105016227561,0.1692548797806714,0.24019662300084355,0.37557661503113227,0.3039827780957983,0.2063519894079799,0.3444716021802392,0.21653943111482607,0.18712003502493887,0.28674016969081234,0.4655873990645845,-0.10061908686408286,-0.007034758253376367,-0.08513675408094948,0.04873811422678484,0.3160020141667416,0.28241750288516737,0.29751314547960805,0.015043441371631758,-0.22428753538447518,0.6196223441675367,0.3465243875068443,0.17077185769087577,-0.1865359574713391,0.11954392082019473,0.4896954070096573,0,15,train
-0.014155134057299205,-0.2901149096034923,0.5159348653705159,0.25583165525469487,0.35914757778276124,-0.2934152279074309,0.22190979694690777,-0.04914054998744593,0.18294314508900492,0.10333738467082423,-0.1138515168756193,-0.6988931909079381,-0.6691816191785496,-0.8543054619095666,-0.5748832720376023,-0.4146537614629303,-0.45723533108027575,-0.6364151969782507,-0.5118590988691362,-0.4907785988940376,-0.15083191111565492,-0.7900633325164489,0.017336043076753516,-0.7359396951321755,-0.7624363141672947,-0.443485732849787,-0.502503530071599,-0.5638340993620403,-0.5690201956987712,0.06613864679414297,-0.788455452880963,-0.4681437508153911,0.0561609891635338,-0.2635364580242881,0.04175309259366143,-0.767023434187999,-0.6291649343855829,-0.5641268604565086,-0.44138491874273206,0.17992819804487928,-0.5711559282348851,-0.6983455044014567,-0.47081375054322305,-0.5711840840680326,-0.4794186871022077,-0.5728861425456654,-0.618345311830579,-0.45861179566148613,-0.7433297702579262,-0.6648527040995422,-0.02360956948003601,-0.5353028845528999,-0.6122118103138174,-0.6178701714972514,-0.05531877048986321,0,15,train
-0.06033015756835109,-0.1414554506305382,0.07861444073627592,-0.1614311488491252,-0.18909244787341395,-0.33244498015956053,-0.32710235144263616,-0.28689478731180706,-0.6604143259222615,-0.39549965293246125,0.106710046577028,-0.7170115001728957,-0.8828978559133,-0.8230256138035102,-0.637800659525331,-0.5240619913278391,-0.6837597391037136,-0.8377183162006213,-0.7399204648565945,-0.4876776304359208,0.1256254003255295,-0.8365021696185607,0.08711655335084947,-0.8577082007685639,-0.564995676253374,-0.5314800675259027,-0.6800450176446017,-0.8276409237809748,-0.5053861946693388,0.16767486218402974,-0.6353080798652512,-0.7315966617786223,0.11622204701897966,-0.33342798956617065,0.16122003382986033,-0.7458744800076309,-0.6291649343855829,-0.754741744384637,-0.416180588758494,0.14042213832938813,-0.6013738905247532,-0.6594405706355474,-0.4982222680583085,-0.599362365808706,-0.48156267821074933,-0.6233217383450266,-0.9527541564405485,-0.5711635351545042,-0.5849072407383187,-0.8228977324098092,0.08466090773381332,-0.5111222426952363,-0.287469407114401,-0.5131899375720619,0.2950474864741143,0,15,train
0.8191429646537768,0.4642397003914979,0.22399710200878467,0.8266955495648488,0.6210101916632514,-0.4495342369159494,0.9922978116225581,1.100177968432064,1.0613961981221778,0.896461880965995,-0.09270177791440655,0.08245889614335807,-0.552825001400741,0.3741394818919214,-0.36677191342434534,0.20406864191103702,-0.3775783963907152,-0.042207194454385324,-0.15347695231741587,-0.286114680658326,-0.2819353783970413,0.025196252165070807,-0.40651594525479223,0.04761416722371494,-0.475458642780782,-0.2916955055334874,0.14284568666201405,0.044262987434147666,0.2989475783426865,-0.438369423424357,-0.03350361407111603,-0.5352496809664028,-0.3615363677402488,-0.1628926526039772,-0.47328216518017385,-0.18660213612678372,-0.3314424791839083,-0.09992355489036045,-0.052118044541721795,-0.09357529229313638,0.19724368427890207,0.3341315840015204,-0.16736230662620577,0.3330825936099449,0.343873898577783,0.29922936815162104,0.11976430014638097,0.30580210172859523,0.29267019252161264,0.16560208102167884,-0.4843885771575808,-0.24029905388940456,-0.13826343807683125,-0.252652466469368,-0.4154174234806178,0,15,train
0.13940366506085008,0.1300630653448573,0.011785314183590466,0.15060886117634026,-0.010803008635633379,-0.32944269152478134,0.06378417817111749,0.24260154908742512,-0.0946310036297095,0.007001131377068045,0.06743195993477574,-1.0431410669421324,-0.7237979907885413,-1.1500422076395544,-0.7128175446068539,-0.6636518018451367,-0.6663347846403721,-0.8328676386289979,-0.7339967930127644,-0.7047454225040997,-0.1080807804804202,-0.9267999084282227,-0.04727554051037236,-0.9291810192942701,-0.5420374625424529,-0.6612717111731733,-0.7279530381008088,-0.8812965490865208,-0.7675582789106002,-0.08299266955975323,-0.8639506367619476,-0.6495783027051635,-0.22776401160766485,-0.5458982454534936,0.012550062513701702,-0.8304702967291036,-0.5191370705067032,-0.8892934271574335,-0.651421001944716,0.10091607861389698,-0.7222457396842253,-1.0275410978053043,-0.2809118791887026,-0.5455674643037839,-0.7281216556930382,-0.715786997310522,-0.9196145412089299,-0.6180600932765951,-0.7308227284537467,-0.9637014849044107,-0.10670086594647851,-0.6344435161693204,-0.6275712483029791,-0.4829489811047849,-0.05856290249878892,0,15,train
-0.440468723217476,-0.5493475198786436,-0.03042255521810562,-0.4746806162777901,-0.900021586834064,0.8984933600999119,-0.9709898710976542,-0.8921817757838705,-1.1283554195476804,-1.0434599319356708,-0.017166995910075287,-0.4701495364378485,-0.728547240493758,0.0983080940476058,-0.22641774133633485,0.17765975884019694,-0.6414419925498844,0.21972939441327777,0.0627370699823823,-0.6365241164255292,-0.008328142331539229,-0.12186006532495014,-0.29538402148493575,-0.05033006557077137,-0.4019923589058347,0.020684382566723277,-0.08260382136719575,-0.24413599858316207,-0.2839398710869141,-0.5589436791998476,-0.003305540518722156,-0.5178518472235479,-0.4898486277041558,-0.43966311750983217,-0.8157540633906106,-0.543784473395224,-0.5817019342809681,-0.3802395606670199,-0.010110827901325002,-0.2546384588255234,-0.04450001404004222,0.41493413874610124,-0.42578547176843984,0.41761743883196545,0.17449860100299322,-0.19882214036707024,-0.2417587751076402,-0.07640484696644545,0.26765610891325353,-0.3027859119705669,-0.6933757773610575,-0.21370034784597466,0.103099158895708,-0.0060723598900326884,-0.5906005519626065,0,15,train
1.674991656242343,2.113008245364261,1.9638992740120345,1.6781535614172816,1.5659442196234885,-0.6446829981765975,1.4894447570536429,1.0783751781097426,1.3304623269567937,1.3834218462453927,-1.2589588120612814,0.8343687306390981,2.1186279577836387,0.8689298064786318,2.2152608730912955,0.9208811824052675,2.350671616726733,1.371765317673833,2.414434791982927,2.340405603366639,-0.9659534685607966,1.250665564581912,-1.0448783910955959,1.305006344990769,2.4723759977014774,1.127213141118878,1.5829044191985917,1.6695813039813119,1.5156296780254335,-0.9428774936428569,0.7969434086197156,2.25834533717201,-0.9621469462947075,2.065249372951239,-0.8688504817178102,1.7426524618823571,1.1204938421981714,1.5774874236771699,2.1574615507431494,-1.1936671089860438,1.4145958793850144,1.4833234737022254,1.5769940580838742,1.3065141446513937,0.7941120313715279,0.9191668998521018,1.6532246776821875,1.607181589616617,0.7179096138637171,1.7173169044315728,-0.6833041050620948,2.366374138366726,1.7465590237359983,2.3387648800342125,-0.8663517727212925,0,15,train
-2.1296155135171184,-1.7005368839915198,-1.634321592482557,-2.4847988203953233,-2.3073938478172944,-0.9344038514327904,-2.1107593312335506,-2.0207357319916457,-0.9018293901335571,-2.375011706913753,1.4421649924136049,2.668847543716055,1.9381564689854052,2.122967353275984,2.3580349446980646,0.366294637917626,2.3880108048624646,0.7241998618621104,2.461824166733568,2.219467833500082,1.8641713794917407,1.8130914805963783,1.6429634861288405,1.601486184801106,1.5976680553153864,2.2205427494696153,2.259252943286221,2.6063190957739693,2.5414097746198836,1.6367769786064539,2.5894147744796663,2.1862685973801828,1.732410512947341,2.2022367747733287,0.522275678454817,3.018639364097903,1.888531480254665,2.7211767272459406,2.5607308304909586,1.5565624327462246,0.853405151144608,0.3670511433419052,0.5667944125278683,0.4278640867376649,1.8296597367971412,2.720137966520956,2.695616211331282,0.9717332270622857,0.48444483351903234,2.6052426089383456,1.522392128410743,2.5549831448565015,0.8666826474997413,2.622564625342504,1.6867801183032467,1,15,train
-1.0321533268125826,-2.416805186315753,-0.4032587349330877,0.5170744543457823,-0.8242485751580072,-1.2766647557976194,-0.840694361226403,-1.7591022481237897,-2.06955511922608,0.5414693859520168,0.5357476083616296,-0.17572701088228762,-1.4290615720132176,-1.2325072617373396,1.1311458886873527,-3.678037169502453,-0.870455679782371,0.0038742424760368852,0.8416999174460388,-1.1853955335122102,-0.5754931420923196,-2.87465113132236,0.9554962367618212,-2.837769988073314,-0.06680243872638775,2.8914995513749977,-2.8697233643783018,-3.6177334396693666,-2.213322782299304,0.7292970535593409,-0.7172742795074631,-2.0140655491090684,0.6431213272963002,-1.3929836077411102,2.1310971537689625,-1.2323004261560988,-0.5795445251853037,-2.5196113167544856,-2.29810389424827,2.471279661543366,1.004494962593948,-0.05791044087033466,0.06561009225202039,-2.7844600316991164,-3.1658395461048854,-2.340233478681612,-1.2449853089375489,-2.3063361856718667,2.1687264631485443,-1.153355518876731,1.7389330828384415,-2.1674962099451895,3.589691582435389,0.8267170566703639,-0.7203658323196352,1,15,train
-1.8418269948900974,-1.7717951370529357,-1.6530806455499774,-1.978036168454742,-1.8037261819705641,-0.8338271821676871,-1.7995681134827954,-1.6978467895991727,-1.4293266229476658,-1.9025681633635512,1.275988472004076,1.9056137659297159,1.8479207245862883,1.8926339263132053,2.0482878062969383,0.9850170412915934,1.880197846216516,1.5197109836083464,2.278190339574835,2.1016310320916425,1.3454576611175597,1.4364209129903596,1.2527095212626003,1.4055977192121332,1.5701181988622812,1.9367610201391423,1.7097197674650222,1.723236929286858,1.8337996831725956,1.2464971507015767,1.7201416572214712,1.8308557080618617,1.2000511365013435,1.917079326082448,0.965630771486933,1.937692817101308,1.7310406162711707,1.642520737017355,2.123855777430832,1.389421410872993,1.6390721706811768,1.6060236494254776,1.31073988793733,1.4115422856848132,1.4501733105852703,1.7996883431826152,1.7827704463148784,1.663457459363126,1.3203321274316986,2.030533415082829,1.195062778694454,2.0447716016598005,1.6302661361037747,2.0689224992492794,1.203404448973315,1,15,train
-1.1266510493468285,-1.1636428048908507,-1.2169326617324512,-1.159233506488695,-1.1986563975573463,-0.7107333481417399,-1.4706668264291516,-1.550418397895857,-1.3410559166501435,-1.5462559936469187,0.9134215183832859,0.7732194368698663,0.537127805946486,1.0622961402251623,0.6181271907104867,0.6039745855551867,0.6728974298278644,0.6902451188607466,1.0194100727609414,1.0721095039968507,0.6471891940753929,0.48442475239706606,0.6789586590089224,0.4764510783779523,0.6081690443746903,1.0018212142054133,0.5740178707678778,0.40643845824658315,0.5916639830780754,0.897466410298841,0.7430182772761551,0.5210473677069296,0.6949922408987308,0.966554497112845,0.7187324262654553,0.4220177675082558,1.0018363419366343,0.3822199750454939,0.9224493815154837,0.7664412384364018,0.7001569138174202,1.1182156337452305,0.7919358064017843,0.9427581439990629,0.8498558001936106,0.7174245166546572,0.5385285289822889,0.6833193946114268,1.0847828401196504,0.6627255337067004,0.8526259205297213,0.5552440632277262,0.8403521823754643,0.6592286823900606,0.9049443041521491,1,15,train
-1.7892089448426196,-1.4449900454264415,-2.4057876498802244,-0.18803921171951374,-0.6693596248201853,-1.0620011184109064,-0.5889583761353449,-1.9906271167846303,-2.0950791788783754,0.4570102049821483,2.3032615072629814,1.8036982763143294,2.5959275531579147,-1.482746046585791,1.271500060775363,-4.494826195907722,0.2571878019167203,-0.19257819917471042,-0.1357059367859256,-0.04113817246709551,0.17692675708781114,-3.0991055106492342,1.5085713922676187,-2.9754213422709705,1.987957688401044,1.738773767117882,-2.3568257336118497,-2.1824454627460113,-2.663851509587685,0.3485362458472656,-0.6784481849400995,-1.111863599301022,0.5612198847661468,-2.388239016897518,1.847031315718445,-0.8375199481225596,3.1635602557922717,-2.1518367171755077,-1.4775629292058527,1.7844820080279045,2.4571155783854617,-0.5457184565505818,3.2958996565299463,-2.52317051010378,-2.8892646931030135,-1.3273185963777758,-2.1337295356036843,-0.9346118606007086,2.700275739826175,-0.9349660252116349,1.6835388851941466,-0.8714138063744232,1.9988926478436528,0.021842369156684516,-0.5094972517394636,1,15,train
-1.8429008326461682,-1.4978194399374913,-2.411649853963793,-0.1553838618331278,-0.718389220610575,-1.1250491797412696,-0.612993470189265,-1.9978947135587375,-2.090825168936326,0.5124365424936245,2.4392241148707776,1.9237320751946734,2.7217826703461565,-1.3917501248227175,1.3755557400819916,-4.5721664963294675,0.3692053663239148,-0.1052660028854894,0.0005385156221663868,0.033285070527708696,-0.10523070510473789,-3.1403844769622227,1.6843148996246011,-2.8033571495239,2.079790543244728,1.8311678185278035,-2.36246197131258,-2.157853301147636,-2.714758710411231,0.313633171806992,-0.572754927506721,-1.1864257439132573,0.5011588269107009,-2.4916784835795043,1.9266759432092442,-0.6636285470839769,3.193763983131572,-2.409727442490035,-1.6259884280019214,1.7692873696757925,2.5434526134993702,-0.46491590180600095,3.305688412785334,-2.641006961019324,-2.960016399684888,-1.3063037647947087,-2.0463614590839625,-0.9697842791922767,2.698191232858812,-0.8228977324098092,1.8320960516038467,-0.692477056627713,2.075689837789461,0.01021123205388568,-0.7365864923642638,1,15,train
-1.4477285384120497,-1.146442536910509,-1.3482460332043944,-0.8363083798344342,0.11845683481175752,-0.6296715550027014,0.005593950461626654,-0.2609390845471388,1.3325893319278184,-0.025990736189286816,0.8469509102194744,-0.3070847530532302,1.0476721492572785,-0.026811298376619823,0.9593330228554777,0.424771450431629,-0.6265063172955919,-0.211980909461204,-0.5296301144006264,-0.4752737566034534,0.5018353499155949,0.1851522466279006,0.8934691165181804,0.21438407711702948,0.6357189008277956,-0.08490881904461554,-0.23196412043654724,0.20970116545958115,-0.912643801257706,-0.03222456186480985,-0.1844939818330854,0.37937929294368267,-0.05304093421000414,-0.45364142381820866,-0.773276928728851,-0.9620637894069499,0.018057794313709675,-0.4318177057299253,-0.5113969464767267,0.8636869238899183,-2.4533032937180943,-0.3691499109976089,-1.7100702924753002,-0.1792498016750282,0.05229110781611961,-0.1210672635097218,-0.4526472356724859,-1.2511636279248222,-0.9205128624838032,-0.9119776574574142,0.15264469575181175,0.21429701303467014,-1.8365784385926982,-0.662068492487887,0.08093477388501692,1,15,train
-1.1330940758832544,-0.4191169194560558,-1.5041806618273272,-1.5063477812069455,-1.5106629162234624,0.9255139578129247,-1.7211378065700034,-1.3676902504325925,-1.2304516581568627,-1.791715488340599,-0.8480495979577193,0.6282729627502055,0.8007111645860114,1.2101645130901564,-0.020726282241836758,0.7888367670510671,1.2678351607905196,0.8891228992973056,0.16047765540557873,1.6333847949159992,-0.8776011319146448,0.9384933818399378,-0.8872261271430089,0.9688193837772618,-0.07368990283966406,0.03388353276814063,1.106642333486886,0.6724809337199154,0.8614721474428687,-1.3109462744311964,0.9544047921429122,1.0777780474782859,-1.0849991100899377,1.4893431530461265,-0.8953986908814099,0.689904520459586,1.2240494787900582,0.806057775779803,0.21672814195681767,-0.21817132678045462,0.708790617328811,1.2858061176599167,1.0288237077821654,1.1118278344431038,0.9399034267523595,0.9590950798599294,1.1320289108576402,0.9154573573157766,0.7554307392762558,0.9098504870645724,-1.0055976186289022,0.09339380374635241,0.028496174376923145,0.07301937240899939,-1.1972532376317155,1,15,train
-1.8085380244518972,-2.0641996927187463,-1.4924562536601895,-1.7712189525076312,-1.464976247418781,2.5902830057979918,-1.5718672224456574,-1.4756659739336124,-0.2009812521809411,-1.6373135481300582,-3.0566866237643655,1.6451630702459503,1.558216492568071,1.4831522783793758,2.4717702220797286,0.9378583215222361,1.389809842033909,-0.11254201924292448,2.260419324043345,1.7264138486595044,-3.1633615832118602,1.2171264044526091,-3.621588344550176,1.2414749507456968,1.7606713726629257,2.0027567711462293,1.5096333290890984,1.5220283343910603,1.5741729589725113,-3.103695077408885,1.21971643835323,1.448103365719054,-2.799469307054483,1.5815999746814116,-0.5210689416746535,1.4982645469092137,1.3017162062339733,1.227653048467899,2.0426418252593983,-4.405813656622517,-0.24307519480203219,-0.1746252421680625,-0.0675169928212517,-0.03323506901881085,1.1778864398004818,1.3772902283629656,1.5116281398743625,-0.010749665595518225,-0.2618086607970138,1.7805349157556796,-3.13827422793426,2.095550949560894,-0.10973876752553116,1.8874767604456177,-2.988014106558712,1,15,train
-0.8313456664273106,-1.437618502006295,-1.3212798944199775,-1.033449936555949,-0.14563439705920495,2.3621090695547724,-0.4384227870607925,-0.6762303287818306,-0.17758419749967014,-0.5076720026580678,-2.4161516723676364,0.29081945269037035,0.48488605918910255,0.03290477528039695,0.5358506070726875,0.5077707972256978,-0.3725998379726177,-0.44238809411331503,0.04496605445089204,0.12631412427121394,-1.4362159055483783,0.11807392636929456,-1.4299634292748662,0.1561469657257133,0.8653010379370057,0.4056595967747294,0.09493766620580697,0.3371332755602529,0.10804557525438935,-0.45106145034809286,-0.22979109216167623,0.608036536421204,-0.009360164860588962,0.10549082851685183,-0.30337362653313543,-0.19835155511587715,0.46464147711622156,-0.2613855742177163,0.026295426520352216,-2.8012598466394913,-0.26897630533620476,-0.2943327306785526,-0.16540455537512824,-0.18693478760430277,0.1316187788321604,0.2635041544604069,-0.0850987758308977,-0.2499221120181817,-0.3410199255568176,0.0793957019433514,-1.2699790164766738,0.6592208232156794,-0.2896636125414241,-0.33174419876840006,-0.41866155548954354,1,15,train
-2.0168625491296663,-2.007684526497623,-2.35185537231139,-2.279191061851412,-1.7959260190039112,2.965569085145392,-1.5655421976946258,-1.8068607412107793,-1.37615149867205,-1.7626826448822066,-5.621847820631456,2.272509528545107,3.104097271616099,1.4604032979386077,2.7137601739556088,0.8661770674728131,2.8684416922088762,1.7452674906888341,2.2278391289022794,2.538867584686117,-4.748003492091227,1.4905995562761567,-4.577839781639639,1.2361806678919407,2.9889358061972002,2.493325186965574,1.5575413495453057,2.2910922971038867,1.6683512804960712,-3.544743013008705,1.9013300985358346,3.205284573747398,-3.9706599352356773,2.4706202558941577,-3.3112857247689877,2.1115842181398907,2.8421063005382896,2.001325224411479,2.269480795117541,-5.050066322752064,1.7577855939628013,1.4593819760001272,2.019445840827396,1.47302217311901,1.302237924095897,2.3334650653925206,1.8761639074221672,2.0409747522459574,1.5558814147437465,1.674213714892409,-4.359464494183491,2.8354785904053985,1.8321330353898986,2.415530384912685,-3.7374086006205522,1,15,train
-1.529340207873444,-1.5703062835689319,-1.95791525789556,-1.8691850021667888,-0.37406774108261126,-0.7077310595069607,-0.6155234800896777,-0.21837173201308288,0.6008996218953451,-0.6224837017889827,1.2699456894437295,-0.3093495417113499,1.77430735415543,0.19499126092087107,1.5570482039889015,0.6152926782998324,-0.07886489130486321,-0.46906682075724365,0.49516511458197865,0.4085022539598466,1.11175148031161,0.31930888714511274,0.8986380432051504,0.31762259276527177,1.8042919787136757,-0.02771250150514035,0.0864833096547116,1.3588258074200246,0.130953815624985,0.48497553527742593,-0.022718587802403933,2.0296880936944888,0.1981234895491331,0.26204785917066875,-0.3962923586057346,-0.177202600935509,-0.1739516152004138,-0.2434453498480101,0.39875941406520377,1.0429836564448398,-1.4561105381524493,-0.6474698217844984,-1.2793650172382434,-0.40979937955326606,0.31171403194965835,-0.16099544351754938,-0.12727646794386685,-1.4481291720376037,-0.5515551292605065,0.22307300040723047,0.019195037790555584,1.7352593858817071,-1.202453070183027,-0.04561822603954872,0.5091601990632116,1,15,train
-0.6305380060420384,-0.9142389191758946,-0.5310547839548898,-0.8217948909960404,-0.6738168608011299,0.826438432865211,-0.805274222620626,-0.632624748137188,-1.1570699866565128,-0.8903776664277842,-0.3102419500868806,-0.2640537685489559,-0.23937452085644043,0.03290477528039695,-0.037665578873148364,0.09654676083690245,-0.16847894283061882,-0.09556464774224262,0.0035003515440814306,-0.14036916312683445,-0.26198485076726513,-0.2069979333454886,-0.4168537986287324,-0.10327289410833153,-0.19077679276536127,0.06248169153787823,0.007575981844488169,-0.13235344586327458,-0.14394506882216287,-0.20039391860430983,-0.24704713419161559,-0.3041070326684736,-0.26871473287274156,-0.07902281475371813,-0.7228353313180115,-0.2382995796787948,-0.11354416052181315,-0.23671776570937028,0.04869927539523051,-0.4764801787663583,0.12817405618777514,0.09770929419330246,-0.002911201535693187,0.14351960735450486,0.08016299222716096,-0.07483463402697409,-0.10618762188738227,0.08773310646087262,0.09881104455682971,-0.1246260618753569,-0.36604642764476875,0.0667950977029225,0.46733725978154,0.0032325497922063794,-0.19481644687366906,1,15,train
-0.4683885048753213,-0.7643508696329161,-0.4056036165665153,-0.6270722490809244,-0.2225217177304978,0.803921268104367,-0.3954126187537776,-0.3938322827022402,-0.8188761962635964,-0.4548850145519,-0.2256429942420296,-0.40673545401049693,-0.6335622463894245,-0.268519215559783,-0.20463864566750564,-0.14490588438220675,-0.497063798425056,-0.5394016455457828,-0.18605714745848134,-0.36053792365313025,-0.23348409701044198,-0.34373450925726245,-0.16357639096719895,-0.4076941581993025,-0.37673832382382155,-0.15750414515241098,-0.2601453089401985,-0.34250464497666305,-0.4010264329810697,-0.13376077725469662,-0.46490466481959997,-0.3985524158439716,-0.14313252099317295,-0.3613846021829237,-0.5980587482490928,-0.5484842409908612,-0.3141832064185938,-0.5417015799943758,-0.20334402444715025,-0.412662697687488,-0.22364936190140272,-0.4050621575507559,-0.14191154036219789,-0.32782619630767035,-0.14710006527825312,-0.27027256774949854,-0.3261141593335785,-0.2335083166754499,-0.23054105628656496,-0.46083094028083393,-0.34338516497210264,-0.13390422971568494,0.16453691085235436,-0.28754587777776447,-0.009900922364903164,1,15,train
-0.5940275223356252,-0.7410076488024522,-0.3868445634990948,-0.6972207784664941,-0.32949538127316613,0.6733217124914718,-0.6446185939444231,-0.5298401651891018,-0.8050506639519364,-0.664713292273917,-0.19240769016012382,-0.4339129179079333,-0.4269698842124991,-0.38226411776362446,-0.06912427261701279,-0.050588444843492224,-0.38255695480881274,-0.4496641104707501,0.009424023387911517,-0.17758078462423657,-0.12233115735883178,-0.48563095595815986,-0.19975887777598944,-0.3626927539423764,-0.3055678613199664,-0.05191094354107216,-0.2967808539949451,-0.2508429517463553,-0.31957491166339624,-0.2416430061064513,-0.4066655229685547,-0.32399027123173635,-0.10218179972809621,-0.15171000755727598,-0.5927491064163728,-0.42394039970647096,-0.3120257973229295,-0.4609705703306979,-0.012911309010684787,-0.13915920734947232,-0.16321343732166665,-0.24944242248711881,-0.20260182914560132,-0.17412647772217846,-0.19426786966616927,-0.3102007477573261,-0.46771069714140345,-0.1420600283373727,-0.34727344645890734,-0.38037165314106164,-0.2477042781319567,-0.06861649669999337,0.09871074804166184,-0.17821318901145544,-0.17859578682904045,1,15,train
-0.6090612509206188,-1.1955861597114854,-0.5732626533565859,-0.6645654285801083,-0.0665184583974398,0.8324430101347694,-0.2853571880858275,-0.3876029140387198,-0.888003857821897,-0.3559094118528354,-0.2558569070437621,-0.3184086963438287,-0.40084901083380736,-0.3168607989964156,0.05671050235844488,0.11918294632619393,-0.4995530776341048,-0.7504061199114003,-0.298606912491253,-0.503182472726505,-0.18218274024816036,-0.2069979333454886,-0.2772927780805405,-0.24092424830598796,-0.004815261706900989,-0.0013142011023056434,-0.43486867766283605,-0.23072209225677556,-0.31957491166339624,0.03758158621573732,-0.3225423180726003,-0.26931136518276383,0.08892156617559517,-0.2607407967626128,-0.5821298227509328,-0.55083412478868,-0.19121088796572827,-0.4318177057299253,-0.20334402444715025,-0.734789030752262,-0.12436177152040774,-0.46491590180600095,0.018624062226159654,-0.30733290049627143,-0.17497194968929447,-0.3732452425065275,-0.49482492778545506,-0.07406001906034092,-0.31183682801373197,-0.4033600208952823,-0.30058055770151104,-0.07103456088575973,0.44100679465726295,-0.5131899375720619,0.029028661742205444,1,15,train
-1.4649099425091854,-0.9228390531660655,-0.5580209227393067,-1.2438955247126586,-1.343516566938043,2.4251571308851356,-1.456751771976882,-1.469436605270092,-1.4984542845059663,-1.5172231501885265,-0.9809908142853423,1.2692081529980803,0.12631770644524357,1.2812550769675572,0.6689450806044216,0.8133593013311329,0.22482717219908632,1.044344581589254,0.7735776912419927,0.16352574576861606,-1.9663299254252888,0.8817348031595789,-2.654999054086773,0.9026408481053116,-0.06680243872638775,0.7290387767094546,0.8022854976474527,0.7708495801134164,1.0778277509429388,-2.6182250475759887,0.9932308867102758,0.07864530967433389,-2.261649834439809,0.3179610844041748,-2.9050981245659115,1.0494367415258448,0.2208542493061547,0.6872037893304994,0.7936272504849335,-1.7892969323888335,1.3325756960268011,1.4144916678086934,0.1419623910440441,1.1733077218773007,0.9356154445352762,0.8771372366859675,0.8337723737730728,0.9553194317195539,1.3099095925948823,1.2259405436851063,-2.851231567413822,0.6181137320576514,0.7701376087107256,0.645271317866702,-2.5046384372287798,1,15,train
-1.98786892971575,-0.6476347654805967,-1.1243098372120626,-1.9211916705043666,-1.7558108951754106,1.059115802060599,-1.85649333624208,-1.4476338149477708,-0.97202055417737,-1.9817486455228028,-0.8510709892378925,1.6225151836647533,0.952687155152945,1.568460955032257,0.3035402532718426,0.9378583215222361,1.038821473558033,0.7799826539357794,0.6314095669900707,1.2767734222325624,-1.2652113830074394,1.3564429157589446,-1.5049128662359323,1.3844205877971092,0.10538416410551993,0.3572627127028658,1.7153560051657524,1.6807595592533007,1.9610676852314601,-1.4632505975160266,1.3318807115478357,0.9559932112783017,-1.3443536781020904,1.2321423169719987,-0.8582311980523702,1.8648464193689287,0.7947250687528608,1.4586334372278664,0.6143964594859073,-0.42177948069875515,0.9872275555711665,0.8309176613200543,0.4395405812078288,0.8377300029656434,1.3065259063129804,1.3962035767877259,1.7556562156708269,0.8638711433814766,0.6095152515608278,2.217313903085872,-1.1516368669638617,0.45852149579707197,0.10529336432273109,0.5010452177919965,-1.343239178033373,1,15,train
-1.4520238894363338,-0.9707540853970177,-1.7304617394530868,-2.015529347953926,-2.025473672022554,1.1146581418040142,-1.9412486679059036,-1.5483419416746835,-1.6845672194706216,-2.029256934818354,-1.3828358545483845,1.2918560395792773,1.4371106250850458,1.6367078963545618,0.6955639753107684,0.9736989485469476,2.350671616726733,2.176977794563316,1.2178530795292493,2.380718193322158,-1.3535637196535912,1.6092765844259982,-1.1534258515219675,1.6041333262279838,0.757397433495677,0.8456312701553078,1.825262640329992,1.4460161985415367,1.4494503169548238,-1.520364718672838,1.6834725679078502,1.98246540210674,-1.5545673805961508,2.1463235495398227,-1.5299008898914441,1.6651062965543404,1.6792627979752273,1.9071390464705216,1.2164998979982613,-0.7378279584226843,1.5419430061780297,2.2524440873821243,1.7923466957024023,1.9443679767811852,1.3000939329873555,1.6588889715760653,1.9665446762356724,2.1863540824244394,1.5621349356458363,1.579386697906249,-1.36817782139156,1.0364388361952308,0.8842362909159259,1.2198494907449646,-1.4892251184350302,1,15,train
-1.5207495058248761,-1.5875065515492737,-1.5557680577627335,-1.591009799430909,-0.3618103421350139,2.593285294432771,-0.5636582771312184,-0.402138107586934,0.8008380891716604,-0.49711460503683425,-3.147328362169563,0.10510678272455505,1.4347360002324376,0.45091729087951443,1.5425288068763487,0.6605650492784154,0.03564195231138006,-0.5588043558322764,0.3678061699396318,0.36508869554621076,-2.7786014074947483,0.3760674658254717,-2.9961482154267975,0.40233111842536806,1.3152820266710579,0.25606922782533276,0.20202618251968163,1.166559816741818,-0.019222426804475414,-0.9809535744140644,0.23612204264668643,1.3213477198782542,-0.48438853153547895,0.12785611861025425,1.512523880257088,-0.10435620320312973,0.17986347648853282,-0.02143507327289579,0.1887233308632198,-3.439434657428195,-1.6978542364713936,-0.6863747555504076,-1.2578297534763905,-0.3816210978125925,0.44892946289632346,0.26560563761871364,-0.16644146776305246,-1.4528188278498129,-0.586991747705682,0.21445236249939773,-0.9174704860129782,1.4789445821904736,-1.4525924888636585,0.03579973368004312,-0.5808681559358294,1,15,train
-1.1631615330532417,-1.526077023048053,-1.542871208778882,-1.465226229498163,-1.3301448589952096,-0.7122344924591295,-1.385911494765328,-1.139280066103512,-1.043275220706695,-1.40505080046292,1.0191702131893496,0.6962166224937965,0.8790737847220865,0.9229586350254566,1.0125708122681714,0.6341561662075753,1.1807103884738128,0.6514396982877595,1.398525070766067,1.515547993507559,0.8067934151136025,0.744998227247805,0.5833335152999762,0.7967551910301913,1.2578864923937554,1.0568176733779855,0.8896471820087715,0.6903661421550974,0.7723845460016634,0.8022762083708221,0.773216350828549,1.0802634522986938,0.7523232506698381,1.3048295097755567,0.6151944105274162,0.7979991751592455,1.0234104328932774,0.7298118222085517,1.2305023035450602,1.1128789928645548,0.4929480295440393,0.8159542252562431,0.8663303539427305,0.6994002562387006,0.7490882180921534,0.7867734608787788,0.8397977583606397,0.7841469945739221,0.5261349728662975,0.9759420443579568,0.704068754120021,1.1355794678116513,0.8908189071969952,1.1919347616982474,0.8335733999557834,1,15,train
-1.4187349189981335,-1.4327041397261975,-2.3143372661765493,-0.4081604591018188,-0.8966786598483556,-1.19860525129336,-0.4978780197204897,-2.0134681352175385,-2.165270342922188,0.4292970362264102,2.481523592793203,1.099349003639103,1.6009597399150213,-1.6533633998915531,0.6786246786794567,-4.598575379400308,0.6753867090369131,0.32159362341736897,-0.3430344513199787,-0.3078214598651439,0.27667939523669216,-3.3029204068196143,1.4206996385891275,-2.9860099079784828,1.836433477908965,1.7167751834488532,-2.3060995943052776,-2.0907837695157037,-2.282047503411091,0.1549828352602939,-0.22116307114670655,-0.8086442112112654,0.7059124332360844,-2.335121452925687,2.1151682282708024,-0.7176758744338066,3.060004619200385,-1.8737632394450616,-1.5307720702836887,1.8543773444476195,1.8376473514431668,-0.7133089404652679,3.2724066415170157,-2.5154855241745055,-2.8313769331723893,-0.936442728932727,-2.2451991504736744,-0.47502559100421793,2.862867283280509,-1.3286418230026635,1.942884446892437,-0.5909183608255261,2.029611523821976,0.18002583375474868,-0.5224737797751665,1,15,train
-0.6144304397009738,-0.16234149032095324,-0.9566508004219919,-0.7189910117240847,-0.415297173906348,-0.5140834425637022,-0.7837691384671185,-0.42601735413042885,0.15848258792222164,-0.7768856419995235,0.312164653628809,-0.368234046822462,-0.030407533826906724,-0.4334493237553531,-0.3885510090931745,-0.05247479363426651,-0.28547506565591085,-0.6364151969782507,-0.21863734259954684,0.11391025043874659,0.2681291691096452,-0.44435198964517153,0.31713379092101757,-0.34945704680798634,-0.34459682462853214,-0.41928729081385513,-0.28550837859348455,-0.23519339436557107,-0.1312182686162764,0.49132154873929385,-0.4778466963420545,-0.08042059883176794,0.1926633933804562,0.10828648977852713,-0.2502772082059359,-0.4427394700890204,-0.126488615095799,-0.4004223130829394,-0.28735845772794383,0.2376678237829048,-0.778364812508266,-0.7641846230822262,-0.49626451680723094,-0.6172939996436801,-0.2821715051163766,-0.3017948151240992,-0.32008877474601144,-0.5125428375018907,-0.6766255473023021,-0.16485570544524303,0.2332180741435136,-0.23062679714633916,-0.5178609769518249,-0.2852196503572047,0.4896954070096573,1,15,train
-0.9623538726679693,-1.1304708595001915,-1.7586003190542174,-1.3346048299526194,-0.9256506937244949,-0.6882161833808959,-1.2442309403422198,-0.8298880891486667,-0.14461562044878834,-1.2651652819815753,1.0977263864738542,0.17758001978438542,0.7912126651755781,0.4054193299979778,0.4680934205474411,0.45683937987479195,0.7699793189807662,-0.522424274045101,0.794310542695398,1.3729034444341843,0.9150962793895304,0.293509533199495,0.725478999191653,0.27526832993522365,0.9869795706048872,0.4276581804437583,0.7769224279941667,0.4422088751169471,0.45421454085450147,0.7578541141377466,0.167097874526929,1.1498547872701133,0.5694100290191622,1.1259071890283372,0.00724042068098175,0.17762985253511251,0.6954842503523025,0.24766829227269732,0.7040118549854204,0.8272197918448496,-0.4265413944190881,-0.5397330821250573,-0.1379960378600428,-0.37393611188331793,0.36745780077174106,0.4505361555497045,0.586731605682825,-0.30619798176469076,-0.45983682269652326,0.5535307868741524,0.40695442130062065,0.6616388874014458,-0.261138941990124,0.3707764822406496,0.7751790237951204,1,15,train
-0.6949682714062968,-0.23605692452241808,-0.9894791432899778,-0.7165720969176858,-0.48884156759193254,-0.46154339145506623,-0.7647940642140236,-0.40836747625045444,0.17868913514695564,-0.7438937744331686,0.6112823903659609,-0.4090002426686166,-0.12776715278384856,-0.29695544111074335,-0.40549030572448613,-0.09774716461284949,-0.4099390261083492,-0.8280169610573745,-0.36969097461721406,-0.05044107784144604,0.15697622945803494,-0.43145231267236267,0.27061345073828696,-0.4474012796024726,-0.48234610689405827,-0.35989111490747705,-0.4405049153635663,-0.3313263897046743,-0.2432141104280774,0.4532454679680863,-0.4972597436257363,-0.20966164949297567,0.19539344146479465,-0.12934471746387358,-0.05382046039529769,-0.45448888907811386,-0.28829429727062217,-0.4676981544693377,-0.23414931665010788,0.22855104077163763,-0.7351962949513117,-0.8060822440608978,-0.5452082980841693,-0.6224173235965299,-0.20498782520887746,-0.38795562461467453,-0.4074568512657333,-0.6790256188353132,-0.7349917423884732,-0.2510620845235705,0.087178825808554,-0.35153000643465687,-0.5332204149409864,-0.44340311495526885,0.32100054254552,1,15,train
-1.605582688554483,-1.974512581106964,-2.3659246621119556,-0.16385006365552415,-0.7562757264486033,-1.2106144058324768,-0.7597340444131984,-1.6615088057286371,-1.7898539655363408,0.624608892219231,2.535908635836322,0.7936025347929435,2.147123456014939,-1.6135526841202086,1.8183973520148522,-3.095155393153197,0.44637302180442656,-0.44238809411331503,0.450737575753253,0.3960983801273792,-0.07102980059655012,-3.132644670778537,1.6688081195636908,-2.9410085037215565,2.936131914662082,2.0335547882828697,-2.4047337540680567,-2.4440166361105478,-2.760575191152422,0.6848749593262655,-0.9394458206429324,-1.1516300764275473,0.5311893558384239,-2.6538268367566715,1.7036709862350063,-0.8680684374942025,2.423568935979414,-2.3895446900741155,-2.0712649243901273,2.2160097372278846,1.6628148553375017,-0.5038208355719103,2.683123514942679,-2.7844600316991164,-3.270895110423426,-1.4555090690344854,-1.7270160759429105,-1.1057842977463403,1.4662476151471266,-0.831518370317642,1.5828221622045193,-0.8351428435879279,2.3587423378754386,0.3917125290256875,-0.6003329479893836,1,15,train
-1.0310794890565118,-0.7496077827926231,-0.5451240737554551,-1.4519221980629688,-1.6009219448375887,-0.6386784209070391,-1.802098123383208,-1.2347970522774911,-0.5051429630374634,-1.7956745124485616,0.5720043037237086,0.42217719486131294,-0.14676415160471526,1.107794101106699,0.16318608118383213,0.7077237690477727,0.18002014643620853,-0.04948321081182041,0.7084173009598618,0.2193431780147192,0.738391606097227,1.0984493763027676,0.6040092220478565,1.1250007279630643,-0.08057736695294036,0.2692683780267501,0.9572820344175345,0.3594897861042304,0.6069361433251392,0.9545805314556524,0.9306777343517456,0.01651018916413786,0.8287645970313147,0.2788218267407206,0.19838752665889997,0.5677105629730144,0.011585567026716748,0.8150278879646561,0.6480022327982248,0.3987309903152918,-0.014282051750174177,0.08873123255501571,-0.1301650328557327,0.20243783281227676,0.8262718979996525,0.7384393482377244,0.9392166040554957,0.13931932039517259,0.02168428676438919,0.6885874474301986,0.6814074914473549,0.3352002223229879,-0.12290400008766966,0.5103501274742356,0.9730710763395892,1,15,train
-1.5905489599694893,-1.7177371519718614,-1.308383045436126,-1.836529652280403,-1.671123411537465,-0.7122344924591295,-1.8185431877358902,-1.6262090499686883,-1.4261361154911287,-1.9316010068219436,1.0070846480686566,1.5409827919724441,1.0168020261733701,1.6992675925666747,1.699822275595671,0.9265402287775903,1.220538855818593,1.388742689174515,2.204144441526959,1.6333847949159992,1.066150274300693,1.3048442078677094,0.9710030168227314,1.2626520821607208,1.1522787093235185,1.7541727756862022,1.4899064971365426,1.390124922181593,1.553810078643093,1.1195768814642184,1.4354169637274719,1.1473693824497055,0.9980275782602984,1.4977301368311524,0.9550114878214931,1.5123638496961258,1.1291234785808286,1.3285668105474964,2.101451928555954,1.1858132569546924,1.4642396745755117,1.6898188913828207,1.0112039465224676,1.5216937506710824,1.3579816929179798,1.5643222294522632,1.4604123708800427,1.5931126221799896,1.3536842389095107,1.6828343528002419,0.9785218242667554,1.8053832472689315,1.6061298764065208,1.7967538910437868,1.1223011487501722,1,15,train
-1.2512162290510616,-1.3639030678048303,-1.057480710659377,-1.1604429638918945,-0.7841334513295065,-0.6416807095418183,-1.036770128508383,-0.9150227942167786,-0.5019524555809265,-1.0223451366932037,0.8106942148573953,0.39273494230575684,0.41839656331606906,0.33717238867567295,0.9060952334427841,0.3700673354991746,0.18002014643620853,-0.13194472952941805,0.7409974961009272,0.7403058789783487,0.5474365559265119,0.19289205281158592,0.720310072504683,0.1879126628482494,0.5048570826755457,0.6696426008030765,0.3880220266437797,0.3594897861042304,0.33458261891916863,0.5896847573982467,0.009636491003732362,0.37937929294368267,0.4056071439588552,0.605914194356731,0.2594484077351794,0.041336592261628766,0.5013174317425148,0.05256835225214231,0.5583868372987115,0.8424144301969616,0.007302207028302992,-0.10878612348729295,0.07344109725633051,-0.06141335075948437,0.32886596081799147,0.3622738629008225,0.29148776089204104,-0.04826691209319093,-0.11797768004894905,0.43571540213377147,0.44472319242173086,0.6858195292591094,0.20403260853876987,0.3405355257733726,0.5643104432149488,0,15,train
-1.3016866035863974,-1.8971113751954258,-1.131344482112345,0.3804057677842412,-0.7105890576439221,-1.173085797897737,-0.958339821595591,-1.7331465453591215,-2.1493178056395035,0.732822217836875,1.1460686469566261,0.34064480316900375,-0.3889758865707657,-1.1756348106354189,1.2037428742501166,-2.7424081692784052,-0.5692528954874703,-0.11981803560035957,0.8061578863830582,-0.41015341898299973,-0.324686509032276,-3.0320271903906284,1.244956131232145,-3.2057226464093573,0.7505099693824007,2.0027567711462293,-3.021901782298018,-3.367340521576818,-2.768211271275954,0.7991032016398881,-0.948073841657902,-2.3222557468396405,0.5038888749950393,-2.2260906637203504,2.051452526278163,-1.013761232958961,0.5250489317948221,-2.61155496664923,-2.090868292155646,2.0822969197292993,1.5872699496128317,0.33113889678875813,1.3264018979459502,-3.1687093281628465,-3.4831502301690485,-2.1468970281173942,-1.0401222329602704,-2.010887869502694,2.2687827975819808,-0.6820939799152077,1.5324638007097056,-1.6548666025627223,2.8261080938313556,0.2986634322032968,-0.7073893042839323,0,15,train
