{
  "REPS": 5,
  "M": 50,
  "ORDER": 2,
  "DELTA_T": 6e-10,
  "A0": 94247779607.69379,
  "B0": 69115038378.97545,
  "TAU": 3e-08,
  "RANDOM_STATE": 42
}