{
  "auc": 0.557312252964427,
  "f1": 0.728366270676301,
  "bal_acc": 0.5439723320158102,
  "prec_0": 0.42333333333333334,
  "rec_0": 0.3227272727272727,
  "prec_1": 0.6977693111486215,
  "rec_1": 0.7652173913043478
}