{
  "(8, 9)": 0.8668294436295296,
  "(4, 10)": 0.5353089955014794,
  "(4, 5)": 0.44812474368585953,
  "(0, 4)": 0.41732257947271156,
  "(3, 11)": 0.4075958356462621,
  "(0, 5)": 0.3334616046820382,
  "(0, 10)": 0.32640542215794666,
  "(5, 10)": 0.30550329976003465,
  "(0, 12)": 0.28517445742530967,
  "(0, 6)": 0.1817885342191663,
  "(0, 7)": 0.17539069926595596,
  "(2, 9)": 0.16851072066361938,
  "(4, 5, 10)": 0.42964567964912453,
  "(0, 4, 10)": 0.42634566571071253,
  "(0, 4, 5)": 0.3996363092802031,
  "(2, 8, 9)": 0.39736741239408696,
  "(6, 8, 9)": 0.3454432325148737,
  "(8, 9, 11)": 0.3245854311553784,
  "(0, 5, 10)": 0.3217901088666732,
  "(8, 9, 12)": 0.30845448714795176,
  "(8, 9, 10)": 0.3073395792962322,
  "(7, 8, 9)": 0.3068535119097739,
  "(5, 8, 9)": 0.29634183371089434,
  "(4, 8, 9)": 0.29434499751971765
}