{
  "(8, 9)": 1.0125826559289344,
  "(4, 5)": 0.5163024545183077,
  "(0, 4)": 0.5121715754473619,
  "(4, 10)": 0.4913500308475216,
  "(0, 10)": 0.4184701891501845,
  "(3, 11)": 0.4121092667755799,
  "(5, 10)": 0.3986932891582353,
  "(0, 5)": 0.3852384680813514,
  "(3, 10)": 0.2648668471197446,
  "(0, 12)": 0.2506579560846036,
  "(0, 6)": 0.23234902011337977,
  "(2, 9)": 0.21477871583711616,
  "(2, 8, 9)": 0.47791837406742427,
  "(0, 4, 10)": 0.473997265148356,
  "(0, 4, 5)": 0.471237499349007,
  "(4, 5, 10)": 0.4687819248413549,
  "(6, 8, 9)": 0.41324810508592225,
  "(0, 5, 10)": 0.40080064879659044,
  "(8, 9, 11)": 0.3840816431457191,
  "(5, 8, 9)": 0.3827104483414127,
  "(8, 9, 10)": 0.37278114970583487,
  "(4, 8, 9)": 0.36741162592729865,
  "(8, 9, 12)": 0.35933902760064956,
  "(1, 8, 9)": 0.35384716012954676
}