{
  "(8, 9)": 0.8390441632736167,
  "(3, 11)": 0.4666567989361461,
  "(4, 10)": 0.4432125097337085,
  "(5, 10)": 0.391221453343332,
  "(4, 5)": 0.37744148220912477,
  "(0, 10)": 0.3536091926825564,
  "(0, 4)": 0.3084093589761039,
  "(0, 12)": 0.2876338153587057,
  "(0, 6)": 0.2661939892594791,
  "(0, 5)": 0.2514322682258596,
  "(1, 12)": 0.2245507503650368,
  "(2, 8)": 0.21513508585405972,
  "(2, 8, 9)": 0.415284061730639,
  "(4, 5, 10)": 0.4039584817620551,
  "(0, 4, 10)": 0.3684103537974563,
  "(0, 5, 10)": 0.332087638083916,
  "(8, 9, 10)": 0.3307997883862992,
  "(6, 8, 9)": 0.32232691324910406,
  "(8, 9, 12)": 0.3216591198760881,
  "(1, 8, 9)": 0.3211646659610153,
  "(0, 4, 5)": 0.31242770313702944,
  "(7, 8, 9)": 0.297978115815307,
  "(4, 8, 9)": 0.2973154724114915,
  "(5, 8, 9)": 0.29239254455128866
}