{
  "REPS": 64,
  "M": 32,
  "ORDER": 2,
  "DELTA_T": 9.375e-10,
  "A0": 94247779607.69379,
  "B0": 69115038378.97545,
  "TAU": 3e-08,
  "RANDOM_STATE": 42
}