{
  "auc": 0.6168642951251646,
  "f1": 0.7648631150573437,
  "bal_acc": 0.5590579710144927,
  "prec_0": 0.4444444444444445,
  "rec_0": 0.2833333333333333,
  "prec_1": 0.7074285714285715,
  "rec_1": 0.8347826086956521
}