{
  "auc": 0.5716073781291172,
  "f1": 0.7026163798852875,
  "bal_acc": 0.49532279314888006,
  "prec_0": 0.3071428571428571,
  "rec_0": 0.2515151515151515,
  "prec_1": 0.6715644355644357,
  "rec_1": 0.7391304347826088
}